{"type":"FeatureCollection","features":[{"type":"Feature","properties":{"Tipo de Ambiente":"Aceleradora","Sigla/Nome Fantasia":"STARS ACELERADORA - Escritório Lajeado","Nome Completo":"STARS INVESTIMENTOS EM NOVOS NEGOCIOS LTDA","Site":"https://starsaceleradora.com.br/home","Telefone":"(55) 99961-1607","E-mail":"contato@starsaceleradora.com.br","Endereço":"Rua Alberto Torres, 613, Prédio Lenz - Sala 501","CEP":"95.900-188","Município":"Lajeado","ERI":"Vales","Áreas de Atuação":"Startups, Empresas e Investidores","Revisão":"5/1/2025"},"geometry":{"type":"Point","coordinates":[-51.972879,-29.463319]}},{"type":"Feature","properties":{"Tipo de Ambiente":"Aceleradora","Sigla/Nome Fantasia":"STARS ACELERADORA - Escritório Santa Maria","Nome Completo":"STARS INVESTIMENTOS EM NOVOS NEGOCIOS LTDA","Site":"https://starsaceleradora.com.br/home","Telefone":"(55) 99961-1607","E-mail":"contato@starsaceleradora.com.br","Endereço":"Av. Rio Branco, 639, Prédio 8 - Sala 400 - UFN","CEP":"97.010-241","Município":"Santa Maria","ERI":"Central","Áreas de Atuação":"Startups, Empresas e Investidores","Revisão":"5/1/2025"},"geometry":{"type":"Point","coordinates":[-53.808704,-29.683828]}},{"type":"Feature","properties":{"Tipo de Ambiente":"Aceleradora","Sigla/Nome Fantasia":"VENTIUR ACELERADORA","Nome Completo":"VENTIUR INVESTIMENTOS EM NOVOS NEGOCIOS S.A.","Site":"https://ventiur.net/","Telefone":"(51) 99150-2429","E-mail":"contato@ventiur.net","Endereço":"Av. Unisinos, 950/ Unitec I - Sala 101 - Tecnosinos","CEP":"93.022-000","Município":"São Leopoldo","ERI":"Metropolitana e Litoral Norte","Áreas de Atuação":"Startups, empreendedores","Revisão":"5/1/2025"},"geometry":{"type":"Point","coordinates":[-51.148529,-29.796005]}},{"type":"Feature","properties":{"Tipo de Ambiente":"Aceleradora","Sigla/Nome Fantasia":"WOW ACELERADORA","Nome Completo":"WOW ACELERADORA DE STARTUPS","Site":"https://www.wow.ac/","Telefone":"Não informado","E-mail":"contato@wow.ac","Endereço":"Tv. São José, 455 - Navegantes","CEP":"90.240-200","Município":"Porto Alegre","ERI":"Metropolitana e Litoral Norte","Áreas de Atuação":"Serviços, Marketing e Comunicação, Energia, Insurtech, Turismo, Proptech, Homecare, Lawtech, Telecom, T.I., Health, Indústria, Retail, Pet, Smart Cities, Automotivo, Fotografia, Meio Ambiente, Gestão, RH Tech, Transporte e Logística, Adtech, EduTech, FinTech, ImobTech, AgroTech","Revisão":"5/1/2025"},"geometry":{"type":"Point","coordinates":[-51.201366,-29.997164]}},{"type":"Feature","properties":{"Tipo de Ambiente":"Centro de Inovação","Sigla/Nome Fantasia":"Apeme Associação de Empresas","Nome Completo":"Apeme Colab Centro de Inovação","Site":"","Telefone":"","E-mail":"","Endereço":"","CEP":"","Município":"","ERI":"","Áreas de Atuação":"","Revisão":""},"geometry":{"type":"Point","coordinates":[-51.533831,-29.25553]}},{"type":"Feature","properties":{"Tipo de Ambiente":"Centro de Inovação","Sigla/Nome Fantasia":"Atrion","Nome Completo":"Atrion - Hospital Moinhos de Vento","Site":"","Telefone":"","E-mail":"","Endereço":"","CEP":"","Município":"","ERI":"","Áreas de Atuação":"","Revisão":""},"geometry":{"type":"Point","coordinates":[-51.210073,-30.024017]}},{"type":"Feature","properties":{"Tipo de Ambiente":"Centro de Inovação","Sigla/Nome Fantasia":"CIDICA","Nome Completo":"Centro Integrado de Desenvolvimento e Inovação de Canela","Site":"","Telefone":"","E-mail":"","Endereço":"","CEP":"","Município":"","ERI":"","Áreas de Atuação":"","Revisão":""},"geometry":{"type":"Point","coordinates":[-50.810051,-29.355612]}},{"type":"Feature","properties":{"Tipo de Ambiente":"Centro de Inovação","Sigla/Nome Fantasia":"Exo Hub","Nome Completo":"Exo Hub One Centro De Pesquisa E Inovacao Ltda","Site":"https://comunidade.exohub.com.br/ ","Telefone":"(51) 3225-6222","E-mail":"comunidade.lia@exohub.com.br","Endereço":"Rua Candido Silveira, 198 ","CEP":"90.540-010","Município":"Porto Alegre","ERI":"Metropolitana e Litoral Norte","Áreas de Atuação":"","Revisão":"5/1/2025"},"geometry":{"type":"Point","coordinates":[-51.192209,-30.021117]}},{"type":"Feature","properties":{"Tipo de Ambiente":"Centro de Inovação","Sigla/Nome Fantasia":"Exohub Mind7","Nome Completo":"Mind7 Centro de Pesquisa e Inovação Ltda","Site":"https://www.mind7coworking.com.br/","Telefone":"(55) 3312-4225","E-mail":"contato@mind7coworking.com.br","Endereço":"Av. Brasil, 1128, Sobreloja, Centro","CEP":"98.801-590","Município":"Santo Ângelo","ERI":"Noroeste e Missões","Áreas de Atuação":"","Revisão":"5/1/2025"},"geometry":{"type":"Point","coordinates":[-54.259401,-28.299544]}},{"type":"Feature","properties":{"Tipo de Ambiente":"Centro de Inovação","Sigla/Nome Fantasia":"Fly.Hub","Nome Completo":"Fly.Hub Sapiranga","Site":"","Telefone":"","E-mail":"","Endereço":"","CEP":"","Município":"","ERI":"","Áreas de Atuação":"","Revisão":""},"geometry":{"type":"Point","coordinates":[-50.998979,-29.6306214]}},{"type":"Feature","properties":{"Tipo de Ambiente":"Centro de Inovação","Sigla/Nome Fantasia":"Instituto Agregar","Nome Completo":"Instituto Agregar","Site":"https://institutoagregar.org.br/","Telefone":"(51) 3061-5150","E-mail":"Não informado","Endereço":"Rua Konrad Adenauer, 555, Prédio da ACI","CEP":"98.280-000","Município":"Panambi","ERI":"Noroeste e Missões","Áreas de Atuação":"","Revisão":"5/1/2025"},"geometry":{"type":"Point","coordinates":[-53.507255,-28.295406]}},{"type":"Feature","properties":{"Tipo de Ambiente":"Centro de Inovação","Sigla/Nome Fantasia":"Instituto Caldeira","Nome Completo":"Instituto Caldeira","Site":"https://institutocaldeira.org.br/","Telefone":"(51) 3378-5656","E-mail":"Não informado","Endereço":"Travessa São José, 455","CEP":"90.240-200","Município":"Porto Alegre","ERI":"Metropolitana e Litoral Norte","Áreas de Atuação":"","Revisão":"5/1/2025"},"geometry":{"type":"Point","coordinates":[-51.201147,-29.996652]}},{"type":"Feature","properties":{"Tipo de Ambiente":"Centro de Inovação","Sigla/Nome Fantasia":"Rampa Hub","Nome Completo":"Rampa Innovation Hub","Site":"","Telefone":"","E-mail":"","Endereço":"","CEP":"","Município":"","ERI":"","Áreas de Atuação":"","Revisão":""},"geometry":{"type":"Point","coordinates":[-52.352943,-31.734422]}},{"type":"Feature","properties":{"Tipo de Ambiente":"Centro de Inovação","Sigla/Nome Fantasia":"Usina","Nome Completo":"Usina Lounge Hub","Site":"","Telefone":"","E-mail":"","Endereço":"","CEP":"","Município":"","ERI":"","Áreas de Atuação":"","Revisão":""},"geometry":{"type":"Point","coordinates":[-53.717618,-29.701083]}},{"type":"Feature","properties":{"Tipo de Ambiente":"Centro de Inovação","Sigla/Nome Fantasia":"Verso","Nome Completo":"Verso Habitat Criativo","Site":"","Telefone":"","E-mail":"","Endereço":"","CEP":"","Município":"","ERI":"","Áreas de Atuação":"","Revisão":""},"geometry":{"type":"Point","coordinates":[-50.886329,-29.37054]}},{"type":"Feature","properties":{"Tipo de Ambiente":"Incubadora","Sigla/Nome Fantasia":"CEI","Nome Completo":"Centro de Empreendimentos em Informática","Site":"http://www.inf.ufrgs.br/cei/ ","Telefone":"51 3308-6160","E-mail":"cei@inf.ufrgs.br ","Endereço":"Av. Bento Gonçalves 9500 Prédio 42424, Sala 109 Agronomia ","CEP":"91501-970","Município":"Porto Alegre","ERI":"Metropolitana e Litoral Norte","Áreas de Atuação":"","Revisão":"5/1/2025"},"geometry":{"type":"Point","coordinates":[-51.120594,-30.068612]}},{"type":"Feature","properties":{"Tipo de Ambiente":"Incubadora","Sigla/Nome Fantasia":"CIEMSUL","Nome Completo":"Centro de Incubação de Empresas da Região Sul","Site":"http://edr.ucpel.edu.br/ciemsul/incubacao/","Telefone":"53 2128-8000","E-mail":"edr@ucpel.edu.br ","Endereço":"Rua Gonçalves Chaves 373 Sala 328C, 3º Andar, Campus I ","CEP":"96015–560","Município":"Pelotas","ERI":"Sul","Áreas de Atuação":"","Revisão":"5/1/2025"},"geometry":{"type":"Point","coordinates":[-52.343479,-31.774458]}},{"type":"Feature","properties":{"Tipo de Ambiente":"Incubadora","Sigla/Nome Fantasia":"Conecta","Nome Completo":"Incubadora Tecnológica do UPF Parque","Site":"https://www.upf.br/upfparque/incubadora/apresentacao ","Telefone":"54 3316-8158\n3316-8283","E-mail":"upfparque@upf.br ","Endereço":"BR 285  Campus I São José","CEP":"99052-900","Município":"Passo Fundo","ERI":"Produção e Norte","Áreas de Atuação":"","Revisão":"5/1/2025"},"geometry":{"type":"Point","coordinates":[-52.393036,-28.227608]}},{"type":"Feature","properties":{"Tipo de Ambiente":"Incubadora","Sigla/Nome Fantasia":"CONECTA","Nome Completo":"Incubadora Tecnológica CONECTA","Site":"https://home.unicruz.edu.br/agencia-start/#incubadora-tecnologica","Telefone":"55 3321-1658","E-mail":"agstart@unicruz.edu.br","Endereço":"Rodovia Municipal Jacob Della Méa Km 5,6  Parada Benito","CEP":"98020-290","Município":"Cruz Alta","ERI":"Central","Áreas de Atuação":"","Revisão":"5/1/2025"},"geometry":{"type":"Point","coordinates":[-53.622266,-28.569841]}},{"type":"Feature","properties":{"Tipo de Ambiente":"Incubadora","Sigla/Nome Fantasia":"Conectar","Nome Completo":"Incubadora de Base Tecnológica Conectar - UFPel","Site":"http://wp.ufpel.edu.br/conectar/ ","Telefone":"53 32844316","E-mail":"inctec.ufpel@gmail.com","Endereço":"Av. Domingos de Almeida 1785  ","CEP":"96085-470","Município":"Pelotas","ERI":"Sul","Áreas de Atuação":"","Revisão":"5/1/2025"},"geometry":{"type":"Point","coordinates":[-52.317572,-31.754183]}},{"type":"Feature","properties":{"Tipo de Ambiente":"Incubadora","Sigla/Nome Fantasia":"Criatec - Ijuí","Nome Completo":"Incubadora de Empresas de Inovação Tecnológica","Site":"http://criatecunijui.com.br/","Telefone":"55 33320212","E-mail":"criatec@unijui.edu.br ","Endereço":"Rua do Bosque 495  Bairro Universitário","CEP":"98700-000","Município":"Ijuí","ERI":"Noroeste e Missões","Áreas de Atuação":"","Revisão":"5/1/2025"},"geometry":{"type":"Point","coordinates":[-53.949872,-28.389936]}},{"type":"Feature","properties":{"Tipo de Ambiente":"Incubadora","Sigla/Nome Fantasia":"Criatec - Santa Rosa","Nome Completo":"Incubadora de Empresas de Inovação Tecnológica","Site":"http://criatecunijui.com.br/ ","Telefone":"55 3511-5200","E-mail":"criatecsr@unijui.edu.br  ","Endereço":"RS 344, km 39 1100 Campus Unijuí Timbaúva","CEP":"98781-720","Município":"Santa Rosa","ERI":"Noroeste e Missões","Áreas de Atuação":"","Revisão":"5/1/2025"},"geometry":{"type":"Point","coordinates":[-54.493952,-27.852364]}},{"type":"Feature","properties":{"Tipo de Ambiente":"Incubadora","Sigla/Nome Fantasia":"HESTIA","Nome Completo":"Incubadora Hestia","Site":"https://www.ufrgs.br/hestia/","Telefone":"51 3308-4762\n3308-1972","E-mail":"hestia@ufrgs.br ","Endereço":"Praça Argentina 9 Prédio Centenário - 11101 Centro","CEP":"90040-020","Município":"Porto Alegre","ERI":"Metropolitana e Litoral Norte","Áreas de Atuação":"","Revisão":"5/1/2025"},"geometry":{"type":"Point","coordinates":[-51.222603,-30.032425]}},{"type":"Feature","properties":{"Tipo de Ambiente":"Incubadora","Sigla/Nome Fantasia":"Horizonte","Nome Completo":"Horizonte Ambiente Empreendedor","Site":"http://www.ambienteempreendedor.com.br/","Telefone":"55 35377774","E-mail":"hae@fahor.com.br \nnaemp@fahor.com.br ","Endereço":"Av. do Ipês 565  Eldorado","CEP":98920000,"Município":"Horizontina","ERI":"Noroeste e Missões","Áreas de Atuação":"","Revisão":"5/1/2025"},"geometry":{"type":"Point","coordinates":[-54.319238,-27.650772]}},{"type":"Feature","properties":{"Tipo de Ambiente":"Incubadora","Sigla/Nome Fantasia":"IATI-FEMA","Nome Completo":"Incubadora Acadêmica de Tecnologia e Inovação - IATI","Site":"https://www.iatifema.com.br/","Telefone":"55 3511-9100","E-mail":"contato@iatifema.com.br","Endereço":"Rua Santa Rosa 902  Centro","CEP":"98900-000","Município":"Santa Rosa","ERI":"Noroeste e Missões","Áreas de Atuação":"","Revisão":"5/1/2025"},"geometry":{"type":"Point","coordinates":[-54.477775,-27.871628]}},{"type":"Feature","properties":{"Tipo de Ambiente":"Incubadora","Sigla/Nome Fantasia":"IECBiot","Nome Completo":"Incubadora Empresarial do Centro de Biotecnologia da UFRGS","Site":"http://ie.cbiot.ufrgs.br/ ","Telefone":"51 33086088","E-mail":"incubadora@cbiot.ufrgs.br ","Endereço":"Av. Bento Gonçalves 9500 Prédio 43421, Campus do Vale Agronomia","CEP":"91501-970","Município":"Porto Alegre","ERI":"Metropolitana e Litoral Norte","Áreas de Atuação":"","Revisão":"5/1/2025"},"geometry":{"type":"Point","coordinates":[-51.119405,-30.069125]}},{"type":"Feature","properties":{"Tipo de Ambiente":"Incubadora","Sigla/Nome Fantasia":"IEITEC","Nome Completo":"Instituto Empresarial de Incubação e Inovação Tecnológica","Site":"http://www.ieitec.com.br/ ","Telefone":"51 21180900","E-mail":"ieitec@ieitec.com.br ","Endereço":"Av Antonio Frederico Ozanan 2019  Brigadeira ","CEP":"92420-360","Município":"Canoas","ERI":"Metropolitana e Litoral Norte","Áreas de Atuação":"","Revisão":"5/1/2025"},"geometry":{"type":"Point","coordinates":[-51.158099,-29.878631]}},{"type":"Feature","properties":{"Tipo de Ambiente":"Incubadora","Sigla/Nome Fantasia":"IFFar - Campus Alegrete","Nome Completo":"IFFar - Incubadora Campus Alegrete","Site":"http://incubadora.iffarroupilha.edu.br","Telefone":"55 99998-9174","E-mail":"pesquisa.al@iffarroupilha.edu.br","Endereço":"RS-377 - Km 27 S/N Passo Novo ","CEP":"97555-000","Município":"Alegrete","ERI":"Campanha e Fronteira Oeste","Áreas de Atuação":"","Revisão":"5/1/2025"},"geometry":{"type":"Point","coordinates":[-55.529722,-29.708293]}},{"type":"Feature","properties":{"Tipo de Ambiente":"Incubadora","Sigla/Nome Fantasia":"IFFar - Campus Frederico Westphalen","Nome Completo":"IFFar - Incubadora Campus Frederico Westphalen","Site":"http://incubadora.iffarroupilha.edu.br","Telefone":"55 3744-8991","E-mail":"pesquisa.fw@iffar.edu.br ","Endereço":"BR 386 - KM 40 S/N Linha 7 de setembro ","CEP":"98400-000","Município":"Frederico Westphalen","ERI":"Produção e Norte","Áreas de Atuação":"","Revisão":"5/1/2025"},"geometry":{"type":"Point","coordinates":[-53.430259,-27.390313]}},{"type":"Feature","properties":{"Tipo de Ambiente":"Incubadora","Sigla/Nome Fantasia":"IFFar - Campus Jaguari","Nome Completo":"IFFar - Incubadora Campus Jaguari","Site":"http://incubadora.iffarroupilha.edu.br","Telefone":"55 3255-0204","E-mail":"dpep.ja@iffarroupilha.edu.br","Endereço":"BR 287, km 360 S/N Estrada do Chapadão ","CEP":"97760-000","Município":"Jaguari","ERI":"Central","Áreas de Atuação":"","Revisão":"5/1/2025"},"geometry":{"type":"Point","coordinates":[-54.727685,-29.459806]}},{"type":"Feature","properties":{"Tipo de Ambiente":"Incubadora","Sigla/Nome Fantasia":"IFFar - Campus Júlio de Castilhos","Nome Completo":"IFFar - Incubadora Campus Júlio de Castilhos","Site":"http://incubadora.iffarroupilha.edu.br","Telefone":"55 3271-9500","E-mail":"-","Endereço":"RS 527  Estrada de acesso secundário para Tupanciretã  ","CEP":"98130-000","Município":"Júlio de Castilhos","ERI":"Central","Áreas de Atuação":"","Revisão":"5/1/2025"},"geometry":{"type":"Point","coordinates":[-53.712395,-29.184442]}},{"type":"Feature","properties":{"Tipo de Ambiente":"Incubadora","Sigla/Nome Fantasia":"IFFar - Campus Panambi","Nome Completo":"IFFar - Incubadora Campus Panambi","Site":"http://incubadora.iffarroupilha.edu.br ","Telefone":"55 3376-8800","E-mail":"dppe.pb@iffar.edu.br","Endereço":"Rua Erechim 860  Planalto","CEP":"98280-000","Município":"Panambi","ERI":"Noroeste e Missões","Áreas de Atuação":"","Revisão":"5/1/2025"},"geometry":{"type":"Point","coordinates":[-53.515372,-28.280585]}},{"type":"Feature","properties":{"Tipo de Ambiente":"Incubadora","Sigla/Nome Fantasia":"IFFar - Campus Santa Rosa","Nome Completo":"IFFar - Incubadora Campus Santa Rosa","Site":"http://incubadora.iffarroupilha.edu.br ","Telefone":"55 2013-0200","E-mail":"nit.sr@iffarroupilha.edu.br ","Endereço":"Av. Cel. Bráulio de Oliveira 1400  Central","CEP":"98787-740","Município":"Santa Rosa","ERI":"Noroeste e Missões","Áreas de Atuação":"","Revisão":"5/1/2025"},"geometry":{"type":"Point","coordinates":[-54.454567,-27.848716]}},{"type":"Feature","properties":{"Tipo de Ambiente":"Incubadora","Sigla/Nome Fantasia":"IFFar - Campus Santo Ângelo","Nome Completo":"IFFar - Incubadora Campus Santo Ângelo","Site":"http://incubadora.iffarroupilha.edu.br ","Telefone":"55 3931-3941","E-mail":"nit.san@iffar.edu.br","Endereço":"RS 218, km 5 S/N  Indúbras ","CEP":"98806-700","Município":"Santo Ângelo","ERI":"Noroeste e Missões","Áreas de Atuação":"","Revisão":"5/1/2025"},"geometry":{"type":"Point","coordinates":[-54.224734,-28.266856]}},{"type":"Feature","properties":{"Tipo de Ambiente":"Incubadora","Sigla/Nome Fantasia":"IFFar - Campus Santo Augusto","Nome Completo":"IFFar - Incubadora Campus Santo Augusto","Site":"http://incubadora.iffarroupilha.edu.br ","Telefone":"55 3781-3545","E-mail":"nit.sa@iffarroupilha.edu.br","Endereço":"Rua Fábio João Andolhe 1100  ","CEP":"98590-000","Município":"Santo Augusto","ERI":"Noroeste e Missões","Áreas de Atuação":"","Revisão":"5/1/2025"},"geometry":{"type":"Point","coordinates":[-53.79185,-27.852589]}},{"type":"Feature","properties":{"Tipo de Ambiente":"Incubadora","Sigla/Nome Fantasia":"IFFar - Campus São Borja","Nome Completo":"IFFar - Incubadora Campus São Borja","Site":"http://incubadora.iffarroupilha.edu.br ","Telefone":"55 3431-0500","E-mail":"nit.sb@iffarroupilha.edu.br","Endereço":"Rua Otaviano Castilho Mendes 355  Bettin","CEP":"97670-000","Município":"São Borja","ERI":"Campanha e Fronteira Oeste","Áreas de Atuação":"","Revisão":"5/1/2025"},"geometry":{"type":"Point","coordinates":[-55.99482,-28.667049]}},{"type":"Feature","properties":{"Tipo de Ambiente":"Incubadora","Sigla/Nome Fantasia":"IFFar - Campus São Vicente do Sul","Nome Completo":"IFFar - Incubadora Campus São Vicente do Sul","Site":"http://incubadora.iffarroupilha.edu.br ","Telefone":"55 3218-8500","E-mail":"nit.svs@iffarroupilha.edu.br ","Endereço":"Rua 20 de Setembro 2616  ","CEP":"97420-000","Município":"São Vicente do Sul","ERI":"Central","Áreas de Atuação":"","Revisão":"5/1/2025"},"geometry":{"type":"Point","coordinates":[-54.696565,-29.701846]}},{"type":"Feature","properties":{"Tipo de Ambiente":"Incubadora","Sigla/Nome Fantasia":"IFFar - Campus Uruguaiana","Nome Completo":"IFFar - Incubadora Campus Uruguaiana","Site":"http://incubadora.iffarroupilha.edu.br ","Telefone":"55 99930-9210","E-mail":"cge.ug@iffarroupilha.edu.br","Endereço":"Rua Monteiro Lobato 4442  Cabo Luís Quevedo","CEP":"97503-748","Município":"Uruguaiana","ERI":"Campanha e Fronteira Oeste","Áreas de Atuação":"","Revisão":"5/1/2025"},"geometry":{"type":"Point","coordinates":[-57.10693,-29.781163]}},{"type":"Feature","properties":{"Tipo de Ambiente":"Incubadora","Sigla/Nome Fantasia":"Incubadora CRESCER","Nome Completo":"Incubadora CRESCER - Universidade Regional Integrada do Alto Uruguai e das Missões - Campus Santiago","Site":"http://www.urisantiago.br/","Telefone":"55 3251-3151","E-mail":"hmachado@urisantiago.br","Endereço":"Av. Batista Bonoto Sobrinho 733  São Vicente","CEP":"97711-500","Município":"Santiago","ERI":"Central","Áreas de Atuação":"","Revisão":"5/1/2025"},"geometry":{"type":"Point","coordinates":[-54.886449,-29.193725]}},{"type":"Feature","properties":{"Tipo de Ambiente":"Incubadora","Sigla/Nome Fantasia":"Incubadora Tecnológica da Feevale","Nome Completo":"Incubadora Tecnológica da Feevale ","Site":"https://feevaletechpark.com.br/unidades-parque-tecnologico/incubadora-tecnologica/","Telefone":"51 35975800","E-mail":"incubadora@feevale.br","Endereço":"Av. Edgar Hoffmeister 600  Zona Industrial Norte","CEP":"93700-000","Município":"Campo Bom","ERI":"Metropolitana e Litoral Norte","Áreas de Atuação":"","Revisão":"5/1/2025"},"geometry":{"type":"Point","coordinates":[-51.050975,-29.656565]}},{"type":"Feature","properties":{"Tipo de Ambiente":"Incubadora","Sigla/Nome Fantasia":"INCUBATEC","Nome Completo":"Incubadora de Negócios Inovadores de Base Tecnológica","Site":"https://www.imed.edu.br/incubatec","Telefone":"54 30459030","E-mail":"incubatec@imed.edu.br","Endereço":"Av. Presidente Vargas 541 Sala 509 São Cristóvão","CEP":"99070-030","Município":"Passo Fundo","ERI":"Produção e Norte","Áreas de Atuação":"","Revisão":"5/1/2025"},"geometry":{"type":"Point","coordinates":[-52.395869,-28.266976]}},{"type":"Feature","properties":{"Tipo de Ambiente":"Incubadora","Sigla/Nome Fantasia":"INNOVATIO","Nome Completo":"Incubadora de Empresas de Base Tecnológica da FURG","Site":"www.innovatio.furg.br ","Telefone":"53 32373010","E-mail":"innovatio@furg.br ","Endereço":"Av. Itália km 8 Prédio da INNOVATIO ","CEP":"96203-900","Município":"Rio Grande","ERI":"Sul","Áreas de Atuação":"","Revisão":"5/1/2025"},"geometry":{"type":"Point","coordinates":[-52.160405,-32.063674]}},{"type":"Feature","properties":{"Tipo de Ambiente":"Incubadora","Sigla/Nome Fantasia":"INOVACHI","Nome Completo":"Incubadora Municipal de Empresas de Chiapetta","Site":"http://chiapetta.rs.gov.br/incubadora","Telefone":"55 99607-8420\n99913-8614","E-mail":"incubadora@chiapetta.rs.gov.br","Endereço":"Rua Carvi 1068  Centro","CEP":"98760-000","Município":"Chiapetta","ERI":"Noroeste e Missões","Áreas de Atuação":"","Revisão":"5/1/2025"},"geometry":{"type":"Point","coordinates":[-53.941944,-27.918417]}},{"type":"Feature","properties":{"Tipo de Ambiente":"Incubadora","Sigla/Nome Fantasia":"InovAMF","Nome Completo":"Faculdade Antonio Meneghetti e Fundação Antonio Meneghetti","Site":"","Telefone":"","E-mail":"","Endereço":"","CEP":"","Município":"","ERI":"","Áreas de Atuação":"","Revisão":""},"geometry":{"type":"Point","coordinates":[-53.510416,-29.70172865]}},{"type":"Feature","properties":{"Tipo de Ambiente":"Incubadora","Sigla/Nome Fantasia":"Inovates","Nome Completo":"Incubadora Tecnológica da Univates","Site":"http://www.inovates.com.br/ ","Telefone":"51 37147017\n37147000","E-mail":"inovates@univates.br ","Endereço":"Av. Alberto Müller 1151 Prédio 20 Carneiros","CEP":"95913-528","Município":"Lajeado","ERI":"Vales","Áreas de Atuação":"","Revisão":"5/1/2025"},"geometry":{"type":"Point","coordinates":[-51.944031,-29.449079]}},{"type":"Feature","properties":{"Tipo de Ambiente":"Incubadora","Sigla/Nome Fantasia":"ITACA","Nome Completo":"Incubadora Tecnológica de Alimentos e Cadeias Agroindustriais","Site":"http://www.ufrgs.br/itaca","Telefone":"51 3308-9852","E-mail":"itaca@ufrgs.br ","Endereço":"Av. Bento Gonçalves 9500 Prédio 43212 Agronomia ","CEP":"91501-970","Município":"Porto Alegre","ERI":"Metropolitana e Litoral Norte","Áreas de Atuação":"","Revisão":"5/1/2025"},"geometry":{"type":"Point","coordinates":[-51.118954,-30.071661]}},{"type":"Feature","properties":{"Tipo de Ambiente":"Incubadora","Sigla/Nome Fantasia":"ITCP","Nome Completo":"Incubadora Tecnológica de Cooperativas Populares","Site":"https://www.ufrgs.br/neaitcp/","Telefone":"51 3308-3075","E-mail":"itcpufrgs@gmail.com","Endereço":"Av. João Pessoa 52 Salas 18-K e 39 Centro Histórico","CEP":"90046-000","Município":"Porto Alegre","ERI":"Metropolitana e Litoral Norte","Áreas de Atuação":"","Revisão":"5/1/2025"},"geometry":{"type":"Point","coordinates":[-51.222686,-30.032949]}},{"type":"Feature","properties":{"Tipo de Ambiente":"Incubadora","Sigla/Nome Fantasia":"ITEC - SETREM","Nome Completo":"Incubadora Tecnológica - SETREM","Site":"https://setrem.edu.br/incubadora/ ","Telefone":"55 35354600","E-mail":"incubadora@setrem.com.br ","Endereço":"Av. Santa Rosa 2405  Bairro Pastor Gustav Hüedepohl","CEP":"989100-00","Município":"Três de Maio","ERI":"Noroeste e Missões","Áreas de Atuação":"","Revisão":"5/1/2025"},"geometry":{"type":"Point","coordinates":[-54.249271,-27.783111]}},{"type":"Feature","properties":{"Tipo de Ambiente":"Incubadora","Sigla/Nome Fantasia":"ITEC UFN","Nome Completo":"Itec - Incubadora Tecnologica da UFN","Site":"https://www.ufn.edu.br/site/inovacao/ambiente-de-inovacao ","Telefone":"55 32201200, R:9229","E-mail":"itec@unifra.br ","Endereço":"Av. Rio Branco 639 Prédio 8, Sala 401  Centro","CEP":"97010-423","Município":"Santa Maria","ERI":"Central","Áreas de Atuação":"","Revisão":"5/1/2025"},"geometry":{"type":"Point","coordinates":[-53.808642,-29.683123]}},{"type":"Feature","properties":{"Tipo de Ambiente":"Incubadora","Sigla/Nome Fantasia":"ITEC/UCS","Nome Completo":"ITEC/UCS Incubadora Tecnológica","Site":"https://www.ucs.br/site/tecnoucs/itec/ ","Telefone":"54 32126558","E-mail":"itec.incubadoras@ucs.br ","Endereço":"Rua Francisco Getúlio Vargas, 1130 1130 Bloco 59, Cidade Universitária Campus-Sede","CEP":"95076-420","Município":"Caxias do Sul","ERI":"Serra Gaúcha","Áreas de Atuação":"","Revisão":"5/1/2025"},"geometry":{"type":"Point","coordinates":[-51.142405,-29.161316]}},{"type":"Feature","properties":{"Tipo de Ambiente":"Incubadora","Sigla/Nome Fantasia":"ITEL","Nome Completo":"Incubadora Tecnológica Liberato","Site":"http://www.incubadoraliberato.com.br/","Telefone":"51 3584-2076","E-mail":"incubadora@liberato.com.br ","Endereço":"Rua Inconfidentes 395  Primavera","CEP":"93340-140","Município":"Novo Hamburgo","ERI":"Metropolitana e Litoral Norte","Áreas de Atuação":"","Revisão":"5/1/2025"},"geometry":{"type":"Point","coordinates":[-51.148767,-29.69273]}},{"type":"Feature","properties":{"Tipo de Ambiente":"Incubadora","Sigla/Nome Fantasia":"ITUNISC","Nome Completo":"Incubadora Tecnológica da UNISC - ITUNISC","Site":"https://www.unisc.br/pt/tecnounisc/incubadora-tecnologica/ ","Telefone":"51 37177470","E-mail":"tecnounisc@unisc.br ","Endereço":"Av. Independência 2293 Bloco 19 ","CEP":"96815-900","Município":"Santa Cruz do Sul","ERI":"Vales","Áreas de Atuação":"","Revisão":"5/1/2025"},"geometry":{"type":"Point","coordinates":[-52.435118,-29.697799]}},{"type":"Feature","properties":{"Tipo de Ambiente":"Incubadora","Sigla/Nome Fantasia":"LA SALLE TECH","Nome Completo":"Incubadora de Startups","Site":"https://www.unilasalle.edu.br/canoas/servicos/la-salle-tech ","Telefone":"51 34768507","E-mail":"lasalletech@unilasalle.edu.br ","Endereço":"Av. Victor Barreto 2288 Prédio 02, Sala 161 Centro","CEP":"92010-000 ","Município":"Canoas","ERI":"Metropolitana e Litoral Norte","Áreas de Atuação":"","Revisão":"5/1/2025"},"geometry":{"type":"Point","coordinates":[-51.180615,-29.917385]}},{"type":"Feature","properties":{"Tipo de Ambiente":"Incubadora","Sigla/Nome Fantasia":"PampaTec Incubadora","Nome Completo":"Incubadora de Empresas de Base Tecnológica do PampaTec","Site":"https://sites.unipampa.edu.br/pampatec/incubadora/","Telefone":"55 34218417","E-mail":"pampatec@unipampa.edu.br ","Endereço":"Av. Tiarajú 1406  Ibirapuitã","CEP":"97546-550","Município":"Alegrete","ERI":"Campanha e Fronteira Oeste","Áreas de Atuação":"","Revisão":"5/1/2025"},"geometry":{"type":"Point","coordinates":[-55.762833,-29.794063]}},{"type":"Feature","properties":{"Tipo de Ambiente":"Incubadora","Sigla/Nome Fantasia":"ParanhanaTEC","Nome Completo":"FACCAT - Faculdades Integradas de Taquara","Site":"","Telefone":"","E-mail":"","Endereço":"","CEP":"","Município":"","ERI":"","Áreas de Atuação":"","Revisão":""},"geometry":{"type":"Point","coordinates":[-50.800923,-29.56833]}},{"type":"Feature","properties":{"Tipo de Ambiente":"Incubadora","Sigla/Nome Fantasia":"Pulsar","Nome Completo":"Pulsar - Incubadora Tecnológica da UFSM","Site":"https://www.ufsm.br/orgaos-suplementares/inovatec/pulsar","Telefone":"55 3220-8000","E-mail":"pulsar@ufsm.br ","Endereço":"Av. Roraima 1000 Prédio 2, Cidade Universitária Camobi","CEP":"97105-900","Município":"Santa Maria","ERI":"Central","Áreas de Atuação":"","Revisão":"5/1/2025"},"geometry":{"type":"Point","coordinates":[-53.713416,-29.724543]}},{"type":"Feature","properties":{"Tipo de Ambiente":"Incubadora","Sigla/Nome Fantasia":"Raiar","Nome Completo":"Incubadora Multissetorial de Empresas de Base Tecnológica e Inovação da PUCRS - RAIAR","Site":"https://tecnopuc.pucrs.br/ecossistema-tecnopuc/tecnopuc-startups/ ","Telefone":"51 3320-3673","E-mail":"tecnopuc.startups@pucrs.br ","Endereço":"Av. Ipiranga 6681 Prédio 96E Partenon","CEP":" 90619-900","Município":"Porto Alegre","ERI":"Metropolitana e Litoral Norte","Áreas de Atuação":"","Revisão":"9/3/2023"},"geometry":{"type":"Point","coordinates":[-51.171913,-30.060683]}},{"type":"Feature","properties":{"Tipo de Ambiente":"Incubadora","Sigla/Nome Fantasia":"UALL","Nome Completo":"UALL - Ambiente de Inovação","Site":"","Telefone":"","E-mail":"","Endereço":"","CEP":"","Município":"","ERI":"","Áreas de Atuação":"","Revisão":""},"geometry":{"type":"Point","coordinates":[-54.09349,-31.17397]}},{"type":"Feature","properties":{"Tipo de Ambiente":"Incubadora","Sigla/Nome Fantasia":"ULBRATECH - Canoas","Nome Completo":"Ulbratech Incubadora Canoas","Site":"https://www.ulbratech.com.br/br/canoas.html","Telefone":"51 34625600","E-mail":"ulbratech@ulbratech.com.br ","Endereço":"Av Farroupilha 8001 Prédio Ulbratech - 4º andar São José","CEP":"92425-900","Município":"Canoas","ERI":"Metropolitana e Litoral Norte","Áreas de Atuação":"","Revisão":"5/1/2025"},"geometry":{"type":"Point","coordinates":[-51.159382,-29.887307]}},{"type":"Feature","properties":{"Tipo de Ambiente":"Incubadora","Sigla/Nome Fantasia":"ULBRATECH - Carazinho","Nome Completo":"Ulbratech Incubadora Carazinho","Site":"https://www.ulbratech.com.br/br/carazinho.html ","Telefone":"51 34625600","E-mail":"ulbratech@ulbratech.com.br","Endereço":"BR-285, km 335   ","CEP":"99500-000","Município":"Carazinho","ERI":"Produção e Norte","Áreas de Atuação":"","Revisão":"5/1/2025"},"geometry":{"type":"Point","coordinates":[-52.771436,-28.319144]}},{"type":"Feature","properties":{"Tipo de Ambiente":"Incubadora","Sigla/Nome Fantasia":"ULBRATECH - Gravataí","Nome Completo":"Ulbratech Incubadora Gravataí","Site":"https://www.ulbratech.com.br/br/gravatai.html","Telefone":"51 34625600","E-mail":"ulbratech@ulbratech.com.br ","Endereço":"Rua Itacolomi  3600  São Vicente","CEP":"94155-052","Município":"Gravataí","ERI":"Metropolitana e Litoral Norte","Áreas de Atuação":"","Revisão":"5/1/2025"},"geometry":{"type":"Point","coordinates":[-51.014494,-29.918086]}},{"type":"Feature","properties":{"Tipo de Ambiente":"Incubadora","Sigla/Nome Fantasia":"ULBRATECH - Torres","Nome Completo":"Ulbratech Incubadora Torres","Site":"https://www.ulbratech.com.br/br/torres.html","Telefone":"51 34625600","E-mail":"ulbratech@ulbratech.com.br ","Endereço":"Rua Universitária 1900  Parque do Balonismo","CEP":"95560-000","Município":"Torres","ERI":"Metropolitana e Litoral Norte","Áreas de Atuação":"","Revisão":"5/1/2025"},"geometry":{"type":"Point","coordinates":[-49.753607,-29.332465]}},{"type":"Feature","properties":{"Tipo de Ambiente":"Incubadora","Sigla/Nome Fantasia":"UNITEC","Nome Completo":"Unidade de Inovação e Tecnologia","Site":"https://www.tecnosinos.com.br/programa-de-incubacao/ ","Telefone":"51 35908601","E-mail":"unitec@unisinos.br ","Endereço":"Av. Unisinos 950 Prédio UNITEC – Administração ","CEP":"93022-000","Município":"São Leopoldo","ERI":"Metropolitana e Litoral Norte","Áreas de Atuação":"","Revisão":"5/1/2025"},"geometry":{"type":"Point","coordinates":[-51.148431,-29.795793]}},{"type":"Feature","properties":{"Tipo de Ambiente":"Incubadora","Sigla/Nome Fantasia":"URINOVA","Nome Completo":"Incubadora de Empresas de Base Tecnológica da URI Santo Ângelo","Site":"http://urinova.san.uri.br/","Telefone":"55 33137900","E-mail":"urinova@urinova.san.uri.br","Endereço":"Rua Universidade das Missões 464  ","CEP":"98.802-470","Município":"Santo Ângelo","ERI":"Noroeste e Missões","Áreas de Atuação":"","Revisão":"5/1/2025"},"geometry":{"type":"Point","coordinates":[-54.270773,-28.276823]}},{"type":"Feature","properties":{"Tipo de Ambiente":"Instituição de Ciência e Tecnologia​","Sigla/Nome Fantasia":"AGTI","Nome Completo":"Associação de Tecnologia do Vale do Gravataí","Site":"","Telefone":"","E-mail":"","Endereço":"","CEP":"","Município":"","ERI":"","Áreas de Atuação":"","Revisão":""},"geometry":{"type":"Point","coordinates":[-51.014494,-29.918086]}},{"type":"Feature","properties":{"Tipo de Ambiente":"Instituição de Ciência e Tecnologia​","Sigla/Nome Fantasia":"Besouro","Nome Completo":"Instituto Besouro de Fomento Social e Pesquisa","Site":"https://institutobesouro.com.br/","Telefone":"51 3237-4274","E-mail":"","Endereço":"Rua Barão do Triunfo 419  Menino Deus","CEP":"90130-100","Município":"Porto Alegre","ERI":"Metropolitana e Litoral Norte","Áreas de Atuação":"","Revisão":"5/1/2025"},"geometry":{"type":"Point","coordinates":[-51.217514,-30.052474]}},{"type":"Feature","properties":{"Tipo de Ambiente":"Instituição de Ciência e Tecnologia​","Sigla/Nome Fantasia":"CE2I","Nome Completo":"Centro de Excelência em Empreendedorismo e Inovação","Site":"https://www.ce2i.org/","Telefone":"11 98205-2036","E-mail":"","Endereço":"R. Osmar Meleti 123  Cinquentenário","CEP":"95012-420","Município":"Caxias do Sul","ERI":"Serra Gaúcha","Áreas de Atuação":"","Revisão":"5/1/2025"},"geometry":{"type":"Point","coordinates":[-51.218482,-29.173457]}},{"type":"Feature","properties":{"Tipo de Ambiente":"Instituição de Ciência e Tecnologia​","Sigla/Nome Fantasia":"Colégio Sinodal Prado Gravataí","Nome Completo":"Instituto de Ciência e Tecnologia Sinodal Prado","Site":"","Telefone":"","E-mail":"","Endereço":"","CEP":"","Município":"","ERI":"","Áreas de Atuação":"","Revisão":""},"geometry":{"type":"Point","coordinates":[-51.014494,-29.918086]}},{"type":"Feature","properties":{"Tipo de Ambiente":"Instituição de Ciência e Tecnologia​","Sigla/Nome Fantasia":"EMBRAPA","Nome Completo":"Embrapa - Uva E Vinho","Site":"https://www.embrapa.br/uva-e-vinho","Telefone":"54 3455-8000","E-mail":"","Endereço":"Rua Livramento 515  Centro","CEP":"95701-008","Município":"Bento Gonçalves","ERI":"Serra Gaúcha","Áreas de Atuação":"Uva e vinho","Revisão":"5/1/2025"},"geometry":{"type":"Point","coordinates":[-51.5264025,-29.1650644]}},{"type":"Feature","properties":{"Tipo de Ambiente":"Instituição de Ciência e Tecnologia​","Sigla/Nome Fantasia":"EMBRAPA","Nome Completo":"Embrapa - Trigo","Site":"https://www.embrapa.br/trigo","Telefone":"54 3316-5800","E-mail":"","Endereço":"BR 285, km 294 S/N  Zona Rural","CEP":"99050-970","Município":"Passo Fundo","ERI":"Produção e Norte","Áreas de Atuação":"Trigo","Revisão":"5/1/2025"},"geometry":{"type":"Point","coordinates":[-52.403841,-28.2313278]}},{"type":"Feature","properties":{"Tipo de Ambiente":"Instituição de Ciência e Tecnologia​","Sigla/Nome Fantasia":"EMBRAPA","Nome Completo":"Embrapa - Pecuária Sul","Site":"https://www.embrapa.br/pecuaria-sul ","Telefone":"53 3240-4650","E-mail":"","Endereço":"BR-153, km 632,9 S/N Vila Industrial Zona Rural","CEP":"96401-970","Município":"Bagé","ERI":"Campanha e Fronteira Oeste","Áreas de Atuação":"Pecuária","Revisão":"5/1/2025"},"geometry":{"type":"Point","coordinates":[-54.0158969,-31.352762]}},{"type":"Feature","properties":{"Tipo de Ambiente":"Instituição de Ciência e Tecnologia​","Sigla/Nome Fantasia":"EMBRAPA","Nome Completo":"Embrapa - Clima Temperado","Site":"https://www.embrapa.br/clima-temperado","Telefone":"53 3275-8100","E-mail":"","Endereço":"BR-392, km 78 S/N 9º Distrito Monte Bonito","CEP":"96010-971","Município":"Pelotas","ERI":"Sul","Áreas de Atuação":"Agroenergia, a produção de frutas e hortaliças, a produção de leite e derivados, a agricultura familiar e a agroecologia.","Revisão":"5/1/2025"},"geometry":{"type":"Point","coordinates":[-52.4397759,-31.6805495]}},{"type":"Feature","properties":{"Tipo de Ambiente":"Instituição de Ciência e Tecnologia​","Sigla/Nome Fantasia":"FACCAT","Nome Completo":"Faculdades Integradas de Taquara","Site":"https://www2.faccat.br/portal/","Telefone":"54 3541-6600","E-mail":"","Endereço":"Av. Oscar Martins Rangel 4500 ERS-115 Fogão Gaúcho","CEP":"95612-150","Município":"Taquara","ERI":"Metropolitana e Litoral Norte","Áreas de Atuação":"","Revisão":"5/1/2025"},"geometry":{"type":"Point","coordinates":[-50.78711,-29.639164]}},{"type":"Feature","properties":{"Tipo de Ambiente":"Instituição de Ciência e Tecnologia​","Sigla/Nome Fantasia":"FAHOR","Nome Completo":"Faculdade Horizontina","Site":"https://fahor.com.br/","Telefone":"55 3537-775","E-mail":"","Endereço":"Av. dos Ipês 565  Eldorado","CEP":"98920-000","Município":"Horizontina","ERI":"Noroeste e Missões","Áreas de Atuação":"","Revisão":"5/1/2025"},"geometry":{"type":"Point","coordinates":[-54.319098,-27.650953]}},{"type":"Feature","properties":{"Tipo de Ambiente":"Instituição de Ciência e Tecnologia​","Sigla/Nome Fantasia":"FATEC SENAI","Nome Completo":"Faculdade De Tecnologia Senai Porto Alegre ","Site":"https://www.senairs.org.br/faculdade-senai ","Telefone":"51 3347-8787","E-mail":"","Endereço":"Avenida Assis Brasil 8450  Sarandi","CEP":"91140-000","Município":"Porto Alegre","ERI":"Metropolitana e Litoral Norte","Áreas de Atuação":"","Revisão":"5/1/2025"},"geometry":{"type":"Point","coordinates":[-51.115104,-29.980851]}},{"type":"Feature","properties":{"Tipo de Ambiente":"Instituição de Ciência e Tecnologia​","Sigla/Nome Fantasia":"FEEVALE","Nome Completo":"Universidade Feevale","Site":"www.feevale.br","Telefone":"51 3586-8800","E-mail":"","Endereço":"ERS-239 2755  Vila Nova","CEP":"93525-075","Município":"Novo Hamburgo","ERI":"Metropolitana e Litoral Norte","Áreas de Atuação":"","Revisão":"5/1/2025"},"geometry":{"type":"Point","coordinates":[-51.11817316,-29.66229083]}},{"type":"Feature","properties":{"Tipo de Ambiente":"Instituição de Ciência e Tecnologia​","Sigla/Nome Fantasia":"FEEVALE","Nome Completo":"Universidade Feevale - Campus Campo Bom","Site":"https://www.feevale.br/institucional/infraestrutura/campus-iii","Telefone":"51 3586-8800","E-mail":"","Endereço":"Avenida Edgar Hoffmeister 500 Campus III Zona Industrial Norte","CEP":"93700-000","Município":"Campo Bom","ERI":"Metropolitana e Litoral Norte","Áreas de Atuação":"","Revisão":"5/1/2025"},"geometry":{"type":"Point","coordinates":[-51.050431,-29.656666]}},{"type":"Feature","properties":{"Tipo de Ambiente":"Instituição de Ciência e Tecnologia​","Sigla/Nome Fantasia":"FUC","Nome Completo":"Fundação Universitária de Cardiologia","Site":"","Telefone":"","E-mail":"","Endereço":"","CEP":"","Município":"","ERI":"","Áreas de Atuação":"","Revisão":""},"geometry":{"type":"Point","coordinates":[-51.0300265,-30.0817816]}},{"type":"Feature","properties":{"Tipo de Ambiente":"Instituição de Ciência e Tecnologia​","Sigla/Nome Fantasia":"FURG","Nome Completo":"Universidade Federal Do Rio Grande ","Site":"https://www.furg.br","Telefone":"53 3233-6500","E-mail":"","Endereço":"Avenida Itália S/N  Carreiros","CEP":"96203-900","Município":"Rio Grande","ERI":"Sul","Áreas de Atuação":"","Revisão":"5/1/2025"},"geometry":{"type":"Point","coordinates":[-52.1548813,-32.0805827]}},{"type":"Feature","properties":{"Tipo de Ambiente":"Instituição de Ciência e Tecnologia​","Sigla/Nome Fantasia":"FURG","Nome Completo":"Universidade Federal Do Rio Grande - Campus Santa Vitória do Palmar","Site":"https://www.furg.br/campus-santa-vitoria-palmar","Telefone":"53 3263-8253","E-mail":"","Endereço":"Rua Glicério P. de Carvalho 303  Coxilha","CEP":"96230-000","Município":"Santa Vitória do Palmar","ERI":"Sul","Áreas de Atuação":"","Revisão":"5/1/2025"},"geometry":{"type":"Point","coordinates":[-53.382681,-33.534791]}},{"type":"Feature","properties":{"Tipo de Ambiente":"Instituição de Ciência e Tecnologia​","Sigla/Nome Fantasia":"FURG","Nome Completo":"Universidade Federal Do Rio Grande - Campus Santo Antônio da Patrulha","Site":"https://www.furg.br/campus-santo-antonio-patrulha","Telefone":"51 3662-8250","E-mail":"","Endereço":"Rua Coronel Francisco Borges de Lima 3005 Unidade Bom Princípio Bom Princípio","CEP":"95500-000","Município":"Santo Antônio da Patrulha","ERI":"Metropolitana e Litoral Norte","Áreas de Atuação":"","Revisão":"5/1/2025"},"geometry":{"type":"Point","coordinates":[-50.528817,-29.807308]}},{"type":"Feature","properties":{"Tipo de Ambiente":"Instituição de Ciência e Tecnologia​","Sigla/Nome Fantasia":"FURG","Nome Completo":"Universidade Federal Do Rio Grande - Campus São Lourenço do Sul","Site":"https://www.furg.br/campus-sao-lourenco-sul","Telefone":"53 3251-9450","E-mail":"","Endereço":"Avenida Mal. Floriano Peixoto 2236  Centro","CEP":"96170-000","Município":"São Lourenço do Sul","ERI":"Sul","Áreas de Atuação":"","Revisão":"5/1/2025"},"geometry":{"type":"Point","coordinates":[-51.983058,-31.367452]}},{"type":"Feature","properties":{"Tipo de Ambiente":"Instituição de Ciência e Tecnologia​","Sigla/Nome Fantasia":"IBTEC","Nome Completo":"Instituto Brasileiro De Tecnologia Do Couro, Calçado E Artefatos","Site":"https://www.ibtec.org.br/","Telefone":"51 3553-1000","E-mail":"","Endereço":"Rua Araxá 750  Ideal","CEP":"93334-000","Município":"Novo Hamburgo","ERI":"Metropolitana e Litoral Norte","Áreas de Atuação":"","Revisão":"5/1/2025"},"geometry":{"type":"Point","coordinates":[-51.1420557,-29.7044821]}},{"type":"Feature","properties":{"Tipo de Ambiente":"Instituição de Ciência e Tecnologia​","Sigla/Nome Fantasia":"IC-FUC","Nome Completo":"Instituto de Cardiologia - Fundação Universitária de Cardiologia","Site":"http://www.cardiologia.org.br/","Telefone":"51 3230-3600","E-mail":"","Endereço":"Av. Princesa Isabel 395  Santana","CEP":"90040-371","Município":"Porto Alegre","ERI":"Metropolitana e Litoral Norte","Áreas de Atuação":"","Revisão":"5/1/2025"},"geometry":{"type":"Point","coordinates":[-51.0300265,-30.0817816]}},{"type":"Feature","properties":{"Tipo de Ambiente":"Instituição de Ciência e Tecnologia​","Sigla/Nome Fantasia":"IDEMER","Nome Completo":"Instituto de Desenvolvimento do Meio Rural","Site":"https://www.idemer.com.br/","Telefone":"54 3292-4638","E-mail":"","Endereço":"Rua John Kennedy 2609 Sala 22 Centro","CEP":"95270-000","Município":"Flores da Cunha","ERI":"Serra Gaúcha","Áreas de Atuação":"","Revisão":"5/1/2025"},"geometry":{"type":"Point","coordinates":[-51.184849,-29.029287]}},{"type":"Feature","properties":{"Tipo de Ambiente":"Instituição de Ciência e Tecnologia​","Sigla/Nome Fantasia":"IEL-RS","Nome Completo":"Núcleo Regional do Instituto Euvaldo Lodi - IEL-RS","Site":"https://www.ielrs.org.br/","Telefone":"51 3347-8787","E-mail":"","Endereço":"Av. Assis Brasil 8787  Sarandi","CEP":"91140-001","Município":"Porto Alegre","ERI":"Metropolitana e Litoral Norte","Áreas de Atuação":"","Revisão":"5/1/2025"},"geometry":{"type":"Point","coordinates":[-51.112102,-29.978339]}},{"type":"Feature","properties":{"Tipo de Ambiente":"Instituição de Ciência e Tecnologia​","Sigla/Nome Fantasia":"IFFar","Nome Completo":"Instituto Federal De Educação, Ciência E Tecnologia Farroupilha","Site":"https://www.iffarroupilha.edu.br","Telefone":"55 3218-9800","E-mail":"","Endereço":"Alameda Santiago do Chile 195  Nossa Senhora Das Dores","CEP":"97050-685","Município":"Santa Maria","ERI":"Central","Áreas de Atuação":"","Revisão":"5/1/2025"},"geometry":{"type":"Point","coordinates":[-53.7929657,-29.6934835]}},{"type":"Feature","properties":{"Tipo de Ambiente":"Instituição de Ciência e Tecnologia​","Sigla/Nome Fantasia":"IFFar","Nome Completo":"Instituto Federal de Educação, Ciência e Tecnologia Farroupilha - Campus Alegrete","Site":"https://www.iffarroupilha.edu.br/alegrete","Telefone":"55 99998-9174","E-mail":"","Endereço":"RS-377, km 27 S/N  Passo Novo","CEP":"97555-000","Município":"Alegrete","ERI":"Campanha e Fronteira Oeste","Áreas de Atuação":"","Revisão":"5/1/2025"},"geometry":{"type":"Point","coordinates":[-55.5842751,-29.7370563]}},{"type":"Feature","properties":{"Tipo de Ambiente":"Instituição de Ciência e Tecnologia​","Sigla/Nome Fantasia":"IFFar","Nome Completo":"Instituto Federal de Educação, Ciência e Tecnologia Farroupilha - Campus Frederico Westphalen","Site":"https://www.iffarroupilha.edu.br/frederico-westphalen ","Telefone":"55 3744-8900","E-mail":"","Endereço":"BR 386, km 40 S/N  Linha 7 de setembro","CEP":"98400-000","Município":"Frederico Westphalen","ERI":"Produção e Norte","Áreas de Atuação":"","Revisão":"5/1/2025"},"geometry":{"type":"Point","coordinates":[-53.4302486,-27.390416]}},{"type":"Feature","properties":{"Tipo de Ambiente":"Instituição de Ciência e Tecnologia​","Sigla/Nome Fantasia":"IFFar","Nome Completo":"Instituto Federal de Educação, Ciência e Tecnologia Farroupilha - Campus Jaguari","Site":"https://www.iffarroupilha.edu.br/jaguari","Telefone":"55 3255-0200","E-mail":"","Endereço":"BR 287, km 360 S/N  Estrada do Chapadão","CEP":"97760-000","Município":"Jaguari","ERI":"Central","Áreas de Atuação":"","Revisão":"5/1/2025"},"geometry":{"type":"Point","coordinates":[-54.727685,-29.459806]}},{"type":"Feature","properties":{"Tipo de Ambiente":"Instituição de Ciência e Tecnologia​","Sigla/Nome Fantasia":"IFFar","Nome Completo":"Instituto Federal de Educação, Ciência e Tecnologia Farroupilha - Campus Júlio de Castilhos","Site":"https://www.iffarroupilha.edu.br/julio-de-castilhos","Telefone":"55 3271-9500","E-mail":"","Endereço":"RS 527  S/N  Estrada de acesso secundário para Tupanciretã","CEP":"98130-000","Município":"Júlio de Castilhos","ERI":"Central","Áreas de Atuação":"","Revisão":"5/1/2025"},"geometry":{"type":"Point","coordinates":[-53.7125371,-29.1837286]}},{"type":"Feature","properties":{"Tipo de Ambiente":"Instituição de Ciência e Tecnologia​","Sigla/Nome Fantasia":"IFFar","Nome Completo":"Instituto Federal de Educação, Ciência e Tecnologia Farroupilha - Campus Panambi","Site":"https://www.iffarroupilha.edu.br/panambi","Telefone":"55 3376-8800","E-mail":"","Endereço":"Rua Erechim 860  Planalto","CEP":"98280-000","Município":"Panambi","ERI":"Noroeste e Missões","Áreas de Atuação":"","Revisão":"5/1/2025"},"geometry":{"type":"Point","coordinates":[-53.515372,-28.280585]}},{"type":"Feature","properties":{"Tipo de Ambiente":"Instituição de Ciência e Tecnologia​","Sigla/Nome Fantasia":"IFFar","Nome Completo":"Instituto Federal de Educação, Ciência e Tecnologia Farroupilha - Campus Santa Rosa","Site":"https://www.iffarroupilha.edu.br/santa-rosa","Telefone":"55 2013-0200","E-mail":"","Endereço":"Av. Cel. Bráulio de Oliveira 1400  Central","CEP":"98787-740","Município":"Santa Rosa","ERI":"Noroeste e Missões","Áreas de Atuação":"","Revisão":"5/1/2025"},"geometry":{"type":"Point","coordinates":[-54.454567,-27.848716]}},{"type":"Feature","properties":{"Tipo de Ambiente":"Instituição de Ciência e Tecnologia​","Sigla/Nome Fantasia":"IFFar","Nome Completo":"Instituto Federal de Educação, Ciência e Tecnologia Farroupilha - Campus Santo Ângelo","Site":"https://www.iffarroupilha.edu.br/santo-angelo ","Telefone":"55 3931-3900","E-mail":"","Endereço":"RS 218, km 5 S/N  Indúbras ","CEP":"98806-700","Município":"Santo Ângelo","ERI":"Noroeste e Missões","Áreas de Atuação":"","Revisão":"5/1/2025"},"geometry":{"type":"Point","coordinates":[-54.224734,-28.266856]}},{"type":"Feature","properties":{"Tipo de Ambiente":"Instituição de Ciência e Tecnologia​","Sigla/Nome Fantasia":"IFFar","Nome Completo":"Instituto Federal de Educação, Ciência e Tecnologia Farroupilha - Campus Santo Augusto","Site":"https://www.iffarroupilha.edu.br/santo-augusto","Telefone":"55 3781-3545","E-mail":"","Endereço":"Rua Fábio João Andolhe 1100  ","CEP":"98590-000","Município":"Santo Augusto","ERI":"Noroeste e Missões","Áreas de Atuação":"","Revisão":"5/1/2025"},"geometry":{"type":"Point","coordinates":[-53.790981,-27.85202]}},{"type":"Feature","properties":{"Tipo de Ambiente":"Instituição de Ciência e Tecnologia​","Sigla/Nome Fantasia":"IFFar","Nome Completo":"Instituto Federal de Educação, Ciência e Tecnologia Farroupilha - Campus São Borja","Site":"https://www.iffarroupilha.edu.br/sao-borja","Telefone":"55 3431-0500","E-mail":"","Endereço":"Rua Otaviano Castilho Mendes 355  Bettin","CEP":"97670-000","Município":"São Borja","ERI":"Campanha e Fronteira Oeste","Áreas de Atuação":"","Revisão":"5/1/2025"},"geometry":{"type":"Point","coordinates":[-55.9948199,-28.6670489]}},{"type":"Feature","properties":{"Tipo de Ambiente":"Instituição de Ciência e Tecnologia​","Sigla/Nome Fantasia":"IFFar","Nome Completo":"Instituto Federal de Educação, Ciência e Tecnologia Farroupilha - Campus São Vicente do Sul","Site":"https://www.iffarroupilha.edu.br/sao-vicente-do-sul ","Telefone":"55 3218-8500","E-mail":"","Endereço":"Rua 20 de Setembro 2616  ","CEP":"97420-000","Município":"São Vicente do Sul","ERI":"Central","Áreas de Atuação":"","Revisão":"5/1/2025"},"geometry":{"type":"Point","coordinates":[-54.6965651,-29.7018459]}},{"type":"Feature","properties":{"Tipo de Ambiente":"Instituição de Ciência e Tecnologia​","Sigla/Nome Fantasia":"IFFar","Nome Completo":"Instituto Federal de Educação, Ciência e Tecnologia Farroupilha - Campus Avançado Uruguaiana","Site":"https://www.iffarroupilha.edu.br/uruguaiana ","Telefone":"55 99930-9210","E-mail":"","Endereço":"Rua Monteiro Lobato 4442  Cabo Luís Quevedo","CEP":"97503-748","Município":"Uruguaiana","ERI":"Campanha e Fronteira Oeste","Áreas de Atuação":"","Revisão":"5/1/2025"},"geometry":{"type":"Point","coordinates":[-57.106927,-29.781562]}},{"type":"Feature","properties":{"Tipo de Ambiente":"Instituição de Ciência e Tecnologia​","Sigla/Nome Fantasia":"IFRS","Nome Completo":"Instituto Federal De Educação, Ciência E Tecnologia Do Rio Grande Do Sul ","Site":"https://ifrs.edu.br","Telefone":"54 3449-3300","E-mail":"","Endereço":"Rua General Osório 348  Centro","CEP":"95700-086","Município":"Bento Gonçalves","ERI":"Serra Gaúcha","Áreas de Atuação":"","Revisão":"5/1/2025"},"geometry":{"type":"Point","coordinates":[-51.5135852,-29.1685276]}},{"type":"Feature","properties":{"Tipo de Ambiente":"Instituição de Ciência e Tecnologia​","Sigla/Nome Fantasia":"IFRS","Nome Completo":"Instituto Federal De Educação, Ciência E Tecnologia Do Rio Grande Do Sul - Campus Alvorada","Site":"https://ifrs.edu.br/alvorada/","Telefone":"51 3483-9108","E-mail":"","Endereço":"Rua Prof. Darcy Ribeiro 121  Campos Verdes","CEP":"94834-413","Município":"Alvorada","ERI":"Metropolitana e Litoral Norte","Áreas de Atuação":"","Revisão":"5/1/2025"},"geometry":{"type":"Point","coordinates":[-51.051447,-29.999975]}},{"type":"Feature","properties":{"Tipo de Ambiente":"Instituição de Ciência e Tecnologia​","Sigla/Nome Fantasia":"IFRS","Nome Completo":"Instituto Federal de Educação, Ciência e Tecnologia - Campus Bento Gonçalves","Site":"https://ifrs.edu.br/bento/","Telefone":"54 3455-3200","E-mail":"","Endereço":"Avenida Osvaldo Aranha 540  Juventude da Enologia","CEP":"95700-000","Município":"Bento Gonçalves","ERI":"Serra Gaúcha","Áreas de Atuação":"","Revisão":"5/1/2025"},"geometry":{"type":"Point","coordinates":[-51.522545,-29.163857]}},{"type":"Feature","properties":{"Tipo de Ambiente":"Instituição de Ciência e Tecnologia​","Sigla/Nome Fantasia":"IFRS","Nome Completo":"Instituto Federal De Educação, Ciência E Tecnologia Do Rio Grande Do Sul - Campus Canoas","Site":"https://ifrs.edu.br/canoas/","Telefone":"51 3415-8200","E-mail":"","Endereço":"Rua Maria Zélia Carneiro de Figueiredo 870-A  Igara III","CEP":"92.412-240","Município":"Canoas","ERI":"Metropolitana e Litoral Norte","Áreas de Atuação":"","Revisão":"5/1/2025"},"geometry":{"type":"Point","coordinates":[-51.150578,-29.899932]}},{"type":"Feature","properties":{"Tipo de Ambiente":"Instituição de Ciência e Tecnologia​","Sigla/Nome Fantasia":"IFRS","Nome Completo":"Instituto Federal de Educação, Ciência e Tecnologia - Campus Caxias do Sul","Site":"www.caxias.ifrs.edu.br","Telefone":"54 3204-2100","E-mail":"","Endereço":"Rua Avelino Antônio de Souza 1730  Nossa Senhora de Fátima","CEP":"95043-700","Município":"Caxias do Sul","ERI":"Serra Gaúcha","Áreas de Atuação":"","Revisão":"5/1/2025"},"geometry":{"type":"Point","coordinates":[-51.171784,-29.139272]}},{"type":"Feature","properties":{"Tipo de Ambiente":"Instituição de Ciência e Tecnologia​","Sigla/Nome Fantasia":"IFRS","Nome Completo":"Instituto Federal De Educação, Ciência E Tecnologia Do Rio Grande Do Sul - Campus Erechim","Site":"https://ifrs.edu.br/erechim/","Telefone":" ","E-mail":"","Endereço":"Rua Domingos Zanella 104   Três Vendas","CEP":"99713-028","Município":"Erechim","ERI":"Produção e Norte","Áreas de Atuação":"","Revisão":"5/1/2025"},"geometry":{"type":"Point","coordinates":[-52.292083,-27.639036]}},{"type":"Feature","properties":{"Tipo de Ambiente":"Instituição de Ciência e Tecnologia​","Sigla/Nome Fantasia":"IFRS","Nome Completo":"Instituto Federal de Educação, Ciência e Tecnologia - Campus Farroupilha","Site":"https://ifrs.edu.br/farroupilha/","Telefone":"54 3260-2400 ","E-mail":"","Endereço":"Avenida São Vicente 785  Cinquentenário","CEP":"95174-274","Município":"Farroupilha","ERI":"Serra Gaúcha","Áreas de Atuação":"","Revisão":"5/1/2025"},"geometry":{"type":"Point","coordinates":[-51.348989,-29.20239]}},{"type":"Feature","properties":{"Tipo de Ambiente":"Instituição de Ciência e Tecnologia​","Sigla/Nome Fantasia":"IFRS","Nome Completo":"Instituto Federal De Educação, Ciência E Tecnologia Do Rio Grande Do Sul - Campus Feliz","Site":"https://ifrs.edu.br/feliz/","Telefone":"51 3637-4400","E-mail":"","Endereço":"Rua Princesa Isabel 60  Vila Rica","CEP":"95770-000","Município":"Feliz","ERI":"Metropolitana e Litoral Norte","Áreas de Atuação":"","Revisão":"5/1/2025"},"geometry":{"type":"Point","coordinates":[-51.293355,-29.455714]}},{"type":"Feature","properties":{"Tipo de Ambiente":"Instituição de Ciência e Tecnologia​","Sigla/Nome Fantasia":"IFRS","Nome Completo":"Instituto Federal De Educação, Ciência E Tecnologia Do Rio Grande Do Sul - Campus Ibirubá","Site":"https://ifrs.edu.br/ibiruba/","Telefone":"54 3324-8100","E-mail":"","Endereço":"Rua Nelsi Ribas Fritsch 1111  Esperança","CEP":"98200-000","Município":"Ibirubá","ERI":"Central","Áreas de Atuação":"","Revisão":"5/1/2025"},"geometry":{"type":"Point","coordinates":[-53.103436,-28.64908]}},{"type":"Feature","properties":{"Tipo de Ambiente":"Instituição de Ciência e Tecnologia​","Sigla/Nome Fantasia":"IFRS","Nome Completo":"Instituto Federal De Educação, Ciência E Tecnologia Do Rio Grande Do Sul - Campus Osório","Site":"https://ifrs.edu.br/osorio/","Telefone":"51 3601-3500","E-mail":"","Endereço":"Rua Santos Dumont 2127  Albatroz","CEP":"95520-000","Município":"Osório","ERI":"Metropolitana e Litoral Norte","Áreas de Atuação":"","Revisão":"5/1/2025"},"geometry":{"type":"Point","coordinates":[-50.256822,-29.904032]}},{"type":"Feature","properties":{"Tipo de Ambiente":"Instituição de Ciência e Tecnologia​","Sigla/Nome Fantasia":"IFRS","Nome Completo":"Instituto Federal De Educação, Ciência E Tecnologia Do Rio Grande Do Sul - Campus Porto Alegre","Site":"https://poa.ifrs.edu.br/","Telefone":"51 3930-6002","E-mail":"","Endereço":"Rua Coronel Vicente 281  Centro Histórico","CEP":"90.030-041","Município":"Porto Alegre","ERI":"Metropolitana e Litoral Norte","Áreas de Atuação":"","Revisão":"5/1/2025"},"geometry":{"type":"Point","coordinates":[-51.22121,-30.02644]}},{"type":"Feature","properties":{"Tipo de Ambiente":"Instituição de Ciência e Tecnologia​","Sigla/Nome Fantasia":"IFRS","Nome Completo":"Instituto Federal De Educação, Ciência E Tecnologia Do Rio Grande Do Sul - Campus Restinga (Porto Alegre)","Site":"https://ifrs.edu.br/restinga/","Telefone":"51 3247-8400","E-mail":"","Endereço":"Rua Alberto Hoffmann 285  Restinga","CEP":"91791-508","Município":"Porto Alegre","ERI":"Metropolitana e Litoral Norte","Áreas de Atuação":"","Revisão":"5/1/2025"},"geometry":{"type":"Point","coordinates":[-51.130147,-30.141152]}},{"type":"Feature","properties":{"Tipo de Ambiente":"Instituição de Ciência e Tecnologia​","Sigla/Nome Fantasia":"IFRS","Nome Completo":"Instituto Federal De Educação, Ciência E Tecnologia Do Rio Grande Do Sul - Campus Rio Grande","Site":"https://ifrs.edu.br/riogrande/","Telefone":"53 3233-8681","E-mail":"","Endereço":"Rua Engenheiro Alfredo Huch 475  Centro Histórico","CEP":"96201-460","Município":"Rio Grande","ERI":"Sul","Áreas de Atuação":"","Revisão":"5/1/2025"},"geometry":{"type":"Point","coordinates":[-52.088491,-32.040716]}},{"type":"Feature","properties":{"Tipo de Ambiente":"Instituição de Ciência e Tecnologia​","Sigla/Nome Fantasia":"IFRS","Nome Completo":"Instituto Federal De Educação, Ciência E Tecnologia Do Rio Grande Do Sul - Campus Rolante","Site":"https://ifrs.edu.br/rolante/","Telefone":"51 3547-9600","E-mail":"","Endereço":"Rodovia RS-239, Km 68 3505 Estrada Taquara/Rolante ","CEP":"95690-000","Município":"Rolante","ERI":"Metropolitana e Litoral Norte","Áreas de Atuação":"","Revisão":"5/1/2025"},"geometry":{"type":"Point","coordinates":[-50.617418,-29.655426]}},{"type":"Feature","properties":{"Tipo de Ambiente":"Instituição de Ciência e Tecnologia​","Sigla/Nome Fantasia":"IFRS","Nome Completo":"Instituto Federal De Educação, Ciência E Tecnologia Do Rio Grande Do Sul - Campus Sertão","Site":"https://ifrs.edu.br/sertao/","Telefone":"54 3345-8000","E-mail":"","Endereço":"Rodovia RS 135, Km 32,5   Distrito Eng. Luiz Englert","CEP":"99170-000","Município":"Sertão","ERI":"Produção e Norte","Áreas de Atuação":"","Revisão":"5/1/2025"},"geometry":{"type":"Point","coordinates":[-52.275164,-28.046098]}},{"type":"Feature","properties":{"Tipo de Ambiente":"Instituição de Ciência e Tecnologia​","Sigla/Nome Fantasia":"IFRS","Nome Completo":"Instituto Federal de Educação, Ciência e Tecnologia Do Rio Grande Do Sul - Campus Vacaria","Site":"http://vacaria.ifrs.edu.br/ ","Telefone":"54 3231-7400","E-mail":"","Endereço":"Estrada Engenheiro João Viterbo de Oliveira 3061  Zona Rural","CEP":"95219-899","Município":"Vacaria","ERI":"Serra Gaúcha","Áreas de Atuação":"","Revisão":"5/1/2025"},"geometry":{"type":"Point","coordinates":[-50.954002,-28.455281]}},{"type":"Feature","properties":{"Tipo de Ambiente":"Instituição de Ciência e Tecnologia​","Sigla/Nome Fantasia":"IFRS","Nome Completo":"Instituto Federal De Educação, Ciência E Tecnologia Do Rio Grande Do Sul - Campus Veranópolis","Site":"https://ifrs.edu.br/veranopolis/","Telefone":"54 3437-2305","E-mail":"","Endereço":"BR-470, Km 172 6500  Sapopema","CEP":"95330-000","Município":"Veranópolis","ERI":"Serra Gaúcha","Áreas de Atuação":"","Revisão":"5/1/2025"},"geometry":{"type":"Point","coordinates":[-51.550801,-28.902585]}},{"type":"Feature","properties":{"Tipo de Ambiente":"Instituição de Ciência e Tecnologia​","Sigla/Nome Fantasia":"IFRS","Nome Completo":"Instituto Federal De Educação, Ciência E Tecnologia Do Rio Grande Do Sul - Campus Viamão","Site":"https://ifrs.edu.br/viamao/","Telefone":"51 3320-7115/3320-7124","E-mail":"","Endereço":"Rodovia Tapir Rocha 7000  Querência","CEP":"94440-000","Município":"Viamão","ERI":"Metropolitana e Litoral Norte","Áreas de Atuação":"","Revisão":"5/1/2025"},"geometry":{"type":"Point","coordinates":[-51057540,-30085764]}},{"type":"Feature","properties":{"Tipo de Ambiente":"Instituição de Ciência e Tecnologia​","Sigla/Nome Fantasia":"IFSul","Nome Completo":"Instituto Federal De Educação, Ciência E Tecnologia Sul-Rio-Grandense ","Site":"http://www.ifsul.edu.br/","Telefone":"53 3026-6050","E-mail":"","Endereço":"Rua Gonçalves Chaves 3218  Centro","CEP":"96015-560","Município":"Pelotas","ERI":"Sul","Áreas de Atuação":"","Revisão":"5/1/2025"},"geometry":{"type":"Point","coordinates":[-52.33364,-31.757675]}},{"type":"Feature","properties":{"Tipo de Ambiente":"Instituição de Ciência e Tecnologia​","Sigla/Nome Fantasia":"IFSul","Nome Completo":"Instituto Federal De Educação, Ciência E Tecnologia Sul-Rio-Grandense - Campus Bagé","Site":"http://www.bage.ifsul.edu.br/portal/","Telefone":"53 99947-7902","E-mail":"","Endereço":"Av. Leonel de Moura Brizola 2501  Pedras Brancas","CEP":"96418-400","Município":"Bagé","ERI":"Campanha e Fronteira Oeste","Áreas de Atuação":"","Revisão":"5/1/2025"},"geometry":{"type":"Point","coordinates":[-54.07185,-31.332134]}},{"type":"Feature","properties":{"Tipo de Ambiente":"Instituição de Ciência e Tecnologia​","Sigla/Nome Fantasia":"IFSul","Nome Completo":"Instituto Federal De Educação, Ciência E Tecnologia Sul-Rio-Grandense - Campus Camaquã","Site":"http://www.camaqua.ifsul.edu.br/","Telefone":"51 3671-7350","E-mail":"","Endereço":"Rua Ana Gonçalves da Silva 901  Olaria","CEP":"96785-130","Município":"Camaquã","ERI":"Metropolitana e Litoral Norte","Áreas de Atuação":"","Revisão":"5/1/2025"},"geometry":{"type":"Point","coordinates":[-51.800791,-30.864]}},{"type":"Feature","properties":{"Tipo de Ambiente":"Instituição de Ciência e Tecnologia​","Sigla/Nome Fantasia":"IFSul","Nome Completo":"Instituto Federal De Educação, Ciência E Tecnologia Sul-Rio-Grandense - Campus Charqueadas","Site":"http://www.charqueadas.ifsul.edu.br/","Telefone":"51 3658-3602","E-mail":"","Endereço":"Rua General Balbão 81  Centro","CEP":"96745-000","Município":"Charqueadas","ERI":"Metropolitana e Litoral Norte","Áreas de Atuação":"","Revisão":"5/1/2025"},"geometry":{"type":"Point","coordinates":[-51.624491,-29.964359]}},{"type":"Feature","properties":{"Tipo de Ambiente":"Instituição de Ciência e Tecnologia​","Sigla/Nome Fantasia":"IFSul","Nome Completo":"Instituto Federal De Educação, Ciência E Tecnologia Sul-Rio-Grandense - Campus Gravataí","Site":"http://www.gravatai.ifsul.edu.br/","Telefone":"53 99177-3798","E-mail":"","Endereço":"Rua Men de Sá 800  Bom Sucesso","CEP":"94135-300","Município":"Gravataí","ERI":"Metropolitana e Litoral Norte","Áreas de Atuação":"","Revisão":"5/1/2025"},"geometry":{"type":"Point","coordinates":[-51.039474,-29.929619]}},{"type":"Feature","properties":{"Tipo de Ambiente":"Instituição de Ciência e Tecnologia​","Sigla/Nome Fantasia":"IFSul","Nome Completo":"Instituto Federal De Educação, Ciência E Tecnologia Sul-Rio-Grandense - Campus Jaguarão","Site":"http://www.jaguarao.ifsul.edu.br/","Telefone":"53 99923-4801","E-mail":"","Endereço":"Corredos das Tropas 801  ","CEP":"96300-000","Município":"Jaguarão","ERI":"Sul","Áreas de Atuação":"","Revisão":"5/1/2025"},"geometry":{"type":"Point","coordinates":[-53.357,-32.558]}},{"type":"Feature","properties":{"Tipo de Ambiente":"Instituição de Ciência e Tecnologia​","Sigla/Nome Fantasia":"IFSul","Nome Completo":"Instituto Federal De Educação, Ciência E Tecnologia Sul-Rio-Grandense - Campus Lajeado","Site":"http://www.lajeado.ifsul.edu.br/","Telefone":"51 3710-7900","E-mail":"","Endereço":"Rua João Goulart 2150  Olarias","CEP":"95910-016","Município":"Lajeado","ERI":"Vales","Áreas de Atuação":"","Revisão":"5/1/2025"},"geometry":{"type":"Point","coordinates":[-51.986944,-29.43745]}},{"type":"Feature","properties":{"Tipo de Ambiente":"Instituição de Ciência e Tecnologia​","Sigla/Nome Fantasia":"IFSul","Nome Completo":"Instituto Federal De Educação, Ciência E Tecnologia Sul-Rio-Grandense - Campus Novo Hamburgo","Site":"http://www.novohamburgo.ifsul.edu.br/portal/","Telefone":"51 99134-4391","E-mail":"","Endereço":"Rua Pinheiro Machado 205  Industrial","CEP":"93320-490","Município":"Novo Hamburgo","ERI":"Metropolitana e Litoral Norte","Áreas de Atuação":"","Revisão":"5/1/2025"},"geometry":{"type":"Point","coordinates":[-51.130859,-29.717915]}},{"type":"Feature","properties":{"Tipo de Ambiente":"Instituição de Ciência e Tecnologia​","Sigla/Nome Fantasia":"IFSul","Nome Completo":"Instituto Federal De Educação, Ciência E Tecnologia Sul-Rio-Grandense - Campus Passo Fundo","Site":"http://passofundo.ifsul.edu.br/","Telefone":"54 3311-2916","E-mail":"","Endereço":"Estratada Perimetral Leste  150  Loteamento Parque Farroupilha","CEP":"99064-440","Município":"Passo Fundo","ERI":"Produção e Norte","Áreas de Atuação":"","Revisão":"5/1/2025"},"geometry":{"type":"Point","coordinates":[-52.3574,-28.240799]}},{"type":"Feature","properties":{"Tipo de Ambiente":"Instituição de Ciência e Tecnologia​","Sigla/Nome Fantasia":"IFSul","Nome Completo":"Instituto Federal De Educação, Ciência E Tecnologia Sul-Rio-Grandense - Campus Santana do Livramento","Site":"http://www.santana.ifsul.edu.br/","Telefone":"55 3621-1190","E-mail":"","Endereço":"Avenida Paul Harris 410  Fortim","CEP":"97574-360","Município":"Santana do Livramento","ERI":"Campanha e Fronteira Oeste","Áreas de Atuação":"","Revisão":"5/1/2025"},"geometry":{"type":"Point","coordinates":[-55.532898,-30.900905]}},{"type":"Feature","properties":{"Tipo de Ambiente":"Instituição de Ciência e Tecnologia​","Sigla/Nome Fantasia":"IFSul","Nome Completo":"Instituto Federal De Educação, Ciência E Tecnologia Sul-Rio-Grandense - Campus Sapiranga","Site":"http://www.sapiranga.ifsul.edu.br/portal/","Telefone":"51 99239-9484","E-mail":"","Endereço":"Avenida Carlos Gilberto Weis 155  Quatro Colônias","CEP":"93804-870","Município":"Sapiranga","ERI":"Metropolitana e Litoral Norte","Áreas de Atuação":"","Revisão":"5/1/2025"},"geometry":{"type":"Point","coordinates":[-51.031935,-29.64861]}},{"type":"Feature","properties":{"Tipo de Ambiente":"Instituição de Ciência e Tecnologia​","Sigla/Nome Fantasia":"IFSul","Nome Completo":"Instituto Federal De Educação, Ciência E Tecnologia Sul-Rio-Grandense - Campus Sapucaia do Sul","Site":"http://www.sapucaia.ifsul.edu.br/","Telefone":"51 3452-9200","E-mail":"","Endereço":"Avenida Copacabana 100  Piratini","CEP":"93216-120","Município":"Sapucaia do Sul","ERI":"Metropolitana e Litoral Norte","Áreas de Atuação":"","Revisão":"5/1/2025"},"geometry":{"type":"Point","coordinates":[-51.156208,-29.815593]}},{"type":"Feature","properties":{"Tipo de Ambiente":"Instituição de Ciência e Tecnologia​","Sigla/Nome Fantasia":"IFSul","Nome Completo":"Instituto Federal De Educação, Ciência E Tecnologia Sul-Rio-Grandense - Campus Venâncio Aires","Site":"http://www.venancio.ifsul.edu.br/portal/","Telefone":"51 3793-4200","E-mail":"","Endereço":"Avenida das Indústrias 1865  Universitário","CEP":"95800-000","Município":"Venâncio Aires","ERI":"Vales","Áreas de Atuação":"","Revisão":"5/1/2025"},"geometry":{"type":"Point","coordinates":[-52.170345,-29.63694]}},{"type":"Feature","properties":{"Tipo de Ambiente":"Instituição de Ciência e Tecnologia​","Sigla/Nome Fantasia":"Instituto Eldorado","Nome Completo":"Instituto de Pesquisas Eldorado","Site":"https://www.eldorado.org.br/","Telefone":"51 3083-2900","E-mail":"","Endereço":"Av. Ipiranga 6681  Prédio 99A, 13º andar, sala 1301, Parque Científico e Tecnológico da PUCRS Partenon","CEP":"90619-900","Município":"Porto Alegre","ERI":"Metropolitana e Litoral Norte","Áreas de Atuação":"","Revisão":"5/1/2025"},"geometry":{"type":"Point","coordinates":[-51.1715249,-30.0597042]}},{"type":"Feature","properties":{"Tipo de Ambiente":"Instituição de Ciência e Tecnologia​","Sigla/Nome Fantasia":"IRGA","Nome Completo":"Instituto Rio Grandense Do Arroz ","Site":"https://irga.rs.gov.br/inicial","Telefone":"51 3288-0400","E-mail":"","Endereço":"Av. Farrapos 3999  Navegantes","CEP":"90220-007","Município":"Porto Alegre","ERI":"Metropolitana e Litoral Norte","Áreas de Atuação":"","Revisão":"5/1/2025"},"geometry":{"type":"Point","coordinates":[-51.1976656,-29.9981275]}},{"type":"Feature","properties":{"Tipo de Ambiente":"Instituição de Ciência e Tecnologia​","Sigla/Nome Fantasia":"ISI","Nome Completo":"Instituto SENAI de Inovação em Engenharia de Polímeros","Site":"https://www.senairs.org.br/institutos/engenharia-de-polimeros","Telefone":"51 3904-2700","E-mail":"","Endereço":"Av. Presidente João Goulart 682  Vicentina","CEP":"93030-090","Município":"São Leopoldo","ERI":"Metropolitana e Litoral Norte","Áreas de Atuação":"","Revisão":"5/1/2025"},"geometry":{"type":"Point","coordinates":[-51.147362,-29.778453]}},{"type":"Feature","properties":{"Tipo de Ambiente":"Instituição de Ciência e Tecnologia​","Sigla/Nome Fantasia":"ISI","Nome Completo":"Instituto SENAI de Inovação em Sistemas de Sensoriamento","Site":"https://www.senairs.org.br/institutos/sistemas-de-sensoriamento","Telefone":"51 3904-2690","E-mail":"","Endereço":"Av. Getúlio Vargas 3239  São João Batista","CEP":"93025-753","Município":"São Leopoldo","ERI":"Metropolitana e Litoral Norte","Áreas de Atuação":"","Revisão":"5/1/2025"},"geometry":{"type":"Point","coordinates":[-51.163352,-29.785776]}},{"type":"Feature","properties":{"Tipo de Ambiente":"Instituição de Ciência e Tecnologia​","Sigla/Nome Fantasia":"ISI","Nome Completo":"Instituto SENAI de Tecnologia em Alimentos e Bebidas","Site":"https://www.senairs.org.br/institutos/alimentos-e-bebidas","Telefone":"51 3904-2621","E-mail":"","Endereço":"Av. Sertório 473  Navegantes","CEP":"91020-001","Município":"Porto Alegre","ERI":"Metropolitana e Litoral Norte","Áreas de Atuação":"","Revisão":"5/1/2025"},"geometry":{"type":"Point","coordinates":[-51.200957,-29.999734]}},{"type":"Feature","properties":{"Tipo de Ambiente":"Instituição de Ciência e Tecnologia​","Sigla/Nome Fantasia":"ISI","Nome Completo":"Instituto SENAI de Tecnologia em Calçado e Logística Industrial ","Site":"https://www.senairs.org.br/institutos/calcado-e-logistica-industrial","Telefone":"51 3904-2720","E-mail":"","Endereço":"Av. Pedro Adams Filho 6338  Operário","CEP":"93510-080","Município":"Novo Hamburgo","ERI":"Metropolitana e Litoral Norte","Áreas de Atuação":"","Revisão":"5/1/2025"},"geometry":{"type":"Point","coordinates":[-51.131586,-29.676431]}},{"type":"Feature","properties":{"Tipo de Ambiente":"Instituição de Ciência e Tecnologia​","Sigla/Nome Fantasia":"ISI","Nome Completo":"Instituto SENAI de Tecnologia em Petróleo, Gás e Energia","Site":"https://www.senairs.org.br/institutos/petroleo-gas-e-energia","Telefone":"51 3904-2660","E-mail":"","Endereço":"Av. Presidente Vargas 3023  São Sebastião","CEP":"93265-226","Município":"Esteio","ERI":"Metropolitana e Litoral Norte","Áreas de Atuação":"","Revisão":"5/1/2025"},"geometry":{"type":"Point","coordinates":[-51.179787,-29.857159]}},{"type":"Feature","properties":{"Tipo de Ambiente":"Instituição de Ciência e Tecnologia​","Sigla/Nome Fantasia":"ISI","Nome Completo":"Instituto SENAI de Tecnologia em Couro e Meio Ambiente","Site":"https://www.senairs.org.br/institutos/couro-e-meio-ambiente","Telefone":"51 3904-2735 / 3904-2637","E-mail":"","Endereço":"Rua Gregório de Mattos 111  Floresta","CEP":"93600-440","Município":"Estância Velha","ERI":"Metropolitana e Litoral Norte","Áreas de Atuação":"","Revisão":"5/1/2025"},"geometry":{"type":"Point","coordinates":[-51.170273,-29.650809]}},{"type":"Feature","properties":{"Tipo de Ambiente":"Instituição de Ciência e Tecnologia​","Sigla/Nome Fantasia":"ISI","Nome Completo":"Instituto SENAI de Tecnologia em Madeira e Mobiliário","Site":"https://www.senairs.org.br/institutos/madeira-e-mobiliario","Telefone":"54 3449-7500","E-mail":"","Endereço":"Av. Pres. Costa e Silva 571  Planalto","CEP":"95700-000","Município":"Bento Gonçalves","ERI":"Serra Gaúcha","Áreas de Atuação":"","Revisão":"5/1/2025"},"geometry":{"type":"Point","coordinates":[-51.499344,-29.164993]}},{"type":"Feature","properties":{"Tipo de Ambiente":"Instituição de Ciência e Tecnologia​","Sigla/Nome Fantasia":"ISI","Nome Completo":"Instituto SENAI de Tecnologia em Mecatrônica","Site":"https://www.senairs.org.br/institutos/mecatronica","Telefone":"54 3238-7600","E-mail":"","Endereço":"Rua Travessão Solferino 501  Cruzeiro","CEP":"95076-420","Município":"Caxias do Sul","ERI":"Serra Gaúcha","Áreas de Atuação":"","Revisão":"5/1/2025"},"geometry":{"type":"Point","coordinates":[-51.143583,-29.161001]}},{"type":"Feature","properties":{"Tipo de Ambiente":"Instituição de Ciência e Tecnologia​","Sigla/Nome Fantasia":"Liberato","Nome Completo":"Fundação Escola Técnica Liberato Salzano Vieira da Cunha","Site":"https://www.liberato.com.br/ ","Telefone":"51 3584-2000","E-mail":"","Endereço":"Rua Inconfidentes 395  Primavera","CEP":"93340-140","Município":"Novo Hamburgo","ERI":"Metropolitana e Litoral Norte","Áreas de Atuação":"","Revisão":"5/1/2025"},"geometry":{"type":"Point","coordinates":[-51.148767,-29.69273]}},{"type":"Feature","properties":{"Tipo de Ambiente":"Instituição de Ciência e Tecnologia​","Sigla/Nome Fantasia":"PUCRS","Nome Completo":"Pontifícia Universidade Católica Do Rio Grande Do Sul ","Site":"www.pucrs.br","Telefone":"51 3320-3500","E-mail":"","Endereço":"Av. Ipiranga 6681  Partenon","CEP":"90619-900","Município":"Porto Alegre","ERI":"Metropolitana e Litoral Norte","Áreas de Atuação":"","Revisão":"5/1/2025"},"geometry":{"type":"Point","coordinates":[-51.1733803,-30.0586387]}},{"type":"Feature","properties":{"Tipo de Ambiente":"Instituição de Ciência e Tecnologia​","Sigla/Nome Fantasia":"SETREM","Nome Completo":"Sociedade Educacional Três de Maio","Site":"https://setrem.edu.br/","Telefone":"55 3535-4600","E-mail":"","Endereço":"Av. Santa Rosa 2405  Pastor Gustav Hüedepohl","CEP":"98910-000","Município":"Três de Maio","ERI":"Noroeste e Missões","Áreas de Atuação":"","Revisão":"5/1/2025"},"geometry":{"type":"Point","coordinates":[-54.249115,-27.782046]}},{"type":"Feature","properties":{"Tipo de Ambiente":"Instituição de Ciência e Tecnologia​","Sigla/Nome Fantasia":"SOFTSUL","Nome Completo":"Assoc. Sulriograndense De Apoio Ao Des. De Software","Site":"https://www.softsul.org.br/","Telefone":"51 3346-4422","E-mail":"","Endereço":"Rua Padre Chagas 79 Conj. 802 Moinhos de Vento","CEP":"90570-080","Município":"Porto Alegre","ERI":"Metropolitana e Litoral Norte","Áreas de Atuação":"","Revisão":"5/1/2025"},"geometry":{"type":"Point","coordinates":[-51.204177,-30.0259445]}},{"type":"Feature","properties":{"Tipo de Ambiente":"Instituição de Ciência e Tecnologia​","Sigla/Nome Fantasia":"UCS","Nome Completo":"Universidade De Caxias Do Sul ","Site":"https://www.ucs.br ","Telefone":"54 3218-2100","E-mail":"","Endereço":"Rua Francisco Getúlio Vargas 1130  Petrópolis","CEP":"95070-560","Município":"Caxias do Sul","ERI":"Serra Gaúcha","Áreas de Atuação":"","Revisão":"5/1/2025"},"geometry":{"type":"Point","coordinates":[-51.1493917,-29.1616955]}},{"type":"Feature","properties":{"Tipo de Ambiente":"Instituição de Ciência e Tecnologia​","Sigla/Nome Fantasia":"UCS","Nome Completo":"Universidade De Caxias Do Sul - Campus Região dos Vinhedos","Site":"https://www.ucs.br/site/vestibular/campus-universitario-da-regiao-dos-vinhedos/","Telefone":"54 3449-5200","E-mail":"","Endereço":"Alameda João Dal Sasso 800  Universitário ","CEP":"95705-266","Município":"Bento Gonçalves","ERI":"Serra Gaúcha","Áreas de Atuação":"","Revisão":"5/1/2025"},"geometry":{"type":"Point","coordinates":[-51.520629,-29.148178]}},{"type":"Feature","properties":{"Tipo de Ambiente":"Instituição de Ciência e Tecnologia​","Sigla/Nome Fantasia":"UCS","Nome Completo":"Universidade De Caxias Do Sul - Campus Vacaria","Site":"https://www.ucs.br/site/vestibular/campus-universitario-de-vacaria/","Telefone":"54 3908-5400","E-mail":"","Endereço":"Av. Dom Frei Cândido Maria Bampi 2800  Barcellos","CEP":"95206-364","Município":"Vacaria","ERI":"Serra Gaúcha","Áreas de Atuação":"","Revisão":"5/1/2025"},"geometry":{"type":"Point","coordinates":[-50.906183,-28.515611]}},{"type":"Feature","properties":{"Tipo de Ambiente":"Instituição de Ciência e Tecnologia​","Sigla/Nome Fantasia":"UCS","Nome Completo":"Universidade De Caxias Do Sul - Campus Vale do Caí","Site":"https://www.ucs.br/site/vestibular/campus-universitario-vale-do-cai/","Telefone":"51 3536-1727","E-mail":"","Endereço":"RS 122 S/N km 10 ","CEP":"95760-000","Município":"São Sebastião do Caí","ERI":"Metropolitana e Litoral Norte","Áreas de Atuação":"","Revisão":"5/1/2025"},"geometry":{"type":"Point","coordinates":[-51.344033,-29.615593]}},{"type":"Feature","properties":{"Tipo de Ambiente":"Instituição de Ciência e Tecnologia​","Sigla/Nome Fantasia":"UCS","Nome Completo":"Universidade De Caxias Do Sul - Campus Hortênsias","Site":"https://www.ucs.br/site/vestibular/campus-universitario-da-regiao-das-hortensias/","Telefone":"54 3282-5200","E-mail":"","Endereço":"Rua Rodolfo Schlieper 222  Quinta da Serra","CEP":"95680-000","Município":"Canela","ERI":"Serra Gaúcha","Áreas de Atuação":"","Revisão":"5/1/2025"},"geometry":{"type":"Point","coordinates":[-50.816467,-29.365664]}},{"type":"Feature","properties":{"Tipo de Ambiente":"Instituição de Ciência e Tecnologia​","Sigla/Nome Fantasia":"UCS","Nome Completo":"Universidade De Caxias Do Sul - Campus Farroupilha","Site":"https://www.ucs.br/site/vestibular/campus-universitario-de-farroupilha/","Telefone":"54 3261-2922","E-mail":"","Endereço":"Rodovia dos Romeiros 567  Cinquentenário","CEP":"95180-000","Município":"Farroupilha","ERI":"Serra Gaúcha","Áreas de Atuação":"","Revisão":"5/1/2025"},"geometry":{"type":"Point","coordinates":[-51.352763,-29.211023]}},{"type":"Feature","properties":{"Tipo de Ambiente":"Instituição de Ciência e Tecnologia​","Sigla/Nome Fantasia":"UCS","Nome Completo":"Universidade De Caxias Do Sul - Campus Guaporé","Site":"https://www.ucs.br/site/vestibular/campus-universitario-de-guapore/","Telefone":"54 3443-8400","E-mail":"","Endereço":"RS 129  Km 119  Distrito de Colombro","CEP":"99200-000","Município":"Guaporé","ERI":"Serra Gaúcha","Áreas de Atuação":"","Revisão":"5/1/2025"},"geometry":{"type":"Point","coordinates":[-51.865073,-28.915264]}},{"type":"Feature","properties":{"Tipo de Ambiente":"Instituição de Ciência e Tecnologia​","Sigla/Nome Fantasia":"UCS","Nome Completo":"Universidade De Caxias Do Sul - Campus Nova Prata","Site":"https://www.ucs.br/site/vestibular/campus-universitario-de-nova-prata/","Telefone":"54 3242-1008","E-mail":"","Endereço":"Rua Clemente Tarasconi 71  ","CEP":"95320-000","Município":"Nova Prata","ERI":"Serra Gaúcha","Áreas de Atuação":"","Revisão":"5/1/2025"},"geometry":{"type":"Point","coordinates":[-51.610747,-28.785459]}},{"type":"Feature","properties":{"Tipo de Ambiente":"Instituição de Ciência e Tecnologia​","Sigla/Nome Fantasia":"UERGS","Nome Completo":"Universidade Estadual Do Rio Grande Do Sul ","Site":"https://www.uergs.edu.br","Telefone":"51 3288-9011","E-mail":"","Endereço":"Rua Washington Luiz 675  Centro","CEP":"90010-460","Município":"Porto Alegre","ERI":"Metropolitana e Litoral Norte","Áreas de Atuação":"","Revisão":"5/1/2025"},"geometry":{"type":"Point","coordinates":[-51.2339768,-30.0304996]}},{"type":"Feature","properties":{"Tipo de Ambiente":"Instituição de Ciência e Tecnologia​","Sigla/Nome Fantasia":"UERGS","Nome Completo":"Universidade Estadual Do Rio Grande Do Sul - Campus Alegrete","Site":"https://www.uergs.edu.br/alegrete","Telefone":"55 3421-2065","E-mail":"","Endereço":"Rua Brigadeiro Olivério 1346  Cidade Alta","CEP":"97543-100","Município":"Alegrete","ERI":"Campanha e Fronteira Oeste","Áreas de Atuação":"","Revisão":"5/1/2025"},"geometry":{"type":"Point","coordinates":[-55.802626,-29.797258]}},{"type":"Feature","properties":{"Tipo de Ambiente":"Instituição de Ciência e Tecnologia​","Sigla/Nome Fantasia":"UERGS","Nome Completo":"Universidade Estadual Do Rio Grande Do Sul - Campus Bagé","Site":"https://www.uergs.edu.br/bage","Telefone":"53 3242-1336","E-mail":"","Endereço":"Av. Tupi Silveira 2820  São Jorge","CEP":"96408-700","Município":"Bagé","ERI":"Campanha e Fronteira Oeste","Áreas de Atuação":"","Revisão":"5/1/2025"},"geometry":{"type":"Point","coordinates":[-54.109623,-31.307439]}},{"type":"Feature","properties":{"Tipo de Ambiente":"Instituição de Ciência e Tecnologia​","Sigla/Nome Fantasia":"UERGS","Nome Completo":"Universidade Estadual Do Rio Grande Do Sul - Campus Bento Gonçalves","Site":"https://www.uergs.edu.br/bento-goncalves","Telefone":"54 3452-0389","E-mail":"","Endereço":"Rua Benjamin Constant 229  Centro","CEP":"95700-346","Município":"Bento Gonçalves","ERI":"Serra Gaúcha","Áreas de Atuação":"","Revisão":"5/1/2025"},"geometry":{"type":"Point","coordinates":[-51.517947,-29.170104]}},{"type":"Feature","properties":{"Tipo de Ambiente":"Instituição de Ciência e Tecnologia​","Sigla/Nome Fantasia":"UERGS","Nome Completo":"Universidade Estadual Do Rio Grande Do Sul - Campus Soledade","Site":"https://www.uergs.edu.br/botucarai-soledade","Telefone":"54 3381-1483","E-mail":"","Endereço":"Travessa Ticiano Felippi 100  Botucaraí","CEP":"99300-000","Município":"Soledade","ERI":"Produção e Norte","Áreas de Atuação":"","Revisão":"5/1/2025"},"geometry":{"type":"Point","coordinates":[-52.497707,-28.817341]}},{"type":"Feature","properties":{"Tipo de Ambiente":"Instituição de Ciência e Tecnologia​","Sigla/Nome Fantasia":"UERGS","Nome Completo":"Universidade Estadual Do Rio Grande Do Sul - Campus Cachoeira do Sul","Site":"https://www.uergs.edu.br/cachoeira-do-sul","Telefone":"51 3724-0453","E-mail":"","Endereço":"Rua Sete de Setembro 1040  Centro","CEP":"96508-010","Município":"Cachoeira do Sul","ERI":"Central","Áreas de Atuação":"","Revisão":"5/1/2025"},"geometry":{"type":"Point","coordinates":[-52.893332,-30.04547]}},{"type":"Feature","properties":{"Tipo de Ambiente":"Instituição de Ciência e Tecnologia​","Sigla/Nome Fantasia":"UERGS","Nome Completo":"Universidade Estadual Do Rio Grande Do Sul - Campus Caxias do Sul","Site":"https://www.uergs.edu.br/caxias-do-sul","Telefone":"54 3225-7486","E-mail":"","Endereço":"Avenida Júlio de Castilhos 3947  Cinquentenário","CEP":"95010-005","Município":"Caxias do Sul","ERI":"Serra Gaúcha","Áreas de Atuação":"","Revisão":"5/1/2025"},"geometry":{"type":"Point","coordinates":[-51.202769,-29.167986]}},{"type":"Feature","properties":{"Tipo de Ambiente":"Instituição de Ciência e Tecnologia​","Sigla/Nome Fantasia":"UERGS","Nome Completo":"Universidade Estadual Do Rio Grande Do Sul - Campus Cruz Alta","Site":"https://www.uergs.edu.br/cruz-alta","Telefone":"55 3322-9563","E-mail":"","Endereço":"Rua General Andrade Neves 336  Centro","CEP":"98005-145","Município":"Cruz Alta","ERI":"Central","Áreas de Atuação":"","Revisão":"5/1/2025"},"geometry":{"type":"Point","coordinates":[-53.605077,-28.641135]}},{"type":"Feature","properties":{"Tipo de Ambiente":"Instituição de Ciência e Tecnologia​","Sigla/Nome Fantasia":"UERGS","Nome Completo":"Universidade Estadual Do Rio Grande Do Sul - Campus Encantado","Site":"https://www.uergs.edu.br/encantado","Telefone":"51 3751-3376","E-mail":"","Endereço":"Rua Alegrete 821  São José","CEP":"95960-000","Município":"Encantado","ERI":"Vales","Áreas de Atuação":"","Revisão":"5/1/2025"},"geometry":{"type":"Point","coordinates":[-51.88992,-29.224559]}},{"type":"Feature","properties":{"Tipo de Ambiente":"Instituição de Ciência e Tecnologia​","Sigla/Nome Fantasia":"UERGS","Nome Completo":"Universidade Estadual Do Rio Grande Do Sul - Campus Erechim","Site":"https://www.uergs.edu.br/erechim","Telefone":"54 3519-8510","E-mail":"","Endereço":"Rua José Bisognim 250  São Cristóvão","CEP":"99700-000","Município":"Erechim","ERI":"Produção e Norte","Áreas de Atuação":"","Revisão":"5/1/2025"},"geometry":{"type":"Point","coordinates":[-52.274809,-27.648412]}},{"type":"Feature","properties":{"Tipo de Ambiente":"Instituição de Ciência e Tecnologia​","Sigla/Nome Fantasia":"UERGS","Nome Completo":"Universidade Estadual Do Rio Grande Do Sul - Campus Frederico Westphalen","Site":"https://www.uergs.edu.br/frederico-westphalen","Telefone":"55 3744-1142","E-mail":"","Endereço":"Rua Nossa Senhora Aparecida 115  Aparecida","CEP":"98400-000","Município":"Frederico Westphalen","ERI":"Produção e Norte","Áreas de Atuação":"","Revisão":"5/1/2025"},"geometry":{"type":"Point","coordinates":[-53.402444,-27.37037]}},{"type":"Feature","properties":{"Tipo de Ambiente":"Instituição de Ciência e Tecnologia​","Sigla/Nome Fantasia":"UERGS","Nome Completo":"Universidade Estadual Do Rio Grande Do Sul - Campus Guaíba","Site":"https://www.uergs.edu.br/guaiba","Telefone":"51 3491-4042","E-mail":"","Endereço":"Estrada Santa Maria 2300  Columbia City","CEP":"92717-310","Município":"Guaíba","ERI":"Metropolitana e Litoral Norte","Áreas de Atuação":"","Revisão":"5/1/2025"},"geometry":{"type":"Point","coordinates":[-51.369557,-30.119244]}},{"type":"Feature","properties":{"Tipo de Ambiente":"Instituição de Ciência e Tecnologia​","Sigla/Nome Fantasia":"UERGS","Nome Completo":"Universidade Estadual Do Rio Grande Do Sul - Campus Hortênsias","Site":"https://www.uergs.edu.br/hortensias","Telefone":"54 3244-2912","E-mail":"","Endereço":"Rua Assis Brasil 842 Acesso pela rua Santos Dumont Centro","CEP":"95400-000","Município":"São Francisco de Paula","ERI":"Serra Gaúcha","Áreas de Atuação":"","Revisão":"5/1/2025"},"geometry":{"type":"Point","coordinates":[-50.583935,-29.445194]}},{"type":"Feature","properties":{"Tipo de Ambiente":"Instituição de Ciência e Tecnologia​","Sigla/Nome Fantasia":"UERGS","Nome Completo":"Universidade Estadual Do Rio Grande Do Sul - Campus Litoral Norte","Site":"https://www.uergs.edu.br/litoral-norte-osorio","Telefone":"51 3663-9455","E-mail":"","Endereço":" Rua Machado de Assis 1456 Campus Regional I Sulbrasileiro","CEP":"95520-000","Município":"Osório","ERI":"Metropolitana e Litoral Norte","Áreas de Atuação":"","Revisão":"5/1/2025"},"geometry":{"type":"Point","coordinates":[-50.263472,-29.89681]}},{"type":"Feature","properties":{"Tipo de Ambiente":"Instituição de Ciência e Tecnologia​","Sigla/Nome Fantasia":"UERGS","Nome Completo":"Universidade Estadual Do Rio Grande Do Sul - Campus Montenegro","Site":"https://www.uergs.edu.br/montenegro","Telefone":"51 3632-4427","E-mail":"","Endereço":"Rua Cap. Porfírio 2141  Centro","CEP":"92510-150","Município":"Montenegro","ERI":"Metropolitana e Litoral Norte","Áreas de Atuação":"","Revisão":"5/1/2025"},"geometry":{"type":"Point","coordinates":[-51.459933,-29.684216]}},{"type":"Feature","properties":{"Tipo de Ambiente":"Instituição de Ciência e Tecnologia​","Sigla/Nome Fantasia":"UERGS","Nome Completo":"Universidade Estadual Do Rio Grande Do Sul - Campus Sananduva","Site":"https://www.uergs.edu.br/sananduva","Telefone":"54 3343-3241","E-mail":"","Endereço":"Avenida Fiorentino Bach 311  Centro","CEP":"99840-000","Município":"Sananduva","ERI":"Produção e Norte","Áreas de Atuação":"","Revisão":"5/1/2025"},"geometry":{"type":"Point","coordinates":[-51.80453,-27.950606]}},{"type":"Feature","properties":{"Tipo de Ambiente":"Instituição de Ciência e Tecnologia​","Sigla/Nome Fantasia":"UERGS","Nome Completo":"Universidade Estadual Do Rio Grande Do Sul - Campus Santa Cruz do Sul","Site":"https://www.uergs.edu.br/santa-cruz-do-sul","Telefone":"51 3715-6926","E-mail":"","Endereço":"Avenida Independência 2824  Renascença","CEP":"96816-501","Município":"Santa Cruz do Sul","ERI":"Vales","Áreas de Atuação":"","Revisão":"5/1/2025"},"geometry":{"type":"Point","coordinates":[-52.444906,-29.691867]}},{"type":"Feature","properties":{"Tipo de Ambiente":"Instituição de Ciência e Tecnologia​","Sigla/Nome Fantasia":"UERGS","Nome Completo":"Universidade Estadual Do Rio Grande Do Sul - Campus Santana do Livramento","Site":"https://www.uergs.edu.br/santana-do-livramento","Telefone":"55 3244-1440","E-mail":"","Endereço":"Rua Rivadávia Corrêa 825  Centro","CEP":"97573-553","Município":"Santana do Livramento","ERI":"Campanha e Fronteira Oeste","Áreas de Atuação":"","Revisão":"5/1/2025"},"geometry":{"type":"Point","coordinates":[-55.532487,-30.889707]}},{"type":"Feature","properties":{"Tipo de Ambiente":"Instituição de Ciência e Tecnologia​","Sigla/Nome Fantasia":"UERGS","Nome Completo":"Universidade Estadual Do Rio Grande Do Sul - Campus São Borja","Site":"https://www.uergs.edu.br/sao-borja","Telefone":"55 3430-4125","E-mail":"","Endereço":"Avenida Presidente Tancredo Neves 210  Piraí","CEP":"97670-000","Município":"São Borja","ERI":"Campanha e Fronteira Oeste","Áreas de Atuação":"","Revisão":"5/1/2025"},"geometry":{"type":"Point","coordinates":[-55.989198,-28.642946]}},{"type":"Feature","properties":{"Tipo de Ambiente":"Instituição de Ciência e Tecnologia​","Sigla/Nome Fantasia":"UERGS","Nome Completo":"Universidade Estadual Do Rio Grande Do Sul - Campus São Luiz Gonzaga","Site":"https://www.uergs.edu.br/sao-luiz-gonzaga","Telefone":"55 3352-4370","E-mail":"","Endereço":"Avenida Senador Pinheiro Machado 4685  Agrícola","CEP":"97800-000","Município":"São Luiz Gonzaga","ERI":"Noroeste e Missões","Áreas de Atuação":"","Revisão":"5/1/2025"},"geometry":{"type":"Point","coordinates":[-54.950422,-28.4089]}},{"type":"Feature","properties":{"Tipo de Ambiente":"Instituição de Ciência e Tecnologia​","Sigla/Nome Fantasia":"UERGS","Nome Completo":"Universidade Estadual Do Rio Grande Do Sul - Campus Tapes","Site":"https://www.uergs.edu.br/tapes","Telefone":"51 3672-3055","E-mail":"","Endereço":"Rua Oscár Matzenbacher 475 Acesso pela rua Flores da Cunha Vila Borges","CEP":"96760-000","Município":"Tapes","ERI":"Metropolitana e Litoral Norte","Áreas de Atuação":"","Revisão":"5/1/2025"},"geometry":{"type":"Point","coordinates":[-51.409739,-30.672332]}},{"type":"Feature","properties":{"Tipo de Ambiente":"Instituição de Ciência e Tecnologia​","Sigla/Nome Fantasia":"UERGS","Nome Completo":"Universidade Estadual Do Rio Grande Do Sul - Campus Três Passos","Site":"https://www.uergs.edu.br/tres-passos","Telefone":"55 3522-2895","E-mail":"","Endereço":"Rua Cipriano Barata 211  Érico Veríssimo","CEP":"98600-000","Município":"Três Passos","ERI":"Noroeste e Missões","Áreas de Atuação":"","Revisão":"5/1/2025"},"geometry":{"type":"Point","coordinates":[-53.937624,-27.460653]}},{"type":"Feature","properties":{"Tipo de Ambiente":"Instituição de Ciência e Tecnologia​","Sigla/Nome Fantasia":"UERGS","Nome Completo":"Universidade Estadual Do Rio Grande Do Sul - Campus Vacaria","Site":"https://www.uergs.edu.br/vacaria","Telefone":"54 3232-3577","E-mail":"","Endereço":"Avenida Ribeiro Branco 1060  Parque dos Rodeios","CEP":"95201-380","Município":"Vacaria","ERI":"Serra Gaúcha","Áreas de Atuação":"","Revisão":"5/1/2025"},"geometry":{"type":"Point","coordinates":[-50.921086,-28.496479]}},{"type":"Feature","properties":{"Tipo de Ambiente":"Instituição de Ciência e Tecnologia​","Sigla/Nome Fantasia":"UFCSPA","Nome Completo":"Fundação Universidade Federal De Ciências Da Saúde De Porto Alegre","Site":"https://www.ufcspa.edu.br","Telefone":"51 3303-8700","E-mail":"","Endereço":"Rua Sarmento Leite 245  Centro","CEP":"90050-170","Município":"Porto Alegre","ERI":"Metropolitana e Litoral Norte","Áreas de Atuação":"","Revisão":"5/1/2025"},"geometry":{"type":"Point","coordinates":[-51.2204302,-30.0315318]}},{"type":"Feature","properties":{"Tipo de Ambiente":"Instituição de Ciência e Tecnologia​","Sigla/Nome Fantasia":"UFFS","Nome Completo":"Universidade Federal da Fronteira Sul - Campus Passo Fundo","Site":"https://www.uffs.edu.br/campi/passo-fundo","Telefone":"54 3335-8514","E-mail":"","Endereço":"Rua Capitão Araújo 20  Centro","CEP":"99010-200","Município":"Passo Fundo","ERI":"Produção e Norte","Áreas de Atuação":"","Revisão":"5/1/2025"},"geometry":{"type":"Point","coordinates":[-52.416646,-28.258181]}},{"type":"Feature","properties":{"Tipo de Ambiente":"Instituição de Ciência e Tecnologia​","Sigla/Nome Fantasia":"UFFS","Nome Completo":"Universidade Federal da Fronteira Sul - Campus Erechim","Site":"https://www.uffs.edu.br/campi/erechim","Telefone":"54 3321-7050","E-mail":"","Endereço":"ERS 135 - Km 72 200 Caixa Postal 764 ***","CEP":"99700-970","Município":"Erechim","ERI":"Produção e Norte","Áreas de Atuação":"","Revisão":"5/1/2025"},"geometry":{"type":"Point","coordinates":[-52.284087,-27.728818]}},{"type":"Feature","properties":{"Tipo de Ambiente":"Instituição de Ciência e Tecnologia​","Sigla/Nome Fantasia":"UFFS","Nome Completo":"Universidade Federal da Fronteira Sul - Campus Cerro Largo","Site":"https://www.uffs.edu.br/campi/cerro-largo","Telefone":"55 3359-3950","E-mail":"","Endereço":"Rua Jacob Reinaldo Haupenthal 1580  São Pedro","CEP":"97900-000","Município":"Cerro Largo","ERI":"Noroeste e Missões","Áreas de Atuação":"","Revisão":"5/1/2025"},"geometry":{"type":"Point","coordinates":[-54.738308,-28.151793]}},{"type":"Feature","properties":{"Tipo de Ambiente":"Instituição de Ciência e Tecnologia​","Sigla/Nome Fantasia":"UFN","Nome Completo":"Universidade Franciscana","Site":"https://site.ufn.edu.br/","Telefone":"55 3220-1200","E-mail":"","Endereço":"Rua dos Andradas 1614  Centro","CEP":"97010-030","Município":"Santa Maria","ERI":"Central","Áreas de Atuação":"","Revisão":"5/1/2025"},"geometry":{"type":"Point","coordinates":[-53.810731,-29.684951]}},{"type":"Feature","properties":{"Tipo de Ambiente":"Instituição de Ciência e Tecnologia​","Sigla/Nome Fantasia":"UFPEL","Nome Completo":"Universidade Federal De Pelotas ","Site":"http://portal.ufpel.edu.br/","Telefone":"53 3284-4001","E-mail":"","Endereço":"Rua Gomes Carneiro   Centro","CEP":"96010-610","Município":"Pelotas","ERI":"Sul","Áreas de Atuação":"","Revisão":"5/1/2025"},"geometry":{"type":"Point","coordinates":[-52.3235976,-31.7802232]}},{"type":"Feature","properties":{"Tipo de Ambiente":"Instituição de Ciência e Tecnologia​","Sigla/Nome Fantasia":"UFPEL","Nome Completo":"Universidade Federal De Pelotas - Campus Capão do Leão","Site":"https://ccs2.ufpel.edu.br/wp/tag/campus-capao-do-leao/","Telefone":" ","E-mail":"","Endereço":"Campus Universitário S/N  ","CEP":"96160-000","Município":"Capão do Leão","ERI":"Sul","Áreas de Atuação":"","Revisão":"5/1/2025"},"geometry":{"type":"Point","coordinates":[-52.414963,-31.801425]}},{"type":"Feature","properties":{"Tipo de Ambiente":"Instituição de Ciência e Tecnologia​","Sigla/Nome Fantasia":"UFRGS","Nome Completo":"Universidade Federal Do Rio Grande Do Sul ","Site":"https://www.ufrgs.br","Telefone":"51 3308-6000","E-mail":"","Endereço":"Avenida Paulo Gama 110  Farroupilha","CEP":"90040-060","Município":"Porto Alegre","ERI":"Metropolitana e Litoral Norte","Áreas de Atuação":"","Revisão":"5/1/2025"},"geometry":{"type":"Point","coordinates":[-51.2189074,-30.0338389]}},{"type":"Feature","properties":{"Tipo de Ambiente":"Instituição de Ciência e Tecnologia​","Sigla/Nome Fantasia":"UFRGS","Nome Completo":"Universidade Federal Do Rio Grande Do Sul - Campus Litoral Norte","Site":"https://www.ufrgs.br/litoral/","Telefone":"51 3308-1340","E-mail":"","Endereço":"Rodovia RS 030 11700 Km 92 - Emboaba Tramandaí","CEP":"95590-000","Município":"Tramandaí","ERI":"Metropolitana e Litoral Norte","Áreas de Atuação":"","Revisão":"5/1/2025"},"geometry":{"type":"Point","coordinates":[-50.227106,-29.987358]}},{"type":"Feature","properties":{"Tipo de Ambiente":"Instituição de Ciência e Tecnologia​","Sigla/Nome Fantasia":"UFSM","Nome Completo":"Universidade Federal De Santa Maria ","Site":"https://www.ufsm.br","Telefone":"55 3220-8000","E-mail":"","Endereço":"Avenida Roraima 1000 Cidade Universitária  Camobi","CEP":"97105-900","Município":"Santa Maria","ERI":"Central","Áreas de Atuação":"","Revisão":"5/1/2025"},"geometry":{"type":"Point","coordinates":[-53.7183707,-29.7215493]}},{"type":"Feature","properties":{"Tipo de Ambiente":"Instituição de Ciência e Tecnologia​","Sigla/Nome Fantasia":"UFSM","Nome Completo":"Universidade Federal De Santa Maria - Campus Frederico Westphalen","Site":"https://www.ufsm.br/unidades-universitarias/frederico-westphalen","Telefone":"55 3744-0600","E-mail":"","Endereço":"Linha 7 de Setembro S/N BR 386 Km 40 ","CEP":"98400-000","Município":"Frederico Westphalen","ERI":"Produção e Norte","Áreas de Atuação":"","Revisão":"5/1/2025"},"geometry":{"type":"Point","coordinates":[-53.428418,-27.395034]}},{"type":"Feature","properties":{"Tipo de Ambiente":"Instituição de Ciência e Tecnologia​","Sigla/Nome Fantasia":"UFSM","Nome Completo":"Universidade Federal De Santa Maria - Campus Palmeira das Missões","Site":"https://www.ufsm.br/unidades-universitarias/palmeira-das-missoes","Telefone":"55 3742-8800","E-mail":"","Endereço":"Av. Independência 3751  Vista Alegre","CEP":"98300-000","Município":"Palmeira das Missões","ERI":"Produção e Norte","Áreas de Atuação":"","Revisão":"5/1/2025"},"geometry":{"type":"Point","coordinates":[-53.317068,-27.921925]}},{"type":"Feature","properties":{"Tipo de Ambiente":"Instituição de Ciência e Tecnologia​","Sigla/Nome Fantasia":"UFSM","Nome Completo":"Universidade Federal De Santa Maria - Campus Cachoeira do Sul","Site":"https://www.ufsm.br/unidades-universitarias/cachoeira-do-sul","Telefone":"51 99389-9500","E-mail":"","Endereço":"Rod. Taufik Germano 3013  Universitário II","CEP":"96503-205","Município":"Cachoeira do Sul","ERI":"Central","Áreas de Atuação":"","Revisão":"5/1/2025"},"geometry":{"type":"Point","coordinates":[-52.939623,-30.010419]}},{"type":"Feature","properties":{"Tipo de Ambiente":"Instituição de Ciência e Tecnologia​","Sigla/Nome Fantasia":"ULBRA","Nome Completo":"Universidade Luterana Do Brasil ","Site":"https://www.ulbra.br","Telefone":"51 3477-4000","E-mail":"","Endereço":"Avenida Farroupilha 8001  São José","CEP":"92425-900","Município":"Canoas","ERI":"Metropolitana e Litoral Norte","Áreas de Atuação":"","Revisão":"5/1/2025"},"geometry":{"type":"Point","coordinates":[-51.1629308,-29.8871734]}},{"type":"Feature","properties":{"Tipo de Ambiente":"Instituição de Ciência e Tecnologia​","Sigla/Nome Fantasia":"ULBRA","Nome Completo":"Universidade Luterana Do Brasil - Campus Cachoeira do Sul","Site":"https://www.ulbra.br/cachoeira-do-sul","Telefone":"51 3722-0400","E-mail":"","Endereço":"Rua Martinho Lutero 301  Universitário ","CEP":"96501-595","Município":"Cachoeira do Sul","ERI":"Central","Áreas de Atuação":"","Revisão":"5/1/2025"},"geometry":{"type":"Point","coordinates":[-52.925423,-30.0396]}},{"type":"Feature","properties":{"Tipo de Ambiente":"Instituição de Ciência e Tecnologia​","Sigla/Nome Fantasia":"ULBRA","Nome Completo":"Universidade Luterana Do Brasil - Campus Carazinho","Site":"https://www.ulbra.br/carazinho","Telefone":"54 3329-1111","E-mail":"","Endereço":"BR 285  Km 335 ","CEP":"99500-000","Município":"Carazinho","ERI":"Produção e Norte","Áreas de Atuação":"","Revisão":"5/1/2025"},"geometry":{"type":"Point","coordinates":[-52.770805,-28.319378]}},{"type":"Feature","properties":{"Tipo de Ambiente":"Instituição de Ciência e Tecnologia​","Sigla/Nome Fantasia":"ULBRA","Nome Completo":"Universidade Luterana Do Brasil - Campus Gravataí","Site":"https://www.ulbra.br/gravatai","Telefone":"51 3431-7677","E-mail":"","Endereço":"Avenida Itacolomi 3600  São Vicente","CEP":"94155-052","Município":"Gravataí","ERI":"Metropolitana e Litoral Norte","Áreas de Atuação":"","Revisão":"5/1/2025"},"geometry":{"type":"Point","coordinates":[-51.012529,-29.919684]}},{"type":"Feature","properties":{"Tipo de Ambiente":"Instituição de Ciência e Tecnologia​","Sigla/Nome Fantasia":"ULBRA","Nome Completo":"Universidade Luterana Do Brasil - Campus Guaíba","Site":"https://www.ulbra.br/guaiba","Telefone":"51 3491-2706 / 3480-1618","E-mail":"","Endereço":"Rua da Balança 482  Altos da Alegria","CEP":"92725-100","Município":"Guaíba","ERI":"Metropolitana e Litoral Norte","Áreas de Atuação":"","Revisão":"5/1/2025"},"geometry":{"type":"Point","coordinates":[-51.348705,-30.124589]}},{"type":"Feature","properties":{"Tipo de Ambiente":"Instituição de Ciência e Tecnologia​","Sigla/Nome Fantasia":"ULBRA","Nome Completo":"Universidade Luterana Do Brasil - Campus Santa Maria","Site":"https://www.ulbra.br/santa-maria","Telefone":"55 3214-2333 / 3214-2187 / 3214-1044","E-mail":"","Endereço":"BR 287  Km 252 - Trevo Maneco Pedroso Boca do Monte","CEP":"97170-000","Município":"Santa Maria","ERI":"Central","Áreas de Atuação":"","Revisão":"5/1/2025"},"geometry":{"type":"Point","coordinates":[-53.896076,-29.687896]}},{"type":"Feature","properties":{"Tipo de Ambiente":"Instituição de Ciência e Tecnologia​","Sigla/Nome Fantasia":"ULBRA","Nome Completo":"Universidade Luterana Do Brasil - Campus São Jerônimo","Site":"https://www.ulbra.br/sao-jeronimo","Telefone":"51 3651-1121","E-mail":"","Endereço":"Rua Antônio de Carvalho 1475 Esquina com RS 401 Fátima","CEP":"96.700-000","Município":"São Jerônimo","ERI":"Metropolitana e Litoral Norte","Áreas de Atuação":"","Revisão":"5/1/2025"},"geometry":{"type":"Point","coordinates":[-51.713159,-29.97197]}},{"type":"Feature","properties":{"Tipo de Ambiente":"Instituição de Ciência e Tecnologia​","Sigla/Nome Fantasia":"ULBRA","Nome Completo":"Universidade Luterana Do Brasil - Campus Torres","Site":"https://www.ulbra.br/torres","Telefone":"51 3626-2000","E-mail":"","Endereço":"Rua Universitária 1900  Parque do Balonismo","CEP":"95560-000","Município":"Torres","ERI":"Metropolitana e Litoral Norte","Áreas de Atuação":"","Revisão":"5/1/2025"},"geometry":{"type":"Point","coordinates":[-49.751482,-29.332643]}},{"type":"Feature","properties":{"Tipo de Ambiente":"Instituição de Ciência e Tecnologia​","Sigla/Nome Fantasia":"UNICRUZ","Nome Completo":"Universidade De Cruz Alta ","Site":"https://home.unicruz.edu.br","Telefone":"55 3321-1500","E-mail":"","Endereço":"Rodovia Municipal Jacob Della Méa, km 5,6  S/N  Parada Benito","CEP":"98005-972","Município":"Cruz Alta","ERI":"Central","Áreas de Atuação":"","Revisão":"5/1/2025"},"geometry":{"type":"Point","coordinates":[-53.6052593,-28.6387809]}},{"type":"Feature","properties":{"Tipo de Ambiente":"Instituição de Ciência e Tecnologia​","Sigla/Nome Fantasia":"UNIJUI","Nome Completo":"Universidade Regional Do Noroeste Do Estado Do Rio Grande Do Sul","Site":"https://www.unijui.edu.br ","Telefone":"55 3332-0200","E-mail":"","Endereço":"Rua do Comércio 3000  Universitário","CEP":"98700-000","Município":"Ijuí","ERI":"Noroeste e Missões","Áreas de Atuação":"","Revisão":"5/1/2025"},"geometry":{"type":"Point","coordinates":[-53.9480103,-28.3905599]}},{"type":"Feature","properties":{"Tipo de Ambiente":"Instituição de Ciência e Tecnologia​","Sigla/Nome Fantasia":"UNIJUI","Nome Completo":"Universidade Regional Do Noroeste Do Estado Do Rio Grande Do Sul - Campus Santa Rosa","Site":"https://www.unijui.edu.br/contato/dzVA__PLS__K2Qm2XTUtqAI3A1CpRe0FU6J0Th2MU__SLA__lbfqqu0wB__SLA__dClEuo4KO5__SLA__ZAtVurGW20pPAuP3dWJc26Of1XeVA__IGL__=","Telefone":"55 3511-5200","E-mail":"","Endereço":"Rodovia RS 344, Km 39 1100  Timbaúva","CEP":"98781-720","Município":"Santa Rosa","ERI":"Noroeste e Missões","Áreas de Atuação":"","Revisão":"5/1/2025"},"geometry":{"type":"Point","coordinates":[-54.491831,-27.85281]}},{"type":"Feature","properties":{"Tipo de Ambiente":"Instituição de Ciência e Tecnologia​","Sigla/Nome Fantasia":"UNIJUI","Nome Completo":"Universidade Regional Do Noroeste Do Estado Do Rio Grande Do Sul - Campus Panambi","Site":"https://www.unijui.edu.br/contato/4PjidbdAsyVsbydv0__SLA__sJQHzcbFeyPXk2dOeFAoX9au4wB__SLA__dClEuo4KO5__SLA__ZAtVurGW20pPAuP3dWJc26Of1XeVA__IGL__=","Telefone":"55 3375-4466","E-mail":"","Endereço":"Rua Prefeito Rudi Franke 540  Arco Iris","CEP":"98280-000","Município":"Panambi","ERI":"Noroeste e Missões","Áreas de Atuação":"","Revisão":"5/1/2025"},"geometry":{"type":"Point","coordinates":[-53.524112,-28.320699]}},{"type":"Feature","properties":{"Tipo de Ambiente":"Instituição de Ciência e Tecnologia​","Sigla/Nome Fantasia":"UNIJUI","Nome Completo":"Universidade Regional Do Noroeste Do Estado Do Rio Grande Do Sul - Campus Três Passos","Site":"https://www.unijui.edu.br/contato/__PLS__S12PpDSmCr2HtvtDrSF3nuPm0R6RzoMudyBXGDsqkcwB__SLA__dClEuo4KO5__SLA__ZAtVurGW20pPAuP3dWJc26Of1XeVA__IGL__=","Telefone":"55 3522-2122","E-mail":"","Endereço":"Rua Ricardo Rücker 235  Centro","CEP":"98600-000","Município":"Três Passos","ERI":"Noroeste e Missões","Áreas de Atuação":"","Revisão":"5/1/2025"},"geometry":{"type":"Point","coordinates":[-53.934553,-27.455774]}},{"type":"Feature","properties":{"Tipo de Ambiente":"Instituição de Ciência e Tecnologia​","Sigla/Nome Fantasia":"UNIPAMPA","Nome Completo":"Fundação Universidade Federal Do Pampa - Unipampa ","Site":"https://unipampa.edu.br ","Telefone":"53 3240-5400","E-mail":"","Endereço":"Avenida General Osório 900 Reitoria Centro","CEP":"96400-100","Município":"Bagé","ERI":"Campanha e Fronteira Oeste","Áreas de Atuação":"","Revisão":"5/1/2025"},"geometry":{"type":"Point","coordinates":[-54.1070547,-31.3316595]}},{"type":"Feature","properties":{"Tipo de Ambiente":"Instituição de Ciência e Tecnologia​","Sigla/Nome Fantasia":"UNIPAMPA","Nome Completo":"Fundação Universidade Federal Do Pampa - Unipampa - Campus Alegrete","Site":"https://unipampa.edu.br/alegrete/","Telefone":"55 3421-8400","E-mail":"","Endereço":"Avenida Tiarajú 810  Ibirapuitã","CEP":"97546-550","Município":"Alegrete","ERI":"Campanha e Fronteira Oeste","Áreas de Atuação":"","Revisão":"5/1/2025"},"geometry":{"type":"Point","coordinates":[-55.768605,-29.78962]}},{"type":"Feature","properties":{"Tipo de Ambiente":"Instituição de Ciência e Tecnologia​","Sigla/Nome Fantasia":"UNIPAMPA","Nome Completo":"Fundação Universidade Federal Do Pampa - Unipampa - Campus Caçapava do Sul","Site":"https://unipampa.edu.br/cacapava/","Telefone":"55 3281-9000","E-mail":"","Endereço":"Avenida Pedro Anunciação 111  Vila Batista","CEP":"96570-000","Município":"Caçapava do Sul","ERI":"Campanha e Fronteira Oeste","Áreas de Atuação":"","Revisão":"5/1/2025"},"geometry":{"type":"Point","coordinates":[-53.480598,-30.497964]}},{"type":"Feature","properties":{"Tipo de Ambiente":"Instituição de Ciência e Tecnologia​","Sigla/Nome Fantasia":"UNIPAMPA","Nome Completo":"Fundação Universidade Federal Do Pampa - Unipampa - Campus Dom Pedrito","Site":"https://unipampa.edu.br/dompedrito/","Telefone":"53 3243-7300","E-mail":"","Endereço":"Rua 21 de abril 80  São Gregório","CEP":"96450-000","Município":"Dom Pedrito","ERI":"Campanha e Fronteira Oeste","Áreas de Atuação":"","Revisão":"5/1/2025"},"geometry":{"type":"Point","coordinates":[-54.667797,-30.993816]}},{"type":"Feature","properties":{"Tipo de Ambiente":"Instituição de Ciência e Tecnologia​","Sigla/Nome Fantasia":"UNIPAMPA","Nome Completo":"Fundação Universidade Federal Do Pampa - Unipampa - Campus Itaqui","Site":"https://unipampa.edu.br/itaqui/","Telefone":"55 3432-1850","E-mail":"","Endereço":"Rua Luiz Joaquim de Sá Brito S/N  Promorar","CEP":"97650-000","Município":"Itaqui","ERI":"Campanha e Fronteira Oeste","Áreas de Atuação":"","Revisão":"5/1/2025"},"geometry":{"type":"Point","coordinates":[-56.550897,-29.156118]}},{"type":"Feature","properties":{"Tipo de Ambiente":"Instituição de Ciência e Tecnologia​","Sigla/Nome Fantasia":"UNIPAMPA","Nome Completo":"Fundação Universidade Federal Do Pampa - Unipampa - Campus Jaguarão","Site":"https://unipampa.edu.br/jaguarao/","Telefone":"53 3266-9400","E-mail":"","Endereço":"Rua Conselheiro Diana S/N  ","CEP":"96300-000","Município":"Jaguarão","ERI":"Sul","Áreas de Atuação":"","Revisão":"5/1/2025"},"geometry":{"type":"Point","coordinates":[-53.390986,-32.555311]}},{"type":"Feature","properties":{"Tipo de Ambiente":"Instituição de Ciência e Tecnologia​","Sigla/Nome Fantasia":"UNIPAMPA","Nome Completo":"Fundação Universidade Federal Do Pampa - Unipampa - Campus Santana do Livramento","Site":"https://unipampa.edu.br/livramento/","Telefone":"55 3967-1700","E-mail":"","Endereço":"Rua Barão do Triunfo 1048  Centro","CEP":"97573-634","Município":"Santana do Livramento","ERI":"Campanha e Fronteira Oeste","Áreas de Atuação":"","Revisão":"5/1/2025"},"geometry":{"type":"Point","coordinates":[-55.529209,-30.888958]}},{"type":"Feature","properties":{"Tipo de Ambiente":"Instituição de Ciência e Tecnologia​","Sigla/Nome Fantasia":"UNIPAMPA","Nome Completo":"Fundação Universidade Federal Do Pampa - Unipampa - Campus São Borja","Site":"https://unipampa.edu.br/saoborja/","Telefone":"55 3430-9850","E-mail":"","Endereço":"Rua Vereador Alberto Benevenuto 3200  Passo","CEP":"97670-000","Município":"São Borja","ERI":"Campanha e Fronteira Oeste","Áreas de Atuação":"","Revisão":"5/1/2025"},"geometry":{"type":"Point","coordinates":[-56038558,-28630034]}},{"type":"Feature","properties":{"Tipo de Ambiente":"Instituição de Ciência e Tecnologia​","Sigla/Nome Fantasia":"UNIPAMPA","Nome Completo":"Fundação Universidade Federal Do Pampa - Unipampa - Campus São Gabriel","Site":"https://unipampa.edu.br/saogabriel/","Telefone":"55 3237-0851/ 3237-0850","E-mail":"","Endereço":"Rua Aluízio Barros Macedo S/N BR 290, Km 423 ","CEP":"97307-020","Município":"São Gabriel","ERI":"Campanha e Fronteira Oeste","Áreas de Atuação":"","Revisão":"5/1/2025"},"geometry":{"type":"Point","coordinates":[-54.362601,-30.333737]}},{"type":"Feature","properties":{"Tipo de Ambiente":"Instituição de Ciência e Tecnologia​","Sigla/Nome Fantasia":"UNIPAMPA","Nome Completo":"Fundação Universidade Federal Do Pampa - Unipampa - Campus Uruguaiana","Site":"https://unipampa.edu.br/uruguaiana/","Telefone":"55 3911-0200","E-mail":"","Endereço":"BR 472, Km 585  Caixa Postal 118 ","CEP":"97501-970","Município":"Uruguaiana","ERI":"Campanha e Fronteira Oeste","Áreas de Atuação":"","Revisão":"5/1/2025"},"geometry":{"type":"Point","coordinates":[-57.1015,-29.830755]}},{"type":"Feature","properties":{"Tipo de Ambiente":"Instituição de Ciência e Tecnologia​","Sigla/Nome Fantasia":"UNISC","Nome Completo":"Universidade De Santa Cruz Do Sul","Site":"https://www.unisc.br/pt/","Telefone":"51 3717-7300","E-mail":"","Endereço":"Avenida Independência 2293  Universitário","CEP":"96815-900","Município":"Santa Cruz do Sul","ERI":"Vales","Áreas de Atuação":"","Revisão":"5/1/2025"},"geometry":{"type":"Point","coordinates":[-52.4395734,-29.6960739]}},{"type":"Feature","properties":{"Tipo de Ambiente":"Instituição de Ciência e Tecnologia​","Sigla/Nome Fantasia":"UNISC","Nome Completo":"Universidade De Santa Cruz Do Sul - Campus Capão da Canoa","Site":"https://www.unisc.br/pt/onde-estamos/capao-da-canoa","Telefone":"51 3621-1434/ 3621-3776","E-mail":"","Endereço":"Rua da Garoupa S/N Posto 2 Capão Novo","CEP":"95555-000","Município":"Capão da Canoa","ERI":"Metropolitana e Litoral Norte","Áreas de Atuação":"","Revisão":"5/1/2025"},"geometry":{"type":"Point","coordinates":[-49.993436,-29.69016]}},{"type":"Feature","properties":{"Tipo de Ambiente":"Instituição de Ciência e Tecnologia​","Sigla/Nome Fantasia":"UNISC","Nome Completo":"Universidade De Santa Cruz Do Sul - Campus Montenegro","Site":"https://www.unisc.br/pt/onde-estamos/montenegro","Telefone":"51 3649-4124/ 3649-4139","E-mail":"","Endereço":"Rua Antônio Inácio de Oliveira Filho 1020  Zootecnia","CEP":"92527-000","Município":"Montenegro","ERI":"Metropolitana e Litoral Norte","Áreas de Atuação":"","Revisão":"5/1/2025"},"geometry":{"type":"Point","coordinates":[-51.482959,-29.718472]}},{"type":"Feature","properties":{"Tipo de Ambiente":"Instituição de Ciência e Tecnologia​","Sigla/Nome Fantasia":"UNISC","Nome Completo":"Universidade De Santa Cruz Do Sul - Campus Sobradinho","Site":"https://www.unisc.br/pt/onde-estamos/sobradinho","Telefone":"51 3742-1162/ 3742-1427","E-mail":"","Endereço":"Rua Carlos Heitor de Azevedo 133  Maieron","CEP":"96900-000","Município":"Sobradinho","ERI":"Vales","Áreas de Atuação":"","Revisão":"5/1/2025"},"geometry":{"type":"Point","coordinates":[-53.018939,-29.41761]}},{"type":"Feature","properties":{"Tipo de Ambiente":"Instituição de Ciência e Tecnologia​","Sigla/Nome Fantasia":"UNISC","Nome Completo":"Universidade De Santa Cruz Do Sul - Campus Venâncio Aires","Site":"https://www.unisc.br/pt/onde-estamos/venancio-aires","Telefone":"51 3741-7842","E-mail":"","Endereço":"Avenida das Indústrias 2111 Caixa Postal 168 Universitário ","CEP":"95800-000","Município":"Venâncio Aires","ERI":"Vales","Áreas de Atuação":"","Revisão":"5/1/2025"},"geometry":{"type":"Point","coordinates":[-52.166684,-29.638295]}},{"type":"Feature","properties":{"Tipo de Ambiente":"Instituição de Ciência e Tecnologia​","Sigla/Nome Fantasia":"UNISINOS","Nome Completo":"Universidade Do Vale Do Rio Dos Sinos ","Site":"www.unisinos.br","Telefone":"51 3591-1122","E-mail":"","Endereço":"Avenida Unisinos 950  Cristo Rei","CEP":"93022-750","Município":"São Leopoldo","ERI":"Metropolitana e Litoral Norte","Áreas de Atuação":"","Revisão":"5/1/2025"},"geometry":{"type":"Point","coordinates":[-51.1521175,-29.7955145]}},{"type":"Feature","properties":{"Tipo de Ambiente":"Instituição de Ciência e Tecnologia​","Sigla/Nome Fantasia":"UNISINOS","Nome Completo":"Universidade Do Vale Do Rio Dos Sinos - Campus Porto Alegre","Site":"https://www.unisinos.br/institucional/onde-estamos/porto-alegre","Telefone":"51 3591-1122","E-mail":"","Endereço":"Avenida Dr. Nilo Peçanha 1600  Boa Vista","CEP":"91330-002","Município":"Porto Alegre","ERI":"Metropolitana e Litoral Norte","Áreas de Atuação":"","Revisão":"5/1/2025"},"geometry":{"type":"Point","coordinates":[-51.175361,-30.027805]}},{"type":"Feature","properties":{"Tipo de Ambiente":"Instituição de Ciência e Tecnologia​","Sigla/Nome Fantasia":"UNIVATES","Nome Completo":"Universidade Do Vale Do Taquari ","Site":"https://www.univates.br/","Telefone":"51 3714-7010","E-mail":"","Endereço":"Rua Avelino Talini 171  Universitário","CEP":"95914-014","Município":"Lajeado","ERI":"Vales","Áreas de Atuação":"","Revisão":"5/1/2025"},"geometry":{"type":"Point","coordinates":[-51.9560768,-29.4436165]}},{"type":"Feature","properties":{"Tipo de Ambiente":"Instituição de Ciência e Tecnologia​","Sigla/Nome Fantasia":"UNIVATES","Nome Completo":"Universidade Do Vale Do Taquari - Campus Encantado","Site":"","Telefone":"51 3751-2222 ","E-mail":"","Endereço":"Rua São José 1655  São José","CEP":"95960-000","Município":"Encantado","ERI":"Vales","Áreas de Atuação":"","Revisão":"5/1/2025"},"geometry":{"type":"Point","coordinates":[-51.899912,-29.222064]}},{"type":"Feature","properties":{"Tipo de Ambiente":"Instituição de Ciência e Tecnologia​","Sigla/Nome Fantasia":"UPF","Nome Completo":"Universidade De Passo Fundo ","Site":"https://www.upf.br","Telefone":"54 3316-8100","E-mail":"","Endereço":"BR 285, Km 292,7  S/N Campus I São José","CEP":"99052-900","Município":"Passo Fundo","ERI":"Produção e Norte","Áreas de Atuação":"","Revisão":"5/1/2025"},"geometry":{"type":"Point","coordinates":[-52.38044,-28.234493]}},{"type":"Feature","properties":{"Tipo de Ambiente":"Instituição de Ciência e Tecnologia​","Sigla/Nome Fantasia":"UPF","Nome Completo":"Universidade De Passo Fundo - Campus Carazinho","Site":"https://www.upf.br/carazinho","Telefone":"54 3330-3550","E-mail":"","Endereço":" Rua Diamantino Tombini 300  Oriental","CEP":"99500-000","Município":"Carazinho","ERI":"Produção e Norte","Áreas de Atuação":"","Revisão":"5/1/2025"},"geometry":{"type":"Point","coordinates":[-52.768789,-28.279899]}},{"type":"Feature","properties":{"Tipo de Ambiente":"Instituição de Ciência e Tecnologia​","Sigla/Nome Fantasia":"UPF","Nome Completo":"Universidade De Passo Fundo - Campus Casca","Site":"https://www.upf.br/casca","Telefone":"54 3347-2850","E-mail":"","Endereço":" Rua Barão do Rio Branco 375  Centro","CEP":"99260-000","Município":"Casca","ERI":"Produção e Norte","Áreas de Atuação":"","Revisão":"5/1/2025"},"geometry":{"type":"Point","coordinates":[-51.979522,-28.562892]}},{"type":"Feature","properties":{"Tipo de Ambiente":"Instituição de Ciência e Tecnologia​","Sigla/Nome Fantasia":"UPF","Nome Completo":"Universidade De Passo Fundo - Campus Lagoa Vermelha","Site":"https://www.upf.br/lagoa-vermelha","Telefone":"54 3358-6950","E-mail":"","Endereço":"Rua Protásio Alves 50  Alto Pedregal","CEP":"95300-00","Município":"Lagoa Vermelha","ERI":"Produção e Norte","Áreas de Atuação":"","Revisão":"5/1/2025"},"geometry":{"type":"Point","coordinates":[-51.518907,-28.20219]}},{"type":"Feature","properties":{"Tipo de Ambiente":"Instituição de Ciência e Tecnologia​","Sigla/Nome Fantasia":"UPF","Nome Completo":"Universidade De Passo Fundo - Campus Sarandi","Site":"https://www.upf.br/sarandi","Telefone":"54 3361-5250","E-mail":"","Endereço":"Avenida Expedicionário 64 A  Centro","CEP":"99560-000","Município":"Sarandi","ERI":"Produção e Norte","Áreas de Atuação":"","Revisão":"5/1/2025"},"geometry":{"type":"Point","coordinates":[-52.926384,-27.945828]}},{"type":"Feature","properties":{"Tipo de Ambiente":"Instituição de Ciência e Tecnologia​","Sigla/Nome Fantasia":"UPF","Nome Completo":"Universidade De Passo Fundo - Campus Soledade","Site":"https://www.upf.br/soledade","Telefone":"54 3316-7090","E-mail":"","Endereço":"Avenida Marechal Floriano Peixoto 3013  Botucaraí","CEP":"99300-000","Município":"Soledade","ERI":"Produção e Norte","Áreas de Atuação":"","Revisão":"5/1/2025"},"geometry":{"type":"Point","coordinates":[-52.508018,-28.810775]}},{"type":"Feature","properties":{"Tipo de Ambiente":"Instituição de Ciência e Tecnologia​","Sigla/Nome Fantasia":"URI","Nome Completo":"Universidade Regional Integrada Do Alto Uruguai E Das Missões ","Site":"http://www.uri.br/","Telefone":"54 2107-1255","E-mail":"","Endereço":"Avenida Sete Setembro 1558 URI Campos Erechim Fátima","CEP":"99709-900","Município":"Erechim","ERI":"Produção e Norte","Áreas de Atuação":"","Revisão":"5/1/2025"},"geometry":{"type":"Point","coordinates":[-52.2677053,-27.6483905]}},{"type":"Feature","properties":{"Tipo de Ambiente":"Instituição de Ciência e Tecnologia​","Sigla/Nome Fantasia":"URI","Nome Completo":"Universidade Regional Integrada Do Alto Uruguai E Das Missões - Campus Frederico Westphalen","Site":"https://www.fw.uri.br/pt","Telefone":"55 3744-9200","E-mail":"","Endereço":"Rua Assis Brasil  709  Itapagé","CEP":"98400-000","Município":"Frederico Westphalen","ERI":"Produção e Norte","Áreas de Atuação":"","Revisão":"5/1/2025"},"geometry":{"type":"Point","coordinates":[-53.408065,-27.36011]}},{"type":"Feature","properties":{"Tipo de Ambiente":"Instituição de Ciência e Tecnologia​","Sigla/Nome Fantasia":"URI","Nome Completo":"Universidade Regional Integrada Do Alto Uruguai E Das Missões - Campus Santo Ângelo","Site":"https://san.uri.br/sites/site_novo/","Telefone":"55 3313-7900","E-mail":"","Endereço":"Rua Universidade das Missões 464  Universitário ","CEP":"98802-470","Município":"Santo Ângelo","ERI":"Noroeste e Missões","Áreas de Atuação":"","Revisão":"5/1/2025"},"geometry":{"type":"Point","coordinates":[-54.270679,-28.277071]}},{"type":"Feature","properties":{"Tipo de Ambiente":"Instituição de Ciência e Tecnologia​","Sigla/Nome Fantasia":"URI","Nome Completo":"Universidade Regional Integrada Do Alto Uruguai E Das Missões - Campus Santiago","Site":"http://www1.urisantiago.br/","Telefone":"55 3251-3151","E-mail":"","Endereço":"Av. Batista Bonotto Sobrinho S/N  São Vicente","CEP":"97700-000","Município":"Santiago","ERI":"Central","Áreas de Atuação":"","Revisão":"5/1/2025"},"geometry":{"type":"Point","coordinates":[-54.886484,-29.193744]}},{"type":"Feature","properties":{"Tipo de Ambiente":"Instituição de Ciência e Tecnologia​","Sigla/Nome Fantasia":"URI","Nome Completo":"Universidade Regional Integrada Do Alto Uruguai E Das Missões - Campus São Luiz Gonzaga","Site":"https://urisaoluiz.com.br/site/","Telefone":"55 3352-8150","E-mail":"","Endereço":"Rua José Bonifácio 3149  Raimundo Gomes Neto","CEP":"97800-000","Município":"São Luiz Gonzaga","ERI":"Noroeste e Missões","Áreas de Atuação":"","Revisão":"5/1/2025"},"geometry":{"type":"Point","coordinates":[-54.949338,-28.411258]}},{"type":"Feature","properties":{"Tipo de Ambiente":"Instituição de Ciência e Tecnologia​","Sigla/Nome Fantasia":"URI","Nome Completo":"Universidade Regional Integrada Do Alto Uruguai E Das Missões - Campus Cerro Largo","Site":"http://www.uricl.com.br/","Telefone":"55 3359-1613","E-mail":"","Endereço":"Rua General Daltro Filho 772  Centro","CEP":"97900-000","Município":"Cerro Largo","ERI":"Noroeste e Missões","Áreas de Atuação":"","Revisão":"5/1/2025"},"geometry":{"type":"Point","coordinates":[-54.733974,-28.148268]}},{"type":"Feature","properties":{"Tipo de Ambiente":"Living Lab","Sigla/Nome Fantasia":"IFRS","Nome Completo":"Centro de Referência em Pesquisa e Inovação - Ibirubá - Estruturação","Site":"https://ifrs.edu.br/ibiruba/","Telefone":"(54) 3324-8100","E-mail":"sandra.peringer@ibiruba.ifrs.edu.br","Endereço":"Rua Nelsi Ribas Fritsch, 1111 - Esperança","CEP":"98200-000","Município":"Ibirubá","ERI":"Central","Áreas de Atuação":"Indústria Metal Mecânica","Revisão":"5/1/2025"},"geometry":{"type":"Point","coordinates":[-53.10417,-28.649738]}},{"type":"Feature","properties":{"Tipo de Ambiente":"Living Lab","Sigla/Nome Fantasia":"UCS","Nome Completo":"Agro.City Living Lab: Ambientes de Inovação e Sustentabilidade em Agricultura Urbana Avançada","Site":"https://www.ucs.br/site","Telefone":"(54) 3218-2100","E-mail":"dlnotari@ucs.br","Endereço":"Rua Francisco Getúlio Vargas, 1130 - Petrópolis","CEP":"95070-560","Município":"Caxias do Sul","ERI":"Serra Gaúcha","Áreas de Atuação":"Agricultura Urbana Inteligente","Revisão":"5/1/2025"},"geometry":{"type":"Point","coordinates":[-51.149576,-29.16802]}},{"type":"Feature","properties":{"Tipo de Ambiente":"Living Lab","Sigla/Nome Fantasia":"UFSM","Nome Completo":"Living Lab de Bioinsumos da UFSM","Site":"https://www.ufsm.br/","Telefone":"(55) 3220-8000","E-mail":"daniele.dutra@ufsm.br","Endereço":"Av. Roraima,1000 Cidade Universitária - Camobi","CEP":" 97105-900","Município":"Santa Maria","ERI":"Central","Áreas de Atuação":"Bioinsumos","Revisão":"5/1/2025"},"geometry":{"type":"Point","coordinates":[-53.712025,-29.724914]}},{"type":"Feature","properties":{"Tipo de Ambiente":"Living Lab","Sigla/Nome Fantasia":"UNIJUÍ","Nome Completo":"Smart LiveLab: Espaço Colaborativo de Inovação Tecnológico para Fomentar o Desenvolvimento Econômico Social da Macrorregião Noroeste e Missões","Site":"https://www.unijui.edu.br/","Telefone":"(55) 3332 0200","E-mail":"sawicki@unijui.edu.br","Endereço":"Rodovia RS 344, KM 39, 1100 - Timbaúva, Santa Rosa - RS","CEP":"98781-720","Município":"Santa Rosa","ERI":"Noroeste e Missões","Áreas de Atuação":"Cidades Inteligentes e Internet das Coisas","Revisão":"5/1/2025"},"geometry":{"type":"Point","coordinates":[-54.477778,-27.863889]}},{"type":"Feature","properties":{"Tipo de Ambiente":"Living Lab","Sigla/Nome Fantasia":"UNIJUÍ ","Nome Completo":"Living Lab Agro Noroeste Missões","Site":"https://www.unijui.edu.br/","Telefone":"(55) 3332 0200 ","E-mail":"sawicki@unijui.edu.br","Endereço":"Rodovia RS 344, KM 39, 1100 - Timbaúva, Santa Rosa - RS","CEP":"98781-720","Município":"Santa Rosa","ERI":"Noroeste e Missões","Áreas de Atuação":"Internet das Coisas, Captura e Gestão de Dados","Revisão":"5/1/2025"},"geometry":{"type":"Point","coordinates":[-54.477778,-27.863889]}},{"type":"Feature","properties":{"Tipo de Ambiente":"Living Lab","Sigla/Nome Fantasia":"UNISC","Nome Completo":"Living Vales","Site":"https://www.unisc.br/pt/","Telefone":"(51) 3717-7300","E-mail":"leoneltedesco@unisc.br ","Endereço":"Av. Independência, 2293 - Universitário","CEP":"96815-900","Município":"Santa Cruz do Sul","ERI":"Vales","Áreas de Atuação":"Gestão de Dados e Cidades Inteligentes","Revisão":"5/1/2025"},"geometry":{"type":"Point","coordinates":[-52.439479,-29.696109]}},{"type":"Feature","properties":{"Tipo de Ambiente":"Living Lab","Sigla/Nome Fantasia":"UNISC","Nome Completo":"Living Agro+Vales","Site":"https://www.unisc.br/pt/","Telefone":"(51) 3717-7300","E-mail":"csilva@unisc.br","Endereço":"Av. Independência, 2293 - Universitário","CEP":"96815-900","Município":"Santa Cruz do Sul","ERI":"Vales","Áreas de Atuação":"Internet das Coisas, Captura e Gestão de Dados","Revisão":"5/1/2025"},"geometry":{"type":"Point","coordinates":[-52.439479,-29.696109]}},{"type":"Feature","properties":{"Tipo de Ambiente":"Núcleo de Inovação Tecnológica","Sigla/Nome Fantasia":"ATITUS","Nome Completo":"Núcleo de Inovação Tecnológica","Site":"","Telefone":"","E-mail":"","Endereço":"","CEP":"","Município":"","ERI":"","Áreas de Atuação":"","Revisão":"5/1/2025"},"geometry":{"type":"Point","coordinates":[-52.397358,-28.264946]}},{"type":"Feature","properties":{"Tipo de Ambiente":"Núcleo de Inovação Tecnológica","Sigla/Nome Fantasia":"Colégio Maria Auxiliadora","Nome Completo":"Núcleo de Inovação e Tecnologia da Rede Notre Dame","Site":"","Telefone":"","E-mail":"","Endereço":"","CEP":"","Município":"","ERI":"","Áreas de Atuação":"","Revisão":"5/1/2025"},"geometry":{"type":"Point","coordinates":[-51.183137,-29.917433]}},{"type":"Feature","properties":{"Tipo de Ambiente":"Núcleo de Inovação Tecnológica","Sigla/Nome Fantasia":"Faculdade CNEC Gravataí","Nome Completo":"Núcleo de Inovação Tecnológica (NIT) da Faculdade CNEC Gravataí","Site":"","Telefone":"","E-mail":"","Endereço":"","CEP":"","Município":"","ERI":"","Áreas de Atuação":"","Revisão":"5/1/2025"},"geometry":{"type":"Point","coordinates":[-51.014494,-29.918086]}},{"type":"Feature","properties":{"Tipo de Ambiente":"Núcleo de Inovação Tecnológica","Sigla/Nome Fantasia":"FAHOR","Nome Completo":"NPIC - Núcleo de Pesquisa e Iniciação Científica","Site":"https://fahor.com.br/pesquisa","Telefone":"(55) 3537-7774 \n(55) 3537-7784","E-mail":"fahor@fahor.com.br","Endereço":"Av. dos Ipês, 565 - Eldorado","CEP":"98920-000","Município":"Horizontina","ERI":"Noroeste e Missões","Áreas de Atuação":"engenharias, empreendedorismo, agronegócio e desenvolvimento regional","Revisão":"5/1/2025"},"geometry":{"type":"Point","coordinates":[-54.319092,-27.650906]}},{"type":"Feature","properties":{"Tipo de Ambiente":"Núcleo de Inovação Tecnológica","Sigla/Nome Fantasia":"FEEVALE","Nome Completo":"Núcleo de Inovação e Transferência Tecnológica","Site":"https://www.feevale.br/inovacao/nitt ","Telefone":"(51) 3586-8800 Ramal: 9269 (51) 3586-8800 Ramal: 8642","E-mail":"nitt@feevale.br","Endereço":"RS-239, 2755","CEP":"93525-075","Município":"Novo Hamburgo","ERI":"Metropolitana e Litoral Norte","Áreas de Atuação":"materiais, ambiente e saúde única","Revisão":"5/1/2025"},"geometry":{"type":"Point","coordinates":[-51.117493,-29.66275]}},{"type":"Feature","properties":{"Tipo de Ambiente":"Núcleo de Inovação Tecnológica","Sigla/Nome Fantasia":"FUC","Nome Completo":"Fundação Universitária de Cardiologia (IC-FUC) ","Site":"http://www.cardiologia.org.br/pesquisa/informacoes-gerais ","Telefone":"(51) 3230-3600 Ramal: 4154 / 4134 / 4133","E-mail":"coordenadora-up@cardiologia.org.br","Endereço":"Av. Princesa Isabel, 395 - Santana ","CEP":"90620-000","Município":"Porto Alegre","ERI":"Metropolitana e Litoral Norte","Áreas de Atuação":"Fatores de risco para doença arterial coronariana (DAC), dislipidemias, hipertensão arterial (HAS), doença de chagas, diabetes.","Revisão":"5/1/2025"},"geometry":{"type":"Point","coordinates":[-51.209183,-30.048505]}},{"type":"Feature","properties":{"Tipo de Ambiente":"Núcleo de Inovação Tecnológica","Sigla/Nome Fantasia":"FURG","Nome Completo":"Diretoria de Inovação Tecnológica","Site":"https://proiti.furg.br/pt/proiti","Telefone":"(53) 3237-3009","E-mail":"proiti@furg.br ","Endereço":"Av. Italia, s/n km8 Campus Carreiros - Prédio: Pró-reitoria de Inovação e Tecnologia da Informação (PROITI)","CEP":"96203-900","Município":"Rio Grande","ERI":"Sul","Áreas de Atuação":"computação, engenharia, ambiental, biotecnologia","Revisão":"5/1/2025"},"geometry":{"type":"Point","coordinates":[-52.161541,-32.068035]}},{"type":"Feature","properties":{"Tipo de Ambiente":"Núcleo de Inovação Tecnológica","Sigla/Nome Fantasia":"HCPA","Nome Completo":"Núcleo de Inovação e Transferência de Tecnologia","Site":"https://sites.google.com/hcpa.edu.br/nitt ","Telefone":"(51) 3359-8907 ","E-mail":"nitt@hcpa.edu.br ","Endereço":"Rua Ramiro Barcelos, 2350 - 2º andar/Bloco A - Administração Central","CEP":"90035-903","Município":"Porto Alegre","ERI":"Metropolitana e Litoral Norte","Áreas de Atuação":"saúde, biotecnologia e informática","Revisão":"5/1/2025"},"geometry":{"type":"Point","coordinates":[-51.206425,-30.038689]}},{"type":"Feature","properties":{"Tipo de Ambiente":"Núcleo de Inovação Tecnológica","Sigla/Nome Fantasia":"IBTeC","Nome Completo":"Núcleo de Inovação e Tecnologia","Site":"https://ibtec.org.br/nucleo-de-inovacao","Telefone":" (51) 3553-1000 ","E-mail":"ibtec@ibtec.org.br\n","Endereço":"Rua araxá, 750 - Ideal ","CEP":"93334-000","Município":"Novo Hamburgo","ERI":"Metropolitana e Litoral Norte","Áreas de Atuação":"calçados, nanotecnologia, microbiologia, materiais","Revisão":"5/1/2025"},"geometry":{"type":"Point","coordinates":[-51.142056,-29.704482]}},{"type":"Feature","properties":{"Tipo de Ambiente":"Núcleo de Inovação Tecnológica","Sigla/Nome Fantasia":"IF - Campus Sertão","Nome Completo":"NIT Campus Sertão","Site":"","Telefone":"","E-mail":"","Endereço":"","CEP":"","Município":"","ERI":"","Áreas de Atuação":"","Revisão":"5/1/2025"},"geometry":{"type":"Point","coordinates":[-52.27244,-28.002434]}},{"type":"Feature","properties":{"Tipo de Ambiente":"Núcleo de Inovação Tecnológica","Sigla/Nome Fantasia":"IFFar","Nome Completo":"NIT Reitoria","Site":"https://www.iffarroupilha.edu.br/ ","Telefone":"(55) 3218-9800","E-mail":"nit@iffarroupilha.edu.br ","Endereço":"Alameda Santiago do Chile, 195 - Nossa Sra. das Dores","CEP":"97050-685 ","Município":"Santa Maria","ERI":"Central","Áreas de Atuação":"ciências agrárias, ciências exatas e da terra, ciências biológicas, ciências sociais e aplicadas. ","Revisão":"5/1/2025"},"geometry":{"type":"Point","coordinates":[-53.792966,-29.693484]}},{"type":"Feature","properties":{"Tipo de Ambiente":"Núcleo de Inovação Tecnológica","Sigla/Nome Fantasia":"IFFar - Campus Alegrete","Nome Completo":"NIT Campus Alegrete","Site":"","Telefone":"","E-mail":"","Endereço":"","CEP":"","Município":"","ERI":"","Áreas de Atuação":"","Revisão":"5/1/2025"},"geometry":{"type":"Point","coordinates":[-55.526107,-29.707346]}},{"type":"Feature","properties":{"Tipo de Ambiente":"Núcleo de Inovação Tecnológica","Sigla/Nome Fantasia":"IFFar - Campus Frederico Westphalen","Nome Completo":"NIT Campus Frederico Westphalen","Site":"","Telefone":"","E-mail":"","Endereço":"","CEP":"","Município":"","ERI":"","Áreas de Atuação":"","Revisão":"5/1/2025"},"geometry":{"type":"Point","coordinates":[-53.430249,-27.390416]}},{"type":"Feature","properties":{"Tipo de Ambiente":"Núcleo de Inovação Tecnológica","Sigla/Nome Fantasia":"IFFar - Campus Jaguari","Nome Completo":"NIT Campus Jaguari","Site":"","Telefone":"","E-mail":"","Endereço":"","CEP":"","Município":"","ERI":"","Áreas de Atuação":"","Revisão":"5/1/2025"},"geometry":{"type":"Point","coordinates":[-54.727685,-29.459806]}},{"type":"Feature","properties":{"Tipo de Ambiente":"Núcleo de Inovação Tecnológica","Sigla/Nome Fantasia":"IFFar - Campus Júlio de Castilhos","Nome Completo":"NIT Campus Júlio de Castilhos","Site":"","Telefone":"","E-mail":"","Endereço":"","CEP":"","Município":"","ERI":"","Áreas de Atuação":"","Revisão":"5/1/2025"},"geometry":{"type":"Point","coordinates":[-53.712537,-29.183729]}},{"type":"Feature","properties":{"Tipo de Ambiente":"Núcleo de Inovação Tecnológica","Sigla/Nome Fantasia":"IFFar - Campus Panambi","Nome Completo":"NIT Campus Panambi","Site":"","Telefone":"","E-mail":"","Endereço":"","CEP":"","Município":"","ERI":"","Áreas de Atuação":"","Revisão":"5/1/2025"},"geometry":{"type":"Point","coordinates":[-53.515331,-28.281615]}},{"type":"Feature","properties":{"Tipo de Ambiente":"Núcleo de Inovação Tecnológica","Sigla/Nome Fantasia":"IFFar - Campus Santa Rosa","Nome Completo":"NIT Campus Santa Rosa","Site":"","Telefone":"","E-mail":"","Endereço":"","CEP":"","Município":"","ERI":"","Áreas de Atuação":"","Revisão":"5/1/2025"},"geometry":{"type":"Point","coordinates":[-54.454567,-27.848716]}},{"type":"Feature","properties":{"Tipo de Ambiente":"Núcleo de Inovação Tecnológica","Sigla/Nome Fantasia":"IFFar - Campus Santo Ângelo","Nome Completo":"NIT Campus Santo Ângelo","Site":"","Telefone":"","E-mail":"","Endereço":"","CEP":"","Município":"","ERI":"","Áreas de Atuação":"","Revisão":"5/1/2025"},"geometry":{"type":"Point","coordinates":[-54.226035,-28.266853]}},{"type":"Feature","properties":{"Tipo de Ambiente":"Núcleo de Inovação Tecnológica","Sigla/Nome Fantasia":"IFFar - Campus Santo Augusto","Nome Completo":"NIT Campus Santo Augusto","Site":"","Telefone":"","E-mail":"","Endereço":"","CEP":"","Município":"","ERI":"","Áreas de Atuação":"","Revisão":"5/1/2025"},"geometry":{"type":"Point","coordinates":[-53.790981,-27.85202]}},{"type":"Feature","properties":{"Tipo de Ambiente":"Núcleo de Inovação Tecnológica","Sigla/Nome Fantasia":"IFFar - Campus São Borja","Nome Completo":"NIT Campus São Borja","Site":"","Telefone":"","E-mail":"","Endereço":"","CEP":"","Município":"","ERI":"","Áreas de Atuação":"","Revisão":"5/1/2025"},"geometry":{"type":"Point","coordinates":[-55.99482,-28.667049]}},{"type":"Feature","properties":{"Tipo de Ambiente":"Núcleo de Inovação Tecnológica","Sigla/Nome Fantasia":"IFFar - Campus São Vicente do Sul","Nome Completo":"NIT Campus São Vicente do Sul","Site":"","Telefone":"","E-mail":"","Endereço":"","CEP":"","Município":"","ERI":"","Áreas de Atuação":"","Revisão":"5/1/2025"},"geometry":{"type":"Point","coordinates":[-54.696565,-29.701846]}},{"type":"Feature","properties":{"Tipo de Ambiente":"Núcleo de Inovação Tecnológica","Sigla/Nome Fantasia":"IFFar - Campus Uruguaiana","Nome Completo":"NIT Campus Uruguaiana","Site":"","Telefone":"","E-mail":"","Endereço":"","CEP":"","Município":"","ERI":"","Áreas de Atuação":"","Revisão":"5/1/2025"},"geometry":{"type":"Point","coordinates":[-57.109069,-29.779829]}},{"type":"Feature","properties":{"Tipo de Ambiente":"Núcleo de Inovação Tecnológica","Sigla/Nome Fantasia":"IFRS","Nome Completo":"Núcleo de Inovação Tecnológica","Site":"https://ifrs.edu.br/pesquisa-pos-graduacao-e-inovacao/inovacao/nucleo-de-inovacao-tecnologica/ ","Telefone":"(54) 3449-3358","E-mail":"nit@ifrs.edu.br ","Endereço":"Rua General Osório, 348 – Bairro Centro","CEP":"95700-086","Município":"Bento Gonçalves","ERI":"Serra Gaúcha","Áreas de Atuação":"ciências agrárias, ciências exatas e da terra, ciências biológicas, ciências sociais e aplicadas. ","Revisão":"5/1/2025"},"geometry":{"type":"Point","coordinates":[-51.513585,-29.168528]}},{"type":"Feature","properties":{"Tipo de Ambiente":"Núcleo de Inovação Tecnológica","Sigla/Nome Fantasia":"IFSUL","Nome Completo":"Coordenadoria de Inovação Tecnológica - COINT","Site":"https://www.ifsul.edu.br/nucleo-de-inovacao-tecnologica-nit","Telefone":"(53) 3026-6095","E-mail":"nit@ifsul.edu.br  ","Endereço":"Rua Gonçalves Chaves, 3218 - Bairro Centro","CEP":"96015-560","Município":"Pelotas","ERI":"Sul","Áreas de Atuação":" ","Revisão":"5/1/2025"},"geometry":{"type":"Point","coordinates":[-52.33364,-31.757675]}},{"type":"Feature","properties":{"Tipo de Ambiente":"Núcleo de Inovação Tecnológica","Sigla/Nome Fantasia":"IFSUL - Câmpus Gravataí","Nome Completo":"Núcleo de Inovação Tecnológica (NIT) do Instituto Federal Sul-rio-grandense (IFSul)","Site":"","Telefone":"","E-mail":"","Endereço":"","CEP":"","Município":"","ERI":"","Áreas de Atuação":"","Revisão":"5/1/2025"},"geometry":{"type":"Point","coordinates":[-51.014494,-29.918086]}},{"type":"Feature","properties":{"Tipo de Ambiente":"Núcleo de Inovação Tecnológica","Sigla/Nome Fantasia":"Nucleo de Inovação e tecnologia - FAQI","Nome Completo":"Núcleo de Inovação e tecnologia - Faculdade QI Brasil - FAQI","Site":"","Telefone":"","E-mail":"","Endereço":"","CEP":"","Município":"","ERI":"","Áreas de Atuação":"","Revisão":"5/1/2025"},"geometry":{"type":"Point","coordinates":[-51.014494,-29.918086]}},{"type":"Feature","properties":{"Tipo de Ambiente":"Núcleo de Inovação Tecnológica","Sigla/Nome Fantasia":"PUCRS","Nome Completo":"Agência de Projetos","Site":"https://www.pucrs.br/institucional/unidades-administrativas/propesq/agencia-de-projetos/ ","Telefone":"(51) 3320-3500","E-mail":"negociacaodeprojetos@pucrs.br ","Endereço":"Av. Ipiranga, 6681 - Prédio 05 – sala 407","CEP":"90619-900","Município":"Porto Alegre","ERI":"Metropolitana e Litoral Norte","Áreas de Atuação":"ti, engenharias, ciências da saúde e da vida","Revisão":"5/1/2025"},"geometry":{"type":"Point","coordinates":[-51.17437,-30.057069]}},{"type":"Feature","properties":{"Tipo de Ambiente":"Núcleo de Inovação Tecnológica","Sigla/Nome Fantasia":"SENAI/RS","Nome Completo":"Serviço Nacional de Aprendizagem Industrial","Site":"https://www.senairs.org.br/institutos/servico/pesquisa-desenvolvimento-e-inovacao ","Telefone":"(51) 3347 8787","E-mail":"-","Endereço":"Av. Assis Brasil, 8787 ","CEP":"91140-001","Município":"Porto Alegre","ERI":"Metropolitana e Litoral Norte","Áreas de Atuação":"Alimentos e bebidas, calçados, logística industrial, petróleo gás e energia, couro, madeira e mobiliário, polímeros, mecatrônica","Revisão":"5/1/2025"},"geometry":{"type":"Point","coordinates":[-51.112575,-29.978365]}},{"type":"Feature","properties":{"Tipo de Ambiente":"Núcleo de Inovação Tecnológica","Sigla/Nome Fantasia":"UCS","Nome Completo":"Escritório de Transferência de Tecnologia  (ETT-UCS)","Site":"https://www.ucs.br/site/pesquisa-inovacao-e-desenvolvimento-tecnologico/escritorio-de-transferencia-de-tecnologia/ ","Telefone":"(54) 3218-2377","E-mail":"ett@ucs.br ","Endereço":"Rua Francisco Getúlio Vargas, 1130, Bairro Petrópolis, Bloco A sala 301-b","CEP":"95070-560","Município":"Caxias do Sul","ERI":"Serra Gaúcha","Áreas de Atuação":"ciências exatas e de engenharias, biotecnologia, saúde e informática","Revisão":"5/1/2025"},"geometry":{"type":"Point","coordinates":[-51.15326,-29.161497]}},{"type":"Feature","properties":{"Tipo de Ambiente":"Núcleo de Inovação Tecnológica","Sigla/Nome Fantasia":"UERGS","Nome Completo":"Núcleo de Inovação Tecnológica","Site":"https://proppg.uergs.edu.br/nucleo-inovacao ","Telefone":"(51) 3288-9006 / 9036\n","E-mail":"nit@uergs.edu.br ","Endereço":"Rua Washington Luiz, 675  - Centro Histórico","CEP":" 90010-460","Município":"Porto Alegre","ERI":"Metropolitana e Litoral Norte","Áreas de Atuação":"ciências da vida e meio ambiente, ciências exatas, ciências humanas","Revisão":"5/1/2025"},"geometry":{"type":"Point","coordinates":[-51.229132,-30.028689]}},{"type":"Feature","properties":{"Tipo de Ambiente":"Núcleo de Inovação Tecnológica","Sigla/Nome Fantasia":"UFCSPA","Nome Completo":"Núcleo de Inovação Tecnológica e Empreendedorismo em Saúde – NITE-Saúde","Site":"https://ufcspa.edu.br/pesquisa-e-inovacao/nite-saude","Telefone":"(51) 3303-8812","E-mail":"nitsaude@ufcspa.edu.br","Endereço":"Rua Sarmento Leite, 245 – Centro de Inovação","CEP":"90050-170","Município":"Porto Alegre","ERI":"Metropolitana e Litoral Norte","Áreas de Atuação":"saúde","Revisão":"5/1/2025"},"geometry":{"type":"Point","coordinates":[-51.22077,-30.031351]}},{"type":"Feature","properties":{"Tipo de Ambiente":"Núcleo de Inovação Tecnológica","Sigla/Nome Fantasia":"UFFS","Nome Completo":"Agência de Internacionalização e Inovação Tecnológica","Site":"","Telefone":"","E-mail":"","Endereço":"","CEP":"","Município":"","ERI":"","Áreas de Atuação":"","Revisão":"5/1/2025"},"geometry":{"type":"Point","coordinates":[-52.41604,-28.25839]}},{"type":"Feature","properties":{"Tipo de Ambiente":"Núcleo de Inovação Tecnológica","Sigla/Nome Fantasia":"UFN","Nome Completo":"Agência de Inovação","Site":"https://www.ufn.edu.br/site/inovacao/agencia-de-inovacao ","Telefone":"(55) 3220-1200 Ramal: 9229","E-mail":"agenciainovacao@ufn.edu.br ","Endereço":"Rua Dos Andradas, 1614 - Prédio 2","CEP":"97010-032","Município":"Santa Maria","ERI":"Central","Áreas de Atuação":"nanotecnologia; saúde materno-infantil; biotecnologia; ","Revisão":"5/1/2025"},"geometry":{"type":"Point","coordinates":[-53.811044,-29.684803]}},{"type":"Feature","properties":{"Tipo de Ambiente":"Núcleo de Inovação Tecnológica","Sigla/Nome Fantasia":"UFPEL","Nome Completo":"Escritório de Propriedade Intelectual, Transferência de Tecnologia e Empreendedorismo - EPITTE","Site":"https://wp.ufpel.edu.br/cit/ ","Telefone":"(53) 3284-3149","E-mail":"epitte@ufpel.edu.br","Endereço":"R. Lôbo da Costa, 447 – Centro","CEP":" 96010-150","Município":"Pelotas","ERI":"Sul","Áreas de Atuação":"biotecnologia, engenharias, ciências da saúde, química","Revisão":"5/1/2025"},"geometry":{"type":"Point","coordinates":[-52.323479,-31.781098]}},{"type":"Feature","properties":{"Tipo de Ambiente":"Núcleo de Inovação Tecnológica","Sigla/Nome Fantasia":"UFRGS","Nome Completo":"Secretaria de Desenvolvimento Tecnológico","Site":"https://www.ufrgs.br/sedetec/ ","Telefone":"(51) 3308-3800","E-mail":"sedetec@ufrgs.br  ","Endereço":"Praça Argentina, s/n  - Predio Chateau, 11102 - Campus centro","CEP":"90040-020","Município":"Porto Alegre","ERI":"Metropolitana e Litoral Norte","Áreas de Atuação":"engenharia, química, ciências biológicas e biotecnologia","Revisão":"5/1/2025"},"geometry":{"type":"Point","coordinates":[-51.222177,-30.032246]}},{"type":"Feature","properties":{"Tipo de Ambiente":"Núcleo de Inovação Tecnológica","Sigla/Nome Fantasia":"UFSM","Nome Completo":"Pró-Reitoria de Inovação e Empreendedorismo - PROINOVA","Site":"https://www.ufsm.br/pro-reitorias/proinova/sobre-a-proinova","Telefone":"(55) 3220-8887","E-mail":"agittec@ufsm.br ","Endereço":"Av. Roraima, 1000, Camobi - Prédio 60A - Parque de Inovação, Ciência e Tecnologia (PICT)","CEP":" 97105-900","Município":"Santa Maria","ERI":"Central","Áreas de Atuação":"engenharias, ciências exatas e da terra, ciências agrárias, ciências da saúde","Revisão":"5/1/2025"},"geometry":{"type":"Point","coordinates":[-53.713288,-29.724729]}},{"type":"Feature","properties":{"Tipo de Ambiente":"Núcleo de Inovação Tecnológica","Sigla/Nome Fantasia":"ULBRA","Nome Completo":"Diretoria de Inovação","Site":"https://www.ulbra.br/ulbratech","Telefone":"(51) 3462-5600","E-mail":"ulbratech@ulbratech.com.br ","Endereço":"Av Farroupilha 8001 - Prédio Ulbratech - 4º andar - Bairro São José","CEP":"92425-900","Município":"Canoas","ERI":"Metropolitana e Litoral Norte","Áreas de Atuação":"tics; engenharias; saúde; gestão e negócios.","Revisão":"5/1/2025"},"geometry":{"type":"Point","coordinates":[-51.162866,-29.887235]}},{"type":"Feature","properties":{"Tipo de Ambiente":"Núcleo de Inovação Tecnológica","Sigla/Nome Fantasia":"UNICRUZ","Nome Completo":"Núcleo de Inovação e Transferência de Tecnologia - NITT/Unicruz","Site":"https://home.unicruz.edu.br/agencia-start/#nucleo-inovacao ","Telefone":"(55) 3321-1658","E-mail":"agstart@unicruz.edu.br","Endereço":"Campus Universitário - Rodovia Municipal Jacob Della Méa, Km 5.6, Distrito Parada Benito","CEP":"98005-972\n","Município":"Cruz Alta","ERI":"Central","Áreas de Atuação":"exatas e da terra, agronomia, sociais e saúde","Revisão":"5/1/2025"},"geometry":{"type":"Point","coordinates":[-53.622252,-28.569793]}},{"type":"Feature","properties":{"Tipo de Ambiente":"Núcleo de Inovação Tecnológica","Sigla/Nome Fantasia":"UNIJUÍ","Nome Completo":"Agência de Inovação e Tecnologia - AGIT","Site":"https://www.unijui.edu.br/institucional/agencia-de-inovacao-tecnologica","Telefone":"(55) 3332-0368","E-mail":"nucleodeprojetos@unijui.edu.br","Endereço":"Rua do Comércio, 3000, Bairro Universitário. ","CEP":"98700-000","Município":"Ijuí","ERI":"Noroeste e Missões","Áreas de Atuação":"setor agro, engenheria elétrica, alimentos, iot","Revisão":"5/1/2025"},"geometry":{"type":"Point","coordinates":[-53.948038,-28.392043]}},{"type":"Feature","properties":{"Tipo de Ambiente":"Núcleo de Inovação Tecnológica","Sigla/Nome Fantasia":"UNILASALLE","Nome Completo":"Núcleo de Inovação e Transferência Tecnológica","Site":"https://www.unilasalle.edu.br/canoas/servicos/nitt ","Telefone":"(51) 3476-8420","E-mail":"escritoriodeprojetos@unilasalle.edu.br ","Endereço":"Av. Vitor Barreto, 2288 - sala 161, Prédio 02 - Bairro Centro","CEP":"92010-000","Município":"Canoas","ERI":"Metropolitana e Litoral Norte","Áreas de Atuação":"saúde, gestão e negócios, engenharias, educação","Revisão":"5/1/2025"},"geometry":{"type":"Point","coordinates":[-51.180241,-29.917405]}},{"type":"Feature","properties":{"Tipo de Ambiente":"Núcleo de Inovação Tecnológica","Sigla/Nome Fantasia":"UNIPAMPA","Nome Completo":"Agencia de Inovação Tecnológica de Pampa / Divisão de Inovação Tecnológica","Site":"https://sites.unipampa.edu.br/nit/ ","Telefone":"(53) 3240-3600 Ramal: 9632","E-mail":"dit@unipampa.edu.br","Endereço":"Rua Professor Melanie Granier, nº 51, 4º Andar (Sala 504)","CEP":"96400-500","Município":"Bagé","ERI":"Campanha e Fronteira Oeste","Áreas de Atuação":"engenharia ; saúde","Revisão":"5/1/2025"},"geometry":{"type":"Point","coordinates":[-54.107055,-31.331659]}},{"type":"Feature","properties":{"Tipo de Ambiente":"Núcleo de Inovação Tecnológica","Sigla/Nome Fantasia":"UNISC","Nome Completo":"Núcleo de Inovação e Transferência de Tecnologia","Site":"www.unisc.br/nitt ","Telefone":"(51) 3717-7516","E-mail":"nitt@unisc.br","Endereço":"Av. Independência, 2293, Bloco 16, Sala 1600","CEP":"96815-900","Município":"Santa Cruz do Sul","ERI":"Vales","Áreas de Atuação":"engenharia; saúde; química; iot;","Revisão":"5/1/2025"},"geometry":{"type":"Point","coordinates":[-52.439573,-29.696074]}},{"type":"Feature","properties":{"Tipo de Ambiente":"Núcleo de Inovação Tecnológica","Sigla/Nome Fantasia":"UNISINOS","Nome Completo":"Núcleo de Inovação e Transferência Tecnológica","Site":"https://www.unisinos.br/pesquisa-e-inovacao/nitt/apresentacao ","Telefone":"(51) 3591-1122 ","E-mail":"portaldeinovacao@unisinos.br \n","Endereço":"Av. Unisinos, 950, Bairro Cristo Rei","CEP":"93022-750","Município":"São Leopoldo","ERI":"Metropolitana e Litoral Norte","Áreas de Atuação":"tics; engenharias; saúde; gestão e negócios.","Revisão":"5/1/2025"},"geometry":{"type":"Point","coordinates":[-51.152118,-29.795515]}},{"type":"Feature","properties":{"Tipo de Ambiente":"Núcleo de Inovação Tecnológica","Sigla/Nome Fantasia":"UNIVATES","Nome Completo":"Núcleo de Inovação e Transferência de Tecnologia - NITT/UNIVATES","Site":"https://www.univates.br/erm/nitt","Telefone":"(51) 3714-7000 Ramal 5912 5956 5940","E-mail":"tecnovates@univates.br","Endereço":"Avenida Avelino Tallini, 171 - Bairro Universitário","CEP":"95914-014","Município":"Lajeado","ERI":"Vales","Áreas de Atuação":"biotecnologia, engenharias e saúde","Revisão":"5/1/2025"},"geometry":{"type":"Point","coordinates":[-51.956077,-29.443617]}},{"type":"Feature","properties":{"Tipo de Ambiente":"Núcleo de Inovação Tecnológica","Sigla/Nome Fantasia":"UPF","Nome Completo":"Núcleo de Inovação e Transferência Tecnológica","Site":"https://www.upf.br/upfparque ","Telefone":"(54) 3316-8283\n(54) 3316-8158","E-mail":"upfparque@upf.br","Endereço":"Campus I, BR 285 km 292,7, Bairro São José","CEP":"99052-900","Município":"Passo Fundo","ERI":"Produção e Norte","Áreas de Atuação":"engenharias, agronomia, saúde e ti","Revisão":"5/1/2025"},"geometry":{"type":"Point","coordinates":[-52.38044,-28.234493]}},{"type":"Feature","properties":{"Tipo de Ambiente":"Núcleo de Inovação Tecnológica","Sigla/Nome Fantasia":"URCAMP","Nome Completo":"Campus e Inovação - URCAMP","Site":"https://urcamp.edu.br/pesquisa-e-extensao/inovacao ","Telefone":"(53) 3242 8244 ","E-mail":"urcamp@urcamp.edu.br","Endereço":"Av. Tupy Silveira, 2099","CEP":"96400-110","Município":"Bagé","ERI":"Campanha e Fronteira Oeste","Áreas de Atuação":"Análises de Sementes, Microbiologia, Análise de Solos, Química de Alimentos, Bromatologia, Entomologia Agrícola, Microvinificação, Casa de vegetação e telados, Entomologia Agrícola, Herbário didático","Revisão":"5/1/2025"},"geometry":{"type":"Point","coordinates":[-54.107563,-31.315456]}},{"type":"Feature","properties":{"Tipo de Ambiente":"Núcleo de Inovação Tecnológica","Sigla/Nome Fantasia":"URI - Câmpus de Frederico Westphalen","Nome Completo":"Núcleo de Inovação e Transferência de Tecnologia","Site":"","Telefone":"","E-mail":"","Endereço":"","CEP":"","Município":"","ERI":"","Áreas de Atuação":"","Revisão":"5/1/2025"},"geometry":{"type":"Point","coordinates":[-53.407425,-27.360005]}},{"type":"Feature","properties":{"Tipo de Ambiente":"Núcleo de Inovação Tecnológica","Sigla/Nome Fantasia":"URI - Cerro Largo","Nome Completo":"Núcleo de Inovação Tecnológica","Site":"","Telefone":"","E-mail":"","Endereço":"","CEP":"","Município":"","ERI":"","Áreas de Atuação":"","Revisão":"5/1/2025"},"geometry":{"type":"Point","coordinates":[-54.734511,-28.148071]}},{"type":"Feature","properties":{"Tipo de Ambiente":"Núcleo de Inovação Tecnológica","Sigla/Nome Fantasia":"URI - Erechim","Nome Completo":"Núcleo de Inovação Tecnológica","Site":"https://www.reitoria.uri.br/pt/cursos/pesquisa-extensao","Telefone":"(54) 2107-1255 Ramal 264","E-mail":"propepg@reitoria.uri.br","Endereço":"Av. Sete de Setembro, 1558","CEP":"99709-910","Município":"Erechim","ERI":"Produção e Norte","Áreas de Atuação":"engenharias, sociais aplicadas, humanas","Revisão":"5/1/2025"},"geometry":{"type":"Point","coordinates":[-52.267705,-27.648391]}},{"type":"Feature","properties":{"Tipo de Ambiente":"Núcleo de Inovação Tecnológica","Sigla/Nome Fantasia":"URI - Santiago","Nome Completo":"Polo de Modernização Tecnológica do Vale do Jaguari","Site":"","Telefone":"","E-mail":"","Endereço":"","CEP":"","Município":"","ERI":"","Áreas de Atuação":"","Revisão":"5/1/2025"},"geometry":{"type":"Point","coordinates":[-54.884766,-29.193756]}},{"type":"Feature","properties":{"Tipo de Ambiente":"Núcleo de Inovação Tecnológica","Sigla/Nome Fantasia":"URI - Santo Ângelo","Nome Completo":"Núcleo de Inovação e Transferência de Tecnologia","Site":"","Telefone":"","E-mail":"","Endereço":"","CEP":"","Município":"","ERI":"","Áreas de Atuação":"","Revisão":"5/1/2025"},"geometry":{"type":"Point","coordinates":[-54.270612,-28.277762]}},{"type":"Feature","properties":{"Tipo de Ambiente":"Núcleo de Inovação Tecnológica","Sigla/Nome Fantasia":"URI - São Luiz Gonzaga","Nome Completo":"Núcleo de Inovação Tecnológica","Site":"","Telefone":"","E-mail":"","Endereço":"","CEP":"","Município":"","ERI":"","Áreas de Atuação":"","Revisão":"5/1/2025"},"geometry":{"type":"Point","coordinates":[-54.950323,-28.411098]}},{"type":"Feature","properties":{"Tipo de Ambiente":"Parque Tecnológico","Sigla/Nome Fantasia":"FEEVALE TECHPARK","Nome Completo":"Feevale Techpark","Site":"https://www.feevaletechpark.com.br/ ","Telefone":"51 3586-5800","E-mail":"techpark@feevale.br ","Endereço":"Avenida Edgar Hoffmeister 600  Zona Industrial Norte","CEP":"93700-000","Município":"Campo Bom","ERI":"Metropolitana e Litoral Norte","Áreas de Atuação":"Automação e Eletroeletrônica, Ciências Biológicas da Saúde, Comunicação e Convergência Digital, Energia e Meio Ambiente, Fármacos e Biotecnologia, Indústria Critativa, TI e Software, Energias renováveis","Revisão":"5/1/2025"},"geometry":{"type":"Point","coordinates":[-51.050865,-29.656467]}},{"type":"Feature","properties":{"Tipo de Ambiente":"Parque Tecnológico","Sigla/Nome Fantasia":"GAUTEN","Nome Completo":"Gauten Parque de Inovação e Tecnologia","Site":"https://www.santacruz.rs.gov.br/conteudo/nova-pagina-em-desenvolvimento","Telefone":"51 3690-4134","E-mail":"gauten@santacruz.rs.gov.br","Endereço":"BR 471, Km 130 1105  Distrito Industrial","CEP":"96835-642","Município":"Santa Cruz do Sul","ERI":"Vales","Áreas de Atuação":"Apoio ao desenvolvimento de novas tecnologias e ideias inovadoras","Revisão":"5/1/2025"},"geometry":{"type":"Point","coordinates":[-52.423945,-29.762218]}},{"type":"Feature","properties":{"Tipo de Ambiente":"Parque Tecnológico","Sigla/Nome Fantasia":"INOVATEC","Nome Completo":"Parque de Inovação, Ciência e Tecnologia da UFSM","Site":"https://www.ufsm.br/orgaos-suplementares/inovatec","Telefone":"55 3220-9356","E-mail":"inovatec@ufsm.br","Endereço":"Av. Roraima 1000 Prédio 61H Camobi","CEP":"97105-900","Município":"Santa Maria","ERI":"Central","Áreas de Atuação":"Agrotecnologia, Bioinsumos, Foodtech, Tecnologias sustentáveis","Revisão":"5/1/2025"},"geometry":{"type":"Point","coordinates":[-53.712025,-29.724914]}},{"type":"Feature","properties":{"Tipo de Ambiente":"Parque Tecnológico","Sigla/Nome Fantasia":"ITEC Park UFN","Nome Completo":"Parque Científico e Tecnológico da Universidade Franciscana - UFN","Site":"https://site.ufn.edu.br/pagina/ambiente-de-inovacao-itec/","Telefone":"55 3220-1200 Ramal 9090","E-mail":"itec@ufn.edu.br","Endereço":"\nRua Silva Jardim 1323 Conjunto II Prédio 11 - sala 211 Centro","CEP":"97010-492","Município":"Santa Maria","ERI":"Central","Áreas de Atuação":"Biotecnologia, Saúde e Educação","Revisão":"5/1/2025"},"geometry":{"type":"Point","coordinates":[-53.808412,-29.683097]}},{"type":"Feature","properties":{"Tipo de Ambiente":"Parque Tecnológico","Sigla/Nome Fantasia":"OCEANTEC","Nome Completo":"Parque Científico e Tecnológico da FURG","Site":"https://oceantec.furg.br/","Telefone":"53 3237-3009","E-mail":"oceantec@furg.br ","Endereço":"Av.Itália Km 8  Carreiros","CEP":"96203-900","Município":"Rio Grande","ERI":"Sul","Áreas de Atuação":"Agronegócio, Automação e Eletroeletrônica, Ciências Biológicas da Saúde, Energia e Meio Ambiente, Fármacos e Biotecnologia, Química, TI e Software","Revisão":"5/1/2025"},"geometry":{"type":"Point","coordinates":[-52.160345,-32.063401]}},{"type":"Feature","properties":{"Tipo de Ambiente":"Parque Tecnológico","Sigla/Nome Fantasia":"PAMPATEC","Nome Completo":"Parque Científico e Tecnológico do Pampa","Site":"https://sites.unipampa.edu.br/pampatec/","Telefone":"55 3421-8417 ","E-mail":"pampatec@unipampa.edu.br ","Endereço":"Av. Tiarajú 1406  Ibiraputã","CEP":"97546-550","Município":"Alegrete","ERI":"Campanha e Fronteira Oeste","Áreas de Atuação":"Agronegócio, Automação e Eletroeletrônica, Energia e Meio Ambiente, TI e Software","Revisão":"5/1/2025"},"geometry":{"type":"Point","coordinates":[-55.762876,-29.794054]}},{"type":"Feature","properties":{"Tipo de Ambiente":"Parque Tecnológico","Sigla/Nome Fantasia":"PCI - Parque Canoas de Inovação","Nome Completo":"Parque Canoas de Inovação","Site":"https://www.canoas.rs.gov.br/pci/","Telefone":"51 0800-5101234","E-mail":"smde@canoas.rs.gov.br","Endereço":"Estrada Passo do Nazário 2-218  Guajuviras","CEP":"","Município":"Canoas","ERI":"Metropolitana e Litoral Norte","Áreas de Atuação":"Foco na promoção do desenvolvimento dos setores tecnológicos","Revisão":"5/1/2025"},"geometry":{"type":"Point","coordinates":[-51.12842,-29.902819]}},{"type":"Feature","properties":{"Tipo de Ambiente":"Parque Tecnológico","Sigla/Nome Fantasia":"Pelotas Parque Tecnológico","Nome Completo":"Pelotas Parque Tecnológico","Site":"http://pelotasparquetecnologico.com.br/ ","Telefone":"53 3026-6556","E-mail":"contato@pelotasparquetecnologico.com.br ","Endereço":"Av. Domingos de Almeida 1785  Areal","CEP":"96085-470","Município":"Pelotas","ERI":"Sul","Áreas de Atuação":"Agronegócio, Ciências Biológicas da Saúde, Indústria Critativa, TI e Software","Revisão":"5/1/2025"},"geometry":{"type":"Point","coordinates":[-52.317817,-31.754022]}},{"type":"Feature","properties":{"Tipo de Ambiente":"Parque Tecnológico","Sigla/Nome Fantasia":"PRADOTECH","Nome Completo":"Parque Tecnológico do Prado","Site":"https://www.casadasstartups.com/","Telefone":"51 99710-2963","E-mail":"info@pradotech.com","Endereço":"Rua Ciudadela 4 294  Vila Morada Gaúcha","CEP":"94265-081","Município":"Gravataí","ERI":"Metropolitana e Litoral Norte","Áreas de Atuação":"Projetos relacionados à inteligência artificial, internet das coisas, nanotecnologia, robótica, biomedicina e energia e baterias","Revisão":"5/1/2025"},"geometry":{"type":"Point","coordinates":[-50.933845,-29.94955]}},{"type":"Feature","properties":{"Tipo de Ambiente":"Parque Tecnológico","Sigla/Nome Fantasia":"Santa Maria Tecnoparque","Nome Completo":"Santa Maria Tecnoparque","Site":"https://santamariatecnoparque.com.br/","Telefone":"55 99134-8101","E-mail":"gestor@santamariatecnoparque.com.br","Endereço":"Av. Pedro César Saccol – Eixo Secundário 8 555  Parque Tecnológico Industrial","CEP":"97030-440","Município":"Santa Maria","ERI":"Central","Áreas de Atuação":"Agronegócio, Automação e Eletroeletrônica, Energia e Meio Ambiente, TI e Software","Revisão":"5/1/2025"},"geometry":{"type":"Point","coordinates":[-53.869556,-29.682714]}},{"type":"Feature","properties":{"Tipo de Ambiente":"Parque Tecnológico","Sigla/Nome Fantasia":"TECNOPUC","Nome Completo":"Parque Científico e Tecnológico da PUC/RS","Site":"http://www.pucrs.br/tecnopuc/ ","Telefone":"51 3320-3694","E-mail":"tecnopuc.comunicacao@pucrs.br ","Endereço":"Av. Ipiranga 6681  Partenon","CEP":"90619-900","Município":"Porto Alegre","ERI":"Metropolitana e Litoral Norte","Áreas de Atuação":"Alimentos e Bebidas, Agronegócio, Automação e Eletroeletrônica, Ciências Biológicas da Saúde, Comunicação e Convergência Digital, Energia e Meio Ambiente, Fármacos e Biotecnologia, Indústria Critativa, Química, TI e Software","Revisão":"5/1/2025"},"geometry":{"type":"Point","coordinates":[-51.170371,-30.059601]}},{"type":"Feature","properties":{"Tipo de Ambiente":"Parque Tecnológico","Sigla/Nome Fantasia":"TECNOSINOS","Nome Completo":"Parque Tecnológico de São Leopoldo","Site":"https://www.tecnosinos.com.br","Telefone":"51 3590-8601","E-mail":"unitec@unisinos.br ","Endereço":"Av. Unisinos 950  ","CEP":"93022-750","Município":"São Leopoldo","ERI":"Metropolitana e Litoral Norte","Áreas de Atuação":"Alimentos e Bebidas, Automação e Eletroeletrônica, Comunicação e Convergência Digital, Energia e Meio Ambiente, Fármacos e Biotecnologia, TI e Software","Revisão":"5/1/2025"},"geometry":{"type":"Point","coordinates":[-51.148019,-29.795633]}},{"type":"Feature","properties":{"Tipo de Ambiente":"Parque Tecnológico","Sigla/Nome Fantasia":"TECNOUCS","Nome Completo":"Parque de Ciência, Tecnologia e Inovação da Universidade de Caxias do Sul","Site":"https://www.ucs.br/site/tecnoucs/ ","Telefone":"54 3218-2034","E-mail":"tecnoucs@ucs.br ","Endereço":"Rua Francisco Getúlio Vargas 1130  Petrópolis","CEP":"95070-560","Município":"Caxias do Sul","ERI":"Serra Gaúcha","Áreas de Atuação":"Agronegócio, Automação e Eletroeletrônica, Fármacos e Biotecnologia, Nanomateriais, Indústria Critativa","Revisão":"5/1/2025"},"geometry":{"type":"Point","coordinates":[-51.150386,-29.162697]}},{"type":"Feature","properties":{"Tipo de Ambiente":"Parque Tecnológico","Sigla/Nome Fantasia":"TECNOUNISC","Nome Completo":"Parque Científico e Tecnológico Regional da UNISC","Site":"https://www.unisc.br/pt/tecnounisc","Telefone":"51 3717-7470","E-mail":"tecnounisc@unisc.br ","Endereço":"Avenida Independência 2293 Bloco 19 - sala 1910 Universitário","CEP":"96815-900","Município":"Santa Cruz do Sul","ERI":"Vales","Áreas de Atuação":"Alimentos e Bebidas, Agronegócio, Automação e Eletroeletrônica, Ciências Biológicas da Saúde, TI e Software","Revisão":"5/1/2025"},"geometry":{"type":"Point","coordinates":[-52.439479,-29.696109]}},{"type":"Feature","properties":{"Tipo de Ambiente":"Parque Tecnológico","Sigla/Nome Fantasia":"TECNOURI","Nome Completo":"Parque Científico e Tecnológico das Missões","Site":"http://srvapp2s.santoangelo.uri.br/sites/tecnouri/","Telefone":"55 3313-7900","E-mail":"contato@san.uri.br ","Endereço":"Rua Universidade das Missões 464  Universitário","CEP":"98802-470","Município":"Santo Ângelo","ERI":"Noroeste e Missões","Áreas de Atuação":"Agronegócio, Comunicação e Convergência Digital, Construção civil, Energia e Meio Ambiente, Fármacos e Biotecnologia, Metal Mecânica, TI e Software","Revisão":"5/1/2025"},"geometry":{"type":"Point","coordinates":[-54.269702,-28.275537]}},{"type":"Feature","properties":{"Tipo de Ambiente":"Parque Tecnológico","Sigla/Nome Fantasia":"TECNOVATES","Nome Completo":"Parque Científico e Tecnológico do Vale do Taquari","Site":"https://www.univates.br/tecnovates/ ","Telefone":"51 3714-7000 Ramais 5956, 5908 e 5940","E-mail":"tecnovates@univates.br ","Endereço":"Rua Bento Rosa 4000  Carneiros","CEP":"95913-470","Município":"Lajeado","ERI":"Vales","Áreas de Atuação":"Alimentos e Bebidas, Agronegócio, Ciências Biológicas da Saúde, Energia e Meio Ambiente","Revisão":"5/1/2025"},"geometry":{"type":"Point","coordinates":[-51.944036,-29.449143]}},{"type":"Feature","properties":{"Tipo de Ambiente":"Parque Tecnológico","Sigla/Nome Fantasia":"ULBRATECH","Nome Completo":"Parque Tecnológico Ulbra Canoas","Site":"https://www.ulbratech.com.br/br/canoas.html","Telefone":"51 3462-5600","E-mail":"ulbratech@ulbratech.com.br ","Endereço":"Av. Farroupilha 8001 Prédio 16 - 4º andar São José","CEP":"92425-900","Município":"Canoas","ERI":"Metropolitana e Litoral Norte","Áreas de Atuação":"Ciências Biológicas da Saúde, Comunicação e Convergência Digital, Energia e Meio Ambiente, Indústria Critativa, TI e Software","Revisão":"5/1/2025"},"geometry":{"type":"Point","coordinates":[-51.159056,-29.887448]}},{"type":"Feature","properties":{"Tipo de Ambiente":"Parque Tecnológico","Sigla/Nome Fantasia":"UNIPAMPA PARQUE TECNOLÓGICO","Nome Completo":"Parque Científico e Tecnológico da Campanha","Site":"","Telefone":"","E-mail":"","Endereço":"","CEP":"","Município":"Bagé","ERI":"","Áreas de Atuação":"","Revisão":"5/1/2025"},"geometry":{"type":"Point","coordinates":[-54.063875,-31.307055]}},{"type":"Feature","properties":{"Tipo de Ambiente":"Parque Tecnológico","Sigla/Nome Fantasia":"UPFParque","Nome Completo":"Parque Científico e Tecnológico da Universidade de Passo Fundo","Site":"https://www.upf.br/upfparque","Telefone":"54 3316- 8158","E-mail":"upfparque@upf.br ","Endereço":"BR 285 s/n Campus I São José","CEP":"99052-900","Município":"Passo Fundo","ERI":"Produção e Norte","Áreas de Atuação":"Alimentos e Bebidas, Agronegócio, Automação e Eletroeletrônica, Comunicação e Convergência Digital, Fármacos e Biotecnologia, Metal Mecânica, TI e Software","Revisão":"5/1/2025"},"geometry":{"type":"Point","coordinates":[-52.390238,-28.227733]}},{"type":"Feature","properties":{"Tipo de Ambiente":"Parque Tecnológico","Sigla/Nome Fantasia":"ZENIT","Nome Completo":"Parque Científico e Tecnológico da UFRGS","Site":"https://www.ufrgs.br/zenit/","Telefone":"51 3308-4263","E-mail":"zenit@ufrgs.br ","Endereço":"Praça argentina s/n Prédio Château (11.102) Centro Histórico","CEP":"90040-020\n","Município":"Porto Alegre","ERI":"Metropolitana e Litoral Norte","Áreas de Atuação":"Alimentos e Bebidas, Agronegócio, Automação e Eletroeletrônica, Ciências Biológicas da Saúde, Comunicação e Convergência Digital, Energia e Meio Ambiente, Fármacos e Biotecnologia, Metal Mecânica, Química, TI e Software","Revisão":"5/1/2025"},"geometry":{"type":"Point","coordinates":[-51.222307,-30.032311]}}]}