{"type":"FeatureCollection","features":[{"type":"Feature","properties":{"id":137,"nome":"HOSPITAL SAO JOSE PORTO LUCENA RS","cod_tipo":5,"tipo":"HOSPITAL GERAL","natureza":"ENTIDADES SEM FINS LUCRATIVOS","gestao":"DUPLA","possui_uti_adulto":"FALSE","Número_de_leitos_de_UTI_adulto":""},"geometry":{"type":"Point","coordinates":[-55.011288,-27.857193]}},{"type":"Feature","properties":{"id":172,"nome":"HOSPITAL SAO GABRIEL AMETISTA DO SUL","cod_tipo":5,"tipo":"HOSPITAL GERAL","natureza":"ENTIDADES SEM FINS LUCRATIVOS","gestao":"ESTADUAL","possui_uti_adulto":"FALSE","Número_de_leitos_de_UTI_adulto":""},"geometry":{"type":"Point","coordinates":[-53.176949,-27.366095]}},{"type":"Feature","properties":{"id":174,"nome":"FUNDACAO DE SAUDE PUBLICA DE NOVO HAMBURGO FSNH","cod_tipo":5,"tipo":"HOSPITAL GERAL","natureza":"ADMINISTRAÇÃO PÚBLICA","gestao":"MUNICIPAL","possui_uti_adulto":"TRUE","Número_de_leitos_de_UTI_adulto":10},"geometry":{"type":"Point","coordinates":[-51.131987,-29.675048]}},{"type":"Feature","properties":{"id":180,"nome":"FUNDACAO HOSPITALAR DE ROLANTE","cod_tipo":5,"tipo":"HOSPITAL GERAL","natureza":"ENTIDADES SEM FINS LUCRATIVOS","gestao":"ESTADUAL","possui_uti_adulto":"FALSE","Número_de_leitos_de_UTI_adulto":""},"geometry":{"type":"Point","coordinates":[-50.575823,-29.65307]}},{"type":"Feature","properties":{"id":191,"nome":"SANTA MONICA HOSPITAL","cod_tipo":5,"tipo":"HOSPITAL GERAL","natureza":"ENTIDADES EMPRESARIAIS","gestao":"MUNICIPAL","possui_uti_adulto":"FALSE","Número_de_leitos_de_UTI_adulto":""},"geometry":{"type":"Point","coordinates":[-52.282731,-27.636636]}},{"type":"Feature","properties":{"id":208,"nome":"HOSPITAL MEDIANEIRA PLANALTO","cod_tipo":5,"tipo":"HOSPITAL GERAL","natureza":"ENTIDADES SEM FINS LUCRATIVOS","gestao":"ESTADUAL","possui_uti_adulto":"FALSE","Número_de_leitos_de_UTI_adulto":""},"geometry":{"type":"Point","coordinates":[-53.061844,-27.333406]}},{"type":"Feature","properties":{"id":214,"nome":"HOSPITAL SAO FRANCISCO DE PAULA","cod_tipo":5,"tipo":"HOSPITAL GERAL","natureza":"ENTIDADES SEM FINS LUCRATIVOS","gestao":"ESTADUAL","possui_uti_adulto":"FALSE","Número_de_leitos_de_UTI_adulto":""},"geometry":{"type":"Point","coordinates":[-50.583489,-29.448053]}},{"type":"Feature","properties":{"id":224,"nome":"HOSPITAL SAO FRANCISCO DE ASSIS SANTA MARIA","cod_tipo":5,"tipo":"HOSPITAL GERAL","natureza":"ENTIDADES SEM FINS LUCRATIVOS","gestao":"MUNICIPAL","possui_uti_adulto":"TRUE","Número_de_leitos_de_UTI_adulto":10},"geometry":{"type":"Point","coordinates":[-53.791378,-29.69565]}},{"type":"Feature","properties":{"id":225,"nome":"HOSPITAL DE CARIDADE SAO ROQUE FAXINAL DO SOTURNO","cod_tipo":5,"tipo":"HOSPITAL GERAL","natureza":"ENTIDADES SEM FINS LUCRATIVOS","gestao":"ESTADUAL","possui_uti_adulto":"FALSE","Número_de_leitos_de_UTI_adulto":""},"geometry":{"type":"Point","coordinates":[-53.438927,-29.576934]}},{"type":"Feature","properties":{"id":232,"nome":"HOSPITAL REGIONAL DE SANTA MARIA","cod_tipo":5,"tipo":"HOSPITAL GERAL","natureza":"ADMINISTRAÇÃO PÚBLICA","gestao":"ESTADUAL","possui_uti_adulto":"FALSE","Número_de_leitos_de_UTI_adulto":""},"geometry":{"type":"Point","coordinates":[-53.863242,-29.705929]}},{"type":"Feature","properties":{"id":244,"nome":"HOSPITAL SAO JOSE IVOTI","cod_tipo":5,"tipo":"HOSPITAL GERAL","natureza":"ENTIDADES SEM FINS LUCRATIVOS","gestao":"ESTADUAL","possui_uti_adulto":"FALSE","Número_de_leitos_de_UTI_adulto":""},"geometry":{"type":"Point","coordinates":[-51.160288,-29.591931]}},{"type":"Feature","properties":{"id":254,"nome":"SANTA CASA DE MISERICORDIA DE PEDRO OSORIO","cod_tipo":5,"tipo":"HOSPITAL GERAL","natureza":"ENTIDADES SEM FINS LUCRATIVOS","gestao":"ESTADUAL","possui_uti_adulto":"FALSE","Número_de_leitos_de_UTI_adulto":""},"geometry":{"type":"Point","coordinates":[-52.823122,-31.864258]}},{"type":"Feature","properties":{"id":255,"nome":"HOSPITAL COMUNITARIO SARANDI","cod_tipo":5,"tipo":"HOSPITAL GERAL","natureza":"ENTIDADES SEM FINS LUCRATIVOS","gestao":"ESTADUAL","possui_uti_adulto":"FALSE","Número_de_leitos_de_UTI_adulto":""},"geometry":{"type":"Point","coordinates":[-52.927805,-27.941057]}},{"type":"Feature","properties":{"id":260,"nome":"SANTA CASA DE CARIDADE DE BAGE","cod_tipo":5,"tipo":"HOSPITAL GERAL","natureza":"ENTIDADES SEM FINS LUCRATIVOS","gestao":"ESTADUAL","possui_uti_adulto":"FALSE","Número_de_leitos_de_UTI_adulto":""},"geometry":{"type":"Point","coordinates":[-54.111048,-31.326318]}},{"type":"Feature","properties":{"id":264,"nome":"HOSPITAL PANAMBI","cod_tipo":5,"tipo":"HOSPITAL GERAL","natureza":"ENTIDADES SEM FINS LUCRATIVOS","gestao":"MUNICIPAL","possui_uti_adulto":"FALSE","Número_de_leitos_de_UTI_adulto":""},"geometry":{"type":"Point","coordinates":[-53.49228,-28.289957]}},{"type":"Feature","properties":{"id":284,"nome":"HOSPITAL MOINHOS DE VENTO","cod_tipo":5,"tipo":"HOSPITAL GERAL","natureza":"ENTIDADES SEM FINS LUCRATIVOS","gestao":"MUNICIPAL","possui_uti_adulto":"TRUE","Número_de_leitos_de_UTI_adulto":56},"geometry":{"type":"Point","coordinates":[-51.209105,-30.02631]},"id":15},{"type":"Feature","properties":{"id":293,"nome":"HOSPITAL ALTO JACUI - NAO ME TOQUE","cod_tipo":5,"tipo":"HOSPITAL GERAL","natureza":"ENTIDADES SEM FINS LUCRATIVOS","gestao":"ESTADUAL","possui_uti_adulto":"FALSE","Número_de_leitos_de_UTI_adulto":""},"geometry":{"type":"Point","coordinates":[-52.821731,-28.460816]}},{"type":"Feature","properties":{"id":305,"nome":"SANTA CASA DE MISERIC S LOURENCO DO SUL","cod_tipo":5,"tipo":"HOSPITAL GERAL","natureza":"ENTIDADES SEM FINS LUCRATIVOS","gestao":"ESTADUAL","possui_uti_adulto":"FALSE","Número_de_leitos_de_UTI_adulto":""},"geometry":{"type":"Point","coordinates":[-51.97842,-31.364671]}},{"type":"Feature","properties":{"id":308,"nome":"HOSPITAL FREI CLEMENTE - SOLEDADE","cod_tipo":5,"tipo":"HOSPITAL GERAL","natureza":"ENTIDADES SEM FINS LUCRATIVOS","gestao":"ESTADUAL","possui_uti_adulto":"FALSE","Número_de_leitos_de_UTI_adulto":""},"geometry":{"type":"Point","coordinates":[-52.510941,-28.809979]}},{"type":"Feature","properties":{"id":309,"nome":"UNIDADE MISTA HOSPITAL PARAISO","cod_tipo":15,"tipo":"UNIDADE MISTA","natureza":"ENTIDADES SEM FINS LUCRATIVOS","gestao":"ESTADUAL","possui_uti_adulto":"FALSE","Número_de_leitos_de_UTI_adulto":""},"geometry":{"type":"Point","coordinates":[-53.144041,-29.67041]}},{"type":"Feature","properties":{"id":318,"nome":"AESC HOSPITAL SANTA ANA","cod_tipo":5,"tipo":"HOSPITAL GERAL","natureza":"ENTIDADES SEM FINS LUCRATIVOS","gestao":"MUNICIPAL","possui_uti_adulto":"FALSE","Número_de_leitos_de_UTI_adulto":""},"geometry":{"type":"Point","coordinates":[-51.206855,-30.086151]}},{"type":"Feature","properties":{"id":329,"nome":"HOSPITAL DE CARIDADE E BENEFICENCIA","cod_tipo":5,"tipo":"HOSPITAL GERAL","natureza":"ENTIDADES SEM FINS LUCRATIVOS","gestao":"MUNICIPAL","possui_uti_adulto":"TRUE","Número_de_leitos_de_UTI_adulto":10},"geometry":{"type":"Point","coordinates":[-52.894773,-30.045546]}},{"type":"Feature","properties":{"id":332,"nome":"HOSPITAL DE OLHOS LIONS PASSO FUNDO","cod_tipo":7,"tipo":"HOSPITAL ESPECIALIZADO","natureza":"ENTIDADES SEM FINS LUCRATIVOS","gestao":"ESTADUAL","possui_uti_adulto":"FALSE","Número_de_leitos_de_UTI_adulto":""},"geometry":{"type":"Point","coordinates":[-52.383987,-28.233]}},{"type":"Feature","properties":{"id":336,"nome":"IRMANDADE S CASA DE MISERICORDIA DE S V PALMAR","cod_tipo":5,"tipo":"HOSPITAL GERAL","natureza":"ENTIDADES SEM FINS LUCRATIVOS","gestao":"ESTADUAL","possui_uti_adulto":"FALSE","Número_de_leitos_de_UTI_adulto":""},"geometry":{"type":"Point","coordinates":[-53.372112,-33.524364]}},{"type":"Feature","properties":{"id":343,"nome":"HOSPITAL SAO JOAO BATISTA","cod_tipo":5,"tipo":"HOSPITAL GERAL","natureza":"ENTIDADES SEM FINS LUCRATIVOS","gestao":"MUNICIPAL","possui_uti_adulto":"FALSE","Número_de_leitos_de_UTI_adulto":""},"geometry":{"type":"Point","coordinates":[-51.612636,-28.784367]}},{"type":"Feature","properties":{"id":347,"nome":"HOSPITAL SAO VICENTE DE PAULO PASSO FUNDO","cod_tipo":5,"tipo":"HOSPITAL GERAL","natureza":"ENTIDADES SEM FINS LUCRATIVOS","gestao":"ESTADUAL","possui_uti_adulto":"TRUE","Número_de_leitos_de_UTI_adulto":42},"geometry":{"type":"Point","coordinates":[-52.413386,-28.259953]}},{"type":"Feature","properties":{"id":348,"nome":"HOSPITAL DIVINA PROVIDENCIA","cod_tipo":5,"tipo":"HOSPITAL GERAL","natureza":"ENTIDADES SEM FINS LUCRATIVOS","gestao":"MUNICIPAL","possui_uti_adulto":"TRUE","Número_de_leitos_de_UTI_adulto":12},"geometry":{"type":"Point","coordinates":[-51.18811,-30.084735]}},{"type":"Feature","properties":{"id":349,"nome":"CLINICA PINEL","cod_tipo":7,"tipo":"HOSPITAL ESPECIALIZADO","natureza":"ENTIDADES SEM FINS LUCRATIVOS","gestao":"MUNICIPAL","possui_uti_adulto":"FALSE","Número_de_leitos_de_UTI_adulto":""},"geometry":{"type":"Point","coordinates":[-51.2065476,-30.0505398]}},{"type":"Feature","properties":{"id":356,"nome":"HOSPITAL ESPIRITA DE PELOTAS","cod_tipo":7,"tipo":"HOSPITAL ESPECIALIZADO","natureza":"ENTIDADES SEM FINS LUCRATIVOS","gestao":"MUNICIPAL","possui_uti_adulto":"FALSE","Número_de_leitos_de_UTI_adulto":""},"geometry":{"type":"Point","coordinates":[-52.305155,-31.752]}},{"type":"Feature","properties":{"id":361,"nome":"SAO PIETRO SERVICOS DE SAUDE LTDA","cod_tipo":5,"tipo":"HOSPITAL GERAL","natureza":"ENTIDADES EMPRESARIAIS","gestao":"MUNICIPAL","possui_uti_adulto":"FALSE","Número_de_leitos_de_UTI_adulto":""},"geometry":{"type":"Point","coordinates":[-51.1541851,-30.02237]}},{"type":"Feature","properties":{"id":363,"nome":"HOSPITAL ALVORADA","cod_tipo":5,"tipo":"HOSPITAL GERAL","natureza":"ENTIDADES SEM FINS LUCRATIVOS","gestao":"ESTADUAL","possui_uti_adulto":"FALSE","Número_de_leitos_de_UTI_adulto":""},"geometry":{"type":"Point","coordinates":[-51.074397,-30.008392]}},{"type":"Feature","properties":{"id":366,"nome":"HOSPITAL SAO LUIZ GONZAGA","cod_tipo":5,"tipo":"HOSPITAL GERAL","natureza":"ENTIDADES SEM FINS LUCRATIVOS","gestao":"ESTADUAL","possui_uti_adulto":"FALSE","Número_de_leitos_de_UTI_adulto":""},"geometry":{"type":"Point","coordinates":[-54.962856,-28.406928]}},{"type":"Feature","properties":{"id":398,"nome":"HOSPITAL BENEFICENTE SAO JOAO - ARVOREZINHA","cod_tipo":5,"tipo":"HOSPITAL GERAL","natureza":"ENTIDADES SEM FINS LUCRATIVOS","gestao":"ESTADUAL","possui_uti_adulto":"FALSE","Número_de_leitos_de_UTI_adulto":""},"geometry":{"type":"Point","coordinates":[-52.179492,-28.871394]}},{"type":"Feature","properties":{"id":418,"nome":"HOSPITAL DE CARIDADE DE ERECHIM","cod_tipo":5,"tipo":"HOSPITAL GERAL","natureza":"ENTIDADES SEM FINS LUCRATIVOS","gestao":"DUPLA","possui_uti_adulto":"FALSE","Número_de_leitos_de_UTI_adulto":""},"geometry":{"type":"Point","coordinates":[-52.268907,-27.634046]}},{"type":"Feature","properties":{"id":426,"nome":"HOSPITAL COMUNITARIO NONOAI","cod_tipo":5,"tipo":"HOSPITAL GERAL","natureza":"ENTIDADES SEM FINS LUCRATIVOS","gestao":"DUPLA","possui_uti_adulto":"FALSE","Número_de_leitos_de_UTI_adulto":""},"geometry":{"type":"Point","coordinates":[-52.773692,-27.362319]}},{"type":"Feature","properties":{"id":429,"nome":"SANTA CASA DE MISERICORDIA","cod_tipo":5,"tipo":"HOSPITAL GERAL","natureza":"ENTIDADES SEM FINS LUCRATIVOS","gestao":"MUNICIPAL","possui_uti_adulto":"TRUE","Número_de_leitos_de_UTI_adulto":10},"geometry":{"type":"Point","coordinates":[-55.53804,-30.889872]}},{"type":"Feature","properties":{"id":432,"nome":"HOSPITAL DE CARIDADE DE CANGUCU","cod_tipo":5,"tipo":"HOSPITAL GERAL","natureza":"ENTIDADES SEM FINS LUCRATIVOS","gestao":"DUPLA","possui_uti_adulto":"FALSE","Número_de_leitos_de_UTI_adulto":""},"geometry":{"type":"Point","coordinates":[-52.678538,-31.391612]}},{"type":"Feature","properties":{"id":433,"nome":"HOSPITAL DR HOMERO SOBRADINHO","cod_tipo":5,"tipo":"HOSPITAL GERAL","natureza":"ENTIDADES EMPRESARIAIS","gestao":"MUNICIPAL","possui_uti_adulto":"FALSE","Número_de_leitos_de_UTI_adulto":""},"geometry":{"type":"Point","coordinates":[-53.028699,-29.420059]}},{"type":"Feature","properties":{"id":436,"nome":"HOSPITAL CLINICAS DOUTOR SILVEIRA DE MARCELINO RAMOS","cod_tipo":5,"tipo":"HOSPITAL GERAL","natureza":"ENTIDADES SEM FINS LUCRATIVOS","gestao":"DUPLA","possui_uti_adulto":"FALSE","Número_de_leitos_de_UTI_adulto":""},"geometry":{"type":"Point","coordinates":[-51.91007,-27.467733]}},{"type":"Feature","properties":{"id":444,"nome":"HOSPITAL TACCHINI","cod_tipo":5,"tipo":"HOSPITAL GERAL","natureza":"ENTIDADES SEM FINS LUCRATIVOS","gestao":"MUNICIPAL","possui_uti_adulto":"TRUE","Número_de_leitos_de_UTI_adulto":26},"geometry":{"type":"Point","coordinates":[-51.514586,-29.167332]}},{"type":"Feature","properties":{"id":477,"nome":"HOSPITAL SANTO ANTONIO ESTACAO","cod_tipo":5,"tipo":"HOSPITAL GERAL","natureza":"ENTIDADES SEM FINS LUCRATIVOS","gestao":"ESTADUAL","possui_uti_adulto":"FALSE","Número_de_leitos_de_UTI_adulto":""},"geometry":{"type":"Point","coordinates":[-52.257231,-27.913072]}},{"type":"Feature","properties":{"id":478,"nome":"FUNDACAO HOSPITALAR SAO JOSE","cod_tipo":5,"tipo":"HOSPITAL GERAL","natureza":"ENTIDADES SEM FINS LUCRATIVOS","gestao":"ESTADUAL","possui_uti_adulto":"FALSE","Número_de_leitos_de_UTI_adulto":""},"geometry":{"type":"Point","coordinates":[-50.148009,-29.050444]}},{"type":"Feature","properties":{"id":505,"nome":"HOSPITAL UNIMED VALE DO CAI","cod_tipo":5,"tipo":"HOSPITAL GERAL","natureza":"ENTIDADES EMPRESARIAIS","gestao":"MUNICIPAL","possui_uti_adulto":"TRUE","Número_de_leitos_de_UTI_adulto":9},"geometry":{"type":"Point","coordinates":[-51.480275,-29.694046]}},{"type":"Feature","properties":{"id":528,"nome":"HOSPITAL SAO SEBASTIAO - ESPUMOSO","cod_tipo":5,"tipo":"HOSPITAL GERAL","natureza":"ENTIDADES SEM FINS LUCRATIVOS","gestao":"ESTADUAL","possui_uti_adulto":"FALSE","Número_de_leitos_de_UTI_adulto":""},"geometry":{"type":"Point","coordinates":[-52.845453,-28.726173]}},{"type":"Feature","properties":{"id":542,"nome":"HOSPITAL SANTA TEREZINHA - PAIM FILHO","cod_tipo":5,"tipo":"HOSPITAL GERAL","natureza":"ENTIDADES SEM FINS LUCRATIVOS","gestao":"ESTADUAL","possui_uti_adulto":"FALSE","Número_de_leitos_de_UTI_adulto":""},"geometry":{"type":"Point","coordinates":[-51.763246,-27.707893]}},{"type":"Feature","properties":{"id":545,"nome":"HOSPITAL SAPIRANGA","cod_tipo":5,"tipo":"HOSPITAL GERAL","natureza":"ENTIDADES SEM FINS LUCRATIVOS","gestao":"ESTADUAL","possui_uti_adulto":"TRUE","Número_de_leitos_de_UTI_adulto":7},"geometry":{"type":"Point","coordinates":[-51.006992,-29.64065]}},{"type":"Feature","properties":{"id":550,"nome":"HOSPITAL SANTA ROSA DE LIMA","cod_tipo":5,"tipo":"HOSPITAL GERAL","natureza":"ENTIDADES SEM FINS LUCRATIVOS","gestao":"ESTADUAL","possui_uti_adulto":"FALSE","Número_de_leitos_de_UTI_adulto":""},"geometry":{"type":"Point","coordinates":[-53.091997,-29.334813]}},{"type":"Feature","properties":{"id":570,"nome":"HOSPITAL SAO JOSE - SERTAO","cod_tipo":5,"tipo":"HOSPITAL GERAL","natureza":"ENTIDADES SEM FINS LUCRATIVOS","gestao":"ESTADUAL","possui_uti_adulto":"FALSE","Número_de_leitos_de_UTI_adulto":""},"geometry":{"type":"Point","coordinates":[-52.25962,-27.988196]}},{"type":"Feature","properties":{"id":598,"nome":"HOSPITAL ESCOLA DA UNIVERSIDADE FEDERAL DE PELOTAS","cod_tipo":5,"tipo":"HOSPITAL GERAL","natureza":"ENTIDADES EMPRESARIAIS","gestao":"MUNICIPAL","possui_uti_adulto":"TRUE","Número_de_leitos_de_UTI_adulto":5},"geometry":{"type":"Point","coordinates":[-52.346979,-31.764721]}},{"type":"Feature","properties":{"id":606,"nome":"HOSPITAL SANTA TEREZINHA PALMITINHO","cod_tipo":5,"tipo":"HOSPITAL GERAL","natureza":"ENTIDADES SEM FINS LUCRATIVOS","gestao":"ESTADUAL","possui_uti_adulto":"FALSE","Número_de_leitos_de_UTI_adulto":""},"geometry":{"type":"Point","coordinates":[-53.556614,-27.356581]}},{"type":"Feature","properties":{"id":629,"nome":"HOSPITAL POMPEIA","cod_tipo":5,"tipo":"HOSPITAL GERAL","natureza":"ENTIDADES SEM FINS LUCRATIVOS","gestao":"MUNICIPAL","possui_uti_adulto":"TRUE","Número_de_leitos_de_UTI_adulto":30},"geometry":{"type":"Point","coordinates":[-51.183618,-29.167374]}},{"type":"Feature","properties":{"id":634,"nome":"HOSPITAL SAO FRANCISCO","cod_tipo":5,"tipo":"HOSPITAL GERAL","natureza":"ENTIDADES SEM FINS LUCRATIVOS","gestao":"ESTADUAL","possui_uti_adulto":"FALSE","Número_de_leitos_de_UTI_adulto":""},"geometry":{"type":"Point","coordinates":[-53.988815,-28.51767]}},{"type":"Feature","properties":{"id":641,"nome":"ASSOCIACAO HOSPITALAR VILA NOVA GUAIBA","cod_tipo":5,"tipo":"HOSPITAL GERAL","natureza":"ENTIDADES SEM FINS LUCRATIVOS","gestao":"ESTADUAL","possui_uti_adulto":"FALSE","Número_de_leitos_de_UTI_adulto":""},"geometry":{"type":"Point","coordinates":[-51.3313706,-30.1134188]}},{"type":"Feature","properties":{"id":647,"nome":"DIAGLASER CENTRO DE DIAGNOSTICO E HOSPITAL DIA LTDA","cod_tipo":62,"tipo":"HOSPITAL/DIA - ISOLADO","natureza":"ENTIDADES EMPRESARIAIS","gestao":"MUNICIPAL","possui_uti_adulto":"FALSE","Número_de_leitos_de_UTI_adulto":""},"geometry":{"type":"Point","coordinates":[-51.207859,-30.046]}},{"type":"Feature","properties":{"id":654,"nome":"HOSPITAL SAO JACOB","cod_tipo":5,"tipo":"HOSPITAL GERAL","natureza":"ENTIDADES SEM FINS LUCRATIVOS","gestao":"ESTADUAL","possui_uti_adulto":"FALSE","Número_de_leitos_de_UTI_adulto":""},"geometry":{"type":"Point","coordinates":[-52.953545,-28.62769]}},{"type":"Feature","properties":{"id":657,"nome":"HOSPITAL DE CARIDADE NOSSA SENHORA DA CONCEICAO PIRATINI","cod_tipo":5,"tipo":"HOSPITAL GERAL","natureza":"ENTIDADES SEM FINS LUCRATIVOS","gestao":"ESTADUAL","possui_uti_adulto":"FALSE","Número_de_leitos_de_UTI_adulto":""},"geometry":{"type":"Point","coordinates":[-53.107318,-31.448959]}},{"type":"Feature","properties":{"id":672,"nome":"HOSPITAL DA COLONIA NOVA","cod_tipo":5,"tipo":"HOSPITAL GERAL","natureza":"ENTIDADES SEM FINS LUCRATIVOS","gestao":"ESTADUAL","possui_uti_adulto":"FALSE","Número_de_leitos_de_UTI_adulto":""},"geometry":{"type":"Point","coordinates":[-54.068925,-31.665742]}},{"type":"Feature","properties":{"id":684,"nome":"HOSPITAL CAMPINA","cod_tipo":5,"tipo":"HOSPITAL GERAL","natureza":"ENTIDADES SEM FINS LUCRATIVOS","gestao":"DUPLA","possui_uti_adulto":"FALSE","Número_de_leitos_de_UTI_adulto":""},"geometry":{"type":"Point","coordinates":[-54.838916,-27.990951]}},{"type":"Feature","properties":{"id":689,"nome":"HOSPITAL ORTOPEDICO DE PASSO FUNDO","cod_tipo":7,"tipo":"HOSPITAL ESPECIALIZADO","natureza":"ENTIDADES SEM FINS LUCRATIVOS","gestao":"MUNICIPAL","possui_uti_adulto":"FALSE","Número_de_leitos_de_UTI_adulto":""},"geometry":{"type":"Point","coordinates":[-52.41773071,-28.25661063]}},{"type":"Feature","properties":{"id":694,"nome":"HOSPITAL BENEFICENTE NOSSA SENHORA DOS NAVEGANTES","cod_tipo":5,"tipo":"HOSPITAL GERAL","natureza":"ENTIDADES SEM FINS LUCRATIVOS","gestao":"ESTADUAL","possui_uti_adulto":"TRUE","Número_de_leitos_de_UTI_adulto":5},"geometry":{"type":"Point","coordinates":[-49.728047,-29.335034]}},{"type":"Feature","properties":{"id":715,"nome":"HOSPITAL DR OSVALDO TEIXEIRA","cod_tipo":5,"tipo":"HOSPITAL GERAL","natureza":"ENTIDADES SEM FINS LUCRATIVOS","gestao":"DUPLA","possui_uti_adulto":"FALSE","Número_de_leitos_de_UTI_adulto":""},"geometry":{"type":"Point","coordinates":[-54.443542,-27.659532]}},{"type":"Feature","properties":{"id":738,"nome":"INSTITUTO DE SAUDE E EDUCACAO VIDA CACEQUI","cod_tipo":5,"tipo":"HOSPITAL GERAL","natureza":"ENTIDADES SEM FINS LUCRATIVOS","gestao":"ESTADUAL","possui_uti_adulto":"FALSE","Número_de_leitos_de_UTI_adulto":""},"geometry":{"type":"Point","coordinates":[-54.824761,-29.875475]}},{"type":"Feature","properties":{"id":740,"nome":"HOSPITAL FEMINA SA","cod_tipo":7,"tipo":"HOSPITAL ESPECIALIZADO","natureza":"ENTIDADES EMPRESARIAIS","gestao":"MUNICIPAL","possui_uti_adulto":"TRUE","Número_de_leitos_de_UTI_adulto":4},"geometry":{"type":"Point","coordinates":[-51.206837,-30.029288]}},{"type":"Feature","properties":{"id":745,"nome":"HOSPITAL NOSSA SENHORA APARECIDA DE CAMAQUA","cod_tipo":5,"tipo":"HOSPITAL GERAL","natureza":"ENTIDADES SEM FINS LUCRATIVOS","gestao":"ESTADUAL","possui_uti_adulto":"FALSE","Número_de_leitos_de_UTI_adulto":""},"geometry":{"type":"Point","coordinates":[-51.81483847,-30.84837877]}},{"type":"Feature","properties":{"id":753,"nome":"HOSPITAL MUNICIPAL BOM PASTOR","cod_tipo":5,"tipo":"HOSPITAL GERAL","natureza":"ADMINISTRAÇÃO PÚBLICA","gestao":"MUNICIPAL","possui_uti_adulto":"FALSE","Número_de_leitos_de_UTI_adulto":""},"geometry":{"type":"Point","coordinates":[-53.217124,-28.792395]}},{"type":"Feature","properties":{"id":754,"nome":"HOSPITAL CANDELARIA","cod_tipo":5,"tipo":"HOSPITAL GERAL","natureza":"ENTIDADES SEM FINS LUCRATIVOS","gestao":"MUNICIPAL","possui_uti_adulto":"FALSE","Número_de_leitos_de_UTI_adulto":""},"geometry":{"type":"Point","coordinates":[-52.792305,-29.666203]}},{"type":"Feature","properties":{"id":773,"nome":"HOSPITAL DE CONDOR","cod_tipo":5,"tipo":"HOSPITAL GERAL","natureza":"ENTIDADES SEM FINS LUCRATIVOS","gestao":"DUPLA","possui_uti_adulto":"FALSE","Número_de_leitos_de_UTI_adulto":""},"geometry":{"type":"Point","coordinates":[-53.489266,-28.209374]}},{"type":"Feature","properties":{"id":789,"nome":"HOSPITAL BOM PASTOR IJUI","cod_tipo":5,"tipo":"HOSPITAL GERAL","natureza":"ENTIDADES SEM FINS LUCRATIVOS","gestao":"ESTADUAL","possui_uti_adulto":"FALSE","Número_de_leitos_de_UTI_adulto":""},"geometry":{"type":"Point","coordinates":[-53.896449,-28.393604]}},{"type":"Feature","properties":{"id":829,"nome":"HOSPITAL REGIONAL UNIMED MISSOES","cod_tipo":5,"tipo":"HOSPITAL GERAL","natureza":"ENTIDADES EMPRESARIAIS","gestao":"MUNICIPAL","possui_uti_adulto":"TRUE","Número_de_leitos_de_UTI_adulto":7},"geometry":{"type":"Point","coordinates":[-54.258597,-28.310648]}},{"type":"Feature","properties":{"id":831,"nome":"HOSPITAL MUNICIPAL PEDRO CALIL","cod_tipo":5,"tipo":"HOSPITAL GERAL","natureza":"ADMINISTRAÇÃO PÚBLICA","gestao":"ESTADUAL","possui_uti_adulto":"FALSE","Número_de_leitos_de_UTI_adulto":""},"geometry":{"type":"Point","coordinates":[-53.495785,-30.000602]}},{"type":"Feature","properties":{"id":855,"nome":"HOSPITAL SAO PATRICIO DE ITAQUI","cod_tipo":5,"tipo":"HOSPITAL GERAL","natureza":"ENTIDADES SEM FINS LUCRATIVOS","gestao":"ESTADUAL","possui_uti_adulto":"FALSE","Número_de_leitos_de_UTI_adulto":""},"geometry":{"type":"Point","coordinates":[-56.54004,-29.136754]}},{"type":"Feature","properties":{"id":861,"nome":"SANTA CASA DE ALEGRETE","cod_tipo":5,"tipo":"HOSPITAL GERAL","natureza":"ENTIDADES SEM FINS LUCRATIVOS","gestao":"ESTADUAL","possui_uti_adulto":"FALSE","Número_de_leitos_de_UTI_adulto":""},"geometry":{"type":"Point","coordinates":[-55.791042,-29.774827]}},{"type":"Feature","properties":{"id":862,"nome":"HOSPITAL GERAL UNIMED SANTA MARIA","cod_tipo":5,"tipo":"HOSPITAL GERAL","natureza":"ENTIDADES EMPRESARIAIS","gestao":"MUNICIPAL","possui_uti_adulto":"FALSE","Número_de_leitos_de_UTI_adulto":""},"geometry":{"type":"Point","coordinates":[-53.815489,-29.687203]}},{"type":"Feature","properties":{"id":865,"nome":"ASSOCIACAO HOSPITALAR MANOEL FRANCISCO GUERREIRO","cod_tipo":5,"tipo":"HOSPITAL GERAL","natureza":"ENTIDADES SEM FINS LUCRATIVOS","gestao":"MUNICIPAL","possui_uti_adulto":"FALSE","Número_de_leitos_de_UTI_adulto":""},"geometry":{"type":"Point","coordinates":[-51.885799,-28.848289]}},{"type":"Feature","properties":{"id":904,"nome":"HOSPITAL SAO JOAO BATISTA NOVA BRESCIA","cod_tipo":5,"tipo":"HOSPITAL GERAL","natureza":"ENTIDADES SEM FINS LUCRATIVOS","gestao":"MUNICIPAL","possui_uti_adulto":"FALSE","Número_de_leitos_de_UTI_adulto":""},"geometry":{"type":"Point","coordinates":[-52.025573,-29.214601]}},{"type":"Feature","properties":{"id":911,"nome":"HOSPITAL MUNICIPAL - PASSO FUNDO","cod_tipo":5,"tipo":"HOSPITAL GERAL","natureza":"ADMINISTRAÇÃO PÚBLICA","gestao":"ESTADUAL","possui_uti_adulto":"FALSE","Número_de_leitos_de_UTI_adulto":""},"geometry":{"type":"Point","coordinates":[-52.393919,-28.258439]}},{"type":"Feature","properties":{"id":913,"nome":"HOSPITAL BDW","cod_tipo":5,"tipo":"HOSPITAL GERAL","natureza":"ENTIDADES EMPRESARIAIS","gestao":"MUNICIPAL","possui_uti_adulto":"FALSE","Número_de_leitos_de_UTI_adulto":""},"geometry":{"type":"Point","coordinates":[-51.207889,-30.045762]}},{"type":"Feature","properties":{"id":920,"nome":"HOSPITAL UNIMED VALE DO SINOS TORRE II - NOVO HAMBURGO","cod_tipo":5,"tipo":"HOSPITAL GERAL","natureza":"ENTIDADES EMPRESARIAIS","gestao":"MUNICIPAL","possui_uti_adulto":"FALSE","Número_de_leitos_de_UTI_adulto":""},"geometry":{"type":"Point","coordinates":[-51.106954,-29.689]}},{"type":"Feature","properties":{"id":922,"nome":"HOSPITAL SANATORIO PARTENON","cod_tipo":7,"tipo":"HOSPITAL ESPECIALIZADO","natureza":"ADMINISTRAÇÃO PÚBLICA","gestao":"MUNICIPAL","possui_uti_adulto":"FALSE","Número_de_leitos_de_UTI_adulto":""},"geometry":{"type":"Point","coordinates":[-51.178801,-30.063]}},{"type":"Feature","properties":{"id":924,"nome":"HOSPITAL SAO JOSE TAQUARI","cod_tipo":5,"tipo":"HOSPITAL GERAL","natureza":"ENTIDADES SEM FINS LUCRATIVOS","gestao":"MUNICIPAL","possui_uti_adulto":"FALSE","Número_de_leitos_de_UTI_adulto":""},"geometry":{"type":"Point","coordinates":[-51.866638,-29.802945]}},{"type":"Feature","properties":{"id":927,"nome":"HOSPITAL ROQUE GONZALEZ - TAPERA","cod_tipo":5,"tipo":"HOSPITAL GERAL","natureza":"ENTIDADES SEM FINS LUCRATIVOS","gestao":"ESTADUAL","possui_uti_adulto":"FALSE","Número_de_leitos_de_UTI_adulto":""},"geometry":{"type":"Point","coordinates":[-52.869092,-28.630542]}},{"type":"Feature","properties":{"id":941,"nome":"HOSPITAL PEJUCARA","cod_tipo":5,"tipo":"HOSPITAL GERAL","natureza":"ENTIDADES SEM FINS LUCRATIVOS","gestao":"DUPLA","possui_uti_adulto":"FALSE","Número_de_leitos_de_UTI_adulto":""},"geometry":{"type":"Point","coordinates":[-53.656028,-28.424972]}},{"type":"Feature","properties":{"id":952,"nome":"ASSOCIACAO HOSPITALAR VILA NOVA PORTO ALEGRE","cod_tipo":5,"tipo":"HOSPITAL GERAL","natureza":"ENTIDADES SEM FINS LUCRATIVOS","gestao":"MUNICIPAL","possui_uti_adulto":"TRUE","Número_de_leitos_de_UTI_adulto":20},"geometry":{"type":"Point","coordinates":[-51.207774,-30.119341]}},{"type":"Feature","properties":{"id":963,"nome":"SANTA CASA DE MISERICORDIA DE ARROIO GRANDE","cod_tipo":5,"tipo":"HOSPITAL GERAL","natureza":"ENTIDADES SEM FINS LUCRATIVOS","gestao":"ESTADUAL","possui_uti_adulto":"FALSE","Número_de_leitos_de_UTI_adulto":""},"geometry":{"type":"Point","coordinates":[-53.08403,-32.23105]}},{"type":"Feature","properties":{"id":967,"nome":"SANTA CASA DO RIO GRANDE","cod_tipo":5,"tipo":"HOSPITAL GERAL","natureza":"ENTIDADES SEM FINS LUCRATIVOS","gestao":"ESTADUAL","possui_uti_adulto":"TRUE","Número_de_leitos_de_UTI_adulto":30},"geometry":{"type":"Point","coordinates":[-52.10255,-32.030679]}},{"type":"Feature","properties":{"id":1003,"nome":"HOSPITAL DE CARIDADE BOA VISTA","cod_tipo":5,"tipo":"HOSPITAL GERAL","natureza":"ENTIDADES SEM FINS LUCRATIVOS","gestao":"ESTADUAL","possui_uti_adulto":"FALSE","Número_de_leitos_de_UTI_adulto":""},"geometry":{"type":"Point","coordinates":[-54.11028,-27.670592]}},{"type":"Feature","properties":{"id":1004,"nome":"HOSPITAL SAO LUCAS DA PUCRS","cod_tipo":5,"tipo":"HOSPITAL GERAL","natureza":"ENTIDADES SEM FINS LUCRATIVOS","gestao":"MUNICIPAL","possui_uti_adulto":"TRUE","Número_de_leitos_de_UTI_adulto":5},"geometry":{"type":"Point","coordinates":[-51.173383,-30.055232]}},{"type":"Feature","properties":{"id":1005,"nome":"HOSPITAL DR STICH","cod_tipo":22,"tipo":"CONSULTORIO ISOLADO","natureza":"ENTIDADES EMPRESARIAIS","gestao":"MUNICIPAL","possui_uti_adulto":"FALSE","Número_de_leitos_de_UTI_adulto":""},"geometry":{"type":"Point","coordinates":[-51.068015,-28.969367]}},{"type":"Feature","properties":{"id":1013,"nome":"HOSPITAL DIVINA PROVIDENCIA FREDWEST","cod_tipo":5,"tipo":"HOSPITAL GERAL","natureza":"ENTIDADES SEM FINS LUCRATIVOS","gestao":"ESTADUAL","possui_uti_adulto":"TRUE","Número_de_leitos_de_UTI_adulto":10},"geometry":{"type":"Point","coordinates":[-53.401729,-27.35645]}},{"type":"Feature","properties":{"id":1019,"nome":"HOSPITAL DR ROBERTO BINATTO","cod_tipo":5,"tipo":"HOSPITAL GERAL","natureza":"ENTIDADES SEM FINS LUCRATIVOS","gestao":"ESTADUAL","possui_uti_adulto":"FALSE","Número_de_leitos_de_UTI_adulto":""},"geometry":{"type":"Point","coordinates":[-53.445857,-29.620251]}},{"type":"Feature","properties":{"id":1028,"nome":"HOSPITAL BOM PASTOR IGREJINHA","cod_tipo":5,"tipo":"HOSPITAL GERAL","natureza":"ENTIDADES SEM FINS LUCRATIVOS","gestao":"ESTADUAL","possui_uti_adulto":"FALSE","Número_de_leitos_de_UTI_adulto":""},"geometry":{"type":"Point","coordinates":[-50.801169,-29.572503]}},{"type":"Feature","properties":{"id":1056,"nome":"HOSPITAL SAO LUIZ MOSTARDAS","cod_tipo":5,"tipo":"HOSPITAL GERAL","natureza":"ENTIDADES SEM FINS LUCRATIVOS","gestao":"ESTADUAL","possui_uti_adulto":"FALSE","Número_de_leitos_de_UTI_adulto":""},"geometry":{"type":"Point","coordinates":[-50.917099,-31.104669]}},{"type":"Feature","properties":{"id":1057,"nome":"HOSPITAL NOSSA SENHORA DA PIEDADE","cod_tipo":5,"tipo":"HOSPITAL GERAL","natureza":"ENTIDADES SEM FINS LUCRATIVOS","gestao":"ESTADUAL","possui_uti_adulto":"FALSE","Número_de_leitos_de_UTI_adulto":""},"geometry":{"type":"Point","coordinates":[-53.473991,-29.470083]}},{"type":"Feature","properties":{"id":1063,"nome":"HOSPITAL SAO JOSE ANTONIO PRADO","cod_tipo":5,"tipo":"HOSPITAL GERAL","natureza":"ENTIDADES SEM FINS LUCRATIVOS","gestao":"MUNICIPAL","possui_uti_adulto":"FALSE","Número_de_leitos_de_UTI_adulto":""},"geometry":{"type":"Point","coordinates":[-51.285345,-28.85661]}},{"type":"Feature","properties":{"id":1091,"nome":"HOSPITAL SANTO ANTONIO ROQUE GONZALES","cod_tipo":5,"tipo":"HOSPITAL GERAL","natureza":"ENTIDADES SEM FINS LUCRATIVOS","gestao":"ESTADUAL","possui_uti_adulto":"FALSE","Número_de_leitos_de_UTI_adulto":""},"geometry":{"type":"Point","coordinates":[-55.026366,-28.129604]}},{"type":"Feature","properties":{"id":1095,"nome":"HOSPITAL SANTA TERESINHA ENCANTADO","cod_tipo":5,"tipo":"HOSPITAL GERAL","natureza":"ENTIDADES SEM FINS LUCRATIVOS","gestao":"MUNICIPAL","possui_uti_adulto":"FALSE","Número_de_leitos_de_UTI_adulto":""},"geometry":{"type":"Point","coordinates":[-51.88803684,-29.23320051]}},{"type":"Feature","properties":{"id":1112,"nome":"HOSPITAL ANA NERY","cod_tipo":5,"tipo":"HOSPITAL GERAL","natureza":"ENTIDADES SEM FINS LUCRATIVOS","gestao":"MUNICIPAL","possui_uti_adulto":"TRUE","Número_de_leitos_de_UTI_adulto":7},"geometry":{"type":"Point","coordinates":[-52.427176,-29.73771]}},{"type":"Feature","properties":{"id":1118,"nome":"HOSPITAL SAO LUCAS","cod_tipo":5,"tipo":"HOSPITAL GERAL","natureza":"ENTIDADES EMPRESARIAIS","gestao":"MUNICIPAL","possui_uti_adulto":"FALSE","Número_de_leitos_de_UTI_adulto":""},"geometry":{"type":"Point","coordinates":[-52.200242,-28.453967]}},{"type":"Feature","properties":{"id":1128,"nome":"HOSPITAL ADESCO","cod_tipo":5,"tipo":"HOSPITAL GERAL","natureza":"ENTIDADES SEM FINS LUCRATIVOS","gestao":"DUPLA","possui_uti_adulto":"FALSE","Número_de_leitos_de_UTI_adulto":""},"geometry":{"type":"Point","coordinates":[-53.971763,-27.56682]}},{"type":"Feature","properties":{"id":1130,"nome":"PRONTO ATENDIMENTO DE URGENCIA","cod_tipo":5,"tipo":"HOSPITAL GERAL","natureza":"ADMINISTRAÇÃO PÚBLICA","gestao":"MUNICIPAL","possui_uti_adulto":"FALSE","Número_de_leitos_de_UTI_adulto":""},"geometry":{"type":"Point","coordinates":[-53.638743,-27.6622208]}},{"type":"Feature","properties":{"id":1139,"nome":"HOSPITAL UNIMED VALE DO SINOS TORRE I NOVO HAMBURGO","cod_tipo":5,"tipo":"HOSPITAL GERAL","natureza":"ENTIDADES EMPRESARIAIS","gestao":"MUNICIPAL","possui_uti_adulto":"TRUE","Número_de_leitos_de_UTI_adulto":7},"geometry":{"type":"Point","coordinates":[-51.107089,-29.688652]}},{"type":"Feature","properties":{"id":1140,"nome":"HOSPITAL AJURICABA","cod_tipo":5,"tipo":"HOSPITAL GERAL","natureza":"ENTIDADES SEM FINS LUCRATIVOS","gestao":"ESTADUAL","possui_uti_adulto":"FALSE","Número_de_leitos_de_UTI_adulto":""},"geometry":{"type":"Point","coordinates":[-53.76836,-28.235552]}},{"type":"Feature","properties":{"id":1147,"nome":"HOSPITAL SAO SEBASTIAO MARTIR","cod_tipo":5,"tipo":"HOSPITAL GERAL","natureza":"ENTIDADES SEM FINS LUCRATIVOS","gestao":"MUNICIPAL","possui_uti_adulto":"TRUE","Número_de_leitos_de_UTI_adulto":10},"geometry":{"type":"Point","coordinates":[-52.191095,-29.607657]}},{"type":"Feature","properties":{"id":1157,"nome":"HOSPITAL SAO JOSE PALMARES DO SUL","cod_tipo":5,"tipo":"HOSPITAL GERAL","natureza":"ENTIDADES SEM FINS LUCRATIVOS","gestao":"ESTADUAL","possui_uti_adulto":"FALSE","Número_de_leitos_de_UTI_adulto":""},"geometry":{"type":"Point","coordinates":[-50.511876,-30.264523]}},{"type":"Feature","properties":{"id":1204,"nome":"INSTITUTO DE TRATAMENTO CARDIOVASCULAR LTDA","cod_tipo":62,"tipo":"HOSPITAL/DIA - ISOLADO","natureza":"ENTIDADES EMPRESARIAIS","gestao":"MUNICIPAL","possui_uti_adulto":"FALSE","Número_de_leitos_de_UTI_adulto":""},"geometry":{"type":"Point","coordinates":[-51.1324262,-29.6755968]}},{"type":"Feature","properties":{"id":1211,"nome":"HOSPITAL SANTA RITA D JABOTICABA","cod_tipo":5,"tipo":"HOSPITAL GERAL","natureza":"ENTIDADES SEM FINS LUCRATIVOS","gestao":"DUPLA","possui_uti_adulto":"FALSE","Número_de_leitos_de_UTI_adulto":""},"geometry":{"type":"Point","coordinates":[-53.27589,-27.633003]}},{"type":"Feature","properties":{"id":1219,"nome":"HOSPITAL DOS PASSOS","cod_tipo":5,"tipo":"HOSPITAL GERAL","natureza":"ENTIDADES SEM FINS LUCRATIVOS","gestao":"ESTADUAL","possui_uti_adulto":"FALSE","Número_de_leitos_de_UTI_adulto":""},"geometry":{"type":"Point","coordinates":[-52.371335,-29.984678]}},{"type":"Feature","properties":{"id":1229,"nome":"HOSPITAL PADRE CATELLI","cod_tipo":5,"tipo":"HOSPITAL GERAL","natureza":"ENTIDADES SEM FINS LUCRATIVOS","gestao":"MUNICIPAL","possui_uti_adulto":"FALSE","Número_de_leitos_de_UTI_adulto":""},"geometry":{"type":"Point","coordinates":[-52.005098,-28.97288]}},{"type":"Feature","properties":{"id":1232,"nome":"HOSPITAL VALE DO SOL","cod_tipo":5,"tipo":"HOSPITAL GERAL","natureza":"ENTIDADES SEM FINS LUCRATIVOS","gestao":"ESTADUAL","possui_uti_adulto":"FALSE","Número_de_leitos_de_UTI_adulto":""},"geometry":{"type":"Point","coordinates":[-52.687756,-29.604891]}},{"type":"Feature","properties":{"id":1246,"nome":"COMPLEXO DE SAUDE UNIMED PELOTAS","cod_tipo":5,"tipo":"HOSPITAL GERAL","natureza":"ENTIDADES EMPRESARIAIS","gestao":"MUNICIPAL","possui_uti_adulto":"FALSE","Número_de_leitos_de_UTI_adulto":""},"geometry":{"type":"Point","coordinates":[-52.3474647,-31.7348132]}},{"type":"Feature","properties":{"id":1254,"nome":"HOSPITAL UNIVERSITARIO SAO FRANCISCO DE PAULA","cod_tipo":5,"tipo":"HOSPITAL GERAL","natureza":"ENTIDADES SEM FINS LUCRATIVOS","gestao":"MUNICIPAL","possui_uti_adulto":"TRUE","Número_de_leitos_de_UTI_adulto":20},"geometry":{"type":"Point","coordinates":[-52.340619,-31.757481]}},{"type":"Feature","properties":{"id":1258,"nome":"PRONTOMED CTI CENTRO DE TRATAMENTO INTENSIVO LTDA","cod_tipo":7,"tipo":"HOSPITAL ESPECIALIZADO","natureza":"ENTIDADES EMPRESARIAIS","gestao":"MUNICIPAL","possui_uti_adulto":"TRUE","Número_de_leitos_de_UTI_adulto":6},"geometry":{"type":"Point","coordinates":[-55.529719,-30.898776]}},{"type":"Feature","properties":{"id":1278,"nome":"HOSPITAL SINIMBU","cod_tipo":5,"tipo":"HOSPITAL GERAL","natureza":"ENTIDADES SEM FINS LUCRATIVOS","gestao":"MUNICIPAL","possui_uti_adulto":"FALSE","Número_de_leitos_de_UTI_adulto":""},"geometry":{"type":"Point","coordinates":[-52.521335,-29.534921]}},{"type":"Feature","properties":{"id":1279,"nome":"HOSPITAL VIDA SAUDE FILIAL 01","cod_tipo":5,"tipo":"HOSPITAL GERAL","natureza":"ENTIDADES SEM FINS LUCRATIVOS","gestao":"MUNICIPAL","possui_uti_adulto":"TRUE","Número_de_leitos_de_UTI_adulto":10},"geometry":{"type":"Point","coordinates":[-54.476292,-27.87191]}},{"type":"Feature","properties":{"id":1283,"nome":"HOSPITAL DA BRIGADA MILITAR DE SANTA MARIA","cod_tipo":5,"tipo":"HOSPITAL GERAL","natureza":"ENTIDADES SEM FINS LUCRATIVOS","gestao":"MUNICIPAL","possui_uti_adulto":"FALSE","Número_de_leitos_de_UTI_adulto":""},"geometry":{"type":"Point","coordinates":[-53.7922962,-29.6873648]}},{"type":"Feature","properties":{"id":1303,"nome":"COMPLEXO LIBERTAD","cod_tipo":7,"tipo":"HOSPITAL ESPECIALIZADO","natureza":"ENTIDADES EMPRESARIAIS","gestao":"MUNICIPAL","possui_uti_adulto":"FALSE","Número_de_leitos_de_UTI_adulto":""},"geometry":{"type":"Point","coordinates":[-51.173793,-29.901594]}},{"type":"Feature","properties":{"id":1304,"nome":"HOSPITAL SAO ROQUE DE GETULIO VARGAS","cod_tipo":5,"tipo":"HOSPITAL GERAL","natureza":"ENTIDADES SEM FINS LUCRATIVOS","gestao":"ESTADUAL","possui_uti_adulto":"FALSE","Número_de_leitos_de_UTI_adulto":""},"geometry":{"type":"Point","coordinates":[-52.223151,-27.884086]}},{"type":"Feature","properties":{"id":1310,"nome":"HOSPITAL NOVA PETROPOLIS","cod_tipo":5,"tipo":"HOSPITAL GERAL","natureza":"ENTIDADES SEM FINS LUCRATIVOS","gestao":"MUNICIPAL","possui_uti_adulto":"FALSE","Número_de_leitos_de_UTI_adulto":""},"geometry":{"type":"Point","coordinates":[-51.117774,-29.374175]}},{"type":"Feature","properties":{"id":1339,"nome":"HOSPITAL BENEFICENTE SANTA LUCIA - CASCA","cod_tipo":5,"tipo":"HOSPITAL GERAL","natureza":"ENTIDADES SEM FINS LUCRATIVOS","gestao":"ESTADUAL","possui_uti_adulto":"FALSE","Número_de_leitos_de_UTI_adulto":""},"geometry":{"type":"Point","coordinates":[-51.976172,-28.56653]}},{"type":"Feature","properties":{"id":1364,"nome":"HOSPITAL SANTA ISABEL GAURAMA","cod_tipo":5,"tipo":"HOSPITAL GERAL","natureza":"ENTIDADES SEM FINS LUCRATIVOS","gestao":"DUPLA","possui_uti_adulto":"FALSE","Número_de_leitos_de_UTI_adulto":""},"geometry":{"type":"Point","coordinates":[-52.100833,-27.5861]}},{"type":"Feature","properties":{"id":1380,"nome":"HOSPITAL DOCTOR CLIN","cod_tipo":5,"tipo":"HOSPITAL GERAL","natureza":"ENTIDADES EMPRESARIAIS","gestao":"MUNICIPAL","possui_uti_adulto":"FALSE","Número_de_leitos_de_UTI_adulto":""},"geometry":{"type":"Point","coordinates":[-51.2002024,-30.0476315]}},{"type":"Feature","properties":{"id":1394,"nome":"HOSPITAL RESTINGA E EXTREMO SUL","cod_tipo":5,"tipo":"HOSPITAL GERAL","natureza":"ENTIDADES SEM FINS LUCRATIVOS","gestao":"MUNICIPAL","possui_uti_adulto":"TRUE","Número_de_leitos_de_UTI_adulto":10},"geometry":{"type":"Point","coordinates":[-51.128625,-30.142609]}},{"type":"Feature","properties":{"id":1397,"nome":"HOSPITAL SAO JOSE - MAXIMILIANO DE ALMEIDA","cod_tipo":5,"tipo":"HOSPITAL GERAL","natureza":"ENTIDADES SEM FINS LUCRATIVOS","gestao":"ESTADUAL","possui_uti_adulto":"FALSE","Número_de_leitos_de_UTI_adulto":""},"geometry":{"type":"Point","coordinates":[-51.800168,-27.641966]}},{"type":"Feature","properties":{"id":1411,"nome":"HOSPITAL PRONTO SOCORRO DE CANOAS DEP NELSON MARCHEZAN","cod_tipo":7,"tipo":"HOSPITAL ESPECIALIZADO","natureza":"ADMINISTRAÇÃO PÚBLICA","gestao":"MUNICIPAL","possui_uti_adulto":"TRUE","Número_de_leitos_de_UTI_adulto":10},"geometry":{"type":"Point","coordinates":[-51.198125,-29.906418]}},{"type":"Feature","properties":{"id":1437,"nome":"HOSPITAL AUXILIADORA","cod_tipo":5,"tipo":"HOSPITAL GERAL","natureza":"ENTIDADES SEM FINS LUCRATIVOS","gestao":"ESTADUAL","possui_uti_adulto":"TRUE","Número_de_leitos_de_UTI_adulto":8},"geometry":{"type":"Point","coordinates":[-54.916635,-30.252026]}},{"type":"Feature","properties":{"id":1447,"nome":"HOSPITAL SAO JOSE CHAPADA","cod_tipo":5,"tipo":"HOSPITAL GERAL","natureza":"ENTIDADES SEM FINS LUCRATIVOS","gestao":"DUPLA","possui_uti_adulto":"FALSE","Número_de_leitos_de_UTI_adulto":""},"geometry":{"type":"Point","coordinates":[-53.065756,-28.054919]}},{"type":"Feature","properties":{"id":1470,"nome":"HOSPITAL DE CHIAPETTA","cod_tipo":5,"tipo":"HOSPITAL GERAL","natureza":"ENTIDADES SEM FINS LUCRATIVOS","gestao":"ESTADUAL","possui_uti_adulto":"FALSE","Número_de_leitos_de_UTI_adulto":""},"geometry":{"type":"Point","coordinates":[-53.941262,-27.921145]}},{"type":"Feature","properties":{"id":1483,"nome":"HOSPITAL VIRVI RAMOS","cod_tipo":5,"tipo":"HOSPITAL GERAL","natureza":"ENTIDADES SEM FINS LUCRATIVOS","gestao":"MUNICIPAL","possui_uti_adulto":"TRUE","Número_de_leitos_de_UTI_adulto":10},"geometry":{"type":"Point","coordinates":[-51.180093,-29.154509]}},{"type":"Feature","properties":{"id":1485,"nome":"FUNDACAO HOSPITALAR DE CARIDADE DE QUARAI","cod_tipo":5,"tipo":"HOSPITAL GERAL","natureza":"ENTIDADES SEM FINS LUCRATIVOS","gestao":"MUNICIPAL","possui_uti_adulto":"FALSE","Número_de_leitos_de_UTI_adulto":""},"geometry":{"type":"Point","coordinates":[-56.460824,-30.378792]}},{"type":"Feature","properties":{"id":1507,"nome":"HOSPITAL DE BOM JESUS","cod_tipo":5,"tipo":"HOSPITAL GERAL","natureza":"ENTIDADES SEM FINS LUCRATIVOS","gestao":"MUNICIPAL","possui_uti_adulto":"FALSE","Número_de_leitos_de_UTI_adulto":""},"geometry":{"type":"Point","coordinates":[-50.437481,-28.665592]}},{"type":"Feature","properties":{"id":1508,"nome":"HOSPICAMPO","cod_tipo":5,"tipo":"HOSPITAL GERAL","natureza":"ENTIDADES SEM FINS LUCRATIVOS","gestao":"DUPLA","possui_uti_adulto":"FALSE","Número_de_leitos_de_UTI_adulto":""},"geometry":{"type":"Point","coordinates":[-53.808175,-27.683501]}},{"type":"Feature","properties":{"id":1513,"nome":"HOSPITAL SANTO ANTONIO TENENTE PORTELA","cod_tipo":5,"tipo":"HOSPITAL GERAL","natureza":"ENTIDADES SEM FINS LUCRATIVOS","gestao":"ESTADUAL","possui_uti_adulto":"TRUE","Número_de_leitos_de_UTI_adulto":10},"geometry":{"type":"Point","coordinates":[-53.758491,-27.370224]}},{"type":"Feature","properties":{"id":1515,"nome":"HOSPITAL SAO PAULO","cod_tipo":5,"tipo":"HOSPITAL GERAL","natureza":"ENTIDADES SEM FINS LUCRATIVOS","gestao":"ESTADUAL","possui_uti_adulto":"FALSE","Número_de_leitos_de_UTI_adulto":""},"geometry":{"type":"Point","coordinates":[-51.531653,-28.206479]}},{"type":"Feature","properties":{"id":1521,"nome":"HOSPITAL REGINA NOVO HAMBURGO","cod_tipo":5,"tipo":"HOSPITAL GERAL","natureza":"ENTIDADES SEM FINS LUCRATIVOS","gestao":"MUNICIPAL","possui_uti_adulto":"TRUE","Número_de_leitos_de_UTI_adulto":17},"geometry":{"type":"Point","coordinates":[-51.115548,-29.678212]}},{"type":"Feature","properties":{"id":1538,"nome":"HOSPITAL NOSSA SENHORA DO ROSARIO","cod_tipo":5,"tipo":"HOSPITAL GERAL","natureza":"ENTIDADES SEM FINS LUCRATIVOS","gestao":"MUNICIPAL","possui_uti_adulto":"FALSE","Número_de_leitos_de_UTI_adulto":""},"geometry":{"type":"Point","coordinates":[-51.936142,-28.71173]}},{"type":"Feature","properties":{"id":1540,"nome":"INSTITUTO DE CARDIOLOGIA HOSPITAL VIAMAO","cod_tipo":5,"tipo":"HOSPITAL GERAL","natureza":"ENTIDADES SEM FINS LUCRATIVOS","gestao":"ESTADUAL","possui_uti_adulto":"TRUE","Número_de_leitos_de_UTI_adulto":15},"geometry":{"type":"Point","coordinates":[-51.030015,-30.081732]}},{"type":"Feature","properties":{"id":1542,"nome":"HOSPITAL SANTA ISABEL -PROGRESSO","cod_tipo":5,"tipo":"HOSPITAL GERAL","natureza":"ENTIDADES SEM FINS LUCRATIVOS","gestao":"MUNICIPAL","possui_uti_adulto":"FALSE","Número_de_leitos_de_UTI_adulto":""},"geometry":{"type":"Point","coordinates":[-52.309578,-29.242395]}},{"type":"Feature","properties":{"id":1554,"nome":"HOSPITAL DE MATA","cod_tipo":5,"tipo":"HOSPITAL GERAL","natureza":"ENTIDADES SEM FINS LUCRATIVOS","gestao":"ESTADUAL","possui_uti_adulto":"FALSE","Número_de_leitos_de_UTI_adulto":""},"geometry":{"type":"Point","coordinates":[-54.462224,-29.565508]}},{"type":"Feature","properties":{"id":1562,"nome":"DAY HOSPITAL MOINHOS DE VENTO PONTAL C CIRURG AMBUL","cod_tipo":62,"tipo":"HOSPITAL/DIA - ISOLADO","natureza":"ENTIDADES SEM FINS LUCRATIVOS","gestao":"MUNICIPAL","possui_uti_adulto":"FALSE","Número_de_leitos_de_UTI_adulto":""},"geometry":{"type":"Point","coordinates":[-51.2473909,-30.0793103]}},{"type":"Feature","properties":{"id":1576,"nome":"HOSPITAL ANNES DIAS","cod_tipo":5,"tipo":"HOSPITAL GERAL","natureza":"ENTIDADES SEM FINS LUCRATIVOS","gestao":"ESTADUAL","possui_uti_adulto":"FALSE","Número_de_leitos_de_UTI_adulto":""},"geometry":{"type":"Point","coordinates":[-53.090207,-28.632556]}},{"type":"Feature","properties":{"id":1603,"nome":"HOSPITAL DO CIRCULO","cod_tipo":5,"tipo":"HOSPITAL GERAL","natureza":"ENTIDADES SEM FINS LUCRATIVOS","gestao":"MUNICIPAL","possui_uti_adulto":"TRUE","Número_de_leitos_de_UTI_adulto":18},"geometry":{"type":"Point","coordinates":[-51.173433,-29.153503]}},{"type":"Feature","properties":{"id":1604,"nome":"HOSPITAL VIDA SAUDE","cod_tipo":5,"tipo":"HOSPITAL GERAL","natureza":"ENTIDADES SEM FINS LUCRATIVOS","gestao":"MUNICIPAL","possui_uti_adulto":"TRUE","Número_de_leitos_de_UTI_adulto":10},"geometry":{"type":"Point","coordinates":[-54.485054,-27.866829]}},{"type":"Feature","properties":{"id":1613,"nome":"HOSPITAL DE CAMPO BOM DR LAURO REUS","cod_tipo":5,"tipo":"HOSPITAL GERAL","natureza":"ENTIDADES SEM FINS LUCRATIVOS","gestao":"MUNICIPAL","possui_uti_adulto":"TRUE","Número_de_leitos_de_UTI_adulto":10},"geometry":{"type":"Point","coordinates":[-51.054845,-29.68748]}},{"type":"Feature","properties":{"id":1615,"nome":"HOSPITAL SAO JOSE ARROIO DO MEIO","cod_tipo":5,"tipo":"HOSPITAL GERAL","natureza":"ENTIDADES SEM FINS LUCRATIVOS","gestao":"MUNICIPAL","possui_uti_adulto":"FALSE","Número_de_leitos_de_UTI_adulto":""},"geometry":{"type":"Point","coordinates":[-51.947323,-29.401473]}},{"type":"Feature","properties":{"id":1621,"nome":"HOSPITAL DE PORTO XAVIER","cod_tipo":5,"tipo":"HOSPITAL GERAL","natureza":"ENTIDADES SEM FINS LUCRATIVOS","gestao":"ESTADUAL","possui_uti_adulto":"FALSE","Número_de_leitos_de_UTI_adulto":""},"geometry":{"type":"Point","coordinates":[-55.13931742,-27.90336834]}},{"type":"Feature","properties":{"id":1670,"nome":"HOSPITAL BOM JESUS","cod_tipo":5,"tipo":"HOSPITAL GERAL","natureza":"ENTIDADES SEM FINS LUCRATIVOS","gestao":"ESTADUAL","possui_uti_adulto":"FALSE","Número_de_leitos_de_UTI_adulto":""},"geometry":{"type":"Point","coordinates":[-50.778406,-29.644191]}},{"type":"Feature","properties":{"id":1677,"nome":"CLINICA PROFESSOR PAULO GUEDES LTDA","cod_tipo":7,"tipo":"HOSPITAL ESPECIALIZADO","natureza":"ENTIDADES EMPRESARIAIS","gestao":"MUNICIPAL","possui_uti_adulto":"FALSE","Número_de_leitos_de_UTI_adulto":""},"geometry":{"type":"Point","coordinates":[-51.0888787,-29.1135281]}},{"type":"Feature","properties":{"id":1687,"nome":"HOSPITAL DE CLINICAS","cod_tipo":5,"tipo":"HOSPITAL GERAL","natureza":"ENTIDADES EMPRESARIAIS","gestao":"MUNICIPAL","possui_uti_adulto":"TRUE","Número_de_leitos_de_UTI_adulto":82},"geometry":{"type":"Point","coordinates":[-51.206436,-30.038638]},"id":147},{"type":"Feature","properties":{"id":1688,"nome":"HOSPITAL CRISTO REDENTOR - MARAU","cod_tipo":5,"tipo":"HOSPITAL GERAL","natureza":"ENTIDADES SEM FINS LUCRATIVOS","gestao":"ESTADUAL","possui_uti_adulto":"FALSE","Número_de_leitos_de_UTI_adulto":""},"geometry":{"type":"Point","coordinates":[-52.193964,-28.447042]}},{"type":"Feature","properties":{"id":1690,"nome":"HOSPITAL ERNESTO DORNELLES","cod_tipo":5,"tipo":"HOSPITAL GERAL","natureza":"ENTIDADES SEM FINS LUCRATIVOS","gestao":"MUNICIPAL","possui_uti_adulto":"TRUE","Número_de_leitos_de_UTI_adulto":40},"geometry":{"type":"Point","coordinates":[-51.211891,-30.047492]}},{"type":"Feature","properties":{"id":1701,"nome":"ASSOC HOSP SANTO ANTONIO DE PADUA","cod_tipo":5,"tipo":"HOSPITAL GERAL","natureza":"ENTIDADES SEM FINS LUCRATIVOS","gestao":"ESTADUAL","possui_uti_adulto":"FALSE","Número_de_leitos_de_UTI_adulto":""},"geometry":{"type":"Point","coordinates":[-53.702126,-27.715877]}},{"type":"Feature","properties":{"id":1704,"nome":"HOSPITAL DE CARIDADE DE SAO MARTINHO","cod_tipo":5,"tipo":"HOSPITAL GERAL","natureza":"ENTIDADES SEM FINS LUCRATIVOS","gestao":"DUPLA","possui_uti_adulto":"FALSE","Número_de_leitos_de_UTI_adulto":""},"geometry":{"type":"Point","coordinates":[-53.964652,-27.708065]}},{"type":"Feature","properties":{"id":1719,"nome":"CENTRO CLINICO PILTCHER LTDA","cod_tipo":5,"tipo":"HOSPITAL GERAL","natureza":"ENTIDADES EMPRESARIAIS","gestao":"MUNICIPAL","possui_uti_adulto":"FALSE","Número_de_leitos_de_UTI_adulto":""},"geometry":{"type":"Point","coordinates":[-52.3374745,-31.75799]}},{"type":"Feature","properties":{"id":1722,"nome":"HOSPITAL DOUTOR OSCAR BENEVOLO","cod_tipo":5,"tipo":"HOSPITAL GERAL","natureza":"ENTIDADES SEM FINS LUCRATIVOS","gestao":"MUNICIPAL","possui_uti_adulto":"FALSE","Número_de_leitos_de_UTI_adulto":""},"geometry":{"type":"Point","coordinates":[-52.15951,-29.002048]}},{"type":"Feature","properties":{"id":1724,"nome":"HOSPITAL DE CARIDADE BRASILINA TERRA","cod_tipo":5,"tipo":"HOSPITAL GERAL","natureza":"ENTIDADES SEM FINS LUCRATIVOS","gestao":"ESTADUAL","possui_uti_adulto":"FALSE","Número_de_leitos_de_UTI_adulto":""},"geometry":{"type":"Point","coordinates":[-53.848879,-29.071557]}},{"type":"Feature","properties":{"id":1735,"nome":"SOCIEDADE PORTUGUESA DE BENEFICENCIA","cod_tipo":5,"tipo":"HOSPITAL GERAL","natureza":"ENTIDADES SEM FINS LUCRATIVOS","gestao":"MUNICIPAL","possui_uti_adulto":"TRUE","Número_de_leitos_de_UTI_adulto":20},"geometry":{"type":"Point","coordinates":[-52.345889,-31.77518]}},{"type":"Feature","properties":{"id":1752,"nome":"HOSPITAL DE CARIDADE DR VICTOR LANG","cod_tipo":5,"tipo":"HOSPITAL GERAL","natureza":"ENTIDADES SEM FINS LUCRATIVOS","gestao":"ESTADUAL","possui_uti_adulto":"FALSE","Número_de_leitos_de_UTI_adulto":""},"geometry":{"type":"Point","coordinates":[-53.4883,-30.516465]}},{"type":"Feature","properties":{"id":1753,"nome":"HOSPITAL SANTA LUCIA LTDA","cod_tipo":5,"tipo":"HOSPITAL GERAL","natureza":"ENTIDADES EMPRESARIAIS","gestao":"MUNICIPAL","possui_uti_adulto":"TRUE","Número_de_leitos_de_UTI_adulto":12},"geometry":{"type":"Point","coordinates":[-53.607762,-28.639636]}},{"type":"Feature","properties":{"id":1759,"nome":"HOSPITAL UNIVERSITARIO URCAMP","cod_tipo":5,"tipo":"HOSPITAL GERAL","natureza":"ENTIDADES SEM FINS LUCRATIVOS","gestao":"ESTADUAL","possui_uti_adulto":"FALSE","Número_de_leitos_de_UTI_adulto":""},"geometry":{"type":"Point","coordinates":[-54.1026512,-31.3329856]}},{"type":"Feature","properties":{"id":1763,"nome":"ASSOCIACAO HOSPITALAR DE RONDA ALTA","cod_tipo":5,"tipo":"HOSPITAL GERAL","natureza":"ENTIDADES SEM FINS LUCRATIVOS","gestao":"ESTADUAL","possui_uti_adulto":"FALSE","Número_de_leitos_de_UTI_adulto":""},"geometry":{"type":"Point","coordinates":[-52.801821,-27.782808]}},{"type":"Feature","properties":{"id":1768,"nome":"FUNDACAO HOSPITALAR SANTA TEREZINHA DE ERECHIM","cod_tipo":5,"tipo":"HOSPITAL GERAL","natureza":"ADMINISTRAÇÃO PÚBLICA","gestao":"DUPLA","possui_uti_adulto":"TRUE","Número_de_leitos_de_UTI_adulto":16},"geometry":{"type":"Point","coordinates":[-52.282919,-27.635994]}},{"type":"Feature","properties":{"id":1773,"nome":"HOSPITAL DE SAO VICENTE DO SUL","cod_tipo":63,"tipo":"HOSPITAL/DIA - ISOLADO","natureza":"ADMINISTRAÇÃO PÚBLICA","gestao":"ESTADUAL","possui_uti_adulto":"FALSE","Número_de_leitos_de_UTI_adulto":""},"geometry":{"type":"Point","coordinates":[-54.671594,-29.695094]}},{"type":"Feature","properties":{"id":1774,"nome":"HOSPITAL UNIMED CAXIAS DO SUL","cod_tipo":5,"tipo":"HOSPITAL GERAL","natureza":"ENTIDADES EMPRESARIAIS","gestao":"MUNICIPAL","possui_uti_adulto":"TRUE","Número_de_leitos_de_UTI_adulto":20},"geometry":{"type":"Point","coordinates":[-51.200877,-29.16466]}},{"type":"Feature","properties":{"id":1782,"nome":"HOSPITAL DE CARIDADE SANTANA BOM RETIRO DO SUL","cod_tipo":5,"tipo":"HOSPITAL GERAL","natureza":"ENTIDADES SEM FINS LUCRATIVOS","gestao":"MUNICIPAL","possui_uti_adulto":"FALSE","Número_de_leitos_de_UTI_adulto":""},"geometry":{"type":"Point","coordinates":[-51.940664,-29.603367]}},{"type":"Feature","properties":{"id":1786,"nome":"CASA DE SAUDE SAO JOSE","cod_tipo":5,"tipo":"HOSPITAL GERAL","natureza":"ENTIDADES SEM FINS LUCRATIVOS","gestao":"ESTADUAL","possui_uti_adulto":"FALSE","Número_de_leitos_de_UTI_adulto":""},"geometry":{"type":"Point","coordinates":[-53.307757,-29.347122]}},{"type":"Feature","properties":{"id":1788,"nome":"HOSPITAL BENEFICIENTE SANTA LUZIA","cod_tipo":5,"tipo":"HOSPITAL GERAL","natureza":"ENTIDADES SEM FINS LUCRATIVOS","gestao":"ESTADUAL","possui_uti_adulto":"TRUE","Número_de_leitos_de_UTI_adulto":10},"geometry":{"type":"Point","coordinates":[-50.02426,-29.765551]}},{"type":"Feature","properties":{"id":1797,"nome":"HOSPITAL UNIVERSITARIO DR MIGUEL RIET CORREA JUNIOR","cod_tipo":5,"tipo":"HOSPITAL GERAL","natureza":"ENTIDADES EMPRESARIAIS","gestao":"ESTADUAL","possui_uti_adulto":"TRUE","Número_de_leitos_de_UTI_adulto":6},"geometry":{"type":"Point","coordinates":[-52.102826,-32.029107]}},{"type":"Feature","properties":{"id":1815,"nome":"HPS PORTO ALEGRE","cod_tipo":7,"tipo":"HOSPITAL ESPECIALIZADO","natureza":"ADMINISTRAÇÃO PÚBLICA","gestao":"MUNICIPAL","possui_uti_adulto":"TRUE","Número_de_leitos_de_UTI_adulto":20},"geometry":{"type":"Point","coordinates":[-51.209252,-30.036889]},"id":167},{"type":"Feature","properties":{"id":1840,"nome":"HOSPITAL DE CHARQUEADAS","cod_tipo":5,"tipo":"HOSPITAL GERAL","natureza":"ENTIDADES SEM FINS LUCRATIVOS","gestao":"ESTADUAL","possui_uti_adulto":"FALSE","Número_de_leitos_de_UTI_adulto":""},"geometry":{"type":"Point","coordinates":[-51.637711,-29.967029]}},{"type":"Feature","properties":{"id":1861,"nome":"HOSPITAL BRUNO BORN","cod_tipo":5,"tipo":"HOSPITAL GERAL","natureza":"ENTIDADES SEM FINS LUCRATIVOS","gestao":"MUNICIPAL","possui_uti_adulto":"TRUE","Número_de_leitos_de_UTI_adulto":26},"geometry":{"type":"Point","coordinates":[-51.966526,-29.463181]}},{"type":"Feature","properties":{"id":1902,"nome":"HOSPITAL DE CARIDADE SANTA RITA","cod_tipo":5,"tipo":"HOSPITAL GERAL","natureza":"ENTIDADES SEM FINS LUCRATIVOS","gestao":"ESTADUAL","possui_uti_adulto":"FALSE","Número_de_leitos_de_UTI_adulto":""},"geometry":{"type":"Point","coordinates":[-51.716568,-29.944485]}},{"type":"Feature","properties":{"id":1921,"nome":"HOSPITAL SAO JOAO - SANANDUVA","cod_tipo":5,"tipo":"HOSPITAL GERAL","natureza":"ENTIDADES SEM FINS LUCRATIVOS","gestao":"ESTADUAL","possui_uti_adulto":"FALSE","Número_de_leitos_de_UTI_adulto":""},"geometry":{"type":"Point","coordinates":[-51.814621,-27.950941]}},{"type":"Feature","properties":{"id":1931,"nome":"SANTA CASA DE SAO GABRIEL","cod_tipo":5,"tipo":"HOSPITAL GERAL","natureza":"ENTIDADES SEM FINS LUCRATIVOS","gestao":"ESTADUAL","possui_uti_adulto":"TRUE","Número_de_leitos_de_UTI_adulto":12},"geometry":{"type":"Point","coordinates":[-54.321044,-30.334405]}},{"type":"Feature","properties":{"id":1940,"nome":"HOSPITAL MONPORTO","cod_tipo":5,"tipo":"HOSPITAL GERAL","natureza":"ENTIDADES EMPRESARIAIS","gestao":"MUNICIPAL","possui_uti_adulto":"FALSE","Número_de_leitos_de_UTI_adulto":""},"geometry":{"type":"Point","coordinates":[-52.1132732,-32.0491716]}},{"type":"Feature","properties":{"id":1941,"nome":"HOSPITAL SAO VICENTE DE PAULO OSORIO","cod_tipo":5,"tipo":"HOSPITAL GERAL","natureza":"ENTIDADES SEM FINS LUCRATIVOS","gestao":"ESTADUAL","possui_uti_adulto":"FALSE","Número_de_leitos_de_UTI_adulto":""},"geometry":{"type":"Point","coordinates":[-50.265218,-29.886359]}},{"type":"Feature","properties":{"id":1946,"nome":"HOSPITAL SAO JOSE GIRUA","cod_tipo":5,"tipo":"HOSPITAL GERAL","natureza":"ENTIDADES SEM FINS LUCRATIVOS","gestao":"MUNICIPAL","possui_uti_adulto":"FALSE","Número_de_leitos_de_UTI_adulto":""},"geometry":{"type":"Point","coordinates":[-54.345701,-28.030681]}},{"type":"Feature","properties":{"id":1971,"nome":"IRMANDADE DA SANTA CASA DE MISERICORDIA DE PORTO ALEGRE","cod_tipo":5,"tipo":"HOSPITAL GERAL","natureza":"ENTIDADES SEM FINS LUCRATIVOS","gestao":"MUNICIPAL","possui_uti_adulto":"TRUE","Número_de_leitos_de_UTI_adulto":87},"geometry":{"type":"Point","coordinates":[-51.222617,-30.030253]},"id":176},{"type":"Feature","properties":{"id":1993,"nome":"HOSPITAL SAO ROQUE SEVERIANO DE ALMEIDA","cod_tipo":5,"tipo":"HOSPITAL GERAL","natureza":"ENTIDADES SEM FINS LUCRATIVOS","gestao":"ESTADUAL","possui_uti_adulto":"FALSE","Número_de_leitos_de_UTI_adulto":""},"geometry":{"type":"Point","coordinates":[-52.115253,-27.43408]}},{"type":"Feature","properties":{"id":1999,"nome":"HOSPITAL DE IVORA","cod_tipo":5,"tipo":"HOSPITAL GERAL","natureza":"ENTIDADES SEM FINS LUCRATIVOS","gestao":"ESTADUAL","possui_uti_adulto":"FALSE","Número_de_leitos_de_UTI_adulto":""},"geometry":{"type":"Point","coordinates":[-53.58075,-29.519898]}},{"type":"Feature","properties":{"id":2020,"nome":"SOCIEDADE BENEFICENTE ROQUE GONZALES","cod_tipo":5,"tipo":"HOSPITAL GERAL","natureza":"ENTIDADES SEM FINS LUCRATIVOS","gestao":"MUNICIPAL","possui_uti_adulto":"FALSE","Número_de_leitos_de_UTI_adulto":""},"geometry":{"type":"Point","coordinates":[-51.869616,-29.283405]}},{"type":"Feature","properties":{"id":2023,"nome":"HOSPITAL BENEFICENTE SAO ROQUE","cod_tipo":5,"tipo":"HOSPITAL GERAL","natureza":"ENTIDADES SEM FINS LUCRATIVOS","gestao":"MUNICIPAL","possui_uti_adulto":"FALSE","Número_de_leitos_de_UTI_adulto":""},"geometry":{"type":"Point","coordinates":[-51.498198,-29.295893]}},{"type":"Feature","properties":{"id":2033,"nome":"HOSPITAL BOM PASTOR SANTO AUGUSTO","cod_tipo":5,"tipo":"HOSPITAL GERAL","natureza":"ENTIDADES SEM FINS LUCRATIVOS","gestao":"ESTADUAL","possui_uti_adulto":"FALSE","Número_de_leitos_de_UTI_adulto":""},"geometry":{"type":"Point","coordinates":[-53.775893,-27.853703]}},{"type":"Feature","properties":{"id":2036,"nome":"HOSPITAL ARCANJO SAO MIGUEL","cod_tipo":5,"tipo":"HOSPITAL GERAL","natureza":"ENTIDADES SEM FINS LUCRATIVOS","gestao":"MUNICIPAL","possui_uti_adulto":"TRUE","Número_de_leitos_de_UTI_adulto":10},"geometry":{"type":"Point","coordinates":[-50.870175,-29.376916]}},{"type":"Feature","properties":{"id":2046,"nome":"HOSPITAL SAO JOSE RODEIO BONITO","cod_tipo":5,"tipo":"HOSPITAL GERAL","natureza":"ENTIDADES SEM FINS LUCRATIVOS","gestao":"ESTADUAL","possui_uti_adulto":"FALSE","Número_de_leitos_de_UTI_adulto":""},"geometry":{"type":"Point","coordinates":[-53.168809,-27.471505]}},{"type":"Feature","properties":{"id":2059,"nome":"HOSPITAL MUNICIPAL SALDANHA MARINHO","cod_tipo":5,"tipo":"HOSPITAL GERAL","natureza":"ADMINISTRAÇÃO PÚBLICA","gestao":"MUNICIPAL","possui_uti_adulto":"FALSE","Número_de_leitos_de_UTI_adulto":""},"geometry":{"type":"Point","coordinates":[-53.098474,-28.391326]}},{"type":"Feature","properties":{"id":2074,"nome":"HOSPITAL SAUDE","cod_tipo":5,"tipo":"HOSPITAL GERAL","natureza":"ENTIDADES EMPRESARIAIS","gestao":"MUNICIPAL","possui_uti_adulto":"TRUE","Número_de_leitos_de_UTI_adulto":10},"geometry":{"type":"Point","coordinates":[-51.183509,-29.164654]}},{"type":"Feature","properties":{"id":2076,"nome":"SANTA CASA DE MISERICORDIA DE PELOTAS","cod_tipo":5,"tipo":"HOSPITAL GERAL","natureza":"ENTIDADES SEM FINS LUCRATIVOS","gestao":"MUNICIPAL","possui_uti_adulto":"TRUE","Número_de_leitos_de_UTI_adulto":17},"geometry":{"type":"Point","coordinates":[-52.346658,-31.765436]}},{"type":"Feature","properties":{"id":2087,"nome":"HOSPITAL MUNICIPAL SANTANA DA BOA VISTA","cod_tipo":5,"tipo":"HOSPITAL GERAL","natureza":"ADMINISTRAÇÃO PÚBLICA","gestao":"ESTADUAL","possui_uti_adulto":"FALSE","Número_de_leitos_de_UTI_adulto":""},"geometry":{"type":"Point","coordinates":[-53.1120548,-30.87368]}},{"type":"Feature","properties":{"id":2092,"nome":"CSM CENTRO ESPECIALIZADO EM SAUDE MENTAL E GERIATRIA LTDA","cod_tipo":7,"tipo":"HOSPITAL ESPECIALIZADO","natureza":"ENTIDADES SEM FINS LUCRATIVOS","gestao":"MUNICIPAL","possui_uti_adulto":"FALSE","Número_de_leitos_de_UTI_adulto":""},"geometry":{"type":"Point","coordinates":[-51.2180646,-29.1570803]}},{"type":"Feature","properties":{"id":2102,"nome":"HOSPITAL SANTO ANGELO","cod_tipo":5,"tipo":"HOSPITAL GERAL","natureza":"ENTIDADES SEM FINS LUCRATIVOS","gestao":"ESTADUAL","possui_uti_adulto":"TRUE","Número_de_leitos_de_UTI_adulto":10},"geometry":{"type":"Point","coordinates":[-54.263537,-28.305797]}},{"type":"Feature","properties":{"id":2107,"nome":"INSTITUTO DE CARDIOLOGIA","cod_tipo":7,"tipo":"HOSPITAL ESPECIALIZADO","natureza":"ENTIDADES SEM FINS LUCRATIVOS","gestao":"MUNICIPAL","possui_uti_adulto":"FALSE","Número_de_leitos_de_UTI_adulto":""},"geometry":{"type":"Point","coordinates":[-51.209011,-30.049064]}},{"type":"Feature","properties":{"id":2113,"nome":"HOSPITAL PSIQUIATRICO BEZERRA DE MENEZES","cod_tipo":7,"tipo":"HOSPITAL ESPECIALIZADO","natureza":"ENTIDADES SEM FINS LUCRATIVOS","gestao":"ESTADUAL","possui_uti_adulto":"FALSE","Número_de_leitos_de_UTI_adulto":""},"geometry":{"type":"Point","coordinates":[-52.41528259,-28.24652279]}},{"type":"Feature","properties":{"id":2134,"nome":"COMPLEXO HOSPITALAR ASTROGILDO DE AZEVEDO","cod_tipo":5,"tipo":"HOSPITAL GERAL","natureza":"ENTIDADES SEM FINS LUCRATIVOS","gestao":"ESTADUAL","possui_uti_adulto":"TRUE","Número_de_leitos_de_UTI_adulto":40},"geometry":{"type":"Point","coordinates":[-53.807235,-29.692275]}},{"type":"Feature","properties":{"id":2139,"nome":"HOSPITAL N S AUXILIADORA IRAI","cod_tipo":5,"tipo":"HOSPITAL GERAL","natureza":"ENTIDADES SEM FINS LUCRATIVOS","gestao":"ESTADUAL","possui_uti_adulto":"FALSE","Número_de_leitos_de_UTI_adulto":""},"geometry":{"type":"Point","coordinates":[-53.257052,-27.194038]}},{"type":"Feature","properties":{"id":2142,"nome":"HOSPITAL PINHEIRO MACHADO","cod_tipo":5,"tipo":"HOSPITAL GERAL","natureza":"ENTIDADES SEM FINS LUCRATIVOS","gestao":"ESTADUAL","possui_uti_adulto":"FALSE","Número_de_leitos_de_UTI_adulto":""},"geometry":{"type":"Point","coordinates":[-53.386137,-31.57951]}},{"type":"Feature","properties":{"id":2148,"nome":"HOSPITAL MUNICIPAL SAO ROQUE","cod_tipo":20,"tipo":"PRONTO SOCORRO GERAL","natureza":"ADMINISTRAÇÃO PÚBLICA","gestao":"ESTADUAL","possui_uti_adulto":"FALSE","Número_de_leitos_de_UTI_adulto":""},"geometry":{"type":"Point","coordinates":[-52.452114,-27.386461]}},{"type":"Feature","properties":{"id":2151,"nome":"HOSPITAL DE CARIDADE PALMEIRA DAS MISSOES","cod_tipo":5,"tipo":"HOSPITAL GERAL","natureza":"ENTIDADES SEM FINS LUCRATIVOS","gestao":"ESTADUAL","possui_uti_adulto":"FALSE","Número_de_leitos_de_UTI_adulto":""},"geometry":{"type":"Point","coordinates":[-53.317257,-27.900165]}},{"type":"Feature","properties":{"id":2165,"nome":"IOT -  PASSO FUNDO","cod_tipo":5,"tipo":"HOSPITAL GERAL","natureza":"ENTIDADES SEM FINS LUCRATIVOS","gestao":"ESTADUAL","possui_uti_adulto":"TRUE","Número_de_leitos_de_UTI_adulto":10},"geometry":{"type":"Point","coordinates":[-52.417109,-28.262212]}},{"type":"Feature","properties":{"id":2172,"nome":"SANATORIO SAO JOSE LTDA","cod_tipo":7,"tipo":"HOSPITAL ESPECIALIZADO","natureza":"ENTIDADES EMPRESARIAIS","gestao":"MUNICIPAL","possui_uti_adulto":"FALSE","Número_de_leitos_de_UTI_adulto":""},"geometry":{"type":"Point","coordinates":[-51.1887576,-30.0870296]}},{"type":"Feature","properties":{"id":2180,"nome":"HOSPITAL DA VISAO LIONS IBSAUDE","cod_tipo":62,"tipo":"HOSPITAL/DIA - ISOLADO","natureza":"ENTIDADES SEM FINS LUCRATIVOS","gestao":"MUNICIPAL","possui_uti_adulto":"FALSE","Número_de_leitos_de_UTI_adulto":""},"geometry":{"type":"Point","coordinates":[-51.11269319,-29.68867036]}},{"type":"Feature","properties":{"id":2186,"nome":"HOSPITAL NOSSA SENHORA DA CONCEICAO SA","cod_tipo":5,"tipo":"HOSPITAL GERAL","natureza":"ENTIDADES EMPRESARIAIS","gestao":"MUNICIPAL","possui_uti_adulto":"TRUE","Número_de_leitos_de_UTI_adulto":69},"geometry":{"type":"Point","coordinates":[-51.159043,-30.016597]}},{"type":"Feature","properties":{"id":2211,"nome":"CENTRO HOSPITALAR SANTANENSE LTDA","cod_tipo":5,"tipo":"HOSPITAL GERAL","natureza":"ENTIDADES EMPRESARIAIS","gestao":"MUNICIPAL","possui_uti_adulto":"FALSE","Número_de_leitos_de_UTI_adulto":""},"geometry":{"type":"Point","coordinates":[-55.529719,-30.898776]}},{"type":"Feature","properties":{"id":2214,"nome":"HOSPITAL CARIDADE TRES PASSOS","cod_tipo":5,"tipo":"HOSPITAL GERAL","natureza":"ENTIDADES SEM FINS LUCRATIVOS","gestao":"ESTADUAL","possui_uti_adulto":"TRUE","Número_de_leitos_de_UTI_adulto":10},"geometry":{"type":"Point","coordinates":[-53.936409,-27.450873]}},{"type":"Feature","properties":{"id":2234,"nome":"HOSPITAL DE BUTIA","cod_tipo":5,"tipo":"HOSPITAL GERAL","natureza":"ADMINISTRAÇÃO PÚBLICA","gestao":"ESTADUAL","possui_uti_adulto":"FALSE","Número_de_leitos_de_UTI_adulto":""},"geometry":{"type":"Point","coordinates":[-51.962104,-30.125757]}},{"type":"Feature","properties":{"id":2237,"nome":"HOSPITAL AGUDO","cod_tipo":5,"tipo":"HOSPITAL GERAL","natureza":"ENTIDADES SEM FINS LUCRATIVOS","gestao":"ESTADUAL","possui_uti_adulto":"FALSE","Número_de_leitos_de_UTI_adulto":""},"geometry":{"type":"Point","coordinates":[-53.2412,-29.649044]}},{"type":"Feature","properties":{"id":2240,"nome":"HOSPITAL SAO SALVADOR","cod_tipo":5,"tipo":"HOSPITAL GERAL","natureza":"ENTIDADES SEM FINS LUCRATIVOS","gestao":"ESTADUAL","possui_uti_adulto":"FALSE","Número_de_leitos_de_UTI_adulto":""},"geometry":{"type":"Point","coordinates":[-51.511563,-29.438679]}},{"type":"Feature","properties":{"id":2250,"nome":"ACONSEL","cod_tipo":5,"tipo":"HOSPITAL GERAL","natureza":"ENTIDADES SEM FINS LUCRATIVOS","gestao":"MUNICIPAL","possui_uti_adulto":"FALSE","Número_de_leitos_de_UTI_adulto":""},"geometry":{"type":"Point","coordinates":[-51.704486,-28.722934]}},{"type":"Feature","properties":{"id":2273,"nome":"HOSPITAL SAO JOAO EVANGELISTA SEGREDO","cod_tipo":5,"tipo":"HOSPITAL GERAL","natureza":"ENTIDADES SEM FINS LUCRATIVOS","gestao":"ESTADUAL","possui_uti_adulto":"FALSE","Número_de_leitos_de_UTI_adulto":""},"geometry":{"type":"Point","coordinates":[-52.979212,-29.341435]}},{"type":"Feature","properties":{"id":2279,"nome":"LIFEPLUS HOSPITAL E CENTRO CLINICO","cod_tipo":5,"tipo":"HOSPITAL GERAL","natureza":"ENTIDADES EMPRESARIAIS","gestao":"MUNICIPAL","possui_uti_adulto":"FALSE","Número_de_leitos_de_UTI_adulto":""},"geometry":{"type":"Point","coordinates":[-50.0412311,-29.8028079]}},{"type":"Feature","properties":{"id":2291,"nome":"HOSPITAL NOSSA SENHORA DA OLIVEIRA","cod_tipo":5,"tipo":"HOSPITAL GERAL","natureza":"ENTIDADES SEM FINS LUCRATIVOS","gestao":"MUNICIPAL","possui_uti_adulto":"TRUE","Número_de_leitos_de_UTI_adulto":10},"geometry":{"type":"Point","coordinates":[-50.935336,-28.502108]}},{"type":"Feature","properties":{"id":2298,"nome":"HOSPITAL UNIMED UNIDADE MATERNO INFANTIL","cod_tipo":7,"tipo":"HOSPITAL ESPECIALIZADO","natureza":"ENTIDADES EMPRESARIAIS","gestao":"MUNICIPAL","possui_uti_adulto":"FALSE","Número_de_leitos_de_UTI_adulto":""},"geometry":{"type":"Point","coordinates":[-51.197052,-29.16263]}},{"type":"Feature","properties":{"id":2327,"nome":"CLINICANP","cod_tipo":5,"tipo":"HOSPITAL GERAL","natureza":"ENTIDADES EMPRESARIAIS","gestao":"MUNICIPAL","possui_uti_adulto":"TRUE","Número_de_leitos_de_UTI_adulto":6},"geometry":{"type":"Point","coordinates":[-52.335033,-31.754891]}},{"type":"Feature","properties":{"id":2342,"nome":"PRONTOCLINICA - PASSO FUNDO","cod_tipo":5,"tipo":"HOSPITAL GERAL","natureza":"ENTIDADES EMPRESARIAIS","gestao":"MUNICIPAL","possui_uti_adulto":"TRUE","Número_de_leitos_de_UTI_adulto":9},"geometry":{"type":"Point","coordinates":[-52.409235,-28.258059]}},{"type":"Feature","properties":{"id":2344,"nome":"HOSPITAL DOS TRABALHADORES - ATRA","cod_tipo":5,"tipo":"HOSPITAL GERAL","natureza":"ENTIDADES SEM FINS LUCRATIVOS","gestao":"ESTADUAL","possui_uti_adulto":"FALSE","Número_de_leitos_de_UTI_adulto":""},"geometry":{"type":"Point","coordinates":[-52.80317,-27.784142]}},{"type":"Feature","properties":{"id":2369,"nome":"ASSOCIACAO BENEFICENTE OSWALDO CRUZ DE HORIZONTINA","cod_tipo":5,"tipo":"HOSPITAL GERAL","natureza":"ENTIDADES SEM FINS LUCRATIVOS","gestao":"ESTADUAL","possui_uti_adulto":"FALSE","Número_de_leitos_de_UTI_adulto":""},"geometry":{"type":"Point","coordinates":[-54.300967,-27.629013]}},{"type":"Feature","properties":{"id":2372,"nome":"HOSPITAL UNIMED SAO LEOPOLDO","cod_tipo":5,"tipo":"HOSPITAL GERAL","natureza":"ENTIDADES EMPRESARIAIS","gestao":"MUNICIPAL","possui_uti_adulto":"FALSE","Número_de_leitos_de_UTI_adulto":""},"geometry":{"type":"Point","coordinates":[-51.150463,-29.768]}},{"type":"Feature","properties":{"id":2389,"nome":"HOSPITAL SAO JOSE - SAO JOSE DO OURO","cod_tipo":5,"tipo":"HOSPITAL GERAL","natureza":"ENTIDADES SEM FINS LUCRATIVOS","gestao":"ESTADUAL","possui_uti_adulto":"FALSE","Número_de_leitos_de_UTI_adulto":""},"geometry":{"type":"Point","coordinates":[-51.60128,-27.773142]}},{"type":"Feature","properties":{"id":2391,"nome":"HOSPITAL SAGRADA FAMILIA","cod_tipo":5,"tipo":"HOSPITAL GERAL","natureza":"ENTIDADES SEM FINS LUCRATIVOS","gestao":"ESTADUAL","possui_uti_adulto":"FALSE","Número_de_leitos_de_UTI_adulto":""},"geometry":{"type":"Point","coordinates":[-51.369389,-29.588864]}},{"type":"Feature","properties":{"id":2419,"nome":"HOSPITAL MONTENEGRO","cod_tipo":5,"tipo":"HOSPITAL GERAL","natureza":"ENTIDADES SEM FINS LUCRATIVOS","gestao":"ESTADUAL","possui_uti_adulto":"TRUE","Número_de_leitos_de_UTI_adulto":10},"geometry":{"type":"Point","coordinates":[-51.463973,-29.686648]}},{"type":"Feature","properties":{"id":2423,"nome":"HOSPITAL SAO FRANCISCO DE ASSIS PAROBE","cod_tipo":5,"tipo":"HOSPITAL GERAL","natureza":"ENTIDADES SEM FINS LUCRATIVOS","gestao":"ESTADUAL","possui_uti_adulto":"FALSE","Número_de_leitos_de_UTI_adulto":""},"geometry":{"type":"Point","coordinates":[-50.838452,-29.624916]}},{"type":"Feature","properties":{"id":2466,"nome":"UNIMED REGIAO DA PRODUCAO","cod_tipo":62,"tipo":"HOSPITAL/DIA - ISOLADO","natureza":"ENTIDADES EMPRESARIAIS","gestao":"MUNICIPAL","possui_uti_adulto":"FALSE","Número_de_leitos_de_UTI_adulto":""},"geometry":{"type":"Point","coordinates":[-52.80544314,-28.28224645]}},{"type":"Feature","properties":{"id":2471,"nome":"HOSPITAL MUNICIPAL DR ADERBAL SCHNEIDER","cod_tipo":5,"tipo":"HOSPITAL GERAL","natureza":"ADMINISTRAÇÃO PÚBLICA","gestao":"MUNICIPAL","possui_uti_adulto":"FALSE","Número_de_leitos_de_UTI_adulto":""},"geometry":{"type":"Point","coordinates":[-53.225497,-29.085371]}},{"type":"Feature","properties":{"id":2484,"nome":"HOSPITAL DE CARIDADE DE ALECRIM","cod_tipo":5,"tipo":"HOSPITAL GERAL","natureza":"ENTIDADES SEM FINS LUCRATIVOS","gestao":"ESTADUAL","possui_uti_adulto":"FALSE","Número_de_leitos_de_UTI_adulto":""},"geometry":{"type":"Point","coordinates":[-54.764369,-27.656469]}},{"type":"Feature","properties":{"id":2499,"nome":"HRPS PRONTO SOCORRO","cod_tipo":5,"tipo":"HOSPITAL GERAL","natureza":"ADMINISTRAÇÃO PÚBLICA","gestao":"MUNICIPAL","possui_uti_adulto":"FALSE","Número_de_leitos_de_UTI_adulto":""},"geometry":{"type":"Point","coordinates":[-52.3500495,-31.7573176]}},{"type":"Feature","properties":{"id":2523,"nome":"HOSPITAL DE CARIDADE SAO FRANCISCO","cod_tipo":5,"tipo":"HOSPITAL GERAL","natureza":"ENTIDADES SEM FINS LUCRATIVOS","gestao":"MUNICIPAL","possui_uti_adulto":"FALSE","Número_de_leitos_de_UTI_adulto":""},"geometry":{"type":"Point","coordinates":[-53.371823,-29.815522]}},{"type":"Feature","properties":{"id":2536,"nome":"HBMPA","cod_tipo":5,"tipo":"HOSPITAL GERAL","natureza":"ADMINISTRAÇÃO PÚBLICA","gestao":"MUNICIPAL","possui_uti_adulto":"TRUE","Número_de_leitos_de_UTI_adulto":20},"geometry":{"type":"Point","coordinates":[-51.251136,-30.097873]}},{"type":"Feature","properties":{"id":2544,"nome":"SANTA CASA DE CARIDADE JAGUARAO","cod_tipo":5,"tipo":"HOSPITAL GERAL","natureza":"ENTIDADES SEM FINS LUCRATIVOS","gestao":"ESTADUAL","possui_uti_adulto":"FALSE","Número_de_leitos_de_UTI_adulto":""},"geometry":{"type":"Point","coordinates":[-53.371006,-32.564111]}},{"type":"Feature","properties":{"id":2556,"nome":"HOSPITAL CASA DE SAUDE","cod_tipo":5,"tipo":"HOSPITAL GERAL","natureza":"ENTIDADES SEM FINS LUCRATIVOS","gestao":"ESTADUAL","possui_uti_adulto":"FALSE","Número_de_leitos_de_UTI_adulto":""},"geometry":{"type":"Point","coordinates":[-53.807152,-29.671871]}},{"type":"Feature","properties":{"id":2557,"nome":"HOSPITAL PSIQUIATRICO SAO PEDRO","cod_tipo":7,"tipo":"HOSPITAL ESPECIALIZADO","natureza":"ADMINISTRAÇÃO PÚBLICA","gestao":"MUNICIPAL","possui_uti_adulto":"FALSE","Número_de_leitos_de_UTI_adulto":""},"geometry":{"type":"Point","coordinates":[-51.1895365,-30.0611066]}},{"type":"Feature","properties":{"id":2567,"nome":"HOSPITAL BANCO DE OLHOS PORTO ALEGRE","cod_tipo":7,"tipo":"HOSPITAL ESPECIALIZADO","natureza":"ENTIDADES SEM FINS LUCRATIVOS","gestao":"MUNICIPAL","possui_uti_adulto":"FALSE","Número_de_leitos_de_UTI_adulto":""},"geometry":{"type":"Point","coordinates":[-51.153944,-30.022]}},{"type":"Feature","properties":{"id":2571,"nome":"HOSPITAL DE PORTAO","cod_tipo":5,"tipo":"HOSPITAL GERAL","natureza":"ENTIDADES SEM FINS LUCRATIVOS","gestao":"ESTADUAL","possui_uti_adulto":"FALSE","Número_de_leitos_de_UTI_adulto":""},"geometry":{"type":"Point","coordinates":[-51.243775,-29.690121]}},{"type":"Feature","properties":{"id":2596,"nome":"CLINICA CIRURGICA BENTO GONCALVES LTDA ME","cod_tipo":62,"tipo":"HOSPITAL/DIA - ISOLADO","natureza":"ENTIDADES EMPRESARIAIS","gestao":"MUNICIPAL","possui_uti_adulto":"FALSE","Número_de_leitos_de_UTI_adulto":""},"geometry":{"type":"Point","coordinates":[-51.5085607,-29.1704639]}},{"type":"Feature","properties":{"id":2609,"nome":"HOSPITAL MATERNO INFANTIL PRESIDENTE VARGAS","cod_tipo":5,"tipo":"HOSPITAL GERAL","natureza":"ADMINISTRAÇÃO PÚBLICA","gestao":"MUNICIPAL","possui_uti_adulto":"FALSE","Número_de_leitos_de_UTI_adulto":""},"geometry":{"type":"Point","coordinates":[-51.214924,-30.029465]},"id":232},{"type":"Feature","properties":{"id":2617,"nome":"SAO PIETRO SAUDE","cod_tipo":62,"tipo":"HOSPITAL/DIA - ISOLADO","natureza":"ENTIDADES SEM FINS LUCRATIVOS","gestao":"MUNICIPAL","possui_uti_adulto":"FALSE","Número_de_leitos_de_UTI_adulto":""},"geometry":{"type":"Point","coordinates":[-51.1866716,-30.0192207]}},{"type":"Feature","properties":{"id":2624,"nome":"ACHA - ARATIBA","cod_tipo":5,"tipo":"HOSPITAL GERAL","natureza":"ENTIDADES SEM FINS LUCRATIVOS","gestao":"ESTADUAL","possui_uti_adulto":"FALSE","Número_de_leitos_de_UTI_adulto":""},"geometry":{"type":"Point","coordinates":[-52.300186,-27.395367]}},{"type":"Feature","properties":{"id":2633,"nome":"HOSPITAL SAO JOAO EVANGELISTA SOBRADINHO","cod_tipo":5,"tipo":"HOSPITAL GERAL","natureza":"ENTIDADES SEM FINS LUCRATIVOS","gestao":"ESTADUAL","possui_uti_adulto":"FALSE","Número_de_leitos_de_UTI_adulto":""},"geometry":{"type":"Point","coordinates":[-53.02636,-29.412984]}},{"type":"Feature","properties":{"id":2636,"nome":"HOSPITAL MONTE ALVERNE","cod_tipo":5,"tipo":"HOSPITAL GERAL","natureza":"ENTIDADES SEM FINS LUCRATIVOS","gestao":"MUNICIPAL","possui_uti_adulto":"FALSE","Número_de_leitos_de_UTI_adulto":""},"geometry":{"type":"Point","coordinates":[-52.33451,-29.55947]}},{"type":"Feature","properties":{"id":2650,"nome":"HUSM HOSPITAL UNIVERSITARIO DE SANTA MARIA","cod_tipo":5,"tipo":"HOSPITAL GERAL","natureza":"ADMINISTRAÇÃO PÚBLICA","gestao":"ESTADUAL","possui_uti_adulto":"FALSE","Número_de_leitos_de_UTI_adulto":""},"geometry":{"type":"Point","coordinates":[-53.715518,-29.713807]}},{"type":"Feature","properties":{"id":2689,"nome":"HOSPITAL ESPIRITA DE PORTO ALEGRE","cod_tipo":7,"tipo":"HOSPITAL ESPECIALIZADO","natureza":"ENTIDADES SEM FINS LUCRATIVOS","gestao":"MUNICIPAL","possui_uti_adulto":"FALSE","Número_de_leitos_de_UTI_adulto":""},"geometry":{"type":"Point","coordinates":[-51.206987,-30.0866943]}},{"type":"Feature","properties":{"id":2711,"nome":"HOSPITAL MUNICIPAL SCHLATER","cod_tipo":5,"tipo":"HOSPITAL GERAL","natureza":"ENTIDADES SEM FINS LUCRATIVOS","gestao":"MUNICIPAL","possui_uti_adulto":"FALSE","Número_de_leitos_de_UTI_adulto":""},"geometry":{"type":"Point","coordinates":[-51.308228,-29.447307]}},{"type":"Feature","properties":{"id":2722,"nome":"HOSPITAL NOSSA SENHORA","cod_tipo":5,"tipo":"HOSPITAL GERAL","natureza":"ENTIDADES SEM FINS LUCRATIVOS","gestao":"ESTADUAL","possui_uti_adulto":"FALSE","Número_de_leitos_de_UTI_adulto":""},"geometry":{"type":"Point","coordinates":[-53.035885,-27.252258]}},{"type":"Feature","properties":{"id":2748,"nome":"HOSPITAL UNIMED ERECHIM","cod_tipo":5,"tipo":"HOSPITAL GERAL","natureza":"ENTIDADES EMPRESARIAIS","gestao":"MUNICIPAL","possui_uti_adulto":"FALSE","Número_de_leitos_de_UTI_adulto":""},"geometry":{"type":"Point","coordinates":[-52.267016,-27.648044]}},{"type":"Feature","properties":{"id":2753,"nome":"HOSPITAL MAE DE DEUS","cod_tipo":5,"tipo":"HOSPITAL GERAL","natureza":"ENTIDADES SEM FINS LUCRATIVOS","gestao":"MUNICIPAL","possui_uti_adulto":"TRUE","Número_de_leitos_de_UTI_adulto":50},"geometry":{"type":"Point","coordinates":[-51.229103,-30.059059]}},{"type":"Feature","properties":{"id":2754,"nome":"FUNDACAO MEDICO HOSPITALAR","cod_tipo":5,"tipo":"HOSPITAL GERAL","natureza":"ADMINISTRAÇÃO PÚBLICA","gestao":"ESTADUAL","possui_uti_adulto":"FALSE","Número_de_leitos_de_UTI_adulto":""},"geometry":{"type":"Point","coordinates":[-53.902124,-30.815963]}},{"type":"Feature","properties":{"id":2764,"nome":"HOSPITAL TRAMANDAI","cod_tipo":5,"tipo":"HOSPITAL GERAL","natureza":"ENTIDADES SEM FINS LUCRATIVOS","gestao":"ESTADUAL","possui_uti_adulto":"TRUE","Número_de_leitos_de_UTI_adulto":10},"geometry":{"type":"Point","coordinates":[-50.139733,-29.991901]}},{"type":"Feature","properties":{"id":2769,"nome":"HOSPITAL INDEPENDENCIA","cod_tipo":5,"tipo":"HOSPITAL GERAL","natureza":"ENTIDADES SEM FINS LUCRATIVOS","gestao":"MUNICIPAL","possui_uti_adulto":"TRUE","Número_de_leitos_de_UTI_adulto":10},"geometry":{"type":"Point","coordinates":[-51.149056,-30.060989]}},{"type":"Feature","properties":{"id":2770,"nome":"HOSPITAL BERNARDINA SALLES DE BARROS","cod_tipo":5,"tipo":"HOSPITAL GERAL","natureza":"ENTIDADES SEM FINS LUCRATIVOS","gestao":"ESTADUAL","possui_uti_adulto":"FALSE","Número_de_leitos_de_UTI_adulto":""},"geometry":{"type":"Point","coordinates":[-53.677561,-29.226993]}},{"type":"Feature","properties":{"id":2771,"nome":"HOSPITAL SAO JOSE -  SERIO","cod_tipo":15,"tipo":"UNIDADE MISTA","natureza":"ENTIDADES SEM FINS LUCRATIVOS","gestao":"MUNICIPAL","possui_uti_adulto":"FALSE","Número_de_leitos_de_UTI_adulto":""},"geometry":{"type":"Point","coordinates":[-52.267096,-29.385068]}},{"type":"Feature","properties":{"id":2779,"nome":"HOSPITAL MAE DE DEUS UNIDADE CARLOS GOMES","cod_tipo":62,"tipo":"HOSPITAL/DIA - ISOLADO","natureza":"ENTIDADES SEM FINS LUCRATIVOS","gestao":"MUNICIPAL","possui_uti_adulto":"FALSE","Número_de_leitos_de_UTI_adulto":""},"geometry":{"type":"Point","coordinates":[-51.2305127,-30.0626381]}},{"type":"Feature","properties":{"id":2781,"nome":"HOSPITAL DA CIDADE - PASSO FUNDO","cod_tipo":5,"tipo":"HOSPITAL GERAL","natureza":"ENTIDADES SEM FINS LUCRATIVOS","gestao":"ESTADUAL","possui_uti_adulto":"TRUE","Número_de_leitos_de_UTI_adulto":31},"geometry":{"type":"Point","coordinates":[-52.403024,-28.256172]}},{"type":"Feature","properties":{"id":2789,"nome":"HOSPITAL VERA CRUZ","cod_tipo":5,"tipo":"HOSPITAL GERAL","natureza":"ENTIDADES SEM FINS LUCRATIVOS","gestao":"ESTADUAL","possui_uti_adulto":"FALSE","Número_de_leitos_de_UTI_adulto":""},"geometry":{"type":"Point","coordinates":[-52.500549,-29.716859]}},{"type":"Feature","properties":{"id":2805,"nome":"HOSPITAL NOSSA SENHORA DO ROSARIO DE RIOZINHO","cod_tipo":5,"tipo":"HOSPITAL GERAL","natureza":"ENTIDADES SEM FINS LUCRATIVOS","gestao":"ESTADUAL","possui_uti_adulto":"FALSE","Número_de_leitos_de_UTI_adulto":""},"geometry":{"type":"Point","coordinates":[-50.458461,-29.640637]}},{"type":"Feature","properties":{"id":2816,"nome":"HOSPITAL IVAN GOULART","cod_tipo":5,"tipo":"HOSPITAL GERAL","natureza":"ENTIDADES SEM FINS LUCRATIVOS","gestao":"MUNICIPAL","possui_uti_adulto":"TRUE","Número_de_leitos_de_UTI_adulto":9},"geometry":{"type":"Point","coordinates":[-55.998031,-28.658212]}},{"type":"Feature","properties":{"id":2824,"nome":"HOSPITAL ESTRELA","cod_tipo":5,"tipo":"HOSPITAL GERAL","natureza":"ENTIDADES SEM FINS LUCRATIVOS","gestao":"MUNICIPAL","possui_uti_adulto":"TRUE","Número_de_leitos_de_UTI_adulto":10},"geometry":{"type":"Point","coordinates":[-51.965853,-29.505712]}},{"type":"Feature","properties":{"id":2872,"nome":"PRISMA CLINICA DE OLHOS NOVO HAMBURGO","cod_tipo":62,"tipo":"HOSPITAL/DIA - ISOLADO","natureza":"ENTIDADES EMPRESARIAIS","gestao":"MUNICIPAL","possui_uti_adulto":"FALSE","Número_de_leitos_de_UTI_adulto":""},"geometry":{"type":"Point","coordinates":[-51.135483,-29.7042843]}},{"type":"Feature","properties":{"id":2876,"nome":"HOSPITAL SANTO ANTONIO SAO FRANCISCO DE ASSIS","cod_tipo":5,"tipo":"HOSPITAL GERAL","natureza":"ENTIDADES SEM FINS LUCRATIVOS","gestao":"ESTADUAL","possui_uti_adulto":"FALSE","Número_de_leitos_de_UTI_adulto":""},"geometry":{"type":"Point","coordinates":[-55.126677,-29.557502]}},{"type":"Feature","properties":{"id":2881,"nome":"HOSPITAL MARQUES DE SOUZA","cod_tipo":5,"tipo":"HOSPITAL GERAL","natureza":"ENTIDADES SEM FINS LUCRATIVOS","gestao":"MUNICIPAL","possui_uti_adulto":"FALSE","Número_de_leitos_de_UTI_adulto":""},"geometry":{"type":"Point","coordinates":[-52.092644,-29.32717]}},{"type":"Feature","properties":{"id":2883,"nome":"HOSPITAL SAO JOSE DE DOIS IRMAOS IBSAUDE","cod_tipo":5,"tipo":"HOSPITAL GERAL","natureza":"ENTIDADES SEM FINS LUCRATIVOS","gestao":"ESTADUAL","possui_uti_adulto":"FALSE","Número_de_leitos_de_UTI_adulto":""},"geometry":{"type":"Point","coordinates":[-51.087932,-29.588514]}},{"type":"Feature","properties":{"id":2895,"nome":"HOSPITAL SANTA TERESA GUARANI DAS MISSOES","cod_tipo":5,"tipo":"HOSPITAL GERAL","natureza":"ENTIDADES SEM FINS LUCRATIVOS","gestao":"ESTADUAL","possui_uti_adulto":"FALSE","Número_de_leitos_de_UTI_adulto":""},"geometry":{"type":"Point","coordinates":[-54.560442,-28.148176]}},{"type":"Feature","properties":{"id":2908,"nome":"CAMS","cod_tipo":5,"tipo":"HOSPITAL GERAL","natureza":"ENTIDADES SEM FINS LUCRATIVOS","gestao":"ESTADUAL","possui_uti_adulto":"FALSE","Número_de_leitos_de_UTI_adulto":""},"geometry":{"type":"Point","coordinates":[-54.480586,-27.760477]}},{"type":"Feature","properties":{"id":2921,"nome":"HOSPITAL MUNICIPAL GETULIO VARGAS  EST VELHA","cod_tipo":5,"tipo":"HOSPITAL GERAL","natureza":"ADMINISTRAÇÃO PÚBLICA","gestao":"DUPLA","possui_uti_adulto":"FALSE","Número_de_leitos_de_UTI_adulto":""},"geometry":{"type":"Point","coordinates":[-51.174964,-29.648523]}},{"type":"Feature","properties":{"id":2928,"nome":"HOSPITAL DE CARIDADE DE SANTO CRISTO","cod_tipo":5,"tipo":"HOSPITAL GERAL","natureza":"ENTIDADES SEM FINS LUCRATIVOS","gestao":"ESTADUAL","possui_uti_adulto":"FALSE","Número_de_leitos_de_UTI_adulto":""},"geometry":{"type":"Point","coordinates":[-54.66591,-27.823102]}},{"type":"Feature","properties":{"id":2933,"nome":"HOSPITAL DE CARIDADE SAO PAULO SAO PAULO DAS MISSOES","cod_tipo":5,"tipo":"HOSPITAL GERAL","natureza":"ENTIDADES SEM FINS LUCRATIVOS","gestao":"DUPLA","possui_uti_adulto":"FALSE","Número_de_leitos_de_UTI_adulto":""},"geometry":{"type":"Point","coordinates":[-54.934776,-28.021473]}},{"type":"Feature","properties":{"id":2967,"nome":"ASDOMF","cod_tipo":5,"tipo":"HOSPITAL GERAL","natureza":"ENTIDADES SEM FINS LUCRATIVOS","gestao":"ESTADUAL","possui_uti_adulto":"FALSE","Número_de_leitos_de_UTI_adulto":""},"geometry":{"type":"Point","coordinates":[-52.10853583,-30.70572123]}},{"type":"Feature","properties":{"id":2971,"nome":"HOSPITAL DA PLASTICA POA","cod_tipo":62,"tipo":"HOSPITAL/DIA - ISOLADO","natureza":"ENTIDADES EMPRESARIAIS","gestao":"MUNICIPAL","possui_uti_adulto":"FALSE","Número_de_leitos_de_UTI_adulto":""},"geometry":{"type":"Point","coordinates":[-51.2031805,-30.0180148]}},{"type":"Feature","properties":{"id":3008,"nome":"HOSPITAL SANTO ANTONIO DA PATRULHA","cod_tipo":5,"tipo":"HOSPITAL GERAL","natureza":"ENTIDADES SEM FINS LUCRATIVOS","gestao":"ESTADUAL","possui_uti_adulto":"FALSE","Número_de_leitos_de_UTI_adulto":""},"geometry":{"type":"Point","coordinates":[-50.515672,-29.81541]}},{"type":"Feature","properties":{"id":3011,"nome":"CENTRO DE OLHOS HOSPITAL DIA","cod_tipo":62,"tipo":"HOSPITAL/DIA - ISOLADO","natureza":"ENTIDADES EMPRESARIAIS","gestao":"MUNICIPAL","possui_uti_adulto":"FALSE","Número_de_leitos_de_UTI_adulto":""},"geometry":{"type":"Point","coordinates":[-51.1731478,-30.0390901]}},{"type":"Feature","properties":{"id":3017,"nome":"HOSPITAL SAO CARLOS","cod_tipo":5,"tipo":"HOSPITAL GERAL","natureza":"ENTIDADES SEM FINS LUCRATIVOS","gestao":"MUNICIPAL","possui_uti_adulto":"TRUE","Número_de_leitos_de_UTI_adulto":10},"geometry":{"type":"Point","coordinates":[-51.34927,-29.226812]}},{"type":"Feature","properties":{"id":3041,"nome":"SOCIEDADE CULTURAL E BENEFICENTE SANTA ROSA DE LIMA","cod_tipo":5,"tipo":"HOSPITAL GERAL","natureza":"ENTIDADES EMPRESARIAIS","gestao":"DUPLA","possui_uti_adulto":"FALSE","Número_de_leitos_de_UTI_adulto":""},"geometry":{"type":"Point","coordinates":[-52.88745,-27.521798]}},{"type":"Feature","properties":{"id":3042,"nome":"HOSPITAL DE CARIDADE SAO ROQUE DOIS LAJEADOS","cod_tipo":5,"tipo":"HOSPITAL GERAL","natureza":"ENTIDADES SEM FINS LUCRATIVOS","gestao":"MUNICIPAL","possui_uti_adulto":"FALSE","Número_de_leitos_de_UTI_adulto":""},"geometry":{"type":"Point","coordinates":[-51.836371,-28.985805]}},{"type":"Feature","properties":{"id":3069,"nome":"HOSPITAL GERAL DE PORTO ALEGRE","cod_tipo":5,"tipo":"HOSPITAL GERAL","natureza":"ADMINISTRAÇÃO PÚBLICA","gestao":"MUNICIPAL","possui_uti_adulto":"FALSE","Número_de_leitos_de_UTI_adulto":""},"geometry":{"type":"Point","coordinates":[-51.194128,-30.018552]}},{"type":"Feature","properties":{"id":3072,"nome":"HORGS","cod_tipo":7,"tipo":"HOSPITAL ESPECIALIZADO","natureza":"ENTIDADES EMPRESARIAIS","gestao":"MUNICIPAL","possui_uti_adulto":"FALSE","Número_de_leitos_de_UTI_adulto":""},"geometry":{"type":"Point","coordinates":[-52.4138534,-28.2596102]}},{"type":"Feature","properties":{"id":3083,"nome":"HOSPITAL SANTO ANTONIO TAPEJARA","cod_tipo":5,"tipo":"HOSPITAL GERAL","natureza":"ENTIDADES SEM FINS LUCRATIVOS","gestao":"ESTADUAL","possui_uti_adulto":"FALSE","Número_de_leitos_de_UTI_adulto":""},"geometry":{"type":"Point","coordinates":[-52.014492,-28.066843]}},{"type":"Feature","properties":{"id":3086,"nome":"HOSPITAL MUNICIPAL GETULIO VARGAS SAPUCAIA DO SUL","cod_tipo":5,"tipo":"HOSPITAL GERAL","natureza":"ADMINISTRAÇÃO PÚBLICA","gestao":"MUNICIPAL","possui_uti_adulto":"TRUE","Número_de_leitos_de_UTI_adulto":13},"geometry":{"type":"Point","coordinates":[-51.165855,-29.823462]}},{"type":"Feature","properties":{"id":3142,"nome":"CLINICA SANTA THECLA","cod_tipo":7,"tipo":"HOSPITAL ESPECIALIZADO","natureza":"ENTIDADES EMPRESARIAIS","gestao":"MUNICIPAL","possui_uti_adulto":"FALSE","Número_de_leitos_de_UTI_adulto":""},"geometry":{"type":"Point","coordinates":[-51.174991,-29.903832]}},{"type":"Feature","properties":{"id":3204,"nome":"HOSPITAL CRISTO REDENTOR SA","cod_tipo":7,"tipo":"HOSPITAL ESPECIALIZADO","natureza":"ENTIDADES EMPRESARIAIS","gestao":"MUNICIPAL","possui_uti_adulto":"TRUE","Número_de_leitos_de_UTI_adulto":47},"geometry":{"type":"Point","coordinates":[-51.159402,-30.010014]}},{"type":"Feature","properties":{"id":3214,"nome":"ZAMI DIAGNOSTICOS","cod_tipo":5,"tipo":"HOSPITAL GERAL","natureza":"ENTIDADES EMPRESARIAIS","gestao":"MUNICIPAL","possui_uti_adulto":"FALSE","Número_de_leitos_de_UTI_adulto":""},"geometry":{"type":"Point","coordinates":[-53.7778016,-29.6944441]}},{"type":"Feature","properties":{"id":3219,"nome":"HOSPITAL SAO SEBASTIAO MARTIR FILIAL 01","cod_tipo":5,"tipo":"HOSPITAL GERAL","natureza":"ENTIDADES SEM FINS LUCRATIVOS","gestao":"MUNICIPAL","possui_uti_adulto":"FALSE","Número_de_leitos_de_UTI_adulto":""},"geometry":{"type":"Point","coordinates":[-52.1805092,-29.6127379]}},{"type":"Feature","properties":{"id":3227,"nome":"HOSPITAL DE CARIDADE DE SANTIAGO","cod_tipo":5,"tipo":"HOSPITAL GERAL","natureza":"ENTIDADES SEM FINS LUCRATIVOS","gestao":"ESTADUAL","possui_uti_adulto":"TRUE","Número_de_leitos_de_UTI_adulto":10},"geometry":{"type":"Point","coordinates":[-54.866164,-29.197638]}},{"type":"Feature","properties":{"id":3239,"nome":"HOSPITAL COMUNITARIO DE CARAZINHO","cod_tipo":5,"tipo":"HOSPITAL GERAL","natureza":"ENTIDADES SEM FINS LUCRATIVOS","gestao":"MUNICIPAL","possui_uti_adulto":"TRUE","Número_de_leitos_de_UTI_adulto":7},"geometry":{"type":"Point","coordinates":[-52.795519,-28.284364]}},{"type":"Feature","properties":{"id":3243,"nome":"HOSPITAL DE AERONAUTICA DE CANOAS","cod_tipo":5,"tipo":"HOSPITAL GERAL","natureza":"ADMINISTRAÇÃO PÚBLICA","gestao":"MUNICIPAL","possui_uti_adulto":"FALSE","Número_de_leitos_de_UTI_adulto":""},"geometry":{"type":"Point","coordinates":[-51.1768096,-29.9590904]}},{"type":"Feature","properties":{"id":3247,"nome":"HOSPITAL NOSSA SENHORA DO CARMO","cod_tipo":5,"tipo":"HOSPITAL GERAL","natureza":"ENTIDADES SEM FINS LUCRATIVOS","gestao":"DUPLA","possui_uti_adulto":"FALSE","Número_de_leitos_de_UTI_adulto":""},"geometry":{"type":"Point","coordinates":[-51.3990163,-30.6725242]}},{"type":"Feature","properties":{"id":3248,"nome":"HOSPITAL SAO VICENTE DE PAULO TRES DE MAIO","cod_tipo":5,"tipo":"HOSPITAL GERAL","natureza":"ENTIDADES SEM FINS LUCRATIVOS","gestao":"ESTADUAL","possui_uti_adulto":"TRUE","Número_de_leitos_de_UTI_adulto":6},"geometry":{"type":"Point","coordinates":[-54.236851,-27.780406]}},{"type":"Feature","properties":{"id":3278,"nome":"HOSPITAL POLICLINICA SANTO INACIO","cod_tipo":5,"tipo":"HOSPITAL GERAL","natureza":"ENTIDADES SEM FINS LUCRATIVOS","gestao":"ESTADUAL","possui_uti_adulto":"FALSE","Número_de_leitos_de_UTI_adulto":""},"geometry":{"type":"Point","coordinates":[-54.737256,-28.153794]}},{"type":"Feature","properties":{"id":3286,"nome":"HOSPITAL GERAL","cod_tipo":5,"tipo":"HOSPITAL GERAL","natureza":"ENTIDADES SEM FINS LUCRATIVOS","gestao":"MUNICIPAL","possui_uti_adulto":"TRUE","Número_de_leitos_de_UTI_adulto":10},"geometry":{"type":"Point","coordinates":[-51.156235,-29.161092]}},{"type":"Feature","properties":{"id":3316,"nome":"HOSP DR ANUAR ELIAS AESSE BOQUEIRAO DO LEAO","cod_tipo":5,"tipo":"HOSPITAL GERAL","natureza":"ENTIDADES SEM FINS LUCRATIVOS","gestao":"MUNICIPAL","possui_uti_adulto":"FALSE","Número_de_leitos_de_UTI_adulto":""},"geometry":{"type":"Point","coordinates":[-52.424009,-29.299498]}},{"type":"Feature","properties":{"id":3321,"nome":"HOSPITAL DE CANELA","cod_tipo":5,"tipo":"HOSPITAL GERAL","natureza":"ENTIDADES SEM FINS LUCRATIVOS","gestao":"MUNICIPAL","possui_uti_adulto":"FALSE","Número_de_leitos_de_UTI_adulto":""},"geometry":{"type":"Point","coordinates":[-50.808367,-29.360876]}},{"type":"Feature","properties":{"id":3322,"nome":"HOSPITAL UNIMED IJUI","cod_tipo":5,"tipo":"HOSPITAL GERAL","natureza":"ENTIDADES EMPRESARIAIS","gestao":"ESTADUAL","possui_uti_adulto":"TRUE","Número_de_leitos_de_UTI_adulto":6},"geometry":{"type":"Point","coordinates":[-53.900382,-28.395961]}},{"type":"Feature","properties":{"id":3323,"nome":"CLINICA GRAMADO","cod_tipo":7,"tipo":"HOSPITAL ESPECIALIZADO","natureza":"ENTIDADES EMPRESARIAIS","gestao":"MUNICIPAL","possui_uti_adulto":"FALSE","Número_de_leitos_de_UTI_adulto":""},"geometry":{"type":"Point","coordinates":[-51.2134146,-30.0567536]}},{"type":"Feature","properties":{"id":3332,"nome":"ASSOCIACAO HOSPITALAR 15 DE NOVEMBRO","cod_tipo":5,"tipo":"HOSPITAL GERAL","natureza":"ENTIDADES SEM FINS LUCRATIVOS","gestao":"ESTADUAL","possui_uti_adulto":"FALSE","Número_de_leitos_de_UTI_adulto":""},"geometry":{"type":"Point","coordinates":[-53.091441,-28.740791]}},{"type":"Feature","properties":{"id":3340,"nome":"HOSPITAL SANTA BARBARA","cod_tipo":5,"tipo":"HOSPITAL GERAL","natureza":"ENTIDADES SEM FINS LUCRATIVOS","gestao":"ESTADUAL","possui_uti_adulto":"FALSE","Número_de_leitos_de_UTI_adulto":""},"geometry":{"type":"Point","coordinates":[-52.523658,-30.540976]}},{"type":"Feature","properties":{"id":3360,"nome":"HOSPITAL CENTENARIO","cod_tipo":5,"tipo":"HOSPITAL GERAL","natureza":"ADMINISTRAÇÃO PÚBLICA","gestao":"MUNICIPAL","possui_uti_adulto":"TRUE","Número_de_leitos_de_UTI_adulto":10},"geometry":{"type":"Point","coordinates":[-51.148704,-29.776341]}},{"type":"Feature","properties":{"id":3362,"nome":"HOSPITAL PADRE EUGENIO","cod_tipo":5,"tipo":"HOSPITAL GERAL","natureza":"ENTIDADES SEM FINS LUCRATIVOS","gestao":"ESTADUAL","possui_uti_adulto":"FALSE","Número_de_leitos_de_UTI_adulto":""},"geometry":{"type":"Point","coordinates":[-52.913507,-27.825389]}},{"type":"Feature","properties":{"id":3363,"nome":"HOSPITAL DOM JOAO BECKER","cod_tipo":5,"tipo":"HOSPITAL GERAL","natureza":"ENTIDADES SEM FINS LUCRATIVOS","gestao":"MUNICIPAL","possui_uti_adulto":"TRUE","Número_de_leitos_de_UTI_adulto":10},"geometry":{"type":"Point","coordinates":[-50.994036,-29.94057]}},{"type":"Feature","properties":{"id":3402,"nome":"HOSPITAL DE CARIDADE DE CRISSIUMAL","cod_tipo":5,"tipo":"HOSPITAL GERAL","natureza":"ENTIDADES SEM FINS LUCRATIVOS","gestao":"ESTADUAL","possui_uti_adulto":"FALSE","Número_de_leitos_de_UTI_adulto":""},"geometry":{"type":"Point","coordinates":[-54.098868,-27.495573]}},{"type":"Feature","properties":{"id":3403,"nome":"HOSPITAL NOSSA SENHORA DA GLORIA","cod_tipo":5,"tipo":"HOSPITAL GERAL","natureza":"ENTIDADES SEM FINS LUCRATIVOS","gestao":"ESTADUAL","possui_uti_adulto":"FALSE","Número_de_leitos_de_UTI_adulto":""},"geometry":{"type":"Point","coordinates":[-53.392129,-32.029879]}},{"type":"Feature","properties":{"id":3412,"nome":"HOSPITAL BENEFICENTE SAO JOAO BOSCO","cod_tipo":5,"tipo":"HOSPITAL GERAL","natureza":"ENTIDADES SEM FINS LUCRATIVOS","gestao":"MUNICIPAL","possui_uti_adulto":"FALSE","Número_de_leitos_de_UTI_adulto":""},"geometry":{"type":"Point","coordinates":[-51.068305,-28.971553]}},{"type":"Feature","properties":{"id":3426,"nome":"HOSPITAL SAO GABRIEL ARCANJO","cod_tipo":5,"tipo":"HOSPITAL GERAL","natureza":"ENTIDADES SEM FINS LUCRATIVOS","gestao":"MUNICIPAL","possui_uti_adulto":"FALSE","Número_de_leitos_de_UTI_adulto":""},"geometry":{"type":"Point","coordinates":[-51.985689,-29.513368]}},{"type":"Feature","properties":{"id":3442,"nome":"HOSPITAL PIO XII SEBERI","cod_tipo":5,"tipo":"HOSPITAL GERAL","natureza":"ENTIDADES SEM FINS LUCRATIVOS","gestao":"ESTADUAL","possui_uti_adulto":"FALSE","Número_de_leitos_de_UTI_adulto":""},"geometry":{"type":"Point","coordinates":[-53.405516,-27.478821]}},{"type":"Feature","properties":{"id":3445,"nome":"HOSPITAL NOSSA SRA DAS GRACAS CANOAS","cod_tipo":5,"tipo":"HOSPITAL GERAL","natureza":"ENTIDADES SEM FINS LUCRATIVOS","gestao":"MUNICIPAL","possui_uti_adulto":"FALSE","Número_de_leitos_de_UTI_adulto":""},"geometry":{"type":"Point","coordinates":[-51.161345,-29.927175]}},{"type":"Feature","properties":{"id":3446,"nome":"HOSPITAL DA RESERVA","cod_tipo":5,"tipo":"HOSPITAL GERAL","natureza":"ENTIDADES SEM FINS LUCRATIVOS","gestao":"ESTADUAL","possui_uti_adulto":"FALSE","Número_de_leitos_de_UTI_adulto":""},"geometry":{"type":"Point","coordinates":[-52.151385,-31.295598]}},{"type":"Feature","properties":{"id":3449,"nome":"HOSPITAL DE CARIDADE SAO VICENTE DE PAULO","cod_tipo":5,"tipo":"HOSPITAL GERAL","natureza":"ENTIDADES SEM FINS LUCRATIVOS","gestao":"ESTADUAL","possui_uti_adulto":"FALSE","Número_de_leitos_de_UTI_adulto":""},"geometry":{"type":"Point","coordinates":[-53.606991,-28.632214]}},{"type":"Feature","properties":{"id":3453,"nome":"CLINICA LAVINSKY","cod_tipo":62,"tipo":"HOSPITAL/DIA - ISOLADO","natureza":"ENTIDADES EMPRESARIAIS","gestao":"MUNICIPAL","possui_uti_adulto":"FALSE","Número_de_leitos_de_UTI_adulto":""},"geometry":{"type":"Point","coordinates":[-51.1982993,-30.0240476]}},{"type":"Feature","properties":{"id":3454,"nome":"HOSPITAL DA COMUNIDADE AHCROS CONSTANTINA","cod_tipo":5,"tipo":"HOSPITAL GERAL","natureza":"ENTIDADES SEM FINS LUCRATIVOS","gestao":"ESTADUAL","possui_uti_adulto":"FALSE","Número_de_leitos_de_UTI_adulto":""},"geometry":{"type":"Point","coordinates":[-52.990757,-27.735845]}},{"type":"Feature","properties":{"id":3484,"nome":"HOSPITAL GERAL SANTA CASA DE URUGUAIANA","cod_tipo":5,"tipo":"HOSPITAL GERAL","natureza":"ENTIDADES SEM FINS LUCRATIVOS","gestao":"ESTADUAL","possui_uti_adulto":"TRUE","Número_de_leitos_de_UTI_adulto":16},"geometry":{"type":"Point","coordinates":[-57.083776,-29.772952]}},{"type":"Feature","properties":{"id":3493,"nome":"HOSPITAL SANTO ANTONIO SAO SEPE","cod_tipo":5,"tipo":"HOSPITAL GERAL","natureza":"ENTIDADES SEM FINS LUCRATIVOS","gestao":"ESTADUAL","possui_uti_adulto":"FALSE","Número_de_leitos_de_UTI_adulto":""},"geometry":{"type":"Point","coordinates":[-53.563671,-30.170026]}},{"type":"Feature","properties":{"id":3495,"nome":"HOSPITAL SANTA BARBARA BENEFICENTE","cod_tipo":5,"tipo":"HOSPITAL GERAL","natureza":"ENTIDADES SEM FINS LUCRATIVOS","gestao":"ESTADUAL","possui_uti_adulto":"FALSE","Número_de_leitos_de_UTI_adulto":""},"geometry":{"type":"Point","coordinates":[-53.260322,-28.363275]}},{"type":"Feature","properties":{"id":3503,"nome":"HOSPITAL FATIMA","cod_tipo":5,"tipo":"HOSPITAL GERAL","natureza":"ENTIDADES SEM FINS LUCRATIVOS","gestao":"MUNICIPAL","possui_uti_adulto":"FALSE","Número_de_leitos_de_UTI_adulto":""},"geometry":{"type":"Point","coordinates":[-51.177822,-29.028428]}},{"type":"Feature","properties":{"id":3506,"nome":"HOSPITAL DR OSWALDO DIESEL","cod_tipo":5,"tipo":"HOSPITAL GERAL","natureza":"ENTIDADES SEM FINS LUCRATIVOS","gestao":"ESTADUAL","possui_uti_adulto":"FALSE","Número_de_leitos_de_UTI_adulto":""},"geometry":{"type":"Point","coordinates":[-50.778481,-29.5179]}},{"type":"Feature","properties":{"id":3517,"nome":"HOSPITAL ROQUE GONZALES CAIBATE","cod_tipo":5,"tipo":"HOSPITAL GERAL","natureza":"ENTIDADES SEM FINS LUCRATIVOS","gestao":"ESTADUAL","possui_uti_adulto":"FALSE","Número_de_leitos_de_UTI_adulto":""},"geometry":{"type":"Point","coordinates":[-54.63573,-28.290859]}},{"type":"Feature","properties":{"id":3521,"nome":"HOSPITAL N S DA POMPEIA VIADUTOS","cod_tipo":5,"tipo":"HOSPITAL GERAL","natureza":"ENTIDADES SEM FINS LUCRATIVOS","gestao":"ESTADUAL","possui_uti_adulto":"FALSE","Número_de_leitos_de_UTI_adulto":""},"geometry":{"type":"Point","coordinates":[-52.019328,-27.569162]}},{"type":"Feature","properties":{"id":3523,"nome":"HOSPITAL MUNICIPAL DE SAO PEDRO DO SUL","cod_tipo":5,"tipo":"HOSPITAL GERAL","natureza":"ENTIDADES SEM FINS LUCRATIVOS","gestao":"ESTADUAL","possui_uti_adulto":"FALSE","Número_de_leitos_de_UTI_adulto":""},"geometry":{"type":"Point","coordinates":[-54.185453,-29.613579]}},{"type":"Feature","properties":{"id":3535,"nome":"HOSPITAL SAO MIGUEL ARCANJO","cod_tipo":5,"tipo":"HOSPITAL GERAL","natureza":"ENTIDADES SEM FINS LUCRATIVOS","gestao":"ESTADUAL","possui_uti_adulto":"FALSE","Número_de_leitos_de_UTI_adulto":""},"geometry":{"type":"Point","coordinates":[-54.550002,-28.54649]}},{"type":"Feature","properties":{"id":3544,"nome":"HOSPITAL BENEFICENTE NOSSA SENHORA APARECIDA PARAÍ","cod_tipo":5,"tipo":"HOSPITAL GERAL","natureza":"ENTIDADES SEM FINS LUCRATIVOS","gestao":"MUNICIPAL","possui_uti_adulto":"FALSE","Número_de_leitos_de_UTI_adulto":""},"geometry":{"type":"Point","coordinates":[-51.786997,-28.593467]}},{"type":"Feature","properties":{"id":3553,"nome":"HOSPITAL BENEFICENTE LEONILDA BRUNET","cod_tipo":5,"tipo":"HOSPITAL GERAL","natureza":"ENTIDADES SEM FINS LUCRATIVOS","gestao":"MUNICIPAL","possui_uti_adulto":"FALSE","Número_de_leitos_de_UTI_adulto":""},"geometry":{"type":"Point","coordinates":[-52.123582,-28.931145]}},{"type":"Feature","properties":{"id":3566,"nome":"HOSPITAL UNIVERSITARIO ULBRA","cod_tipo":5,"tipo":"HOSPITAL GERAL","natureza":"ADMINISTRAÇÃO PÚBLICA","gestao":"MUNICIPAL","possui_uti_adulto":"TRUE","Número_de_leitos_de_UTI_adulto":26},"geometry":{"type":"Point","coordinates":[-51.16604238,-29.88642461]}},{"type":"Feature","properties":{"id":3569,"nome":"HCSJ HOSPITAL DE CARIDADE SAO JERONIMO","cod_tipo":5,"tipo":"HOSPITAL GERAL","natureza":"ENTIDADES SEM FINS LUCRATIVOS","gestao":"ESTADUAL","possui_uti_adulto":"FALSE","Número_de_leitos_de_UTI_adulto":""},"geometry":{"type":"Point","coordinates":[-51.715483,-29.959743]}},{"type":"Feature","properties":{"id":3571,"nome":"HOSPITAL DE CARIDADE DE JAGUARI","cod_tipo":5,"tipo":"HOSPITAL GERAL","natureza":"ENTIDADES SEM FINS LUCRATIVOS","gestao":"ESTADUAL","possui_uti_adulto":"FALSE","Número_de_leitos_de_UTI_adulto":""},"geometry":{"type":"Point","coordinates":[-54.690892,-29.493237]}},{"type":"Feature","properties":{"id":3576,"nome":"HOSPITAL SANTA CRUZ","cod_tipo":5,"tipo":"HOSPITAL GERAL","natureza":"ENTIDADES SEM FINS LUCRATIVOS","gestao":"MUNICIPAL","possui_uti_adulto":"TRUE","Número_de_leitos_de_UTI_adulto":10},"geometry":{"type":"Point","coordinates":[-52.426561,-29.720055]}},{"type":"Feature","properties":{"id":3580,"nome":"HOSPITAL SANTO AFONSO","cod_tipo":5,"tipo":"HOSPITAL GERAL","natureza":"ENTIDADES SEM FINS LUCRATIVOS","gestao":"DUPLA","possui_uti_adulto":"FALSE","Número_de_leitos_de_UTI_adulto":""},"geometry":{"type":"Point","coordinates":[-54.754491,-27.948539]}},{"type":"Feature","properties":{"id":3581,"nome":"HOSPITAL PORTO ALEGRE","cod_tipo":5,"tipo":"HOSPITAL GERAL","natureza":"ENTIDADES SEM FINS LUCRATIVOS","gestao":"MUNICIPAL","possui_uti_adulto":"TRUE","Número_de_leitos_de_UTI_adulto":17},"geometry":{"type":"Point","coordinates":[-51.216909,-30.045211]}},{"type":"Feature","properties":{"id":3582,"nome":"HOSPITAL SAO CAMILO ESTEIO","cod_tipo":5,"tipo":"HOSPITAL GERAL","natureza":"ADMINISTRAÇÃO PÚBLICA","gestao":"MUNICIPAL","possui_uti_adulto":"TRUE","Número_de_leitos_de_UTI_adulto":8},"geometry":{"type":"Point","coordinates":[-51.161425,-29.839161]}},{"type":"Feature","properties":{"id":3586,"nome":"HOSPITAL SAO PEDRO","cod_tipo":5,"tipo":"HOSPITAL GERAL","natureza":"ENTIDADES SEM FINS LUCRATIVOS","gestao":"MUNICIPAL","possui_uti_adulto":"FALSE","Número_de_leitos_de_UTI_adulto":""},"geometry":{"type":"Point","coordinates":[-51.533831,-29.253891]}},{"type":"Feature","properties":{"id":3627,"nome":"HOSPITAL SAO JOSE - DAVID CANABARRO","cod_tipo":5,"tipo":"HOSPITAL GERAL","natureza":"ENTIDADES SEM FINS LUCRATIVOS","gestao":"ESTADUAL","possui_uti_adulto":"FALSE","Número_de_leitos_de_UTI_adulto":""},"geometry":{"type":"Point","coordinates":[-51.848215,-28.388485]}},{"type":"Feature","properties":{"id":3642,"nome":"HOSPITAL MUNICIPAL DE CAMPINAS DO SUL","cod_tipo":5,"tipo":"HOSPITAL GERAL","natureza":"ADMINISTRAÇÃO PÚBLICA","gestao":"ESTADUAL","possui_uti_adulto":"FALSE","Número_de_leitos_de_UTI_adulto":""},"geometry":{"type":"Point","coordinates":[-52.62033,-27.717757]}},{"type":"Feature","properties":{"id":3646,"nome":"HOSPITAL BENEFICENTE NOSSA SENHORA APARECIDA MUÇUM","cod_tipo":5,"tipo":"HOSPITAL GERAL","natureza":"ENTIDADES SEM FINS LUCRATIVOS","gestao":"MUNICIPAL","possui_uti_adulto":"FALSE","Número_de_leitos_de_UTI_adulto":""},"geometry":{"type":"Point","coordinates":[-51.870134,-29.167029]}},{"type":"Feature","properties":{"id":3668,"nome":"HOSPITAL S ROQUE CAICARA","cod_tipo":5,"tipo":"HOSPITAL GERAL","natureza":"ENTIDADES SEM FINS LUCRATIVOS","gestao":"ESTADUAL","possui_uti_adulto":"FALSE","Número_de_leitos_de_UTI_adulto":""},"geometry":{"type":"Point","coordinates":[-53.431354,-27.27417]}},{"type":"Feature","properties":{"id":3670,"nome":"HOSPITAL DE CARIDADE DE IJUI","cod_tipo":5,"tipo":"HOSPITAL GERAL","natureza":"ENTIDADES SEM FINS LUCRATIVOS","gestao":"ESTADUAL","possui_uti_adulto":"TRUE","Número_de_leitos_de_UTI_adulto":20},"geometry":{"type":"Point","coordinates":[-53.910702,-28.393698]}},{"type":"Feature","properties":{"id":3678,"nome":"HOSPITAL OURO BRANCO","cod_tipo":5,"tipo":"HOSPITAL GERAL","natureza":"ENTIDADES SEM FINS LUCRATIVOS","gestao":"MUNICIPAL","possui_uti_adulto":"FALSE","Número_de_leitos_de_UTI_adulto":""},"geometry":{"type":"Point","coordinates":[-51.811932,-29.472122]}},{"type":"Feature","properties":{"id":3679,"nome":"HOSPITAL DE GUARNICAO DE SANTA MARIA","cod_tipo":5,"tipo":"HOSPITAL GERAL","natureza":"ADMINISTRAÇÃO PÚBLICA","gestao":"MUNICIPAL","possui_uti_adulto":"FALSE","Número_de_leitos_de_UTI_adulto":""},"geometry":{"type":"Point","coordinates":[-53.8269661,-29.6853098]}},{"type":"Feature","properties":{"id":3686,"nome":"HOSPITAL HUMANIZA","cod_tipo":5,"tipo":"HOSPITAL GERAL","natureza":"ENTIDADES EMPRESARIAIS","gestao":"MUNICIPAL","possui_uti_adulto":"FALSE","Número_de_leitos_de_UTI_adulto":""},"geometry":{"type":"Point","coordinates":[-51.2102319,-30.024819]},"id":330},{"type":"Feature","properties":{"id":3687,"nome":"HOSPITAL MUNICIPAL SAO JOSE DO NORTE","cod_tipo":5,"tipo":"HOSPITAL GERAL","natureza":"ENTIDADES SEM FINS LUCRATIVOS","gestao":"MUNICIPAL","possui_uti_adulto":"FALSE","Número_de_leitos_de_UTI_adulto":""},"geometry":{"type":"Point","coordinates":[-52.041029,-32.009654]}},{"type":"Feature","properties":{"id":3691,"nome":"HOSPITAL COMUNITARIO SAO PEREGRINO LAZZIOZI","cod_tipo":5,"tipo":"HOSPITAL GERAL","natureza":"ENTIDADES SEM FINS LUCRATIVOS","gestao":"MUNICIPAL","possui_uti_adulto":"FALSE","Número_de_leitos_de_UTI_adulto":""},"geometry":{"type":"Point","coordinates":[-51.548216,-28.926924]}},{"type":"Feature","properties":{"id":3694,"nome":"HOSPITAL SAO LUIZ DOM PEDRITO","cod_tipo":5,"tipo":"HOSPITAL GERAL","natureza":"ENTIDADES SEM FINS LUCRATIVOS","gestao":"ESTADUAL","possui_uti_adulto":"FALSE","Número_de_leitos_de_UTI_adulto":""},"geometry":{"type":"Point","coordinates":[-54.669914,-30.981331]}},{"type":"Feature","properties":{"id":3720,"nome":"HOSPITAL  SAO PEDRO CANISIO","cod_tipo":5,"tipo":"HOSPITAL GERAL","natureza":"ENTIDADES SEM FINS LUCRATIVOS","gestao":"MUNICIPAL","possui_uti_adulto":"FALSE","Número_de_leitos_de_UTI_adulto":""},"geometry":{"type":"Point","coordinates":[-51.356326,-29.490156]}},{"type":"Feature","properties":{"id":3723,"nome":"HOSPITAL COLONIA ITAPUA VIAMAO","cod_tipo":7,"tipo":"HOSPITAL ESPECIALIZADO","natureza":"ADMINISTRAÇÃO PÚBLICA","gestao":"ESTADUAL","possui_uti_adulto":"FALSE","Número_de_leitos_de_UTI_adulto":""},"geometry":{"type":"Point","coordinates":[-51.0011818,-30.3499669]}},{"type":"Feature","properties":{"id":3734,"nome":"HOSPITAL PADRE JEREMIAS CACHOERINHA","cod_tipo":5,"tipo":"HOSPITAL GERAL","natureza":"ENTIDADES SEM FINS LUCRATIVOS","gestao":"ESTADUAL","possui_uti_adulto":"FALSE","Número_de_leitos_de_UTI_adulto":""},"geometry":{"type":"Point","coordinates":[-51.080418,-29.94037]}},{"type":"Feature","properties":{"id":4030,"nome":"HOSPITAL DE PEQUENO PORTE RINO FANTIN","cod_tipo":5,"tipo":"HOSPITAL GERAL","natureza":"ADMINISTRAÇÃO PÚBLICA","gestao":"MUNICIPAL","possui_uti_adulto":"FALSE","Número_de_leitos_de_UTI_adulto":""},"geometry":{"type":"Point","coordinates":[-52.147223,-27.352]}},{"type":"Feature","properties":{"id":4031,"nome":"HOSPITAL BENEFICENTE SAO PEDRO","cod_tipo":15,"tipo":"UNIDADE MISTA","natureza":"ENTIDADES SEM FINS LUCRATIVOS","gestao":"MUNICIPAL","possui_uti_adulto":"FALSE","Número_de_leitos_de_UTI_adulto":""},"geometry":{"type":"Point","coordinates":[-51.689608,-28.543]}},{"type":"Feature","properties":{"id":4032,"nome":"HOSPITAL CARLOS AUMOND UNIDADE MISTA","cod_tipo":15,"tipo":"UNIDADE MISTA","natureza":"ADMINISTRAÇÃO PÚBLICA","gestao":"MUNICIPAL","possui_uti_adulto":"FALSE","Número_de_leitos_de_UTI_adulto":""},"geometry":{"type":"Point","coordinates":[-50.361,-28.88305]}},{"type":"Feature","properties":{"id":4033,"nome":"CLINICA E PRONTO SOCORRO TERESOPOLIS","cod_tipo":20,"tipo":"PRONTO SOCORRO GERAL","natureza":"ENTIDADES EMPRESARIAIS","gestao":"MUNICIPAL","possui_uti_adulto":"FALSE","Número_de_leitos_de_UTI_adulto":""},"geometry":{"type":"Point","coordinates":[-51.223543,-30.093]}},{"type":"Feature","properties":{"id":4034,"nome":"PLANTAO DE URGENCIA 24 HORAS","cod_tipo":20,"tipo":"PRONTO SOCORRO GERAL","natureza":"ADMINISTRAÇÃO PÚBLICA","gestao":"MUNICIPAL","possui_uti_adulto":"FALSE","Número_de_leitos_de_UTI_adulto":""},"geometry":{"type":"Point","coordinates":[-54.916635,-30.252026]}},{"type":"Feature","properties":{"id":4035,"nome":"PRONTO SOCORRO MAUA","cod_tipo":20,"tipo":"PRONTO SOCORRO GERAL","natureza":"ENTIDADES EMPRESARIAIS","gestao":"MUNICIPAL","possui_uti_adulto":"FALSE","Número_de_leitos_de_UTI_adulto":""},"geometry":{"type":"Point","coordinates":[-54.25881,-28.304]}},{"type":"Feature","properties":{"id":4036,"nome":"PRONTO SOCORRO MUNICIPAL","cod_tipo":20,"tipo":"PRONTO SOCORRO GERAL","natureza":"ADMINISTRAÇÃO PÚBLICA","gestao":"DUPLA","possui_uti_adulto":"FALSE","Número_de_leitos_de_UTI_adulto":""},"geometry":{"type":"Point","coordinates":[-54.866164,-29.197638]}},{"type":"Feature","properties":{"id":4037,"nome":"PRONTOMED NOVO HAMBURGO LTDA","cod_tipo":20,"tipo":"PRONTO SOCORRO GERAL","natureza":"ENTIDADES EMPRESARIAIS","gestao":"MUNICIPAL","possui_uti_adulto":"FALSE","Número_de_leitos_de_UTI_adulto":""},"geometry":{"type":"Point","coordinates":[-51.130028,-29.688]}},{"type":"Feature","properties":{"id":4149,"nome":"CAUZZO MEIRELLES POLICLINICA","cod_tipo":62,"tipo":"HOSPITAL/DIA - ISOLADO","natureza":"ENTIDADES EMPRESARIAIS","gestao":"MUNICIPAL","possui_uti_adulto":"FALSE","Número_de_leitos_de_UTI_adulto":""},"geometry":{"type":"Point","coordinates":[-53.80663383,-29.69118847]}},{"type":"Feature","properties":{"id":4150,"nome":"CENTRO DE TRATAMENTO CASA CLARA LTDA","cod_tipo":62,"tipo":"HOSPITAL/DIA - ISOLADO","natureza":"ENTIDADES EMPRESARIAIS","gestao":"MUNICIPAL","possui_uti_adulto":"FALSE","Número_de_leitos_de_UTI_adulto":""},"geometry":{"type":"Point","coordinates":[-51.10102924,-29.11629874]}},{"type":"Feature","properties":{"id":4151,"nome":"COLOPROCTO LTDA CANOAS","cod_tipo":62,"tipo":"HOSPITAL/DIA - ISOLADO","natureza":"ENTIDADES EMPRESARIAIS","gestao":"MUNICIPAL","possui_uti_adulto":"FALSE","Número_de_leitos_de_UTI_adulto":""},"geometry":{"type":"Point","coordinates":[-51.17211436,-29.90406]}},{"type":"Feature","properties":{"id":4152,"nome":"CVD DIAGNOSTICO POR IMAGEM","cod_tipo":62,"tipo":"HOSPITAL/DIA - ISOLADO","natureza":"ENTIDADES EMPRESARIAIS","gestao":"MUNICIPAL","possui_uti_adulto":"FALSE","Número_de_leitos_de_UTI_adulto":""},"geometry":{"type":"Point","coordinates":[-51.54863619,-28.92706596]}},{"type":"Feature","properties":{"id":4153,"nome":"HOSPITAL DE SAO VICENTE DO SUL","cod_tipo":62,"tipo":"HOSPITAL/DIA - ISOLADO","natureza":"ADMINISTRAÇÃO PÚBLICA","gestao":"ESTADUAL","possui_uti_adulto":"FALSE","Número_de_leitos_de_UTI_adulto":""},"geometry":{"type":"Point","coordinates":[-54.67174546,-29.69514725]}},{"type":"Feature","properties":{"id":4154,"nome":"HOSPITAL DIA E PRONTO ATENDIMENTO FARROUPILHA","cod_tipo":62,"tipo":"HOSPITAL/DIA - ISOLADO","natureza":"ENTIDADES EMPRESARIAIS","gestao":"MUNICIPAL","possui_uti_adulto":"FALSE","Número_de_leitos_de_UTI_adulto":""},"geometry":{"type":"Point","coordinates":[-51.34765717,-29.20014747]}}]}