{"type":"FeatureCollection","features":[{"type":"Feature","properties":{"Instituição - IES":" Centro de Ensino Superior Riograndense","Sigla":"CESURG","Município sede":"Sarandi","Tipo":"Faculdade","Categoria Administrativa":"Privada com fins lucrativos","Código":1061316,"Denominação":"Campus Principal","Endereço":"Rodovia Governador Leonel de Moura Brizola, Campus Principal, KM 138 - Linha Beira Campo","Polo":"-","Município":"Sarandi"},"geometry":{"type":"Point","coordinates":[-52.9236003,-27.9424878]}},{"type":"Feature","properties":{"Instituição - IES":" Centro de Ensino Superior Riograndense","Sigla":"CESURG","Município sede":"Sarandi","Tipo":"Faculdade","Categoria Administrativa":"Privada com fins lucrativos","Código":1104431,"Denominação":"CESURG - Unidade Ana Prestes","Endereço":"Rua Arlindo Pilonetto, CESURG - Unidade Centro, 396 - Cohab","Polo":"-","Município":"Sarandi"},"geometry":{"type":"Point","coordinates":[-52.91351824743247,-27.938760530197193]}},{"type":"Feature","properties":{"Instituição - IES":" CENTRO UNIVERSITÁRIO CENECISTA DE OSÓRIO","Sigla":"UNICNEC","Município sede":"Osório","Tipo":"Centro Universitário","Categoria Administrativa":"Privada sem fins lucrativos","Código":1084696,"Denominação":"POLO - Arroio dos Ratos","Endereço":"Avenida Espanha, POLO - Arroio dos Ratos, 452 - Centro","Polo":"A","Município":"Arroio dos Ratos"},"geometry":{"type":"Point","coordinates":[-51.7271891,-30.0924349]}},{"type":"Feature","properties":{"Instituição - IES":" CENTRO UNIVERSITÁRIO CENECISTA DE OSÓRIO","Sigla":"UNICNEC","Município sede":"Osório","Tipo":"Centro Universitário","Categoria Administrativa":"Privada sem fins lucrativos","Código":1051080,"Denominação":"POLO - Bento Gonçalves","Endereço":"Rua Arlindo Franklin Barbosa, 460 - São Roque","Polo":"A","Município":"Bento Gonçalves"},"geometry":{"type":"Point","coordinates":[-51.5312349,-29.1390569]}},{"type":"Feature","properties":{"Instituição - IES":" CENTRO UNIVERSITÁRIO CENECISTA DE OSÓRIO","Sigla":"UNICNEC","Município sede":"Osório","Tipo":"Centro Universitário","Categoria Administrativa":"Privada sem fins lucrativos","Código":1084845,"Denominação":"POLO - Butiá","Endereço":"Av. Leandro de Almeida, POLO - Butiá, 197 - Centro","Polo":"A","Município":"Butiá"},"geometry":{"type":"Point","coordinates":[-51.9640502,-30.1186581]}},{"type":"Feature","properties":{"Instituição - IES":" CENTRO UNIVERSITÁRIO CENECISTA DE OSÓRIO","Sigla":"UNICNEC","Município sede":"Osório","Tipo":"Centro Universitário","Categoria Administrativa":"Privada sem fins lucrativos","Código":1098141,"Denominação":"POLO - Caxias do Sul","Endereço":"Rua Severino Generosi, POLO - Caxias do Sul, 501 - Forqueta","Polo":"A","Município":"Caxias do Sul"},"geometry":{"type":"Point","coordinates":[-51.2817641,-29.2165962]}},{"type":"Feature","properties":{"Instituição - IES":" CENTRO UNIVERSITÁRIO CENECISTA DE OSÓRIO","Sigla":"UNICNEC","Município sede":"Osório","Tipo":"Centro Universitário","Categoria Administrativa":"Privada sem fins lucrativos","Código":1051282,"Denominação":"POLO - Charqueadas","Endereço":"Rodovia RS 401, 3300 - Centro","Polo":"A","Município":"Charqueadas"},"geometry":{"type":"Point","coordinates":[-51.6220711,-29.9647624]}},{"type":"Feature","properties":{"Instituição - IES":" CENTRO UNIVERSITÁRIO CENECISTA DE OSÓRIO","Sigla":"UNICNEC","Município sede":"Osório","Tipo":"Centro Universitário","Categoria Administrativa":"Privada sem fins lucrativos","Código":1084628,"Denominação":"POLO - Encantado","Endereço":"Rua Padre Anchieta, POLO - Encantado, 1390 - Centro","Polo":"A","Município":"Encantado"},"geometry":{"type":"Point","coordinates":[-51.8713187,-29.2400591]}},{"type":"Feature","properties":{"Instituição - IES":" CENTRO UNIVERSITÁRIO CENECISTA DE OSÓRIO","Sigla":"UNICNEC","Município sede":"Osório","Tipo":"Centro Universitário","Categoria Administrativa":"Privada sem fins lucrativos","Código":1051024,"Denominação":"POLO - Estância Velha","Endereço":"Rua Anita Garibaldi, 196 - Centro","Polo":"A","Município":"Estância Velha"},"geometry":{"type":"Point","coordinates":[-51.1778377,-29.6492132]}},{"type":"Feature","properties":{"Instituição - IES":" CENTRO UNIVERSITÁRIO CENECISTA DE OSÓRIO","Sigla":"UNICNEC","Município sede":"Osório","Tipo":"Centro Universitário","Categoria Administrativa":"Privada sem fins lucrativos","Código":1051025,"Denominação":"POLO - Farroupilha","Endereço":"Rua 14 de Julho, 339 - Centro","Polo":"A","Município":"Farroupilha"},"geometry":{"type":"Point","coordinates":[-51.346975,-29.2247272]}},{"type":"Feature","properties":{"Instituição - IES":" CENTRO UNIVERSITÁRIO CENECISTA DE OSÓRIO","Sigla":"UNICNEC","Município sede":"Osório","Tipo":"Centro Universitário","Categoria Administrativa":"Privada sem fins lucrativos","Código":1051117,"Denominação":"POLO - Gramado","Endereço":"Rua São Pedro, 275 - Centro","Polo":"A","Município":"Gramado"},"geometry":{"type":"Point","coordinates":[-50.8747905,-29.3796935]}},{"type":"Feature","properties":{"Instituição - IES":" CENTRO UNIVERSITÁRIO CENECISTA DE OSÓRIO","Sigla":"UNICNEC","Município sede":"Osório","Tipo":"Centro Universitário","Categoria Administrativa":"Privada sem fins lucrativos","Código":1051026,"Denominação":"POLO - Gravataí","Endereço":"Avenida Dr. José Loureiro da Silva, 1991 - Centro","Polo":"A","Município":"Gravataí"},"geometry":{"type":"Point","coordinates":[-50.9954096,-29.937603]}},{"type":"Feature","properties":{"Instituição - IES":" CENTRO UNIVERSITÁRIO CENECISTA DE OSÓRIO","Sigla":"UNICNEC","Município sede":"Osório","Tipo":"Centro Universitário","Categoria Administrativa":"Privada sem fins lucrativos","Código":1098147,"Denominação":"POLO - Lajeado","Endereço":"Rua Germano Berner, POLO - Lajeado, 272 - Centro","Polo":"A","Município":"Lajeado"},"geometry":{"type":"Point","coordinates":[-51.9708747,-29.4603979]}},{"type":"Feature","properties":{"Instituição - IES":" CENTRO UNIVERSITÁRIO CENECISTA DE OSÓRIO","Sigla":"UNICNEC","Município sede":"Osório","Tipo":"Centro Universitário","Categoria Administrativa":"Privada sem fins lucrativos","Código":1098235,"Denominação":"POLO - Nonoai","Endereço":"Rua Oliveira Lima, POLO - Nonoai, 462 - Centro","Polo":"A","Município":"Nonoai"},"geometry":{"type":"Point","coordinates":[-52.7721678,-27.3623537]}},{"type":"Feature","properties":{"Instituição - IES":" CENTRO UNIVERSITÁRIO CENECISTA DE OSÓRIO","Sigla":"UNICNEC","Município sede":"Osório","Tipo":"Centro Universitário","Categoria Administrativa":"Privada sem fins lucrativos","Código":1051027,"Denominação":"POLO - Nova Petropólis","Endereço":"Rua 28 de Fevereiro, 100 - Logradouro","Polo":"A","Município":"Nova Petrópolis"},"geometry":{"type":"Point","coordinates":[-51.1184875,-29.3779178]}},{"type":"Feature","properties":{"Instituição - IES":" CENTRO UNIVERSITÁRIO CENECISTA DE OSÓRIO","Sigla":"UNICNEC","Município sede":"Osório","Tipo":"Centro Universitário","Categoria Administrativa":"Privada sem fins lucrativos","Código":1098342,"Denominação":"POLO - Novo Hamburgo","Endereço":"Rua Brasil, POLO - Novo Hamburgo, 341 - Primavera","Polo":"A","Município":"Novo Hamburgo"},"geometry":{"type":"Point","coordinates":[-51.1467635,-29.681712]}},{"type":"Feature","properties":{"Instituição - IES":" CENTRO UNIVERSITÁRIO CENECISTA DE OSÓRIO","Sigla":"UNICNEC","Município sede":"Osório","Tipo":"Centro Universitário","Categoria Administrativa":"Privada sem fins lucrativos","Código":657993,"Denominação":"Unidade SEDE","Endereço":"Rua 24 de Maio, 141 - Centro","Polo":"A","Município":"Osório"},"geometry":{"type":"Point","coordinates":[-50.2722154999999,-29.8870062]}},{"type":"Feature","properties":{"Instituição - IES":" CENTRO UNIVERSITÁRIO CENECISTA DE OSÓRIO","Sigla":"UNICNEC","Município sede":"Osório","Tipo":"Centro Universitário","Categoria Administrativa":"Privada sem fins lucrativos","Código":1051028,"Denominação":"POLO - Santo Ângelo","Endereço":"Rua Dr. João Augusto Rodrigues, 471 - Centro","Polo":"A","Município":"Santo Ângelo"},"geometry":{"type":"Point","coordinates":[-54.2653991,-28.3121951]}},{"type":"Feature","properties":{"Instituição - IES":" CENTRO UNIVERSITÁRIO CENECISTA DE OSÓRIO","Sigla":"UNICNEC","Município sede":"Osório","Tipo":"Centro Universitário","Categoria Administrativa":"Privada sem fins lucrativos","Código":1132052,"Denominação":"POLO São Francisco de Paula","Endereço":"Rua Pinheiro Machado, São Francisco de Paula, 194 - Centro","Polo":"A","Município":"São Francisco de Paula"},"geometry":{"type":"Point","coordinates":[-50.5787416,-29.4451098]}},{"type":"Feature","properties":{"Instituição - IES":" CENTRO UNIVERSITÁRIO CENECISTA DE OSÓRIO","Sigla":"UNICNEC","Município sede":"Osório","Tipo":"Centro Universitário","Categoria Administrativa":"Privada sem fins lucrativos","Código":1051022,"Denominação":"POLO - Teutônia","Endereço":"Rua Dom Pedro II, 1450 - Canabarro","Polo":"A","Município":"Teutônia"},"geometry":{"type":"Point","coordinates":[-51.8074644999999,-29.5046097]}},{"type":"Feature","properties":{"Instituição - IES":" Centro Universitário CESUCA","Sigla":"-","Município sede":"Cachoeirinha","Tipo":"Centro Universitário","Categoria Administrativa":"Privada com fins lucrativos","Código":1002327,"Denominação":"CESUCA - CAMPUS SEDE","Endereço":"Rua Silvério Manoel da Silva, 160 - Vila Princesa Izabel","Polo":"-","Município":"Cachoeirinha"},"geometry":{"type":"Point","coordinates":[-51.0819098,-29.9354039999999]}},{"type":"Feature","properties":{"Instituição - IES":" CENTRO UNIVERSITÁRIO CNEC DE BENTO GONÇALVES","Sigla":"-","Município sede":"Bento Gonçalves","Tipo":"Centro Universitário","Categoria Administrativa":"Privada sem fins lucrativos","Código":658246,"Denominação":"Unidade SEDE","Endereço":"Rua Arlindo Franklin Barbosa, 460 - São Roque","Polo":"-","Município":"Bento Gonçalves"},"geometry":{"type":"Point","coordinates":[-51.5312349,-29.1390569]}},{"type":"Feature","properties":{"Instituição - IES":" Centro Universitário da Região da Campanha","Sigla":"-","Município sede":"Bagé","Tipo":"Centro Universitário","Categoria Administrativa":"Privada sem fins lucrativos","Código":1054846,"Denominação":"CÂMPUS UNIVERSITÁRIO DE ALEGRETE","Endereço":"CORREDOR DA BARRAGEM IBIRAPUITÃ, 550 - SUBDISTRITO DO CAVERÁ","Polo":"-","Município":"Alegrete"},"geometry":{"type":"Point","coordinates":[-55.7696932,-29.7894401]}},{"type":"Feature","properties":{"Instituição - IES":" Centro Universitário da Região da Campanha","Sigla":"-","Município sede":"Bagé","Tipo":"Centro Universitário","Categoria Administrativa":"Privada sem fins lucrativos","Código":688653,"Denominação":"CAMPUS UNIVERSITÁRIO DE ALEGRETE","Endereço":"PRAÇA GETÚLIO VARGAS, CAMPUS UNIVERSITÁRIO DE ALEGRETE, 47 - CENTRO","Polo":"A","Município":"Alegrete"},"geometry":{"type":"Point","coordinates":[-55.7916262,-29.7837559]}},{"type":"Feature","properties":{"Instituição - IES":" Centro Universitário da Região da Campanha","Sigla":"-","Município sede":"Bagé","Tipo":"Centro Universitário","Categoria Administrativa":"Privada sem fins lucrativos","Código":600118,"Denominação":"Unidade - Alegrete - Centro","Endereço":"Rua Doutor Quintana, 02 - Centro","Polo":"-","Município":"Alegrete"},"geometry":{"type":"Point","coordinates":[-55.7916926,-29.7842488]}},{"type":"Feature","properties":{"Instituição - IES":" Centro Universitário da Região da Campanha","Sigla":"-","Município sede":"Bagé","Tipo":"Centro Universitário","Categoria Administrativa":"Privada sem fins lucrativos","Código":657827,"Denominação":"CAMPUS - BAGÉ - CENTRO","Endereço":"Avenida Tupy Silveira, CAMPUS - BAGÉ - CENTRO, 2099 - Centro","Polo":"A","Município":"Bagé"},"geometry":{"type":"Point","coordinates":[-54.107416,-31.3185677]}},{"type":"Feature","properties":{"Instituição - IES":" Centro Universitário da Região da Campanha","Sigla":"-","Município sede":"Bagé","Tipo":"Centro Universitário","Categoria Administrativa":"Privada sem fins lucrativos","Código":686539,"Denominação":"CAMPUS - BAGÉ - CENTRO","Endereço":"CORONEL AZAMBUJA, CAMPUS CIÊNCIAS DA SAÚDE, 35/E - CENTRO","Polo":"-","Município":"Bagé"},"geometry":{"type":"Point","coordinates":[-54.106692,-31.3141313]}},{"type":"Feature","properties":{"Instituição - IES":" Centro Universitário da Região da Campanha","Sigla":"-","Município sede":"Bagé","Tipo":"Centro Universitário","Categoria Administrativa":"Privada sem fins lucrativos","Código":686550,"Denominação":"CAMPUS - BAGÉ - CENTRO","Endereço":"GENERAL OSÓRIO, 2289 - CENTRO","Polo":"-","Município":"Bagé"},"geometry":{"type":"Point","coordinates":[-54.1056319,-31.3381008]}},{"type":"Feature","properties":{"Instituição - IES":" Centro Universitário da Região da Campanha","Sigla":"-","Município sede":"Bagé","Tipo":"Centro Universitário","Categoria Administrativa":"Privada sem fins lucrativos","Código":686541,"Denominação":"CAMPUS - BAGÉ","Endereço":"PASSO DOS PERES, CAMPUS RURAL, S/N - Centro","Polo":"-","Município":"Bagé"},"geometry":{"type":"Point","coordinates":[-54.1093111,-31.3285393]}},{"type":"Feature","properties":{"Instituição - IES":" Centro Universitário da Região da Campanha","Sigla":"-","Município sede":"Bagé","Tipo":"Centro Universitário","Categoria Administrativa":"Privada sem fins lucrativos","Código":745,"Denominação":"CAMPUS UNIVERSITÁRIO DE DOM PEDRITO","Endereço":"BR 293 KM 238, CAMPUS UNIVERSITÁRIO DE DOM PEDRITO, S/N - sem bairro","Polo":"A","Município":"Dom Pedrito"},"geometry":{"type":"Point","coordinates":[-54.6462569,-30.9761135]}},{"type":"Feature","properties":{"Instituição - IES":" Centro Universitário da Região da Campanha","Sigla":"-","Município sede":"Bagé","Tipo":"Centro Universitário","Categoria Administrativa":"Privada sem fins lucrativos","Código":1505,"Denominação":"Campus Universitário de Itaqui","Endereço":"Rua 15 de Novembro, 537 - Centro","Polo":"-","Município":"Itaqui"},"geometry":{"type":"Point","coordinates":[-56.5542342,-29.1237647]}},{"type":"Feature","properties":{"Instituição - IES":" Centro Universitário da Região da Campanha","Sigla":"-","Município sede":"Bagé","Tipo":"Centro Universitário","Categoria Administrativa":"Privada sem fins lucrativos","Código":746,"Denominação":"CAMPUS UNIVERSITÁRIO DE SANTANA DO LIVRAMENTO","Endereço":"RUA DALTRO FILHO, CAMPUS UNIVERSITÁRIO DE SANTANA DO LIVRAMENTO, 2557 - sem bairro","Polo":"A","Município":"Santana do Livramento"},"geometry":{"type":"Point","coordinates":[-55.5112186,-30.8834168]}},{"type":"Feature","properties":{"Instituição - IES":" Centro Universitário da Região da Campanha","Sigla":"-","Município sede":"Bagé","Tipo":"Centro Universitário","Categoria Administrativa":"Privada sem fins lucrativos","Código":742,"Denominação":"CAMPUS UNIVERSITÁRIO DE SÃO BORJA","Endereço":"AV TANCREDO NEVES, 210 - Trevo de Acesso à Ponte Internacional","Polo":"-","Município":"São Borja"},"geometry":{"type":"Point","coordinates":[-55.9885744,-28.6575868]}},{"type":"Feature","properties":{"Instituição - IES":" Centro Universitário da Região da Campanha","Sigla":"-","Município sede":"Bagé","Tipo":"Centro Universitário","Categoria Administrativa":"Privada sem fins lucrativos","Código":1050437,"Denominação":"CAMPUS UNIVERSITÁRIO DE SÃO BORJA","Endereço":"Rua João Palmeiro, 1827 - Ronda Alta","Polo":"-","Município":"São Borja"},"geometry":{"type":"Point","coordinates":[-56.0084771,-28.6555969]}},{"type":"Feature","properties":{"Instituição - IES":" Centro Universitário da Região da Campanha","Sigla":"-","Município sede":"Bagé","Tipo":"Centro Universitário","Categoria Administrativa":"Privada sem fins lucrativos","Código":1054844,"Denominação":"CAMPUS UNIVERSITARIO DE SÃO GABRIEL","Endereço":"AVENIDA ANTONIO TRILHA, CAMPUS UNIVERSITÁRIO DE SÃO GABRIEL, 792 - ENTRADA NA CIDADE","Polo":"A","Município":"São Gabriel"},"geometry":{"type":"Point","coordinates":[-54.3292829,-30.3491749]}},{"type":"Feature","properties":{"Instituição - IES":" Centro Universitário da Região da Campanha","Sigla":"-","Município sede":"Bagé","Tipo":"Centro Universitário","Categoria Administrativa":"Privada sem fins lucrativos","Código":1054843,"Denominação":"CÂMPUS UNIVERSITÁRIO DE SÃO GABRIEL","Endereço":"Corredor da Reuna, BR 290, Km 420, s/n - Universitário","Polo":"-","Município":"São Gabriel"},"geometry":{"type":"Point","coordinates":[-54.3429107,-30.340147]}},{"type":"Feature","properties":{"Instituição - IES":" Centro Universitário da Região da Campanha","Sigla":"-","Município sede":"Bagé","Tipo":"Centro Universitário","Categoria Administrativa":"Privada sem fins lucrativos","Código":744,"Denominação":"CAMPUS UNIVERSITÁRIO DE SÃO GABRIEL","Endereço":"Rua Barão do Cambay, 550 - Centro","Polo":"-","Município":"São Gabriel"},"geometry":{"type":"Point","coordinates":[-54.3238844,-30.3381884]}},{"type":"Feature","properties":{"Instituição - IES":" CENTRO UNIVERSITÁRIO DA SERRA GAÚCHA","Sigla":"FSG","Município sede":"Caxias do Sul","Tipo":"Centro Universitário","Categoria Administrativa":"Privada com fins lucrativos","Código":1158687,"Denominação":"BAGÉ","Endereço":"AVENIDA MARECHAL FLORIANO, 1036 - CENTRO","Polo":"A","Município":"Bagé"},"geometry":{"type":"Point","coordinates":[-54.1047609,-31.3301216]}},{"type":"Feature","properties":{"Instituição - IES":" CENTRO UNIVERSITÁRIO DA SERRA GAÚCHA","Sigla":"FSG","Município sede":"Caxias do Sul","Tipo":"Centro Universitário","Categoria Administrativa":"Privada com fins lucrativos","Código":1158676,"Denominação":"BENTO GONÇALVES (FENAVINHO)","Endereço":"RUA SETE DE SETEMBRO, BENTO GONÇALVES (FENAVINHO), 272 - FENAVINHO","Polo":"A","Município":"Bento Gonçalves"},"geometry":{"type":"Point","coordinates":[-51.4985627999999,-29.1676383]}},{"type":"Feature","properties":{"Instituição - IES":" CENTRO UNIVERSITÁRIO DA SERRA GAÚCHA","Sigla":"FSG","Município sede":"Caxias do Sul","Tipo":"Centro Universitário","Categoria Administrativa":"Privada com fins lucrativos","Código":1083081,"Denominação":"Polo Bento Gonçalves","Endereço":"Rua Treze de Maio, Polo Bento Gonçalves, 1130 - Cidade Alta","Polo":"A","Município":"Bento Gonçalves"},"geometry":{"type":"Point","coordinates":[-51.5123836,-29.1716624]}},{"type":"Feature","properties":{"Instituição - IES":" CENTRO UNIVERSITÁRIO DA SERRA GAÚCHA","Sigla":"FSG","Município sede":"Caxias do Sul","Tipo":"Centro Universitário","Categoria Administrativa":"Privada com fins lucrativos","Código":1105352,"Denominação":"POLO CACAPAVA DO SUL","Endereço":"RUA JULIO DE CASTILHOS, POLO CACAPAVA DO SUL, 733 - CENTRO","Polo":"A","Município":"Caçapava do Sul"},"geometry":{"type":"Point","coordinates":[-53.4883249,-30.5135217]}},{"type":"Feature","properties":{"Instituição - IES":" CENTRO UNIVERSITÁRIO DA SERRA GAÚCHA","Sigla":"FSG","Município sede":"Caxias do Sul","Tipo":"Centro Universitário","Categoria Administrativa":"Privada com fins lucrativos","Código":1083078,"Denominação":"Polo Cachoeirinha","Endereço":"Rua Silvério Manoel da Silva, Polo Cachoeirinha, 160 - Colinas","Polo":"A","Município":"Cachoeirinha"},"geometry":{"type":"Point","coordinates":[-51.0838636,-29.9325164]}},{"type":"Feature","properties":{"Instituição - IES":" CENTRO UNIVERSITÁRIO DA SERRA GAÚCHA","Sigla":"FSG","Município sede":"Caxias do Sul","Tipo":"Centro Universitário","Categoria Administrativa":"Privada com fins lucrativos","Código":1174905,"Denominação":"POLO CAMPO BOM","Endereço":"AVENIDA ADRIANO DIAS, 411 - CENTRO","Polo":"A","Município":"Campo Bom"},"geometry":{"type":"Point","coordinates":[-51.0566506,-29.6761994]}},{"type":"Feature","properties":{"Instituição - IES":" CENTRO UNIVERSITÁRIO DA SERRA GAÚCHA","Sigla":"FSG","Município sede":"Caxias do Sul","Tipo":"Centro Universitário","Categoria Administrativa":"Privada com fins lucrativos","Código":1097609,"Denominação":"POLO CANOAS_CENTRO","Endereço":"RUA TIRADENTES, POLO CANOAS_CENTRO, 154 - CENTRO","Polo":"A","Município":"Canoas"},"geometry":{"type":"Point","coordinates":[-51.1800636,-29.919114]}},{"type":"Feature","properties":{"Instituição - IES":" CENTRO UNIVERSITÁRIO DA SERRA GAÚCHA","Sigla":"FSG","Município sede":"Caxias do Sul","Tipo":"Centro Universitário","Categoria Administrativa":"Privada com fins lucrativos","Código":1123260,"Denominação":"POLO CARAZINHO","Endereço":"AVENIDA FLORES DA CUNHA, 2750 - GLORIA","Polo":"A","Município":"Carazinho"},"geometry":{"type":"Point","coordinates":[-52.7973279,-28.2948965]}},{"type":"Feature","properties":{"Instituição - IES":" CENTRO UNIVERSITÁRIO DA SERRA GAÚCHA","Sigla":"FSG","Município sede":"Caxias do Sul","Tipo":"Centro Universitário","Categoria Administrativa":"Privada com fins lucrativos","Código":1141553,"Denominação":"POLO CARLOS BARBOSA","Endereço":"RUA BUARQUE DE MACEDO, POLO CARLOS BARBOSA, 3211 - CENTRO","Polo":"A","Município":"Carlos Barbosa"},"geometry":{"type":"Point","coordinates":[-51.5011967,-29.2950372]}},{"type":"Feature","properties":{"Instituição - IES":" CENTRO UNIVERSITÁRIO DA SERRA GAÚCHA","Sigla":"FSG","Município sede":"Caxias do Sul","Tipo":"Centro Universitário","Categoria Administrativa":"Privada com fins lucrativos","Código":659555,"Denominação":"Centro Universitário da Serra Gaúcha (FSG)","Endereço":"Rua Marechal Floriano, 889 - Pio X","Polo":"A","Município":"Caxias do Sul"},"geometry":{"type":"Point","coordinates":[-51.18448,-29.1687616999999]}},{"type":"Feature","properties":{"Instituição - IES":" CENTRO UNIVERSITÁRIO DA SERRA GAÚCHA","Sigla":"FSG","Município sede":"Caxias do Sul","Tipo":"Centro Universitário","Categoria Administrativa":"Privada com fins lucrativos","Código":1072305,"Denominação":"FSG - CAMPUS SEDE","Endereço":"Rua Marechal Floriano, Centro Universitário da Serra Gaúcha - campus sede, 1229 - Pio X","Polo":"A","Município":"Caxias do Sul"},"geometry":{"type":"Point","coordinates":[-51.1841537,-29.1720814]}},{"type":"Feature","properties":{"Instituição - IES":" CENTRO UNIVERSITÁRIO DA SERRA GAÚCHA","Sigla":"FSG","Município sede":"Caxias do Sul","Tipo":"Centro Universitário","Categoria Administrativa":"Privada com fins lucrativos","Código":136755,"Denominação":"FSG - CAMPUS DEZOITO DO FORTE","Endereço":"Rua Os Dezoito do Forte, Centro Universitário da Serra Gaúcha (FSG), 2366 - Centro","Polo":"A","Município":"Caxias do Sul"},"geometry":{"type":"Point","coordinates":[-51.1841537,-29.1720814]}},{"type":"Feature","properties":{"Instituição - IES":" CENTRO UNIVERSITÁRIO DA SERRA GAÚCHA","Sigla":"FSG","Município sede":"Caxias do Sul","Tipo":"Centro Universitário","Categoria Administrativa":"Privada com fins lucrativos","Código":1137258,"Denominação":"POLO CRUZ ALTA","Endereço":"AVENIDA VENANCIO AIRES, 1462 - CENTRO","Polo":"A","Município":"Cruz Alta"},"geometry":{"type":"Point","coordinates":[-53.6060654,-28.6376567]}},{"type":"Feature","properties":{"Instituição - IES":" CENTRO UNIVERSITÁRIO DA SERRA GAÚCHA","Sigla":"FSG","Município sede":"Caxias do Sul","Tipo":"Centro Universitário","Categoria Administrativa":"Privada com fins lucrativos","Código":1108440,"Denominação":"POLO DOM PEDRITO (I)","Endereço":"AVENIDA RIO BRANCO, POLO DOM PEDRITO, 839 - CENTRO","Polo":"A","Município":"Dom Pedrito"},"geometry":{"type":"Point","coordinates":[-54.6740679,-30.9847601]}},{"type":"Feature","properties":{"Instituição - IES":" CENTRO UNIVERSITÁRIO DA SERRA GAÚCHA","Sigla":"FSG","Município sede":"Caxias do Sul","Tipo":"Centro Universitário","Categoria Administrativa":"Privada com fins lucrativos","Código":1161889,"Denominação":"POLO ELDORADO DO SUL","Endereço":"ESTRADA DA ARROZEIRA, 725 - Centro","Polo":"A","Município":"Eldorado do Sul"},"geometry":{"type":"Point","coordinates":[-51.3139037,-29.9981613999999]}},{"type":"Feature","properties":{"Instituição - IES":" CENTRO UNIVERSITÁRIO DA SERRA GAÚCHA","Sigla":"FSG","Município sede":"Caxias do Sul","Tipo":"Centro Universitário","Categoria Administrativa":"Privada com fins lucrativos","Código":1109323,"Denominação":"POLO ERECHIM","Endereço":"AVENIDA SETE DE SETEMBRO, POLO ERECHIM, 1305 - FATIMA","Polo":"A","Município":"Erechim"},"geometry":{"type":"Point","coordinates":[-52.2668181,-27.6494903]}},{"type":"Feature","properties":{"Instituição - IES":" CENTRO UNIVERSITÁRIO DA SERRA GAÚCHA","Sigla":"FSG","Município sede":"Caxias do Sul","Tipo":"Centro Universitário","Categoria Administrativa":"Privada com fins lucrativos","Código":1145428,"Denominação":"POLO ESTANCIA VELHA_CENTRO_LIRA","Endereço":"RUA PORTAO, 885 - CENTRO_LIRA","Polo":"A","Município":"Estância Velha"},"geometry":{"type":"Point","coordinates":[-51.181103,-29.651273]}},{"type":"Feature","properties":{"Instituição - IES":" CENTRO UNIVERSITÁRIO DA SERRA GAÚCHA","Sigla":"FSG","Município sede":"Caxias do Sul","Tipo":"Centro Universitário","Categoria Administrativa":"Privada com fins lucrativos","Código":1145430,"Denominação":"POLO ESTEIO","Endereço":"AVENIDA PADRE CLARE, 2376 - PARQUE AMADOR","Polo":"A","Município":"Esteio"},"geometry":{"type":"Point","coordinates":[-51.1526587,-29.8464217]}},{"type":"Feature","properties":{"Instituição - IES":" CENTRO UNIVERSITÁRIO DA SERRA GAÚCHA","Sigla":"FSG","Município sede":"Caxias do Sul","Tipo":"Centro Universitário","Categoria Administrativa":"Privada com fins lucrativos","Código":1158683,"Denominação":"FARROUPILHA","Endereço":"AV PAULO BROILO, 665 - CENTRO","Polo":"A","Município":"Farroupilha"},"geometry":{"type":"Point","coordinates":[-51.3504158,-29.221824]}},{"type":"Feature","properties":{"Instituição - IES":" CENTRO UNIVERSITÁRIO DA SERRA GAÚCHA","Sigla":"FSG","Município sede":"Caxias do Sul","Tipo":"Centro Universitário","Categoria Administrativa":"Privada com fins lucrativos","Código":1111170,"Denominação":"POLO FLORES DA CUNHA","Endereço":"RUA SEVERO RAVIZZONI, 2362, POLO FLORES DA CUNHA, 2362 - CENTRO","Polo":"A","Município":"Flores da Cunha"},"geometry":{"type":"Point","coordinates":[-51.1821277,-29.0321894]}},{"type":"Feature","properties":{"Instituição - IES":" CENTRO UNIVERSITÁRIO DA SERRA GAÚCHA","Sigla":"FSG","Município sede":"Caxias do Sul","Tipo":"Centro Universitário","Categoria Administrativa":"Privada com fins lucrativos","Código":1141555,"Denominação":"POLO GRAVATAI","Endereço":"RUA ADOLFO INACIO DE BARCELOS, 103 - CENTRO","Polo":"A","Município":"Gravataí"},"geometry":{"type":"Point","coordinates":[-50.9987821,-29.9440189]}},{"type":"Feature","properties":{"Instituição - IES":" CENTRO UNIVERSITÁRIO DA SERRA GAÚCHA","Sigla":"FSG","Município sede":"Caxias do Sul","Tipo":"Centro Universitário","Categoria Administrativa":"Privada com fins lucrativos","Código":1113135,"Denominação":"POLO IJUI","Endereço":"RUA TREZE DE MAIO, POLO IJUI, 1037 - CENTRO","Polo":"A","Município":"Ijuí"},"geometry":{"type":"Point","coordinates":[-53.9121645,-28.3868102]}},{"type":"Feature","properties":{"Instituição - IES":" CENTRO UNIVERSITÁRIO DA SERRA GAÚCHA","Sigla":"FSG","Município sede":"Caxias do Sul","Tipo":"Centro Universitário","Categoria Administrativa":"Privada com fins lucrativos","Código":1105806,"Denominação":"POLO MARAU (I)","Endereço":"AVENIDA JÚLIO BORELLA, POLO MARAU, 1968 - SÃO CRISTÓVÃO","Polo":"A","Município":"Marau"},"geometry":{"type":"Point","coordinates":[-52.1994055,-28.4496616]}},{"type":"Feature","properties":{"Instituição - IES":" CENTRO UNIVERSITÁRIO DA SERRA GAÚCHA","Sigla":"FSG","Município sede":"Caxias do Sul","Tipo":"Centro Universitário","Categoria Administrativa":"Privada com fins lucrativos","Código":1145431,"Denominação":"POLO MONTENEGRO","Endereço":"RUA JOSE LUIS, 1740 - CENTRO","Polo":"A","Município":"Montenegro"},"geometry":{"type":"Point","coordinates":[-51.4573371,-29.6899974]}},{"type":"Feature","properties":{"Instituição - IES":" CENTRO UNIVERSITÁRIO DA SERRA GAÚCHA","Sigla":"FSG","Município sede":"Caxias do Sul","Tipo":"Centro Universitário","Categoria Administrativa":"Privada com fins lucrativos","Código":1131776,"Denominação":"POLO NAO-ME-TOQUE","Endereço":"RUA CAPITAO JOAO VIAU, POLO NAO-ME-TOQUE, 513 - CENTRO","Polo":"A","Município":"Não-Me-Toque"},"geometry":{"type":"Point","coordinates":[-52.8182821,-28.4591493]}},{"type":"Feature","properties":{"Instituição - IES":" CENTRO UNIVERSITÁRIO DA SERRA GAÚCHA","Sigla":"FSG","Município sede":"Caxias do Sul","Tipo":"Centro Universitário","Categoria Administrativa":"Privada com fins lucrativos","Código":1097615,"Denominação":"POLO NOVA PRATA","Endereço":"AVENIDA BORGES DE MEDEIROS, POLO NOVA PRATA, 1181 - CENTRO","Polo":"A","Município":"Nova Prata"},"geometry":{"type":"Point","coordinates":[-51.6101574,-28.7837061]}},{"type":"Feature","properties":{"Instituição - IES":" CENTRO UNIVERSITÁRIO DA SERRA GAÚCHA","Sigla":"FSG","Município sede":"Caxias do Sul","Tipo":"Centro Universitário","Categoria Administrativa":"Privada com fins lucrativos","Código":1102771,"Denominação":"POLO PALMEIRA DAS MISSÕES","Endereço":"RUA BENJAMIN CONSTANT, POLO PALMEIRA DAS MISSÕES, 731 - CENTRO","Polo":"A","Município":"Palmeira das Missões"},"geometry":{"type":"Point","coordinates":[-53.3081267,-27.9014857]}},{"type":"Feature","properties":{"Instituição - IES":" CENTRO UNIVERSITÁRIO DA SERRA GAÚCHA","Sigla":"FSG","Município sede":"Caxias do Sul","Tipo":"Centro Universitário","Categoria Administrativa":"Privada com fins lucrativos","Código":1161893,"Denominação":"POLO PARAI","Endereço":"RUA REINALDO CHERUBINI, POLO PARAI, 607 - Centrro","Polo":"A","Município":"Paraí"},"geometry":{"type":"Point","coordinates":[-51.7886608,-28.5938116]}},{"type":"Feature","properties":{"Instituição - IES":" CENTRO UNIVERSITÁRIO DA SERRA GAÚCHA","Sigla":"FSG","Município sede":"Caxias do Sul","Tipo":"Centro Universitário","Categoria Administrativa":"Privada com fins lucrativos","Código":1161899,"Denominação":"POLO PAROBÉ","Endereço":"RUA CORONEL JOÃO CORREA, 239 - Centro","Polo":"A","Município":"Parobé"},"geometry":{"type":"Point","coordinates":[-50.8352894,-29.6288127]}},{"type":"Feature","properties":{"Instituição - IES":" CENTRO UNIVERSITÁRIO DA SERRA GAÚCHA","Sigla":"FSG","Município sede":"Caxias do Sul","Tipo":"Centro Universitário","Categoria Administrativa":"Privada com fins lucrativos","Código":1102773,"Denominação":"POLO PIRATINI","Endereço":"RUA CRISPIM DUARTE GOMES, POLO PIRATINI, 50 - 102 - CENTRO","Polo":"A","Município":"Piratini"},"geometry":{"type":"Point","coordinates":[-53.1010003,-31.4436407]}},{"type":"Feature","properties":{"Instituição - IES":" Centro Universitário FADERGS","Sigla":"FADERGS","Município sede":"Porto Alegre","Tipo":"Centro Universitário","Categoria Administrativa":"Privada com fins lucrativos","Código":1176883,"Denominação":"POLO ALVORADA - CENTRO","Endereço":"Presidente Getúlio Vargas, 1881 - Bela Vista","Polo":"A","Município":"Alvorada"},"geometry":{"type":"Point","coordinates":[-51.0789062,-30.002065]}},{"type":"Feature","properties":{"Instituição - IES":" Centro Universitário FADERGS","Sigla":"FADERGS","Município sede":"Porto Alegre","Tipo":"Centro Universitário","Categoria Administrativa":"Privada com fins lucrativos","Código":1115588,"Denominação":"Polo Arroio dos Ratos","Endereço":"Avenida Espanha, Polo Arroio dos Ratos, 327 - Centro","Polo":"A","Município":"Arroio dos Ratos"},"geometry":{"type":"Point","coordinates":[-51.7271891,-30.0924349]}},{"type":"Feature","properties":{"Instituição - IES":" Centro Universitário FADERGS","Sigla":"FADERGS","Município sede":"Porto Alegre","Tipo":"Centro Universitário","Categoria Administrativa":"Privada com fins lucrativos","Código":1107865,"Denominação":"Polo Caçapava do Sul","Endereço":"Rua XV de novembro, Polo Caçapava do Sul, 183 - Centro","Polo":"A","Município":"Caçapava do Sul"},"geometry":{"type":"Point","coordinates":[-53.4916965,-30.5184336]}},{"type":"Feature","properties":{"Instituição - IES":" Centro Universitário FADERGS","Sigla":"FADERGS","Município sede":"Porto Alegre","Tipo":"Centro Universitário","Categoria Administrativa":"Privada com fins lucrativos","Código":1089478,"Denominação":"POLO CAMPO BOM","Endereço":"Avenida Brasil, POLO CAMPO BOM, 2592 - Centro","Polo":"A","Município":"Campo Bom"},"geometry":{"type":"Point","coordinates":[-51.0669001,-29.6784599]}},{"type":"Feature","properties":{"Instituição - IES":" Centro Universitário FADERGS","Sigla":"FADERGS","Município sede":"Porto Alegre","Tipo":"Centro Universitário","Categoria Administrativa":"Privada com fins lucrativos","Código":1102074,"Denominação":"Polo Canguçu","Endereço":"Rua Conselheiro Brusque, 318 - Centro","Polo":"A","Município":"Canguçu"},"geometry":{"type":"Point","coordinates":[-52.6757968,-31.3924588]}},{"type":"Feature","properties":{"Instituição - IES":" Centro Universitário FADERGS","Sigla":"FADERGS","Município sede":"Porto Alegre","Tipo":"Centro Universitário","Categoria Administrativa":"Privada com fins lucrativos","Código":1178197,"Denominação":"POLO CANOAS","Endereço":"Avenida Santos Ferreira, 2720 - Estância Velha","Polo":"A","Município":"Canoas"},"geometry":{"type":"Point","coordinates":[-51.1524437,-29.9282003]}},{"type":"Feature","properties":{"Instituição - IES":" Centro Universitário FADERGS","Sigla":"FADERGS","Município sede":"Porto Alegre","Tipo":"Centro Universitário","Categoria Administrativa":"Privada com fins lucrativos","Código":1175275,"Denominação":"POLO CAXIAS DO SUL","Endereço":"Júlio de Castilhos, 1340/1348 - Nossa Senhora de Lourdes","Polo":"A","Município":"Caxias do Sul"},"geometry":{"type":"Point","coordinates":[-51.1751584,-29.1678924]}},{"type":"Feature","properties":{"Instituição - IES":" Centro Universitário FADERGS","Sigla":"FADERGS","Município sede":"Porto Alegre","Tipo":"Centro Universitário","Categoria Administrativa":"Privada com fins lucrativos","Código":1107864,"Denominação":"Polo Caxias do Sul - Nossa Sra de Lourdes","Endereço":"Rua Vinte de Setembro, Polo Caxias do Sul - Nossa Sra de Lourdes, 1585 - Nossa Senhora de Lourdes","Polo":"A","Município":"Caxias do Sul"},"geometry":{"type":"Point","coordinates":[-51.163493,-29.164523]}},{"type":"Feature","properties":{"Instituição - IES":" Centro Universitário FADERGS","Sigla":"FADERGS","Município sede":"Porto Alegre","Tipo":"Centro Universitário","Categoria Administrativa":"Privada com fins lucrativos","Código":1115589,"Denominação":"Polo Charqueadas","Endereço":"Avenida Getúlio Vargas, Polo Charqueadas, 166 - Centro","Polo":"A","Município":"Charqueadas"},"geometry":{"type":"Point","coordinates":[-51.6218166,-29.9613569]}},{"type":"Feature","properties":{"Instituição - IES":" Centro Universitário FADERGS","Sigla":"FADERGS","Município sede":"Porto Alegre","Tipo":"Centro Universitário","Categoria Administrativa":"Privada com fins lucrativos","Código":1089481,"Denominação":"Polo Estância Velha","Endereço":"Rua Theodomiro Porto da Fonseca, Polo Estância Velha, 447 - Centro","Polo":"A","Município":"Estância Velha"},"geometry":{"type":"Point","coordinates":[-51.174293,-29.650147]}},{"type":"Feature","properties":{"Instituição - IES":" Centro Universitário FADERGS","Sigla":"FADERGS","Município sede":"Porto Alegre","Tipo":"Centro Universitário","Categoria Administrativa":"Privada com fins lucrativos","Código":1178195,"Denominação":"POLO ESTEIO","Endereço":"Rio Pardo, 100 - Tamandaré","Polo":"A","Município":"Esteio"},"geometry":{"type":"Point","coordinates":[-51.1696752,-29.8385849]}},{"type":"Feature","properties":{"Instituição - IES":" Centro Universitário FADERGS","Sigla":"FADERGS","Município sede":"Porto Alegre","Tipo":"Centro Universitário","Categoria Administrativa":"Privada com fins lucrativos","Código":1092932,"Denominação":"POLO GRAVATAÍ","Endereço":"Avenida Dorival Cândido Luz de Oliveira, POLO GRAVATAÍ, 4280 - COHAB A","Polo":"A","Município":"Gravataí"},"geometry":{"type":"Point","coordinates":[-51.0406755,-29.9358217]}},{"type":"Feature","properties":{"Instituição - IES":" Centro Universitário FADERGS","Sigla":"FADERGS","Município sede":"Porto Alegre","Tipo":"Centro Universitário","Categoria Administrativa":"Privada com fins lucrativos","Código":1098001,"Denominação":"POLO GRAVATAÍ - CENTRO","Endereço":"Rua José Costa de Medeiros, POLO GRAVATAÍ - CENTRO, 1920 - Centro","Polo":"A","Município":"Gravataí"},"geometry":{"type":"Point","coordinates":[-50.9941282,-29.9396627]}},{"type":"Feature","properties":{"Instituição - IES":" Centro Universitário FADERGS","Sigla":"FADERGS","Município sede":"Porto Alegre","Tipo":"Centro Universitário","Categoria Administrativa":"Privada com fins lucrativos","Código":1090583,"Denominação":"POLO GUAÍBA","Endereço":"Rua Doutor José Montaury, POLO GUAÍBA, 173 - Centro","Polo":"A","Município":"Guaíba"},"geometry":{"type":"Point","coordinates":[-51.317195,-30.1058927]}},{"type":"Feature","properties":{"Instituição - IES":" Centro Universitário FADERGS","Sigla":"FADERGS","Município sede":"Porto Alegre","Tipo":"Centro Universitário","Categoria Administrativa":"Privada com fins lucrativos","Código":1107861,"Denominação":"Polo Guaporé","Endereço":"Av. Silvio Sanson, Polo Guaporé, 1099 - Centro","Polo":"A","Município":"Guaporé"},"geometry":{"type":"Point","coordinates":[-51.890772,-28.8480331]}},{"type":"Feature","properties":{"Instituição - IES":" Centro Universitário FADERGS","Sigla":"FADERGS","Município sede":"Porto Alegre","Tipo":"Centro Universitário","Categoria Administrativa":"Privada com fins lucrativos","Código":1116334,"Denominação":"POLO IMBÉ","Endereço":"Avenida Paraguassu, POLO IMBÉ, 2390 - Centro","Polo":"A","Município":"Imbé"},"geometry":{"type":"Point","coordinates":[-50.133237,-29.9623569]}},{"type":"Feature","properties":{"Instituição - IES":" Centro Universitário FADERGS","Sigla":"FADERGS","Município sede":"Porto Alegre","Tipo":"Centro Universitário","Categoria Administrativa":"Privada com fins lucrativos","Código":1089480,"Denominação":"POLO IVOTI","Endereço":"Avenida Presidente Lucena, POLO IVOTI, 1715 - Harmonia","Polo":"A","Município":"Ivoti"},"geometry":{"type":"Point","coordinates":[-51.1636739,-29.6101131]}},{"type":"Feature","properties":{"Instituição - IES":" Centro Universitário FADERGS","Sigla":"FADERGS","Município sede":"Porto Alegre","Tipo":"Centro Universitário","Categoria Administrativa":"Privada com fins lucrativos","Código":1112193,"Denominação":"POLO LAJEADO ON BYTE","Endereço":"Rua Fialho de Vargas, POLO LAJEADO ON BYTE, 323 - CENTRO","Polo":"A","Município":"Lajeado"},"geometry":{"type":"Point","coordinates":[-51.9640725,-29.4615968]}},{"type":"Feature","properties":{"Instituição - IES":" Centro Universitário FADERGS","Sigla":"FADERGS","Município sede":"Porto Alegre","Tipo":"Centro Universitário","Categoria Administrativa":"Privada com fins lucrativos","Código":1178196,"Denominação":"POLO MONTENEGRO","Endereço":"Rua João Pessoa, 2087 - Centro","Polo":"A","Município":"Montenegro"},"geometry":{"type":"Point","coordinates":[-51.4638019,-29.6832343]}},{"type":"Feature","properties":{"Instituição - IES":" Centro Universitário FADERGS","Sigla":"FADERGS","Município sede":"Porto Alegre","Tipo":"Centro Universitário","Categoria Administrativa":"Privada com fins lucrativos","Código":1095077,"Denominação":"POLO NOVO HAMBURGO - NICOLAU BECKER","Endereço":"Avenida Nicolau Becker, POLO NOVO HAMBURGO - NICOLAU BECKER, 626 - Centro","Polo":"A","Município":"Novo Hamburgo"},"geometry":{"type":"Point","coordinates":[-51.129708,-29.6807794]}},{"type":"Feature","properties":{"Instituição - IES":" Centro Universitário FADERGS","Sigla":"FADERGS","Município sede":"Porto Alegre","Tipo":"Centro Universitário","Categoria Administrativa":"Privada com fins lucrativos","Código":1091411,"Denominação":"POLO OSÓRIO","Endereço":"Rua 24 de Maio, POLO OSÓRIO, 451 - Centro","Polo":"A","Município":"Osório"},"geometry":{"type":"Point","coordinates":[-50.2698942,-29.8901977]}},{"type":"Feature","properties":{"Instituição - IES":" Centro Universitário FADERGS","Sigla":"FADERGS","Município sede":"Porto Alegre","Tipo":"Centro Universitário","Categoria Administrativa":"Privada com fins lucrativos","Código":1125249,"Denominação":"Polo Paim Filho","Endereço":"Rua Irma Maria Anastasie, 20 - Centro","Polo":"A","Município":"Paim Filho"},"geometry":{"type":"Point","coordinates":[-51.759019,-27.7095089]}},{"type":"Feature","properties":{"Instituição - IES":" Centro Universitário FADERGS","Sigla":"FADERGS","Município sede":"Porto Alegre","Tipo":"Centro Universitário","Categoria Administrativa":"Privada com fins lucrativos","Código":1092939,"Denominação":"POLO PALMEIRA DAS MISSÕES","Endereço":"Rua República, POLO PALMEIRA DAS MISSÕES, 452 - Centro","Polo":"A","Município":"Palmeira das Missões"},"geometry":{"type":"Point","coordinates":[-53.3073585,-27.905057]}},{"type":"Feature","properties":{"Instituição - IES":" Centro Universitário FADERGS","Sigla":"FADERGS","Município sede":"Porto Alegre","Tipo":"Centro Universitário","Categoria Administrativa":"Privada com fins lucrativos","Código":1107866,"Denominação":"Polo Pantano Grande","Endereço":"Rua Vinicius Lopes Ferreira, Polo Pantano Grande, 137 - Centro","Polo":"A","Município":"Pantano Grande"},"geometry":{"type":"Point","coordinates":[-52.3739518,-30.1934616]}},{"type":"Feature","properties":{"Instituição - IES":" Centro Universitário FADERGS","Sigla":"FADERGS","Município sede":"Porto Alegre","Tipo":"Centro Universitário","Categoria Administrativa":"Privada com fins lucrativos","Código":1176056,"Denominação":"POLO PASSO FUNDO","Endereço":"Uruguai, 1977 - Centro","Polo":"A","Município":"Passo Fundo"},"geometry":{"type":"Point","coordinates":[-52.416267,-28.2619846]}},{"type":"Feature","properties":{"Instituição - IES":" Centro Universitário FADERGS","Sigla":"FADERGS","Município sede":"Porto Alegre","Tipo":"Centro Universitário","Categoria Administrativa":"Privada com fins lucrativos","Código":1112196,"Denominação":"POLO PEDRO OSÓRIO","Endereço":"RUA ALAN KARDEK, POLO PEDRO OSÓRIO, 11 - CENTRO","Polo":"A","Município":"Pedro Osório"},"geometry":{"type":"Point","coordinates":[-52.8196237,-31.8625001]}},{"type":"Feature","properties":{"Instituição - IES":" Centro Universitário FADERGS","Sigla":"FADERGS","Município sede":"Porto Alegre","Tipo":"Centro Universitário","Categoria Administrativa":"Privada com fins lucrativos","Código":1098003,"Denominação":"POLO PELOTAS","Endereço":"Rua Almirante Barroso, POLO PELOTAS, 1555 - Centro","Polo":"A","Município":"Pelotas"},"geometry":{"type":"Point","coordinates":[-52.3380322,-31.7726801]}},{"type":"Feature","properties":{"Instituição - IES":" Centro Universitário FADERGS","Sigla":"FADERGS","Município sede":"Porto Alegre","Tipo":"Centro Universitário","Categoria Administrativa":"Privada com fins lucrativos","Código":1176884,"Denominação":"POLO PORTO ALEGRE - CRISTO REDENTOR","Endereço":"Adão Baino, 146 - Cristo Redentor","Polo":"A","Município":"Porto Alegre"},"geometry":{"type":"Point","coordinates":[-51.1558849,-30.0116917]}},{"type":"Feature","properties":{"Instituição - IES":" Centro Universitário FADERGS","Sigla":"FADERGS","Município sede":"Porto Alegre","Tipo":"Centro Universitário","Categoria Administrativa":"Privada com fins lucrativos","Código":1116552,"Denominação":"CAMPUS FADERGS-FAPA","Endereço":"Avenida Manoel Elias, CAMPUS FADERGS-FAPA, 2001 - Passo das Pedras","Polo":"-","Município":"Porto Alegre"},"geometry":{"type":"Point","coordinates":[-51.1216944,-30.0330714]}},{"type":"Feature","properties":{"Instituição - IES":" Centro Universitário FADERGS","Sigla":"FADERGS","Município sede":"Porto Alegre","Tipo":"Centro Universitário","Categoria Administrativa":"Privada com fins lucrativos","Código":1068449,"Denominação":"Unidade Sertório","Endereço":"Avenida Sertório, Unidade Sertório, 5310 - Jardim Lindóia","Polo":"A","Município":"Porto Alegre"},"geometry":{"type":"Point","coordinates":[-51.1522298999999,-29.9978101]}},{"type":"Feature","properties":{"Instituição - IES":" Centro Universitário FADERGS","Sigla":"FADERGS","Município sede":"Porto Alegre","Tipo":"Centro Universitário","Categoria Administrativa":"Privada com fins lucrativos","Código":1177817,"Denominação":"POLO PORTO ALEGRE - ZONA NORTE","Endereço":"Benno Mentz, 1560 - Vila Ipiranga","Polo":"A","Município":"Porto Alegre"},"geometry":{"type":"Point","coordinates":[-51.1460439,-30.0243595]}},{"type":"Feature","properties":{"Instituição - IES":" Centro Universitário FADERGS","Sigla":"FADERGS","Município sede":"Porto Alegre","Tipo":"Centro Universitário","Categoria Administrativa":"Privada com fins lucrativos","Código":1178194,"Denominação":"POLO PORTO ALEGRE - ORFANOTRÓFIO","Endereço":"Orfanotrófio, 555 - Santa Tereza","Polo":"A","Município":"Porto Alegre"},"geometry":{"type":"Point","coordinates":[-51.2192,-30.08032]}},{"type":"Feature","properties":{"Instituição - IES":" Centro Universitário FADERGS","Sigla":"FADERGS","Município sede":"Porto Alegre","Tipo":"Centro Universitário","Categoria Administrativa":"Privada com fins lucrativos","Código":1173339,"Denominação":"POLO PORTO ALEGRE - CENTRO","Endereço":"Rua dos Andradas, 1438 - Centro Histórico","Polo":"A","Município":"Porto Alegre"},"geometry":{"type":"Point","coordinates":[-51.2273253,-30.0296619]}},{"type":"Feature","properties":{"Instituição - IES":" Centro Universitário FADERGS","Sigla":"FADERGS","Município sede":"Porto Alegre","Tipo":"Centro Universitário","Categoria Administrativa":"Privada com fins lucrativos","Código":136324,"Denominação":"Unidade GV","Endereço":"Rua General Vitorino, 25 - Centro","Polo":"-","Município":"Porto Alegre"},"geometry":{"type":"Point","coordinates":[-51.2265589999999,-30.0303525]}},{"type":"Feature","properties":{"Instituição - IES":" Centro Universitário FADERGS","Sigla":"FADERGS","Município sede":"Porto Alegre","Tipo":"Centro Universitário","Categoria Administrativa":"Privada com fins lucrativos","Código":1048362,"Denominação":"Unidade Luiz Afonso","Endereço":"Rua Luiz Afonso, 84 - Cidade Baixa","Polo":"A","Município":"Porto Alegre"},"geometry":{"type":"Point","coordinates":[-51.2197539,-30.0384445]}},{"type":"Feature","properties":{"Instituição - IES":" Centro Universitário FADERGS","Sigla":"FADERGS","Município sede":"Porto Alegre","Tipo":"Centro Universitário","Categoria Administrativa":"Privada com fins lucrativos","Código":1094323,"Denominação":"Unidade Galeria Luza","Endereço":"Rua Marechal Floriano Peixoto, Unidade Galeria Luza, 185 - Centro Histórico","Polo":"A","Município":"Porto Alegre"},"geometry":{"type":"Point","coordinates":[-51.2272222,-30.0305556]}},{"type":"Feature","properties":{"Instituição - IES":" Centro Universitário FADERGS","Sigla":"FADERGS","Município sede":"Porto Alegre","Tipo":"Centro Universitário","Categoria Administrativa":"Privada com fins lucrativos","Código":1057270,"Denominação":"Unidade Riachuelo","Endereço":"Rua Riachuelo, Unidade Riachuelo, 1257 - Centro","Polo":"-","Município":"Porto Alegre"},"geometry":{"type":"Point","coordinates":[-51.2291904999999,-30.0317625]}},{"type":"Feature","properties":{"Instituição - IES":" Centro Universitário FADERGS","Sigla":"FADERGS","Município sede":"Porto Alegre","Tipo":"Centro Universitário","Categoria Administrativa":"Privada com fins lucrativos","Código":1061088,"Denominação":"Unidade Andradas","Endereço":"Rua Uruguai, Unidade Andradas, 330 - Centro Histórico","Polo":"-","Município":"Porto Alegre"},"geometry":{"type":"Point","coordinates":[-51.2288532,-30.0283209]}},{"type":"Feature","properties":{"Instituição - IES":" Centro Universitário FADERGS","Sigla":"FADERGS","Município sede":"Porto Alegre","Tipo":"Centro Universitário","Categoria Administrativa":"Privada com fins lucrativos","Código":1117483,"Denominação":"POLO PUTINGA","Endereço":"RUA DUQUE DE CAXIAS, POLO PUTINGA, 200 - CENTRO","Polo":"A","Município":"Putinga"},"geometry":{"type":"Point","coordinates":[-52.1564547,-29.000301]}},{"type":"Feature","properties":{"Instituição - IES":" Centro Universitário FADERGS","Sigla":"FADERGS","Município sede":"Porto Alegre","Tipo":"Centro Universitário","Categoria Administrativa":"Privada com fins lucrativos","Código":1092955,"Denominação":"POLO SANTA CRUZ DO SUL","Endereço":"Rua Galvão Costa, POLO SANTA CRUZ DO SUL, 85 - Centro","Polo":"A","Município":"Santa Cruz do Sul"},"geometry":{"type":"Point","coordinates":[-52.4294649,-29.7111866]}},{"type":"Feature","properties":{"Instituição - IES":" Centro Universitário FADERGS","Sigla":"FADERGS","Município sede":"Porto Alegre","Tipo":"Centro Universitário","Categoria Administrativa":"Privada com fins lucrativos","Código":1117749,"Denominação":"Polo Santa Maria","Endereço":"Rua Serafim Valandro, 1246 - Centro","Polo":"A","Município":"Santa Maria"},"geometry":{"type":"Point","coordinates":[-53.8098564,-29.690873]}},{"type":"Feature","properties":{"Instituição - IES":" Centro Universitário FADERGS","Sigla":"FADERGS","Município sede":"Porto Alegre","Tipo":"Centro Universitário","Categoria Administrativa":"Privada com fins lucrativos","Código":1120682,"Denominação":"Polo Santana do Livramento","Endereço":"Rua Uruguai, SANTANA DO LIVRAMENTO, 1586 - Centro","Polo":"A","Município":"Santana do Livramento"},"geometry":{"type":"Point","coordinates":[-55.5347974,-30.8945511]}},{"type":"Feature","properties":{"Instituição - IES":" Centro Universitário FADERGS","Sigla":"FADERGS","Município sede":"Porto Alegre","Tipo":"Centro Universitário","Categoria Administrativa":"Privada com fins lucrativos","Código":1124360,"Denominação":"Polo Santa Vitória do Palmar - OM","Endereço":"Rua Bar?o do Rio Branco, 993 - Centro","Polo":"A","Município":"Santa Vitória do Palmar"},"geometry":{"type":"Point","coordinates":[-53.363055,-33.523167]}},{"type":"Feature","properties":{"Instituição - IES":" Centro Universitário FADERGS","Sigla":"FADERGS","Município sede":"Porto Alegre","Tipo":"Centro Universitário","Categoria Administrativa":"Privada com fins lucrativos","Código":1092956,"Denominação":"POLO SANTO ÂNGELO","Endereço":"Rua Sete de Setembro, POLO SANTO ÂNGELO, 601 - Centro","Polo":"A","Município":"Santo Ângelo"},"geometry":{"type":"Point","coordinates":[-54.2665295,-28.30413]}},{"type":"Feature","properties":{"Instituição - IES":" Centro Universitário FADERGS","Sigla":"FADERGS","Município sede":"Porto Alegre","Tipo":"Centro Universitário","Categoria Administrativa":"Privada com fins lucrativos","Código":1092957,"Denominação":"POLO SÃO BORJA","Endereço":"Rua General Marques, POLO SÃO BORJA, 760 - Centro","Polo":"A","Município":"São Borja"},"geometry":{"type":"Point","coordinates":[-56.0066832,-28.6592138]}},{"type":"Feature","properties":{"Instituição - IES":" Centro Universitário FADERGS","Sigla":"FADERGS","Município sede":"Porto Alegre","Tipo":"Centro Universitário","Categoria Administrativa":"Privada com fins lucrativos","Código":1112199,"Denominação":"POLO SÃO JERÔNIMO","Endereço":"Rua Barreto Leite, POLO SÃO JERÔNIMO, 324 - CENTRO","Polo":"A","Município":"São Jerônimo"},"geometry":{"type":"Point","coordinates":[-51.7245445,-29.956505]}},{"type":"Feature","properties":{"Instituição - IES":" Centro Universitário FADERGS","Sigla":"FADERGS","Município sede":"Porto Alegre","Tipo":"Centro Universitário","Categoria Administrativa":"Privada com fins lucrativos","Código":1124329,"Denominação":"Polo São Leopoldo - Centro","Endereço":"Rua Marqu?s do Herval, 912 - Centro","Polo":"A","Município":"São Leopoldo"},"geometry":{"type":"Point","coordinates":[-51.1444890999999,-29.767212]}},{"type":"Feature","properties":{"Instituição - IES":" Centro Universitário FADERGS","Sigla":"FADERGS","Município sede":"Porto Alegre","Tipo":"Centro Universitário","Categoria Administrativa":"Privada com fins lucrativos","Código":1115337,"Denominação":"Polo Sapiranga","Endereço":"Rua Rua Sete de Setembro - 442 ao fim - par, 658 - Centro","Polo":"A","Município":"Sapiranga"},"geometry":{"type":"Point","coordinates":[-51.0045024,-29.6376474]}},{"type":"Feature","properties":{"Instituição - IES":" Centro Universitário FADERGS","Sigla":"FADERGS","Município sede":"Porto Alegre","Tipo":"Centro Universitário","Categoria Administrativa":"Privada com fins lucrativos","Código":1172969,"Denominação":"POLO SAPUCAIA DO SUL","Endereço":"Professor Francisco Brochado da Rocha, 255 - Centro","Polo":"A","Município":"Sapucaia do Sul"},"geometry":{"type":"Point","coordinates":[-51.1499593,-29.826432]}},{"type":"Feature","properties":{"Instituição - IES":" Centro Universitário FADERGS","Sigla":"FADERGS","Município sede":"Porto Alegre","Tipo":"Centro Universitário","Categoria Administrativa":"Privada com fins lucrativos","Código":1092959,"Denominação":"POLO SOLEDADE","Endereço":"Rua José Campos Borges, POLO SOLEDADE, 135 - Missões","Polo":"A","Município":"Soledade"},"geometry":{"type":"Point","coordinates":[-52.5018629,-28.8200364]}},{"type":"Feature","properties":{"Instituição - IES":" Centro Universitário FADERGS","Sigla":"FADERGS","Município sede":"Porto Alegre","Tipo":"Centro Universitário","Categoria Administrativa":"Privada com fins lucrativos","Código":1177614,"Denominação":"POLO TEUTÔNIA","Endereço":"Guilherme Schneider Sobrinho, 808 - Canabarro","Polo":"A","Município":"Teutônia"},"geometry":{"type":"Point","coordinates":[-51.8105591,-29.5121924999999]}},{"type":"Feature","properties":{"Instituição - IES":" Centro Universitário FADERGS","Sigla":"FADERGS","Município sede":"Porto Alegre","Tipo":"Centro Universitário","Categoria Administrativa":"Privada com fins lucrativos","Código":1107867,"Denominação":"Polo Tramandaí","Endereço":"Av. Fernando Bastos, Polo Tramandaí, 1015 - Centro","Polo":"A","Município":"Tramandaí"},"geometry":{"type":"Point","coordinates":[-50.1540507,-30.0012986]}},{"type":"Feature","properties":{"Instituição - IES":" Centro Universitário FADERGS","Sigla":"FADERGS","Município sede":"Porto Alegre","Tipo":"Centro Universitário","Categoria Administrativa":"Privada com fins lucrativos","Código":1124330,"Denominação":"Polo Tupanciretã - OM","Endereço":"Rua Duque de Caxias, 07 - Centro","Polo":"A","Município":"Tupanciretã"},"geometry":{"type":"Point","coordinates":[-53.8382675,-29.0829374]}},{"type":"Feature","properties":{"Instituição - IES":" Centro Universitário FADERGS","Sigla":"FADERGS","Município sede":"Porto Alegre","Tipo":"Centro Universitário","Categoria Administrativa":"Privada com fins lucrativos","Código":1104883,"Denominação":"POLO VERANÓPOLIS","Endereço":"Av Osvaldo Aranha, POLO VERANÓPOLIS, 778 - Centro","Polo":"A","Município":"Veranópolis"},"geometry":{"type":"Point","coordinates":[-51.5516269,-28.9363232]}},{"type":"Feature","properties":{"Instituição - IES":" Centro Universitário FADERGS","Sigla":"FADERGS","Município sede":"Porto Alegre","Tipo":"Centro Universitário","Categoria Administrativa":"Privada com fins lucrativos","Código":1089483,"Denominação":"Polo Viamão","Endereço":"Avenida Liberdade, Polo Viamão, 1048 - Santa Isabel","Polo":"A","Município":"Viamão"},"geometry":{"type":"Point","coordinates":[-51.1071942,-30.0659484]}},{"type":"Feature","properties":{"Instituição - IES":" Centro Universitário FADERGS","Sigla":"FADERGS","Município sede":"Porto Alegre","Tipo":"Centro Universitário","Categoria Administrativa":"Privada com fins lucrativos","Código":1112198,"Denominação":"POLO XANGRI - LÁ","Endereço":"Rua Rio Douradinho, POLO XANGRI - LÁ, 2192 - CENTRO","Polo":"A","Município":"Xangri-lá"},"geometry":{"type":"Point","coordinates":[-50.0412505,-29.8010486]}},{"type":"Feature","properties":{"Instituição - IES":" Centro Universitário IDEAU","Sigla":"UNIDEAU","Município sede":"Getúlio Vargas","Tipo":"Centro Universitário","Categoria Administrativa":"Privada com fins lucrativos","Código":1141765,"Denominação":"Bagé","Endereço":"RODOVIA BR 153, KM 636, Bagé, - Área Rural de Bagé","Polo":"A","Município":"Bagé"},"geometry":{"type":"Point","coordinates":[-54.0445796,-31.3673399]}},{"type":"Feature","properties":{"Instituição - IES":" Centro Universitário IDEAU","Sigla":"UNIDEAU","Município sede":"Getúlio Vargas","Tipo":"Centro Universitário","Categoria Administrativa":"Privada com fins lucrativos","Código":1141854,"Denominação":"Caxias do Sul","Endereço":"Rua Sinimbu, Caxias do Sul, 1670 - Centro","Polo":"A","Município":"Caxias do Sul"},"geometry":{"type":"Point","coordinates":[-51.1778794,-29.16923]}},{"type":"Feature","properties":{"Instituição - IES":" Centro Universitário IDEAU","Sigla":"UNIDEAU","Município sede":"Getúlio Vargas","Tipo":"Centro Universitário","Categoria Administrativa":"Privada com fins lucrativos","Código":659460,"Denominação":"CAMPUS - GETÚLIO VARGAS - CHAMPAGNAT","Endereço":"Avenida Borges Medeiros, 2113 - Champagnat","Polo":"A","Município":"Getúlio Vargas"},"geometry":{"type":"Point","coordinates":[-52.2367468,-27.8985826]}},{"type":"Feature","properties":{"Instituição - IES":" Centro Universitário IDEAU","Sigla":"UNIDEAU","Município sede":"Getúlio Vargas","Tipo":"Centro Universitário","Categoria Administrativa":"Privada com fins lucrativos","Código":6076,"Denominação":"Campus II","Endereço":"Rua Jacob Gremmelmaier, 215 - Centro","Polo":"A","Município":"Getúlio Vargas"},"geometry":{"type":"Point","coordinates":[-52.2224048,-27.8844175]}},{"type":"Feature","properties":{"Instituição - IES":" Centro Universitário IDEAU","Sigla":"UNIDEAU","Município sede":"Getúlio Vargas","Tipo":"Centro Universitário","Categoria Administrativa":"Privada com fins lucrativos","Código":1141857,"Denominação":"Passo Fundo","Endereço":"Avenida Rui Barbosa, Passo Fundo, 103 - Vila Petrópolis","Polo":"A","Município":"Passo Fundo"},"geometry":{"type":"Point","coordinates":[-52.3931518,-28.244829]}},{"type":"Feature","properties":{"Instituição - IES":" CENTRO UNIVERSITÁRIO METODISTA","Sigla":"IPA","Município sede":"Porto Alegre","Tipo":"Centro Universitário","Categoria Administrativa":"Privada sem fins lucrativos","Código":659713,"Denominação":"Unidade Central IPA","Endereço":"Rua Coronel Joaquim Pedro Salgado, Terreo, 80 - Rio Branco","Polo":"-","Município":"Porto Alegre"},"geometry":{"type":"Point","coordinates":[-51.1986478,-30.0342262]}},{"type":"Feature","properties":{"Instituição - IES":" CENTRO UNIVERSITÁRIO METODISTA","Sigla":"IPA","Município sede":"Porto Alegre","Tipo":"Centro Universitário","Categoria Administrativa":"Privada sem fins lucrativos","Código":702112,"Denominação":"UNIDADE DC NAVEGANTES","Endereço":"Rua Frederico Mentz, 1606 - Navegantes","Polo":"-","Município":"Porto Alegre"},"geometry":{"type":"Point","coordinates":[-51.2024693,-29.9971262]}},{"type":"Feature","properties":{"Instituição - IES":" CENTRO UNIVERSITÁRIO RITTER DOS REIS","Sigla":"UNIRITTER","Município sede":"Porto Alegre","Tipo":"Centro Universitário","Categoria Administrativa":"Privada com fins lucrativos","Código":1177093,"Denominação":"POLO ALVORADA - CENTRO","Endereço":"Presidente Getúlio Vargas, 1881 - Bela Vista","Polo":"A","Município":"Alvorada"},"geometry":{"type":"Point","coordinates":[-51.0789062,-30.002065]}},{"type":"Feature","properties":{"Instituição - IES":" CENTRO UNIVERSITÁRIO RITTER DOS REIS","Sigla":"UNIRITTER","Município sede":"Porto Alegre","Tipo":"Centro Universitário","Categoria Administrativa":"Privada com fins lucrativos","Código":1173219,"Denominação":"POLO ARROIO DOS RATOS","Endereço":"Avenida Espanha, 327 - Centro","Polo":"A","Município":"Arroio dos Ratos"},"geometry":{"type":"Point","coordinates":[-51.7305299999999,-30.091372]}},{"type":"Feature","properties":{"Instituição - IES":" CENTRO UNIVERSITÁRIO RITTER DOS REIS","Sigla":"UNIRITTER","Município sede":"Porto Alegre","Tipo":"Centro Universitário","Categoria Administrativa":"Privada com fins lucrativos","Código":1177729,"Denominação":"POLO BENTO GONÇALVES - CENTRO","Endereço":"Rua José Rossini, 631 - Santa Helena","Polo":"A","Município":"Bento Gonçalves"},"geometry":{"type":"Point","coordinates":[-51.4938661,-29.1849062]}},{"type":"Feature","properties":{"Instituição - IES":" CENTRO UNIVERSITÁRIO RITTER DOS REIS","Sigla":"UNIRITTER","Município sede":"Porto Alegre","Tipo":"Centro Universitário","Categoria Administrativa":"Privada com fins lucrativos","Código":1173220,"Denominação":"POLO BUTIÁ - CENTRO","Endereço":"Rua Jose Fernandes Segura, 138 - Centro","Polo":"A","Município":"Butiá"},"geometry":{"type":"Point","coordinates":[-51.9691739,-30.1180627999999]}},{"type":"Feature","properties":{"Instituição - IES":" CENTRO UNIVERSITÁRIO RITTER DOS REIS","Sigla":"UNIRITTER","Município sede":"Porto Alegre","Tipo":"Centro Universitário","Categoria Administrativa":"Privada com fins lucrativos","Código":1133753,"Denominação":"POLO CACHOEIRINHA - CENTRO","Endereço":"Avenida General Flores da Cunha, POLO CACHOEIRINHA - CENTRO, 1050 - Vila Veranópolis","Polo":"A","Município":"Cachoeirinha"},"geometry":{"type":"Point","coordinates":[-51.1055042,-29.9548041]}},{"type":"Feature","properties":{"Instituição - IES":" CENTRO UNIVERSITÁRIO RITTER DOS REIS","Sigla":"UNIRITTER","Município sede":"Porto Alegre","Tipo":"Centro Universitário","Categoria Administrativa":"Privada com fins lucrativos","Código":1135351,"Denominação":"POLO CAMAQUA - CENTRO","Endereço":"Rua Ijuí, POLO CAMAQUA - CENTRO, 75 - Centro","Polo":"A","Município":"Camaquã"},"geometry":{"type":"Point","coordinates":[-51.8087499,-30.8547858]}},{"type":"Feature","properties":{"Instituição - IES":" CENTRO UNIVERSITÁRIO RITTER DOS REIS","Sigla":"UNIRITTER","Município sede":"Porto Alegre","Tipo":"Centro Universitário","Categoria Administrativa":"Privada com fins lucrativos","Código":1142794,"Denominação":"POLO CAMPO BOM - INDUSTRIAL NORTE","Endereço":"Avenida Carlos Strassburger Filho, POLO CAMPO BOM - INDUSTRIAL NORTE, 5796 - Industrial Norte","Polo":"A","Município":"Campo Bom"},"geometry":{"type":"Point","coordinates":[-51.0755482,-29.6638101]}},{"type":"Feature","properties":{"Instituição - IES":" CENTRO UNIVERSITÁRIO RITTER DOS REIS","Sigla":"UNIRITTER","Município sede":"Porto Alegre","Tipo":"Centro Universitário","Categoria Administrativa":"Privada com fins lucrativos","Código":1140850,"Denominação":"POLO CANELA - CENTRO","Endereço":"Av. Osvaldo Aranha, POLO CANELA - CENTRO, 74 - Centro","Polo":"A","Município":"Canela"},"geometry":{"type":"Point","coordinates":[-50.8139456,-29.363719]}},{"type":"Feature","properties":{"Instituição - IES":" CENTRO UNIVERSITÁRIO RITTER DOS REIS","Sigla":"UNIRITTER","Município sede":"Porto Alegre","Tipo":"Centro Universitário","Categoria Administrativa":"Privada com fins lucrativos","Código":1133757,"Denominação":"POLO CANOAS - CENTRO","Endereço":"Rua Quinze de Janeiro, 231/109 - Centro","Polo":"A","Município":"Canoas"},"geometry":{"type":"Point","coordinates":[-51.1795975,-29.9195893]}},{"type":"Feature","properties":{"Instituição - IES":" CENTRO UNIVERSITÁRIO RITTER DOS REIS","Sigla":"UNIRITTER","Município sede":"Porto Alegre","Tipo":"Centro Universitário","Categoria Administrativa":"Privada com fins lucrativos","Código":541,"Denominação":"Campus Canoas","Endereço":"Rua Santos Dumont, 888 - Niteroi","Polo":"-","Município":"Canoas"},"geometry":{"type":"Point","coordinates":[-51.1678525,-29.9454542]}},{"type":"Feature","properties":{"Instituição - IES":" CENTRO UNIVERSITÁRIO RITTER DOS REIS","Sigla":"UNIRITTER","Município sede":"Porto Alegre","Tipo":"Centro Universitário","Categoria Administrativa":"Privada com fins lucrativos","Código":1177094,"Denominação":"POLO CANOAS - NITERÓI","Endereço":"Venâncio Aires, 1190 - Niterói","Polo":"A","Município":"Canoas"},"geometry":{"type":"Point","coordinates":[-51.1744334,-29.9516373]}},{"type":"Feature","properties":{"Instituição - IES":" CENTRO UNIVERSITÁRIO RITTER DOS REIS","Sigla":"UNIRITTER","Município sede":"Porto Alegre","Tipo":"Centro Universitário","Categoria Administrativa":"Privada com fins lucrativos","Código":1173222,"Denominação":"POLO CAPÃO DA CANOA - CENTRO I","Endereço":"Avenida Paraguassú, 420 - Zona nova","Polo":"A","Município":"Capão da Canoa"},"geometry":{"type":"Point","coordinates":[-50.0108654999999,-29.7461256]}},{"type":"Feature","properties":{"Instituição - IES":" CENTRO UNIVERSITÁRIO RITTER DOS REIS","Sigla":"UNIRITTER","Município sede":"Porto Alegre","Tipo":"Centro Universitário","Categoria Administrativa":"Privada com fins lucrativos","Código":1177096,"Denominação":"POLO CAXIAS DO SUL","Endereço":"Júlio de Castilhos, 1340/1348 - Nossa Senhora de Lourdes","Polo":"A","Município":"Caxias do Sul"},"geometry":{"type":"Point","coordinates":[-51.1751584,-29.1678924]}},{"type":"Feature","properties":{"Instituição - IES":" CENTRO UNIVERSITÁRIO RITTER DOS REIS","Sigla":"UNIRITTER","Município sede":"Porto Alegre","Tipo":"Centro Universitário","Categoria Administrativa":"Privada com fins lucrativos","Código":1142795,"Denominação":"POLO CHARQUEADAS","Endereço":"Avenida Getúlio Vargas, POLO CHARQUEADAS, 166 - Centro","Polo":"A","Município":"Charqueadas"},"geometry":{"type":"Point","coordinates":[-51.6218166,-29.9613569]}},{"type":"Feature","properties":{"Instituição - IES":" CENTRO UNIVERSITÁRIO RITTER DOS REIS","Sigla":"UNIRITTER","Município sede":"Porto Alegre","Tipo":"Centro Universitário","Categoria Administrativa":"Privada com fins lucrativos","Código":1177098,"Denominação":"POLO ERECHIM - CENTRO","Endereço":"Rua Pedro Alvares Cabral, 373 - Centro","Polo":"A","Município":"Erechim"},"geometry":{"type":"Point","coordinates":[-52.2702693,-27.6377851]}},{"type":"Feature","properties":{"Instituição - IES":" CENTRO UNIVERSITÁRIO RITTER DOS REIS","Sigla":"UNIRITTER","Município sede":"Porto Alegre","Tipo":"Centro Universitário","Categoria Administrativa":"Privada com fins lucrativos","Código":1173218,"Denominação":"POLO ESTEIO","Endereço":"Rua Rio Pardo, 100 - Tamandaré","Polo":"A","Município":"Esteio"},"geometry":{"type":"Point","coordinates":[-51.1696752,-29.8385849]}},{"type":"Feature","properties":{"Instituição - IES":" CENTRO UNIVERSITÁRIO RITTER DOS REIS","Sigla":"UNIRITTER","Município sede":"Porto Alegre","Tipo":"Centro Universitário","Categoria Administrativa":"Privada com fins lucrativos","Código":1177731,"Denominação":"POLO FARROUPILHA - CENTRO II","Endereço":"Rua Coronel Pena de Moraes, 513 - Centro","Polo":"A","Município":"Farroupilha"},"geometry":{"type":"Point","coordinates":[-51.3468348,-29.2286188]}},{"type":"Feature","properties":{"Instituição - IES":" CENTRO UNIVERSITÁRIO RITTER DOS REIS","Sigla":"UNIRITTER","Município sede":"Porto Alegre","Tipo":"Centro Universitário","Categoria Administrativa":"Privada com fins lucrativos","Código":1177100,"Denominação":"POLO FREDERICO WESTPHALEN - CENTRO","Endereço":"Aparicio Borges, 687 - Centro","Polo":"A","Município":"Frederico Westphalen"},"geometry":{"type":"Point","coordinates":[-53.3983934,-27.3577322]}},{"type":"Feature","properties":{"Instituição - IES":" CENTRO UNIVERSITÁRIO RITTER DOS REIS","Sigla":"UNIRITTER","Município sede":"Porto Alegre","Tipo":"Centro Universitário","Categoria Administrativa":"Privada com fins lucrativos","Código":1142825,"Denominação":"POLO GRAVATAÍ","Endereço":"Avenida Dorival Cândido Luz de Oliveira, POLO GRAVATAÍ, 4280 - COHAB A","Polo":"A","Município":"Gravataí"},"geometry":{"type":"Point","coordinates":[-51.0406755,-29.9358217]}},{"type":"Feature","properties":{"Instituição - IES":" CENTRO UNIVERSITÁRIO RITTER DOS REIS","Sigla":"UNIRITTER","Município sede":"Porto Alegre","Tipo":"Centro Universitário","Categoria Administrativa":"Privada com fins lucrativos","Código":1177104,"Denominação":"POLO GRAVATAÍ - CENTRO II","Endereço":"Dorival Cândido Luz de Oliveira, 165 - Centro","Polo":"A","Município":"Gravataí"},"geometry":{"type":"Point","coordinates":[-50.9966188,-29.9398351]}},{"type":"Feature","properties":{"Instituição - IES":" CENTRO UNIVERSITÁRIO RITTER DOS REIS","Sigla":"UNIRITTER","Município sede":"Porto Alegre","Tipo":"Centro Universitário","Categoria Administrativa":"Privada com fins lucrativos","Código":1115599,"Denominação":"Polo Gravataí-Centro","Endereço":"Rua José Costa de Medeiros, Polo Gravataí-Centro, 1920 - Centro","Polo":"A","Município":"Gravataí"},"geometry":{"type":"Point","coordinates":[-50.9941282,-29.9396627]}},{"type":"Feature","properties":{"Instituição - IES":" CENTRO UNIVERSITÁRIO RITTER DOS REIS","Sigla":"UNIRITTER","Município sede":"Porto Alegre","Tipo":"Centro Universitário","Categoria Administrativa":"Privada com fins lucrativos","Código":1178160,"Denominação":"POLO GUAÍBA - CENTRO I","Endereço":"Rua Santa Maria, 2010 - Columbia City","Polo":"A","Município":"Guaíba"},"geometry":{"type":"Point","coordinates":[-51.3645925999999,-30.1197713]}},{"type":"Feature","properties":{"Instituição - IES":" CENTRO UNIVERSITÁRIO RITTER DOS REIS","Sigla":"UNIRITTER","Município sede":"Porto Alegre","Tipo":"Centro Universitário","Categoria Administrativa":"Privada com fins lucrativos","Código":1142790,"Denominação":"POLO IGREJINHA - CENTRO","Endereço":"Rua Cel. Theobaldo Fleck, POLO IGREJINHA - CENTRO, 105 - Centro","Polo":"A","Município":"Igrejinha"},"geometry":{"type":"Point","coordinates":[-50.7952418,-29.5685406]}},{"type":"Feature","properties":{"Instituição - IES":" CENTRO UNIVERSITÁRIO RITTER DOS REIS","Sigla":"UNIRITTER","Município sede":"Porto Alegre","Tipo":"Centro Universitário","Categoria Administrativa":"Privada com fins lucrativos","Código":1133760,"Denominação":"POLO LAJEADO - CENTRO","Endereço":"Avenida Avenida Benjamin Constant - até 768 - lado par, POLO LAJEADO - CENTRO, 670 - Centro","Polo":"A","Município":"Lajeado"},"geometry":{"type":"Point","coordinates":[-51.9659538,-29.4642797]}},{"type":"Feature","properties":{"Instituição - IES":" CENTRO UNIVERSITÁRIO RITTER DOS REIS","Sigla":"UNIRITTER","Município sede":"Porto Alegre","Tipo":"Centro Universitário","Categoria Administrativa":"Privada com fins lucrativos","Código":1177790,"Denominação":"POLO MONTENEGRO","Endereço":"Rua João Pessoa, 2087 - Centro","Polo":"A","Município":"Montenegro"},"geometry":{"type":"Point","coordinates":[-51.4638019,-29.6832343]}},{"type":"Feature","properties":{"Instituição - IES":" CENTRO UNIVERSITÁRIO RITTER DOS REIS","Sigla":"UNIRITTER","Município sede":"Porto Alegre","Tipo":"Centro Universitário","Categoria Administrativa":"Privada com fins lucrativos","Código":1177110,"Denominação":"POLO NOVO HAMBURGO","Endereço":"Rua Bento Gonçalves, 2271 - Centro","Polo":"A","Município":"Novo Hamburgo"},"geometry":{"type":"Point","coordinates":[-51.1273844,-29.6863442]}},{"type":"Feature","properties":{"Instituição - IES":" CENTRO UNIVERSITÁRIO RITTER DOS REIS","Sigla":"UNIRITTER","Município sede":"Porto Alegre","Tipo":"Centro Universitário","Categoria Administrativa":"Privada com fins lucrativos","Código":1142798,"Denominação":"POLO OSÓRIO - CENTRO","Endereço":"Rua Sete de Setembro, POLO OSÓRIO, 599 - Centro","Polo":"A","Município":"Osório"},"geometry":{"type":"Point","coordinates":[-50.2714901,-29.8916158]}},{"type":"Feature","properties":{"Instituição - IES":" CENTRO UNIVERSITÁRIO RITTER DOS REIS","Sigla":"UNIRITTER","Município sede":"Porto Alegre","Tipo":"Centro Universitário","Categoria Administrativa":"Privada com fins lucrativos","Código":1121407,"Denominação":"Polo Pantano Grande","Endereço":"Rua Vinicius Lopes Ferreira, Pantano Grande, 137 - centro","Polo":"A","Município":"Pantano Grande"},"geometry":{"type":"Point","coordinates":[-52.3737843,-30.1932826]}},{"type":"Feature","properties":{"Instituição - IES":" CENTRO UNIVERSITÁRIO RITTER DOS REIS","Sigla":"UNIRITTER","Município sede":"Porto Alegre","Tipo":"Centro Universitário","Categoria Administrativa":"Privada com fins lucrativos","Código":1177792,"Denominação":"POLO PAROBÉ - CENTRO","Endereço":"Parobé, 105 - Bela Vista","Polo":"A","Município":"Parobé"},"geometry":{"type":"Point","coordinates":[-50.8258643,-29.6183805]}},{"type":"Feature","properties":{"Instituição - IES":" CENTRO UNIVERSITÁRIO RITTER DOS REIS","Sigla":"UNIRITTER","Município sede":"Porto Alegre","Tipo":"Centro Universitário","Categoria Administrativa":"Privada com fins lucrativos","Código":1177112,"Denominação":"POLO PELOTAS - CENTRO (MA)","Endereço":"Rua Gonçalves Chaves, 3007/01 - Centro","Polo":"A","Município":"Pelotas"},"geometry":{"type":"Point","coordinates":[-52.3348869,-31.7599986]}},{"type":"Feature","properties":{"Instituição - IES":" CENTRO UNIVERSITÁRIO RITTER DOS REIS","Sigla":"UNIRITTER","Município sede":"Porto Alegre","Tipo":"Centro Universitário","Categoria Administrativa":"Privada com fins lucrativos","Código":1156848,"Denominação":"POLO PELOTAS - CENTRO","Endereço":"Rua Gonçalves Chaves, POLO PELOTAS - CENTRO, 3007/01 - Centro","Polo":"A","Município":"Pelotas"},"geometry":{"type":"Point","coordinates":[-52.3396777,-31.7716463]}},{"type":"Feature","properties":{"Instituição - IES":" CENTRO UNIVERSITÁRIO RITTER DOS REIS","Sigla":"UNIRITTER","Município sede":"Porto Alegre","Tipo":"Centro Universitário","Categoria Administrativa":"Privada com fins lucrativos","Código":1177113,"Denominação":"POLO PORTÃO - CENTRO","Endereço":"Portão, 133 - Centro","Polo":"A","Município":"Portão"},"geometry":{"type":"Point","coordinates":[-51.234388,-29.6928724]}},{"type":"Feature","properties":{"Instituição - IES":" CENTRO UNIVERSITÁRIO RITTER DOS REIS","Sigla":"UNIRITTER","Município sede":"Porto Alegre","Tipo":"Centro Universitário","Categoria Administrativa":"Privada com fins lucrativos","Código":1177118,"Denominação":"POLO PORTO ALEGRE - CRISTO REDENTOR","Endereço":"Adão Baino, 146 - Cristo Redentor","Polo":"A","Município":"Porto Alegre"},"geometry":{"type":"Point","coordinates":[-51.1558849,-30.0116917]}},{"type":"Feature","properties":{"Instituição - IES":" CENTRO UNIVERSITÁRIO RITTER DOS REIS","Sigla":"UNIRITTER","Município sede":"Porto Alegre","Tipo":"Centro Universitário","Categoria Administrativa":"Privada com fins lucrativos","Código":1116866,"Denominação":"CAMPUS UNIRITTER CAVALHADA","Endereço":"Avenida da Cavalhada, CAMPUS UNIRITTER CAVALHADA, 4611 - Cavalhada","Polo":"-","Município":"Porto Alegre"},"geometry":{"type":"Point","coordinates":[-51.2266239,-30.1129125]}},{"type":"Feature","properties":{"Instituição - IES":" CENTRO UNIVERSITÁRIO RITTER DOS REIS","Sigla":"UNIRITTER","Município sede":"Porto Alegre","Tipo":"Centro Universitário","Categoria Administrativa":"Privada com fins lucrativos","Código":1124363,"Denominação":"Polo Porto Alegre - Campus Cavalhada","Endereço":"Avenida da Cavalhada, 4611 - Cavalhada","Polo":"A","Município":"Porto Alegre"},"geometry":{"type":"Point","coordinates":[-51.2252701,-30.1163633]}},{"type":"Feature","properties":{"Instituição - IES":" CENTRO UNIVERSITÁRIO RITTER DOS REIS","Sigla":"UNIRITTER","Município sede":"Porto Alegre","Tipo":"Centro Universitário","Categoria Administrativa":"Privada com fins lucrativos","Código":1142896,"Denominação":"POLO SMART PORTO ALEGRE - FAPA","Endereço":"Avenida Farrapos, POLO SMART PORTO ALEGRE - FARRAPOS, 3857 - Floresta","Polo":"A","Município":"Porto Alegre"},"geometry":{"type":"Point","coordinates":[-51.1980055999999,-29.9993004]}},{"type":"Feature","properties":{"Instituição - IES":" CENTRO UNIVERSITÁRIO RITTER DOS REIS","Sigla":"UNIRITTER","Município sede":"Porto Alegre","Tipo":"Centro Universitário","Categoria Administrativa":"Privada com fins lucrativos","Código":1089623,"Denominação":"Campus Iguatemi","Endereço":"Avenida João Wallig, Campus Iguatemi, 1800 - Passo da Areia","Polo":"A","Município":"Porto Alegre"},"geometry":{"type":"Point","coordinates":[-51.1624681,-30.0253178]}},{"type":"Feature","properties":{"Instituição - IES":" CENTRO UNIVERSITÁRIO RITTER DOS REIS","Sigla":"UNIRITTER","Município sede":"Porto Alegre","Tipo":"Centro Universitário","Categoria Administrativa":"Privada com fins lucrativos","Código":660052,"Denominação":"Unidade SEDE","Endereço":"Avenida Manoel Elias, Prédio Administrativo, 2001 - Morro Santana","Polo":"-","Município":"Porto Alegre"},"geometry":{"type":"Point","coordinates":[-51.1216486,-30.034128]}},{"type":"Feature","properties":{"Instituição - IES":" CENTRO UNIVERSITÁRIO RITTER DOS REIS","Sigla":"UNIRITTER","Município sede":"Porto Alegre","Tipo":"Centro Universitário","Categoria Administrativa":"Privada com fins lucrativos","Código":1070052,"Denominação":"Campus FAPA","Endereço":"Avenida Manoel Elias, Campus FAPA, 2001 - Passo das Pedras","Polo":"A","Município":"Porto Alegre"},"geometry":{"type":"Point","coordinates":[-51.1216944,-30.0330714]}},{"type":"Feature","properties":{"Instituição - IES":" CENTRO UNIVERSITÁRIO RITTER DOS REIS","Sigla":"UNIRITTER","Município sede":"Porto Alegre","Tipo":"Centro Universitário","Categoria Administrativa":"Privada com fins lucrativos","Código":1177794,"Denominação":"POLO PORTO ALEGRE - ZONA NORTE","Endereço":"Benno Mentz, 1560 - Vila Ipiranga","Polo":"A","Município":"Porto Alegre"},"geometry":{"type":"Point","coordinates":[-51.1460439,-30.0243595]}},{"type":"Feature","properties":{"Instituição - IES":" CENTRO UNIVERSITÁRIO RITTER DOS REIS","Sigla":"UNIRITTER","Município sede":"Porto Alegre","Tipo":"Centro Universitário","Categoria Administrativa":"Privada com fins lucrativos","Código":1177115,"Denominação":"POLO PORTO ALEGRE - BOA VISTA","Endereço":"Carlos Gomes, 604 - Boa vista","Polo":"A","Município":"Porto Alegre"},"geometry":{"type":"Point","coordinates":[-51.1816679,-30.027064]}},{"type":"Feature","properties":{"Instituição - IES":" CENTRO UNIVERSITÁRIO RITTER DOS REIS","Sigla":"UNIRITTER","Município sede":"Porto Alegre","Tipo":"Centro Universitário","Categoria Administrativa":"Privada com fins lucrativos","Código":1172978,"Denominação":"POLO PORTO ALEGRE - CAVALHADA II","Endereço":"Eduardo Prado, 1954 - Cavalhada","Polo":"A","Município":"Porto Alegre"},"geometry":{"type":"Point","coordinates":[-51.2186062,-30.1356217]}},{"type":"Feature","properties":{"Instituição - IES":" CENTRO UNIVERSITÁRIO RITTER DOS REIS","Sigla":"UNIRITTER","Município sede":"Porto Alegre","Tipo":"Centro Universitário","Categoria Administrativa":"Privada com fins lucrativos","Código":1177119,"Denominação":"POLO PORTO ALEGRE - MENINO DEUS","Endereço":"Getúlio Vargas, 908 - Menino Deus","Polo":"A","Município":"Porto Alegre"},"geometry":{"type":"Point","coordinates":[-51.2218674,-30.0526695]}},{"type":"Feature","properties":{"Instituição - IES":" CENTRO UNIVERSITÁRIO RITTER DOS REIS","Sigla":"UNIRITTER","Município sede":"Porto Alegre","Tipo":"Centro Universitário","Categoria Administrativa":"Privada com fins lucrativos","Código":1177127,"Denominação":"POLO PORTO ALEGRE - ZONA SUL I","Endereço":"Icaraí, 1717 - Cristal","Polo":"A","Município":"Porto Alegre"},"geometry":{"type":"Point","coordinates":[-51.2446115,-30.0941023]}},{"type":"Feature","properties":{"Instituição - IES":" CENTRO UNIVERSITÁRIO RITTER DOS REIS","Sigla":"UNIRITTER","Município sede":"Porto Alegre","Tipo":"Centro Universitário","Categoria Administrativa":"Privada com fins lucrativos","Código":1178163,"Denominação":"POLO PORTO ALEGRE - ORFANOTRÓFIO","Endereço":"Orfanotrófio, 555 - Santa Tereza","Polo":"A","Município":"Porto Alegre"},"geometry":{"type":"Point","coordinates":[-51.2192,-30.08032]}},{"type":"Feature","properties":{"Instituição - IES":" CENTRO UNIVERSITÁRIO RITTER DOS REIS","Sigla":"UNIRITTER","Município sede":"Porto Alegre","Tipo":"Centro Universitário","Categoria Administrativa":"Privada com fins lucrativos","Código":1177122,"Denominação":"POLO PORTO ALEGRE - PROTÁSIO ALVES","Endereço":"Protásio Alves, 7781 - Petrópolis","Polo":"A","Município":"Porto Alegre"},"geometry":{"type":"Point","coordinates":[-51.1330092,-30.0419283]}},{"type":"Feature","properties":{"Instituição - IES":" CENTRO UNIVERSITÁRIO RITTER DOS REIS","Sigla":"UNIRITTER","Município sede":"Porto Alegre","Tipo":"Centro Universitário","Categoria Administrativa":"Privada com fins lucrativos","Código":1173216,"Denominação":"POLO PORTO ALEGRE - CENTRO","Endereço":"Rua dos Andradas, 1438 - Centro Histórico","Polo":"A","Município":"Porto Alegre"},"geometry":{"type":"Point","coordinates":[-51.2273253,-30.0296619]}},{"type":"Feature","properties":{"Instituição - IES":" CENTRO UNIVERSITÁRIO RITTER DOS REIS","Sigla":"UNIRITTER","Município sede":"Porto Alegre","Tipo":"Centro Universitário","Categoria Administrativa":"Privada com fins lucrativos","Código":657900,"Denominação":"Campus Zona Sul","Endereço":"Rua Orfanotrófio, Campus Zona Sul, 555 - Alto Teresópolis","Polo":"A","Município":"Porto Alegre"},"geometry":{"type":"Point","coordinates":[-51.2145591,-30.0767378]}},{"type":"Feature","properties":{"Instituição - IES":" CENTRO UNIVERSITÁRIO RITTER DOS REIS","Sigla":"UNIRITTER","Município sede":"Porto Alegre","Tipo":"Centro Universitário","Categoria Administrativa":"Privada com fins lucrativos","Código":1178174,"Denominação":"POLO PORTO ALEGRE - SERTÓRIO","Endereço":"Sertório, 6869 - Sarandi","Polo":"A","Município":"Porto Alegre"},"geometry":{"type":"Point","coordinates":[-51.1385914,-29.9979545]}},{"type":"Feature","properties":{"Instituição - IES":" CENTRO UNIVERSITÁRIO RITTER DOS REIS","Sigla":"UNIRITTER","Município sede":"Porto Alegre","Tipo":"Centro Universitário","Categoria Administrativa":"Privada com fins lucrativos","Código":1124645,"Denominação":"Polo Smart Rio Grande","Endereço":"Rua General Câmara, Polo Smart Rio Grande, 435 - Centro","Polo":"A","Município":"Rio Grande"},"geometry":{"type":"Point","coordinates":[-52.0932737,-32.0352269]}},{"type":"Feature","properties":{"Instituição - IES":" CENTRO UNIVERSITÁRIO RITTER DOS REIS","Sigla":"UNIRITTER","Município sede":"Porto Alegre","Tipo":"Centro Universitário","Categoria Administrativa":"Privada com fins lucrativos","Código":1133977,"Denominação":"POLO SANTA CRUZ DO SUL - CENTRO","Endereço":"Rua Assis Brasil, POLO SANTA CRUZ DO SUL - CENTRO, 778 - Centro","Polo":"A","Município":"Santa Cruz do Sul"},"geometry":{"type":"Point","coordinates":[-52.4316004999999,-29.7158296]}},{"type":"Feature","properties":{"Instituição - IES":" CENTRO UNIVERSITÁRIO RITTER DOS REIS","Sigla":"UNIRITTER","Município sede":"Porto Alegre","Tipo":"Centro Universitário","Categoria Administrativa":"Privada com fins lucrativos","Código":1157195,"Denominação":"POLO SANTA MARIA - AGROINDUSTRIAL","Endereço":"Bahia, 555 - Pinheiro Machado","Polo":"A","Município":"Santa Maria"},"geometry":{"type":"Point","coordinates":[-53.8536066,-29.7035944]}},{"type":"Feature","properties":{"Instituição - IES":" CENTRO UNIVERSITÁRIO RITTER DOS REIS","Sigla":"UNIRITTER","Município sede":"Porto Alegre","Tipo":"Centro Universitário","Categoria Administrativa":"Privada com fins lucrativos","Código":1117497,"Denominação":"Polo Santa Maria","Endereço":"Rua Serafim Valandro, Polo Santa Maria, 1246 - Centro","Polo":"A","Município":"Santa Maria"},"geometry":{"type":"Point","coordinates":[-53.8092854,-29.6930716]}},{"type":"Feature","properties":{"Instituição - IES":" CENTRO UNIVERSITÁRIO RITTER DOS REIS","Sigla":"UNIRITTER","Município sede":"Porto Alegre","Tipo":"Centro Universitário","Categoria Administrativa":"Privada com fins lucrativos","Código":1178167,"Denominação":"POLO SANTIAGO - CENTRO","Endereço":"Rua Júlio de Castilhos, 518 - Centro","Polo":"A","Município":"Santiago"},"geometry":{"type":"Point","coordinates":[-54.8697302,-29.1938431]}},{"type":"Feature","properties":{"Instituição - IES":" CENTRO UNIVERSITÁRIO RITTER DOS REIS","Sigla":"UNIRITTER","Município sede":"Porto Alegre","Tipo":"Centro Universitário","Categoria Administrativa":"Privada com fins lucrativos","Código":1123526,"Denominação":"Polo São Borja","Endereço":"Rua General Marques, Polo São Borja, 728 - Centro","Polo":"A","Município":"São Borja"},"geometry":{"type":"Point","coordinates":[-56.0066832,-28.6592138]}},{"type":"Feature","properties":{"Instituição - IES":" CENTRO UNIVERSITÁRIO RITTER DOS REIS","Sigla":"UNIRITTER","Município sede":"Porto Alegre","Tipo":"Centro Universitário","Categoria Administrativa":"Privada com fins lucrativos","Código":1142805,"Denominação":"POLO SÃO JERÔNIMO- CENTRO","Endereço":"Rua Rio Branco, POLO SÃO JERÔNIMO- CENTRO, 777 - Centro","Polo":"A","Município":"São Jerônimo"},"geometry":{"type":"Point","coordinates":[-51.7234176,-29.9585019]}},{"type":"Feature","properties":{"Instituição - IES":" CENTRO UNIVERSITÁRIO RITTER DOS REIS","Sigla":"UNIRITTER","Município sede":"Porto Alegre","Tipo":"Centro Universitário","Categoria Administrativa":"Privada com fins lucrativos","Código":1120540,"Denominação":"Polo São Leopoldo - Centro","Endereço":"Avenida Imperatriz Leopoldina, De 1710 Até 2500 Lado Par- de 1710 a 2500 - lado par, 912 - Pinheiro","Polo":"A","Município":"São Leopoldo"},"geometry":{"type":"Point","coordinates":[-51.1246656,-29.7616215]}},{"type":"Feature","properties":{"Instituição - IES":" CENTRO UNIVERSITÁRIO RITTER DOS REIS","Sigla":"UNIRITTER","Município sede":"Porto Alegre","Tipo":"Centro Universitário","Categoria Administrativa":"Privada com fins lucrativos","Código":1145904,"Denominação":"POLO SÃO LEOPOLDO - CENTRO I","Endereço":"Avenida Imperatriz Leopoldina, POLO SÃO LEOPOLDO - CENTRO I, 1860 - Pinheiro","Polo":"A","Município":"São Leopoldo"},"geometry":{"type":"Point","coordinates":[-51.1405366,-29.7635337]}},{"type":"Feature","properties":{"Instituição - IES":" CENTRO UNIVERSITÁRIO RITTER DOS REIS","Sigla":"UNIRITTER","Município sede":"Porto Alegre","Tipo":"Centro Universitário","Categoria Administrativa":"Privada com fins lucrativos","Código":1177132,"Denominação":"POLO SÃO LEOPOLDO - IMPERATRIZ","Endereço":"Avenida Imperatriz Leopoldina, 1860 - Pinheiro","Polo":"A","Município":"São Leopoldo"},"geometry":{"type":"Point","coordinates":[-51.1205252,-29.7610493]}},{"type":"Feature","properties":{"Instituição - IES":" CENTRO UNIVERSITÁRIO RITTER DOS REIS","Sigla":"UNIRITTER","Município sede":"Porto Alegre","Tipo":"Centro Universitário","Categoria Administrativa":"Privada com fins lucrativos","Código":1156996,"Denominação":"POLO SÃO LEOPOLDO - CENTRO II","Endereço":"Bento Gonçalves, POLO SÃO LEOPOLDO - CENTRO I, 407 - Centro","Polo":"A","Município":"São Leopoldo"},"geometry":{"type":"Point","coordinates":[-51.1463435999999,-29.7672609999999]}},{"type":"Feature","properties":{"Instituição - IES":" CENTRO UNIVERSITÁRIO RITTER DOS REIS","Sigla":"UNIRITTER","Município sede":"Porto Alegre","Tipo":"Centro Universitário","Categoria Administrativa":"Privada com fins lucrativos","Código":1177130,"Denominação":"POLO SÃO LEOPOLDO","Endereço":"Manoel de Macêdo, 29 - Morro do Espelho","Polo":"A","Município":"São Leopoldo"},"geometry":{"type":"Point","coordinates":[-51.1405459,-29.7801857]}},{"type":"Feature","properties":{"Instituição - IES":" CENTRO UNIVERSITÁRIO RITTER DOS REIS","Sigla":"UNIRITTER","Município sede":"Porto Alegre","Tipo":"Centro Universitário","Categoria Administrativa":"Privada com fins lucrativos","Código":1135156,"Denominação":"POLO SAPIRANGA -CENTRO","Endereço":"Rua Presidente Kennedy, POLO SAPIRANGA -CENTRO, 234 - Centro","Polo":"A","Município":"Sapiranga"},"geometry":{"type":"Point","coordinates":[-51.0041357,-29.6390875]}},{"type":"Feature","properties":{"Instituição - IES":" CENTRO UNIVERSITÁRIO RITTER DOS REIS","Sigla":"UNIRITTER","Município sede":"Porto Alegre","Tipo":"Centro Universitário","Categoria Administrativa":"Privada com fins lucrativos","Código":1172979,"Denominação":"POLO SAPUCAIA DO SUL","Endereço":"Professor Francisco Brochado da Rocha, 255 - Centro","Polo":"A","Município":"Sapucaia do Sul"},"geometry":{"type":"Point","coordinates":[-51.1499593,-29.826432]}},{"type":"Feature","properties":{"Instituição - IES":" CENTRO UNIVERSITÁRIO RITTER DOS REIS","Sigla":"UNIRITTER","Município sede":"Porto Alegre","Tipo":"Centro Universitário","Categoria Administrativa":"Privada com fins lucrativos","Código":1145905,"Denominação":"POLO TAQUARA - CENTRO","Endereço":"Rua Rio Branco, POLO TAQUARA - CENTRO, 1690 - Jardim do Prado","Polo":"A","Município":"Taquara"},"geometry":{"type":"Point","coordinates":[-50.7905445,-29.6470448]}},{"type":"Feature","properties":{"Instituição - IES":" CENTRO UNIVERSITÁRIO RITTER DOS REIS","Sigla":"UNIRITTER","Município sede":"Porto Alegre","Tipo":"Centro Universitário","Categoria Administrativa":"Privada com fins lucrativos","Código":1177624,"Denominação":"POLO TEUTÔNIA","Endereço":"Guilherme Schneider Sobrinho, 808 - Canabarro","Polo":"A","Município":"Teutônia"},"geometry":{"type":"Point","coordinates":[-51.8105591,-29.5121924999999]}},{"type":"Feature","properties":{"Instituição - IES":" CENTRO UNIVERSITÁRIO RITTER DOS REIS","Sigla":"UNIRITTER","Município sede":"Porto Alegre","Tipo":"Centro Universitário","Categoria Administrativa":"Privada com fins lucrativos","Código":1173223,"Denominação":"POLO TRAMANDAÍ - CENTRO","Endereço":"Avenida da Igreja, 679 - Centro","Polo":"A","Município":"Tramandaí"},"geometry":{"type":"Point","coordinates":[-50.1233833,-29.9844843]}},{"type":"Feature","properties":{"Instituição - IES":" CENTRO UNIVERSITÁRIO RITTER DOS REIS","Sigla":"UNIRITTER","Município sede":"Porto Alegre","Tipo":"Centro Universitário","Categoria Administrativa":"Privada com fins lucrativos","Código":1142891,"Denominação":"POLO TRIUNFO - CENTRO","Endereço":"Rua Iracema de Alencar, POLO TRIUNFO - CENTRO, 516 - Bom Jesus","Polo":"A","Município":"Triunfo"},"geometry":{"type":"Point","coordinates":[-51.713979,-29.9372397]}},{"type":"Feature","properties":{"Instituição - IES":" CENTRO UNIVERSITÁRIO RITTER DOS REIS","Sigla":"UNIRITTER","Município sede":"Porto Alegre","Tipo":"Centro Universitário","Categoria Administrativa":"Privada com fins lucrativos","Código":1142818,"Denominação":"POLO VENÂNCIO AIRES - CENTRO","Endereço":"Rua Jacob Becker, VENÂNCIO AIRES - CENTRO, 1631 - Centro","Polo":"A","Município":"Venâncio Aires"},"geometry":{"type":"Point","coordinates":[-52.1884261,-29.6084546]}},{"type":"Feature","properties":{"Instituição - IES":" CENTRO UNIVERSITÁRIO RITTER DOS REIS","Sigla":"UNIRITTER","Município sede":"Porto Alegre","Tipo":"Centro Universitário","Categoria Administrativa":"Privada com fins lucrativos","Código":1142847,"Denominação":"POLO VIAMÃO","Endereço":"Avenida Liberdade, POLO VIAMÃO, 1048 - Santa Isabel","Polo":"A","Município":"Viamão"},"geometry":{"type":"Point","coordinates":[-51.1071942,-30.0659484]}},{"type":"Feature","properties":{"Instituição - IES":" CENTRO UNIVERSITÁRIO RITTER DOS REIS","Sigla":"UNIRITTER","Município sede":"Porto Alegre","Tipo":"Centro Universitário","Categoria Administrativa":"Privada com fins lucrativos","Código":1172981,"Denominação":"POLO VIAMÃO - CENTRO","Endereço":"Marechal Deodoro, 107 - Centro","Polo":"A","Município":"Viamão"},"geometry":{"type":"Point","coordinates":[-51.0271708,-30.0835374]}},{"type":"Feature","properties":{"Instituição - IES":" CENTRO UNIVERSITÁRIO RITTER DOS REIS","Sigla":"UNIRITTER","Município sede":"Porto Alegre","Tipo":"Centro Universitário","Categoria Administrativa":"Privada com fins lucrativos","Código":1117475,"Denominação":"POLO XANGRI-LÁ","Endereço":"Rua Rio Douradinho, POLO XANGRI-LÁ, 2192 - Centro","Polo":"A","Município":"Xangri-lá"},"geometry":{"type":"Point","coordinates":[-50.0412505,-29.8010486]}},{"type":"Feature","properties":{"Instituição - IES":" Centro Universitário Senac RS","Sigla":"UniSenac","Município sede":"Porto Alegre","Tipo":"Centro Universitário","Categoria Administrativa":"Privada sem fins lucrativos","Código":659709,"Denominação":"Centro Universitário Senac-RS - Campus Pelotas","Endereço":"Rua Gonçalves Chaves, 602 - Centro","Polo":"-","Município":"Pelotas"},"geometry":{"type":"Point","coordinates":[-52.3363154,-31.7638901]}},{"type":"Feature","properties":{"Instituição - IES":" Centro Universitário Senac RS","Sigla":"UniSenac","Município sede":"Porto Alegre","Tipo":"Centro Universitário","Categoria Administrativa":"Privada sem fins lucrativos","Código":659633,"Denominação":"Centro Universitário Senac-RS","Endereço":"Rua Coronel Genuíno, 130 - Centro","Polo":"-","Município":"Porto Alegre"},"geometry":{"type":"Point","coordinates":[-51.2263850999999,-30.0353054]}},{"type":"Feature","properties":{"Instituição - IES":" CENTRO UNIVERSITÁRIO UNIFTEC","Sigla":"UNIFTEC","Município sede":"Caxias do Sul","Tipo":"Centro Universitário","Categoria Administrativa":"Privada com fins lucrativos","Código":1148273,"Denominação":"Polo UNIFTEC ? Arroio dos Ratos/RS","Endereço":"Avenida José Pereira da Silva, Polo UNIFTEC ? Arroio dos Ratos/RS, 460 - Bela Vista","Polo":"A","Município":"Arroio dos Ratos"},"geometry":{"type":"Point","coordinates":[-51.7272349,-30.0896651]}},{"type":"Feature","properties":{"Instituição - IES":" CENTRO UNIVERSITÁRIO UNIFTEC","Sigla":"UNIFTEC","Município sede":"Caxias do Sul","Tipo":"Centro Universitário","Categoria Administrativa":"Privada com fins lucrativos","Código":1043623,"Denominação":"Ftec Bento Gonçalves","Endereço":"Rua Osvaldo Aranha, 419 - Centro","Polo":"A","Município":"Bento Gonçalves"},"geometry":{"type":"Point","coordinates":[-51.5208097999999,-29.1636251999999]}},{"type":"Feature","properties":{"Instituição - IES":" CENTRO UNIVERSITÁRIO UNIFTEC","Sigla":"UNIFTEC","Município sede":"Caxias do Sul","Tipo":"Centro Universitário","Categoria Administrativa":"Privada com fins lucrativos","Código":1084986,"Denominação":"Grupo UNIFTEC - FTEC Bento Gonçalves","Endereço":"Rua Travessa Santo Antonio, Grupo UNIFTEC - FTEC Bento Gonçalves, 179 - Cidade Alta","Polo":"A","Município":"Bento Gonçalves"},"geometry":{"type":"Point","coordinates":[-51.5235154,-29.1686842]}},{"type":"Feature","properties":{"Instituição - IES":" CENTRO UNIVERSITÁRIO UNIFTEC","Sigla":"UNIFTEC","Município sede":"Caxias do Sul","Tipo":"Centro Universitário","Categoria Administrativa":"Privada com fins lucrativos","Código":1146494,"Denominação":"Polo UNIFTEC - Boa Vista do Buricá/RS","Endereço":"Rua Ceará, Polo UNIFTEC - Boa Vista do Buricá/RS, 2005 - Centro","Polo":"A","Município":"Boa Vista do Buricá"},"geometry":{"type":"Point","coordinates":[-54.1143502,-27.6740824]}},{"type":"Feature","properties":{"Instituição - IES":" CENTRO UNIVERSITÁRIO UNIFTEC","Sigla":"UNIFTEC","Município sede":"Caxias do Sul","Tipo":"Centro Universitário","Categoria Administrativa":"Privada com fins lucrativos","Código":1146558,"Denominação":"Polo UNIFTEC ? Cachoeirinha/RS","Endereço":"Rua Papa João XXIII, Polo UNIFTEC ? Cachoeirinha/RS, 94 - Vila Cachoeirinha","Polo":"A","Município":"Cachoeirinha"},"geometry":{"type":"Point","coordinates":[-51.094659,-29.949629]}},{"type":"Feature","properties":{"Instituição - IES":" CENTRO UNIVERSITÁRIO UNIFTEC","Sigla":"UNIFTEC","Município sede":"Caxias do Sul","Tipo":"Centro Universitário","Categoria Administrativa":"Privada com fins lucrativos","Código":1146678,"Denominação":"Polo UNIFTEC - Canoas/RS","Endereço":"Rua Domingos Martins, Polo UNIFTEC - Canoas/RS, 111 - Centro","Polo":"A","Município":"Canoas"},"geometry":{"type":"Point","coordinates":[-51.1836597,-29.9148955]}},{"type":"Feature","properties":{"Instituição - IES":" CENTRO UNIVERSITÁRIO UNIFTEC","Sigla":"UNIFTEC","Município sede":"Caxias do Sul","Tipo":"Centro Universitário","Categoria Administrativa":"Privada com fins lucrativos","Código":1146561,"Denominação":"Polo UNIFTEC ? Carlos Barbosa/RS","Endereço":"Rua Buarque de Macedo, Polo UNIFTEC ? Carlos Barbosa/RS, 311 - Aparecida","Polo":"A","Município":"Carlos Barbosa"},"geometry":{"type":"Point","coordinates":[-51.4994765,-29.3014043]}},{"type":"Feature","properties":{"Instituição - IES":" CENTRO UNIVERSITÁRIO UNIFTEC","Sigla":"UNIFTEC","Município sede":"Caxias do Sul","Tipo":"Centro Universitário","Categoria Administrativa":"Privada com fins lucrativos","Código":1146629,"Denominação":"Polo UNIFTEC - Casca/RS","Endereço":"Rua Borges de Medeiros, Polo UNIFTEC - Casca/RS, 808 - Centro","Polo":"A","Município":"Casca"},"geometry":{"type":"Point","coordinates":[-51.977367,-28.5628696]}},{"type":"Feature","properties":{"Instituição - IES":" CENTRO UNIVERSITÁRIO UNIFTEC","Sigla":"UNIFTEC","Município sede":"Caxias do Sul","Tipo":"Centro Universitário","Categoria Administrativa":"Privada com fins lucrativos","Código":1043729,"Denominação":"Unidade Ana Rech","Endereço":"Av. Rio Branco, Unidade Ana Rech, 1595 - Ana Rech","Polo":"-","Município":"Caxias do Sul"},"geometry":{"type":"Point","coordinates":[-51.095391,-29.114477]}},{"type":"Feature","properties":{"Instituição - IES":" CENTRO UNIVERSITÁRIO UNIFTEC","Sigla":"UNIFTEC","Município sede":"Caxias do Sul","Tipo":"Centro Universitário","Categoria Administrativa":"Privada com fins lucrativos","Código":1043728,"Denominação":"Unidade SEDE","Endereço":"R. Marquês do Herval, Prédio, 701 - Centro","Polo":"-","Município":"Caxias do Sul"},"geometry":{"type":"Point","coordinates":[-51.1787576,-29.1650579]}},{"type":"Feature","properties":{"Instituição - IES":" CENTRO UNIVERSITÁRIO UNIFTEC","Sigla":"UNIFTEC","Município sede":"Caxias do Sul","Tipo":"Centro Universitário","Categoria Administrativa":"Privada com fins lucrativos","Código":1133063,"Denominação":"Polo UNIFTEC - SIGMA CENTRO","Endereço":"Rua Doutor Bozano, Polo UNIFTEC - SIGMA CENTRO, 715 - São Pelegrino","Polo":"A","Município":"Caxias do Sul"},"geometry":{"type":"Point","coordinates":[-51.1927427,-29.1670729]}},{"type":"Feature","properties":{"Instituição - IES":" CENTRO UNIVERSITÁRIO UNIFTEC","Sigla":"UNIFTEC","Município sede":"Caxias do Sul","Tipo":"Centro Universitário","Categoria Administrativa":"Privada com fins lucrativos","Código":101203,"Denominação":"Sede Principal","Endereço":"Rua Gustavo Ramos Sehbe, 107 - Cinquentenário","Polo":"A","Município":"Caxias do Sul"},"geometry":{"type":"Point","coordinates":[-51.2184343,-29.17403]}},{"type":"Feature","properties":{"Instituição - IES":" CENTRO UNIVERSITÁRIO UNIFTEC","Sigla":"UNIFTEC","Município sede":"Caxias do Sul","Tipo":"Centro Universitário","Categoria Administrativa":"Privada com fins lucrativos","Código":139008,"Denominação":"Unidade SEDE","Endereço":"Rua Gustavo Ramos Sehbe, 107 - Cinqüentenário","Polo":"A","Município":"Caxias do Sul"},"geometry":{"type":"Point","coordinates":[-51.2184343,-29.17403]}},{"type":"Feature","properties":{"Instituição - IES":" CENTRO UNIVERSITÁRIO UNIFTEC","Sigla":"UNIFTEC","Município sede":"Caxias do Sul","Tipo":"Centro Universitário","Categoria Administrativa":"Privada com fins lucrativos","Código":1153885,"Denominação":"Uniftec Fazenda Escola","Endereço":"Rua Leonardo Murialdo, 2702 - Ana Rech","Polo":"-","Município":"Caxias do Sul"},"geometry":{"type":"Point","coordinates":[-51.0885612,-29.1144106999999]}},{"type":"Feature","properties":{"Instituição - IES":" CENTRO UNIVERSITÁRIO UNIFTEC","Sigla":"UNIFTEC","Município sede":"Caxias do Sul","Tipo":"Centro Universitário","Categoria Administrativa":"Privada com fins lucrativos","Código":1146695,"Denominação":"Polo UNIFTEC ? Farroupilha/RS","Endereço":"Rua Marechal Floriano, Polo UNIFTEC ? Farroupilha/RS, 516 - Centro","Polo":"A","Município":"Farroupilha"},"geometry":{"type":"Point","coordinates":[-51.3431017,-29.2251376]}},{"type":"Feature","properties":{"Instituição - IES":" CENTRO UNIVERSITÁRIO UNIFTEC","Sigla":"UNIFTEC","Município sede":"Caxias do Sul","Tipo":"Centro Universitário","Categoria Administrativa":"Privada com fins lucrativos","Código":1085093,"Denominação":"UNIFTEC/CAPITAL DO SABER","Endereço":"Rua Santa Catarina, UNIFTEC/CAPITAL DO SABER, 260 - Centro","Polo":"A","Município":"Feliz"},"geometry":{"type":"Point","coordinates":[-51.3086259,-29.45262]}},{"type":"Feature","properties":{"Instituição - IES":" CENTRO UNIVERSITÁRIO UNIFTEC","Sigla":"UNIFTEC","Município sede":"Caxias do Sul","Tipo":"Centro Universitário","Categoria Administrativa":"Privada com fins lucrativos","Código":1085106,"Denominação":"UNIFTEC/QUESTION","Endereço":"Rua Dr. Montaury, UNIFTEC/QUESTION, 419 - Centro","Polo":"A","Município":"Flores da Cunha"},"geometry":{"type":"Point","coordinates":[-51.1824913,-29.0302598]}},{"type":"Feature","properties":{"Instituição - IES":" CENTRO UNIVERSITÁRIO UNIFTEC","Sigla":"UNIFTEC","Município sede":"Caxias do Sul","Tipo":"Centro Universitário","Categoria Administrativa":"Privada com fins lucrativos","Código":1146657,"Denominação":"Polo Uniftec - Gramado/RS","Endereço":"Av das Hortências, Polo Uniftec - Gramado/RS, 1141 - Centro","Polo":"A","Município":"Gramado"},"geometry":{"type":"Point","coordinates":[-50.8660378,-29.3785354]}},{"type":"Feature","properties":{"Instituição - IES":" CENTRO UNIVERSITÁRIO UNIFTEC","Sigla":"UNIFTEC","Município sede":"Caxias do Sul","Tipo":"Centro Universitário","Categoria Administrativa":"Privada com fins lucrativos","Código":1148262,"Denominação":"Polo Uniftec - Polo Gravataí Tecnicos","Endereço":"AC Barnabé, Polo Uniftec - Polo Gravataí Tecnicos, 4280 - São Vicente","Polo":"A","Município":"Gravataí"},"geometry":{"type":"Point","coordinates":[-50.990792,-29.945518]}},{"type":"Feature","properties":{"Instituição - IES":" CENTRO UNIVERSITÁRIO UNIFTEC","Sigla":"UNIFTEC","Município sede":"Caxias do Sul","Tipo":"Centro Universitário","Categoria Administrativa":"Privada com fins lucrativos","Código":1129450,"Denominação":"UNIFTEC - Gravataí","Endereço":"Rua Cristal, UNIFTEC - Gravataí, 98 - São Vicente","Polo":"A","Município":"Gravataí"},"geometry":{"type":"Point","coordinates":[-51.0176631,-29.9160497]}},{"type":"Feature","properties":{"Instituição - IES":" CENTRO UNIVERSITÁRIO UNIFTEC","Sigla":"UNIFTEC","Município sede":"Caxias do Sul","Tipo":"Centro Universitário","Categoria Administrativa":"Privada com fins lucrativos","Código":1146699,"Denominação":"Polo UNIFTEC ? Guaíba/RS","Endereço":"Rua José Montauri, Polo UNIFTEC ? Guaíba/RS, 173 - Centro","Polo":"A","Município":"Guaíba"},"geometry":{"type":"Point","coordinates":[-51.3141885,-30.1086582999999]}},{"type":"Feature","properties":{"Instituição - IES":" CENTRO UNIVERSITÁRIO UNIFTEC","Sigla":"UNIFTEC","Município sede":"Caxias do Sul","Tipo":"Centro Universitário","Categoria Administrativa":"Privada com fins lucrativos","Código":1091109,"Denominação":"UNIFTEC/Pinheiro Brum","Endereço":"Rua Prefeito Ervandil Reghelin, UNIFTEC/Pinheiro Brum, 140 - Centro","Polo":"A","Município":"Jaguari"},"geometry":{"type":"Point","coordinates":[-54.691292,-29.494442]}},{"type":"Feature","properties":{"Instituição - IES":" CENTRO UNIVERSITÁRIO UNIFTEC","Sigla":"UNIFTEC","Município sede":"Caxias do Sul","Tipo":"Centro Universitário","Categoria Administrativa":"Privada com fins lucrativos","Código":1168899,"Denominação":"Polo UNIFTEC - Jaguari/RS","Endereço":"Rua Prefeito Ervandil Reghelin, Polo UNIFTEC - Jaguari/RS, 140 - Bela Vista","Polo":"A","Município":"Jaguari"},"geometry":{"type":"Point","coordinates":[-54.6856513,-29.4991993]}},{"type":"Feature","properties":{"Instituição - IES":" CENTRO UNIVERSITÁRIO UNIFTEC","Sigla":"UNIFTEC","Município sede":"Caxias do Sul","Tipo":"Centro Universitário","Categoria Administrativa":"Privada com fins lucrativos","Código":1174150,"Denominação":"Polo Veranópolis - RS","Endereço":"Alameda Santos Dumont, Polo Veranópolis - RS, s/n - Femaça","Polo":"A","Município":"Lagoa Vermelha"},"geometry":{"type":"Point","coordinates":[-51.5617008,-28.9303414]}},{"type":"Feature","properties":{"Instituição - IES":" CENTRO UNIVERSITÁRIO UNIFTEC","Sigla":"UNIFTEC","Município sede":"Caxias do Sul","Tipo":"Centro Universitário","Categoria Administrativa":"Privada com fins lucrativos","Código":1155194,"Denominação":"Polo Lajeado","Endereço":"Avenida Benjamin Constant, Polo Lajeado, 736 - Centro","Polo":"A","Município":"Lajeado"},"geometry":{"type":"Point","coordinates":[-51.9664242,-29.4638523]}},{"type":"Feature","properties":{"Instituição - IES":" CENTRO UNIVERSITÁRIO UNIFTEC","Sigla":"UNIFTEC","Município sede":"Caxias do Sul","Tipo":"Centro Universitário","Categoria Administrativa":"Privada com fins lucrativos","Código":1168894,"Denominação":"Polo UNIFTEC - Muçum/RS","Endereço":"Rua Angelo Afonso Zilio, Polo UNIFTEC - Muçum/RS, 55 - Centro","Polo":"A","Município":"Muçum"},"geometry":{"type":"Point","coordinates":[-51.8781209,-29.1696248]}},{"type":"Feature","properties":{"Instituição - IES":" CENTRO UNIVERSITÁRIO UNIFTEC","Sigla":"UNIFTEC","Município sede":"Caxias do Sul","Tipo":"Centro Universitário","Categoria Administrativa":"Privada com fins lucrativos","Código":1129451,"Denominação":"UNIFTEC - Muçum","Endereço":"Rua José Alberti, UNIFTEC - Muçum, 68 - Centro","Polo":"A","Município":"Muçum"},"geometry":{"type":"Point","coordinates":[-51.8782771,-29.1700145]}},{"type":"Feature","properties":{"Instituição - IES":" CENTRO UNIVERSITÁRIO UNIFTEC","Sigla":"UNIFTEC","Município sede":"Caxias do Sul","Tipo":"Centro Universitário","Categoria Administrativa":"Privada com fins lucrativos","Código":1043624,"Denominação":"Ftec Novo Hamburgo","Endereço":"Rua Domingos de Almeida, 255 - Centro","Polo":"A","Município":"Novo Hamburgo"},"geometry":{"type":"Point","coordinates":[-51.1263698,-29.6808558]}},{"type":"Feature","properties":{"Instituição - IES":" CENTRO UNIVERSITÁRIO UNIFTEC","Sigla":"UNIFTEC","Município sede":"Caxias do Sul","Tipo":"Centro Universitário","Categoria Administrativa":"Privada com fins lucrativos","Código":1084984,"Denominação":"Grupo UNIFTEC - FTEC Novo Hamburgo","Endereço":"Rua Silveira Martins, 780 - Centro","Polo":"A","Município":"Novo Hamburgo"},"geometry":{"type":"Point","coordinates":[-51.1256433999999,-29.6815109]}},{"type":"Feature","properties":{"Instituição - IES":" CENTRO UNIVERSITÁRIO UNIFTEC","Sigla":"UNIFTEC","Município sede":"Caxias do Sul","Tipo":"Centro Universitário","Categoria Administrativa":"Privada com fins lucrativos","Código":1146676,"Denominação":"Polo Uniftec - Pelotas/RS","Endereço":"Rua Três de Maio, Polo Uniftec - Pelotas/RS, 1005 - Centro","Polo":"A","Município":"Pelotas"},"geometry":{"type":"Point","coordinates":[-52.3385447,-31.7759044]}},{"type":"Feature","properties":{"Instituição - IES":" CENTRO UNIVERSITÁRIO UNIFTEC","Sigla":"UNIFTEC","Município sede":"Caxias do Sul","Tipo":"Centro Universitário","Categoria Administrativa":"Privada com fins lucrativos","Código":1084992,"Denominação":"Grupo UNIFTEC - FTEC Porto Alegre Unidade II","Endereço":"Avenida Assis Brasil, Grupo UNIFTEC - FTEC Porto Alegre Unidade II, 7765 - Sarandi","Polo":"A","Município":"Porto Alegre"},"geometry":{"type":"Point","coordinates":[-51.11985,-29.986155]}},{"type":"Feature","properties":{"Instituição - IES":" CENTRO UNIVERSITÁRIO UNIFTEC","Sigla":"UNIFTEC","Município sede":"Caxias do Sul","Tipo":"Centro Universitário","Categoria Administrativa":"Privada com fins lucrativos","Código":1146698,"Denominação":"Polo UNIFTEC ? Porto Alegre ? Petrópolis/RS","Endereço":"Avenida Protásio Alves, Polo UNIFTEC ? Porto Alegre ? Petrópolis/RS, 5381 - Petrópolis","Polo":"A","Município":"Porto Alegre"},"geometry":{"type":"Point","coordinates":[-51.1578757,-30.04126]}},{"type":"Feature","properties":{"Instituição - IES":" CENTRO UNIVERSITÁRIO UNIFTEC","Sigla":"UNIFTEC","Município sede":"Caxias do Sul","Tipo":"Centro Universitário","Categoria Administrativa":"Privada com fins lucrativos","Código":1085070,"Denominação":"FTEC/IBGEN","Endereço":"Rua Barão do Amazonas, FTEC/IBGEN, 46 - Petrópolis","Polo":"A","Município":"Porto Alegre"},"geometry":{"type":"Point","coordinates":[-51.1857063,-30.0468869]}},{"type":"Feature","properties":{"Instituição - IES":" CENTRO UNIVERSITÁRIO UNIFTEC","Sigla":"UNIFTEC","Município sede":"Caxias do Sul","Tipo":"Centro Universitário","Categoria Administrativa":"Privada com fins lucrativos","Código":1043619,"Denominação":"Ftec Porto Alegre - Unidade II","Endereço":"Rua Uruguai, Ftec Porto Alegre - Unidade II, 277 - Centro","Polo":"A","Município":"Porto Alegre"},"geometry":{"type":"Point","coordinates":[-51.2288532,-30.0283209]}},{"type":"Feature","properties":{"Instituição - IES":" CENTRO UNIVERSITÁRIO UNIFTEC","Sigla":"UNIFTEC","Município sede":"Caxias do Sul","Tipo":"Centro Universitário","Categoria Administrativa":"Privada com fins lucrativos","Código":1043622,"Denominação":"Ftec Porto Alegre - Unidade III","Endereço":"Rua Voluntários da Pátria, 678 - Centro","Polo":"A","Município":"Porto Alegre"},"geometry":{"type":"Point","coordinates":[-51.2198715,-30.0263053]}},{"type":"Feature","properties":{"Instituição - IES":" CENTRO UNIVERSITÁRIO UNIFTEC","Sigla":"UNIFTEC","Município sede":"Caxias do Sul","Tipo":"Centro Universitário","Categoria Administrativa":"Privada com fins lucrativos","Código":1146641,"Denominação":"Polo UNIFTEC ? Santa Maria/RS","Endereço":"Rua Serafim Valandro, Polo UNIFTEC ? Santa Maria/RS, 610 - Centro","Polo":"A","Município":"Santa Maria"},"geometry":{"type":"Point","coordinates":[-53.8092854,-29.6930716]}},{"type":"Feature","properties":{"Instituição - IES":" CENTRO UNIVERSITÁRIO UNIFTEC","Sigla":"UNIFTEC","Município sede":"Caxias do Sul","Tipo":"Centro Universitário","Categoria Administrativa":"Privada com fins lucrativos","Código":1094669,"Denominação":"UNIFTEC/Infox Informática Ltda","Endereço":"Rua Venâncio Aires, UNIFTEC/Infox Informática Ltda, 1110 - Centro","Polo":"A","Município":"São Marcos"},"geometry":{"type":"Point","coordinates":[-51.070378209109585,-28.970004550462814]}},{"type":"Feature","properties":{"Instituição - IES":" Centro Universitário Uniftec Bento Gonçalves","Sigla":"-","Município sede":"Bento Gonçalves","Tipo":"Centro Universitário","Categoria Administrativa":"Privada com fins lucrativos","Código":101239,"Denominação":"Unidade SEDE","Endereço":"Avenida Osvaldo Aranha, 419 - Juventude da Enologia","Polo":"-","Município":"Bento Gonçalves"},"geometry":{"type":"Point","coordinates":[-51.5208097999999,-29.1636251999999]}},{"type":"Feature","properties":{"Instituição - IES":" Centro Universitário Uniftec Bento Gonçalves","Sigla":"-","Município sede":"Bento Gonçalves","Tipo":"Centro Universitário","Categoria Administrativa":"Privada com fins lucrativos","Código":1056012,"Denominação":"Prédio Engenharias - Unidade II","Endereço":"Travessa Santo Antonio, 179 - Cidade Alta","Polo":"-","Município":"Bento Gonçalves"},"geometry":{"type":"Point","coordinates":[-51.5234884,-29.1687154999999]}},{"type":"Feature","properties":{"Instituição - IES":" ESCOLA SUPERIOR DE PROPAGANDA E MARKETING DE PORTO ALEGRE","Sigla":"ESPM - POA","Município sede":"Porto Alegre","Tipo":"Faculdade","Categoria Administrativa":"Privada sem fins lucrativos","Código":658406,"Denominação":"UNIDADE SEDE - PORTO ALEGRE","Endereço":"Rua Guilherme Schell, 350 - Santo Antônio","Polo":"-","Município":"Porto Alegre"},"geometry":{"type":"Point","coordinates":[-51.2074495,-30.0554909]}},{"type":"Feature","properties":{"Instituição - IES":" ESCOLA SUPERIOR DE PROPAGANDA E MARKETING DE PORTO ALEGRE","Sigla":"ESPM - POA","Município sede":"Porto Alegre","Tipo":"Faculdade","Categoria Administrativa":"Privada sem fins lucrativos","Código":133761,"Denominação":"Prédio C","Endereço":"Rua Guilherme Shell, Prédio C, 268 - Santo Antonio","Polo":"-","Município":"Porto Alegre"},"geometry":{"type":"Point","coordinates":[-51.2075602,-30.0553271]}},{"type":"Feature","properties":{"Instituição - IES":" ESCOLA SUPERIOR DE TEOLOGIA E ESPIRITUALIDADE FRANCISCANA","Sigla":"ESTEF","Município sede":"Porto Alegre","Tipo":"Faculdade","Categoria Administrativa":"Privada sem fins lucrativos","Código":659073,"Denominação":"CAMPUS - PORTO ALEGRE - SANTO ANTÔNIO","Endereço":"Rua Tomas Edison, 212 - Santo Antônio","Polo":"-","Município":"Porto Alegre"},"geometry":{"type":"Point","coordinates":[-51.201287,-30.0602746]}},{"type":"Feature","properties":{"Instituição - IES":" ESCOLA SUPERIOR DO COOPERATIVISMO","Sigla":"ESCOOP","Município sede":"Porto Alegre","Tipo":"Faculdade","Categoria Administrativa":"Privada sem fins lucrativos","Código":1044528,"Denominação":"Unidade SEDE","Endereço":"Avenida Berlim, 409 - Sao Geraldo","Polo":"-","Município":"Porto Alegre"},"geometry":{"type":"Point","coordinates":[-51.1995969,-30.0135729]}},{"type":"Feature","properties":{"Instituição - IES":" FACULDADE ANCLIVEPA PORTO ALEGRE","Sigla":"-","Município sede":"Porto Alegre","Tipo":"Faculdade","Categoria Administrativa":"Privada com fins lucrativos","Código":1139244,"Denominação":"Campus Principal","Endereço":"Avenida Sertório, - de 5002 a 5600 - lado par, 5320 - Jardim Lindóia","Polo":"-","Município":"Porto Alegre"},"geometry":{"type":"Point","coordinates":[-51.1518708,-29.9981008]}},{"type":"Feature","properties":{"Instituição - IES":" Faculdade Anhanguera de Alvorada","Sigla":"-","Município sede":"Alvorada","Tipo":"Faculdade","Categoria Administrativa":"Privada com fins lucrativos","Código":1101255,"Denominação":"Campus Principal","Endereço":"Rua Ary Dias Dhil, s/n, CEP 94.810-065 - Bairro Bela Vista, Sem Número, 0 - Bela Vista","Polo":"-","Município":"Alvorada"},"geometry":{"type":"Point","coordinates":[-51.0896045,-30.0100155]}},{"type":"Feature","properties":{"Instituição - IES":" FACULDADE ANHANGUERA DE CAXIAS DO SUL","Sigla":"-","Município sede":"Caxias do Sul","Tipo":"Faculdade","Categoria Administrativa":"Privada com fins lucrativos","Código":1068096,"Denominação":"CAMPUS - CAXIAS DO SUL - DESVIO RIZZO","Endereço":"Avenida Alexandre Rizzo, 491 - Desvio Rizzo","Polo":"-","Município":"Caxias do Sul"},"geometry":{"type":"Point","coordinates":[-51.2339832,-29.1816048]}},{"type":"Feature","properties":{"Instituição - IES":" FACULDADE ANHANGUERA DE CAXIAS DO SUL","Sigla":"-","Município sede":"Caxias do Sul","Tipo":"Faculdade","Categoria Administrativa":"Privada com fins lucrativos","Código":659886,"Denominação":"CAMPUS - CAXIAS DO SUL - CENTRO","Endereço":"Avenida Júlio de Castilhos, 4º Andar - Sala 401 - Shopping Prataviera, 2.030 - Centro","Polo":"-","Município":"Caxias do Sul"},"geometry":{"type":"Point","coordinates":[-51.1592705,-29.1676954]}},{"type":"Feature","properties":{"Instituição - IES":" FACULDADE ANHANGUERA DE CAXIAS DO SUL","Sigla":"-","Município sede":"Caxias do Sul","Tipo":"Faculdade","Categoria Administrativa":"Privada com fins lucrativos","Código":1050211,"Denominação":"Faculdade Anhanguera de Caxias do Sul","Endereço":"Rua Sinimbu, 2590 - São Pelegrino","Polo":"-","Município":"Caxias do Sul"},"geometry":{"type":"Point","coordinates":[-51.1875444999999,-29.1693116]}},{"type":"Feature","properties":{"Instituição - IES":" FACULDADE ANHANGUERA DE PASSO FUNDO","Sigla":"-","Município sede":"Passo Fundo","Tipo":"Faculdade","Categoria Administrativa":"Privada com fins lucrativos","Código":658794,"Denominação":"Unidade SEDE","Endereço":"Rua Paissandu, - de 1103/1104 a 1527/1528, 1200 - Centro","Polo":"-","Município":"Passo Fundo"},"geometry":{"type":"Point","coordinates":[-52.412086,-28.2616144]}},{"type":"Feature","properties":{"Instituição - IES":" FACULDADE ANHANGUERA DE PELOTAS","Sigla":"-","Município sede":"Pelotas","Tipo":"Faculdade","Categoria Administrativa":"Privada com fins lucrativos","Código":704942,"Denominação":"Unidade 2","Endereço":"Avenida Fernando Osório, 2.301 - Três Vendas","Polo":"-","Município":"Pelotas"},"geometry":{"type":"Point","coordinates":[-52.3399077,-31.7506029999999]}},{"type":"Feature","properties":{"Instituição - IES":" FACULDADE ANHANGUERA DE PELOTAS","Sigla":"-","Município sede":"Pelotas","Tipo":"Faculdade","Categoria Administrativa":"Privada com fins lucrativos","Código":1071738,"Denominação":"Unidade 3","Endereço":"Avenida Fernando Osório, Unidade 3, 1970 - Três Vendas","Polo":"-","Município":"Pelotas"},"geometry":{"type":"Point","coordinates":[-52.3438424,-31.7409068]}},{"type":"Feature","properties":{"Instituição - IES":" FACULDADE ANHANGUERA DE PELOTAS","Sigla":"-","Município sede":"Pelotas","Tipo":"Faculdade","Categoria Administrativa":"Privada com fins lucrativos","Código":659033,"Denominação":"Unidade SEDE","Endereço":"Rua Dr. Bruno Chaves, 50 - Três Vendas","Polo":"-","Município":"Pelotas"},"geometry":{"type":"Point","coordinates":[-52.3448985,-31.7316297]}},{"type":"Feature","properties":{"Instituição - IES":" FACULDADE ANHANGUERA DE PORTO ALEGRE","Sigla":"-","Município sede":"Porto Alegre","Tipo":"Faculdade","Categoria Administrativa":"Privada com fins lucrativos","Código":1042327,"Denominação":"Unidade SEDE","Endereço":"Avenida Cavalhada, 4980 - Cavalhada","Polo":"-","Município":"Porto Alegre"},"geometry":{"type":"Point","coordinates":[-51.2237407,-30.1188698]}},{"type":"Feature","properties":{"Instituição - IES":" FACULDADE ANHANGUERA DO RIO GRANDE","Sigla":"-","Município sede":"Rio Grande","Tipo":"Faculdade","Categoria Administrativa":"Privada com fins lucrativos","Código":1040994,"Denominação":"Unidade SEDE","Endereço":"Avenida Rheingantz, 91 - Parque Coelho","Polo":"-","Município":"Rio Grande"},"geometry":{"type":"Point","coordinates":[-52.1033293,-32.0443344]}},{"type":"Feature","properties":{"Instituição - IES":" FACULDADE ANTÔNIO MENEGHETTI","Sigla":"AMF","Município sede":"Restinga Seca","Tipo":"Faculdade","Categoria Administrativa":"Privada com fins lucrativos","Código":141056,"Denominação":"Recanto Maestro","Endereço":"Estrada Recanto Maestro, 338 - Distrito Recanto Maestro","Polo":"-","Município":"Restinga Seca"},"geometry":{"type":"Point","coordinates":[-53.5177525,-29.6989715]}},{"type":"Feature","properties":{"Instituição - IES":" Faculdade Atitus Educação Online","Sigla":"Atitus Educação","Município sede":"Porto Alegre","Tipo":"Faculdade","Categoria Administrativa":"Privada com fins lucrativos","Código":1124306,"Denominação":"Campus Santa Terezinha","Endereço":"Rua Senador Pinheiro, IMED, 304 - Cruzeiro","Polo":"A","Município":"Passo Fundo"},"geometry":{"type":"Point","coordinates":[-52.3971116,-28.2650154]}},{"type":"Feature","properties":{"Instituição - IES":" Faculdade Atitus Educação Online","Sigla":"Atitus Educação","Município sede":"Porto Alegre","Tipo":"Faculdade","Categoria Administrativa":"Privada com fins lucrativos","Código":1085003,"Denominação":"CAmpus Mont'serrat","Endereço":"Rua Dona Laura, Faculdade Meridional RS, 1020 - Rio Branco","Polo":"-","Município":"Porto Alegre"},"geometry":{"type":"Point","coordinates":[-51.2011523,-30.0295121]}},{"type":"Feature","properties":{"Instituição - IES":" Faculdade Atitus Educação Online","Sigla":"Atitus Educação","Município sede":"Porto Alegre","Tipo":"Faculdade","Categoria Administrativa":"Privada com fins lucrativos","Código":137445,"Denominação":"Unidade SEDE","Endereço":"Rua Vicente de Fontoura, 1578 - Santana","Polo":"-","Município":"Porto Alegre"},"geometry":{"type":"Point","coordinates":[-51.2052178,-30.0466008]}},{"type":"Feature","properties":{"Instituição - IES":" Faculdade Atitus Educação Online","Sigla":"Atitus Educação","Município sede":"Porto Alegre","Tipo":"Faculdade","Categoria Administrativa":"Privada com fins lucrativos","Código":659313,"Denominação":"CAMPUS - PORTO ALEGRE - SANTANA","Endereço":"Rua Vicente de Fontoura, 1578 - Santana","Polo":"-","Município":"Porto Alegre"},"geometry":{"type":"Point","coordinates":[-51.2052178,-30.0466008]}},{"type":"Feature","properties":{"Instituição - IES":" Faculdade Atitus Educação Passo Fundo","Sigla":"Atitus Educação","Município sede":"Passo Fundo","Tipo":"Faculdade","Categoria Administrativa":"Privada com fins lucrativos","Código":659120,"Denominação":"Campus Santa Terezinha","Endereço":"Rua Senador Pinheiro, 304 - Cruzeiro","Polo":"-","Município":"Passo Fundo"},"geometry":{"type":"Point","coordinates":[-52.397265,-28.265073]}},{"type":"Feature","properties":{"Instituição - IES":" Faculdade Atitus Educação Porto Alegre","Sigla":"Atitus Educação","Município sede":"Porto Alegre","Tipo":"Faculdade","Categoria Administrativa":"Privada com fins lucrativos","Código":1076234,"Denominação":"CAmpus Mont'serrat","Endereço":"Rua Dona Laura, CAmpus Mont'serrat, 1020 - Rio Branco","Polo":"-","Município":"Porto Alegre"},"geometry":{"type":"Point","coordinates":[-51.2011523,-30.0295121]}},{"type":"Feature","properties":{"Instituição - IES":" Faculdade Atitus Educação Porto Alegre","Sigla":"Atitus Educação","Município sede":"Porto Alegre","Tipo":"Faculdade","Categoria Administrativa":"Privada com fins lucrativos","Código":1146157,"Denominação":"Campus Caldeira","Endereço":"Travessa São José, Caldeira, 455 - Navegantes","Polo":"-","Município":"Porto Alegre"},"geometry":{"type":"Point","coordinates":[-51.2007981,-29.9964094]}},{"type":"Feature","properties":{"Instituição - IES":" FACULDADE BATISTA PIONEIRA","Sigla":"-","Município sede":"Ijuí","Tipo":"Faculdade","Categoria Administrativa":"Privada sem fins lucrativos","Código":659965,"Denominação":"Campus Principal","Endereço":"Rua Dr. Pestana, 1021 - Centro","Polo":"A","Município":"Ijuí"},"geometry":{"type":"Point","coordinates":[-53.9099826,-28.3819454]}},{"type":"Feature","properties":{"Instituição - IES":" FACULDADE BATISTA PIONEIRA","Sigla":"-","Município sede":"Ijuí","Tipo":"Faculdade","Categoria Administrativa":"Privada sem fins lucrativos","Código":1165626,"Denominação":"Porto Alegre","Endereço":"Dezoito de Novembro, Porto Alegre, 1000 - Navegantes","Polo":"A","Município":"Porto Alegre"},"geometry":{"type":"Point","coordinates":[-51.1881020999999,-29.9993789]}},{"type":"Feature","properties":{"Instituição - IES":" Faculdade Brasileira de Inovação","Sigla":"FABIN","Município sede":"Porto Alegre","Tipo":"Faculdade","Categoria Administrativa":"Privada com fins lucrativos","Código":659036,"Denominação":"CAMPUS - PORTO ALEGRE - CENTRO","Endereço":"Rua dos Andradas, 1180 - Centro","Polo":"-","Município":"Porto Alegre"},"geometry":{"type":"Point","coordinates":[-51.2300893,-30.0297935]}},{"type":"Feature","properties":{"Instituição - IES":" Faculdade Brasileira de Inovação","Sigla":"FABIN","Município sede":"Porto Alegre","Tipo":"Faculdade","Categoria Administrativa":"Privada com fins lucrativos","Código":1155701,"Denominação":"Rua Andradas, 1276, Centro","Endereço":"Rua dos Andradas, Rua Andradas, 1276, Centro, 1076 - Centro Histórico","Polo":"-","Município":"Porto Alegre"},"geometry":{"type":"Point","coordinates":[-51.2289861,-30.0298438]}},{"type":"Feature","properties":{"Instituição - IES":" Faculdade Brasileira de Tributação","Sigla":"FBT","Município sede":"Porto Alegre","Tipo":"Faculdade","Categoria Administrativa":"Privada com fins lucrativos","Código":1107080,"Denominação":"Polo EaD","Endereço":"Rua Felipe Neri, Faculdade Brasileira de Tributação, 172 - Auxiliadora","Polo":"A","Município":"Porto Alegre"},"geometry":{"type":"Point","coordinates":[-51.1929081,-30.023102]}},{"type":"Feature","properties":{"Instituição - IES":" Faculdade Brasileira de Tributação","Sigla":"FBT","Município sede":"Porto Alegre","Tipo":"Faculdade","Categoria Administrativa":"Privada com fins lucrativos","Código":1072214,"Denominação":"INEJE","Endereço":"Rua Mostardeiro, Faculdade Brasileira de Tributação, 88 - Independência","Polo":"-","Município":"Porto Alegre"},"geometry":{"type":"Point","coordinates":[-51.2032813,-30.028408]}},{"type":"Feature","properties":{"Instituição - IES":" Faculdade Brasileira de Tributação","Sigla":"FBT","Município sede":"Porto Alegre","Tipo":"Faculdade","Categoria Administrativa":"Privada com fins lucrativos","Código":1172504,"Denominação":"Campus Sede","Endereço":"Rua Mostardeiro, 392 - Moinho dos Ventos","Polo":"A","Município":"Porto Alegre"},"geometry":{"type":"Point","coordinates":[-51.2033168,-30.0285488]}},{"type":"Feature","properties":{"Instituição - IES":" Faculdade Brasileira de Tributação","Sigla":"FBT","Município sede":"Porto Alegre","Tipo":"Faculdade","Categoria Administrativa":"Privada com fins lucrativos","Código":1056223,"Denominação":"Ineje","Endereço":"Rua Piauí, 183 - Santa Maria Goretti","Polo":"A","Município":"Porto Alegre"},"geometry":{"type":"Point","coordinates":[-51.1747563,-30.0064466]}},{"type":"Feature","properties":{"Instituição - IES":" Faculdade Caduceu","Sigla":"CADUCEU","Município sede":"Porto Alegre","Tipo":"Faculdade","Categoria Administrativa":"Privada com fins lucrativos","Código":1117839,"Denominação":"Campus Principal","Endereço":"Rua Eudoro Berlink, 865 - Auxiliadora","Polo":"A","Município":"Porto Alegre"},"geometry":{"type":"Point","coordinates":[-51.1889298,-30.0242023]}},{"type":"Feature","properties":{"Instituição - IES":" FACULDADE CAMAQÜENSE DE CIÊNCIAS CONTÁBEIS E ADMINISTRATIVAS","Sigla":"FACCCA","Município sede":"Camaquã","Tipo":"Faculdade","Categoria Administrativa":"Privada sem fins lucrativos","Código":686984,"Denominação":"CAMPUS - CAMAQUÃ - CENTRO","Endereço":"Av. Cônego Luiz Walter Hanquet, 151 - Centro","Polo":"-","Município":"Camaquã"},"geometry":{"type":"Point","coordinates":[-51.8149718,-30.8577408]}},{"type":"Feature","properties":{"Instituição - IES":" Faculdade Capacitar","Sigla":"-","Município sede":"Bagé","Tipo":"Faculdade","Categoria Administrativa":"Privada com fins lucrativos","Código":1061322,"Denominação":"Campus Principal","Endereço":"Avenida Sete de Setembro, - lado ímpar, 1041 - Centro","Polo":"-","Município":"Bagé"},"geometry":{"type":"Point","coordinates":[-54.1051603,-31.333745]}},{"type":"Feature","properties":{"Instituição - IES":" Faculdade CESURG Marau","Sigla":"-","Município sede":"Marau","Tipo":"Faculdade","Categoria Administrativa":"Privada com fins lucrativos","Código":1049904,"Denominação":"CESURG Marau","Endereço":"Rua Júlio Borella, Campus Principal, 3553 - Centro","Polo":"-","Município":"Marau"},"geometry":{"type":"Point","coordinates":[-52.1991647,-28.4529763]}},{"type":"Feature","properties":{"Instituição - IES":" Faculdade CESURG Marau","Sigla":"-","Município sede":"Marau","Tipo":"Faculdade","Categoria Administrativa":"Privada com fins lucrativos","Código":1091720,"Denominação":"Faculdade CESURG Marau","Endereço":"Rua Júlio Borella, Cesurg - MARAU, 1968 - Centro","Polo":"-","Município":"Marau"},"geometry":{"type":"Point","coordinates":[-52.1995645,-28.4592611]}},{"type":"Feature","properties":{"Instituição - IES":" Faculdade CMB","Sigla":"CMB","Município sede":"Porto Alegre","Tipo":"Faculdade","Categoria Administrativa":"Privada com fins lucrativos","Código":659814,"Denominação":"SEDE FATEPA","Endereço":"Avenida Júlio de Castilhos, 435 - Centro","Polo":"A","Município":"Porto Alegre"},"geometry":{"type":"Point","coordinates":[-51.222674,-30.0252946]}},{"type":"Feature","properties":{"Instituição - IES":" Faculdade CMB","Sigla":"CMB","Município sede":"Porto Alegre","Tipo":"Faculdade","Categoria Administrativa":"Privada com fins lucrativos","Código":1121073,"Denominação":"Nova Sede - Faculdade CMB","Endereço":"Rua General Neto, Faculdade CMB, 594 - Floresta","Polo":"-","Município":"Porto Alegre"},"geometry":{"type":"Point","coordinates":[-51.2075411,-30.0224358]}},{"type":"Feature","properties":{"Instituição - IES":" FACULDADE CNEC FARROUPILHA","Sigla":"-","Município sede":"Farroupilha","Tipo":"Faculdade","Categoria Administrativa":"Privada sem fins lucrativos","Código":1122232,"Denominação":"Faculdade CNEC Farroupilha","Endereço":"Av Avenida Paulo Broilo, Faculdade CNEC Farroupilha, 342 - Centro","Polo":"-","Município":"Farroupilha"},"geometry":{"type":"Point","coordinates":[-51.3518905,-29.2261715]}},{"type":"Feature","properties":{"Instituição - IES":" FACULDADE CNEC FARROUPILHA","Sigla":"-","Município sede":"Farroupilha","Tipo":"Faculdade","Categoria Administrativa":"Privada sem fins lucrativos","Código":657995,"Denominação":"Faculdade CNEC Farroupilha","Endereço":"Rua Rua Quatorze de Julho, 339 - Centro","Polo":"-","Município":"Farroupilha"},"geometry":{"type":"Point","coordinates":[-51.346975,-29.2247272]}},{"type":"Feature","properties":{"Instituição - IES":" FACULDADE CNEC GRAVATAÍ","Sigla":"-","Município sede":"Gravataí","Tipo":"Faculdade","Categoria Administrativa":"Privada sem fins lucrativos","Código":659029,"Denominação":"Faculdade Cenecista Nossa Senhora dos Anjos","Endereço":"Avenida Dr. José Loureiro da Silva, 1991 - Centro","Polo":"-","Município":"Gravataí"},"geometry":{"type":"Point","coordinates":[-50.9954096,-29.937603]}},{"type":"Feature","properties":{"Instituição - IES":" FACULDADE CNEC NOVA PETRÓPOLIS","Sigla":"-","Município sede":"Nova Petrópolis","Tipo":"Faculdade","Categoria Administrativa":"Privada sem fins lucrativos","Código":697842,"Denominação":"CAMPUS - NOVA PETRÓPOLIS - LOGRADOURO","Endereço":"Rua 28 de Fevereiro, 100 - Logradouro","Polo":"-","Município":"Nova Petrópolis"},"geometry":{"type":"Point","coordinates":[-51.1184875,-29.3779178]}},{"type":"Feature","properties":{"Instituição - IES":" FACULDADE CNEC SANTO ÂNGELO","Sigla":"-","Município sede":"Santo Ângelo","Tipo":"Faculdade","Categoria Administrativa":"Privada sem fins lucrativos","Código":688777,"Denominação":"UNIDADE - SANTO ÂNGELO - CENTRO SUL","Endereço":"Rua Professor Doutor João Augusto Rodrigues, 471 - Harmonia","Polo":"-","Município":"Santo Ângelo"},"geometry":{"type":"Point","coordinates":[-54.2655822,-28.3125698]}},{"type":"Feature","properties":{"Instituição - IES":" FACULDADE DA ASSOCIAÇÃO BRASILIENSE DE EDUCAÇÃO","Sigla":"FABE","Município sede":"Marau","Tipo":"Faculdade","Categoria Administrativa":"Privada sem fins lucrativos","Código":658825,"Denominação":"Unidade SEDE","Endereço":"Rua José Posser, 275 - Pelegrino","Polo":"-","Município":"Marau"},"geometry":{"type":"Point","coordinates":[-52.2125526,-28.427939]}},{"type":"Feature","properties":{"Instituição - IES":" Faculdade da Serra Gaúcha de Bento Gonçalves","Sigla":"-","Município sede":"Bento Gonçalves","Tipo":"Faculdade","Categoria Administrativa":"Privada com fins lucrativos","Código":1080005,"Denominação":"FSG BG - CAMPUS SEDE","Endereço":"R Rua Treze de Maio, 1130 a 1146 - Imigrante","Polo":"-","Município":"Bento Gonçalves"},"geometry":{"type":"Point","coordinates":[-51.5127295,-29.1733828]}},{"type":"Feature","properties":{"Instituição - IES":" FACULDADE DE CIÊNCIAS DA SAÚDE DO GRUPO HOSPITALAR CONCEIÇÃO","Sigla":"FACS - GHC","Município sede":"Porto Alegre","Tipo":"Faculdade","Categoria Administrativa":"Pública Federal","Código":1081187,"Denominação":"Campus Principal","Endereço":"Avenida Francisco Trein, 326 - Cristo Redentor","Polo":"-","Município":"Porto Alegre"},"geometry":{"type":"Point","coordinates":[-51.159523,-30.013456]}},{"type":"Feature","properties":{"Instituição - IES":" Faculdade de Ciências da Saúde Moinhos de Vento","Sigla":"FACSMV","Município sede":"Porto Alegre","Tipo":"Faculdade","Categoria Administrativa":"Privada sem fins lucrativos","Código":1141926,"Denominação":"FACSMV - Sede Nova","Endereço":"Avenida Cristóvão Colombo, FACSMV - Sede Nova, 545 - Floresta","Polo":"A","Município":"Porto Alegre"},"geometry":{"type":"Point","coordinates":[-51.2112682,-30.0252194]}},{"type":"Feature","properties":{"Instituição - IES":" Faculdade de Ciências da Saúde Moinhos de Vento","Sigla":"FACSMV","Município sede":"Porto Alegre","Tipo":"Faculdade","Categoria Administrativa":"Privada sem fins lucrativos","Código":1070107,"Denominação":"Faculdade Moinhos de Vento","Endereço":"Rua Ramiro Barcelos, - de 0488 a 1000 - lado par, 996 - Floresta","Polo":"A","Município":"Porto Alegre"},"geometry":{"type":"Point","coordinates":[-51.2124796,-30.0220836]}},{"type":"Feature","properties":{"Instituição - IES":" Faculdade de Ciências da Saúde Moinhos de Vento","Sigla":"FACSMV","Município sede":"Porto Alegre","Tipo":"Faculdade","Categoria Administrativa":"Privada sem fins lucrativos","Código":1071007,"Denominação":"Hospital Moinhos de Vento","Endereço":"Rua Ramiro Barcelos, - de 0488 a 1000 - lado par, 910 - Floresta","Polo":"-","Município":"Porto Alegre"},"geometry":{"type":"Point","coordinates":[-51.2124796,-30.0220836]}},{"type":"Feature","properties":{"Instituição - IES":" Faculdade de Ciências Jurídicas de Erechim","Sigla":"-","Município sede":"Erechim","Tipo":"Faculdade","Categoria Administrativa":"Privada com fins lucrativos","Código":1081302,"Denominação":"Campus Principal","Endereço":"Avenida XV de Novembro, 237 - Centro","Polo":"-","Município":"Erechim"},"geometry":{"type":"Point","coordinates":[-52.2706093,-27.6364112]}},{"type":"Feature","properties":{"Instituição - IES":" Faculdade de Ciências Jurídicas de Erechim","Sigla":"-","Município sede":"Erechim","Tipo":"Faculdade","Categoria Administrativa":"Privada com fins lucrativos","Código":1155660,"Denominação":"GUARAMA","Endereço":"Rua Gaurama, GUARAMA, 353 - Centro","Polo":"-","Município":"Erechim"},"geometry":{"type":"Point","coordinates":[-52.2789319,-27.6348694]}},{"type":"Feature","properties":{"Instituição - IES":" FACULDADE DE CIÊNCIAS JURÍDICAS DE SANTA MARIA","Sigla":"UNISM","Município sede":"Santa Maria","Tipo":"Faculdade","Categoria Administrativa":"Privada com fins lucrativos","Código":1140437,"Denominação":"CAMPUS II","Endereço":"Rua Coronel Niederauer, CAMPUS II, 1221 - Bonfim","Polo":"-","Município":"Santa Maria"},"geometry":{"type":"Point","coordinates":[-53.8169633,-29.6893053]}},{"type":"Feature","properties":{"Instituição - IES":" FACULDADE DE CIÊNCIAS JURÍDICAS DE SANTA MARIA","Sigla":"UNISM","Município sede":"Santa Maria","Tipo":"Faculdade","Categoria Administrativa":"Privada com fins lucrativos","Código":1173968,"Denominação":"CAMPUS SEDE","Endereço":"Rua Marechal Floriano Peixoto, Faculdade de Ciências Jurídicas de Santa Maria, 1328 - Centro","Polo":"-","Município":"Santa Maria"},"geometry":{"type":"Point","coordinates":[-53.8084169,-29.6892942]}},{"type":"Feature","properties":{"Instituição - IES":" FACULDADE DECISION DE NEGÓCIOS","Sigla":"-","Município sede":"Porto Alegre","Tipo":"Faculdade","Categoria Administrativa":"Privada com fins lucrativos","Código":659658,"Denominação":"CAMPUS - PORTO ALEGRE - MENINO DEUS","Endereço":"Avenida Praia de Belas, 1510 - Menino Deus","Polo":"-","Município":"Porto Alegre"},"geometry":{"type":"Point","coordinates":[-51.2279920999999,-30.0518135]}},{"type":"Feature","properties":{"Instituição - IES":" FACULDADE DE DIREITO DA FUNDAÇÃO ESCOLA SUPERIOR DO MINISTÉRIO PÚBLICO","Sigla":"-","Município sede":"Porto Alegre","Tipo":"Faculdade","Categoria Administrativa":"Privada sem fins lucrativos","Código":659535,"Denominação":"CAMPUS - PORTO ALEGRE - CENTRO","Endereço":"Rua Coronel Genuíno, 6º ANDAR, 421 - Centro","Polo":"A","Município":"Porto Alegre"},"geometry":{"type":"Point","coordinates":[-51.2257646,-30.0341566]}},{"type":"Feature","properties":{"Instituição - IES":" FACULDADE DE DIREITO DE SANTA MARIA","Sigla":"FADISMA","Município sede":"Santa Maria","Tipo":"Faculdade","Categoria Administrativa":"Privada com fins lucrativos","Código":659076,"Denominação":"CAMPUS - SANTA MARIA - MEDIANEIRA","Endereço":"Rua Duque de Caxias, 2319 - Medianeira","Polo":"A","Município":"Santa Maria"},"geometry":{"type":"Point","coordinates":[-53.8092234999999,-29.6986279]}},{"type":"Feature","properties":{"Instituição - IES":" Faculdade de Direito de Uruguaiana - Anhanguera","Sigla":"-","Município sede":"Uruguaiana","Tipo":"Faculdade","Categoria Administrativa":"Privada com fins lucrativos","Código":1072629,"Denominação":"Campus Principal","Endereço":"Rua Duque de Caxias, Campus Principal, 3148 - São Miguel","Polo":"-","Município":"Uruguaiana"},"geometry":{"type":"Point","coordinates":[-57.0862252,-29.7716998]}},{"type":"Feature","properties":{"Instituição - IES":" Faculdade de Direito de Uruguaiana - Anhanguera","Sigla":"-","Município sede":"Uruguaiana","Tipo":"Faculdade","Categoria Administrativa":"Privada com fins lucrativos","Código":1081294,"Denominação":"Campus Principal","Endereço":"Rua Duque de Caxias, - de 2591/2592 a 3199/3200, 3148 - São Miguel","Polo":"-","Município":"Uruguaiana"},"geometry":{"type":"Point","coordinates":[-57.0862252,-29.7716998]}},{"type":"Feature","properties":{"Instituição - IES":" FACULDADE DE INTEGRAÇÃO DO ENSINO SUPERIOR DO CONE SUL","Sigla":"FISUL","Município sede":"Garibaldi","Tipo":"Faculdade","Categoria Administrativa":"Privada com fins lucrativos","Código":659171,"Denominação":"Unidade SEDE","Endereço":"Rua Presidente Vargas, 561 - Centro","Polo":"-","Município":"Garibaldi"},"geometry":{"type":"Point","coordinates":[-51.5245293,-29.2549933]}},{"type":"Feature","properties":{"Instituição - IES":" Faculdade de Santo Ângelo","Sigla":"FASA","Município sede":"Santo Ângelo","Tipo":"Faculdade","Categoria Administrativa":"Privada com fins lucrativos","Código":1076272,"Denominação":"Campus Principal","Endereço":"Rua do Seminário, s/n - Vera Cruz","Polo":"-","Município":"Santo Ângelo"},"geometry":{"type":"Point","coordinates":[-54.2294423,-28.2990424]}},{"type":"Feature","properties":{"Instituição - IES":" FACULDADE DE SÃO MARCOS","Sigla":"FACSM","Município sede":"São Marcos","Tipo":"Faculdade","Categoria Administrativa":"Privada com fins lucrativos","Código":1042427,"Denominação":"Unidade SEDE","Endereço":"Rua Dr. Aristóteles da Rosa, 550 - Centro","Polo":"A","Município":"São Marcos"},"geometry":{"type":"Point","coordinates":[-51.0677309999999,-28.9732175999999]}},{"type":"Feature","properties":{"Instituição - IES":" FACULDADE DE TAPEJARA","Sigla":"FAT","Município sede":"Tapejara","Tipo":"Faculdade","Categoria Administrativa":"Privada com fins lucrativos","Código":659544,"Denominação":"CAMPUS - TAPEJARA - CENTRO","Endereço":"Rua Júlio de Castilhos, prédio, 1.124 - centro","Polo":"-","Município":"Tapejara"},"geometry":{"type":"Point","coordinates":[-52.0114975,-28.0661778]}},{"type":"Feature","properties":{"Instituição - IES":" FACULDADE DE TECNOLOGIA EM SAÚDE - IAHCS","Sigla":"FATESA","Município sede":"Porto Alegre","Tipo":"Faculdade","Categoria Administrativa":"Privada sem fins lucrativos","Código":1047644,"Denominação":"Campus Principal","Endereço":"Rua Coronel Corte Real, 75 - Petrópolis","Polo":"-","Município":"Porto Alegre"},"geometry":{"type":"Point","coordinates":[-51.1936125999999,-30.0410458]}},{"type":"Feature","properties":{"Instituição - IES":" FACULDADE DE TECNOLOGIA FTEC","Sigla":"FTEC Novo Hamburgo","Município sede":"Novo Hamburgo","Tipo":"Faculdade","Categoria Administrativa":"Privada com fins lucrativos","Código":1061022,"Denominação":"Unidade II","Endereço":"Rua Júlio de Castilhos, 517 - Centro","Polo":"-","Município":"Novo Hamburgo"},"geometry":{"type":"Point","coordinates":[-51.1257998,-29.6813975]}},{"type":"Feature","properties":{"Instituição - IES":" FACULDADE DE TECNOLOGIA FTEC","Sigla":"FTEC Novo Hamburgo","Município sede":"Novo Hamburgo","Tipo":"Faculdade","Categoria Administrativa":"Privada com fins lucrativos","Código":1067691,"Denominação":"Sede II - Entrada Principal","Endereço":"Rua Silveira Martins, 780 - Centro","Polo":"-","Município":"Novo Hamburgo"},"geometry":{"type":"Point","coordinates":[-51.1256433999999,-29.6815109]}},{"type":"Feature","properties":{"Instituição - IES":" Faculdade de Tecnologia FTEC de Porto Alegre","Sigla":"FTEC Porto Alegre","Município sede":"Porto Alegre","Tipo":"Faculdade","Categoria Administrativa":"Privada com fins lucrativos","Código":1061341,"Denominação":"Anexo Prédio Engenharias e Oficinas","Endereço":"Avenida Assis Brasil, Anexo Prédio Engenharias e Oficinas, 7.765 - Cristo Redentor","Polo":"-","Município":"Porto Alegre"},"geometry":{"type":"Point","coordinates":[-51.1301741,-29.9947405]}},{"type":"Feature","properties":{"Instituição - IES":" Faculdade de Tecnologia FTEC de Porto Alegre","Sigla":"FTEC Porto Alegre","Município sede":"Porto Alegre","Tipo":"Faculdade","Categoria Administrativa":"Privada com fins lucrativos","Código":1095897,"Denominação":"Unidade Praia de Belas - Torre A","Endereço":"Avenida Praia de Belas, Unidade Praia de Belas - Torre A, 1510 - Praia de Belas","Polo":"-","Município":"Porto Alegre"},"geometry":{"type":"Point","coordinates":[-51.2281666,-30.0503484]}},{"type":"Feature","properties":{"Instituição - IES":" Faculdade de Tecnologia FTEC de Porto Alegre","Sigla":"FTEC Porto Alegre","Município sede":"Porto Alegre","Tipo":"Faculdade","Categoria Administrativa":"Privada com fins lucrativos","Código":1054291,"Denominação":"Unidade Centro","Endereço":"Rua Comendador Manoel Pereira, 249 - Centro Histórico","Polo":"-","Município":"Porto Alegre"},"geometry":{"type":"Point","coordinates":[-51.2200549,-30.0256883]}},{"type":"Feature","properties":{"Instituição - IES":" FACULDADE DE TECNOLOGIA IPUC","Sigla":"FATIPUC","Município sede":"Canoas","Tipo":"Faculdade","Categoria Administrativa":"Privada sem fins lucrativos","Código":696989,"Denominação":"FATIPUC","Endereço":"Av Avenida Guilherme Schell, 5000 - Centro","Polo":"-","Município":"Canoas"},"geometry":{"type":"Point","coordinates":[-51.1805696,-29.9248278]}},{"type":"Feature","properties":{"Instituição - IES":" FACULDADE DE TECNOLOGIA LA SALLE - ESTRELA","Sigla":"FACSALLE","Município sede":"Estrela","Tipo":"Faculdade","Categoria Administrativa":"Privada sem fins lucrativos","Código":137740,"Denominação":"Unidade SEDE","Endereço":"Rua Tiradentes, 401 - Centro","Polo":"-","Município":"Estrela"},"geometry":{"type":"Point","coordinates":[-51.9656998,-29.5014486]}},{"type":"Feature","properties":{"Instituição - IES":" FACULDADE DE TECNOLOGIA SENAI PORTO ALEGRE","Sigla":"FATEC SENAI","Município sede":"Porto Alegre","Tipo":"Faculdade","Categoria Administrativa":"Privada sem fins lucrativos","Código":659763,"Denominação":"CAMPUS ZONA NORTE","Endereço":"Avenida Assis Brasil, CAMPUS ZONA NORTE, 8450 - Sarandi","Polo":"A","Município":"Porto Alegre"},"geometry":{"type":"Point","coordinates":[-51.1350841,-30.0027372]}},{"type":"Feature","properties":{"Instituição - IES":" FACULDADE DE TECNOLOGIA SENAI PORTO ALEGRE","Sigla":"FATEC SENAI","Município sede":"Porto Alegre","Tipo":"Faculdade","Categoria Administrativa":"Privada sem fins lucrativos","Código":1173641,"Denominação":"CAMPUS 4º DISTRITO","Endereço":"Avenida Sertório, CAMPUS 4º DISTRITO, 473 - Navegantes","Polo":"-","Município":"Porto Alegre"},"geometry":{"type":"Point","coordinates":[-51.1993607,-29.9999714]}},{"type":"Feature","properties":{"Instituição - IES":" FACULDADE DE TEOLOGIA E CIÊNCIAS HUMANAS","Sigla":"ITEPAFACULDADES","Município sede":"Passo Fundo","Tipo":"Faculdade","Categoria Administrativa":"Privada sem fins lucrativos","Código":100128,"Denominação":"INSTITUTO DE TEOLOGIA E PASTORAL","Endereço":"Rua Coronel Chicuta, Ed. Nossa Sra. Aparecida, 9 e 10 andares., 436 - Centro","Polo":"-","Município":"Passo Fundo"},"geometry":{"type":"Point","coordinates":[-52.4080052,-28.2640155]}},{"type":"Feature","properties":{"Instituição - IES":" FACULDADE DE TEOLOGIA E CIÊNCIAS HUMANAS","Sigla":"ITEPAFACULDADES","Município sede":"Passo Fundo","Tipo":"Faculdade","Categoria Administrativa":"Privada sem fins lucrativos","Código":1057237,"Denominação":"Itepa Faculdades","Endereço":"Rua Senador Pinheiro, 350 - Vila Rodrigues","Polo":"-","Município":"Passo Fundo"},"geometry":{"type":"Point","coordinates":[-52.3966353,-28.2652728]}},{"type":"Feature","properties":{"Instituição - IES":" FACULDADE DO CEFI","Sigla":"FACEFI","Município sede":"Porto Alegre","Tipo":"Faculdade","Categoria Administrativa":"Privada com fins lucrativos","Código":1113907,"Denominação":"Sede","Endereço":"Rua Carlos Trein Filho, 34 - Auxiliadora","Polo":"-","Município":"Porto Alegre"},"geometry":{"type":"Point","coordinates":[-51.1872645,-30.0224357]}},{"type":"Feature","properties":{"Instituição - IES":" FACULDADE DO CENTRO EDUCACIONAL SANTA ISABEL","Sigla":"FACESI","Município sede":"Viamão","Tipo":"Faculdade","Categoria Administrativa":"Privada com fins lucrativos","Código":1069674,"Denominação":"Campus - Fazenda","Endereço":"Estrada da Branquinha, Fazenda Experimental, 299 - Lomba do Pinheiro","Polo":"A","Município":"Viamão"},"geometry":{"type":"Point","coordinates":[-51.0466657,-30.127148]}},{"type":"Feature","properties":{"Instituição - IES":" FACULDADE DO CENTRO EDUCACIONAL SANTA ISABEL","Sigla":"FACESI","Município sede":"Viamão","Tipo":"Faculdade","Categoria Administrativa":"Privada com fins lucrativos","Código":1070719,"Denominação":"Câmpus Viamópolis","Endereço":"Estrada da Branquinha, 299 - Viamópolis","Polo":"-","Município":"Viamão"},"geometry":{"type":"Point","coordinates":[-51.0793945,-30.097375]}},{"type":"Feature","properties":{"Instituição - IES":" FACULDADE DOM ALBERTO","Sigla":"FDA","Município sede":"Santa Cruz do Sul","Tipo":"Faculdade","Categoria Administrativa":"Privada com fins lucrativos","Código":1168854,"Denominação":"BAGE - RS","Endereço":"Tupy Silveira, BAGE - RS, 1499 - Centro","Polo":"A","Município":"Bagé"},"geometry":{"type":"Point","coordinates":[-54.1063945999999,-31.323668]}},{"type":"Feature","properties":{"Instituição - IES":" FACULDADE DOM ALBERTO","Sigla":"FDA","Município sede":"Santa Cruz do Sul","Tipo":"Faculdade","Categoria Administrativa":"Privada com fins lucrativos","Código":1167212,"Denominação":"Canela","Endereço":"Avenida Osvaldo Aranha, Canela, - Centro","Polo":"A","Município":"Canela"},"geometry":{"type":"Point","coordinates":[-50.8139456,-29.363719]}},{"type":"Feature","properties":{"Instituição - IES":" FACULDADE DOM ALBERTO","Sigla":"FDA","Município sede":"Santa Cruz do Sul","Tipo":"Faculdade","Categoria Administrativa":"Privada com fins lucrativos","Código":1167307,"Denominação":"Canguçu - RS","Endereço":"Rua 15 de Novembro, Canguçu - RS, SN - Centro","Polo":"A","Município":"Canguçu"},"geometry":{"type":"Point","coordinates":[-52.677699,-31.3987388]}},{"type":"Feature","properties":{"Instituição - IES":" FACULDADE DOM ALBERTO","Sigla":"FDA","Município sede":"Santa Cruz do Sul","Tipo":"Faculdade","Categoria Administrativa":"Privada com fins lucrativos","Código":1117860,"Denominação":"DOM ALBERTO - CRUZ ALTA","Endereço":"RUA VOLUNTÁRIOS DA PATRIA, DOM ALBERTO - CRUZ ALTA, 550 - Centro","Polo":"A","Município":"Cruz Alta"},"geometry":{"type":"Point","coordinates":[-53.6095718,-28.6419947]}},{"type":"Feature","properties":{"Instituição - IES":" FACULDADE DOM ALBERTO","Sigla":"FDA","Município sede":"Santa Cruz do Sul","Tipo":"Faculdade","Categoria Administrativa":"Privada com fins lucrativos","Código":1100188,"Denominação":"DOM ALBERTO - ERECHIM","Endereço":"Rua Henrique Schwering, DOM ALBERTO - ERECHIM, 646 - CENTRO","Polo":"A","Município":"Erechim"},"geometry":{"type":"Point","coordinates":[-52.2687554,-27.6280911]}},{"type":"Feature","properties":{"Instituição - IES":" FACULDADE DOM ALBERTO","Sigla":"FDA","Município sede":"Santa Cruz do Sul","Tipo":"Faculdade","Categoria Administrativa":"Privada com fins lucrativos","Código":1167311,"Denominação":"Estância Velha","Endereço":"Rua Portão, Estância Velha, SN - Centro","Polo":"A","Município":"Estância Velha"},"geometry":{"type":"Point","coordinates":[-51.17639,-29.6506525]}},{"type":"Feature","properties":{"Instituição - IES":" FACULDADE DOM ALBERTO","Sigla":"FDA","Município sede":"Santa Cruz do Sul","Tipo":"Faculdade","Categoria Administrativa":"Privada com fins lucrativos","Código":1167372,"Denominação":"Gramado","Endereço":"Rua Wilma Dinnebier, Gramado, SN - Centro","Polo":"A","Município":"Gramado"},"geometry":{"type":"Point","coordinates":[-50.8702052,-29.3807996]}},{"type":"Feature","properties":{"Instituição - IES":" FACULDADE DOM ALBERTO","Sigla":"FDA","Município sede":"Santa Cruz do Sul","Tipo":"Faculdade","Categoria Administrativa":"Privada com fins lucrativos","Código":1167338,"Denominação":"MARAU - RS","Endereço":"Rua Pinheiro Machado, MARAU - RS, S/N - CENTRO","Polo":"A","Município":"Marau"},"geometry":{"type":"Point","coordinates":[-52.1993129,-28.4490722]}},{"type":"Feature","properties":{"Instituição - IES":" FACULDADE DOM ALBERTO","Sigla":"FDA","Município sede":"Santa Cruz do Sul","Tipo":"Faculdade","Categoria Administrativa":"Privada com fins lucrativos","Código":1117816,"Denominação":"DOM ALBERTO - NOVA HARTZ","Endereço":"MARTINHO LUTHERO, DOM ALBERTO - NOVA HARTZ, 45 - Liberdade","Polo":"A","Município":"Nova Hartz"},"geometry":{"type":"Point","coordinates":[-50.903423,-29.5846755]}},{"type":"Feature","properties":{"Instituição - IES":" FACULDADE DOM ALBERTO","Sigla":"FDA","Município sede":"Santa Cruz do Sul","Tipo":"Faculdade","Categoria Administrativa":"Privada com fins lucrativos","Código":1167287,"Denominação":"Osório - RS","Endereço":"Rua Costa Gama, Osório - RS, SN - Centro","Polo":"A","Município":"Osório"},"geometry":{"type":"Point","coordinates":[-50.2684276,-29.8959737]}},{"type":"Feature","properties":{"Instituição - IES":" FACULDADE DOM ALBERTO","Sigla":"FDA","Município sede":"Santa Cruz do Sul","Tipo":"Faculdade","Categoria Administrativa":"Privada com fins lucrativos","Código":1106959,"Denominação":"DOM ALBERTO - PORTO ALEGRE","Endereço":"Avenida Borges de Medeiros, 308 - Centro Hist?rico","Polo":"A","Município":"Porto Alegre"},"geometry":{"type":"Point","coordinates":[-51.2277636,-30.0292513]}},{"type":"Feature","properties":{"Instituição - IES":" FACULDADE DOM ALBERTO","Sigla":"FDA","Município sede":"Santa Cruz do Sul","Tipo":"Faculdade","Categoria Administrativa":"Privada com fins lucrativos","Código":1153150,"Denominação":"Unidade Rua Júlio de Castilhos","Endereço":"Rua Júlio de Castilhos, Unidade Rua Júlio de Castilhos, 387 - Centro","Polo":"-","Município":"Santa Cruz do Sul"},"geometry":{"type":"Point","coordinates":[-52.4286071,-29.7173643]}},{"type":"Feature","properties":{"Instituição - IES":" FACULDADE DOM ALBERTO","Sigla":"FDA","Município sede":"Santa Cruz do Sul","Tipo":"Faculdade","Categoria Administrativa":"Privada com fins lucrativos","Código":659263,"Denominação":"Faculdade Dom Alberto","Endereço":"Rua Ramiro Barcelos, - de 451/452 a 1159/1160, 892 - Centro","Polo":"A","Município":"Santa Cruz do Sul"},"geometry":{"type":"Point","coordinates":[-52.4293006,-29.7186498]}},{"type":"Feature","properties":{"Instituição - IES":" FACULDADE DOM ALBERTO","Sigla":"FDA","Município sede":"Santa Cruz do Sul","Tipo":"Faculdade","Categoria Administrativa":"Privada com fins lucrativos","Código":1127523,"Denominação":"Unidade Rua Thomas Flores - Santa Cruz do Sul","Endereço":"Rua Thomaz Flores, Unidade Rua Thomas Flores - Santa Cruz do Sul, 175 - Centro","Polo":"-","Município":"Santa Cruz do Sul"},"geometry":{"type":"Point","coordinates":[-52.4243519,-29.7137835]}},{"type":"Feature","properties":{"Instituição - IES":" FACULDADE DOM ALBERTO","Sigla":"FDA","Município sede":"Santa Cruz do Sul","Tipo":"Faculdade","Categoria Administrativa":"Privada com fins lucrativos","Código":1167306,"Denominação":"Santiago","Endereço":"Avenida Getúlio Vargas, Santiago, SN - Centro","Polo":"A","Município":"Santiago"},"geometry":{"type":"Point","coordinates":[-54.86627581300852,-29.1920496521545]}},{"type":"Feature","properties":{"Instituição - IES":" FACULDADE DOM ALBERTO","Sigla":"FDA","Município sede":"Santa Cruz do Sul","Tipo":"Faculdade","Categoria Administrativa":"Privada com fins lucrativos","Código":1117710,"Denominação":"DOM ALBERTO - SÃO BORJA","Endereço":"RUA GENERAL MARQUES, DOM ALBERTO - SÃO BORJA, 728 - CENTRO","Polo":"A","Município":"São Borja"},"geometry":{"type":"Point","coordinates":[-56.0066832,-28.6592138]}},{"type":"Feature","properties":{"Instituição - IES":" FACULDADE DOM ALBERTO","Sigla":"FDA","Município sede":"Santa Cruz do Sul","Tipo":"Faculdade","Categoria Administrativa":"Privada com fins lucrativos","Código":1167232,"Denominação":"TAQUARA - RS","Endereço":"Avenida Sebastião Amoretti, TAQUARA - RS, S/N - Centro","Polo":"A","Município":"Taquara"},"geometry":{"type":"Point","coordinates":[-50.775927,-29.6487448]}},{"type":"Feature","properties":{"Instituição - IES":" FACULDADE DOM ALBERTO","Sigla":"FDA","Município sede":"Santa Cruz do Sul","Tipo":"Faculdade","Categoria Administrativa":"Privada com fins lucrativos","Código":1095363,"Denominação":"DOM ALBERTO - TRAMANDAÍ","Endereço":"AV. DA IGREJA, DOM ALBERTO - TRAMANDAÍ, 209 - CENTRO","Polo":"A","Município":"Tramandaí"},"geometry":{"type":"Point","coordinates":[-50.1338226,-30.0075921]}},{"type":"Feature","properties":{"Instituição - IES":" FACULDADE DOM ALBERTO","Sigla":"FDA","Município sede":"Santa Cruz do Sul","Tipo":"Faculdade","Categoria Administrativa":"Privada com fins lucrativos","Código":1167882,"Denominação":"TRAMANDAÍ - RS","Endereço":"Rua Jorge Sperb, TRAMANDAÍ - RS, S/N - Centro","Polo":"A","Município":"Tramandaí"},"geometry":{"type":"Point","coordinates":[-50.1343012,-29.9838045]}},{"type":"Feature","properties":{"Instituição - IES":" FACULDADE DOM ALBERTO","Sigla":"FDA","Município sede":"Santa Cruz do Sul","Tipo":"Faculdade","Categoria Administrativa":"Privada com fins lucrativos","Código":1051435,"Denominação":"Pólo Venâncio Aires","Endereço":"Rua Jacob Becker, 1173 - Centro","Polo":"A","Município":"Venâncio Aires"},"geometry":{"type":"Point","coordinates":[-52.1932251,-29.607904]}},{"type":"Feature","properties":{"Instituição - IES":" FACULDADE DOM BOSCO DE PORTO ALEGRE","Sigla":"FDB","Município sede":"Porto Alegre","Tipo":"Faculdade","Categoria Administrativa":"Privada sem fins lucrativos","Código":1119962,"Denominação":"Polo BAGÉ","Endereço":"Avenida Marechal Floriano, Polo BAGÉ, 1335 - Centro","Polo":"A","Município":"Bagé"},"geometry":{"type":"Point","coordinates":[-54.1054585,-31.3230873]}},{"type":"Feature","properties":{"Instituição - IES":" FACULDADE DOM BOSCO DE PORTO ALEGRE","Sigla":"FDB","Município sede":"Porto Alegre","Tipo":"Faculdade","Categoria Administrativa":"Privada sem fins lucrativos","Código":658983,"Denominação":"Faculdade Dom Bosco de Porto Alegre","Endereço":"Rua Marechal José Inácio da Silva, 355 - Passo D'Areia","Polo":"A","Município":"Porto Alegre"},"geometry":{"type":"Point","coordinates":[-51.1788758999999,-30.0121732999999]}},{"type":"Feature","properties":{"Instituição - IES":" FACULDADE DOM BOSCO DE PORTO ALEGRE","Sigla":"FDB","Município sede":"Porto Alegre","Tipo":"Faculdade","Categoria Administrativa":"Privada sem fins lucrativos","Código":1119970,"Denominação":"Polo RIO GRANDE","Endereço":"Rua Marechal Deodoro, Polo RIO GRANDE, 628 - Cidade Nova","Polo":"A","Município":"Rio Grande"},"geometry":{"type":"Point","coordinates":[-52.1079594,-32.0350016]}},{"type":"Feature","properties":{"Instituição - IES":" FACULDADE DOM BOSCO DE PORTO ALEGRE","Sigla":"FDB","Município sede":"Porto Alegre","Tipo":"Faculdade","Categoria Administrativa":"Privada sem fins lucrativos","Código":1120029,"Denominação":"POLO SANTA ROSA","Endereço":"Rua Santa Rosa, POLO SANTA ROSA, 536 - Centro","Polo":"A","Município":"Santa Rosa"},"geometry":{"type":"Point","coordinates":[-54.4783284,-27.8709972]}},{"type":"Feature","properties":{"Instituição - IES":" FACULDADE DOM BOSCO DE PORTO ALEGRE","Sigla":"FDB","Município sede":"Porto Alegre","Tipo":"Faculdade","Categoria Administrativa":"Privada sem fins lucrativos","Código":1133073,"Denominação":"POLO VIAMÃO-RS","Endereço":"Avenida Dom Bosco, POLO VIAMÃO-RS, 424 - Jardim Krahe","Polo":"A","Município":"Viamão"},"geometry":{"type":"Point","coordinates":[-51.0549719,-30.0879068]}},{"type":"Feature","properties":{"Instituição - IES":" FACULDADE ESPECIALIZADA NA ÁREA DE SAÚDE DO RIO GRANDE DO SUL","Sigla":"FASURGS","Município sede":"Passo Fundo","Tipo":"Faculdade","Categoria Administrativa":"Privada com fins lucrativos","Código":140684,"Denominação":"UNIDADE SEDE (CAMPUS PRINCIPAL)","Endereço":"Rua Angélica Otto, 160 - Loteamento São Geraldo","Polo":"A","Município":"Passo Fundo"},"geometry":{"type":"Point","coordinates":[-52.3675352,-28.2672619]}},{"type":"Feature","properties":{"Instituição - IES":" FACULDADE ESPECIALIZADA NA ÁREA DE SAÚDE DO RIO GRANDE DO SUL","Sigla":"FASURGS","Município sede":"Passo Fundo","Tipo":"Faculdade","Categoria Administrativa":"Privada com fins lucrativos","Código":106556,"Denominação":"Unidade SEDE","Endereço":"RUA CAPITÃO ARAÚJO, 189 - CENTRO","Polo":"-","Município":"Passo Fundo"},"geometry":{"type":"Point","coordinates":[-52.4164082,-28.2606445]}},{"type":"Feature","properties":{"Instituição - IES":" FACULDADE ESPECIALIZADA NA ÁREA DE SAÚDE DO RIO GRANDE DO SUL","Sigla":"FASURGS","Município sede":"Passo Fundo","Tipo":"Faculdade","Categoria Administrativa":"Privada com fins lucrativos","Código":1139248,"Denominação":"UNIDADE SEDE","Endereço":"Rua Senador Pinheiro, UNIDADE SEDE, 304 - Vila Rodrigues","Polo":"-","Município":"Passo Fundo"},"geometry":{"type":"Point","coordinates":[-52.3974595,-28.264838]}},{"type":"Feature","properties":{"Instituição - IES":" FACULDADE ESTÁCIO DO RIO GRANDE DO SUL - ESTÁCIO FARGS","Sigla":"ESTÁCIO FARGS","Município sede":"Porto Alegre","Tipo":"Faculdade","Categoria Administrativa":"Privada sem fins lucrativos","Código":1585,"Denominação":"CENTRO (RS)","Endereço":"RUA MAL. FLORIANO PEIXOTO, CENTRO (RS), 626 - CENTRO","Polo":"-","Município":"Porto Alegre"},"geometry":{"type":"Point","coordinates":[-51.2269797,-30.0344845]}},{"type":"Feature","properties":{"Instituição - IES":" FACULDADE ESTÁCIO DO RIO GRANDE DO SUL - ESTÁCIO FARGS","Sigla":"ESTÁCIO FARGS","Município sede":"Porto Alegre","Tipo":"Faculdade","Categoria Administrativa":"Privada sem fins lucrativos","Código":658301,"Denominação":"PASSO DA AREIA","Endereço":"Rua Tupi, 200 - Passo da Areia","Polo":"-","Município":"Porto Alegre"},"geometry":{"type":"Point","coordinates":[-51.1697725,-30.0102881]}},{"type":"Feature","properties":{"Instituição - IES":" FACULDADE FACTUM","Sigla":"Factum","Município sede":"Porto Alegre","Tipo":"Faculdade","Categoria Administrativa":"Privada com fins lucrativos","Código":1042119,"Denominação":"Unidade SEDE","Endereço":"Largo João Amorim de Albuquerque, 60 - Centro","Polo":"-","Município":"Porto Alegre"},"geometry":{"type":"Point","coordinates":[-51.2293879,-30.0321516]}},{"type":"Feature","properties":{"Instituição - IES":" FACULDADE FAMERCOSUL","Sigla":"FSUL","Município sede":"Porto Alegre","Tipo":"Faculdade","Categoria Administrativa":"Privada sem fins lucrativos","Código":1133562,"Denominação":"Faculdade Famercosul","Endereço":"Avenida Benjamin Constant, Faculdade Famercosul, 367 - São João","Polo":"-","Município":"Porto Alegre"},"geometry":{"type":"Point","coordinates":[-51.1890564,-30.0069962]}},{"type":"Feature","properties":{"Instituição - IES":" FACULDADE FAMERCOSUL","Sigla":"FSUL","Município sede":"Porto Alegre","Tipo":"Faculdade","Categoria Administrativa":"Privada sem fins lucrativos","Código":1108198,"Denominação":"Faculdade Famercosul","Endereço":"Rua Dezoito de Novembro, 590 - Navegantes","Polo":"-","Município":"Porto Alegre"},"geometry":{"type":"Point","coordinates":[-51.1901188,-29.9988055]}},{"type":"Feature","properties":{"Instituição - IES":" FACULDADE FAMERCOSUL","Sigla":"FSUL","Município sede":"Porto Alegre","Tipo":"Faculdade","Categoria Administrativa":"Privada sem fins lucrativos","Código":659593,"Denominação":"CAMPUS - PORTO ALEGRE - SANTANA","Endereço":"Rua São Luís, 4º andar, 132 - Santana","Polo":"-","Município":"Porto Alegre"},"geometry":{"type":"Point","coordinates":[-51.206824,-30.04423]}},{"type":"Feature","properties":{"Instituição - IES":" Faculdade FISEPE","Sigla":"FISEPE","Município sede":"Passo Fundo","Tipo":"Faculdade","Categoria Administrativa":"Privada com fins lucrativos","Código":1101866,"Denominação":"Campus Principal","Endereço":"Rua Paissandu, 1830 - Centro","Polo":"-","Município":"Passo Fundo"},"geometry":{"type":"Point","coordinates":[-52.4140281,-28.2627711]}},{"type":"Feature","properties":{"Instituição - IES":" FACULDADE HORIZONTINA","Sigla":"FAHOR","Município sede":"Horizontina","Tipo":"Faculdade","Categoria Administrativa":"Privada sem fins lucrativos","Código":1038159,"Denominação":"Campus Arnoldo Schneider","Endereço":"Avenida dos Ipês, Campus Arnoldo Schneider, 565 - Esq. Eldorado","Polo":"-","Município":"Horizontina"},"geometry":{"type":"Point","coordinates":[-54.3119306,-27.624106]}},{"type":"Feature","properties":{"Instituição - IES":" FACULDADE HORIZONTINA","Sigla":"FAHOR","Município sede":"Horizontina","Tipo":"Faculdade","Categoria Administrativa":"Privada sem fins lucrativos","Código":658759,"Denominação":"CAMPUS - HORIZONTINA - CENTRO","Endereço":"Rua Buricá, 725 - Centro","Polo":"-","Município":"Horizontina"},"geometry":{"type":"Point","coordinates":[-54.3062238,-27.6313082]}},{"type":"Feature","properties":{"Instituição - IES":" Faculdade IBGEN","Sigla":"-","Município sede":"Porto Alegre","Tipo":"Faculdade","Categoria Administrativa":"Privada com fins lucrativos","Código":659612,"Denominação":"Unidade SEDE","Endereço":"Avenida Forte, 77 - Cristo Redentor","Polo":"-","Município":"Porto Alegre"},"geometry":{"type":"Point","coordinates":[-51.1536087,-30.011603]}},{"type":"Feature","properties":{"Instituição - IES":" Faculdade IBGEN","Sigla":"-","Município sede":"Porto Alegre","Tipo":"Faculdade","Categoria Administrativa":"Privada com fins lucrativos","Código":1094721,"Denominação":"IBGEN Unidade Praia de Belas","Endereço":"Avenida Praia de Belas, IBGEN Unidade Praia de Belas, 1510 - Praia de Belas","Polo":"-","Município":"Porto Alegre"},"geometry":{"type":"Point","coordinates":[-51.22818,-30.05171]}},{"type":"Feature","properties":{"Instituição - IES":" Faculdade IBGEN","Sigla":"-","Município sede":"Porto Alegre","Tipo":"Faculdade","Categoria Administrativa":"Privada com fins lucrativos","Código":659609,"Denominação":"IBGEN-Instituto Brasileiro de Gestão de Negócios","Endereço":"Avenida Protásio Alves, 2.493 - Petrópolis","Polo":"-","Município":"Porto Alegre"},"geometry":{"type":"Point","coordinates":[-51.2081643,-30.0368040999999]}},{"type":"Feature","properties":{"Instituição - IES":" Faculdade IBGEN","Sigla":"-","Município sede":"Porto Alegre","Tipo":"Faculdade","Categoria Administrativa":"Privada com fins lucrativos","Código":1076023,"Denominação":"IBGEN-Instituto Brasileiro de Gestão de Negócios","Endereço":"Avenida Protásio Alves, - de 1731 a 2935 - lado ímpar, 2.493 - Petrópolis","Polo":"-","Município":"Porto Alegre"},"geometry":{"type":"Point","coordinates":[-51.1829857,-30.0433345]}},{"type":"Feature","properties":{"Instituição - IES":" Faculdade IBGEN","Sigla":"-","Município sede":"Porto Alegre","Tipo":"Faculdade","Categoria Administrativa":"Privada com fins lucrativos","Código":1055183,"Denominação":"Faculdade de Tecnologia Pastor Dohms - Higienopolis","Endereço":"Rua Américo Vespucio, 483, S/N - Higienópolis","Polo":"-","Município":"Porto Alegre"},"geometry":{"type":"Point","coordinates":[-51.1874567,-30.0127204]}},{"type":"Feature","properties":{"Instituição - IES":" FACULDADE IDEAU DE BAGÉ","Sigla":"IDEAU","Município sede":"Bagé","Tipo":"Faculdade","Categoria Administrativa":"Privada com fins lucrativos","Código":1041676,"Denominação":"Unidade SEDE","Endereço":"Avenida Santa Tecla, 4200 - Getúlio Vargas","Polo":"-","Município":"Bagé"},"geometry":{"type":"Point","coordinates":[-54.0772888,-31.2954619]}},{"type":"Feature","properties":{"Instituição - IES":" FACULDADE IDEAU DE BAGÉ","Sigla":"IDEAU","Município sede":"Bagé","Tipo":"Faculdade","Categoria Administrativa":"Privada com fins lucrativos","Código":1133780,"Denominação":"IDEAU BAGÉ","Endereço":"RODOVIA BR 153, KM 636, IDEAU BAGÉ, - Área Rural de Bagé","Polo":"-","Município":"Bagé"},"geometry":{"type":"Point","coordinates":[-54.1041201,-31.3750914]}},{"type":"Feature","properties":{"Instituição - IES":" FACULDADE IDEAU DE CAXIAS DO SUL","Sigla":"IDEAU","Município sede":"Caxias do Sul","Tipo":"Faculdade","Categoria Administrativa":"Privada com fins lucrativos","Código":1049101,"Denominação":"UNIDADE SEDE","Endereço":"Rua Feijó Júnior, 1049 - São Pelegrino","Polo":"-","Município":"Caxias do Sul"},"geometry":{"type":"Point","coordinates":[-51.1885089,-29.1709295999999]}},{"type":"Feature","properties":{"Instituição - IES":" FACULDADE IDEAU DE CAXIAS DO SUL","Sigla":"IDEAU","Município sede":"Caxias do Sul","Tipo":"Faculdade","Categoria Administrativa":"Privada com fins lucrativos","Código":1072448,"Denominação":"Campus Principal","Endereço":"Rua Sinimbu, 1670 - Centro","Polo":"-","Município":"Caxias do Sul"},"geometry":{"type":"Point","coordinates":[-51.1778794,-29.16923]}},{"type":"Feature","properties":{"Instituição - IES":" Faculdade IDEAU de Passo Fundo","Sigla":"IDEAU","Município sede":"Passo Fundo","Tipo":"Faculdade","Categoria Administrativa":"Privada com fins lucrativos","Código":659891,"Denominação":"CAMPUS - PASSO FUNDO - PETRÓPOLIS","Endereço":"Avenida Rui Barbosa, Quadra 138, 103 - Vila Petrópolis","Polo":"-","Município":"Passo Fundo"},"geometry":{"type":"Point","coordinates":[-52.3867262,-28.2415433]}},{"type":"Feature","properties":{"Instituição - IES":" FACULDADE INTEGRADA DE SANTA MARIA","Sigla":"FISMA","Município sede":"Santa Maria","Tipo":"Faculdade","Categoria Administrativa":"Privada com fins lucrativos","Código":1067092,"Denominação":"Fisma Unidade I","Endereço":"Avenida Presidente Vargas, Salas 501, 502, 503, 504, 505, 506 e 507, 2355 - Nossa Senhora de Fátima","Polo":"-","Município":"Santa Maria"},"geometry":{"type":"Point","coordinates":[-53.8169519,-29.6958262]}},{"type":"Feature","properties":{"Instituição - IES":" FACULDADE INTEGRADA DE SANTA MARIA","Sigla":"FISMA","Município sede":"Santa Maria","Tipo":"Faculdade","Categoria Administrativa":"Privada com fins lucrativos","Código":659254,"Denominação":"CAMPUS - SANTA MARIA - CENTRO","Endereço":"Rua José do Patrocínio, CAMPUS - SANTA MARIA - CENTRO, 26 - Centro","Polo":"-","Município":"Santa Maria"},"geometry":{"type":"Point","coordinates":[-53.8053917,-29.6804502]}},{"type":"Feature","properties":{"Instituição - IES":" Faculdade Luterana Concórdia","Sigla":"-","Município sede":"São Leopoldo","Tipo":"Faculdade","Categoria Administrativa":"Privada sem fins lucrativos","Código":1135501,"Denominação":"Campus Principal","Endereço":"Avenida Getulio Vargas, 4388 - Centro","Polo":"-","Município":"São Leopoldo"},"geometry":{"type":"Point","coordinates":[-51.1632198999999,-29.7961704]}},{"type":"Feature","properties":{"Instituição - IES":" Faculdade Mário Quintana","Sigla":"FAMAQUI","Município sede":"Porto Alegre","Tipo":"Faculdade","Categoria Administrativa":"Privada com fins lucrativos","Código":1120708,"Denominação":"Famaqui","Endereço":"Avenida Osvaldo Aranha, Famaqui, 642 - Bom Fim","Polo":"-","Município":"Porto Alegre"},"geometry":{"type":"Point","coordinates":[-51.2157805,-30.0331842]}},{"type":"Feature","properties":{"Instituição - IES":" Faculdade Mário Quintana","Sigla":"FAMAQUI","Município sede":"Porto Alegre","Tipo":"Faculdade","Categoria Administrativa":"Privada com fins lucrativos","Código":1058665,"Denominação":"Faculdade Mário Quintana","Endereço":"Praça Cônego Marcelino, Faculdade Mário Quintana, 107 - Cidade Baixa","Polo":"-","Município":"Porto Alegre"},"geometry":{"type":"Point","coordinates":[-51.226391,-30.0420393]}},{"type":"Feature","properties":{"Instituição - IES":" Faculdade Menino Deus","Sigla":"FAMED","Município sede":"Porto Alegre","Tipo":"Faculdade","Categoria Administrativa":"Privada com fins lucrativos","Código":1056850,"Denominação":"Campus Sede","Endereço":"Avenida Getúlio Vargas, - de 1082 ao fim - lado par, 1618 - Menino Deus","Polo":"-","Município":"Porto Alegre"},"geometry":{"type":"Point","coordinates":[-51.2220397,-30.0521203]}},{"type":"Feature","properties":{"Instituição - IES":" Faculdade Meridional de Ijuí","Sigla":"IMED","Município sede":"Ijuí","Tipo":"Faculdade","Categoria Administrativa":"Privada com fins lucrativos","Código":1051246,"Denominação":"Unidade sede","Endereço":"Rua 13 de maio, 67 - Centro","Polo":"A","Município":"Ijuí"},"geometry":{"type":"Point","coordinates":[-53.9122011,-28.392808]}},{"type":"Feature","properties":{"Instituição - IES":" FACULDADE METODISTA CENTENÁRIO","Sigla":"FMC","Município sede":"Santa Maria","Tipo":"Faculdade","Categoria Administrativa":"Privada sem fins lucrativos","Código":134110,"Denominação":"Unidade SEDE","Endereço":"RUA DOUTOR TURI, 2003 - CENTRO","Polo":"-","Município":"Santa Maria"},"geometry":{"type":"Point","coordinates":[-53.8021508,-29.6908136]}},{"type":"Feature","properties":{"Instituição - IES":" Faculdade Monte Pascoal","Sigla":"FMP","Município sede":"Canela","Tipo":"Faculdade","Categoria Administrativa":"Privada com fins lucrativos","Código":658640,"Denominação":"Unidade SEDE","Endereço":"Avenida Osvaldo Aranha, 994 - Centro","Polo":"-","Município":"Canela"},"geometry":{"type":"Point","coordinates":[-50.8235812,-29.3607042]}},{"type":"Feature","properties":{"Instituição - IES":" FACULDADE NACIONAL DE NATUROPATIA ADMINISTRAÇÃO E PEDAGOGIA","Sigla":"FANNAP","Município sede":"Novo Hamburgo","Tipo":"Faculdade","Categoria Administrativa":"Privada com fins lucrativos","Código":1102758,"Denominação":"Campus Principal","Endereço":"Rua Sobradinho, 301 - São Jorge","Polo":"-","Município":"Novo Hamburgo"},"geometry":{"type":"Point","coordinates":[-51.1007427,-29.6746231]}},{"type":"Feature","properties":{"Instituição - IES":" FACULDADE NOSSA SENHORA DE FÁTIMA","Sigla":"FACULDADE FÁTIMA","Município sede":"Caxias do Sul","Tipo":"Faculdade","Categoria Administrativa":"Privada sem fins lucrativos","Código":659314,"Denominação":"Unidade SEDE","Endereço":"Rua Alexandre Fleming, 454 - Madureira","Polo":"-","Município":"Caxias do Sul"},"geometry":{"type":"Point","coordinates":[-51.1800706999999,-29.1547657]}},{"type":"Feature","properties":{"Instituição - IES":" FACULDADE NOVO HAMBURGO","Sigla":"FACULDADE IENH","Município sede":"Novo Hamburgo","Tipo":"Faculdade","Categoria Administrativa":"Privada sem fins lucrativos","Código":659546,"Denominação":"CAMPUS SEDE","Endereço":"Rua Frederico Mentz, Prédio, 526 - Hamburgo Velho","Polo":"-","Município":"Novo Hamburgo"},"geometry":{"type":"Point","coordinates":[-51.1123197,-29.6713204]}},{"type":"Feature","properties":{"Instituição - IES":" FACULDADE PALOTINA","Sigla":"FAPAS","Município sede":"Santa Maria","Tipo":"Faculdade","Categoria Administrativa":"Privada sem fins lucrativos","Código":25524,"Denominação":"Unidade Patronato","Endereço":"Rua Padre Alziro Roggia, 115 - Patronato","Polo":"A","Município":"Santa Maria"},"geometry":{"type":"Point","coordinates":[-53.8281331,-29.7021116]}},{"type":"Feature","properties":{"Instituição - IES":" Faculdade Professor Sérgio Silva","Sigla":"FAPS","Município sede":"Porto Alegre","Tipo":"Faculdade","Categoria Administrativa":"Privada com fins lucrativos","Código":1049765,"Denominação":"Campus Principal","Endereço":"Rua Doutor Flores, Campus Principal, 396 - Centro","Polo":"A","Município":"Porto Alegre"},"geometry":{"type":"Point","coordinates":[-51.2246646,-30.0292367]}},{"type":"Feature","properties":{"Instituição - IES":" Faculdade QI Brasil","Sigla":"FAQI","Município sede":"Gravataí","Tipo":"Faculdade","Categoria Administrativa":"Privada com fins lucrativos","Código":1051157,"Denominação":"POLO ALVORADA","Endereço":"Av. Getúlio Vargas, 2700 - Centro","Polo":"A","Município":"Alvorada"},"geometry":{"type":"Point","coordinates":[-51.073087,-29.9971463]}},{"type":"Feature","properties":{"Instituição - IES":" Faculdade QI Brasil","Sigla":"FAQI","Município sede":"Gravataí","Tipo":"Faculdade","Categoria Administrativa":"Privada com fins lucrativos","Código":1085110,"Denominação":"POLO CANOAS","Endereço":"Avenida Victor Barreto, QI Canoas, 780 - Centro","Polo":"A","Município":"Canoas"},"geometry":{"type":"Point","coordinates":[-51.1781234,-29.9041481]}},{"type":"Feature","properties":{"Instituição - IES":" Faculdade QI Brasil","Sigla":"FAQI","Município sede":"Gravataí","Tipo":"Faculdade","Categoria Administrativa":"Privada com fins lucrativos","Código":1085457,"Denominação":"POLO CAXIAS DO SUL","Endereço":"Rua Marechal Floriano, QI CAXIAS DO SUL, 970 - Exposição","Polo":"A","Município":"Caxias do Sul"},"geometry":{"type":"Point","coordinates":[-51.1838263,-29.1695364]}},{"type":"Feature","properties":{"Instituição - IES":" Faculdade QI Brasil","Sigla":"FAQI","Município sede":"Gravataí","Tipo":"Faculdade","Categoria Administrativa":"Privada com fins lucrativos","Código":1105206,"Denominação":"POLO ESTEIO","Endereço":"Avenida Presidente Vargas, QI ESTEIO, 1697 - Centro","Polo":"A","Município":"Esteio"},"geometry":{"type":"Point","coordinates":[-51.1746282,-29.8464132]}},{"type":"Feature","properties":{"Instituição - IES":" Faculdade QI Brasil","Sigla":"FAQI","Município sede":"Gravataí","Tipo":"Faculdade","Categoria Administrativa":"Privada com fins lucrativos","Código":659747,"Denominação":"SEDE","Endereço":"Avenida Dorival Cândido Luz de Oliveira, 2595 - São Geraldo","Polo":"A","Município":"Gravataí"},"geometry":{"type":"Point","coordinates":[-51.0193867,-29.9367033]}},{"type":"Feature","properties":{"Instituição - IES":" Faculdade QI Brasil","Sigla":"FAQI","Município sede":"Gravataí","Tipo":"Faculdade","Categoria Administrativa":"Privada com fins lucrativos","Código":1051155,"Denominação":"POLO GUAIBA","Endereço":"Rua São José, 181 - Centro","Polo":"A","Município":"Guaíba"},"geometry":{"type":"Point","coordinates":[-51.314469,-30.1085487999999]}},{"type":"Feature","properties":{"Instituição - IES":" Faculdade QI Brasil","Sigla":"FAQI","Município sede":"Gravataí","Tipo":"Faculdade","Categoria Administrativa":"Privada com fins lucrativos","Código":1153491,"Denominação":"POLO NOVO HAMBURGO","Endereço":"Rua Marcílio Dias, 1091 - Centro","Polo":"A","Município":"Novo Hamburgo"},"geometry":{"type":"Point","coordinates":[-51.1313823,-29.6882856999999]}},{"type":"Feature","properties":{"Instituição - IES":" Faculdade QI Brasil","Sigla":"FAQI","Município sede":"Gravataí","Tipo":"Faculdade","Categoria Administrativa":"Privada com fins lucrativos","Código":1137962,"Denominação":"POLO ALBERTO BINS","Endereço":"Avenida Alberto Bins, 324 - Centro Hist?rico","Polo":"A","Município":"Porto Alegre"},"geometry":{"type":"Point","coordinates":[-51.2234207,-30.0280282]}},{"type":"Feature","properties":{"Instituição - IES":" Faculdade QI Brasil","Sigla":"FAQI","Município sede":"Gravataí","Tipo":"Faculdade","Categoria Administrativa":"Privada com fins lucrativos","Código":1085424,"Denominação":"POLO ASSIS BRASIL","Endereço":"Avenida Assis Brasil, ASSIS BRASIL, 3423 - Passo da Areia","Polo":"A","Município":"Porto Alegre"},"geometry":{"type":"Point","coordinates":[-51.165011,-30.0114615]}},{"type":"Feature","properties":{"Instituição - IES":" Faculdade QI Brasil","Sigla":"FAQI","Município sede":"Gravataí","Tipo":"Faculdade","Categoria Administrativa":"Privada com fins lucrativos","Código":1127079,"Denominação":"POLO JUCA BATISTA","Endereço":"Avenida Juca Batista, POLO JUCA BATISTA, 950 - IPANEMA","Polo":"A","Município":"Porto Alegre"},"geometry":{"type":"Point","coordinates":[-51.2187071,-30.1415576]}},{"type":"Feature","properties":{"Instituição - IES":" Faculdade QI Brasil","Sigla":"FAQI","Município sede":"Gravataí","Tipo":"Faculdade","Categoria Administrativa":"Privada com fins lucrativos","Código":1138368,"Denominação":"POLO SALGADO FILHO","Endereço":"Avenida Senador Salgado Filho, 56 - Centro Hist?rico","Polo":"A","Município":"Porto Alegre"},"geometry":{"type":"Point","coordinates":[-51.2270108,-30.0306448]}},{"type":"Feature","properties":{"Instituição - IES":" Faculdade QI Brasil","Sigla":"FAQI","Município sede":"Gravataí","Tipo":"Faculdade","Categoria Administrativa":"Privada com fins lucrativos","Código":1051150,"Denominação":"POLO QI JÚLIO DE CASTILHOS","Endereço":"Av. Júlio de Castilhos, 435 - Centro","Polo":"A","Município":"Porto Alegre"},"geometry":{"type":"Point","coordinates":[-51.222674,-30.0252946]}},{"type":"Feature","properties":{"Instituição - IES":" Faculdade QI Brasil","Sigla":"FAQI","Município sede":"Gravataí","Tipo":"Faculdade","Categoria Administrativa":"Privada com fins lucrativos","Código":1138367,"Denominação":"POLO RIO GRANDE","Endereço":"Rua General Neto, 418 - Centro","Polo":"A","Município":"Rio Grande"},"geometry":{"type":"Point","coordinates":[-52.0989927,-32.0362274]}},{"type":"Feature","properties":{"Instituição - IES":" Faculdade QI Brasil","Sigla":"FAQI","Município sede":"Gravataí","Tipo":"Faculdade","Categoria Administrativa":"Privada com fins lucrativos","Código":1051156,"Denominação":"POLO SÃO LEOPOLDO","Endereço":"Av. Independência, 736 - Centro","Polo":"A","Município":"São Leopoldo"},"geometry":{"type":"Point","coordinates":[-51.1455327,-29.7660888]}},{"type":"Feature","properties":{"Instituição - IES":" Faculdade QI Brasil","Sigla":"FAQI","Município sede":"Gravataí","Tipo":"Faculdade","Categoria Administrativa":"Privada com fins lucrativos","Código":1051152,"Denominação":"POLO VIAMÃO","Endereço":"Rua Bento Gonçalves, 628 - Centro","Polo":"A","Município":"Viamão"},"geometry":{"type":"Point","coordinates":[-51.0295858,-30.080275]}},{"type":"Feature","properties":{"Instituição - IES":" FACULDADE SÃO FRANCISCO DE ASSIS","Sigla":"FSFA","Município sede":"Porto Alegre","Tipo":"Faculdade","Categoria Administrativa":"Privada com fins lucrativos","Código":1041078,"Denominação":"São Francisco de Assis","Endereço":"Av. Baltazar de Oliveira Garcia, 4879 - Rubem Berta","Polo":"-","Município":"Porto Alegre"},"geometry":{"type":"Point","coordinates":[-51.0974096,-30.0131806]}},{"type":"Feature","properties":{"Instituição - IES":" FACULDADE SÃO FRANCISCO DE ASSIS","Sigla":"FSFA","Município sede":"Porto Alegre","Tipo":"Faculdade","Categoria Administrativa":"Privada com fins lucrativos","Código":1128985,"Denominação":"Porto Alegre","Endereço":"Avenida Dolores Alcaraz Caldas, 90 - Praia de Belas","Polo":"A","Município":"Porto Alegre"},"geometry":{"type":"Point","coordinates":[-51.2304697,-30.0461949]}},{"type":"Feature","properties":{"Instituição - IES":" FACULDADE SÃO FRANCISCO DE ASSIS","Sigla":"FSFA","Município sede":"Porto Alegre","Tipo":"Faculdade","Categoria Administrativa":"Privada com fins lucrativos","Código":659330,"Denominação":"Unidade SEDE","Endereço":"Avenida Sertório, 253 - Navegantes","Polo":"A","Município":"Porto Alegre"},"geometry":{"type":"Point","coordinates":[-51.203212,-29.9992676]}},{"type":"Feature","properties":{"Instituição - IES":" FACULDADE SÃO FRANCISCO DE ASSIS","Sigla":"FSFA","Município sede":"Porto Alegre","Tipo":"Faculdade","Categoria Administrativa":"Privada com fins lucrativos","Código":1128084,"Denominação":"Navegantes","Endereço":"Rua Comendador Tavares, Navegantes, 360 - Navegantes","Polo":"-","Município":"Porto Alegre"},"geometry":{"type":"Point","coordinates":[-51.2036438,-30.0001581]}},{"type":"Feature","properties":{"Instituição - IES":" Faculdades EST","Sigla":"EST","Município sede":"São Leopoldo","Tipo":"Faculdade","Categoria Administrativa":"Privada sem fins lucrativos","Código":658439,"Denominação":"Faculdades EST","Endereço":"Rua Amadeo Rossi, 467 - Morro do Espelho","Polo":"A","Município":"São Leopoldo"},"geometry":{"type":"Point","coordinates":[-51.1394691,-29.7733369]}},{"type":"Feature","properties":{"Instituição - IES":" FACULDADES INTEGRADAS DE TAQUARA","Sigla":"FACCAT","Município sede":"Taquara","Tipo":"Faculdade","Categoria Administrativa":"Privada sem fins lucrativos","Código":660041,"Denominação":"Unidade SEDE","Endereço":"Avenida Oscar Martins Rangel, 4500 - Fogão Gaúcho","Polo":"-","Município":"Taquara"},"geometry":{"type":"Point","coordinates":[-50.7869411,-29.6391335999999]}},{"type":"Feature","properties":{"Instituição - IES":" FACULDADES INTEGRADAS MACHADO DE ASSIS","Sigla":"FEMA","Município sede":"Santa Rosa","Tipo":"Faculdade","Categoria Administrativa":"Privada sem fins lucrativos","Código":141331,"Denominação":"Unidade SEDE","Endereço":"Rua Rua Santos Dumont, 820 - Centro","Polo":"A","Município":"Santa Rosa"},"geometry":{"type":"Point","coordinates":[-54.4780629,-27.8695867]}},{"type":"Feature","properties":{"Instituição - IES":" FACULDADES INTEGRADAS MACHADO DE ASSIS","Sigla":"FEMA","Município sede":"Santa Rosa","Tipo":"Faculdade","Categoria Administrativa":"Privada sem fins lucrativos","Código":1045356,"Denominação":"Unidade III","Endereço":"Rua Santa Rosa, 902 - Centro","Polo":"-","Município":"Santa Rosa"},"geometry":{"type":"Point","coordinates":[-54.4755386999999,-27.8716385]}},{"type":"Feature","properties":{"Instituição - IES":" FACULDADES INTEGRADAS SÃO JUDAS TADEU","Sigla":"SJT","Município sede":"Porto Alegre","Tipo":"Faculdade","Categoria Administrativa":"Privada sem fins lucrativos","Código":660095,"Denominação":"Sede da Instituição Educacional São Judas Tadeu","Endereço":"Rua Dom Diogo de Souza, 100 - Cristo Redentor","Polo":"-","Município":"Porto Alegre"},"geometry":{"type":"Point","coordinates":[-51.1547201,-30.0110913]}},{"type":"Feature","properties":{"Instituição - IES":" FACULDADES JOÃO PAULO II","Sigla":"FJP","Município sede":"Passo Fundo","Tipo":"Faculdade","Categoria Administrativa":"Privada com fins lucrativos","Código":1069975,"Denominação":"Faculdades João Paulo II - Sede","Endereço":"Rua Fagundes dos Reis, - até 992/993, 201 - Centro","Polo":"-","Município":"Passo Fundo"},"geometry":{"type":"Point","coordinates":[-52.4071794,-28.2550414]}},{"type":"Feature","properties":{"Instituição - IES":" FACULDADES JOÃO PAULO II","Sigla":"FJP","Município sede":"Passo Fundo","Tipo":"Faculdade","Categoria Administrativa":"Privada com fins lucrativos","Código":1039848,"Denominação":"Unidade SEDE","Endereço":"Rua Tiradentes, 42 - Centro","Polo":"-","Município":"Passo Fundo"},"geometry":{"type":"Point","coordinates":[-52.4043249,-28.2537031]}},{"type":"Feature","properties":{"Instituição - IES":" FACULDADES JOÃO PAULO II - Campus Porto Alegre","Sigla":"FJP","Município sede":"Porto Alegre","Tipo":"Faculdade","Categoria Administrativa":"Privada com fins lucrativos","Código":1069729,"Denominação":"Campus Principal","Endereço":"Avenida Independência, - até 0401 - lado ímpar, 343 - Independência","Polo":"-","Município":"Porto Alegre"},"geometry":{"type":"Point","coordinates":[-51.2138864,-30.0293254]}},{"type":"Feature","properties":{"Instituição - IES":" FACULDADES JOÃO PAULO II - Campus Porto Alegre","Sigla":"FJP","Município sede":"Porto Alegre","Tipo":"Faculdade","Categoria Administrativa":"Privada com fins lucrativos","Código":1131602,"Denominação":"Faculdade João Paulo II - Campus Porto Alegre","Endereço":"Rua Santo Antônio, Faculdade João Paulo II - Campus Porto Alegre, 727 - Bom Fim","Polo":"-","Município":"Porto Alegre"},"geometry":{"type":"Point","coordinates":[-51.2143656,-30.0316105]}},{"type":"Feature","properties":{"Instituição - IES":" FACULDADES JOÃO PAULO II - PELOTAS","Sigla":"FJP -PELOTAS","Município sede":"Pelotas","Tipo":"Faculdade","Categoria Administrativa":"Privada com fins lucrativos","Código":1169742,"Denominação":"FACULDADES JOÃO PAULO II - PELOTAS","Endereço":"Avenida Doutor Figueiredo Mascarenhas, FACULDADES JOÃO PAULO II - PELOTAS, 94 - Três Vendas","Polo":"-","Município":"Pelotas"},"geometry":{"type":"Point","coordinates":[-52.3326945,-31.7472243]}},{"type":"Feature","properties":{"Instituição - IES":" FACULDADES JOÃO PAULO II - PELOTAS","Sigla":"FJP -PELOTAS","Município sede":"Pelotas","Tipo":"Faculdade","Categoria Administrativa":"Privada com fins lucrativos","Código":1069902,"Denominação":"Campus Principal","Endereço":"Rua Marechal Floriano, 107 - Centro","Polo":"-","Município":"Pelotas"},"geometry":{"type":"Point","coordinates":[-52.3441203999999,-31.7684379]}},{"type":"Feature","properties":{"Instituição - IES":" FACULDADE SOBRESP DE SANTA MARIA","Sigla":"-","Município sede":"Santa Maria","Tipo":"Faculdade","Categoria Administrativa":"Privada com fins lucrativos","Código":1155075,"Denominação":"CAMPUS Medianeira","Endereço":"Avenida Nossa Senhora Medianeira, CAMPUS Medianeira, 1547 - Centro","Polo":"-","Município":"Santa Maria"},"geometry":{"type":"Point","coordinates":[-53.8124554,-29.7007615]}},{"type":"Feature","properties":{"Instituição - IES":" FACULDADE SOBRESP DE SANTA MARIA","Sigla":"-","Município sede":"Santa Maria","Tipo":"Faculdade","Categoria Administrativa":"Privada com fins lucrativos","Código":1052069,"Denominação":"Sede SOBRESP","Endereço":"Rua Appel, Sede SOBRESP, 520 - Centro","Polo":"A","Município":"Santa Maria"},"geometry":{"type":"Point","coordinates":[-53.817873,-29.6928673]}},{"type":"Feature","properties":{"Instituição - IES":" FACULDADE SOGIPA DE EDUCAÇÃO FÍSICA","Sigla":"-","Município sede":"Porto Alegre","Tipo":"Faculdade","Categoria Administrativa":"Privada sem fins lucrativos","Código":1068229,"Denominação":"SOGIPA Porto Alegre","Endereço":"Avenida Benjamin Constant, 80 - São João","Polo":"A","Município":"Porto Alegre"},"geometry":{"type":"Point","coordinates":[-51.1863596,-30.0076619]}},{"type":"Feature","properties":{"Instituição - IES":" FACULDADE SOGIPA DE EDUCAÇÃO FÍSICA","Sigla":"-","Município sede":"Porto Alegre","Tipo":"Faculdade","Categoria Administrativa":"Privada sem fins lucrativos","Código":660019,"Denominação":"Porto Alegre-São João","Endereço":"Rua Barão do Cotegipe, 415 - São João","Polo":"-","Município":"Porto Alegre"},"geometry":{"type":"Point","coordinates":[-51.1880387,-30.0097907999999]}},{"type":"Feature","properties":{"Instituição - IES":" Faculdade Tecnológica Latino Americana","Sigla":"FATLA","Município sede":"Porto Alegre","Tipo":"Faculdade","Categoria Administrativa":"Privada com fins lucrativos","Código":1051450,"Denominação":"Campus Principal","Endereço":"Avenida Alcides S. Severiano, 99 - Sarandi","Polo":"-","Município":"Porto Alegre"},"geometry":{"type":"Point","coordinates":[-51.1264353,-29.9948945]}},{"type":"Feature","properties":{"Instituição - IES":" Faculdade Tecnológica Latino Americana","Sigla":"FATLA","Município sede":"Porto Alegre","Tipo":"Faculdade","Categoria Administrativa":"Privada com fins lucrativos","Código":1133741,"Denominação":"Faculdade Tecnológica Latino Americana","Endereço":"Avenida Baltazar de Oliveira Garcia, Faculdade Tecnológica Latino Americana, 4879 - Rubem Berta","Polo":"-","Município":"Porto Alegre"},"geometry":{"type":"Point","coordinates":[-51.0996132,-30.0143845]}},{"type":"Feature","properties":{"Instituição - IES":" FACULDADE TERCEIRA VISÃO","Sigla":"F3V","Município sede":"Garibaldi","Tipo":"Faculdade","Categoria Administrativa":"Privada com fins lucrativos","Código":1108812,"Denominação":"Campus Principal","Endereço":"RUA TREZE DE MAIO, 629 - CHÁCARAS","Polo":"A","Município":"Garibaldi"},"geometry":{"type":"Point","coordinates":[-51.5369429,-29.2583321999999]}},{"type":"Feature","properties":{"Instituição - IES":" Faculdade Teutônia","Sigla":"FACT","Município sede":"Teutônia","Tipo":"Faculdade","Categoria Administrativa":"Privada sem fins lucrativos","Código":1101316,"Denominação":"Campus Principal","Endereço":"Rua Asido Dreyer, 1285 - Teutônia","Polo":"-","Município":"Teutônia"},"geometry":{"type":"Point","coordinates":[-51.8075756,-29.4495952]}},{"type":"Feature","properties":{"Instituição - IES":" FACULDADE TRÊS DE MAIO","Sigla":"SETREM","Município sede":"Três de Maio","Tipo":"Faculdade","Categoria Administrativa":"Privada sem fins lucrativos","Código":102258,"Denominação":"Unidade SEDE","Endereço":"Avenda Santa Rosa, 2.405 - Centro","Polo":"A","Município":"Três de Maio"},"geometry":{"type":"Point","coordinates":[-54.2255181,-27.7866888]}},{"type":"Feature","properties":{"Instituição - IES":" FACULDADE TRÊS DE MAIO","Sigla":"SETREM","Município sede":"Três de Maio","Tipo":"Faculdade","Categoria Administrativa":"Privada sem fins lucrativos","Código":1073233,"Denominação":"Unidade Três de Maio","Endereço":"Avenida Avaí, 370 - Centro","Polo":"-","Município":"Três de Maio"},"geometry":{"type":"Point","coordinates":[-54.239643,-27.781415]}},{"type":"Feature","properties":{"Instituição - IES":" Faculdade UCEFF de Frederico Wetsphalen","Sigla":"UCEFF","Município sede":"Frederico Westphalen","Tipo":"Faculdade","Categoria Administrativa":"Privada com fins lucrativos","Código":1123750,"Denominação":"Campus Principal","Endereço":"Rua Vicente Dutra, 121 - Fátima","Polo":"-","Município":"Frederico Westphalen"},"geometry":{"type":"Point","coordinates":[-53.4010259,-27.3513681]}},{"type":"Feature","properties":{"Instituição - IES":" FACULDADE UNIFAEL PORTO ALEGRE","Sigla":"FAEL POA","Município sede":"Porto Alegre","Tipo":"Faculdade","Categoria Administrativa":"Privada com fins lucrativos","Código":1151012,"Denominação":"Cristo Redentor","Endereço":"Avenida Assis Brasil, Cristo Redentor, 2611 - Passo da Areia","Polo":"-","Município":"Porto Alegre"},"geometry":{"type":"Point","coordinates":[-51.1607044999999,-30.0111764]}},{"type":"Feature","properties":{"Instituição - IES":" FACULDADE UNIFAEL PORTO ALEGRE","Sigla":"FAEL POA","Município sede":"Porto Alegre","Tipo":"Faculdade","Categoria Administrativa":"Privada com fins lucrativos","Código":1074492,"Denominação":"Sede","Endereço":"Avenida Macedônia, 186 - Restinga","Polo":"-","Município":"Porto Alegre"},"geometry":{"type":"Point","coordinates":[-51.1416143,-30.1489406]}},{"type":"Feature","properties":{"Instituição - IES":" Faculdade UNÍNTESE","Sigla":"-","Município sede":"Santo Ângelo","Tipo":"Faculdade","Categoria Administrativa":"Privada com fins lucrativos","Código":1082227,"Denominação":"Campus Principal","Endereço":"Rua Duque de Caxias, 839 - Centro","Polo":"A","Município":"Santo Ângelo"},"geometry":{"type":"Point","coordinates":[-54.2624737,-28.2979134]}},{"type":"Feature","properties":{"Instituição - IES":" Faculdade UNÍNTESE","Sigla":"-","Município sede":"Santo Ângelo","Tipo":"Faculdade","Categoria Administrativa":"Privada com fins lucrativos","Código":1137000,"Denominação":"Polo SEDE","Endereço":"Rua Marechal Floriano, Polo SEDE, 2522 - Centro","Polo":"A","Município":"Santo Ângelo"},"geometry":{"type":"Point","coordinates":[-54.2601902,-28.2948553]}},{"type":"Feature","properties":{"Instituição - IES":" Faculdade Universun Noções & Saberes","Sigla":"FUNOS","Município sede":"Igrejinha","Tipo":"Faculdade","Categoria Administrativa":"Privada com fins lucrativos","Código":1047149,"Denominação":"Campus Principal","Endereço":"Rua da Independencia, 290 - Centro","Polo":"-","Município":"Igrejinha"},"geometry":{"type":"Point","coordinates":[-50.793457,-29.5738196999999]}},{"type":"Feature","properties":{"Instituição - IES":" FACULDADE VERBO EDUCACIONAL","Sigla":"VERBOEDU","Município sede":"Porto Alegre","Tipo":"Faculdade","Categoria Administrativa":"Privada com fins lucrativos","Código":1065765,"Denominação":"Campus Principal","Endereço":"Avenida Ipiranga, - de 2581 a 6699 - lado ímpar, 2899 - Jardim Carvalho","Polo":"A","Município":"Porto Alegre"},"geometry":{"type":"Point","coordinates":[-51.1511124,-30.060972]}},{"type":"Feature","properties":{"Instituição - IES":" FG Faculdade Global","Sigla":"FG","Município sede":"Porto Alegre","Tipo":"Faculdade","Categoria Administrativa":"Privada com fins lucrativos","Código":1077157,"Denominação":"FG Faculdade Global","Endereço":"Avenida Bento Gonçalves, 12º e 14º Andares, 1403 - Partenon","Polo":"A","Município":"Porto Alegre"},"geometry":{"type":"Point","coordinates":[-51.2127071,-30.0501929]}},{"type":"Feature","properties":{"Instituição - IES":" FG Faculdade Global","Sigla":"FG","Município sede":"Porto Alegre","Tipo":"Faculdade","Categoria Administrativa":"Privada com fins lucrativos","Código":1052184,"Denominação":"Faculdade Gaúcha","Endereço":"Rua Pinto Bandeira, 292 - Centro Histórico","Polo":"-","Município":"Porto Alegre"},"geometry":{"type":"Point","coordinates":[-51.2223802,-30.0269352]}},{"type":"Feature","properties":{"Instituição - IES":" FUNDAÇÃO UNIVERSIDADE FEDERAL DE CIÊNCIAS DA SAÚDE DE PORTO ALEGRE","Sigla":"UFCSPA","Município sede":"Porto Alegre","Tipo":"Universidade","Categoria Administrativa":"Pública Federal","Código":1002379,"Denominação":"CAMPUS CENTRAL","Endereço":"Rua Sarmento Leite, 245 - Centro","Polo":"A","Município":"Porto Alegre"},"geometry":{"type":"Point","coordinates":[-51.2211423,-30.0311352]}},{"type":"Feature","properties":{"Instituição - IES":" FUNDAÇÃO UNIVERSIDADE FEDERAL DO PAMPA - UNIPAMPA","Sigla":"UNIPAMPA","Município sede":"Bagé","Tipo":"Universidade","Categoria Administrativa":"Pública Federal","Código":1094760,"Denominação":"POLO UAB - AGUDO","Endereço":"Av. Borges Medeiros, 1194 - Centro","Polo":"A","Município":"Agudo"},"geometry":{"type":"Point","coordinates":[-53.2532156,-29.6461793]}},{"type":"Feature","properties":{"Instituição - IES":" FUNDAÇÃO UNIVERSIDADE FEDERAL DO PAMPA - UNIPAMPA","Sigla":"UNIPAMPA","Município sede":"Bagé","Tipo":"Universidade","Categoria Administrativa":"Pública Federal","Código":1044502,"Denominação":"Campus Alegrete","Endereço":"Av. Tiarajú, 810 - Ibirapuita","Polo":"A","Município":"Alegrete"},"geometry":{"type":"Point","coordinates":[-55.7684686,-29.7895307]}},{"type":"Feature","properties":{"Instituição - IES":" FUNDAÇÃO UNIVERSIDADE FEDERAL DO PAMPA - UNIPAMPA","Sigla":"UNIPAMPA","Município sede":"Bagé","Tipo":"Universidade","Categoria Administrativa":"Pública Federal","Código":1094745,"Denominação":"POLO UAB - ARROIO DOS RATOS","Endereço":"Avenida João Pereira da Silva, 550 - Centro","Polo":"A","Município":"Arroio dos Ratos"},"geometry":{"type":"Point","coordinates":[-51.7271969,-30.092543]}},{"type":"Feature","properties":{"Instituição - IES":" FUNDAÇÃO UNIVERSIDADE FEDERAL DO PAMPA - UNIPAMPA","Sigla":"UNIPAMPA","Município sede":"Bagé","Tipo":"Universidade","Categoria Administrativa":"Pública Federal","Código":1044508,"Denominação":"Unidade Administrativa Antiga","Endereço":"Avenida General Osório, - até 1298/1299, 900 - Centro","Polo":"A","Município":"Bagé"},"geometry":{"type":"Point","coordinates":[-54.1093111,-31.3285393]}},{"type":"Feature","properties":{"Instituição - IES":" FUNDAÇÃO UNIVERSIDADE FEDERAL DO PAMPA - UNIPAMPA","Sigla":"UNIPAMPA","Município sede":"Bagé","Tipo":"Universidade","Categoria Administrativa":"Pública Federal","Código":1048376,"Denominação":"CAMPUS BAGÉ","Endereço":"Av. Maria Anunciação Gomes de Godoy, Industrial I, 1650 - Malafaia","Polo":"-","Município":"Bagé"},"geometry":{"type":"Point","coordinates":[-54.0683165,-31.3045317]}},{"type":"Feature","properties":{"Instituição - IES":" FUNDAÇÃO UNIVERSIDADE FEDERAL DO PAMPA - UNIPAMPA","Sigla":"UNIPAMPA","Município sede":"Bagé","Tipo":"Universidade","Categoria Administrativa":"Pública Federal","Código":1159601,"Denominação":"Polo UAB - Bagé","Endereço":"Gomes Carneiro, Polo UAB - Bagé, 1455 - Centro","Polo":"A","Município":"Bagé"},"geometry":{"type":"Point","coordinates":[-54.1103212,-31.3290186]}},{"type":"Feature","properties":{"Instituição - IES":" FUNDAÇÃO UNIVERSIDADE FEDERAL DO PAMPA - UNIPAMPA","Sigla":"UNIPAMPA","Município sede":"Bagé","Tipo":"Universidade","Categoria Administrativa":"Pública Federal","Código":1053331,"Denominação":"Unidade Administrativa","Endereço":"Rua Melanie Granier, 51 - Centro","Polo":"A","Município":"Bagé"},"geometry":{"type":"Point","coordinates":[-54.1066545,-31.3277605999999]}},{"type":"Feature","properties":{"Instituição - IES":" FUNDAÇÃO UNIVERSIDADE FEDERAL DO PAMPA - UNIPAMPA","Sigla":"UNIPAMPA","Município sede":"Bagé","Tipo":"Universidade","Categoria Administrativa":"Pública Federal","Código":1046098,"Denominação":"Campus Caçapava do Sul","Endereço":"Av. Pedro Anunciação, Campus Caçapava do Sul, 111 - Vila Batista","Polo":"A","Município":"Caçapava do Sul"},"geometry":{"type":"Point","coordinates":[-53.4835435,-30.4933949]}},{"type":"Feature","properties":{"Instituição - IES":" FUNDAÇÃO UNIVERSIDADE FEDERAL DO PAMPA - UNIPAMPA","Sigla":"UNIPAMPA","Município sede":"Bagé","Tipo":"Universidade","Categoria Administrativa":"Pública Federal","Código":1082597,"Denominação":"Polo UAB Cacequi","Endereço":"Rua Senador Salgado Filho, s/n - Centro","Polo":"A","Município":"Cacequi"},"geometry":{"type":"Point","coordinates":[-54.8281706,-29.8787792]}},{"type":"Feature","properties":{"Instituição - IES":" FUNDAÇÃO UNIVERSIDADE FEDERAL DO PAMPA - UNIPAMPA","Sigla":"UNIPAMPA","Município sede":"Bagé","Tipo":"Universidade","Categoria Administrativa":"Pública Federal","Código":1094753,"Denominação":"POLO UAB - CACHOEIRA DO SUL","Endereço":"Rua Júlio de Castilhos, - lado par, 342 - Centro","Polo":"A","Município":"Cachoeira do Sul"},"geometry":{"type":"Point","coordinates":[-52.9018271,-30.0370101]}},{"type":"Feature","properties":{"Instituição - IES":" FUNDAÇÃO UNIVERSIDADE FEDERAL DO PAMPA - UNIPAMPA","Sigla":"UNIPAMPA","Município sede":"Bagé","Tipo":"Universidade","Categoria Administrativa":"Pública Federal","Código":1094751,"Denominação":"POLO UAB - CAMARGO","Endereço":"Rua Padre Stripolli, 459 - Centro","Polo":"A","Município":"Camargo"},"geometry":{"type":"Point","coordinates":[-52.2041921,-28.5872917]}},{"type":"Feature","properties":{"Instituição - IES":" FUNDAÇÃO UNIVERSIDADE FEDERAL DO PAMPA - UNIPAMPA","Sigla":"UNIPAMPA","Município sede":"Bagé","Tipo":"Universidade","Categoria Administrativa":"Pública Federal","Código":1104749,"Denominação":"POLO UAB - Candelária","Endereço":"Avenida Júlio de Castilhos, 1280 - Centro","Polo":"A","Município":"Candelária"},"geometry":{"type":"Point","coordinates":[-52.7873403,-29.6659404]}},{"type":"Feature","properties":{"Instituição - IES":" FUNDAÇÃO UNIVERSIDADE FEDERAL DO PAMPA - UNIPAMPA","Sigla":"UNIPAMPA","Município sede":"Bagé","Tipo":"Universidade","Categoria Administrativa":"Pública Federal","Código":1158400,"Denominação":"POLO UAB - Cerro Largo - Vila Industrial","Endereço":"Cerro Largo, POLO UAB - Cerro Largo - Vila Industrial, 1017 - Bela Vista","Polo":"A","Município":"Cerro Largo"},"geometry":{"type":"Point","coordinates":[-54.7252119,-28.1488966]}},{"type":"Feature","properties":{"Instituição - IES":" FUNDAÇÃO UNIVERSIDADE FEDERAL DO PAMPA - UNIPAMPA","Sigla":"UNIPAMPA","Município sede":"Bagé","Tipo":"Universidade","Categoria Administrativa":"Pública Federal","Código":1095180,"Denominação":"Polo UAB - Cruz Alta","Endereço":"Rua Pinheiro Machado, - até 1054/1055, 911 - Centro","Polo":"A","Município":"Cruz Alta"},"geometry":{"type":"Point","coordinates":[-53.6095718,-28.6419947]}},{"type":"Feature","properties":{"Instituição - IES":" FUNDAÇÃO UNIVERSIDADE FEDERAL DO PAMPA - UNIPAMPA","Sigla":"UNIPAMPA","Município sede":"Bagé","Tipo":"Universidade","Categoria Administrativa":"Pública Federal","Código":1048034,"Denominação":"Campus Dom Pedrito","Endereço":"Rua vinte e um de abril, Campus Dom Pedrito, 80 - São Gregório","Polo":"A","Município":"Dom Pedrito"},"geometry":{"type":"Point","coordinates":[-54.668872,-30.9912992]}},{"type":"Feature","properties":{"Instituição - IES":" FUNDAÇÃO UNIVERSIDADE FEDERAL DO PAMPA - UNIPAMPA","Sigla":"UNIPAMPA","Município sede":"Bagé","Tipo":"Universidade","Categoria Administrativa":"Pública Federal","Código":1083457,"Denominação":"Polo UAB Esteio","Endereço":"Rua Alegrete, 455 - Parque Amador","Polo":"A","Município":"Esteio"},"geometry":{"type":"Point","coordinates":[-51.1550117,-29.8487746]}},{"type":"Feature","properties":{"Instituição - IES":" FUNDAÇÃO UNIVERSIDADE FEDERAL DO PAMPA - UNIPAMPA","Sigla":"UNIPAMPA","Município sede":"Bagé","Tipo":"Universidade","Categoria Administrativa":"Pública Federal","Código":1083458,"Denominação":"Polo UAB Faxinal do Soturno","Endereço":"Rua Sete de Setembro, Polo UAB Faxinal do Soturno, 790 - Centro","Polo":"A","Município":"Faxinal do Soturno"},"geometry":{"type":"Point","coordinates":[-53.4437423,-29.5755384]}},{"type":"Feature","properties":{"Instituição - IES":" FUNDAÇÃO UNIVERSIDADE FEDERAL DO PAMPA - UNIPAMPA","Sigla":"UNIPAMPA","Município sede":"Bagé","Tipo":"Universidade","Categoria Administrativa":"Pública Federal","Código":1094748,"Denominação":"POLO UAB - GRAMADO","Endereço":"Rua Josias Martinho, 197 - Moura","Polo":"A","Município":"Gramado"},"geometry":{"type":"Point","coordinates":[-50.8800727,-29.3604515]}},{"type":"Feature","properties":{"Instituição - IES":" FUNDAÇÃO UNIVERSIDADE FEDERAL DO PAMPA - UNIPAMPA","Sigla":"UNIPAMPA","Município sede":"Bagé","Tipo":"Universidade","Categoria Administrativa":"Pública Federal","Código":1082600,"Denominação":"Polo UAB Hulha Negra","Endereço":"Avenida Getúlio Vargas, s/n - Centro","Polo":"A","Município":"Hulha Negra"},"geometry":{"type":"Point","coordinates":[-53.8708043,-31.4066499]}},{"type":"Feature","properties":{"Instituição - IES":" FUNDAÇÃO UNIVERSIDADE FEDERAL DO PAMPA - UNIPAMPA","Sigla":"UNIPAMPA","Município sede":"Bagé","Tipo":"Universidade","Categoria Administrativa":"Pública Federal","Código":1048418,"Denominação":"Polo UAB Itaqui","Endereço":"Rua Euclides Aranha, 1288 - Centro","Polo":"A","Município":"Itaqui"},"geometry":{"type":"Point","coordinates":[-56.5538667,-29.1229354]}},{"type":"Feature","properties":{"Instituição - IES":" FUNDAÇÃO UNIVERSIDADE FEDERAL DO PAMPA - UNIPAMPA","Sigla":"UNIPAMPA","Município sede":"Bagé","Tipo":"Universidade","Categoria Administrativa":"Pública Federal","Código":34301,"Denominação":"Campus Itaqui","Endereço":"Rua Luiz Joaquim de Sá Brito, Campus Itaqui, s/n - Promorar","Polo":"A","Município":"Itaqui"},"geometry":{"type":"Point","coordinates":[-56.5490213,-29.1557345]}},{"type":"Feature","properties":{"Instituição - IES":" FUNDAÇÃO UNIVERSIDADE FEDERAL DO PAMPA - UNIPAMPA","Sigla":"UNIPAMPA","Município sede":"Bagé","Tipo":"Universidade","Categoria Administrativa":"Pública Federal","Código":1105236,"Denominação":"Polo UAB Jacuizinho","Endereço":"Rua Nelcindo Muratt, s/n - Centro","Polo":"A","Município":"Jacuizinho"},"geometry":{"type":"Point","coordinates":[-53.0525946,-29.0356347]}},{"type":"Feature","properties":{"Instituição - IES":" FUNDAÇÃO UNIVERSIDADE FEDERAL DO PAMPA - UNIPAMPA","Sigla":"UNIPAMPA","Município sede":"Bagé","Tipo":"Universidade","Categoria Administrativa":"Pública Federal","Código":1046160,"Denominação":"Campus Jaguarão","Endereço":"Rua Conselheiro Diana, 650 - Kennedy","Polo":"A","Município":"Jaguarão"},"geometry":{"type":"Point","coordinates":[-53.3935974,-32.5502528]}},{"type":"Feature","properties":{"Instituição - IES":" FUNDAÇÃO UNIVERSIDADE FEDERAL DO PAMPA - UNIPAMPA","Sigla":"UNIPAMPA","Município sede":"Bagé","Tipo":"Universidade","Categoria Administrativa":"Pública Federal","Código":1094747,"Denominação":"POLO UAB - PANAMBI","Endereço":"Rua Hermann Mayer, 43 - Centro","Polo":"A","Município":"Panambi"},"geometry":{"type":"Point","coordinates":[-53.502101,-28.2877922]}},{"type":"Feature","properties":{"Instituição - IES":" FUNDAÇÃO UNIVERSIDADE FEDERAL DO PAMPA - UNIPAMPA","Sigla":"UNIPAMPA","Município sede":"Bagé","Tipo":"Universidade","Categoria Administrativa":"Pública Federal","Código":1082601,"Denominação":"Polo UAB Quarai","Endereço":"Rua Duque de Caxias, 1080 - Centro","Polo":"A","Município":"Quaraí"},"geometry":{"type":"Point","coordinates":[-56.4530174,-30.3826731]}},{"type":"Feature","properties":{"Instituição - IES":" FUNDAÇÃO UNIVERSIDADE FEDERAL DO PAMPA - UNIPAMPA","Sigla":"UNIPAMPA","Município sede":"Bagé","Tipo":"Universidade","Categoria Administrativa":"Pública Federal","Código":1094759,"Denominação":"POLO UAB - RESTINGA SECA","Endereço":"Rua José Celestino Alves, 134 - Centro","Polo":"A","Município":"Restinga Seca"},"geometry":{"type":"Point","coordinates":[-53.3772307,-29.8149502]}},{"type":"Feature","properties":{"Instituição - IES":" FUNDAÇÃO UNIVERSIDADE FEDERAL DO PAMPA - UNIPAMPA","Sigla":"UNIPAMPA","Município sede":"Bagé","Tipo":"Universidade","Categoria Administrativa":"Pública Federal","Código":1083459,"Denominação":"Polo UAB Rosário do Sul","Endereço":"Avenida Rafael Gonçalves, 435-A - Centenário","Polo":"A","Município":"Rosário do Sul"},"geometry":{"type":"Point","coordinates":[-54.9359715999999,-30.257229]}},{"type":"Feature","properties":{"Instituição - IES":" FUNDAÇÃO UNIVERSIDADE FEDERAL DO PAMPA - UNIPAMPA","Sigla":"UNIPAMPA","Município sede":"Bagé","Tipo":"Universidade","Categoria Administrativa":"Pública Federal","Código":34321,"Denominação":"Campus Santana do Livramento","Endereço":"Rua Barão do Triunfo, 1048 - Centro","Polo":"A","Município":"Santana do Livramento"},"geometry":{"type":"Point","coordinates":[-55.5292335,-30.8888925]}},{"type":"Feature","properties":{"Instituição - IES":" FUNDAÇÃO UNIVERSIDADE FEDERAL DO PAMPA - UNIPAMPA","Sigla":"UNIPAMPA","Município sede":"Bagé","Tipo":"Universidade","Categoria Administrativa":"Pública Federal","Código":1158404,"Denominação":"POLO UAB - Santiago","Endereço":"Rua Tio Virgílio, POLO UAB - Santiago, S/N - Carlos Humberto","Polo":"A","Município":"Santiago"},"geometry":{"type":"Point","coordinates":[-54.8667592,-29.1718432]}},{"type":"Feature","properties":{"Instituição - IES":" FUNDAÇÃO UNIVERSIDADE FEDERAL DO PAMPA - UNIPAMPA","Sigla":"UNIPAMPA","Município sede":"Bagé","Tipo":"Universidade","Categoria Administrativa":"Pública Federal","Código":34341,"Denominação":"Campus São Borja","Endereço":"Rua Vereador Alberto Benvenuto, 3200 - Passo","Polo":"-","Município":"São Borja"},"geometry":{"type":"Point","coordinates":[-56.0385518,-28.6299915]}},{"type":"Feature","properties":{"Instituição - IES":" FUNDAÇÃO UNIVERSIDADE FEDERAL DO PAMPA - UNIPAMPA","Sigla":"UNIPAMPA","Município sede":"Bagé","Tipo":"Universidade","Categoria Administrativa":"Pública Federal","Código":1094756,"Denominação":"POLO UAB - SÃO FRANCISCO DE PAULA","Endereço":"Rua Manoel Vicente Ferreira, Prédio do Banco do Brasil, 329 - Centro","Polo":"A","Município":"São Francisco de Paula"},"geometry":{"type":"Point","coordinates":[-50.5812227,-29.4487616]}},{"type":"Feature","properties":{"Instituição - IES":" FUNDAÇÃO UNIVERSIDADE FEDERAL DO PAMPA - UNIPAMPA","Sigla":"UNIPAMPA","Município sede":"Bagé","Tipo":"Universidade","Categoria Administrativa":"Pública Federal","Código":1045943,"Denominação":"Campus Sao Gabriel","Endereço":"Rua Professor Aluizio Barros Macedo, Campus Sao Gabriel - Sede Academica, s/n - Br 290","Polo":"A","Município":"São Gabriel"},"geometry":{"type":"Point","coordinates":[-54.3626046,-30.3336853]}},{"type":"Feature","properties":{"Instituição - IES":" FUNDAÇÃO UNIVERSIDADE FEDERAL DO PAMPA - UNIPAMPA","Sigla":"UNIPAMPA","Município sede":"Bagé","Tipo":"Universidade","Categoria Administrativa":"Pública Federal","Código":1105550,"Denominação":"Polo UAB São João do Polêsine","Endereço":"Avenida São João, 1532 - Centro","Polo":"A","Município":"São João do Polêsine"},"geometry":{"type":"Point","coordinates":[-53.4480008,-29.6192795]}},{"type":"Feature","properties":{"Instituição - IES":" FUNDAÇÃO UNIVERSIDADE FEDERAL DO PAMPA - UNIPAMPA","Sigla":"UNIPAMPA","Município sede":"Bagé","Tipo":"Universidade","Categoria Administrativa":"Pública Federal","Código":1082599,"Denominação":"Polo UAB São Sepe","Endereço":"Rua Coronel Veríssimo, Polo UAB São Sepe, 1177 - Centro","Polo":"A","Município":"São Sepé"},"geometry":{"type":"Point","coordinates":[-53.5689844,-30.1668719]}},{"type":"Feature","properties":{"Instituição - IES":" FUNDAÇÃO UNIVERSIDADE FEDERAL DO PAMPA - UNIPAMPA","Sigla":"UNIPAMPA","Município sede":"Bagé","Tipo":"Universidade","Categoria Administrativa":"Pública Federal","Código":1094742,"Denominação":"POLO UAB - SAPUCAIA DO SUL","Endereço":"Rua Atalíbio Trindade Figueiredo, 4 - Paraíso","Polo":"A","Município":"Sapucaia do Sul"},"geometry":{"type":"Point","coordinates":[-51.1502084,-29.8328733]}},{"type":"Feature","properties":{"Instituição - IES":" FUNDAÇÃO UNIVERSIDADE FEDERAL DO PAMPA - UNIPAMPA","Sigla":"UNIPAMPA","Município sede":"Bagé","Tipo":"Universidade","Categoria Administrativa":"Pública Federal","Código":1105237,"Denominação":"Polo UAB Sarandi","Endereço":"Av. Santa Gema, Polo UAB Sarandi, s/n - Santa Gema","Polo":"A","Município":"Sarandi"},"geometry":{"type":"Point","coordinates":[-52.9216705,-27.9409113]}},{"type":"Feature","properties":{"Instituição - IES":" FUNDAÇÃO UNIVERSIDADE FEDERAL DO PAMPA - UNIPAMPA","Sigla":"UNIPAMPA","Município sede":"Bagé","Tipo":"Universidade","Categoria Administrativa":"Pública Federal","Código":1105238,"Denominação":"Polo UAB Seberi","Endereço":"Avenida Flores da Cunha, s/n - Centro","Polo":"A","Município":"Seberi"},"geometry":{"type":"Point","coordinates":[-53.3690158,-27.495874]}},{"type":"Feature","properties":{"Instituição - IES":" FUNDAÇÃO UNIVERSIDADE FEDERAL DO PAMPA - UNIPAMPA","Sigla":"UNIPAMPA","Município sede":"Bagé","Tipo":"Universidade","Categoria Administrativa":"Pública Federal","Código":1094755,"Denominação":"POLO UAB - SOBRADINHO","Endereço":"Rua Honório Luiz Guerreiro, 270 - Vera Cruz","Polo":"A","Município":"Sobradinho"},"geometry":{"type":"Point","coordinates":[-53.024625,-29.4262647]}},{"type":"Feature","properties":{"Instituição - IES":" FUNDAÇÃO UNIVERSIDADE FEDERAL DO PAMPA - UNIPAMPA","Sigla":"UNIPAMPA","Município sede":"Bagé","Tipo":"Universidade","Categoria Administrativa":"Pública Federal","Código":1094757,"Denominação":"POLO UAB - TRÊS DE MAIO","Endereço":"Rua Planalto, 1600 - Glória","Polo":"A","Município":"Três de Maio"},"geometry":{"type":"Point","coordinates":[-54.2390240999999,-27.7635228]}},{"type":"Feature","properties":{"Instituição - IES":" FUNDAÇÃO UNIVERSIDADE FEDERAL DO PAMPA - UNIPAMPA","Sigla":"UNIPAMPA","Município sede":"Bagé","Tipo":"Universidade","Categoria Administrativa":"Pública Federal","Código":1158406,"Denominação":"POLO UAB - Uruguaiana","Endereço":"Monteiro Lobato, POLO UAB - Uruguaiana, 4442 - Cabo Luís Quevedo","Polo":"A","Município":"Uruguaiana"},"geometry":{"type":"Point","coordinates":[-57.1068575,-29.7760905]}},{"type":"Feature","properties":{"Instituição - IES":" FUNDAÇÃO UNIVERSIDADE FEDERAL DO PAMPA - UNIPAMPA","Sigla":"UNIPAMPA","Município sede":"Bagé","Tipo":"Universidade","Categoria Administrativa":"Pública Federal","Código":34381,"Denominação":"Campus Uruguaiana","Endereço":"Rod. BR 472 KM 592, s/n - distrito","Polo":"-","Município":"Uruguaiana"},"geometry":{"type":"Point","coordinates":[-57.0863393,-29.7584058]}},{"type":"Feature","properties":{"Instituição - IES":" FUNDAÇÃO UNIVERSIDADE FEDERAL DO PAMPA - UNIPAMPA","Sigla":"UNIPAMPA","Município sede":"Bagé","Tipo":"Universidade","Categoria Administrativa":"Pública Federal","Código":1094754,"Denominação":"POLO UAB - VILA DAS FLORES","Endereço":"Rua Armando Criveleto, 146 - Centro","Polo":"A","Município":"Vila Flores"},"geometry":{"type":"Point","coordinates":[-51.55331704540596,-28.85915046107011]}},{"type":"Feature","properties":{"Instituição - IES":" Instituto de Pesquisas, Ensino e Gestão em Saúde","Sigla":"IPGS","Município sede":"Porto Alegre","Tipo":"Faculdade","Categoria Administrativa":"Privada com fins lucrativos","Código":1078016,"Denominação":"Unidade IPGS Mont Serrat","Endereço":"Avenida Cristóvão Colombo, De 1 Até 799 Lado Ímpar- até 799 - lado ímpar, 225 - Independência","Polo":"A","Município":"Porto Alegre"},"geometry":{"type":"Point","coordinates":[-51.1976631,-30.0179697]}},{"type":"Feature","properties":{"Instituição - IES":" Instituto de Pesquisas, Ensino e Gestão em Saúde","Sigla":"IPGS","Município sede":"Porto Alegre","Tipo":"Faculdade","Categoria Administrativa":"Privada com fins lucrativos","Código":1136131,"Denominação":"Faculdade iPGS","Endereço":"Avenida Cristóvão Colombo, Faculdade iPGS, 203 - Floresta","Polo":"-","Município":"Porto Alegre"},"geometry":{"type":"Point","coordinates":[-51.2153563,-30.027678]}},{"type":"Feature","properties":{"Instituição - IES":" INSTITUTO FEDERAL DE EDUCAÇÃO, CIÊNCIA E TECNOLOGIA DO RIO GRANDE DO SUL","Sigla":"IFRS","Município sede":"Bento Gonçalves","Tipo":"Instituto Federal de Educação, Ciência e Tecnologia","Categoria Administrativa":"Pública Federal","Código":1096401,"Denominação":"Campus Alvorada","Endereço":"Rua Professor Darci Ribeiro, 121 - umbu","Polo":"-","Município":"Alvorada"},"geometry":{"type":"Point","coordinates":[-51.0514881999999,-29.9999104]}},{"type":"Feature","properties":{"Instituição - IES":" INSTITUTO FEDERAL DE EDUCAÇÃO, CIÊNCIA E TECNOLOGIA DO RIO GRANDE DO SUL","Sigla":"IFRS","Município sede":"Bento Gonçalves","Tipo":"Instituto Federal de Educação, Ciência e Tecnologia","Categoria Administrativa":"Pública Federal","Código":1038161,"Denominação":"Campus Bento Gonçalves","Endereço":"Avenida Osvaldo Aranha, 540 - Juventude","Polo":"-","Município":"Bento Gonçalves"},"geometry":{"type":"Point","coordinates":[-51.5231495,-29.1638914]}},{"type":"Feature","properties":{"Instituição - IES":" INSTITUTO FEDERAL DE EDUCAÇÃO, CIÊNCIA E TECNOLOGIA DO RIO GRANDE DO SUL","Sigla":"IFRS","Município sede":"Bento Gonçalves","Tipo":"Instituto Federal de Educação, Ciência e Tecnologia","Categoria Administrativa":"Pública Federal","Código":1055931,"Denominação":"Instituto Federal - Reitoria","Endereço":"Rua General Osório, 348 - Centro","Polo":"A","Município":"Bento Gonçalves"},"geometry":{"type":"Point","coordinates":[-51.5136481,-29.1684741]}},{"type":"Feature","properties":{"Instituição - IES":" INSTITUTO FEDERAL DE EDUCAÇÃO, CIÊNCIA E TECNOLOGIA DO RIO GRANDE DO SUL","Sigla":"IFRS","Município sede":"Bento Gonçalves","Tipo":"Instituto Federal de Educação, Ciência e Tecnologia","Categoria Administrativa":"Pública Federal","Código":150545,"Denominação":"Campus Canoas","Endereço":"Rua Dra. Maria Zélia Carneiro de Figueiredo, 870 - Igara III","Polo":"-","Município":"Canoas"},"geometry":{"type":"Point","coordinates":[-51.15079,-29.89998]}},{"type":"Feature","properties":{"Instituição - IES":" INSTITUTO FEDERAL DE EDUCAÇÃO, CIÊNCIA E TECNOLOGIA DO RIO GRANDE DO SUL","Sigla":"IFRS","Município sede":"Bento Gonçalves","Tipo":"Instituto Federal de Educação, Ciência e Tecnologia","Categoria Administrativa":"Pública Federal","Código":150350,"Denominação":"Campus Caxias do Sul","Endereço":"Rua Avelino Antônio de Souza, 1730 - Nossa Senhora de Fátima","Polo":"-","Município":"Caxias do Sul"},"geometry":{"type":"Point","coordinates":[-51.1719375,-29.1396205]}},{"type":"Feature","properties":{"Instituição - IES":" INSTITUTO FEDERAL DE EDUCAÇÃO, CIÊNCIA E TECNOLOGIA DO RIO GRANDE DO SUL","Sigla":"IFRS","Município sede":"Bento Gonçalves","Tipo":"Instituto Federal de Educação, Ciência e Tecnologia","Categoria Administrativa":"Pública Federal","Código":1051218,"Denominação":"Campus Erechim","Endereço":"Rua Domingos Zanella, 104 - Três Vendas","Polo":"-","Município":"Erechim"},"geometry":{"type":"Point","coordinates":[-52.2920937,-27.6389504]}},{"type":"Feature","properties":{"Instituição - IES":" INSTITUTO FEDERAL DE EDUCAÇÃO, CIÊNCIA E TECNOLOGIA DO RIO GRANDE DO SUL","Sigla":"IFRS","Município sede":"Bento Gonçalves","Tipo":"Instituto Federal de Educação, Ciência e Tecnologia","Categoria Administrativa":"Pública Federal","Código":1054054,"Denominação":"Campus Farroupilha","Endereço":"Avenida São Vicente, 785 - Cinquentenário","Polo":"-","Município":"Farroupilha"},"geometry":{"type":"Point","coordinates":[-51.3489821,-29.2034551]}},{"type":"Feature","properties":{"Instituição - IES":" INSTITUTO FEDERAL DE EDUCAÇÃO, CIÊNCIA E TECNOLOGIA DO RIO GRANDE DO SUL","Sigla":"IFRS","Município sede":"Bento Gonçalves","Tipo":"Instituto Federal de Educação, Ciência e Tecnologia","Categoria Administrativa":"Pública Federal","Código":1054053,"Denominação":"Campus Feliz","Endereço":"Rua Princesa Isabel, 60 - Vila Rica","Polo":"-","Município":"Feliz"},"geometry":{"type":"Point","coordinates":[-51.2941257,-29.4519664]}},{"type":"Feature","properties":{"Instituição - IES":" INSTITUTO FEDERAL DE EDUCAÇÃO, CIÊNCIA E TECNOLOGIA DO RIO GRANDE DO SUL","Sigla":"IFRS","Município sede":"Bento Gonçalves","Tipo":"Instituto Federal de Educação, Ciência e Tecnologia","Categoria Administrativa":"Pública Federal","Código":1054055,"Denominação":"Campus Ibirubá","Endereço":"Rua Nelsi Ribas Fritsch, 1111 - Esperança","Polo":"-","Município":"Ibirubá"},"geometry":{"type":"Point","coordinates":[-53.1034906,-28.6489705]}},{"type":"Feature","properties":{"Instituição - IES":" INSTITUTO FEDERAL DE EDUCAÇÃO, CIÊNCIA E TECNOLOGIA DO RIO GRANDE DO SUL","Sigla":"IFRS","Município sede":"Bento Gonçalves","Tipo":"Instituto Federal de Educação, Ciência e Tecnologia","Categoria Administrativa":"Pública Federal","Código":150535,"Denominação":"Campus Osório","Endereço":"Avenida Santos Dumont, 2127 - Albatroz","Polo":"-","Município":"Osório"},"geometry":{"type":"Point","coordinates":[-50.2514897999999,-29.9037168]}},{"type":"Feature","properties":{"Instituição - IES":" INSTITUTO FEDERAL DE EDUCAÇÃO, CIÊNCIA E TECNOLOGIA DO RIO GRANDE DO SUL","Sigla":"IFRS","Município sede":"Bento Gonçalves","Tipo":"Instituto Federal de Educação, Ciência e Tecnologia","Categoria Administrativa":"Pública Federal","Código":1056323,"Denominação":"Campus Restinga","Endereço":"Rua Alberto Hoffmann, 285 - Restinga","Polo":"-","Município":"Porto Alegre"},"geometry":{"type":"Point","coordinates":[-51.130885,-30.1405432]}},{"type":"Feature","properties":{"Instituição - IES":" INSTITUTO FEDERAL DE EDUCAÇÃO, CIÊNCIA E TECNOLOGIA DO RIO GRANDE DO SUL","Sigla":"IFRS","Município sede":"Bento Gonçalves","Tipo":"Instituto Federal de Educação, Ciência e Tecnologia","Categoria Administrativa":"Pública Federal","Código":1056135,"Denominação":"Campus Porto Alegre","Endereço":"Rua Cel. Vicente nº, 281 - Centro","Polo":"-","Município":"Porto Alegre"},"geometry":{"type":"Point","coordinates":[-51.2211256,-30.0264004]}},{"type":"Feature","properties":{"Instituição - IES":" INSTITUTO FEDERAL DE EDUCAÇÃO, CIÊNCIA E TECNOLOGIA DO RIO GRANDE DO SUL","Sigla":"IFRS","Município sede":"Bento Gonçalves","Tipo":"Instituto Federal de Educação, Ciência e Tecnologia","Categoria Administrativa":"Pública Federal","Código":1052197,"Denominação":"Campus Rio Grande","Endereço":"Rua Eng. Alfredo Huch, 475 - Centro","Polo":"-","Município":"Rio Grande"},"geometry":{"type":"Point","coordinates":[-52.0888652,-32.0402045]}},{"type":"Feature","properties":{"Instituição - IES":" INSTITUTO FEDERAL DE EDUCAÇÃO, CIÊNCIA E TECNOLOGIA DO RIO GRANDE DO SUL","Sigla":"IFRS","Município sede":"Bento Gonçalves","Tipo":"Instituto Federal de Educação, Ciência e Tecnologia","Categoria Administrativa":"Pública Federal","Código":1081878,"Denominação":"Campus Rolante","Endereço":"Estrada Taquara/Rolante, s/n - ERS 239","Polo":"-","Município":"Rolante"},"geometry":{"type":"Point","coordinates":[-51.4254478,-30.2176206]}},{"type":"Feature","properties":{"Instituição - IES":" INSTITUTO FEDERAL DE EDUCAÇÃO, CIÊNCIA E TECNOLOGIA DO RIO GRANDE DO SUL","Sigla":"IFRS","Município sede":"Bento Gonçalves","Tipo":"Instituto Federal de Educação, Ciência e Tecnologia","Categoria Administrativa":"Pública Federal","Código":146235,"Denominação":"Campus Sertão","Endereço":"Rodovia RS, Km 25, 135 - Interior","Polo":"-","Município":"Sertão"},"geometry":{"type":"Point","coordinates":[-51.6657692,-29.3646459]}},{"type":"Feature","properties":{"Instituição - IES":" INSTITUTO FEDERAL DE EDUCAÇÃO, CIÊNCIA E TECNOLOGIA DO RIO GRANDE DO SUL","Sigla":"IFRS","Município sede":"Bento Gonçalves","Tipo":"Instituto Federal de Educação, Ciência e Tecnologia","Categoria Administrativa":"Pública Federal","Código":1075771,"Denominação":"Campus Vacaria","Endereço":"Estrada João Viterbo de Oliveira, 3061 - Area Rural","Polo":"-","Município":"Vacaria"},"geometry":{"type":"Point","coordinates":[-50.9572506,-28.4666439]}},{"type":"Feature","properties":{"Instituição - IES":" INSTITUTO FEDERAL DE EDUCAÇÃO, CIÊNCIA E TECNOLOGIA DO RIO GRANDE DO SUL","Sigla":"IFRS","Município sede":"Bento Gonçalves","Tipo":"Instituto Federal de Educação, Ciência e Tecnologia","Categoria Administrativa":"Pública Federal","Código":1086940,"Denominação":"Campus Veranópolis","Endereço":"BR 470,, 6500 - Bairro Sapopema","Polo":"-","Município":"Veranópolis"},"geometry":{"type":"Point","coordinates":[-51.551032,-28.902193]}},{"type":"Feature","properties":{"Instituição - IES":" INSTITUTO FEDERAL DE EDUCAÇÃO, CIÊNCIA E TECNOLOGIA DO RIO GRANDE DO SUL","Sigla":"IFRS","Município sede":"Bento Gonçalves","Tipo":"Instituto Federal de Educação, Ciência e Tecnologia","Categoria Administrativa":"Pública Federal","Código":1079818,"Denominação":"Campus Viamão","Endereço":"Avenida Senador Salgado Filho, - de 6865/6866 a 9228/9229, 7000 - Jardim Krahe","Polo":"-","Município":"Viamão"},"geometry":{"type":"Point","coordinates":[-51.0520466,-30.080946]}},{"type":"Feature","properties":{"Instituição - IES":" INSTITUTO FEDERAL DE EDUCAÇÃO, CIÊNCIA E TECNOLOGIA FARROUPILHA","Sigla":"IFFarroupilha","Município sede":"Santa Maria","Tipo":"Instituto Federal de Educação, Ciência e Tecnologia","Categoria Administrativa":"Pública Federal","Código":146236,"Denominação":"Instituto Federal de Educação, Ciência e Tecnologia Farroupilha - Campus Alegrete","Endereço":"Rodovia RS 377 - Km 27, Instituto Federal de Educação, Ciência e Tecnologia Farroupilha - Campus Alegrete, S/N - Zona Rural","Polo":"A","Município":"Alegrete"},"geometry":{"type":"Point","coordinates":[-55.7938342,-29.7803223]}},{"type":"Feature","properties":{"Instituição - IES":" INSTITUTO FEDERAL DE EDUCAÇÃO, CIÊNCIA E TECNOLOGIA FARROUPILHA","Sigla":"IFFarroupilha","Município sede":"Santa Maria","Tipo":"Instituto Federal de Educação, Ciência e Tecnologia","Categoria Administrativa":"Pública Federal","Código":1104615,"Denominação":"Polo UAB Cachoeira do Sul","Endereço":"Avenida Júlio de Castilhos, - lado par - 2º piso, 342 - Centro","Polo":"A","Município":"Cachoeira do Sul"},"geometry":{"type":"Point","coordinates":[-52.9018271,-30.0370101]}},{"type":"Feature","properties":{"Instituição - IES":" INSTITUTO FEDERAL DE EDUCAÇÃO, CIÊNCIA E TECNOLOGIA FARROUPILHA","Sigla":"IFFarroupilha","Município sede":"Santa Maria","Tipo":"Instituto Federal de Educação, Ciência e Tecnologia","Categoria Administrativa":"Pública Federal","Código":1104619,"Denominação":"Polo UAB Candelária","Endereço":"Av. Júlio de Castilhos, 431 - Centro","Polo":"A","Município":"Candelária"},"geometry":{"type":"Point","coordinates":[-52.7850654999999,-29.6735301]}},{"type":"Feature","properties":{"Instituição - IES":" INSTITUTO FEDERAL DE EDUCAÇÃO, CIÊNCIA E TECNOLOGIA FARROUPILHA","Sigla":"IFFarroupilha","Município sede":"Santa Maria","Tipo":"Instituto Federal de Educação, Ciência e Tecnologia","Categoria Administrativa":"Pública Federal","Código":1072449,"Denominação":"Instituto Federal de Educação, Ciência e Tecnologia Farroupilha - Campus Frederico Westphalen","Endereço":"Linha 7 de Setembro, s/n - BR 386 - KM 40, Instituto Federal de Educação, Ciência e Tecnologia Farroupilha - Campus Frederico Westphalen, - Zona Rural","Polo":"A","Município":"Frederico Westphalen"},"geometry":{"type":"Point","coordinates":[-53.4302486,-27.390416]}},{"type":"Feature","properties":{"Instituição - IES":" INSTITUTO FEDERAL DE EDUCAÇÃO, CIÊNCIA E TECNOLOGIA FARROUPILHA","Sigla":"IFFarroupilha","Município sede":"Santa Maria","Tipo":"Instituto Federal de Educação, Ciência e Tecnologia","Categoria Administrativa":"Pública Federal","Código":1060698,"Denominação":"Instituto Federal de Educação, Ciência e Tecnologia Farroupilha - Campus Jaguari","Endereço":"Estrada do Chapadão, Instituto Federal de Educação, Ciência e Tecnologia Farroupilha - Campus Jaguari, S/N - Zona Rural","Polo":"A","Município":"Jaguari"},"geometry":{"type":"Point","coordinates":[-54.7192376,-29.484621]}},{"type":"Feature","properties":{"Instituição - IES":" INSTITUTO FEDERAL DE EDUCAÇÃO, CIÊNCIA E TECNOLOGIA FARROUPILHA","Sigla":"IFFarroupilha","Município sede":"Santa Maria","Tipo":"Instituto Federal de Educação, Ciência e Tecnologia","Categoria Administrativa":"Pública Federal","Código":146239,"Denominação":"Instituto Federal de Educação, Ciência e Tecnologia Farroupilha - Campus Júlio de Castilhos","Endereço":"RS 527 Estrada de Acesso Secundário para Tupanciretã, Instituto Federal de Educação, Ciência e Tecnologia Farroupilha - Campus Júlio de Castilhos, S/N - Zona Rural","Polo":"A","Município":"Júlio de Castilhos"},"geometry":{"type":"Point","coordinates":[-53.7513327,-29.1587235]}},{"type":"Feature","properties":{"Instituição - IES":" INSTITUTO FEDERAL DE EDUCAÇÃO, CIÊNCIA E TECNOLOGIA FARROUPILHA","Sigla":"IFFarroupilha","Município sede":"Santa Maria","Tipo":"Instituto Federal de Educação, Ciência e Tecnologia","Categoria Administrativa":"Pública Federal","Código":1046241,"Denominação":"Instituto Federal de Educação, Ciência e Tecnologia Farroupilha - Campus Panambi","Endereço":"Rua Erechim, Instituto Federal de Educação, Ciência e Tecnologia Farroupilha - Campus Panambi, 860 - Planalto","Polo":"A","Município":"Panambi"},"geometry":{"type":"Point","coordinates":[-53.5153958999999,-28.2815496]}},{"type":"Feature","properties":{"Instituição - IES":" INSTITUTO FEDERAL DE EDUCAÇÃO, CIÊNCIA E TECNOLOGIA FARROUPILHA","Sigla":"IFFarroupilha","Município sede":"Santa Maria","Tipo":"Instituto Federal de Educação, Ciência e Tecnologia","Categoria Administrativa":"Pública Federal","Código":1104625,"Denominação":"Polo UAB Rosário do Sul","Endereço":"Av. Rafael Gonçalves, 435 - Centenário","Polo":"A","Município":"Rosário do Sul"},"geometry":{"type":"Point","coordinates":[-54.9359715999999,-30.257229]}},{"type":"Feature","properties":{"Instituição - IES":" INSTITUTO FEDERAL DE EDUCAÇÃO, CIÊNCIA E TECNOLOGIA FARROUPILHA","Sigla":"IFFarroupilha","Município sede":"Santa Maria","Tipo":"Instituto Federal de Educação, Ciência e Tecnologia","Categoria Administrativa":"Pública Federal","Código":1102282,"Denominação":"Reitoria","Endereço":"Alameda Santiago do Chile, 195 - Nossa Senhora das Dores","Polo":"A","Município":"Santa Maria"},"geometry":{"type":"Point","coordinates":[-53.7930998,-29.6935179]}},{"type":"Feature","properties":{"Instituição - IES":" INSTITUTO FEDERAL DE EDUCAÇÃO, CIÊNCIA E TECNOLOGIA FARROUPILHA","Sigla":"IFFarroupilha","Município sede":"Santa Maria","Tipo":"Instituto Federal de Educação, Ciência e Tecnologia","Categoria Administrativa":"Pública Federal","Código":1107696,"Denominação":"Diretoria de Educação a Distância","Endereço":"Avenida Pedro Cezar Saccol, 555 - Agroindustrial","Polo":"A","Município":"Santa Maria"},"geometry":{"type":"Point","coordinates":[-53.871187,-29.6819803999999]}},{"type":"Feature","properties":{"Instituição - IES":" INSTITUTO FEDERAL DE EDUCAÇÃO, CIÊNCIA E TECNOLOGIA FARROUPILHA","Sigla":"IFFarroupilha","Município sede":"Santa Maria","Tipo":"Instituto Federal de Educação, Ciência e Tecnologia","Categoria Administrativa":"Pública Federal","Código":1040908,"Denominação":"Diretoria de Educação a Distância (PROEN/IFFar) - INEXISTENTE","Endereço":"Rua Esmeralda, Faixa Nova, 430 - Camobi","Polo":"-","Município":"Santa Maria"},"geometry":{"type":"Point","coordinates":[-53.7806115,-29.7081604]}},{"type":"Feature","properties":{"Instituição - IES":" INSTITUTO FEDERAL DE EDUCAÇÃO, CIÊNCIA E TECNOLOGIA FARROUPILHA","Sigla":"IFFarroupilha","Município sede":"Santa Maria","Tipo":"Instituto Federal de Educação, Ciência e Tecnologia","Categoria Administrativa":"Pública Federal","Código":146242,"Denominação":"Instituto Federal de Educação, Ciência e Tecnologia Farroupilha - Campus Santa Rosa","Endereço":"Rua Uruguai, Instituto Federal de Educação, Ciência e Tecnologia Farroupilha - Campus Santa Rosa, 1675 - Central","Polo":"A","Município":"Santa Rosa"},"geometry":{"type":"Point","coordinates":[-54.454567,-27.848716]}},{"type":"Feature","properties":{"Instituição - IES":" INSTITUTO FEDERAL DE EDUCAÇÃO, CIÊNCIA E TECNOLOGIA FARROUPILHA","Sigla":"IFFarroupilha","Município sede":"Santa Maria","Tipo":"Instituto Federal de Educação, Ciência e Tecnologia","Categoria Administrativa":"Pública Federal","Código":1104621,"Denominação":"Polo Santiago","Endereço":"Rua Tio Virgilio, S/N - Bairro Carlos Humberto","Polo":"A","Município":"Santiago"},"geometry":{"type":"Point","coordinates":[-54.8667592,-29.1718432]}},{"type":"Feature","properties":{"Instituição - IES":" INSTITUTO FEDERAL DE EDUCAÇÃO, CIÊNCIA E TECNOLOGIA FARROUPILHA","Sigla":"IFFarroupilha","Município sede":"Santa Maria","Tipo":"Instituto Federal de Educação, Ciência e Tecnologia","Categoria Administrativa":"Pública Federal","Código":1071961,"Denominação":"Instituto Federal de Educação, Ciência e Tecnologia Farroupilha - Campus Santo Ângelo","Endereço":"Rodovia RS-218 - KM 05, Instituto Federal de Educação, Ciência e Tecnologia Farroupilha - Campus Santo Ângelo, S/N - Indubrás","Polo":"A","Município":"Santo Ângelo"},"geometry":{"type":"Point","coordinates":[-54.2712559,-28.2842664]}},{"type":"Feature","properties":{"Instituição - IES":" INSTITUTO FEDERAL DE EDUCAÇÃO, CIÊNCIA E TECNOLOGIA FARROUPILHA","Sigla":"IFFarroupilha","Município sede":"Santa Maria","Tipo":"Instituto Federal de Educação, Ciência e Tecnologia","Categoria Administrativa":"Pública Federal","Código":146238,"Denominação":"Instituto Federal de Educação, Ciência e Tecnologia Farroupilha - Campus Santo Augusto","Endereço":"Fábio João Andolhe, Instituto Federal de Educação, Ciência e Tecnologia Farroupilha - Campus Santo Augusto, 1100 - Floresta","Polo":"A","Município":"Santo Augusto"},"geometry":{"type":"Point","coordinates":[-53.7763232,-27.8508886]}},{"type":"Feature","properties":{"Instituição - IES":" INSTITUTO FEDERAL DE EDUCAÇÃO, CIÊNCIA E TECNOLOGIA FARROUPILHA","Sigla":"IFFarroupilha","Município sede":"Santa Maria","Tipo":"Instituto Federal de Educação, Ciência e Tecnologia","Categoria Administrativa":"Pública Federal","Código":1046240,"Denominação":"Instituto Federal de Educação, Ciência e Tecnologia Farroupilha - Campus São Borja","Endereço":"Rua Otaviano Mendes, Instituto Federal de Educação, Ciência e Tecnologia Farroupilha - Campus São Borja, 355 - Bettin","Polo":"A","Município":"São Borja"},"geometry":{"type":"Point","coordinates":[-55.9947931,-28.667051]}},{"type":"Feature","properties":{"Instituição - IES":" INSTITUTO FEDERAL DE EDUCAÇÃO, CIÊNCIA E TECNOLOGIA FARROUPILHA","Sigla":"IFFarroupilha","Município sede":"Santa Maria","Tipo":"Instituto Federal de Educação, Ciência e Tecnologia","Categoria Administrativa":"Pública Federal","Código":1104624,"Denominação":"Polo São Gabriel","Endereço":"Rua Alfredo Gomes Gonçalves, 104, 104 - São Gregório","Polo":"A","Município":"São Gabriel"},"geometry":{"type":"Point","coordinates":[-54.3144506,-30.3251083999999]}},{"type":"Feature","properties":{"Instituição - IES":" INSTITUTO FEDERAL DE EDUCAÇÃO, CIÊNCIA E TECNOLOGIA FARROUPILHA","Sigla":"IFFarroupilha","Município sede":"Santa Maria","Tipo":"Instituto Federal de Educação, Ciência e Tecnologia","Categoria Administrativa":"Pública Federal","Código":1041356,"Denominação":"Instituto Federal de Educação, Ciência e Tecnologia Farroupilha - Campus São Vicente do Sul","Endereço":"Rua 20 de Setembro, Instituto Federal de Educação, Ciência e Tecnologia Farroupilha - Campus São Vicente do Sul, 2616 - s/n","Polo":"A","Município":"São Vicente do Sul"},"geometry":{"type":"Point","coordinates":[-54.6893176,-29.6914334]}},{"type":"Feature","properties":{"Instituição - IES":" INSTITUTO FEDERAL DE EDUCAÇÃO, CIÊNCIA E TECNOLOGIA FARROUPILHA","Sigla":"IFFarroupilha","Município sede":"Santa Maria","Tipo":"Instituto Federal de Educação, Ciência e Tecnologia","Categoria Administrativa":"Pública Federal","Código":1104622,"Denominação":"Polo UAB Sobradinho","Endereço":"Rua Honório Luiz Guerreiro, 270 - Vera Cruz","Polo":"A","Município":"Sobradinho"},"geometry":{"type":"Point","coordinates":[-53.024625,-29.4262647]}},{"type":"Feature","properties":{"Instituição - IES":" INSTITUTO FEDERAL DE EDUCAÇÃO, CIÊNCIA E TECNOLOGIA FARROUPILHA","Sigla":"IFFarroupilha","Município sede":"Santa Maria","Tipo":"Instituto Federal de Educação, Ciência e Tecnologia","Categoria Administrativa":"Pública Federal","Código":1104627,"Denominação":"Instituto Federal de Educação, Ciência e Tecnologia Farroupilha - Campus Avançado Uruguaiana e Polo UAB Associado Uruguaiana","Endereço":"Rua Monteiro Lobato, - de 4002 a 4500 - lado par, 4442 - Cabo Luís Quevedo","Polo":"A","Município":"Uruguaiana"},"geometry":{"type":"Point","coordinates":[-57.1068575,-29.7760905]}},{"type":"Feature","properties":{"Instituição - IES":" INSTITUTO FEDERAL DE EDUCAÇÃO, CIÊNCIA E TECNOLOGIA SUL-RIO-GRANDENSE","Sigla":"IFSul","Município sede":"Pelotas","Tipo":"Instituto Federal de Educação, Ciência e Tecnologia","Categoria Administrativa":"Pública Federal","Código":1100135,"Denominação":"Polo UAB Agudo","Endereço":"Avenida Borges de Medeiros, Polo UAB Agudo, 1194 - Centro","Polo":"A","Município":"Agudo"},"geometry":{"type":"Point","coordinates":[-53.2531433,-29.6460477]}},{"type":"Feature","properties":{"Instituição - IES":" INSTITUTO FEDERAL DE EDUCAÇÃO, CIÊNCIA E TECNOLOGIA SUL-RIO-GRANDENSE","Sigla":"IFSul","Município sede":"Pelotas","Tipo":"Instituto Federal de Educação, Ciência e Tecnologia","Categoria Administrativa":"Pública Federal","Código":1045566,"Denominação":"Campus Bagé","Endereço":"Avenida Leonel de Moura Brizola, 2501 - Pedras Brancas","Polo":"-","Município":"Bagé"},"geometry":{"type":"Point","coordinates":[-54.0717779999999,-31.331701]}},{"type":"Feature","properties":{"Instituição - IES":" INSTITUTO FEDERAL DE EDUCAÇÃO, CIÊNCIA E TECNOLOGIA SUL-RIO-GRANDENSE","Sigla":"IFSul","Município sede":"Pelotas","Tipo":"Instituto Federal de Educação, Ciência e Tecnologia","Categoria Administrativa":"Pública Federal","Código":1136055,"Denominação":"Polo UAB Bagé","Endereço":"Rua Gomes Carneiro, Polo UAB Bagé, 1455 - Centro","Polo":"A","Município":"Bagé"},"geometry":{"type":"Point","coordinates":[-54.1103212,-31.3290186]}},{"type":"Feature","properties":{"Instituição - IES":" INSTITUTO FEDERAL DE EDUCAÇÃO, CIÊNCIA E TECNOLOGIA SUL-RIO-GRANDENSE","Sigla":"IFSul","Município sede":"Pelotas","Tipo":"Instituto Federal de Educação, Ciência e Tecnologia","Categoria Administrativa":"Pública Federal","Código":1041897,"Denominação":"Pólo UAB de Balneário Pinhal","Endereço":"Avenida São Jerônimo, S/N, S/N - Distrito de Magistério","Polo":"A","Município":"Balneário Pinhal"},"geometry":{"type":"Point","coordinates":[-50.2573152,-30.2922941]}},{"type":"Feature","properties":{"Instituição - IES":" INSTITUTO FEDERAL DE EDUCAÇÃO, CIÊNCIA E TECNOLOGIA SUL-RIO-GRANDENSE","Sigla":"IFSul","Município sede":"Pelotas","Tipo":"Instituto Federal de Educação, Ciência e Tecnologia","Categoria Administrativa":"Pública Federal","Código":1045565,"Denominação":"Campus Camaquã","Endereço":"Rua Ana Gonçalves da Silva, 901 - Olaria","Polo":"-","Município":"Camaquã"},"geometry":{"type":"Point","coordinates":[-51.8007623,-30.8646073]}},{"type":"Feature","properties":{"Instituição - IES":" INSTITUTO FEDERAL DE EDUCAÇÃO, CIÊNCIA E TECNOLOGIA SUL-RIO-GRANDENSE","Sigla":"IFSul","Município sede":"Pelotas","Tipo":"Instituto Federal de Educação, Ciência e Tecnologia","Categoria Administrativa":"Pública Federal","Código":1089182,"Denominação":"Polo UAB - Camargo","Endereço":"Rua Padre Stripolli, 115 - Centro","Polo":"A","Município":"Camargo"},"geometry":{"type":"Point","coordinates":[-52.2014975,-28.587181]}},{"type":"Feature","properties":{"Instituição - IES":" INSTITUTO FEDERAL DE EDUCAÇÃO, CIÊNCIA E TECNOLOGIA SUL-RIO-GRANDENSE","Sigla":"IFSul","Município sede":"Pelotas","Tipo":"Instituto Federal de Educação, Ciência e Tecnologia","Categoria Administrativa":"Pública Federal","Código":1136046,"Denominação":"Polo UAB Canguçu","Endereço":"Rua Silveira Martins, Polo UAB Canguçu, 351 - centro","Polo":"A","Município":"Canguçu"},"geometry":{"type":"Point","coordinates":[-52.6753283,-31.3945006]}},{"type":"Feature","properties":{"Instituição - IES":" INSTITUTO FEDERAL DE EDUCAÇÃO, CIÊNCIA E TECNOLOGIA SUL-RIO-GRANDENSE","Sigla":"IFSul","Município sede":"Pelotas","Tipo":"Instituto Federal de Educação, Ciência e Tecnologia","Categoria Administrativa":"Pública Federal","Código":1136047,"Denominação":"Polo UAB Cerro Largo","Endereço":"Rua José Inácio Schardong, Polo UAB Cerro Largo, 1017 - Industrial","Polo":"A","Município":"Cerro Largo"},"geometry":{"type":"Point","coordinates":[-54.7289212,-28.1560219]}},{"type":"Feature","properties":{"Instituição - IES":" INSTITUTO FEDERAL DE EDUCAÇÃO, CIÊNCIA E TECNOLOGIA SUL-RIO-GRANDENSE","Sigla":"IFSul","Município sede":"Pelotas","Tipo":"Instituto Federal de Educação, Ciência e Tecnologia","Categoria Administrativa":"Pública Federal","Código":133560,"Denominação":"Campus Charqueadas","Endereço":"Avenida General Balbão, 81 - Centro","Polo":"-","Município":"Charqueadas"},"geometry":{"type":"Point","coordinates":[-51.6242227,-29.963674]}},{"type":"Feature","properties":{"Instituição - IES":" INSTITUTO FEDERAL DE EDUCAÇÃO, CIÊNCIA E TECNOLOGIA SUL-RIO-GRANDENSE","Sigla":"IFSul","Município sede":"Pelotas","Tipo":"Instituto Federal de Educação, Ciência e Tecnologia","Categoria Administrativa":"Pública Federal","Código":1041903,"Denominação":"PÓLO UAB DE CONSTANTINA","Endereço":"Avenida Amândio Araújo, 1125 - CENTRO","Polo":"A","Município":"Constantina"},"geometry":{"type":"Point","coordinates":[-52.9905408,-27.7336074]}},{"type":"Feature","properties":{"Instituição - IES":" INSTITUTO FEDERAL DE EDUCAÇÃO, CIÊNCIA E TECNOLOGIA SUL-RIO-GRANDENSE","Sigla":"IFSul","Município sede":"Pelotas","Tipo":"Instituto Federal de Educação, Ciência e Tecnologia","Categoria Administrativa":"Pública Federal","Código":1100137,"Denominação":"Polo UAB Gramado","Endereço":"Rua Josias Martinho, Polo UAB Gramado, 197 - Moura","Polo":"A","Município":"Gramado"},"geometry":{"type":"Point","coordinates":[-50.8804388,-29.360738]}},{"type":"Feature","properties":{"Instituição - IES":" INSTITUTO FEDERAL DE EDUCAÇÃO, CIÊNCIA E TECNOLOGIA SUL-RIO-GRANDENSE","Sigla":"IFSul","Município sede":"Pelotas","Tipo":"Instituto Federal de Educação, Ciência e Tecnologia","Categoria Administrativa":"Pública Federal","Código":1100127,"Denominação":"Câmpus Gravataí","Endereço":"Rua Men de Sá, Câmpus Gravataí, 800 - Bom Sucesso","Polo":"A","Município":"Gravataí"},"geometry":{"type":"Point","coordinates":[-51.0418699,-29.9279353]}},{"type":"Feature","properties":{"Instituição - IES":" INSTITUTO FEDERAL DE EDUCAÇÃO, CIÊNCIA E TECNOLOGIA SUL-RIO-GRANDENSE","Sigla":"IFSul","Município sede":"Pelotas","Tipo":"Instituto Federal de Educação, Ciência e Tecnologia","Categoria Administrativa":"Pública Federal","Código":1109074,"Denominação":"Câmpus Gravataí","Endereço":"Rua Men de Sá, 800 - Bom Sucesso","Polo":"-","Município":"Gravataí"},"geometry":{"type":"Point","coordinates":[-51.0394417,-29.9295086]}},{"type":"Feature","properties":{"Instituição - IES":" INSTITUTO FEDERAL DE EDUCAÇÃO, CIÊNCIA E TECNOLOGIA SUL-RIO-GRANDENSE","Sigla":"IFSul","Município sede":"Pelotas","Tipo":"Instituto Federal de Educação, Ciência e Tecnologia","Categoria Administrativa":"Pública Federal","Código":1136048,"Denominação":"Polo UAB Gravataí","Endereço":"Rua Men de Sá, Polo UAB Gravataí, 800 - Bom Sucesso","Polo":"A","Município":"Gravataí"},"geometry":{"type":"Point","coordinates":[-51.0418699,-29.9279353]}},{"type":"Feature","properties":{"Instituição - IES":" INSTITUTO FEDERAL DE EDUCAÇÃO, CIÊNCIA E TECNOLOGIA SUL-RIO-GRANDENSE","Sigla":"IFSul","Município sede":"Pelotas","Tipo":"Instituto Federal de Educação, Ciência e Tecnologia","Categoria Administrativa":"Pública Federal","Código":1089151,"Denominação":"Polo UAB - Herval","Endereço":"Rua José Maria D'Avila, 336 - Centro","Polo":"A","Município":"Herval"},"geometry":{"type":"Point","coordinates":[-53.3913834,-32.0236767]}},{"type":"Feature","properties":{"Instituição - IES":" INSTITUTO FEDERAL DE EDUCAÇÃO, CIÊNCIA E TECNOLOGIA SUL-RIO-GRANDENSE","Sigla":"IFSul","Município sede":"Pelotas","Tipo":"Instituto Federal de Educação, Ciência e Tecnologia","Categoria Administrativa":"Pública Federal","Código":1136413,"Denominação":"Polo UAB Jaguarão","Endereço":"Corredor das Tropas, Polo UAB Jaguarão, 801 - centro","Polo":"A","Município":"Jaguarão"},"geometry":{"type":"Point","coordinates":[-53.3614944,-32.5539272]}},{"type":"Feature","properties":{"Instituição - IES":" INSTITUTO FEDERAL DE EDUCAÇÃO, CIÊNCIA E TECNOLOGIA SUL-RIO-GRANDENSE","Sigla":"IFSul","Município sede":"Pelotas","Tipo":"Instituto Federal de Educação, Ciência e Tecnologia","Categoria Administrativa":"Pública Federal","Código":1136049,"Denominação":"Polo UAB Jaquirana","Endereço":"Rua Cruzeiro do Sul, Polo UAB Jaquirana, 425 - centro","Polo":"A","Município":"Jaquirana"},"geometry":{"type":"Point","coordinates":[-50.3632556,-28.8866131]}},{"type":"Feature","properties":{"Instituição - IES":" INSTITUTO FEDERAL DE EDUCAÇÃO, CIÊNCIA E TECNOLOGIA SUL-RIO-GRANDENSE","Sigla":"IFSul","Município sede":"Pelotas","Tipo":"Instituto Federal de Educação, Ciência e Tecnologia","Categoria Administrativa":"Pública Federal","Código":1137416,"Denominação":"Polo UAB Lajeado","Endereço":"joão goulart, Polo UAB Lajeado, 2150 - centro","Polo":"A","Município":"Lajeado"},"geometry":{"type":"Point","coordinates":[-51.9659538,-29.4642797]}},{"type":"Feature","properties":{"Instituição - IES":" INSTITUTO FEDERAL DE EDUCAÇÃO, CIÊNCIA E TECNOLOGIA SUL-RIO-GRANDENSE","Sigla":"IFSul","Município sede":"Pelotas","Tipo":"Instituto Federal de Educação, Ciência e Tecnologia","Categoria Administrativa":"Pública Federal","Código":1100131,"Denominação":"Câmpus Lajeado","Endereço":"Rua João Goulart, Câmpus Lajeado, 2150 - Olarias","Polo":"A","Município":"Lajeado"},"geometry":{"type":"Point","coordinates":[-51.9847463,-29.4363178]}},{"type":"Feature","properties":{"Instituição - IES":" INSTITUTO FEDERAL DE EDUCAÇÃO, CIÊNCIA E TECNOLOGIA SUL-RIO-GRANDENSE","Sigla":"IFSul","Município sede":"Pelotas","Tipo":"Instituto Federal de Educação, Ciência e Tecnologia","Categoria Administrativa":"Pública Federal","Código":1109105,"Denominação":"Câmpus Lajeado","Endereço":"Rua João Goulart, 2150 - Olarias","Polo":"-","Município":"Lajeado"},"geometry":{"type":"Point","coordinates":[-51.9865354,-29.4364215]}},{"type":"Feature","properties":{"Instituição - IES":" INSTITUTO FEDERAL DE EDUCAÇÃO, CIÊNCIA E TECNOLOGIA SUL-RIO-GRANDENSE","Sigla":"IFSul","Município sede":"Pelotas","Tipo":"Instituto Federal de Educação, Ciência e Tecnologia","Categoria Administrativa":"Pública Federal","Código":1136056,"Denominação":"Polo UAB Novo Hamburgo","Endereço":"Rua David Canabarro, Polo UAB Novo Hamburgo, 20 - Centro","Polo":"A","Município":"Novo Hamburgo"},"geometry":{"type":"Point","coordinates":[-51.1289555,-29.6849635]}},{"type":"Feature","properties":{"Instituição - IES":" INSTITUTO FEDERAL DE EDUCAÇÃO, CIÊNCIA E TECNOLOGIA SUL-RIO-GRANDENSE","Sigla":"IFSul","Município sede":"Pelotas","Tipo":"Instituto Federal de Educação, Ciência e Tecnologia","Categoria Administrativa":"Pública Federal","Código":1100140,"Denominação":"Polo UAB Panambi","Endereço":"Rua Hermann Mayer, Polo UAB Panambi, 43 - Centro","Polo":"A","Município":"Panambi"},"geometry":{"type":"Point","coordinates":[-53.5008024,-28.2880156]}},{"type":"Feature","properties":{"Instituição - IES":" INSTITUTO FEDERAL DE EDUCAÇÃO, CIÊNCIA E TECNOLOGIA SUL-RIO-GRANDENSE","Sigla":"IFSul","Município sede":"Pelotas","Tipo":"Instituto Federal de Educação, Ciência e Tecnologia","Categoria Administrativa":"Pública Federal","Código":25248,"Denominação":"Campus - Passo Fundo","Endereço":"Avenida Perimetal Leste, BR 285, 150 - Subúrbios","Polo":"A","Município":"Passo Fundo"},"geometry":{"type":"Point","coordinates":[-52.3881457,-28.2341456]}},{"type":"Feature","properties":{"Instituição - IES":" INSTITUTO FEDERAL DE EDUCAÇÃO, CIÊNCIA E TECNOLOGIA SUL-RIO-GRANDENSE","Sigla":"IFSul","Município sede":"Pelotas","Tipo":"Instituto Federal de Educação, Ciência e Tecnologia","Categoria Administrativa":"Pública Federal","Código":1100143,"Denominação":"Polo EaD Passo Fundo","Endereço":"Avenida Perimetral Coronel Jarbas Quadros da Silva, Polo EaD Passo Fundo, 150 - São Cristóvão","Polo":"A","Município":"Passo Fundo"},"geometry":{"type":"Point","coordinates":[-52.3630113,-28.2791832]}},{"type":"Feature","properties":{"Instituição - IES":" INSTITUTO FEDERAL DE EDUCAÇÃO, CIÊNCIA E TECNOLOGIA SUL-RIO-GRANDENSE","Sigla":"IFSul","Município sede":"Pelotas","Tipo":"Instituto Federal de Educação, Ciência e Tecnologia","Categoria Administrativa":"Pública Federal","Código":150429,"Denominação":"Campus Pelotas - Visconde da Graça","Endereço":"Av. Ildelfonso Simões Lopes, 2791 - Arco Íris","Polo":"-","Município":"Pelotas"},"geometry":{"type":"Point","coordinates":[-52.309061,-31.7161907]}},{"type":"Feature","properties":{"Instituição - IES":" INSTITUTO FEDERAL DE EDUCAÇÃO, CIÊNCIA E TECNOLOGIA SUL-RIO-GRANDENSE","Sigla":"IFSul","Município sede":"Pelotas","Tipo":"Instituto Federal de Educação, Ciência e Tecnologia","Categoria Administrativa":"Pública Federal","Código":154852,"Denominação":"Campus Pelotas","Endereço":"Praça Vinte de Setembro, 455 - Centro","Polo":"A","Município":"Pelotas"},"geometry":{"type":"Point","coordinates":[-52.3519604,-31.7663118]}},{"type":"Feature","properties":{"Instituição - IES":" INSTITUTO FEDERAL DE EDUCAÇÃO, CIÊNCIA E TECNOLOGIA SUL-RIO-GRANDENSE","Sigla":"IFSul","Município sede":"Pelotas","Tipo":"Instituto Federal de Educação, Ciência e Tecnologia","Categoria Administrativa":"Pública Federal","Código":1100144,"Denominação":"Polo EaD Pelotas","Endereço":"Praça Vinte de Setembro, Polo EaD Pelotas, 455 - Centro","Polo":"A","Município":"Pelotas"},"geometry":{"type":"Point","coordinates":[-52.3525687,-31.7652951]}},{"type":"Feature","properties":{"Instituição - IES":" INSTITUTO FEDERAL DE EDUCAÇÃO, CIÊNCIA E TECNOLOGIA SUL-RIO-GRANDENSE","Sigla":"IFSul","Município sede":"Pelotas","Tipo":"Instituto Federal de Educação, Ciência e Tecnologia","Categoria Administrativa":"Pública Federal","Código":1050518,"Denominação":"REITORIA - campus Pelotas","Endereço":"Rua General Osório, 932 - Centro","Polo":"-","Município":"Pelotas"},"geometry":{"type":"Point","coordinates":[-52.3412035,-31.7629499]}},{"type":"Feature","properties":{"Instituição - IES":" INSTITUTO FEDERAL DE EDUCAÇÃO, CIÊNCIA E TECNOLOGIA SUL-RIO-GRANDENSE","Sigla":"IFSul","Município sede":"Pelotas","Tipo":"Instituto Federal de Educação, Ciência e Tecnologia","Categoria Administrativa":"Pública Federal","Código":1075986,"Denominação":"REITORIA","Endereço":"Rua Gonçalves Chaves, 3218 - Centro","Polo":"A","Município":"Pelotas"},"geometry":{"type":"Point","coordinates":[-52.3336193,-31.7576783]}},{"type":"Feature","properties":{"Instituição - IES":" INSTITUTO FEDERAL DE EDUCAÇÃO, CIÊNCIA E TECNOLOGIA SUL-RIO-GRANDENSE","Sigla":"IFSul","Município sede":"Pelotas","Tipo":"Instituto Federal de Educação, Ciência e Tecnologia","Categoria Administrativa":"Pública Federal","Código":1041902,"Denominação":"Pólo UAB de Picada Café","Endereço":"Rua das Azaléias, 638 - Centro","Polo":"A","Município":"Picada Café"},"geometry":{"type":"Point","coordinates":[-51.1352024,-29.4474462]}},{"type":"Feature","properties":{"Instituição - IES":" INSTITUTO FEDERAL DE EDUCAÇÃO, CIÊNCIA E TECNOLOGIA SUL-RIO-GRANDENSE","Sigla":"IFSul","Município sede":"Pelotas","Tipo":"Instituto Federal de Educação, Ciência e Tecnologia","Categoria Administrativa":"Pública Federal","Código":1136057,"Denominação":"Polo UAB Restinga Seca","Endereço":"Rua José Celestino Alves, Polo UAB Restinga Seca, 134 - centro","Polo":"A","Município":"Restinga Seca"},"geometry":{"type":"Point","coordinates":[-53.3760992,-29.8140674]}},{"type":"Feature","properties":{"Instituição - IES":" INSTITUTO FEDERAL DE EDUCAÇÃO, CIÊNCIA E TECNOLOGIA SUL-RIO-GRANDENSE","Sigla":"IFSul","Município sede":"Pelotas","Tipo":"Instituto Federal de Educação, Ciência e Tecnologia","Categoria Administrativa":"Pública Federal","Código":1089142,"Denominação":"Polo UAB - Rosário do Sul","Endereço":"Av. Rafael Gonçalves, 435 - Centenário","Polo":"A","Município":"Rosário do Sul"},"geometry":{"type":"Point","coordinates":[-54.9359715999999,-30.257229]}},{"type":"Feature","properties":{"Instituição - IES":" INSTITUTO FEDERAL DE EDUCAÇÃO, CIÊNCIA E TECNOLOGIA SUL-RIO-GRANDENSE","Sigla":"IFSul","Município sede":"Pelotas","Tipo":"Instituto Federal de Educação, Ciência e Tecnologia","Categoria Administrativa":"Pública Federal","Código":1041899,"Denominação":"PÓLO UAB DE SANTANA DA BOA VISTA","Endereço":"Rua Aparício Freitas, 405 - N.Sra. do Rosário","Polo":"A","Município":"Santana da Boa Vista"},"geometry":{"type":"Point","coordinates":[-53.1199988,-30.8786751]}},{"type":"Feature","properties":{"Instituição - IES":" INSTITUTO FEDERAL DE EDUCAÇÃO, CIÊNCIA E TECNOLOGIA SUL-RIO-GRANDENSE","Sigla":"IFSul","Município sede":"Pelotas","Tipo":"Instituto Federal de Educação, Ciência e Tecnologia","Categoria Administrativa":"Pública Federal","Código":1097002,"Denominação":"Câmpus Santana do Livramento","Endereço":"Av. Paul Harris, 410 - Centro","Polo":"-","Município":"Santana do Livramento"},"geometry":{"type":"Point","coordinates":[-55.5327835,-30.9007418]}},{"type":"Feature","properties":{"Instituição - IES":" INSTITUTO FEDERAL DE EDUCAÇÃO, CIÊNCIA E TECNOLOGIA SUL-RIO-GRANDENSE","Sigla":"IFSul","Município sede":"Pelotas","Tipo":"Instituto Federal de Educação, Ciência e Tecnologia","Categoria Administrativa":"Pública Federal","Código":1136058,"Denominação":"Polo UAB Santana do Livramento","Endereço":"Rua Rivadávia Corrêa, Polo UAB Santana do Livramento, - Centro","Polo":"A","Município":"Santana do Livramento"},"geometry":{"type":"Point","coordinates":[-55.5324416,-30.8895068]}},{"type":"Feature","properties":{"Instituição - IES":" INSTITUTO FEDERAL DE EDUCAÇÃO, CIÊNCIA E TECNOLOGIA SUL-RIO-GRANDENSE","Sigla":"IFSul","Município sede":"Pelotas","Tipo":"Instituto Federal de Educação, Ciência e Tecnologia","Categoria Administrativa":"Pública Federal","Código":1041898,"Denominação":"Pólo UAB de Santa Vitória do Palmar","Endereço":"Rua Barão do Rio Branco, Anexo 1483, 760 - Centro","Polo":"A","Município":"Santa Vitória do Palmar"},"geometry":{"type":"Point","coordinates":[-53.363297297774004,-33.522623585619506]}},{"type":"Feature","properties":{"Instituição - IES":" INSTITUTO FEDERAL DE EDUCAÇÃO, CIÊNCIA E TECNOLOGIA SUL-RIO-GRANDENSE","Sigla":"IFSul","Município sede":"Pelotas","Tipo":"Instituto Federal de Educação, Ciência e Tecnologia","Categoria Administrativa":"Pública Federal","Código":1089146,"Denominação":"Polo UAB - São Francisco de Paula","Endereço":"Rua Manoel Vicente Ferreira, 329 - Centro","Polo":"A","Município":"São Francisco de Paula"},"geometry":{"type":"Point","coordinates":[-50.5823914,-29.448638]}},{"type":"Feature","properties":{"Instituição - IES":" INSTITUTO FEDERAL DE EDUCAÇÃO, CIÊNCIA E TECNOLOGIA SUL-RIO-GRANDENSE","Sigla":"IFSul","Município sede":"Pelotas","Tipo":"Instituto Federal de Educação, Ciência e Tecnologia","Categoria Administrativa":"Pública Federal","Código":1136050,"Denominação":"Polo UAB São João do Polesine","Endereço":"Avenida São João, Polo UAB São João do Polesine, 1532 - centro","Polo":"A","Município":"São João do Polêsine"},"geometry":{"type":"Point","coordinates":[-53.4480385,-29.6192857]}},{"type":"Feature","properties":{"Instituição - IES":" INSTITUTO FEDERAL DE EDUCAÇÃO, CIÊNCIA E TECNOLOGIA SUL-RIO-GRANDENSE","Sigla":"IFSul","Município sede":"Pelotas","Tipo":"Instituto Federal de Educação, Ciência e Tecnologia","Categoria Administrativa":"Pública Federal","Código":1136051,"Denominação":"Polo UAB São José do Norte","Endereço":"Rua Doze, Polo UAB São José do Norte, 101 - Carlos Santos","Polo":"A","Município":"São José do Norte"},"geometry":{"type":"Point","coordinates":[-52.0383143,-32.0064862]}},{"type":"Feature","properties":{"Instituição - IES":" INSTITUTO FEDERAL DE EDUCAÇÃO, CIÊNCIA E TECNOLOGIA SUL-RIO-GRANDENSE","Sigla":"IFSul","Município sede":"Pelotas","Tipo":"Instituto Federal de Educação, Ciência e Tecnologia","Categoria Administrativa":"Pública Federal","Código":1100141,"Denominação":"Polo UAB São Lourenço do Sul","Endereço":"Av. Cel. Nonô Centeno, Polo UAB São Lourenço do Sul, 933 - Avenida","Polo":"A","Município":"São Lourenço do Sul"},"geometry":{"type":"Point","coordinates":[-51.9878566,-31.3564699]}},{"type":"Feature","properties":{"Instituição - IES":" INSTITUTO FEDERAL DE EDUCAÇÃO, CIÊNCIA E TECNOLOGIA SUL-RIO-GRANDENSE","Sigla":"IFSul","Município sede":"Pelotas","Tipo":"Instituto Federal de Educação, Ciência e Tecnologia","Categoria Administrativa":"Pública Federal","Código":1136059,"Denominação":"Polo UAB São Sepé","Endereço":"Rua Coronel Verissimo, Polo UAB São Sepé, 1177 - centro","Polo":"A","Município":"São Sepé"},"geometry":{"type":"Point","coordinates":[-53.5689844,-30.1668719]}},{"type":"Feature","properties":{"Instituição - IES":" INSTITUTO FEDERAL DE EDUCAÇÃO, CIÊNCIA E TECNOLOGIA SUL-RIO-GRANDENSE","Sigla":"IFSul","Município sede":"Pelotas","Tipo":"Instituto Federal de Educação, Ciência e Tecnologia","Categoria Administrativa":"Pública Federal","Código":1158921,"Denominação":"Sapiranga EAD/Campus","Endereço":"Avenida Carlos Gilberto Weis, Sapiranga EAD/Campus, 155 - Quatro Colônias","Polo":"A","Município":"Sapiranga"},"geometry":{"type":"Point","coordinates":[-51.0302356,-29.6485694]}},{"type":"Feature","properties":{"Instituição - IES":" INSTITUTO FEDERAL DE EDUCAÇÃO, CIÊNCIA E TECNOLOGIA SUL-RIO-GRANDENSE","Sigla":"IFSul","Município sede":"Pelotas","Tipo":"Instituto Federal de Educação, Ciência e Tecnologia","Categoria Administrativa":"Pública Federal","Código":1178447,"Denominação":"Sapiranga","Endereço":"Avenida Carlos Gilberto Weis, 1, 155 - Quatro Colônias","Polo":"-","Município":"Sapiranga"},"geometry":{"type":"Point","coordinates":[-51.0293866,-29.648509]}},{"type":"Feature","properties":{"Instituição - IES":" INSTITUTO FEDERAL DE EDUCAÇÃO, CIÊNCIA E TECNOLOGIA SUL-RIO-GRANDENSE","Sigla":"IFSul","Município sede":"Pelotas","Tipo":"Instituto Federal de Educação, Ciência e Tecnologia","Categoria Administrativa":"Pública Federal","Código":1089175,"Denominação":"Polo UAB - Sapiranga","Endereço":"Rua Padre Reús, 263 - Centro","Polo":"A","Município":"Sapiranga"},"geometry":{"type":"Point","coordinates":[-51.0041581,-29.6391418]}},{"type":"Feature","properties":{"Instituição - IES":" INSTITUTO FEDERAL DE EDUCAÇÃO, CIÊNCIA E TECNOLOGIA SUL-RIO-GRANDENSE","Sigla":"IFSul","Município sede":"Pelotas","Tipo":"Instituto Federal de Educação, Ciência e Tecnologia","Categoria Administrativa":"Pública Federal","Código":1136414,"Denominação":"Polo UAB Sapucaia do Sul","Endereço":"Atalíbio Trindade Figueiredo, Polo UAB Sapucaia do Sul, 04 - Paraíso","Polo":"A","Município":"Sapucaia do Sul"},"geometry":{"type":"Point","coordinates":[-51.1501443999999,-29.8327591]}},{"type":"Feature","properties":{"Instituição - IES":" INSTITUTO FEDERAL DE EDUCAÇÃO, CIÊNCIA E TECNOLOGIA SUL-RIO-GRANDENSE","Sigla":"IFSul","Município sede":"Pelotas","Tipo":"Instituto Federal de Educação, Ciência e Tecnologia","Categoria Administrativa":"Pública Federal","Código":145564,"Denominação":"Campus Sapucaia do Sul","Endereço":"Avenida Copacabana, 100 - Piratini","Polo":"A","Município":"Sapucaia do Sul"},"geometry":{"type":"Point","coordinates":[-51.1559249,-29.8151936]}},{"type":"Feature","properties":{"Instituição - IES":" INSTITUTO FEDERAL DE EDUCAÇÃO, CIÊNCIA E TECNOLOGIA SUL-RIO-GRANDENSE","Sigla":"IFSul","Município sede":"Pelotas","Tipo":"Instituto Federal de Educação, Ciência e Tecnologia","Categoria Administrativa":"Pública Federal","Código":1100142,"Denominação":"Polo UAB Sobradinho","Endereço":"Rua Honório Luiz Guerreiro, Polo UAB Sobradinho, 270 - Vera Cruz","Polo":"A","Município":"Sobradinho"},"geometry":{"type":"Point","coordinates":[-53.024625,-29.4262647]}},{"type":"Feature","properties":{"Instituição - IES":" INSTITUTO FEDERAL DE EDUCAÇÃO, CIÊNCIA E TECNOLOGIA SUL-RIO-GRANDENSE","Sigla":"IFSul","Município sede":"Pelotas","Tipo":"Instituto Federal de Educação, Ciência e Tecnologia","Categoria Administrativa":"Pública Federal","Código":1136052,"Denominação":"Polo UAB Tapejara","Endereço":"Linha Girardi, Polo UAB Tapejara, km 3 - zona rural","Polo":"A","Município":"Tapejara"},"geometry":{"type":"Point","coordinates":[-52.0127039,-28.0564233]}},{"type":"Feature","properties":{"Instituição - IES":" INSTITUTO FEDERAL DE EDUCAÇÃO, CIÊNCIA E TECNOLOGIA SUL-RIO-GRANDENSE","Sigla":"IFSul","Município sede":"Pelotas","Tipo":"Instituto Federal de Educação, Ciência e Tecnologia","Categoria Administrativa":"Pública Federal","Código":1045567,"Denominação":"Campus Venâncio Aires","Endereço":"Avenida das Indústrias, 1865 - Universitário","Polo":"A","Município":"Venâncio Aires"},"geometry":{"type":"Point","coordinates":[-52.1704705,-29.6370075]}},{"type":"Feature","properties":{"Instituição - IES":" INSTITUTO FEDERAL DE EDUCAÇÃO, CIÊNCIA E TECNOLOGIA SUL-RIO-GRANDENSE","Sigla":"IFSul","Município sede":"Pelotas","Tipo":"Instituto Federal de Educação, Ciência e Tecnologia","Categoria Administrativa":"Pública Federal","Código":1045573,"Denominação":"Polo - Campus Venâncio Aires","Endereço":"Avenida das Indústrias, s/n, Polo - Campus Venâncio Aires, - Universitário","Polo":"A","Município":"Venâncio Aires"},"geometry":{"type":"Point","coordinates":[-52.1694159,-29.6356172]}},{"type":"Feature","properties":{"Instituição - IES":" INSTITUTO FEDERAL DE EDUCAÇÃO, CIÊNCIA E TECNOLOGIA SUL-RIO-GRANDENSE","Sigla":"IFSul","Município sede":"Pelotas","Tipo":"Instituto Federal de Educação, Ciência e Tecnologia","Categoria Administrativa":"Pública Federal","Código":1089144,"Denominação":"Polo UAB - Vila Flores","Endereço":"Rua Armando Criveletto, 146 - Centro","Polo":"A","Município":"Vila Flores"},"geometry":{"type":"Point","coordinates":[-51.55331704540596,-28.85915046107011]}},{"type":"Feature","properties":{"Instituição - IES":" Instituto Moinhos de Vento","Sigla":"-","Município sede":"Porto Alegre","Tipo":"Instituição Especialmente Credenciada para oferta de cursos lato sensu","Categoria Administrativa":"Privada sem fins lucrativos","Código":1076312,"Denominação":"Unidade Sede","Endereço":"Rua Ramiro Barcelos, - de 0488 a 1000 - lado par, 910 - Floresta","Polo":"-","Município":"Porto Alegre"},"geometry":{"type":"Point","coordinates":[-51.2124796,-30.0220836]}},{"type":"Feature","properties":{"Instituição - IES":" INSTITUTO SUPERIOR DE EDUCAÇÃO IVOTI","Sigla":"ISEI","Município sede":"Ivoti","Tipo":"Faculdade","Categoria Administrativa":"Privada sem fins lucrativos","Código":106033,"Denominação":"Unidade SEDE","Endereço":"Rua Júlio Hauser, 171 - Sete de Setembro","Polo":"-","Município":"Ivoti"},"geometry":{"type":"Point","coordinates":[-51.1611129,-29.6089764]}},{"type":"Feature","properties":{"Instituição - IES":" PONTIFÍCIA UNIVERSIDADE CATÓLICA DO RIO GRANDE DO SUL","Sigla":"PUCRS","Município sede":"Porto Alegre","Tipo":"Universidade","Categoria Administrativa":"Privada sem fins lucrativos","Código":1142710,"Denominação":"POLO BENTO GONÇALVES","Endereço":"Rua Ramiro Barcelos, 307 - Centro","Polo":"A","Município":"Bento Gonçalves"},"geometry":{"type":"Point","coordinates":[-51.515626,-29.1654122]}},{"type":"Feature","properties":{"Instituição - IES":" PONTIFÍCIA UNIVERSIDADE CATÓLICA DO RIO GRANDE DO SUL","Sigla":"PUCRS","Município sede":"Porto Alegre","Tipo":"Universidade","Categoria Administrativa":"Privada sem fins lucrativos","Código":1142688,"Denominação":"POLO PASSO FUNDO","Endereço":"Rua Fagundes dos Reis, POLO PASSO FUNDO, 746 - Centro","Polo":"A","Município":"Passo Fundo"},"geometry":{"type":"Point","coordinates":[-52.4065016,-28.2606498]}},{"type":"Feature","properties":{"Instituição - IES":" PONTIFÍCIA UNIVERSIDADE CATÓLICA DO RIO GRANDE DO SUL","Sigla":"PUCRS","Município sede":"Porto Alegre","Tipo":"Universidade","Categoria Administrativa":"Privada sem fins lucrativos","Código":1006454,"Denominação":"CENTRAL - PORTO ALEGRE","Endereço":"Av. Ipiranga, 6681 - Partenon","Polo":"A","Município":"Porto Alegre"},"geometry":{"type":"Point","coordinates":[-51.1713333999999,-30.0611112]}},{"type":"Feature","properties":{"Instituição - IES":" PONTIFÍCIA UNIVERSIDADE CATÓLICA DO RIO GRANDE DO SUL","Sigla":"PUCRS","Município sede":"Porto Alegre","Tipo":"Universidade","Categoria Administrativa":"Privada sem fins lucrativos","Código":354,"Denominação":"PUCRS - ÁREA DE PESQUISA, DESENVOLVIMENTO E INOVAÇÃO","Endereço":"BR 472, KM 07, São Domingos., KM 7, S/N - ZONA RURAL","Polo":"-","Município":"Uruguaiana"},"geometry":{"type":"Point","coordinates":[-57.092107,-29.8489852]}},{"type":"Feature","properties":{"Instituição - IES":" PONTIFÍCIA UNIVERSIDADE CATÓLICA DO RIO GRANDE DO SUL","Sigla":"PUCRS","Município sede":"Porto Alegre","Tipo":"Universidade","Categoria Administrativa":"Privada sem fins lucrativos","Código":2881,"Denominação":"VIAMÃO","Endereço":"Av. Senador Salgado Filho, 7000, Jardim Lisboa., ANTIGA FAFIMC, 7000 - Lisboa","Polo":"-","Município":"Viamão"},"geometry":{"type":"Point","coordinates":[-51.0340956,-30.0827721]}},{"type":"Feature","properties":{"Instituição - IES":" UNIVERSIDADE CATÓLICA DE PELOTAS","Sigla":"UCPEL","Município sede":"Pelotas","Tipo":"Universidade","Categoria Administrativa":"Privada sem fins lucrativos","Código":608,"Denominação":"UCPel","Endereço":"Rua Félix da Cunha, 412 - Centro","Polo":"A","Município":"Pelotas"},"geometry":{"type":"Point","coordinates":[-52.3416654,-31.774609]}},{"type":"Feature","properties":{"Instituição - IES":" UNIVERSIDADE DE CAXIAS DO SUL","Sigla":"UCS","Município sede":"Caxias do Sul","Tipo":"Universidade","Categoria Administrativa":"Privada sem fins lucrativos","Código":1106344,"Denominação":"Polo de Antonio Prado - FAP","Endereço":"Linha Amarilio, Polo de Antonio Prado - FAP, - Lote Rural","Polo":"A","Município":"Antônio Prado"},"geometry":{"type":"Point","coordinates":[-51.222028,-28.863753]}},{"type":"Feature","properties":{"Instituição - IES":" UNIVERSIDADE DE CAXIAS DO SUL","Sigla":"UCS","Município sede":"Caxias do Sul","Tipo":"Universidade","Categoria Administrativa":"Privada sem fins lucrativos","Código":585,"Denominação":"CAMPUS UNIVERSITÁRIO DA REGIÃO DOS VINHEDOS","Endereço":"RUA ALAMEDA JOÃO DAL SASSO, 800 - UNIVERSITÁRIO","Polo":"A","Município":"Bento Gonçalves"},"geometry":{"type":"Point","coordinates":[-51.5197858,-29.1473749]}},{"type":"Feature","properties":{"Instituição - IES":" UNIVERSIDADE DE CAXIAS DO SUL","Sigla":"UCS","Município sede":"Caxias do Sul","Tipo":"Universidade","Categoria Administrativa":"Privada sem fins lucrativos","Código":603,"Denominação":"CAMPUS UNIVERSITÁRIO DA REGIÃO DAS HORTÊNSIAS","Endereço":"RUA RODOLFO SCHILIEPER, 222 - CENTRO","Polo":"A","Município":"Canela"},"geometry":{"type":"Point","coordinates":[-50.8174707,-29.3653652]}},{"type":"Feature","properties":{"Instituição - IES":" UNIVERSIDADE DE CAXIAS DO SUL","Sigla":"UCS","Município sede":"Caxias do Sul","Tipo":"Universidade","Categoria Administrativa":"Privada sem fins lucrativos","Código":685576,"Denominação":"ARTES E ARQUITETURA","Endereço":"Avenida Frederico Segalla, CENTRO DE ARTES E ARQUITETURA, 3099 - Samuara","Polo":"-","Município":"Caxias do Sul"},"geometry":{"type":"Point","coordinates":[-51.2648103,-29.1846004]}},{"type":"Feature","properties":{"Instituição - IES":" UNIVERSIDADE DE CAXIAS DO SUL","Sigla":"UCS","Município sede":"Caxias do Sul","Tipo":"Universidade","Categoria Administrativa":"Privada sem fins lucrativos","Código":1003692,"Denominação":"CAMPUS SEDE","Endereço":"Rua Francisco Getúlio Vargas, CAMPUS SEDE, 1130 - Petrópolis","Polo":"A","Município":"Caxias do Sul"},"geometry":{"type":"Point","coordinates":[-51.1517092,-29.1634475]}},{"type":"Feature","properties":{"Instituição - IES":" UNIVERSIDADE DE CAXIAS DO SUL","Sigla":"UCS","Município sede":"Caxias do Sul","Tipo":"Universidade","Categoria Administrativa":"Privada sem fins lucrativos","Código":607,"Denominação":"CAMPUS UNIVERSITÁRIO DE FARROUPILHA","Endereço":"RODOVIA DOS ROMEIROS, CAMPUS UNIVERSITÁRIO DE FARROUPILHA, 567 - BELA VISTA","Polo":"A","Município":"Farroupilha"},"geometry":{"type":"Point","coordinates":[-51.3514921,-29.2115319]}},{"type":"Feature","properties":{"Instituição - IES":" UNIVERSIDADE DE CAXIAS DO SUL","Sigla":"UCS","Município sede":"Caxias do Sul","Tipo":"Universidade","Categoria Administrativa":"Privada sem fins lucrativos","Código":606,"Denominação":"CAMPUS UNIVERSITÁRIO DE GUAPORÉ I","Endereço":"129 KM 119, Distrito de Colombo., CAMPUS UNIVERSITÁRIO DE GUAPORÉ I, s/n - Distrito Colombo","Polo":"A","Município":"Guaporé"},"geometry":{"type":"Point","coordinates":[-51.890107,-28.8479609]}},{"type":"Feature","properties":{"Instituição - IES":" UNIVERSIDADE DE CAXIAS DO SUL","Sigla":"UCS","Município sede":"Caxias do Sul","Tipo":"Universidade","Categoria Administrativa":"Privada sem fins lucrativos","Código":1077889,"Denominação":"CAMPUS UNIVERSITÁRIO DE GUAPORÉ","Endereço":"Rua do Poente, CAMPUS UNIVERSITÁRIO DE GUAPORÉ, 633 - Centro","Polo":"-","Município":"Guaporé"},"geometry":{"type":"Point","coordinates":[-51.8953176,-28.8458325]}},{"type":"Feature","properties":{"Instituição - IES":" UNIVERSIDADE DE CAXIAS DO SUL","Sigla":"UCS","Município sede":"Caxias do Sul","Tipo":"Universidade","Categoria Administrativa":"Privada sem fins lucrativos","Código":7408,"Denominação":"PÓLO DE MONTENEGRO","Endereço":"Rua Padre Alberto Trasel, s/n - -","Polo":"A","Município":"Montenegro"},"geometry":{"type":"Point","coordinates":[-51.4766632,-29.6882676]}},{"type":"Feature","properties":{"Instituição - IES":" UNIVERSIDADE DE CAXIAS DO SUL","Sigla":"UCS","Município sede":"Caxias do Sul","Tipo":"Universidade","Categoria Administrativa":"Privada sem fins lucrativos","Código":604,"Denominação":"CAMPUS UNIVERSITÁRIO DE NOVA PRATA","Endereço":"RUA CLEMENTE TARASCONI, 71 - CENTRO","Polo":"A","Município":"Nova Prata"},"geometry":{"type":"Point","coordinates":[-51.6107437999999,-28.7854423]}},{"type":"Feature","properties":{"Instituição - IES":" UNIVERSIDADE DE CAXIAS DO SUL","Sigla":"UCS","Município sede":"Caxias do Sul","Tipo":"Universidade","Categoria Administrativa":"Privada sem fins lucrativos","Código":150924,"Denominação":"PÓLO DE APOIO PRESENCIAL PORTO ALEGRE","Endereço":"Av. Frederico Mentz, DC Navegantes - Sala 172C, 1561 - Navegantes","Polo":"A","Município":"Porto Alegre"},"geometry":{"type":"Point","coordinates":[-51.2038472,-29.9955804]}},{"type":"Feature","properties":{"Instituição - IES":" UNIVERSIDADE DE CAXIAS DO SUL","Sigla":"UCS","Município sede":"Caxias do Sul","Tipo":"Universidade","Categoria Administrativa":"Privada sem fins lucrativos","Código":7409,"Denominação":"PÓLO DE SÃO MARCOS","Endereço":"Av. Venâncio Aires, 166 - Centro","Polo":"A","Município":"São Marcos"},"geometry":{"type":"Point","coordinates":[-51.0614670999999,-28.9700733]}},{"type":"Feature","properties":{"Instituição - IES":" UNIVERSIDADE DE CAXIAS DO SUL","Sigla":"UCS","Município sede":"Caxias do Sul","Tipo":"Universidade","Categoria Administrativa":"Privada sem fins lucrativos","Código":616,"Denominação":"CAMPUS UNIVERSITÁRIO VALE DO CAÍ","Endereço":"122 KM 10, Lajeadinho, S/Nº - LAJEADINHO","Polo":"A","Município":"São Sebastião do Caí"},"geometry":{"type":"Point","coordinates":[-50.751931,-29.5818402]}},{"type":"Feature","properties":{"Instituição - IES":" UNIVERSIDADE DE CAXIAS DO SUL","Sigla":"UCS","Município sede":"Caxias do Sul","Tipo":"Universidade","Categoria Administrativa":"Privada sem fins lucrativos","Código":7410,"Denominação":"PÓLO DE TERRA DE AREIA","Endereço":"Rua Osvaldo Bastos, 910 - Centro","Polo":"A","Município":"Terra de Areia"},"geometry":{"type":"Point","coordinates":[-50.0657968,-29.5809966]}},{"type":"Feature","properties":{"Instituição - IES":" UNIVERSIDADE DE CAXIAS DO SUL","Sigla":"UCS","Município sede":"Caxias do Sul","Tipo":"Universidade","Categoria Administrativa":"Privada sem fins lucrativos","Código":1110090,"Denominação":"POLO DE TORRES","Endereço":"Rua José Bonifácio, POLO DE TORRES, 793 - Centro","Polo":"A","Município":"Torres"},"geometry":{"type":"Point","coordinates":[-49.728226,-29.3383976]}},{"type":"Feature","properties":{"Instituição - IES":" UNIVERSIDADE DE CAXIAS DO SUL","Sigla":"UCS","Município sede":"Caxias do Sul","Tipo":"Universidade","Categoria Administrativa":"Privada sem fins lucrativos","Código":586,"Denominação":"CAMPUS UNIVERSITÁRIO DE VACARIA","Endereço":"Av. Dom Frei Cândido M. Bampi, 2800, Barcelos., 2020 - Vitória","Polo":"A","Município":"Vacaria"},"geometry":{"type":"Point","coordinates":[-50.9406463,-28.492854]}},{"type":"Feature","properties":{"Instituição - IES":" UNIVERSIDADE DE CAXIAS DO SUL","Sigla":"UCS","Município sede":"Caxias do Sul","Tipo":"Universidade","Categoria Administrativa":"Privada sem fins lucrativos","Código":22431,"Denominação":"NÚCLEO UNIVERSITÁRIO DE VERANÓPOLIS","Endereço":"Av. Dr. José Montaury, 181., 181 - -","Polo":"A","Município":"Veranópolis"},"geometry":{"type":"Point","coordinates":[-51.5495092,-28.939297]}},{"type":"Feature","properties":{"Instituição - IES":" UNIVERSIDADE DE CRUZ ALTA","Sigla":"UNICRUZ","Município sede":"Cruz Alta","Tipo":"Universidade","Categoria Administrativa":"Privada sem fins lucrativos","Código":1392,"Denominação":"POLO NA SEDE","Endereço":"AGF Duque de Caxias, s/n - Centro","Polo":"A","Município":"Cruz Alta"},"geometry":{"type":"Point","coordinates":[-53.6076634,-28.6388646]}},{"type":"Feature","properties":{"Instituição - IES":" UNIVERSIDADE DE CRUZ ALTA","Sigla":"UNICRUZ","Município sede":"Cruz Alta","Tipo":"Universidade","Categoria Administrativa":"Privada sem fins lucrativos","Código":1079537,"Denominação":"Campus Universitário Dr. Ulysses Guimarães","Endereço":"Rodovia Municipal Jacob Della Mea, KM 5,6, s/n - Parada Benito","Polo":"A","Município":"Cruz Alta"},"geometry":{"type":"Point","coordinates":[-53.6068645999999,-28.6789282]}},{"type":"Feature","properties":{"Instituição - IES":" UNIVERSIDADE DE CRUZ ALTA","Sigla":"UNICRUZ","Município sede":"Cruz Alta","Tipo":"Universidade","Categoria Administrativa":"Privada sem fins lucrativos","Código":1004273,"Denominação":"UNICRUZ CENTRO","Endereço":"Rua Andrade Neves, 308 - Centro","Polo":"A","Município":"Cruz Alta"},"geometry":{"type":"Point","coordinates":[-53.6045893,-28.6410683]}},{"type":"Feature","properties":{"Instituição - IES":" UNIVERSIDADE DE PASSO FUNDO","Sigla":"UPF","Município sede":"Passo Fundo","Tipo":"Universidade","Categoria Administrativa":"Privada sem fins lucrativos","Código":1043439,"Denominação":"UPF Campus Carazinho","Endereço":"Rua Diamantino Tombini, -, 300 - Oriental","Polo":"A","Município":"Carazinho"},"geometry":{"type":"Point","coordinates":[-52.7736935999999,-28.2832182]}},{"type":"Feature","properties":{"Instituição - IES":" UNIVERSIDADE DE PASSO FUNDO","Sigla":"UPF","Município sede":"Passo Fundo","Tipo":"Universidade","Categoria Administrativa":"Privada sem fins lucrativos","Código":1043438,"Denominação":"UPF Campus Casca","Endereço":"Rua Barão do Rio Branco, -, 375 - centro","Polo":"A","Município":"Casca"},"geometry":{"type":"Point","coordinates":[-51.9792558,-28.5620221]}},{"type":"Feature","properties":{"Instituição - IES":" UNIVERSIDADE DE PASSO FUNDO","Sigla":"UPF","Município sede":"Passo Fundo","Tipo":"Universidade","Categoria Administrativa":"Privada sem fins lucrativos","Código":295,"Denominação":"UPF Campus Lagoa Vermelha","Endereço":"Rua Protásio Alves, UPF Campus Lagoa Vermelha, 50 - Alto Pedregal","Polo":"A","Município":"Lagoa Vermelha"},"geometry":{"type":"Point","coordinates":[-51.5189003,-28.2021318]}},{"type":"Feature","properties":{"Instituição - IES":" UNIVERSIDADE DE PASSO FUNDO","Sigla":"UPF","Município sede":"Passo Fundo","Tipo":"Universidade","Categoria Administrativa":"Privada sem fins lucrativos","Código":1162673,"Denominação":"Polo UPF Marau","Endereço":"Rua Bento Gonçalves, Polo UPF Marau, 10 - Bela Vista","Polo":"A","Município":"Marau"},"geometry":{"type":"Point","coordinates":[-52.2076667,-28.4480529]}},{"type":"Feature","properties":{"Instituição - IES":" UNIVERSIDADE DE PASSO FUNDO","Sigla":"UPF","Município sede":"Passo Fundo","Tipo":"Universidade","Categoria Administrativa":"Privada sem fins lucrativos","Código":296,"Denominação":"UPF Campus Palmeira das Missões","Endereço":"Rua Francisco Ferreira Martins, UPF Campus Palmeira das Missões, 360 - Vila Lütz","Polo":"-","Município":"Palmeira das Missões"},"geometry":{"type":"Point","coordinates":[-53.3104459,-27.8898967]}},{"type":"Feature","properties":{"Instituição - IES":" UNIVERSIDADE DE PASSO FUNDO","Sigla":"UPF","Município sede":"Passo Fundo","Tipo":"Universidade","Categoria Administrativa":"Privada sem fins lucrativos","Código":657682,"Denominação":"UPF Campus I","Endereço":"Upf Campus Passo Fundo - Campus I, BR 285 - KM 171, s/n - São José","Polo":"A","Município":"Passo Fundo"},"geometry":{"type":"Point","coordinates":[-52.3631134,-28.239778]}},{"type":"Feature","properties":{"Instituição - IES":" UNIVERSIDADE DE PASSO FUNDO","Sigla":"UPF","Município sede":"Passo Fundo","Tipo":"Universidade","Categoria Administrativa":"Privada sem fins lucrativos","Código":2837,"Denominação":"UPF Campus Sarandi","Endereço":"Avenida Expedicionários, UPF Campus Sarandi, 64-A - Centro","Polo":"A","Município":"Sarandi"},"geometry":{"type":"Point","coordinates":[-52.926322387910744,-27.945473009363344]}},{"type":"Feature","properties":{"Instituição - IES":" UNIVERSIDADE DE PASSO FUNDO","Sigla":"UPF","Município sede":"Passo Fundo","Tipo":"Universidade","Categoria Administrativa":"Privada sem fins lucrativos","Código":297,"Denominação":"UPF Campus Soledade","Endereço":"Avenida Marechal Floriano Peixoto, UPF Campus Soledade, 3033 - Missões","Polo":"A","Município":"Soledade"},"geometry":{"type":"Point","coordinates":[-52.5080178,-28.8107279]}},{"type":"Feature","properties":{"Instituição - IES":" UNIVERSIDADE DE SANTA CRUZ DO SUL","Sigla":"UNISC","Município sede":"Santa Cruz do Sul","Tipo":"Universidade","Categoria Administrativa":"Privada sem fins lucrativos","Código":2054,"Denominação":"Capão da Canoa","Endereço":"Rua da Garoupa, Posto 2, s/n - Capão Novo","Polo":"A","Município":"Capão da Canoa"},"geometry":{"type":"Point","coordinates":[-49.9882575,-29.6932814]}},{"type":"Feature","properties":{"Instituição - IES":" UNIVERSIDADE DE SANTA CRUZ DO SUL","Sigla":"UNISC","Município sede":"Santa Cruz do Sul","Tipo":"Universidade","Categoria Administrativa":"Privada sem fins lucrativos","Código":143837,"Denominação":"Montenegro","Endereço":"Estrada Antônio Ignácio de Oliveira Filho, 1.020 - Zootecnia","Polo":"A","Município":"Montenegro"},"geometry":{"type":"Point","coordinates":[-51.4680471,-29.6816904]}},{"type":"Feature","properties":{"Instituição - IES":" UNIVERSIDADE DE SANTA CRUZ DO SUL","Sigla":"UNISC","Município sede":"Santa Cruz do Sul","Tipo":"Universidade","Categoria Administrativa":"Privada sem fins lucrativos","Código":1002398,"Denominação":"SANTA CRUZ DO SUL (SEDE)","Endereço":"Avenida Independência, 2293 - Universitário","Polo":"A","Município":"Santa Cruz do Sul"},"geometry":{"type":"Point","coordinates":[-52.4365996,-29.6979357]}},{"type":"Feature","properties":{"Instituição - IES":" UNIVERSIDADE DE SANTA CRUZ DO SUL","Sigla":"UNISC","Município sede":"Santa Cruz do Sul","Tipo":"Universidade","Categoria Administrativa":"Privada sem fins lucrativos","Código":1781,"Denominação":"Sobradinho","Endereço":"Rua Carlos Heitor de Azevedo, 133 - Maieron","Polo":"A","Município":"Sobradinho"},"geometry":{"type":"Point","coordinates":[-53.0271149,-29.4139575]}},{"type":"Feature","properties":{"Instituição - IES":" UNIVERSIDADE DE SANTA CRUZ DO SUL","Sigla":"UNISC","Município sede":"Santa Cruz do Sul","Tipo":"Universidade","Categoria Administrativa":"Privada sem fins lucrativos","Código":2410,"Denominação":"Venâncio Aires","Endereço":"Avenida das Indústrias, 2111 - Universitário","Polo":"A","Município":"Venâncio Aires"},"geometry":{"type":"Point","coordinates":[-52.1654381,-29.6380416]}},{"type":"Feature","properties":{"Instituição - IES":" UNIVERSIDADE DO VALE DO RIO DOS SINOS","Sigla":"UNISINOS","Município sede":"São Leopoldo","Tipo":"Universidade","Categoria Administrativa":"Privada sem fins lucrativos","Código":1107271,"Denominação":"Polo Unisinos Alvorada","Endereço":"Avenida Zero Hora, Polo Unisinos Alvorada, 1075 - Jardim Algarve","Polo":"A","Município":"Alvorada"},"geometry":{"type":"Point","coordinates":[-51.0775673,-30.0299048]}},{"type":"Feature","properties":{"Instituição - IES":" UNIVERSIDADE DO VALE DO RIO DOS SINOS","Sigla":"UNISINOS","Município sede":"São Leopoldo","Tipo":"Universidade","Categoria Administrativa":"Privada sem fins lucrativos","Código":1124390,"Denominação":"Polo Unisinos Arroio dos Ratos","Endereço":"Av. Amadeu Dalbem, Polo Unisinos Arroio dos Ratos, 03 - Centro","Polo":"A","Município":"Arroio dos Ratos"},"geometry":{"type":"Point","coordinates":[-51.7352121,-30.0926706]}},{"type":"Feature","properties":{"Instituição - IES":" UNIVERSIDADE DO VALE DO RIO DOS SINOS","Sigla":"UNISINOS","Município sede":"São Leopoldo","Tipo":"Universidade","Categoria Administrativa":"Privada sem fins lucrativos","Código":1124259,"Denominação":"Polo Unisinos Bento Gon?alves","Endereço":"Travessa Fernandes Vieira, 123 - Cidade Alta","Polo":"A","Município":"Bento Gonçalves"},"geometry":{"type":"Point","coordinates":[-51.5178933,-29.1720486]}},{"type":"Feature","properties":{"Instituição - IES":" UNIVERSIDADE DO VALE DO RIO DOS SINOS","Sigla":"UNISINOS","Município sede":"São Leopoldo","Tipo":"Universidade","Categoria Administrativa":"Privada sem fins lucrativos","Código":1070993,"Denominação":"Polo Unisinos Cachoeirinha","Endereço":"Rua Papa João XXIII, Polo Unisinos Cachoeirinha, 300 - Vila Cachoeirinha","Polo":"A","Município":"Cachoeirinha"},"geometry":{"type":"Point","coordinates":[-51.0944798,-29.951707]}},{"type":"Feature","properties":{"Instituição - IES":" UNIVERSIDADE DO VALE DO RIO DOS SINOS","Sigla":"UNISINOS","Município sede":"São Leopoldo","Tipo":"Universidade","Categoria Administrativa":"Privada sem fins lucrativos","Código":1124821,"Denominação":"Polo Unisinos Camaqua","Endereço":"Rua Alvaro Macedo, Polo Unisinos Camaqua, 125 - Centro","Polo":"A","Município":"Camaquã"},"geometry":{"type":"Point","coordinates":[-51.8113418,-30.8512862]}},{"type":"Feature","properties":{"Instituição - IES":" UNIVERSIDADE DO VALE DO RIO DOS SINOS","Sigla":"UNISINOS","Município sede":"São Leopoldo","Tipo":"Universidade","Categoria Administrativa":"Privada sem fins lucrativos","Código":1069381,"Denominação":"Polo Unisinos Campo Bom","Endereço":"Rua Santo Inácio de Loiola, 196 - Centro","Polo":"A","Município":"Campo Bom"},"geometry":{"type":"Point","coordinates":[-51.0633066,-29.6778212]}},{"type":"Feature","properties":{"Instituição - IES":" UNIVERSIDADE DO VALE DO RIO DOS SINOS","Sigla":"UNISINOS","Município sede":"São Leopoldo","Tipo":"Universidade","Categoria Administrativa":"Privada sem fins lucrativos","Código":1150497,"Denominação":"Polo Unisinos Canela","Endereço":"Rua Augusto Pestana, 734 - Centro","Polo":"A","Município":"Canela"},"geometry":{"type":"Point","coordinates":[-50.8076421,-29.3619891]}},{"type":"Feature","properties":{"Instituição - IES":" UNIVERSIDADE DO VALE DO RIO DOS SINOS","Sigla":"UNISINOS","Município sede":"São Leopoldo","Tipo":"Universidade","Categoria Administrativa":"Privada sem fins lucrativos","Código":1114938,"Denominação":"Polo Unisinos Canoas","Endereço":"Rua Domingos Martins, 274 - Centro","Polo":"A","Município":"Canoas"},"geometry":{"type":"Point","coordinates":[-51.1821898,-29.9149351]}},{"type":"Feature","properties":{"Instituição - IES":" UNIVERSIDADE DO VALE DO RIO DOS SINOS","Sigla":"UNISINOS","Município sede":"São Leopoldo","Tipo":"Universidade","Categoria Administrativa":"Privada sem fins lucrativos","Código":1107275,"Denominação":"Polo Unisinos Capão da Canoa","Endereço":"Avenida Flavio Boianowski, Polo Unisinos Capão da Canoa, 930 - Centro","Polo":"A","Município":"Capão da Canoa"},"geometry":{"type":"Point","coordinates":[-50.0177978,-29.7535958]}},{"type":"Feature","properties":{"Instituição - IES":" UNIVERSIDADE DO VALE DO RIO DOS SINOS","Sigla":"UNISINOS","Município sede":"São Leopoldo","Tipo":"Universidade","Categoria Administrativa":"Privada sem fins lucrativos","Código":1120181,"Denominação":"Polo Unisinos Carlos Barbosa","Endereço":"Rua Rio Branco, Polo Unisinos Carlos Barbosa, 17 - Centro","Polo":"A","Município":"Carlos Barbosa"},"geometry":{"type":"Point","coordinates":[-51.5012833,-29.2980353]}},{"type":"Feature","properties":{"Instituição - IES":" UNIVERSIDADE DO VALE DO RIO DOS SINOS","Sigla":"UNISINOS","Município sede":"São Leopoldo","Tipo":"Universidade","Categoria Administrativa":"Privada sem fins lucrativos","Código":1107724,"Denominação":"Polo Unisinos Caxias do Sul","Endereço":"Rua Sinimbu, 1127 - Centro","Polo":"A","Município":"Caxias do Sul"},"geometry":{"type":"Point","coordinates":[-51.1726933,-29.1685081]}},{"type":"Feature","properties":{"Instituição - IES":" UNIVERSIDADE DO VALE DO RIO DOS SINOS","Sigla":"UNISINOS","Município sede":"São Leopoldo","Tipo":"Universidade","Categoria Administrativa":"Privada sem fins lucrativos","Código":1119212,"Denominação":"Polo Unisinos Charqueadas","Endereço":"Rua Salvador Leão, Polo Unisinos Charqueadas, 01 - Centro","Polo":"A","Município":"Charqueadas"},"geometry":{"type":"Point","coordinates":[-51.6263811,-29.9515797]}},{"type":"Feature","properties":{"Instituição - IES":" UNIVERSIDADE DO VALE DO RIO DOS SINOS","Sigla":"UNISINOS","Município sede":"São Leopoldo","Tipo":"Universidade","Categoria Administrativa":"Privada sem fins lucrativos","Código":1115842,"Denominação":"Polo Unisinos Dois Irmaos","Endereço":"Av. Irineu Becker, Polo Unisinos Dois Irmaos, 629 - Centro","Polo":"A","Município":"Dois Irmãos"},"geometry":{"type":"Point","coordinates":[-51.0901069,-29.5801674]}},{"type":"Feature","properties":{"Instituição - IES":" UNIVERSIDADE DO VALE DO RIO DOS SINOS","Sigla":"UNISINOS","Município sede":"São Leopoldo","Tipo":"Universidade","Categoria Administrativa":"Privada sem fins lucrativos","Código":1105234,"Denominação":"Polo Unisinos Eldorado do Sul","Endereço":"Rua Laguna, Polo Unisinos Eldorado do Sul, 185 - Centro","Polo":"A","Município":"Eldorado do Sul"},"geometry":{"type":"Point","coordinates":[-51.3100263,-29.9959399]}},{"type":"Feature","properties":{"Instituição - IES":" UNIVERSIDADE DO VALE DO RIO DOS SINOS","Sigla":"UNISINOS","Município sede":"São Leopoldo","Tipo":"Universidade","Categoria Administrativa":"Privada sem fins lucrativos","Código":1106270,"Denominação":"Polo Unisinos Estância Velha","Endereço":"Rua Treze de Maio, Polo Unisinos Estância Velha, 105 - Lira","Polo":"A","Município":"Estância Velha"},"geometry":{"type":"Point","coordinates":[-51.1824995,-29.6529491]}},{"type":"Feature","properties":{"Instituição - IES":" UNIVERSIDADE DO VALE DO RIO DOS SINOS","Sigla":"UNISINOS","Município sede":"São Leopoldo","Tipo":"Universidade","Categoria Administrativa":"Privada sem fins lucrativos","Código":1106428,"Denominação":"Polo Unisinos Esteio","Endereço":"Rua Vinte e Quatro de Agosto, Polo Unisinos Esteio, 521 - Centro","Polo":"A","Município":"Esteio"},"geometry":{"type":"Point","coordinates":[-51.1719145,-29.8513568]}},{"type":"Feature","properties":{"Instituição - IES":" UNIVERSIDADE DO VALE DO RIO DOS SINOS","Sigla":"UNISINOS","Município sede":"São Leopoldo","Tipo":"Universidade","Categoria Administrativa":"Privada sem fins lucrativos","Código":1070994,"Denominação":"Polo Unisinos Estrela","Endereço":"Rua Nilo Peçanha, Polo Unisinos Estrela, 104 - Oriental","Polo":"A","Município":"Estrela"},"geometry":{"type":"Point","coordinates":[-51.964737,-29.4903473]}},{"type":"Feature","properties":{"Instituição - IES":" UNIVERSIDADE DO VALE DO RIO DOS SINOS","Sigla":"UNISINOS","Município sede":"São Leopoldo","Tipo":"Universidade","Categoria Administrativa":"Privada sem fins lucrativos","Código":1125429,"Denominação":"Polo Unisinos Frederico Westphalen","Endereço":"Rua Tenente Portela, Polo Unisinos Frederico Westphalen, 401 - Centro","Polo":"A","Município":"Frederico Westphalen"},"geometry":{"type":"Point","coordinates":[-53.3963383,-27.3591454]}},{"type":"Feature","properties":{"Instituição - IES":" UNIVERSIDADE DO VALE DO RIO DOS SINOS","Sigla":"UNISINOS","Município sede":"São Leopoldo","Tipo":"Universidade","Categoria Administrativa":"Privada sem fins lucrativos","Código":1117085,"Denominação":"Polo Unisinos Gravataí","Endereço":"Rua Doutor Luiz Bastos do Prado, 1846 - Centro","Polo":"A","Município":"Gravataí"},"geometry":{"type":"Point","coordinates":[-50.9942763,-29.9388811]}},{"type":"Feature","properties":{"Instituição - IES":" UNIVERSIDADE DO VALE DO RIO DOS SINOS","Sigla":"UNISINOS","Município sede":"São Leopoldo","Tipo":"Universidade","Categoria Administrativa":"Privada sem fins lucrativos","Código":1134923,"Denominação":"Polo Unisinos Guaiba","Endereço":"Rua Vinte de Setembro, 126 - Centro","Polo":"A","Município":"Guaíba"},"geometry":{"type":"Point","coordinates":[-51.3177225,-30.1043406]}},{"type":"Feature","properties":{"Instituição - IES":" UNIVERSIDADE DO VALE DO RIO DOS SINOS","Sigla":"UNISINOS","Município sede":"São Leopoldo","Tipo":"Universidade","Categoria Administrativa":"Privada sem fins lucrativos","Código":1105235,"Denominação":"Polo Unisinos Igrejinha","Endereço":"Rua Dr. Edmundo Lauffer, Polo Unisinos Igrejinha, 25 - Bom Pastor","Polo":"A","Município":"Igrejinha"},"geometry":{"type":"Point","coordinates":[-50.8011618,-29.5696806]}},{"type":"Feature","properties":{"Instituição - IES":" UNIVERSIDADE DO VALE DO RIO DOS SINOS","Sigla":"UNISINOS","Município sede":"São Leopoldo","Tipo":"Universidade","Categoria Administrativa":"Privada sem fins lucrativos","Código":1123542,"Denominação":"Polo Unisinos Itaqui","Endereço":"Rua Borges do Canto, Polo Unisinos Itaqui, 1405 - Centro","Polo":"A","Município":"Itaqui"},"geometry":{"type":"Point","coordinates":[-56.5558527,-29.1239327]}},{"type":"Feature","properties":{"Instituição - IES":" UNIVERSIDADE DO VALE DO RIO DOS SINOS","Sigla":"UNISINOS","Município sede":"São Leopoldo","Tipo":"Universidade","Categoria Administrativa":"Privada sem fins lucrativos","Código":1130182,"Denominação":"Polo Unisinos Ivoti","Endereço":"Av. Presidente Lucena, Polo Unisinos Ivoti, 1715 - Harmonia","Polo":"A","Município":"Ivoti"},"geometry":{"type":"Point","coordinates":[-51.1650749,-29.6064015999999]}},{"type":"Feature","properties":{"Instituição - IES":" UNIVERSIDADE DO VALE DO RIO DOS SINOS","Sigla":"UNISINOS","Município sede":"São Leopoldo","Tipo":"Universidade","Categoria Administrativa":"Privada sem fins lucrativos","Código":1118040,"Denominação":"Polo Unisinos Lajeado","Endereço":"Rua Carlos Fett Filho, Polo Unisinos Lajeado, 188 - Americano","Polo":"A","Município":"Lajeado"},"geometry":{"type":"Point","coordinates":[-51.9669197,-29.45833]}},{"type":"Feature","properties":{"Instituição - IES":" UNIVERSIDADE DO VALE DO RIO DOS SINOS","Sigla":"UNISINOS","Município sede":"São Leopoldo","Tipo":"Universidade","Categoria Administrativa":"Privada sem fins lucrativos","Código":1122612,"Denominação":"Polo Unisinos Montenegro","Endereço":"Rua Osvaldo Aranha, 1697 - Centro","Polo":"A","Município":"Montenegro"},"geometry":{"type":"Point","coordinates":[-51.4580418,-29.6847772]}},{"type":"Feature","properties":{"Instituição - IES":" UNIVERSIDADE DO VALE DO RIO DOS SINOS","Sigla":"UNISINOS","Município sede":"São Leopoldo","Tipo":"Universidade","Categoria Administrativa":"Privada sem fins lucrativos","Código":1125490,"Denominação":"Polo Unisinos Nova Petropolis","Endereço":"Rua Dom Pedro II, Polo Unisinos Nova Petropolis, 34 - Centro","Polo":"A","Município":"Nova Petrópolis"},"geometry":{"type":"Point","coordinates":[-51.1088158,-29.3753231]}},{"type":"Feature","properties":{"Instituição - IES":" UNIVERSIDADE DO VALE DO RIO DOS SINOS","Sigla":"UNISINOS","Município sede":"São Leopoldo","Tipo":"Universidade","Categoria Administrativa":"Privada sem fins lucrativos","Código":1130966,"Denominação":"Polo Unisinos Panambi","Endereço":"Aveninda Presidente Kenedy, Polo Unisinos Panambi, 1132 - Piratini","Polo":"A","Município":"Panambi"},"geometry":{"type":"Point","coordinates":[-53.5039163,-28.3073859]}},{"type":"Feature","properties":{"Instituição - IES":" UNIVERSIDADE DO VALE DO RIO DOS SINOS","Sigla":"UNISINOS","Município sede":"São Leopoldo","Tipo":"Universidade","Categoria Administrativa":"Privada sem fins lucrativos","Código":1107129,"Denominação":"Polo Unisinos Parobé","Endereço":"Rua Odorico Mosmann, Polo Unisinos Parobé, 128 - Centro","Polo":"A","Município":"Parobé"},"geometry":{"type":"Point","coordinates":[-50.8341303,-29.6318644]}},{"type":"Feature","properties":{"Instituição - IES":" UNIVERSIDADE DO VALE DO RIO DOS SINOS","Sigla":"UNISINOS","Município sede":"São Leopoldo","Tipo":"Universidade","Categoria Administrativa":"Privada sem fins lucrativos","Código":1092015,"Denominação":"Polo Unisinos Passo Fundo","Endereço":"Avenida Brasil Oeste, Polo Unisinos Passo Fundo, 952 - Centro","Polo":"A","Município":"Passo Fundo"},"geometry":{"type":"Point","coordinates":[-52.4022317,-28.2582119]}},{"type":"Feature","properties":{"Instituição - IES":" UNIVERSIDADE DO VALE DO RIO DOS SINOS","Sigla":"UNISINOS","Município sede":"São Leopoldo","Tipo":"Universidade","Categoria Administrativa":"Privada sem fins lucrativos","Código":1124822,"Denominação":"Polo Unisinos Pelotas","Endereço":"Rua Dom Pedro II, Polo Unisinos Pelotas, 855 - Centro","Polo":"A","Município":"Pelotas"},"geometry":{"type":"Point","coordinates":[-52.3388397,-31.7746661]}},{"type":"Feature","properties":{"Instituição - IES":" UNIVERSIDADE DO VALE DO RIO DOS SINOS","Sigla":"UNISINOS","Município sede":"São Leopoldo","Tipo":"Universidade","Categoria Administrativa":"Privada sem fins lucrativos","Código":1118404,"Denominação":"Campus Porto Alegre","Endereço":"Avenida Doutor Nilo Peçanha, Campus Porto Alegre, 1600 - Boa Vista","Polo":"A","Município":"Porto Alegre"},"geometry":{"type":"Point","coordinates":[-51.1721953,-30.02758]}},{"type":"Feature","properties":{"Instituição - IES":" UNIVERSIDADE DO VALE DO RIO DOS SINOS","Sigla":"UNISINOS","Município sede":"São Leopoldo","Tipo":"Universidade","Categoria Administrativa":"Privada sem fins lucrativos","Código":1049099,"Denominação":"Unisinos Porto Alegre","Endereço":"Rua Luiz Manoel Gonzaga, 744 - Três Figueiras","Polo":"-","Município":"Porto Alegre"},"geometry":{"type":"Point","coordinates":[-51.1747461,-30.0313645]}},{"type":"Feature","properties":{"Instituição - IES":" UNIVERSIDADE DO VALE DO RIO DOS SINOS","Sigla":"UNISINOS","Município sede":"São Leopoldo","Tipo":"Universidade","Categoria Administrativa":"Privada sem fins lucrativos","Código":1123543,"Denominação":"Polo Unisinos Rio Grande","Endereço":"Rua Marechal Floriano Peixoto, Polo Unisinos Rio Grande, 586 - Centro","Polo":"A","Município":"Rio Grande"},"geometry":{"type":"Point","coordinates":[-52.09838,-32.0350545]}},{"type":"Feature","properties":{"Instituição - IES":" UNIVERSIDADE DO VALE DO RIO DOS SINOS","Sigla":"UNISINOS","Município sede":"São Leopoldo","Tipo":"Universidade","Categoria Administrativa":"Privada sem fins lucrativos","Código":1113968,"Denominação":"Polo Unisinos Santa Maria","Endereço":"Rua Visconde Ferreira Pinto, 349 - Itarar?","Polo":"A","Município":"Santa Maria"},"geometry":{"type":"Point","coordinates":[-53.7988578,-29.6745147]}},{"type":"Feature","properties":{"Instituição - IES":" UNIVERSIDADE DO VALE DO RIO DOS SINOS","Sigla":"UNISINOS","Município sede":"São Leopoldo","Tipo":"Universidade","Categoria Administrativa":"Privada sem fins lucrativos","Código":1124229,"Denominação":"Polo Unisinos Santa Rosa","Endereço":"Av. Sinval Saldanha, Polo Unisinos Santa Rosa, 239 - Centro","Polo":"A","Município":"Santa Rosa"},"geometry":{"type":"Point","coordinates":[-54.475893,-27.8658714]}},{"type":"Feature","properties":{"Instituição - IES":" UNIVERSIDADE DO VALE DO RIO DOS SINOS","Sigla":"UNISINOS","Município sede":"São Leopoldo","Tipo":"Universidade","Categoria Administrativa":"Privada sem fins lucrativos","Código":1130965,"Denominação":"Polo Unisinos Santa Vitoria do Palmar","Endereço":"Rua José Florêncio do Amaral, Polo Unisinos Santa Vitoria do Palmar, 105 - Centro","Polo":"A","Município":"Santa Vitória do Palmar"},"geometry":{"type":"Point","coordinates":[-53.3584026,-33.5263873]}},{"type":"Feature","properties":{"Instituição - IES":" UNIVERSIDADE DO VALE DO RIO DOS SINOS","Sigla":"UNISINOS","Município sede":"São Leopoldo","Tipo":"Universidade","Categoria Administrativa":"Privada sem fins lucrativos","Código":1106040,"Denominação":"Polo Unisinos Santo Antônio da Patrulha","Endereço":"Cel. Vicente Gomes, Polo Unisinos Santo Antônio da Patrulha, 172 - Centro","Polo":"A","Município":"Santo Antônio da Patrulha"},"geometry":{"type":"Point","coordinates":[-50.5208156,-29.8313844]}},{"type":"Feature","properties":{"Instituição - IES":" UNIVERSIDADE DO VALE DO RIO DOS SINOS","Sigla":"UNISINOS","Município sede":"São Leopoldo","Tipo":"Universidade","Categoria Administrativa":"Privada sem fins lucrativos","Código":1109605,"Denominação":"Polo Unisinos Centro São Leopoldo","Endereço":"Avenida João Corrêa, Polo Unisinos Centro São Leopoldo, 887 - Centro","Polo":"A","Município":"São Leopoldo"},"geometry":{"type":"Point","coordinates":[-51.1481044,-29.7714806]}},{"type":"Feature","properties":{"Instituição - IES":" UNIVERSIDADE DO VALE DO RIO DOS SINOS","Sigla":"UNISINOS","Município sede":"São Leopoldo","Tipo":"Universidade","Categoria Administrativa":"Privada sem fins lucrativos","Código":657678,"Denominação":"Unidade SEDE","Endereço":"Avenida Unisinos, 950 - Cristo Rei","Polo":"A","Município":"São Leopoldo"},"geometry":{"type":"Point","coordinates":[-51.1563724,-29.7970495]}},{"type":"Feature","properties":{"Instituição - IES":" UNIVERSIDADE DO VALE DO RIO DOS SINOS","Sigla":"UNISINOS","Município sede":"São Leopoldo","Tipo":"Universidade","Categoria Administrativa":"Privada sem fins lucrativos","Código":1105233,"Denominação":"Polo Unisinos Sapiranga","Endereço":"Av. João Corrêa, Polo Unisinos Sapiranga, 919 - Centro","Polo":"A","Município":"Sapiranga"},"geometry":{"type":"Point","coordinates":[-51.0051967,-29.6384318]}},{"type":"Feature","properties":{"Instituição - IES":" UNIVERSIDADE DO VALE DO RIO DOS SINOS","Sigla":"UNISINOS","Município sede":"São Leopoldo","Tipo":"Universidade","Categoria Administrativa":"Privada sem fins lucrativos","Código":1106046,"Denominação":"Polo Unisinos Sapucaia do Sul","Endereço":"Avenida João Pereira de Vargas, Polo Unisinos Sapucaia do Sul, 34 - Centro","Polo":"A","Município":"Sapucaia do Sul"},"geometry":{"type":"Point","coordinates":[-51.1459469,-29.825078]}},{"type":"Feature","properties":{"Instituição - IES":" UNIVERSIDADE DO VALE DO RIO DOS SINOS","Sigla":"UNISINOS","Município sede":"São Leopoldo","Tipo":"Universidade","Categoria Administrativa":"Privada sem fins lucrativos","Código":1122595,"Denominação":"Polo Unisinos Taquara","Endereço":"Rua Guilherme Lahn, 910 - Centro","Polo":"A","Município":"Taquara"},"geometry":{"type":"Point","coordinates":[-50.7767792,-29.6483997]}},{"type":"Feature","properties":{"Instituição - IES":" UNIVERSIDADE DO VALE DO RIO DOS SINOS","Sigla":"UNISINOS","Município sede":"São Leopoldo","Tipo":"Universidade","Categoria Administrativa":"Privada sem fins lucrativos","Código":1107327,"Denominação":"Polo Unisinos Torres","Endereço":"Rua 3 de Maio, Polo Unisinos Torres, 110 - Centro","Polo":"A","Município":"Torres"},"geometry":{"type":"Point","coordinates":[-49.728226,-29.3383976]}},{"type":"Feature","properties":{"Instituição - IES":" UNIVERSIDADE DO VALE DO RIO DOS SINOS","Sigla":"UNISINOS","Município sede":"São Leopoldo","Tipo":"Universidade","Categoria Administrativa":"Privada sem fins lucrativos","Código":1130968,"Denominação":"Polo Unisinos Viamao","Endereço":"Avenida Senador Salgado Filho, Polo Unisinos Viamao, 9146 - Jardim Krahe","Polo":"A","Município":"Viamão"},"geometry":{"type":"Point","coordinates":[-51.0520466,-30.080946]}},{"type":"Feature","properties":{"Instituição - IES":" UNIVERSIDADE DO VALE DO TAQUARI","Sigla":"UNIVATES","Município sede":"Lajeado","Tipo":"Universidade","Categoria Administrativa":"Privada sem fins lucrativos","Código":1171055,"Denominação":"Polo Univates Arroio do Meio","Endereço":"Rua Monsenhor Jabob SEger, 15 - Centro","Polo":"A","Município":"Arroio do Meio"},"geometry":{"type":"Point","coordinates":[-51.945802,-29.4027139]}},{"type":"Feature","properties":{"Instituição - IES":" UNIVERSIDADE DO VALE DO TAQUARI","Sigla":"UNIVATES","Município sede":"Lajeado","Tipo":"Universidade","Categoria Administrativa":"Privada sem fins lucrativos","Código":1096289,"Denominação":"Polo Univates Arvorezinha","Endereço":"Rua Soledade, Polo Univates Arvorezinha, 152 - Nossa Senhora das Graças","Polo":"A","Município":"Arvorezinha"},"geometry":{"type":"Point","coordinates":[-52.1831757,-28.8654279]}},{"type":"Feature","properties":{"Instituição - IES":" UNIVERSIDADE DO VALE DO TAQUARI","Sigla":"UNIVATES","Município sede":"Lajeado","Tipo":"Universidade","Categoria Administrativa":"Privada sem fins lucrativos","Código":1170458,"Denominação":"Polo Univates Bento Gonçalves","Endereço":"Rua General Osório, 235 - Centro","Polo":"A","Município":"Bento Gonçalves"},"geometry":{"type":"Point","coordinates":[-51.5151028,-29.1680607]}},{"type":"Feature","properties":{"Instituição - IES":" UNIVERSIDADE DO VALE DO TAQUARI","Sigla":"UNIVATES","Município sede":"Lajeado","Tipo":"Universidade","Categoria Administrativa":"Privada sem fins lucrativos","Código":1138339,"Denominação":"Bom Retiro do Sul","Endereço":"Rua Waldemar Arnt, 292 - Imigrante","Polo":"A","Município":"Bom Retiro do Sul"},"geometry":{"type":"Point","coordinates":[-51.9416928,-29.600125]}},{"type":"Feature","properties":{"Instituição - IES":" UNIVERSIDADE DO VALE DO TAQUARI","Sigla":"UNIVATES","Município sede":"Lajeado","Tipo":"Universidade","Categoria Administrativa":"Privada sem fins lucrativos","Código":1178656,"Denominação":"POLO UNIVATES CARLOS BARBOSA","Endereço":"R PADRE ARLINDO MARCON, 300 - TRIÂNGULO","Polo":"A","Município":"Carlos Barbosa"},"geometry":{"type":"Point","coordinates":[-51.4926567,-29.2834947]}},{"type":"Feature","properties":{"Instituição - IES":" UNIVERSIDADE DO VALE DO TAQUARI","Sigla":"UNIVATES","Município sede":"Lajeado","Tipo":"Universidade","Categoria Administrativa":"Privada sem fins lucrativos","Código":1092122,"Denominação":"Polo Univates Encantado","Endereço":"Rua Fidelis Ergiles Sana, Polo Univates Encantado, 41 - Centro","Polo":"A","Município":"Encantado"},"geometry":{"type":"Point","coordinates":[-51.8716748,-29.2371712]}},{"type":"Feature","properties":{"Instituição - IES":" UNIVERSIDADE DO VALE DO TAQUARI","Sigla":"UNIVATES","Município sede":"Lajeado","Tipo":"Universidade","Categoria Administrativa":"Privada sem fins lucrativos","Código":1089977,"Denominação":"Polo Univates Estrela","Endereço":"RUA BRUNO SCHWERTNER, 285 - CENTRO","Polo":"A","Município":"Estrela"},"geometry":{"type":"Point","coordinates":[-51.9647114,-29.5041025]}},{"type":"Feature","properties":{"Instituição - IES":" UNIVERSIDADE DO VALE DO TAQUARI","Sigla":"UNIVATES","Município sede":"Lajeado","Tipo":"Universidade","Categoria Administrativa":"Privada sem fins lucrativos","Código":1175010,"Denominação":"Polo Univates Guaporé","Endereço":"Rua Pinheiro Machado, 101L - Pinheirinho","Polo":"A","Município":"Guaporé"},"geometry":{"type":"Point","coordinates":[-51.8837712,-28.8536029]}},{"type":"Feature","properties":{"Instituição - IES":" UNIVERSIDADE DO VALE DO TAQUARI","Sigla":"UNIVATES","Município sede":"Lajeado","Tipo":"Universidade","Categoria Administrativa":"Privada sem fins lucrativos","Código":690748,"Denominação":"CAMPUS - LAJEADO - UNIVERSITÁRIO","Endereço":"Rua Avelino Talini, 171 - Universitário","Polo":"A","Município":"Lajeado"},"geometry":{"type":"Point","coordinates":[-51.957665,-29.4445321]}},{"type":"Feature","properties":{"Instituição - IES":" UNIVERSIDADE DO VALE DO TAQUARI","Sigla":"UNIVATES","Município sede":"Lajeado","Tipo":"Universidade","Categoria Administrativa":"Privada sem fins lucrativos","Código":1090244,"Denominação":"Polo Univates Soledade","Endereço":"Rua Benjamin Constant, Polo Univates Soledade, 201 - Centro","Polo":"A","Município":"Soledade"},"geometry":{"type":"Point","coordinates":[-52.5103989,-28.8329549]}},{"type":"Feature","properties":{"Instituição - IES":" UNIVERSIDADE DO VALE DO TAQUARI","Sigla":"UNIVATES","Município sede":"Lajeado","Tipo":"Universidade","Categoria Administrativa":"Privada sem fins lucrativos","Código":1088642,"Denominação":"Polo Univates Taquari","Endereço":"Rua Osvaldo Aranha, Polo Univates Taquari, 2092 - Centro","Polo":"A","Município":"Taquari"},"geometry":{"type":"Point","coordinates":[-51.8653029,-29.7987923]}},{"type":"Feature","properties":{"Instituição - IES":" UNIVERSIDADE DO VALE DO TAQUARI","Sigla":"UNIVATES","Município sede":"Lajeado","Tipo":"Universidade","Categoria Administrativa":"Privada sem fins lucrativos","Código":1172857,"Denominação":"Polo Univates Teutônia","Endereço":"Avenida Um Sul, 77 - Centro Administrativo","Polo":"A","Município":"Teutônia"},"geometry":{"type":"Point","coordinates":[-51.8093134,-29.4826167]}},{"type":"Feature","properties":{"Instituição - IES":" UNIVERSIDADE DO VALE DO TAQUARI","Sigla":"UNIVATES","Município sede":"Lajeado","Tipo":"Universidade","Categoria Administrativa":"Privada sem fins lucrativos","Código":1088632,"Denominação":"Polo Univates Venâncio Aires","Endereço":"Rua Tiradentes, Polo Univates Venâncio Aires, 1281 - Centro","Polo":"A","Município":"Venâncio Aires"},"geometry":{"type":"Point","coordinates":[-52.1915602,-29.6079305]}},{"type":"Feature","properties":{"Instituição - IES":" UNIVERSIDADE ESTADUAL DO RIO GRANDE DO SUL","Sigla":"UERGS","Município sede":"Porto Alegre","Tipo":"Universidade","Categoria Administrativa":"Pública Estadual","Código":2917,"Denominação":"Unidade de Alegrete","Endereço":"Rua Brigadeiro Olivério, 1346 - Cidade Alta","Polo":"-","Município":"Alegrete"},"geometry":{"type":"Point","coordinates":[-55.8025855,-29.7971979]}},{"type":"Feature","properties":{"Instituição - IES":" UNIVERSIDADE ESTADUAL DO RIO GRANDE DO SUL","Sigla":"UERGS","Município sede":"Porto Alegre","Tipo":"Universidade","Categoria Administrativa":"Pública Estadual","Código":1056624,"Denominação":"Unidade de Bagé","Endereço":"Av. Tupy Silveira, 2820 - São Jorge","Polo":"-","Município":"Bagé"},"geometry":{"type":"Point","coordinates":[-54.1096405,-31.307409]}},{"type":"Feature","properties":{"Instituição - IES":" UNIVERSIDADE ESTADUAL DO RIO GRANDE DO SUL","Sigla":"UERGS","Município sede":"Porto Alegre","Tipo":"Universidade","Categoria Administrativa":"Pública Estadual","Código":2919,"Denominação":"Unidade de Bento Gonçalves","Endereço":"Rua Benjamin Constant, 229 - Centro","Polo":"-","Município":"Bento Gonçalves"},"geometry":{"type":"Point","coordinates":[-51.5179258,-29.1700514]}},{"type":"Feature","properties":{"Instituição - IES":" UNIVERSIDADE ESTADUAL DO RIO GRANDE DO SUL","Sigla":"UERGS","Município sede":"Porto Alegre","Tipo":"Universidade","Categoria Administrativa":"Pública Estadual","Código":702643,"Denominação":"Unidade de Cachoeira do Sul","Endereço":"Rua Sete de Setembro, 1040 - Centro","Polo":"-","Município":"Cachoeira do Sul"},"geometry":{"type":"Point","coordinates":[-52.8933043,-30.0453534]}},{"type":"Feature","properties":{"Instituição - IES":" UNIVERSIDADE ESTADUAL DO RIO GRANDE DO SUL","Sigla":"UERGS","Município sede":"Porto Alegre","Tipo":"Universidade","Categoria Administrativa":"Pública Estadual","Código":2922,"Denominação":"Unidade de Caxias do Sul","Endereço":"Av. Júlio de Castilhos, 3947 - Centro","Polo":"-","Município":"Caxias do Sul"},"geometry":{"type":"Point","coordinates":[-51.2020109,-29.1677333]}},{"type":"Feature","properties":{"Instituição - IES":" UNIVERSIDADE ESTADUAL DO RIO GRANDE DO SUL","Sigla":"UERGS","Município sede":"Porto Alegre","Tipo":"Universidade","Categoria Administrativa":"Pública Estadual","Código":1050395,"Denominação":"Unidade de Cidreira","Endereço":"Avenida Mostardeiro, 3635 - Centro","Polo":"-","Município":"Cidreira"},"geometry":{"type":"Point","coordinates":[-50.205085,-30.1809619]}},{"type":"Feature","properties":{"Instituição - IES":" UNIVERSIDADE ESTADUAL DO RIO GRANDE DO SUL","Sigla":"UERGS","Município sede":"Porto Alegre","Tipo":"Universidade","Categoria Administrativa":"Pública Estadual","Código":1050402,"Denominação":"Cruz Alta","Endereço":"Rua Andrade Neves, 336 - Centro","Polo":"-","Município":"Cruz Alta"},"geometry":{"type":"Point","coordinates":[-53.6050613,-28.6410643]}},{"type":"Feature","properties":{"Instituição - IES":" UNIVERSIDADE ESTADUAL DO RIO GRANDE DO SUL","Sigla":"UERGS","Município sede":"Porto Alegre","Tipo":"Universidade","Categoria Administrativa":"Pública Estadual","Código":699380,"Denominação":"Unidade de Encantado","Endereço":"Rua Alegrete, 821 - Centro","Polo":"-","Município":"Encantado"},"geometry":{"type":"Point","coordinates":[-51.8899129,-29.2245058]}},{"type":"Feature","properties":{"Instituição - IES":" UNIVERSIDADE ESTADUAL DO RIO GRANDE DO SUL","Sigla":"UERGS","Município sede":"Porto Alegre","Tipo":"Universidade","Categoria Administrativa":"Pública Estadual","Código":1042104,"Denominação":"Unidade de Erechim","Endereço":"Rua Dr. José Bisognin, 250 - Centro","Polo":"-","Município":"Erechim"},"geometry":{"type":"Point","coordinates":[-52.2748064,-27.6483324]}},{"type":"Feature","properties":{"Instituição - IES":" UNIVERSIDADE ESTADUAL DO RIO GRANDE DO SUL","Sigla":"UERGS","Município sede":"Porto Alegre","Tipo":"Universidade","Categoria Administrativa":"Pública Estadual","Código":699381,"Denominação":"Unidade de Frederico Westphalen","Endereço":"Rua Nossa Senhora Aparecida, 115 - Aparecida","Polo":"-","Município":"Frederico Westphalen"},"geometry":{"type":"Point","coordinates":[-53.4022916,-27.3702495]}},{"type":"Feature","properties":{"Instituição - IES":" UNIVERSIDADE ESTADUAL DO RIO GRANDE DO SUL","Sigla":"UERGS","Município sede":"Porto Alegre","Tipo":"Universidade","Categoria Administrativa":"Pública Estadual","Código":2928,"Denominação":"Unidade de Guaíba","Endereço":"Estrada Santa Maria, 2300 - Ramada","Polo":"-","Município":"Guaíba"},"geometry":{"type":"Point","coordinates":[-51.3695771999999,-30.11875]}},{"type":"Feature","properties":{"Instituição - IES":" UNIVERSIDADE ESTADUAL DO RIO GRANDE DO SUL","Sigla":"UERGS","Município sede":"Porto Alegre","Tipo":"Universidade","Categoria Administrativa":"Pública Estadual","Código":2929,"Denominação":"Unidade de Ibirubá","Endereço":"Rua Nelci Ribas Fritsch, 1111 - Esperança","Polo":"-","Município":"Ibirubá"},"geometry":{"type":"Point","coordinates":[-53.1028287,-28.6500667]}},{"type":"Feature","properties":{"Instituição - IES":" UNIVERSIDADE ESTADUAL DO RIO GRANDE DO SUL","Sigla":"UERGS","Município sede":"Porto Alegre","Tipo":"Universidade","Categoria Administrativa":"Pública Estadual","Código":2930,"Denominação":"Unidade de Montenegro","Endereço":"Rua Capitão Porfírio Peixoto, 2141 - Centro","Polo":"-","Município":"Montenegro"},"geometry":{"type":"Point","coordinates":[-51.4588012,-29.6853701]}},{"type":"Feature","properties":{"Instituição - IES":" UNIVERSIDADE ESTADUAL DO RIO GRANDE DO SUL","Sigla":"UERGS","Município sede":"Porto Alegre","Tipo":"Universidade","Categoria Administrativa":"Pública Estadual","Código":2931,"Denominação":"Unidade de Novo Hamburgo","Endereço":"Rua Inconfidentes, 395 - Primavera","Polo":"-","Município":"Novo Hamburgo"},"geometry":{"type":"Point","coordinates":[-51.1468285,-29.6931127]}},{"type":"Feature","properties":{"Instituição - IES":" UNIVERSIDADE ESTADUAL DO RIO GRANDE DO SUL","Sigla":"UERGS","Município sede":"Porto Alegre","Tipo":"Universidade","Categoria Administrativa":"Pública Estadual","Código":1059373,"Denominação":"Litoral Norte","Endereço":"Rua Machado de Assis, 1456 - Sulbrasileiro","Polo":"-","Município":"Osório"},"geometry":{"type":"Point","coordinates":[-50.2635279,-29.8965554]}},{"type":"Feature","properties":{"Instituição - IES":" UNIVERSIDADE ESTADUAL DO RIO GRANDE DO SUL","Sigla":"UERGS","Município sede":"Porto Alegre","Tipo":"Universidade","Categoria Administrativa":"Pública Estadual","Código":5724,"Denominação":"Unidade de Porto Alegre","Endereço":"Avenida Bento Gonçalves, 8855 - Agronomia","Polo":"-","Município":"Porto Alegre"},"geometry":{"type":"Point","coordinates":[-51.1289315,-30.0803727]}},{"type":"Feature","properties":{"Instituição - IES":" UNIVERSIDADE ESTADUAL DO RIO GRANDE DO SUL","Sigla":"UERGS","Município sede":"Porto Alegre","Tipo":"Universidade","Categoria Administrativa":"Pública Estadual","Código":1042094,"Denominação":"Unidade SEDE","Endereço":"Rua Sete de Setembro, 1.156 - Centro","Polo":"-","Município":"Porto Alegre"},"geometry":{"type":"Point","coordinates":[-51.2329903,-30.0301556]}},{"type":"Feature","properties":{"Instituição - IES":" UNIVERSIDADE ESTADUAL DO RIO GRANDE DO SUL","Sigla":"UERGS","Município sede":"Porto Alegre","Tipo":"Universidade","Categoria Administrativa":"Pública Estadual","Código":1130706,"Denominação":"Porto Alegre","Endereço":"Rua Washington Luiz, Unidade Porto Alegre, 675 - Centro Histórico","Polo":"-","Município":"Porto Alegre"},"geometry":{"type":"Point","coordinates":[-51.2344383,-30.0362913]}},{"type":"Feature","properties":{"Instituição - IES":" UNIVERSIDADE ESTADUAL DO RIO GRANDE DO SUL","Sigla":"UERGS","Município sede":"Porto Alegre","Tipo":"Universidade","Categoria Administrativa":"Pública Estadual","Código":1138405,"Denominação":"Nova sede da Reitoria","Endereço":"Rua Washington Luiz, 675 - Centro Historico","Polo":"-","Município":"Porto Alegre"},"geometry":{"type":"Point","coordinates":[-51.2334373,-30.0366566]}},{"type":"Feature","properties":{"Instituição - IES":" UNIVERSIDADE ESTADUAL DO RIO GRANDE DO SUL","Sigla":"UERGS","Município sede":"Porto Alegre","Tipo":"Universidade","Categoria Administrativa":"Pública Estadual","Código":2932,"Denominação":"Unidade de Sananduva","Endereço":"Av. Fiorentino Bachi, 311 - Centro","Polo":"-","Município":"Sananduva"},"geometry":{"type":"Point","coordinates":[-51.8045006,-27.9505444]}},{"type":"Feature","properties":{"Instituição - IES":" UNIVERSIDADE ESTADUAL DO RIO GRANDE DO SUL","Sigla":"UERGS","Município sede":"Porto Alegre","Tipo":"Universidade","Categoria Administrativa":"Pública Estadual","Código":1042111,"Denominação":"Unidade de Santa Cruz do Sul","Endereço":"Av. Independência, 2824 - Centro","Polo":"-","Município":"Santa Cruz do Sul"},"geometry":{"type":"Point","coordinates":[-52.4449123,-29.691825]}},{"type":"Feature","properties":{"Instituição - IES":" UNIVERSIDADE ESTADUAL DO RIO GRANDE DO SUL","Sigla":"UERGS","Município sede":"Porto Alegre","Tipo":"Universidade","Categoria Administrativa":"Pública Estadual","Código":2934,"Denominação":"Unidade de Santana do Livramento","Endereço":"Rua Rivadávea Correa, 825 - Centro","Polo":"-","Município":"Santana do Livramento"},"geometry":{"type":"Point","coordinates":[-55.5324740999999,-30.889651]}},{"type":"Feature","properties":{"Instituição - IES":" UNIVERSIDADE ESTADUAL DO RIO GRANDE DO SUL","Sigla":"UERGS","Município sede":"Porto Alegre","Tipo":"Universidade","Categoria Administrativa":"Pública Estadual","Código":699336,"Denominação":"Unidade de SÃO BORJA","Endereço":"Av. Trancredo Neves, 210 - Piraí","Polo":"-","Município":"São Borja"},"geometry":{"type":"Point","coordinates":[-55.9885744,-28.6575868]}},{"type":"Feature","properties":{"Instituição - IES":" UNIVERSIDADE ESTADUAL DO RIO GRANDE DO SUL","Sigla":"UERGS","Município sede":"Porto Alegre","Tipo":"Universidade","Categoria Administrativa":"Pública Estadual","Código":1056625,"Denominação":"Unidade de São Francisco de Paula","Endereço":"Rua Assis Brasil, 842 - Centro","Polo":"-","Município":"São Francisco de Paula"},"geometry":{"type":"Point","coordinates":[-50.5839846,-29.445299]}},{"type":"Feature","properties":{"Instituição - IES":" UNIVERSIDADE ESTADUAL DO RIO GRANDE DO SUL","Sigla":"UERGS","Município sede":"Porto Alegre","Tipo":"Universidade","Categoria Administrativa":"Pública Estadual","Código":2937,"Denominação":"Unidade de São Luiz Gonzaga","Endereço":"Rua Marechal Floriano Peixoto, 4557 - Centro","Polo":"-","Município":"São Luiz Gonzaga"},"geometry":{"type":"Point","coordinates":[-54.9359779,-28.4078159]}},{"type":"Feature","properties":{"Instituição - IES":" UNIVERSIDADE ESTADUAL DO RIO GRANDE DO SUL","Sigla":"UERGS","Município sede":"Porto Alegre","Tipo":"Universidade","Categoria Administrativa":"Pública Estadual","Código":1068897,"Denominação":"Alto da Serra do Botucaraí - Soledade","Endereço":"Travessa Tissiano Filippi,, 100 - Botucaraí","Polo":"-","Município":"Soledade"},"geometry":{"type":"Point","coordinates":[-52.4983668,-28.816912]}},{"type":"Feature","properties":{"Instituição - IES":" UNIVERSIDADE ESTADUAL DO RIO GRANDE DO SUL","Sigla":"UERGS","Município sede":"Porto Alegre","Tipo":"Universidade","Categoria Administrativa":"Pública Estadual","Código":2939,"Denominação":"Unidade de Tapes","Endereço":"Rua Oscar Matzembacher, 475 - Vila Borges","Polo":"-","Município":"Tapes"},"geometry":{"type":"Point","coordinates":[-51.4097267999999,-30.6723006]}},{"type":"Feature","properties":{"Instituição - IES":" UNIVERSIDADE ESTADUAL DO RIO GRANDE DO SUL","Sigla":"UERGS","Município sede":"Porto Alegre","Tipo":"Universidade","Categoria Administrativa":"Pública Estadual","Código":704777,"Denominação":"Unidade TRÊS PASSOS","Endereço":"Rua Cipriano Barata, 211 - Centro","Polo":"-","Município":"Três Passos"},"geometry":{"type":"Point","coordinates":[-53.9375631,-27.4605984]}},{"type":"Feature","properties":{"Instituição - IES":" UNIVERSIDADE ESTADUAL DO RIO GRANDE DO SUL","Sigla":"UERGS","Município sede":"Porto Alegre","Tipo":"Universidade","Categoria Administrativa":"Pública Estadual","Código":1096669,"Denominação":"Unidade em Três Passos","Endereço":"Rua Cipriano Barata, Unidade em Três Passos, 211 - Érico Veríssimo","Polo":"-","Município":"Três Passos"},"geometry":{"type":"Point","coordinates":[-53.9378982,-27.4614487]}},{"type":"Feature","properties":{"Instituição - IES":" UNIVERSIDADE ESTADUAL DO RIO GRANDE DO SUL","Sigla":"UERGS","Município sede":"Porto Alegre","Tipo":"Universidade","Categoria Administrativa":"Pública Estadual","Código":2938,"Denominação":"Unidade de Vacaria","Endereço":"Rua Antônio Ribeiro Branco, 1060 - Centro","Polo":"-","Município":"Vacaria"},"geometry":{"type":"Point","coordinates":[-50.9210696,-28.4962923]}},{"type":"Feature","properties":{"Instituição - IES":" UNIVERSIDADE FEDERAL DE PELOTAS","Sigla":"UFPEL","Município sede":"Pelotas","Tipo":"Universidade","Categoria Administrativa":"Pública Federal","Código":1055820,"Denominação":"Polo Agudo","Endereço":"Avenida Borges de Medeiros, 1194 - Centro","Polo":"A","Município":"Agudo"},"geometry":{"type":"Point","coordinates":[-53.2532156,-29.6461793]}},{"type":"Feature","properties":{"Instituição - IES":" UNIVERSIDADE FEDERAL DE PELOTAS","Sigla":"UFPEL","Município sede":"Pelotas","Tipo":"Universidade","Categoria Administrativa":"Pública Federal","Código":2007382,"Denominação":"Polo Arroio dos Ratos","Endereço":"Av. João Pereira da Silva, 550 - Centro","Polo":"A","Município":"Arroio dos Ratos"},"geometry":{"type":"Point","coordinates":[-51.7271969,-30.092543]}},{"type":"Feature","properties":{"Instituição - IES":" UNIVERSIDADE FEDERAL DE PELOTAS","Sigla":"UFPEL","Município sede":"Pelotas","Tipo":"Universidade","Categoria Administrativa":"Pública Federal","Código":2007383,"Denominação":"Polo Balneario Pinhal","Endereço":"Rua São Jerônimo, 826 - Distrito de Magistério","Polo":"A","Município":"Balneário Pinhal"},"geometry":{"type":"Point","coordinates":[-50.2575611,-30.292046]}},{"type":"Feature","properties":{"Instituição - IES":" UNIVERSIDADE FEDERAL DE PELOTAS","Sigla":"UFPEL","Município sede":"Pelotas","Tipo":"Universidade","Categoria Administrativa":"Pública Federal","Código":1055811,"Denominação":"Polo Caçapava do Sul","Endereço":"Rua XV de Novembro, 130 - Centro","Polo":"-","Município":"Caçapava do Sul"},"geometry":{"type":"Point","coordinates":[-53.4924209,-30.5121584999999]}},{"type":"Feature","properties":{"Instituição - IES":" UNIVERSIDADE FEDERAL DE PELOTAS","Sigla":"UFPEL","Município sede":"Pelotas","Tipo":"Universidade","Categoria Administrativa":"Pública Federal","Código":2007384,"Denominação":"Polo Cacequi","Endereço":"Rua Senador Salgado Filho, s/n - Centro","Polo":"A","Município":"Cacequi"},"geometry":{"type":"Point","coordinates":[-54.8281706,-29.8787792]}},{"type":"Feature","properties":{"Instituição - IES":" UNIVERSIDADE FEDERAL DE PELOTAS","Sigla":"UFPEL","Município sede":"Pelotas","Tipo":"Universidade","Categoria Administrativa":"Pública Federal","Código":2007385,"Denominação":"Polo Cachoeira do Sul","Endereço":"Rua Júlio de Castilho, 342 - Centro","Polo":"A","Município":"Cachoeira do Sul"},"geometry":{"type":"Point","coordinates":[-52.8991550999999,-30.0383666999999]}},{"type":"Feature","properties":{"Instituição - IES":" UNIVERSIDADE FEDERAL DE PELOTAS","Sigla":"UFPEL","Município sede":"Pelotas","Tipo":"Universidade","Categoria Administrativa":"Pública Federal","Código":1055818,"Denominação":"Polo UAB Camaqua","Endereço":"Vitoriano jose centeno, 613 - carvalho bastos","Polo":"A","Município":"Camaquã"},"geometry":{"type":"Point","coordinates":[-51.7907340999999,-30.8539209]}},{"type":"Feature","properties":{"Instituição - IES":" UNIVERSIDADE FEDERAL DE PELOTAS","Sigla":"UFPEL","Município sede":"Pelotas","Tipo":"Universidade","Categoria Administrativa":"Pública Federal","Código":2007386,"Denominação":"Polo de Apoio Presencial - UAB Camargo/RS","Endereço":"Rua Padre Stripulli, 459 - Centro","Polo":"A","Município":"Camargo"},"geometry":{"type":"Point","coordinates":[-52.19853573966074,-28.585647730600375]}},{"type":"Feature","properties":{"Instituição - IES":" UNIVERSIDADE FEDERAL DE PELOTAS","Sigla":"UFPEL","Município sede":"Pelotas","Tipo":"Universidade","Categoria Administrativa":"Pública Federal","Código":1055753,"Denominação":"Polo Canguçu","Endereço":"Rua Adriano Brockmann Motta, 231 - Fonseca","Polo":"A","Município":"Canguçu"},"geometry":{"type":"Point","coordinates":[-52.6861344999999,-31.4039343]}},{"type":"Feature","properties":{"Instituição - IES":" UNIVERSIDADE FEDERAL DE PELOTAS","Sigla":"UFPEL","Município sede":"Pelotas","Tipo":"Universidade","Categoria Administrativa":"Pública Federal","Código":1048526,"Denominação":"CAMPUS UNIVERSITÁRIO","Endereço":"Campus Universitário, s/n - -","Polo":"-","Município":"Capão do Leão"},"geometry":{"type":"Point","coordinates":[-52.4920901,-31.7601139999999]}},{"type":"Feature","properties":{"Instituição - IES":" UNIVERSIDADE FEDERAL DE PELOTAS","Sigla":"UFPEL","Município sede":"Pelotas","Tipo":"Universidade","Categoria Administrativa":"Pública Federal","Código":2007387,"Denominação":"Polo UAB - Cerro Largo","Endereço":"Rua Major Antonio Cardoso, 250 - Centro","Polo":"A","Município":"Cerro Largo"},"geometry":{"type":"Point","coordinates":[-54.7350335,-28.1504363]}},{"type":"Feature","properties":{"Instituição - IES":" UNIVERSIDADE FEDERAL DE PELOTAS","Sigla":"UFPEL","Município sede":"Pelotas","Tipo":"Universidade","Categoria Administrativa":"Pública Federal","Código":154878,"Denominação":"Polo de Educação Superior de Constantina-Pesco-UAB","Endereço":"Av Amandio Araujo, 1125 - Linha Barra Curta Baixa (Distrito)","Polo":"A","Município":"Constantina"},"geometry":{"type":"Point","coordinates":[-53.0512667,-27.6858565]}},{"type":"Feature","properties":{"Instituição - IES":" UNIVERSIDADE FEDERAL DE PELOTAS","Sigla":"UFPEL","Município sede":"Pelotas","Tipo":"Universidade","Categoria Administrativa":"Pública Federal","Código":2007388,"Denominação":"Polo UAB Cruz Alta - RS","Endereço":"Rua Guilherme Costa, 314 - São Genaro","Polo":"A","Município":"Cruz Alta"},"geometry":{"type":"Point","coordinates":[-53.597969,-28.6328858]}},{"type":"Feature","properties":{"Instituição - IES":" UNIVERSIDADE FEDERAL DE PELOTAS","Sigla":"UFPEL","Município sede":"Pelotas","Tipo":"Universidade","Categoria Administrativa":"Pública Federal","Código":150565,"Denominação":"CAMPUS ELDORADO DOS SUL","Endereço":"rua Francisco Azevedo da Silva, 319 - centro","Polo":"-","Município":"Eldorado do Sul"},"geometry":{"type":"Point","coordinates":[-51.3098373,-29.9988703]}},{"type":"Feature","properties":{"Instituição - IES":" UNIVERSIDADE FEDERAL DE PELOTAS","Sigla":"UFPEL","Município sede":"Pelotas","Tipo":"Universidade","Categoria Administrativa":"Pública Federal","Código":2007389,"Denominação":"Polo Presencial de Encantado","Endereço":"Rua Alegrete, Centro Municipal de Educação, 811 - Lambari","Polo":"A","Município":"Encantado"},"geometry":{"type":"Point","coordinates":[-51.8907012,-29.2251834]}},{"type":"Feature","properties":{"Instituição - IES":" UNIVERSIDADE FEDERAL DE PELOTAS","Sigla":"UFPEL","Município sede":"Pelotas","Tipo":"Universidade","Categoria Administrativa":"Pública Federal","Código":1082108,"Denominação":"POLO UAB - Esteio","Endereço":"Rua Alegrete, 455 - Parque Amador","Polo":"A","Município":"Esteio"},"geometry":{"type":"Point","coordinates":[-51.1550117,-29.8487746]}},{"type":"Feature","properties":{"Instituição - IES":" UNIVERSIDADE FEDERAL DE PELOTAS","Sigla":"UFPEL","Município sede":"Pelotas","Tipo":"Universidade","Categoria Administrativa":"Pública Federal","Código":1136287,"Denominação":"POLO UAB FAXINOL DO SATURNO","Endereço":"Rua 7 de Setembro, 790 - Centro","Polo":"A","Município":"Faxinal do Soturno"},"geometry":{"type":"Point","coordinates":[-53.4437641,-29.5755454]}},{"type":"Feature","properties":{"Instituição - IES":" UNIVERSIDADE FEDERAL DE PELOTAS","Sigla":"UFPEL","Município sede":"Pelotas","Tipo":"Universidade","Categoria Administrativa":"Pública Federal","Código":1136285,"Denominação":"POLO UAB GRAMADO","Endereço":"Rua Josias Martinho Moura, 197 - Moura","Polo":"A","Município":"Gramado"},"geometry":{"type":"Point","coordinates":[-50.8801603,-29.3600057]}},{"type":"Feature","properties":{"Instituição - IES":" UNIVERSIDADE FEDERAL DE PELOTAS","Sigla":"UFPEL","Município sede":"Pelotas","Tipo":"Universidade","Categoria Administrativa":"Pública Federal","Código":1136286,"Denominação":"POLO UAB GRAVATAÍ","Endereço":"Rua Men de Sá, 800 - Bom Sucesso","Polo":"A","Município":"Gravataí"},"geometry":{"type":"Point","coordinates":[-51.0394417,-29.9295086]}},{"type":"Feature","properties":{"Instituição - IES":" UNIVERSIDADE FEDERAL DE PELOTAS","Sigla":"UFPEL","Município sede":"Pelotas","Tipo":"Universidade","Categoria Administrativa":"Pública Federal","Código":2007390,"Denominação":"Polo Universitario de herval","Endereço":"Rua José Maria D'Avila, 336 - Centro","Polo":"A","Município":"Herval"},"geometry":{"type":"Point","coordinates":[-53.3913834,-32.0236767]}},{"type":"Feature","properties":{"Instituição - IES":" UNIVERSIDADE FEDERAL DE PELOTAS","Sigla":"UFPEL","Município sede":"Pelotas","Tipo":"Universidade","Categoria Administrativa":"Pública Federal","Código":1063654,"Denominação":"Polo de Hulha Negra","Endereço":"Avenida Getúlio Vargas, s/n - Centro","Polo":"A","Município":"Hulha Negra"},"geometry":{"type":"Point","coordinates":[-53.8708043,-31.4066499]}},{"type":"Feature","properties":{"Instituição - IES":" UNIVERSIDADE FEDERAL DE PELOTAS","Sigla":"UFPEL","Município sede":"Pelotas","Tipo":"Universidade","Categoria Administrativa":"Pública Federal","Código":1081989,"Denominação":"Polo UAB - Imbé","Endereço":"Avenida Tramandaí, 976 - Centro","Polo":"A","Município":"Imbé"},"geometry":{"type":"Point","coordinates":[-50.1379376999999,-29.9739963]}},{"type":"Feature","properties":{"Instituição - IES":" UNIVERSIDADE FEDERAL DE PELOTAS","Sigla":"UFPEL","Município sede":"Pelotas","Tipo":"Universidade","Categoria Administrativa":"Pública Federal","Código":2007392,"Denominação":"UAB-Polo Universitário da fronteira Oeste","Endereço":"Euclides Aranha, 1288 - Centro","Polo":"A","Município":"Itaqui"},"geometry":{"type":"Point","coordinates":[-56.5538667,-29.1229354]}},{"type":"Feature","properties":{"Instituição - IES":" UNIVERSIDADE FEDERAL DE PELOTAS","Sigla":"UFPEL","Município sede":"Pelotas","Tipo":"Universidade","Categoria Administrativa":"Pública Federal","Código":2007393,"Denominação":"Polo UAB - Jacuizinho","Endereço":"Rua Nelcindo Muratt, S/N - centro","Polo":"A","Município":"Jacuizinho"},"geometry":{"type":"Point","coordinates":[-53.0525946,-29.0356347]}},{"type":"Feature","properties":{"Instituição - IES":" UNIVERSIDADE FEDERAL DE PELOTAS","Sigla":"UFPEL","Município sede":"Pelotas","Tipo":"Universidade","Categoria Administrativa":"Pública Federal","Código":1055754,"Denominação":"Polo Jaguarão","Endereço":"Rua General Marques, 248 - Centro","Polo":"A","Município":"Jaguarão"},"geometry":{"type":"Point","coordinates":[-53.3764267,-32.5679041]}},{"type":"Feature","properties":{"Instituição - IES":" UNIVERSIDADE FEDERAL DE PELOTAS","Sigla":"UFPEL","Município sede":"Pelotas","Tipo":"Universidade","Categoria Administrativa":"Pública Federal","Código":2007394,"Denominação":"Polo UAB - Jaquirana","Endereço":"RUA CRUZEIRO DO SUL, 425 - CENTRO","Polo":"A","Município":"Jaquirana"},"geometry":{"type":"Point","coordinates":[-50.361596,-28.8876206]}},{"type":"Feature","properties":{"Instituição - IES":" UNIVERSIDADE FEDERAL DE PELOTAS","Sigla":"UFPEL","Município sede":"Pelotas","Tipo":"Universidade","Categoria Administrativa":"Pública Federal","Código":154886,"Denominação":"polo de Apoio Presencial de Mostardas - UAB","Endereço":"Av Dr. Dinarte Silveira Martins, 330 - Vila Norte","Polo":"A","Município":"Mostardas"},"geometry":{"type":"Point","coordinates":[-50.9150688999999,-31.0988465]}},{"type":"Feature","properties":{"Instituição - IES":" UNIVERSIDADE FEDERAL DE PELOTAS","Sigla":"UFPEL","Município sede":"Pelotas","Tipo":"Universidade","Categoria Administrativa":"Pública Federal","Código":2007395,"Denominação":"Polo Novo Hamburgo","Endereço":"Rua David Canabarro, 7º andar, 20 - Centro","Polo":"A","Município":"Novo Hamburgo"},"geometry":{"type":"Point","coordinates":[-51.1296617,-29.685234]}},{"type":"Feature","properties":{"Instituição - IES":" UNIVERSIDADE FEDERAL DE PELOTAS","Sigla":"UFPEL","Município sede":"Pelotas","Tipo":"Universidade","Categoria Administrativa":"Pública Federal","Código":2007396,"Denominação":"Polo Panambi","Endereço":"Rua Hermann Mayer, 43 - Centro","Polo":"A","Município":"Panambi"},"geometry":{"type":"Point","coordinates":[-53.502101,-28.2877922]}},{"type":"Feature","properties":{"Instituição - IES":" UNIVERSIDADE FEDERAL DE PELOTAS","Sigla":"UFPEL","Município sede":"Pelotas","Tipo":"Universidade","Categoria Administrativa":"Pública Federal","Código":1048743,"Denominação":"Unidades Dispersas","Endereço":"Almirante Barroso, Unidades Dispersas, 1734 - Centro","Polo":"-","Município":"Pelotas"},"geometry":{"type":"Point","coordinates":[-52.3380322,-31.7726801]}},{"type":"Feature","properties":{"Instituição - IES":" UNIVERSIDADE FEDERAL DE PELOTAS","Sigla":"UFPEL","Município sede":"Pelotas","Tipo":"Universidade","Categoria Administrativa":"Pública Federal","Código":1048766,"Denominação":"Ciências Sociais","Endereço":"Almirante Tamandare, 275 - Porto","Polo":"-","Município":"Pelotas"},"geometry":{"type":"Point","coordinates":[-52.3397607,-31.7787993]}},{"type":"Feature","properties":{"Instituição - IES":" UNIVERSIDADE FEDERAL DE PELOTAS","Sigla":"UFPEL","Município sede":"Pelotas","Tipo":"Universidade","Categoria Administrativa":"Pública Federal","Código":1032259,"Denominação":"Campus da Saúde","Endereço":"Avenida Duque de Caxias, 250 - Fragata","Polo":"-","Município":"Pelotas"},"geometry":{"type":"Point","coordinates":[-52.3924057,-31.7550119]}},{"type":"Feature","properties":{"Instituição - IES":" UNIVERSIDADE FEDERAL DE PELOTAS","Sigla":"UFPEL","Município sede":"Pelotas","Tipo":"Universidade","Categoria Administrativa":"Pública Federal","Código":1032262,"Denominação":"Campus CAVG","Endereço":"Avenida Ildefonso Simões Lopes, 2791 - Não","Polo":"A","Município":"Pelotas"},"geometry":{"type":"Point","coordinates":[-52.309061,-31.7161907]}},{"type":"Feature","properties":{"Instituição - IES":" UNIVERSIDADE FEDERAL DE PELOTAS","Sigla":"UFPEL","Município sede":"Pelotas","Tipo":"Universidade","Categoria Administrativa":"Pública Federal","Código":1048741,"Denominação":"Unidades Dispersas - EBA","Endereço":"Barao de Santa Tecla, 408 - Centro","Polo":"-","Município":"Pelotas"},"geometry":{"type":"Point","coordinates":[-52.3458403,-31.7681729]}},{"type":"Feature","properties":{"Instituição - IES":" UNIVERSIDADE FEDERAL DE PELOTAS","Sigla":"UFPEL","Município sede":"Pelotas","Tipo":"Universidade","Categoria Administrativa":"Pública Federal","Código":1048744,"Denominação":"Campus das Ciências Sociais","Endereço":"Benjamin Constant, 1359 - Centro","Polo":"-","Município":"Pelotas"},"geometry":{"type":"Point","coordinates":[-52.3396335,-31.7799831]}},{"type":"Feature","properties":{"Instituição - IES":" UNIVERSIDADE FEDERAL DE PELOTAS","Sigla":"UFPEL","Município sede":"Pelotas","Tipo":"Universidade","Categoria Administrativa":"Pública Federal","Código":1328,"Denominação":"Campus Pelotas - Unidades Dispersas","Endereço":"Caixa Postal, 354 - Não","Polo":"-","Município":"Pelotas"},"geometry":{"type":"Point","coordinates":[-52.3313342,-31.7700081]}},{"type":"Feature","properties":{"Instituição - IES":" UNIVERSIDADE FEDERAL DE PELOTAS","Sigla":"UFPEL","Município sede":"Pelotas","Tipo":"Universidade","Categoria Administrativa":"Pública Federal","Código":1048752,"Denominação":"Unidades Dispersas - CONSERVATÓRIO DE MÚSICA","Endereço":"Felix da Cunha, 651 - Centro","Polo":"-","Município":"Pelotas"},"geometry":{"type":"Point","coordinates":[-52.3394365,-31.7683732]}},{"type":"Feature","properties":{"Instituição - IES":" UNIVERSIDADE FEDERAL DE PELOTAS","Sigla":"UFPEL","Município sede":"Pelotas","Tipo":"Universidade","Categoria Administrativa":"Pública Federal","Código":1048753,"Denominação":"Unidades Dispersas - ODONTO","Endereço":"Gonçalves Chaves, 457 - Centro","Polo":"-","Município":"Pelotas"},"geometry":{"type":"Point","coordinates":[-52.3403427,-31.7724419]}},{"type":"Feature","properties":{"Instituição - IES":" UNIVERSIDADE FEDERAL DE PELOTAS","Sigla":"UFPEL","Município sede":"Pelotas","Tipo":"Universidade","Categoria Administrativa":"Pública Federal","Código":1048740,"Denominação":"Unidades Dispersas - ESEF -Escola Superior de Educação Física e Fisioterapia","Endereço":"Luiz de Camoes, 741 - Tres Vendas","Polo":"-","Município":"Pelotas"},"geometry":{"type":"Point","coordinates":[-52.3317294999999,-31.7378978]}},{"type":"Feature","properties":{"Instituição - IES":" UNIVERSIDADE FEDERAL DE PELOTAS","Sigla":"UFPEL","Município sede":"Pelotas","Tipo":"Universidade","Categoria Administrativa":"Pública Federal","Código":1048747,"Denominação":"Unidade Dispersa - Direito","Endereço":"Praça Conselheiro Maciel, 215 - Centro","Polo":"-","Município":"Pelotas"},"geometry":{"type":"Point","coordinates":[-52.3423373,-31.7748658999999]}},{"type":"Feature","properties":{"Instituição - IES":" UNIVERSIDADE FEDERAL DE PELOTAS","Sigla":"UFPEL","Município sede":"Pelotas","Tipo":"Universidade","Categoria Administrativa":"Pública Federal","Código":1056354,"Denominação":"Campus Pelotas","Endereço":"Praça Coronel Pedro Osório, 51 - Centro","Polo":"-","Município":"Pelotas"},"geometry":{"type":"Point","coordinates":[-52.3412252,-31.7707874]}},{"type":"Feature","properties":{"Instituição - IES":" UNIVERSIDADE FEDERAL DE PELOTAS","Sigla":"UFPEL","Município sede":"Pelotas","Tipo":"Universidade","Categoria Administrativa":"Pública Federal","Código":1048750,"Denominação":"Unidades Dispersas - ALFÂNDEGA","Endereço":"Praça Domingos Rodrigues, 2 - Porto","Polo":"-","Município":"Pelotas"},"geometry":{"type":"Point","coordinates":[-52.334443,-31.779812]}},{"type":"Feature","properties":{"Instituição - IES":" UNIVERSIDADE FEDERAL DE PELOTAS","Sigla":"UFPEL","Município sede":"Pelotas","Tipo":"Universidade","Categoria Administrativa":"Pública Federal","Código":1046994,"Denominação":"Centro de Artes","Endereço":"Rua Alberto Rosa, Centro de Artes, 62 - Porto","Polo":"-","Município":"Pelotas"},"geometry":{"type":"Point","coordinates":[-52.3380195,-31.7750816]}},{"type":"Feature","properties":{"Instituição - IES":" UNIVERSIDADE FEDERAL DE PELOTAS","Sigla":"UFPEL","Município sede":"Pelotas","Tipo":"Universidade","Categoria Administrativa":"Pública Federal","Código":1047322,"Denominação":"Campus Ciências Humanas","Endereço":"Rua Alberto Rosa, Campus Ciências Sociais, 154 - Centro","Polo":"A","Município":"Pelotas"},"geometry":{"type":"Point","coordinates":[-52.3380195,-31.7750816]}},{"type":"Feature","properties":{"Instituição - IES":" UNIVERSIDADE FEDERAL DE PELOTAS","Sigla":"UFPEL","Município sede":"Pelotas","Tipo":"Universidade","Categoria Administrativa":"Pública Federal","Código":1081872,"Denominação":"Campus II","Endereço":"Rua Almirante Barroso, 1202 - Centro","Polo":"-","Município":"Pelotas"},"geometry":{"type":"Point","coordinates":[-52.3391963,-31.7760425]}},{"type":"Feature","properties":{"Instituição - IES":" UNIVERSIDADE FEDERAL DE PELOTAS","Sigla":"UFPEL","Município sede":"Pelotas","Tipo":"Universidade","Categoria Administrativa":"Pública Federal","Código":1116728,"Denominação":"Centro de Artes - Bloco II","Endereço":"Rua Álvaro Chaves, Centro de Artes - Bloco II, 65 - Centro","Polo":"-","Município":"Pelotas"},"geometry":{"type":"Point","coordinates":[-52.3367103,-31.7745032]}},{"type":"Feature","properties":{"Instituição - IES":" UNIVERSIDADE FEDERAL DE PELOTAS","Sigla":"UFPEL","Município sede":"Pelotas","Tipo":"Universidade","Categoria Administrativa":"Pública Federal","Código":1054183,"Denominação":"Unidades Dispersas","Endereço":"Rua Andrade Neves, 1561 - Centro","Polo":"-","Município":"Pelotas"},"geometry":{"type":"Point","coordinates":[-52.3430252,-31.7695522]}},{"type":"Feature","properties":{"Instituição - IES":" UNIVERSIDADE FEDERAL DE PELOTAS","Sigla":"UFPEL","Município sede":"Pelotas","Tipo":"Universidade","Categoria Administrativa":"Pública Federal","Código":1066053,"Denominação":"Unidades Dispersas- MERCOSUL","Endereço":"Rua Andrade Neves, Unidades Dispersas- MERCOSUL, 1529 - Centro","Polo":"-","Município":"Pelotas"},"geometry":{"type":"Point","coordinates":[-52.3403671,-31.7636204]}},{"type":"Feature","properties":{"Instituição - IES":" UNIVERSIDADE FEDERAL DE PELOTAS","Sigla":"UFPEL","Município sede":"Pelotas","Tipo":"Universidade","Categoria Administrativa":"Pública Federal","Código":1069826,"Denominação":"Unidade Dispersa - COTADA","Endereço":"Rua Benjamin Constant, Unidade Dispersa - COTADA, 989 - Centro","Polo":"-","Município":"Pelotas"},"geometry":{"type":"Point","coordinates":[-52.3355946999999,-31.7814158]}},{"type":"Feature","properties":{"Instituição - IES":" UNIVERSIDADE FEDERAL DE PELOTAS","Sigla":"UFPEL","Município sede":"Pelotas","Tipo":"Universidade","Categoria Administrativa":"Pública Federal","Código":1050574,"Denominação":"unidades dispersas - MADEIREIRA","Endereço":"Rua Conde de Porto Alegre, 873 - centro","Polo":"-","Município":"Pelotas"},"geometry":{"type":"Point","coordinates":[-52.3510972,-31.7779205999999]}},{"type":"Feature","properties":{"Instituição - IES":" UNIVERSIDADE FEDERAL DE PELOTAS","Sigla":"UFPEL","Município sede":"Pelotas","Tipo":"Universidade","Categoria Administrativa":"Pública Federal","Código":1032256,"Denominação":"Unidade SEDE","Endereço":"Rua Gomes Carneiro, 1 - Centro","Polo":"A","Município":"Pelotas"},"geometry":{"type":"Point","coordinates":[-52.3240051999999,-31.7802909]}},{"type":"Feature","properties":{"Instituição - IES":" UNIVERSIDADE FEDERAL DE PELOTAS","Sigla":"UFPEL","Município sede":"Pelotas","Tipo":"Universidade","Categoria Administrativa":"Pública Federal","Código":154889,"Denominação":"Polo Universitário de Picada Café - UAB","Endereço":"Rua das Azaleias, 638 - Centro","Polo":"A","Município":"Picada Café"},"geometry":{"type":"Point","coordinates":[-51.1352024,-29.4474462]}},{"type":"Feature","properties":{"Instituição - IES":" UNIVERSIDADE FEDERAL DE PELOTAS","Sigla":"UFPEL","Município sede":"Pelotas","Tipo":"Universidade","Categoria Administrativa":"Pública Federal","Código":150912,"Denominação":"CAMPUS PINHEIRO MACHADO","Endereço":"rua Dutra de Andrade, casa, 1042 - centro","Polo":"-","Município":"Pinheiro Machado"},"geometry":{"type":"Point","coordinates":[-53.3800994,-31.5786373]}},{"type":"Feature","properties":{"Instituição - IES":" UNIVERSIDADE FEDERAL DE PELOTAS","Sigla":"UFPEL","Município sede":"Pelotas","Tipo":"Universidade","Categoria Administrativa":"Pública Federal","Código":1176707,"Denominação":"POLO UAB PINHEIRO MACHADO-RS","Endereço":"Rua Florentino Bueno, 743 - Centro","Polo":"A","Município":"Pinheiro Machado"},"geometry":{"type":"Point","coordinates":[-53.3849089,-31.5800294]}},{"type":"Feature","properties":{"Instituição - IES":" UNIVERSIDADE FEDERAL DE PELOTAS","Sigla":"UFPEL","Município sede":"Pelotas","Tipo":"Universidade","Categoria Administrativa":"Pública Federal","Código":1176706,"Denominação":"POLO UAB PIRATINI-RS","Endereço":"Rua Humberto Machado da Silveira, 1177 - Edi Amaral","Polo":"A","Município":"Piratini"},"geometry":{"type":"Point","coordinates":[-53.1074383,-31.438705]}},{"type":"Feature","properties":{"Instituição - IES":" UNIVERSIDADE FEDERAL DE PELOTAS","Sigla":"UFPEL","Município sede":"Pelotas","Tipo":"Universidade","Categoria Administrativa":"Pública Federal","Código":1108857,"Denominação":"Campus Central UERGS Porto Alegre - prédio 1","Endereço":"Rua Washington Luiz, 675 - Centro Histórico","Polo":"-","Município":"Porto Alegre"},"geometry":{"type":"Point","coordinates":[-51.2334373,-30.0366566]}},{"type":"Feature","properties":{"Instituição - IES":" UNIVERSIDADE FEDERAL DE PELOTAS","Sigla":"UFPEL","Município sede":"Pelotas","Tipo":"Universidade","Categoria Administrativa":"Pública Federal","Código":154890,"Denominação":"Polo Quarai","Endereço":"Rua Anhangá Pita, 600 - Vila Gaudencio Conceição","Polo":"A","Município":"Quaraí"},"geometry":{"type":"Point","coordinates":[-56.4521532,-30.3799194]}},{"type":"Feature","properties":{"Instituição - IES":" UNIVERSIDADE FEDERAL DE PELOTAS","Sigla":"UFPEL","Município sede":"Pelotas","Tipo":"Universidade","Categoria Administrativa":"Pública Federal","Código":2007398,"Denominação":"Polo Educacional Superior de Restinga Seca","Endereço":"Rua José Celestino Alves, 2º andar, 134 - Centro","Polo":"A","Município":"Restinga Seca"},"geometry":{"type":"Point","coordinates":[-53.377832,-29.8158268]}},{"type":"Feature","properties":{"Instituição - IES":" UNIVERSIDADE FEDERAL DE PELOTAS","Sigla":"UFPEL","Município sede":"Pelotas","Tipo":"Universidade","Categoria Administrativa":"Pública Federal","Código":154891,"Denominação":"Polo Educacional Superior de Restinga Seca","Endereço":"Rua José Celestino Alves, 134 - Centro","Polo":"-","Município":"Restinga Seca"},"geometry":{"type":"Point","coordinates":[-53.3772307,-29.8149502]}},{"type":"Feature","properties":{"Instituição - IES":" UNIVERSIDADE FEDERAL DE PELOTAS","Sigla":"UFPEL","Município sede":"Pelotas","Tipo":"Universidade","Categoria Administrativa":"Pública Federal","Código":154892,"Denominação":"Polo de Apoio Presencial UAB de Rosario do Sul","Endereço":"Av Rafael Gonçalves, 435 - Centenario","Polo":"-","Município":"Rosário do Sul"},"geometry":{"type":"Point","coordinates":[-54.9359715999999,-30.257229]}},{"type":"Feature","properties":{"Instituição - IES":" UNIVERSIDADE FEDERAL DE PELOTAS","Sigla":"UFPEL","Município sede":"Pelotas","Tipo":"Universidade","Categoria Administrativa":"Pública Federal","Código":2007399,"Denominação":"Polo de Apoio Presencial UAB de Rosario do Sul","Endereço":"AV. RAFAEL GONÇALVES, Anexo a Escola M. E. Fundamental PROF LEÃO WARREN, 435 - CENTENÁRIO","Polo":"A","Município":"Rosário do Sul"},"geometry":{"type":"Point","coordinates":[-54.9371499,-30.2525175]}},{"type":"Feature","properties":{"Instituição - IES":" UNIVERSIDADE FEDERAL DE PELOTAS","Sigla":"UFPEL","Município sede":"Pelotas","Tipo":"Universidade","Categoria Administrativa":"Pública Federal","Código":2007401,"Denominação":"Polo Santana da Boa Vista","Endereço":"Rua Aparicio Freitas, 405 - Nossa Senhora do Rosário","Polo":"A","Município":"Santana da Boa Vista"},"geometry":{"type":"Point","coordinates":[-53.1199988,-30.8786751]}},{"type":"Feature","properties":{"Instituição - IES":" UNIVERSIDADE FEDERAL DE PELOTAS","Sigla":"UFPEL","Município sede":"Pelotas","Tipo":"Universidade","Categoria Administrativa":"Pública Federal","Código":154987,"Denominação":"Polo Santana do Livramento","Endereço":"Rua Rivadávia Corrêa, 1271 - Centro","Polo":"A","Município":"Santana do Livramento"},"geometry":{"type":"Point","coordinates":[-55.5295281,-30.8865434]}},{"type":"Feature","properties":{"Instituição - IES":" UNIVERSIDADE FEDERAL DE PELOTAS","Sigla":"UFPEL","Município sede":"Pelotas","Tipo":"Universidade","Categoria Administrativa":"Pública Federal","Código":2007400,"Denominação":"Polo Santa Vitoria do Palmar","Endereço":"Rua General Osório, 2347 - Donatos","Polo":"A","Município":"Santa Vitória do Palmar"},"geometry":{"type":"Point","coordinates":[-53.3632889,-33.5160927]}},{"type":"Feature","properties":{"Instituição - IES":" UNIVERSIDADE FEDERAL DE PELOTAS","Sigla":"UFPEL","Município sede":"Pelotas","Tipo":"Universidade","Categoria Administrativa":"Pública Federal","Código":154988,"Denominação":"Polo universitario Santo Antonio - Santo Antonio da Patrulha - UAB","Endereço":"rua Barão do Cahy, 125 - cidade alta","Polo":"A","Município":"Santo Antônio da Patrulha"},"geometry":{"type":"Point","coordinates":[-50.5196747,-29.8248584]}},{"type":"Feature","properties":{"Instituição - IES":" UNIVERSIDADE FEDERAL DE PELOTAS","Sigla":"UFPEL","Município sede":"Pelotas","Tipo":"Universidade","Categoria Administrativa":"Pública Federal","Código":2007402,"Denominação":"CAEDSFP-Centro de Apoio para Educação a Distancia de Sao Francisco de Paula","Endereço":"Rua Manoel Vicente Ferreira, 329 - Centro","Polo":"A","Município":"São Francisco de Paula"},"geometry":{"type":"Point","coordinates":[-50.5823914,-29.448638]}},{"type":"Feature","properties":{"Instituição - IES":" UNIVERSIDADE FEDERAL DE PELOTAS","Sigla":"UFPEL","Município sede":"Pelotas","Tipo":"Universidade","Categoria Administrativa":"Pública Federal","Código":2007403,"Denominação":"Polo de Apoio presencial UAB de Sao Joao do Polesine","Endereço":"Avenida São João do Polêsine, 1532 - centro","Polo":"A","Município":"São João do Polêsine"},"geometry":{"type":"Point","coordinates":[-53.4462085,-29.6161466]}},{"type":"Feature","properties":{"Instituição - IES":" UNIVERSIDADE FEDERAL DE PELOTAS","Sigla":"UFPEL","Município sede":"Pelotas","Tipo":"Universidade","Categoria Administrativa":"Pública Federal","Código":154994,"Denominação":"Polo São José do Norte","Endereço":"Rua Doze, 101 - Comendador Carlos Santos","Polo":"A","Município":"São José do Norte"},"geometry":{"type":"Point","coordinates":[-51.656181,-31.7853185]}},{"type":"Feature","properties":{"Instituição - IES":" UNIVERSIDADE FEDERAL DE PELOTAS","Sigla":"UFPEL","Município sede":"Pelotas","Tipo":"Universidade","Categoria Administrativa":"Pública Federal","Código":2007404,"Denominação":"PAED - Polo de Apoio ao Ensino a Distancia - Sao Lourenço do Sul - UAB","Endereço":"Av. Coronel Nonô Centeno, 933 - Avenida","Polo":"A","Município":"São Lourenço do Sul"},"geometry":{"type":"Point","coordinates":[-51.987018,-31.358333]}},{"type":"Feature","properties":{"Instituição - IES":" UNIVERSIDADE FEDERAL DE PELOTAS","Sigla":"UFPEL","Município sede":"Pelotas","Tipo":"Universidade","Categoria Administrativa":"Pública Federal","Código":2007405,"Denominação":"Polo de Educação Superior Sepe Tiaraju - UAB - Sao Sepé","Endereço":"Rua Coronel Veríssimo, 1177 - Centro","Polo":"A","Município":"São Sepé"},"geometry":{"type":"Point","coordinates":[-53.57056,-30.1669775]}},{"type":"Feature","properties":{"Instituição - IES":" UNIVERSIDADE FEDERAL DE PELOTAS","Sigla":"UFPEL","Município sede":"Pelotas","Tipo":"Universidade","Categoria Administrativa":"Pública Federal","Código":2007406,"Denominação":"Polo Universítario de Educação a Distancia de Sapiranga","Endereço":"Rua Padre Réus, 263 - centro","Polo":"A","Município":"Sapiranga"},"geometry":{"type":"Point","coordinates":[-51.0041581,-29.6391418]}},{"type":"Feature","properties":{"Instituição - IES":" UNIVERSIDADE FEDERAL DE PELOTAS","Sigla":"UFPEL","Município sede":"Pelotas","Tipo":"Universidade","Categoria Administrativa":"Pública Federal","Código":2007407,"Denominação":"Polo Sapucaia do Sul","Endereço":"Rua Atalíbio Trindade Figueiredo, 4 - Paraíso","Polo":"A","Município":"Sapucaia do Sul"},"geometry":{"type":"Point","coordinates":[-51.1502084,-29.8328733]}},{"type":"Feature","properties":{"Instituição - IES":" UNIVERSIDADE FEDERAL DE PELOTAS","Sigla":"UFPEL","Município sede":"Pelotas","Tipo":"Universidade","Categoria Administrativa":"Pública Federal","Código":2007408,"Denominação":"UAB - Polo de Apoio Presencial - Seberi","Endereço":"Travessa Conde de Porto Alegre, 65 - Centro","Polo":"A","Município":"Seberi"},"geometry":{"type":"Point","coordinates":[-53.403135,-27.483235]}},{"type":"Feature","properties":{"Instituição - IES":" UNIVERSIDADE FEDERAL DE PELOTAS","Sigla":"UFPEL","Município sede":"Pelotas","Tipo":"Universidade","Categoria Administrativa":"Pública Federal","Código":2007409,"Denominação":"Escola Municipal de Ensino Fundamental Leonora Marchior","Endereço":"Rua Minuano, 135 - Gramadinho/ Santa Lúcia","Polo":"A","Município":"Serafina Corrêa"},"geometry":{"type":"Point","coordinates":[-51.9262966999999,-28.7199261]}},{"type":"Feature","properties":{"Instituição - IES":" UNIVERSIDADE FEDERAL DE PELOTAS","Sigla":"UFPEL","Município sede":"Pelotas","Tipo":"Universidade","Categoria Administrativa":"Pública Federal","Código":1063655,"Denominação":"Polo de Sobradinho","Endereço":"Rua Honório Luiz Guerreiro, 270 - Vera Cruz","Polo":"A","Município":"Sobradinho"},"geometry":{"type":"Point","coordinates":[-53.024625,-29.4262647]}},{"type":"Feature","properties":{"Instituição - IES":" UNIVERSIDADE FEDERAL DE PELOTAS","Sigla":"UFPEL","Município sede":"Pelotas","Tipo":"Universidade","Categoria Administrativa":"Pública Federal","Código":1176708,"Denominação":"POLO UAB TAPEJARA-RS","Endereço":"Linha Girardi sn km 03 Rural","Polo":"A","Município":"Tapejara"},"geometry":{"type":"Point","coordinates":[-52.00592494742817,-28.0882099583919]}},{"type":"Feature","properties":{"Instituição - IES":" UNIVERSIDADE FEDERAL DE PELOTAS","Sigla":"UFPEL","Município sede":"Pelotas","Tipo":"Universidade","Categoria Administrativa":"Pública Federal","Código":1063653,"Denominação":"Polo de Três de Maio","Endereço":"Avenida Avaí, Esquina com a rua Ovaldo Cruz, Bloco B, s/n - Centro","Polo":"A","Município":"Três de Maio"},"geometry":{"type":"Point","coordinates":[-54.2340947,-27.777492]}},{"type":"Feature","properties":{"Instituição - IES":" UNIVERSIDADE FEDERAL DE PELOTAS","Sigla":"UFPEL","Município sede":"Pelotas","Tipo":"Universidade","Categoria Administrativa":"Pública Federal","Código":155002,"Denominação":"polo UAB - Polo Universitário Federal de Tres Passos","Endereço":"Rua Cipriano Barata, 239 - Erico veríssimo","Polo":"A","Município":"Três Passos"},"geometry":{"type":"Point","coordinates":[-53.9379190999999,-27.46038]}},{"type":"Feature","properties":{"Instituição - IES":" UNIVERSIDADE FEDERAL DE PELOTAS","Sigla":"UFPEL","Município sede":"Pelotas","Tipo":"Universidade","Categoria Administrativa":"Pública Federal","Código":155008,"Denominação":"Polo Vila Flores","Endereço":"Rua Armando Criveletto, 146 - Lcentro","Polo":"A","Município":"Vila Flores"},"geometry":{"type":"Point","coordinates":[-51.55331704540596,-28.85915046107011]}},{"type":"Feature","properties":{"Instituição - IES":" UNIVERSIDADE FEDERAL DE SANTA MARIA","Sigla":"UFSM","Município sede":"Santa Maria","Tipo":"Universidade","Categoria Administrativa":"Pública Federal","Código":1047042,"Denominação":"Polo UAB - AGUDO","Endereço":"Avenida Borges de Medeiros, 1194 - CENTRO","Polo":"A","Município":"Agudo"},"geometry":{"type":"Point","coordinates":[-53.2532156,-29.6461793]}},{"type":"Feature","properties":{"Instituição - IES":" UNIVERSIDADE FEDERAL DE SANTA MARIA","Sigla":"UFSM","Município sede":"Santa Maria","Tipo":"Universidade","Categoria Administrativa":"Pública Federal","Código":1003229,"Denominação":"BAGÉ - ESCOLA MUNICIPAL DR. ANTENOR GONÇALVES PEREIRA","Endereço":"Rua Gomes Carneiro, 1455 - S/N","Polo":"A","Município":"Bagé"},"geometry":{"type":"Point","coordinates":[-54.1108012,-31.3247841]}},{"type":"Feature","properties":{"Instituição - IES":" UNIVERSIDADE FEDERAL DE SANTA MARIA","Sigla":"UFSM","Município sede":"Santa Maria","Tipo":"Universidade","Categoria Administrativa":"Pública Federal","Código":1058397,"Denominação":"POLO DE EDUCAÇÃO SUPERIOR DO BALNEARIO PINHAL - UAB","Endereço":"Rua São Jerônimo, 826 - Distrito de Magistério","Polo":"A","Município":"Balneário Pinhal"},"geometry":{"type":"Point","coordinates":[-50.2575611,-30.292046]}},{"type":"Feature","properties":{"Instituição - IES":" UNIVERSIDADE FEDERAL DE SANTA MARIA","Sigla":"UFSM","Município sede":"Santa Maria","Tipo":"Universidade","Categoria Administrativa":"Pública Federal","Código":2007268,"Denominação":"Polo de Cacequi","Endereço":"Rua Senador Salgado Filho, s/n - Centro","Polo":"A","Município":"Cacequi"},"geometry":{"type":"Point","coordinates":[-54.8281706,-29.8787792]}},{"type":"Feature","properties":{"Instituição - IES":" UNIVERSIDADE FEDERAL DE SANTA MARIA","Sigla":"UFSM","Município sede":"Santa Maria","Tipo":"Universidade","Categoria Administrativa":"Pública Federal","Código":1069566,"Denominação":"Campus Cachoeira do Sul","Endereço":"Avenida Presidente Vargas, - lado par, 1958 - Santo Antônio","Polo":"-","Município":"Cachoeira do Sul"},"geometry":{"type":"Point","coordinates":[-52.9011574,-30.0438587]}},{"type":"Feature","properties":{"Instituição - IES":" UNIVERSIDADE FEDERAL DE SANTA MARIA","Sigla":"UFSM","Município sede":"Santa Maria","Tipo":"Universidade","Categoria Administrativa":"Pública Federal","Código":1116566,"Denominação":"Campus de Cachoeira do Sul","Endereço":"Rodovia Taufik Germano, Campus de Cachoeira do Sul, 3013 - Noemia","Polo":"-","Município":"Cachoeira do Sul"},"geometry":{"type":"Point","coordinates":[-52.9197228,-30.0180203]}},{"type":"Feature","properties":{"Instituição - IES":" UNIVERSIDADE FEDERAL DE SANTA MARIA","Sigla":"UFSM","Município sede":"Santa Maria","Tipo":"Universidade","Categoria Administrativa":"Pública Federal","Código":1050479,"Denominação":"Polo UAB e Casa do Prof.","Endereço":"Rua David Barcelos, 270 - Centro","Polo":"A","Município":"Cachoeira do Sul"},"geometry":{"type":"Point","coordinates":[-52.8985032,-30.0374993999999]}},{"type":"Feature","properties":{"Instituição - IES":" UNIVERSIDADE FEDERAL DE SANTA MARIA","Sigla":"UFSM","Município sede":"Santa Maria","Tipo":"Universidade","Categoria Administrativa":"Pública Federal","Código":1101079,"Denominação":"Campus de Cachoeira do Sul","Endereço":"Rua Ernesto Barros, Campus de Cachoeira do Sul, 1345 - Santo Antônio","Polo":"-","Município":"Cachoeira do Sul"},"geometry":{"type":"Point","coordinates":[-52.8997845,-30.0439744]}},{"type":"Feature","properties":{"Instituição - IES":" UNIVERSIDADE FEDERAL DE SANTA MARIA","Sigla":"UFSM","Município sede":"Santa Maria","Tipo":"Universidade","Categoria Administrativa":"Pública Federal","Código":2007267,"Denominação":"Polo UAB - CACHOEIRA DO SUL","Endereço":"Rua Júlio de Castilhos, 2º Piso, 342 - CENTRO","Polo":"A","Município":"Cachoeira do Sul"},"geometry":{"type":"Point","coordinates":[-52.8989182,-30.0393959]}},{"type":"Feature","properties":{"Instituição - IES":" UNIVERSIDADE FEDERAL DE SANTA MARIA","Sigla":"UFSM","Município sede":"Santa Maria","Tipo":"Universidade","Categoria Administrativa":"Pública Federal","Código":1139018,"Denominação":"Polo UAB Canguçu","Endereço":"Rua Silveira Martins, 351 - Centro","Polo":"A","Município":"Canguçu"},"geometry":{"type":"Point","coordinates":[-52.6738078,-31.3945032]}},{"type":"Feature","properties":{"Instituição - IES":" UNIVERSIDADE FEDERAL DE SANTA MARIA","Sigla":"UFSM","Município sede":"Santa Maria","Tipo":"Universidade","Categoria Administrativa":"Pública Federal","Código":1047043,"Denominação":"Polo UAB - CERRO LARGO","Endereço":"RUA MAJOR ANTONIO CARDOSO, 250 - CENTRO","Polo":"A","Município":"Cerro Largo"},"geometry":{"type":"Point","coordinates":[-54.7350335,-28.1504363]}},{"type":"Feature","properties":{"Instituição - IES":" UNIVERSIDADE FEDERAL DE SANTA MARIA","Sigla":"UFSM","Município sede":"Santa Maria","Tipo":"Universidade","Categoria Administrativa":"Pública Federal","Código":1047045,"Denominação":"POLO DE EDUCACAO SUPERIOR DE CONSTANTINA - PESCO - UAB (CONSTANTINA/RS)","Endereço":"AV. AMÂNDIO ARAÚJO, 1125 - CENTRO","Polo":"A","Município":"Constantina"},"geometry":{"type":"Point","coordinates":[-52.9905408,-27.7336074]}},{"type":"Feature","properties":{"Instituição - IES":" UNIVERSIDADE FEDERAL DE SANTA MARIA","Sigla":"UFSM","Município sede":"Santa Maria","Tipo":"Universidade","Categoria Administrativa":"Pública Federal","Código":1047047,"Denominação":"Polo UAB de Cruz Alta","Endereço":"RUA PINHEIRO MACHADO, 911 - CENTRO","Polo":"A","Município":"Cruz Alta"},"geometry":{"type":"Point","coordinates":[-53.6053207999999,-28.6449854]}},{"type":"Feature","properties":{"Instituição - IES":" UNIVERSIDADE FEDERAL DE SANTA MARIA","Sigla":"UFSM","Município sede":"Santa Maria","Tipo":"Universidade","Categoria Administrativa":"Pública Federal","Código":1072273,"Denominação":"POLO UAB - ENCANTADO","Endereço":"Rua Alegrete, Centro Municipal de Educação, 811 - Lambari","Polo":"A","Município":"Encantado"},"geometry":{"type":"Point","coordinates":[-51.8907012,-29.2251834]}},{"type":"Feature","properties":{"Instituição - IES":" UNIVERSIDADE FEDERAL DE SANTA MARIA","Sigla":"UFSM","Município sede":"Santa Maria","Tipo":"Universidade","Categoria Administrativa":"Pública Federal","Código":2007263,"Denominação":"Polo de Apoio Presencial Faxinal do Soturno","Endereço":"Rua Sete de Setembro, Fundos, 790 - Centro","Polo":"A","Município":"Faxinal do Soturno"},"geometry":{"type":"Point","coordinates":[-53.44357760598193,-29.57510506092785]}},{"type":"Feature","properties":{"Instituição - IES":" UNIVERSIDADE FEDERAL DE SANTA MARIA","Sigla":"UFSM","Município sede":"Santa Maria","Tipo":"Universidade","Categoria Administrativa":"Pública Federal","Código":394,"Denominação":"Colégio Agrícola de Frederico Westphalen","Endereço":"Linha 7 de Setembro, S/N - BR386 KM40","Polo":"-","Município":"Frederico Westphalen"},"geometry":{"type":"Point","coordinates":[-53.389587,-27.3610866]}},{"type":"Feature","properties":{"Instituição - IES":" UNIVERSIDADE FEDERAL DE SANTA MARIA","Sigla":"UFSM","Município sede":"Santa Maria","Tipo":"Universidade","Categoria Administrativa":"Pública Federal","Código":143599,"Denominação":"Campus de Frederico Westphalen","Endereço":"Linha 7 de Setembro, BR386 Km 40, S/N - centro","Polo":"-","Município":"Frederico Westphalen"},"geometry":{"type":"Point","coordinates":[-53.4291082,-27.3900616]}},{"type":"Feature","properties":{"Instituição - IES":" UNIVERSIDADE FEDERAL DE SANTA MARIA","Sigla":"UFSM","Município sede":"Santa Maria","Tipo":"Universidade","Categoria Administrativa":"Pública Federal","Código":1092913,"Denominação":"Polo UAB de Gramado","Endereço":"Rua Josias Martinho, Escola Municipal de Ensino Fundamental Dr. Carlos Nelz ? CAIC, 197 - Moura","Polo":"A","Município":"Gramado"},"geometry":{"type":"Point","coordinates":[-50.8805238,-29.3598621999999]}},{"type":"Feature","properties":{"Instituição - IES":" UNIVERSIDADE FEDERAL DE SANTA MARIA","Sigla":"UFSM","Município sede":"Santa Maria","Tipo":"Universidade","Categoria Administrativa":"Pública Federal","Código":2007261,"Denominação":"Polo UAB - Herval","Endereço":"Rua José Maria D'Avila, 336 - Centro","Polo":"A","Município":"Herval"},"geometry":{"type":"Point","coordinates":[-53.3913834,-32.0236767]}},{"type":"Feature","properties":{"Instituição - IES":" UNIVERSIDADE FEDERAL DE SANTA MARIA","Sigla":"UFSM","Município sede":"Santa Maria","Tipo":"Universidade","Categoria Administrativa":"Pública Federal","Código":1047056,"Denominação":"Polo UAB - ITAQUI","Endereço":"Euclides Aranha, 1288 - CENTRO","Polo":"A","Município":"Itaqui"},"geometry":{"type":"Point","coordinates":[-56.5538667,-29.1229354]}},{"type":"Feature","properties":{"Instituição - IES":" UNIVERSIDADE FEDERAL DE SANTA MARIA","Sigla":"UFSM","Município sede":"Santa Maria","Tipo":"Universidade","Categoria Administrativa":"Pública Federal","Código":2007260,"Denominação":"Polo UAB - JACUIZINHO","Endereço":"Rua Nelcindo Muratt, S/N - Centro","Polo":"A","Município":"Jacuizinho"},"geometry":{"type":"Point","coordinates":[-53.0525946,-29.0356347]}},{"type":"Feature","properties":{"Instituição - IES":" UNIVERSIDADE FEDERAL DE SANTA MARIA","Sigla":"UFSM","Município sede":"Santa Maria","Tipo":"Universidade","Categoria Administrativa":"Pública Federal","Código":1047064,"Denominação":"Polo UAB - JAQUIRANA","Endereço":"RUA CRUZEIRO DO SUL, 425 - CENTRO","Polo":"A","Município":"Jaquirana"},"geometry":{"type":"Point","coordinates":[-50.361596,-28.8876206]}},{"type":"Feature","properties":{"Instituição - IES":" UNIVERSIDADE FEDERAL DE SANTA MARIA","Sigla":"UFSM","Município sede":"Santa Maria","Tipo":"Universidade","Categoria Administrativa":"Pública Federal","Código":1092914,"Denominação":"Polo UAB de Mostardas","Endereço":"Av. Dr. Dinarte Silveira Martins, 330 - Vila Norte","Polo":"A","Município":"Mostardas"},"geometry":{"type":"Point","coordinates":[-50.9150688999999,-31.0988465]}},{"type":"Feature","properties":{"Instituição - IES":" UNIVERSIDADE FEDERAL DE SANTA MARIA","Sigla":"UFSM","Município sede":"Santa Maria","Tipo":"Universidade","Categoria Administrativa":"Pública Federal","Código":1058401,"Denominação":"POLO DA UNIVERSIDADE ABERTA EM NOVO HAMBURGO","Endereço":"Avenida Pedro Adams Filho, 2° e 3° andares, 4918 - Centro","Polo":"A","Município":"Novo Hamburgo"},"geometry":{"type":"Point","coordinates":[-51.1394572,-29.7280451]}},{"type":"Feature","properties":{"Instituição - IES":" UNIVERSIDADE FEDERAL DE SANTA MARIA","Sigla":"UFSM","Município sede":"Santa Maria","Tipo":"Universidade","Categoria Administrativa":"Pública Federal","Código":143600,"Denominação":"Campus de Palmeira das Missões","Endereço":"Avenida Independência, 3751 - Vista Alegre","Polo":"A","Município":"Palmeira das Missões"},"geometry":{"type":"Point","coordinates":[-53.317943,-27.9217843]}},{"type":"Feature","properties":{"Instituição - IES":" UNIVERSIDADE FEDERAL DE SANTA MARIA","Sigla":"UFSM","Município sede":"Santa Maria","Tipo":"Universidade","Categoria Administrativa":"Pública Federal","Código":1047271,"Denominação":"POLO PRESENCIAL UNIVERSIDADE ABERTA DO BRASIL (PANAMBI/RS)","Endereço":"Rua Hermann. Nº: 43, 2º piso, 43 - Centro","Polo":"A","Município":"Panambi"},"geometry":{"type":"Point","coordinates":[-53.502101,-28.2877922]}},{"type":"Feature","properties":{"Instituição - IES":" UNIVERSIDADE FEDERAL DE SANTA MARIA","Sigla":"UFSM","Município sede":"Santa Maria","Tipo":"Universidade","Categoria Administrativa":"Pública Federal","Código":1056975,"Denominação":"Polo Universitário de Picada Café","Endereço":"Rua das Azaléias, 638 - Centro","Polo":"A","Município":"Picada Café"},"geometry":{"type":"Point","coordinates":[-51.1352024,-29.4474462]}},{"type":"Feature","properties":{"Instituição - IES":" UNIVERSIDADE FEDERAL DE SANTA MARIA","Sigla":"UFSM","Município sede":"Santa Maria","Tipo":"Universidade","Categoria Administrativa":"Pública Federal","Código":1090602,"Denominação":"Polo UAB Pinto Bandeira","Endereço":"Rua Almirante Barroso, 6 - Centro","Polo":"A","Município":"Pinto Bandeira"},"geometry":{"type":"Point","coordinates":[-51.4503233999999,-29.0974864]}},{"type":"Feature","properties":{"Instituição - IES":" UNIVERSIDADE FEDERAL DE SANTA MARIA","Sigla":"UFSM","Município sede":"Santa Maria","Tipo":"Universidade","Categoria Administrativa":"Pública Federal","Código":1072318,"Denominação":"Polo UAB - Porto Alegre","Endereço":"Av. Bento Gonçalves, Universidade Federal do Rio Grande do Sul - Campus do Vale, 9500 - Agronomia","Polo":"-","Município":"Porto Alegre"},"geometry":{"type":"Point","coordinates":[-51.1201999,-30.0686041]}},{"type":"Feature","properties":{"Instituição - IES":" UNIVERSIDADE FEDERAL DE SANTA MARIA","Sigla":"UFSM","Município sede":"Santa Maria","Tipo":"Universidade","Categoria Administrativa":"Pública Federal","Código":1047065,"Denominação":"Polo UAB - QUARAI - Unidade A","Endereço":"Rua Anhangá Pita, Prédio da E.M.E.F.Tiradentes, S/Nº - Vila Gaudêncio Conceição","Polo":"A","Município":"Quaraí"},"geometry":{"type":"Point","coordinates":[-56.4521532,-30.3799194]}},{"type":"Feature","properties":{"Instituição - IES":" UNIVERSIDADE FEDERAL DE SANTA MARIA","Sigla":"UFSM","Município sede":"Santa Maria","Tipo":"Universidade","Categoria Administrativa":"Pública Federal","Código":1047066,"Denominação":"Polo UAB - RESTINGA SECA","Endereço":"RUA JOSÉ CELESTINO ALVES, 1º ANDAR, 134 - CENTRO","Polo":"A","Município":"Restinga Seca"},"geometry":{"type":"Point","coordinates":[-53.377832,-29.8158268]}},{"type":"Feature","properties":{"Instituição - IES":" UNIVERSIDADE FEDERAL DE SANTA MARIA","Sigla":"UFSM","Município sede":"Santa Maria","Tipo":"Universidade","Categoria Administrativa":"Pública Federal","Código":1139020,"Denominação":"Polo UAB de Rosário do Sul","Endereço":"Avenida Rafael Gonçalves, 435 - Centenário","Polo":"A","Município":"Rosário do Sul"},"geometry":{"type":"Point","coordinates":[-54.9359715999999,-30.257229]}},{"type":"Feature","properties":{"Instituição - IES":" UNIVERSIDADE FEDERAL DE SANTA MARIA","Sigla":"UFSM","Município sede":"Santa Maria","Tipo":"Universidade","Categoria Administrativa":"Pública Federal","Código":657977,"Denominação":"CAMPUS - SANTA MARIA - CAMOBI","Endereço":"Cidade Universitária Prof. José Mariano da Rocha Filho, Avenida Roraima, CAMPUS - SANTA MARIA - CAMOBI, 1000 - Camobi","Polo":"A","Município":"Santa Maria"},"geometry":{"type":"Point","coordinates":[-53.7164523,-29.7109585]}},{"type":"Feature","properties":{"Instituição - IES":" UNIVERSIDADE FEDERAL DE SANTA MARIA","Sigla":"UFSM","Município sede":"Santa Maria","Tipo":"Universidade","Categoria Administrativa":"Pública Federal","Código":1076513,"Denominação":"Campus Sede","Endereço":"Rua Marechal Floriano Peixoto, - de 1148 ao fim - lado par, 1184 - Centro","Polo":"-","Município":"Santa Maria"},"geometry":{"type":"Point","coordinates":[-53.8093458,-29.6862169]}},{"type":"Feature","properties":{"Instituição - IES":" UNIVERSIDADE FEDERAL DE SANTA MARIA","Sigla":"UFSM","Município sede":"Santa Maria","Tipo":"Universidade","Categoria Administrativa":"Pública Federal","Código":1076514,"Denominação":"Campus Sede","Endereço":"Rua Marechal Floriano Peixoto, - de 1148 ao fim - lado par, 1750 - Centro","Polo":"-","Município":"Santa Maria"},"geometry":{"type":"Point","coordinates":[-53.8093458,-29.6862169]}},{"type":"Feature","properties":{"Instituição - IES":" UNIVERSIDADE FEDERAL DE SANTA MARIA","Sigla":"UFSM","Município sede":"Santa Maria","Tipo":"Universidade","Categoria Administrativa":"Pública Federal","Código":1082165,"Denominação":"POLO UAB Santana da Boa Vista","Endereço":"Rua Aparício Freitas, 405 - Rosário","Polo":"A","Município":"Santana da Boa Vista"},"geometry":{"type":"Point","coordinates":[-53.1199988,-30.8786751]}},{"type":"Feature","properties":{"Instituição - IES":" UNIVERSIDADE FEDERAL DE SANTA MARIA","Sigla":"UFSM","Município sede":"Santa Maria","Tipo":"Universidade","Categoria Administrativa":"Pública Federal","Código":1047067,"Denominação":"Polo UAB - SANTANA DO LIVRAMENTO","Endereço":"RUA BARÃO DO TRIUNFO, CASA, 1048 - CENTRO","Polo":"A","Município":"Santana do Livramento"},"geometry":{"type":"Point","coordinates":[-55.5318834,-30.8872358]}},{"type":"Feature","properties":{"Instituição - IES":" UNIVERSIDADE FEDERAL DE SANTA MARIA","Sigla":"UFSM","Município sede":"Santa Maria","Tipo":"Universidade","Categoria Administrativa":"Pública Federal","Código":1058396,"Denominação":"POLO UNIVERSITARIO DE ENSINO EXTREMO MERIDIONAL - SANTA VITORIA DO PALMAR - UAB","Endereço":"Barão do Rio Branco, -, 760 - Centro","Polo":"-","Município":"Santa Vitória do Palmar"},"geometry":{"type":"Point","coordinates":[-53.3653334,-33.5218867]}},{"type":"Feature","properties":{"Instituição - IES":" UNIVERSIDADE FEDERAL DE SANTA MARIA","Sigla":"UFSM","Município sede":"Santa Maria","Tipo":"Universidade","Categoria Administrativa":"Pública Federal","Código":1139023,"Denominação":"Polo UAB de Santiago","Endereço":"Rua Tio Virgílio, s/n - Carlos Humberto","Polo":"A","Município":"Santiago"},"geometry":{"type":"Point","coordinates":[-54.8667592,-29.1718432]}},{"type":"Feature","properties":{"Instituição - IES":" UNIVERSIDADE FEDERAL DE SANTA MARIA","Sigla":"UFSM","Município sede":"Santa Maria","Tipo":"Universidade","Categoria Administrativa":"Pública Federal","Código":1059510,"Denominação":"Polo Universitário Santo Antônio - Santo Antônio da Patrulha - UAB","Endereço":"Rua Barão do Cahy, 125 - Cidade Alta","Polo":"A","Município":"Santo Antônio da Patrulha"},"geometry":{"type":"Point","coordinates":[-50.5196747,-29.8248584]}},{"type":"Feature","properties":{"Instituição - IES":" UNIVERSIDADE FEDERAL DE SANTA MARIA","Sigla":"UFSM","Município sede":"Santa Maria","Tipo":"Universidade","Categoria Administrativa":"Pública Federal","Código":1047068,"Denominação":"Polo UAB - SAO FRANCISCO DE PAULA","Endereço":"RUA MANOEL VICENTE FERREIRA, 1º andar, 329 - CENTRO","Polo":"A","Município":"São Francisco de Paula"},"geometry":{"type":"Point","coordinates":[-50.5834824,-29.4481064]}},{"type":"Feature","properties":{"Instituição - IES":" UNIVERSIDADE FEDERAL DE SANTA MARIA","Sigla":"UFSM","Município sede":"Santa Maria","Tipo":"Universidade","Categoria Administrativa":"Pública Federal","Código":1139024,"Denominação":"Polo UAB de São Gabriel","Endereço":"Rua Alfredo Gomes Gonçalves, 104 - São Gregório","Polo":"A","Município":"São Gabriel"},"geometry":{"type":"Point","coordinates":[-54.3144506,-30.3251083999999]}},{"type":"Feature","properties":{"Instituição - IES":" UNIVERSIDADE FEDERAL DE SANTA MARIA","Sigla":"UFSM","Município sede":"Santa Maria","Tipo":"Universidade","Categoria Administrativa":"Pública Federal","Código":2007256,"Denominação":"Polo UAB - SAO JOAO DO POLESINE","Endereço":"Avenida São João do Polêsine, 1532 - centro","Polo":"A","Município":"São João do Polêsine"},"geometry":{"type":"Point","coordinates":[-53.4462085,-29.6161466]}},{"type":"Feature","properties":{"Instituição - IES":" UNIVERSIDADE FEDERAL DE SANTA MARIA","Sigla":"UFSM","Município sede":"Santa Maria","Tipo":"Universidade","Categoria Administrativa":"Pública Federal","Código":1047069,"Denominação":"Polo UAB - SAO LOURENCO DO SUL","Endereço":"AV. CORONEL NONÔ CENTENO, 933 - AVENIDA","Polo":"A","Município":"São Lourenço do Sul"},"geometry":{"type":"Point","coordinates":[-51.987018,-31.358333]}},{"type":"Feature","properties":{"Instituição - IES":" UNIVERSIDADE FEDERAL DE SANTA MARIA","Sigla":"UFSM","Município sede":"Santa Maria","Tipo":"Universidade","Categoria Administrativa":"Pública Federal","Código":2007255,"Denominação":"Polo UAB - SAO SEPE","Endereço":"Rua Coronel Veríssimo, 1177 - Centro","Polo":"A","Município":"São Sepé"},"geometry":{"type":"Point","coordinates":[-53.57056,-30.1669775]}},{"type":"Feature","properties":{"Instituição - IES":" UNIVERSIDADE FEDERAL DE SANTA MARIA","Sigla":"UFSM","Município sede":"Santa Maria","Tipo":"Universidade","Categoria Administrativa":"Pública Federal","Código":2007254,"Denominação":"Polo UAB - SAPIRANGA","Endereço":"Rua Padre Réus, 263 - centro","Polo":"A","Município":"Sapiranga"},"geometry":{"type":"Point","coordinates":[-51.0041581,-29.6391418]}},{"type":"Feature","properties":{"Instituição - IES":" UNIVERSIDADE FEDERAL DE SANTA MARIA","Sigla":"UFSM","Município sede":"Santa Maria","Tipo":"Universidade","Categoria Administrativa":"Pública Federal","Código":2007253,"Denominação":"Polo UAB - SAPUCAIA DO SUL","Endereço":"Rua Vereador Atalíbio Trindade Figueiredo, 4 - Paraíso","Polo":"A","Município":"Sapucaia do Sul"},"geometry":{"type":"Point","coordinates":[-51.1502084,-29.8328733]}},{"type":"Feature","properties":{"Instituição - IES":" UNIVERSIDADE FEDERAL DE SANTA MARIA","Sigla":"UFSM","Município sede":"Santa Maria","Tipo":"Universidade","Categoria Administrativa":"Pública Federal","Código":1072290,"Denominação":"Polo UAB de Sarandi","Endereço":"Avenida Santa Gema, Escola Municipal de Ensino Fundamental Padre Luiz Vigna, s/n - Santa Gema","Polo":"A","Município":"Sarandi"},"geometry":{"type":"Point","coordinates":[-51.8417077,-28.5637782]}},{"type":"Feature","properties":{"Instituição - IES":" UNIVERSIDADE FEDERAL DE SANTA MARIA","Sigla":"UFSM","Município sede":"Santa Maria","Tipo":"Universidade","Categoria Administrativa":"Pública Federal","Código":1080014,"Denominação":"Polo UAB de SEBERI","Endereço":"Travessa Conde de Porto Alegre, 65 - Centro","Polo":"A","Município":"Seberi"},"geometry":{"type":"Point","coordinates":[-53.403135,-27.483235]}},{"type":"Feature","properties":{"Instituição - IES":" UNIVERSIDADE FEDERAL DE SANTA MARIA","Sigla":"UFSM","Município sede":"Santa Maria","Tipo":"Universidade","Categoria Administrativa":"Pública Federal","Código":1082185,"Denominação":"Polo UAB - Serafina Corrêa","Endereço":"Rua Minuano, 135 - Gramadinho/Santa Lúcia","Polo":"A","Município":"Serafina Corrêa"},"geometry":{"type":"Point","coordinates":[-51.9262966999999,-28.7199261]}},{"type":"Feature","properties":{"Instituição - IES":" UNIVERSIDADE FEDERAL DE SANTA MARIA","Sigla":"UFSM","Município sede":"Santa Maria","Tipo":"Universidade","Categoria Administrativa":"Pública Federal","Código":144917,"Denominação":"Campus de Silveira Martins","Endereço":"Rua Francisco Guerino, 407 - Centro","Polo":"-","Município":"Silveira Martins"},"geometry":{"type":"Point","coordinates":[-53.5851054,-29.6442114]}},{"type":"Feature","properties":{"Instituição - IES":" UNIVERSIDADE FEDERAL DE SANTA MARIA","Sigla":"UFSM","Município sede":"Santa Maria","Tipo":"Universidade","Categoria Administrativa":"Pública Federal","Código":1047072,"Denominação":"Polo UAB - SOBRADINHO","Endereço":"Rua Honório Luiz Guerreiro, 270 - VERA CRUZ","Polo":"A","Município":"Sobradinho"},"geometry":{"type":"Point","coordinates":[-53.024625,-29.4262647]}},{"type":"Feature","properties":{"Instituição - IES":" UNIVERSIDADE FEDERAL DE SANTA MARIA","Sigla":"UFSM","Município sede":"Santa Maria","Tipo":"Universidade","Categoria Administrativa":"Pública Federal","Código":1047073,"Denominação":"Polo UAB - TAPEJARA","Endereço":"Linha Girardi, Km 03, PERIMETRAL, S/N - INTERIOR","Polo":"A","Município":"Tapejara"},"geometry":{"type":"Point","coordinates":[-52.00592494742817,-28.0882099583919]}},{"type":"Feature","properties":{"Instituição - IES":" UNIVERSIDADE FEDERAL DE SANTA MARIA","Sigla":"UFSM","Município sede":"Santa Maria","Tipo":"Universidade","Categoria Administrativa":"Pública Federal","Código":1047074,"Denominação":"Polo UAB - TIO HUGO","Endereço":"RUA LOURENÇO GASPAR DA SILVA, esquina com a rua sao judas tadeu, S/N - Loro","Polo":"A","Município":"Tio Hugo"},"geometry":{"type":"Point","coordinates":[-52.5939083,-28.5757988]}},{"type":"Feature","properties":{"Instituição - IES":" UNIVERSIDADE FEDERAL DE SANTA MARIA","Sigla":"UFSM","Município sede":"Santa Maria","Tipo":"Universidade","Categoria Administrativa":"Pública Federal","Código":1047075,"Denominação":"Polo UAB - TRES DE MAIO","Endereço":"RUA PLANALTO, 1600 - GLÓRIA","Polo":"A","Município":"Três de Maio"},"geometry":{"type":"Point","coordinates":[-54.2390240999999,-27.7635228]}},{"type":"Feature","properties":{"Instituição - IES":" UNIVERSIDADE FEDERAL DE SANTA MARIA","Sigla":"UFSM","Município sede":"Santa Maria","Tipo":"Universidade","Categoria Administrativa":"Pública Federal","Código":2007252,"Denominação":"Polo UAB de Três Passos","Endereço":"Cipriano Barata, 239 - Érico Veríssimo","Polo":"A","Município":"Três Passos"},"geometry":{"type":"Point","coordinates":[-53.9379190999999,-27.46038]}},{"type":"Feature","properties":{"Instituição - IES":" UNIVERSIDADE FEDERAL DE SANTA MARIA","Sigla":"UFSM","Município sede":"Santa Maria","Tipo":"Universidade","Categoria Administrativa":"Pública Federal","Código":1003231,"Denominação":"URUGUAIANA","Endereço":"Rua 15 de Novembro, 1882 - S/N","Polo":"A","Município":"Uruguaiana"},"geometry":{"type":"Point","coordinates":[-57.0884163,-29.7562496]}},{"type":"Feature","properties":{"Instituição - IES":" UNIVERSIDADE FEDERAL DE SANTA MARIA","Sigla":"UFSM","Município sede":"Santa Maria","Tipo":"Universidade","Categoria Administrativa":"Pública Federal","Código":1058204,"Denominação":"Pólo Vila Flores","Endereço":"Rua Armando Criveletto, -, 146 - Centro","Polo":"A","Município":"Vila Flores"},"geometry":{"type":"Point","coordinates":[-51.55331704540596,-28.85915046107011]}},{"type":"Feature","properties":{"Instituição - IES":" UNIVERSIDADE FEDERAL DO RIO GRANDE","Sigla":"FURG","Município sede":"Rio Grande","Tipo":"Universidade","Categoria Administrativa":"Pública Federal","Código":1138801,"Denominação":"Agudo -RS Centro","Endereço":"Av.Borges de Medeiros, 1194 - Centro","Polo":"A","Município":"Agudo"},"geometry":{"type":"Point","coordinates":[-53.2532156,-29.6461793]}},{"type":"Feature","properties":{"Instituição - IES":" UNIVERSIDADE FEDERAL DO RIO GRANDE","Sigla":"FURG","Município sede":"Rio Grande","Tipo":"Universidade","Categoria Administrativa":"Pública Federal","Código":1126679,"Denominação":"POLO UAB DE BALNEÁRIO PINHAL","Endereço":"Rua São Jerônimo, 826 - Distrito de Magistério","Polo":"A","Município":"Balneário Pinhal"},"geometry":{"type":"Point","coordinates":[-50.2575611,-30.292046]}},{"type":"Feature","properties":{"Instituição - IES":" UNIVERSIDADE FEDERAL DO RIO GRANDE","Sigla":"FURG","Município sede":"Rio Grande","Tipo":"Universidade","Categoria Administrativa":"Pública Federal","Código":1127178,"Denominação":"POLO UAB DE CACHOEIRA DO SUL","Endereço":"Avenida Júlio de Castilhos, - lado par, 342 - Centro","Polo":"A","Município":"Cachoeira do Sul"},"geometry":{"type":"Point","coordinates":[-52.9018271,-30.0370101]}},{"type":"Feature","properties":{"Instituição - IES":" UNIVERSIDADE FEDERAL DO RIO GRANDE","Sigla":"FURG","Município sede":"Rio Grande","Tipo":"Universidade","Categoria Administrativa":"Pública Federal","Código":1066116,"Denominação":"Polo UAB Cachoeira do Sul/RS","Endereço":"Rua David Barcelos, 270 - Centro","Polo":"A","Município":"Cachoeira do Sul"},"geometry":{"type":"Point","coordinates":[-52.8985032,-30.0374993999999]}},{"type":"Feature","properties":{"Instituição - IES":" UNIVERSIDADE FEDERAL DO RIO GRANDE","Sigla":"FURG","Município sede":"Rio Grande","Tipo":"Universidade","Categoria Administrativa":"Pública Federal","Código":1126677,"Denominação":"POLO UAB DE CANGUÇU","Endereço":"Rua Silveira Martins, Junto à Escola ETEC, 351 - Centro","Polo":"A","Município":"Canguçu"},"geometry":{"type":"Point","coordinates":[-52.6753283,-31.3945006]}},{"type":"Feature","properties":{"Instituição - IES":" UNIVERSIDADE FEDERAL DO RIO GRANDE","Sigla":"FURG","Município sede":"Rio Grande","Tipo":"Universidade","Categoria Administrativa":"Pública Federal","Código":1138800,"Denominação":"CERRO LARGO-RS Vila Industrial","Endereço":"Rua José Inácio Schardong, 1017 - Vila Industrial","Polo":"A","Município":"Cerro Largo"},"geometry":{"type":"Point","coordinates":[-54.7291185,-28.1561677]}},{"type":"Feature","properties":{"Instituição - IES":" UNIVERSIDADE FEDERAL DO RIO GRANDE","Sigla":"FURG","Município sede":"Rio Grande","Tipo":"Universidade","Categoria Administrativa":"Pública Federal","Código":1094970,"Denominação":"Polo UAB - Esteio","Endereço":"Rua Alegrete, 455 - Parque Amador","Polo":"A","Município":"Esteio"},"geometry":{"type":"Point","coordinates":[-51.1550117,-29.8487746]}},{"type":"Feature","properties":{"Instituição - IES":" UNIVERSIDADE FEDERAL DO RIO GRANDE","Sigla":"FURG","Município sede":"Rio Grande","Tipo":"Universidade","Categoria Administrativa":"Pública Federal","Código":1126680,"Denominação":"POLO UAB DE GRAMADO","Endereço":"Rua Josias Martinho, 197 - Moura","Polo":"A","Município":"Gramado"},"geometry":{"type":"Point","coordinates":[-50.8800727,-29.3604515]}},{"type":"Feature","properties":{"Instituição - IES":" UNIVERSIDADE FEDERAL DO RIO GRANDE","Sigla":"FURG","Município sede":"Rio Grande","Tipo":"Universidade","Categoria Administrativa":"Pública Federal","Código":1126681,"Denominação":"POLO UAB DE JAGUARÃO","Endereço":"Corredor das Tropas, 801 - Centro","Polo":"A","Município":"Jaguarão"},"geometry":{"type":"Point","coordinates":[-53.3665736,-32.5508671]}},{"type":"Feature","properties":{"Instituição - IES":" UNIVERSIDADE FEDERAL DO RIO GRANDE","Sigla":"FURG","Município sede":"Rio Grande","Tipo":"Universidade","Categoria Administrativa":"Pública Federal","Código":2006584,"Denominação":"Polo UAB MOSTARDAS","Endereço":"AV. DR. DINARTE SILVEIRA MARTINS, 330 - VILA NORTE","Polo":"A","Município":"Mostardas"},"geometry":{"type":"Point","coordinates":[-50.9150688999999,-31.0988465]}},{"type":"Feature","properties":{"Instituição - IES":" UNIVERSIDADE FEDERAL DO RIO GRANDE","Sigla":"FURG","Município sede":"Rio Grande","Tipo":"Universidade","Categoria Administrativa":"Pública Federal","Código":1066123,"Denominação":"polo UAB Novo Hamburgo","Endereço":"Avenida Pedro Adams Filho, 2º e 3º andares, 4918 - Centro","Polo":"A","Município":"Novo Hamburgo"},"geometry":{"type":"Point","coordinates":[-51.1394572,-29.7280451]}},{"type":"Feature","properties":{"Instituição - IES":" UNIVERSIDADE FEDERAL DO RIO GRANDE","Sigla":"FURG","Município sede":"Rio Grande","Tipo":"Universidade","Categoria Administrativa":"Pública Federal","Código":1066119,"Denominação":"Polo UAB Picada Café","Endereço":"Rua das Azaléas, 638 - Centro","Polo":"A","Município":"Picada Café"},"geometry":{"type":"Point","coordinates":[-51.1352024,-29.4474462]}},{"type":"Feature","properties":{"Instituição - IES":" UNIVERSIDADE FEDERAL DO RIO GRANDE","Sigla":"FURG","Município sede":"Rio Grande","Tipo":"Universidade","Categoria Administrativa":"Pública Federal","Código":1138806,"Denominação":"Pinheiro Machado - RS Centro","Endereço":"Rua Florentino Bueno, 743 - Centro","Polo":"A","Município":"Pinheiro Machado"},"geometry":{"type":"Point","coordinates":[-53.3849089,-31.5800294]}},{"type":"Feature","properties":{"Instituição - IES":" UNIVERSIDADE FEDERAL DO RIO GRANDE","Sigla":"FURG","Município sede":"Rio Grande","Tipo":"Universidade","Categoria Administrativa":"Pública Federal","Código":1138802,"Denominação":"Piratini-RS Edi Amaral","Endereço":"Rua Humberto Machado, 1177 - Edei Amaral","Polo":"A","Município":"Piratini"},"geometry":{"type":"Point","coordinates":[-53.1043197,-31.4483171]}},{"type":"Feature","properties":{"Instituição - IES":" UNIVERSIDADE FEDERAL DO RIO GRANDE","Sigla":"FURG","Município sede":"Rio Grande","Tipo":"Universidade","Categoria Administrativa":"Pública Federal","Código":1126678,"Denominação":"POLO UAB DE RESTINGA SECA","Endereço":"Rua José Celestino Alves, 134 - Centro","Polo":"A","Município":"Restinga Seca"},"geometry":{"type":"Point","coordinates":[-53.3772307,-29.8149502]}},{"type":"Feature","properties":{"Instituição - IES":" UNIVERSIDADE FEDERAL DO RIO GRANDE","Sigla":"FURG","Município sede":"Rio Grande","Tipo":"Universidade","Categoria Administrativa":"Pública Federal","Código":1045632,"Denominação":"CAMPUS CARREIROS - SEDE","Endereço":"Avenida Itália, Km 8, S/N - Carreiros","Polo":"A","Município":"Rio Grande"},"geometry":{"type":"Point","coordinates":[-52.1603077,-32.063663]}},{"type":"Feature","properties":{"Instituição - IES":" UNIVERSIDADE FEDERAL DO RIO GRANDE","Sigla":"FURG","Município sede":"Rio Grande","Tipo":"Universidade","Categoria Administrativa":"Pública Federal","Código":1033666,"Denominação":"CAMPUS CIDADE","Endereço":"Rua Engenheiro Alfredo Huch, 475 - Vila Santa Tereza","Polo":"-","Município":"Rio Grande"},"geometry":{"type":"Point","coordinates":[-52.0883009,-32.0400417]}},{"type":"Feature","properties":{"Instituição - IES":" UNIVERSIDADE FEDERAL DO RIO GRANDE","Sigla":"FURG","Município sede":"Rio Grande","Tipo":"Universidade","Categoria Administrativa":"Pública Federal","Código":1056067,"Denominação":"CAMPUS DA SAÚDE","Endereço":"RUA GENERAL OSÓRIO, ÁREA ACADÊMICA, S/N - CENTRO","Polo":"-","Município":"Rio Grande"},"geometry":{"type":"Point","coordinates":[-52.0991072,-32.0299727]}},{"type":"Feature","properties":{"Instituição - IES":" UNIVERSIDADE FEDERAL DO RIO GRANDE","Sigla":"FURG","Município sede":"Rio Grande","Tipo":"Universidade","Categoria Administrativa":"Pública Federal","Código":1138804,"Denominação":"Santana da Boa Vista - RS Nossa Senhora do Rosário","Endereço":"Rua Aparicio Freitas, 405 - Nossa Senhora do Rosario","Polo":"A","Município":"Santana da Boa Vista"},"geometry":{"type":"Point","coordinates":[-53.1199988,-30.8786751]}},{"type":"Feature","properties":{"Instituição - IES":" UNIVERSIDADE FEDERAL DO RIO GRANDE","Sigla":"FURG","Município sede":"Rio Grande","Tipo":"Universidade","Categoria Administrativa":"Pública Federal","Código":1066121,"Denominação":"Polo UAB Santana do Livramento","Endereço":"Rua Rivadavia Correa, - até 1267/1268, 1271 - Centro","Polo":"A","Município":"Santana do Livramento"},"geometry":{"type":"Point","coordinates":[-55.5324416,-30.8895068]}},{"type":"Feature","properties":{"Instituição - IES":" UNIVERSIDADE FEDERAL DO RIO GRANDE","Sigla":"FURG","Município sede":"Rio Grande","Tipo":"Universidade","Categoria Administrativa":"Pública Federal","Código":2006582,"Denominação":"Polo UAB SANTA VITORIA DO PALMAR","Endereço":"Barão do Rio Branco, 760 - Centro","Polo":"A","Município":"Santa Vitória do Palmar"},"geometry":{"type":"Point","coordinates":[-53.3653334,-33.5218867]}},{"type":"Feature","properties":{"Instituição - IES":" UNIVERSIDADE FEDERAL DO RIO GRANDE","Sigla":"FURG","Município sede":"Rio Grande","Tipo":"Universidade","Categoria Administrativa":"Pública Federal","Código":1127180,"Denominação":"POLO UAB DE SANTA VITÓRIA DO PALMAR","Endereço":"Rua General Osório, 2347 - Donatos","Polo":"A","Município":"Santa Vitória do Palmar"},"geometry":{"type":"Point","coordinates":[-53.3632889,-33.5160927]}},{"type":"Feature","properties":{"Instituição - IES":" UNIVERSIDADE FEDERAL DO RIO GRANDE","Sigla":"FURG","Município sede":"Rio Grande","Tipo":"Universidade","Categoria Administrativa":"Pública Federal","Código":1046338,"Denominação":"CAMPUS SANTA VITÓRIA DO PALMAR","Endereço":"Rua Glicério P. de Carvalho, s/n, S/N - São Miguel","Polo":"-","Município":"Santa Vitória do Palmar"},"geometry":{"type":"Point","coordinates":[-53.3823769,-33.5345287]}},{"type":"Feature","properties":{"Instituição - IES":" UNIVERSIDADE FEDERAL DO RIO GRANDE","Sigla":"FURG","Município sede":"Rio Grande","Tipo":"Universidade","Categoria Administrativa":"Pública Federal","Código":1055960,"Denominação":"CAMPUS SANTO ANTONIO DA PATRULHA","Endereço":"RUA BARÃO DO CAHY, 125 - Cidade Alta","Polo":"-","Município":"Santo Antônio da Patrulha"},"geometry":{"type":"Point","coordinates":[-50.5196747,-29.8248584]}},{"type":"Feature","properties":{"Instituição - IES":" UNIVERSIDADE FEDERAL DO RIO GRANDE","Sigla":"FURG","Município sede":"Rio Grande","Tipo":"Universidade","Categoria Administrativa":"Pública Federal","Código":1036773,"Denominação":"Santo Antônio da Patrulha","Endereço":"RUA BARRÃO DO CAHY, 125 - Cidade Alta","Polo":"A","Município":"Santo Antônio da Patrulha"},"geometry":{"type":"Point","coordinates":[-50.5196747,-29.8248584]}},{"type":"Feature","properties":{"Instituição - IES":" UNIVERSIDADE FEDERAL DO RIO GRANDE","Sigla":"FURG","Município sede":"Rio Grande","Tipo":"Universidade","Categoria Administrativa":"Pública Federal","Código":1076299,"Denominação":"Polo UAB São Francisco de Paula","Endereço":"Rua Manoel Vicente Ferreira, Prédio do Banco do Brasil, 329 - Centro","Polo":"A","Município":"São Francisco de Paula"},"geometry":{"type":"Point","coordinates":[-50.5812227,-29.4487616]}},{"type":"Feature","properties":{"Instituição - IES":" UNIVERSIDADE FEDERAL DO RIO GRANDE","Sigla":"FURG","Município sede":"Rio Grande","Tipo":"Universidade","Categoria Administrativa":"Pública Federal","Código":1127179,"Denominação":"POLO UAB DE SÃO JOSÉ DO NORTE","Endereço":"Rua Doze, 101 - Carlos Santos","Polo":"A","Município":"São José do Norte"},"geometry":{"type":"Point","coordinates":[-52.03294466639118,-32.01463249211537]}},{"type":"Feature","properties":{"Instituição - IES":" UNIVERSIDADE FEDERAL DO RIO GRANDE","Sigla":"FURG","Município sede":"Rio Grande","Tipo":"Universidade","Categoria Administrativa":"Pública Federal","Código":2006581,"Denominação":"Polo UAB SAO JOSÉ DO NORTE","Endereço":"RUA ENGENHEIRO FERNANDO DUPRAT, 700 - GUARIDA","Polo":"A","Município":"São José do Norte"},"geometry":{"type":"Point","coordinates":[-52.0337798,-32.015046]}},{"type":"Feature","properties":{"Instituição - IES":" UNIVERSIDADE FEDERAL DO RIO GRANDE","Sigla":"FURG","Município sede":"Rio Grande","Tipo":"Universidade","Categoria Administrativa":"Pública Federal","Código":1066117,"Denominação":"Polo Uab São Lourenço do Sul","Endereço":"Av. Coronel Nonô Centeno, 933 - Avenida","Polo":"A","Município":"São Lourenço do Sul"},"geometry":{"type":"Point","coordinates":[-51.987018,-31.358333]}},{"type":"Feature","properties":{"Instituição - IES":" UNIVERSIDADE FEDERAL DO RIO GRANDE","Sigla":"FURG","Município sede":"Rio Grande","Tipo":"Universidade","Categoria Administrativa":"Pública Federal","Código":1046184,"Denominação":"CAMPUS SÃO LOURENÇO DO SUL","Endereço":"R. Marechal Floriano Peixoto, 2236 - Centro","Polo":"-","Município":"São Lourenço do Sul"},"geometry":{"type":"Point","coordinates":[-51.9829655,-31.367471]}},{"type":"Feature","properties":{"Instituição - IES":" UNIVERSIDADE FEDERAL DO RIO GRANDE","Sigla":"FURG","Município sede":"Rio Grande","Tipo":"Universidade","Categoria Administrativa":"Pública Federal","Código":1126676,"Denominação":"POLO UAB DE SÃO SEPÉ","Endereço":"Rua Coronel Veríssimo, 1177 - Centro","Polo":"A","Município":"São Sepé"},"geometry":{"type":"Point","coordinates":[-53.57056,-30.1669775]}},{"type":"Feature","properties":{"Instituição - IES":" UNIVERSIDADE FEDERAL DO RIO GRANDE","Sigla":"FURG","Município sede":"Rio Grande","Tipo":"Universidade","Categoria Administrativa":"Pública Federal","Código":1046186,"Denominação":"Polo UAB de Sapiranga","Endereço":"Rua Padre Réus, 263 - Centro","Polo":"A","Município":"Sapiranga"},"geometry":{"type":"Point","coordinates":[-51.0041581,-29.6391418]}},{"type":"Feature","properties":{"Instituição - IES":" UNIVERSIDADE FEDERAL DO RIO GRANDE","Sigla":"FURG","Município sede":"Rio Grande","Tipo":"Universidade","Categoria Administrativa":"Pública Federal","Código":1138805,"Denominação":"Sapucaia do Sul - Rs Paraiso","Endereço":"Rua Atalíbio Trindade Figueiredo, 04 - Paraíso","Polo":"A","Município":"Sapucaia do Sul"},"geometry":{"type":"Point","coordinates":[-51.1501443999999,-29.8327591]}},{"type":"Feature","properties":{"Instituição - IES":" UNIVERSIDADE FEDERAL DO RIO GRANDE","Sigla":"FURG","Município sede":"Rio Grande","Tipo":"Universidade","Categoria Administrativa":"Pública Federal","Código":1066124,"Denominação":"Polo UAB Sarandi","Endereço":"Av. Santa Gema, s/n - Santa Gema","Polo":"A","Município":"Sarandi"},"geometry":{"type":"Point","coordinates":[-52.93276578050977,-27.94752715671766]}},{"type":"Feature","properties":{"Instituição - IES":" UNIVERSIDADE FEDERAL DO RIO GRANDE","Sigla":"FURG","Município sede":"Rio Grande","Tipo":"Universidade","Categoria Administrativa":"Pública Federal","Código":1046187,"Denominação":"Polo UAB de Sobradinho","Endereço":"Rua Honório Guerreiro,, 630 - Vera Cruz","Polo":"A","Município":"Sobradinho"},"geometry":{"type":"Point","coordinates":[-53.0262653,-29.4278589]}},{"type":"Feature","properties":{"Instituição - IES":" UNIVERSIDADE FEDERAL DO RIO GRANDE","Sigla":"FURG","Município sede":"Rio Grande","Tipo":"Universidade","Categoria Administrativa":"Pública Federal","Código":1046188,"Denominação":"Polo UAB de Três de Maio","Endereço":"Rua Planalto, 1600 - Glória","Polo":"A","Município":"Três de Maio"},"geometry":{"type":"Point","coordinates":[-54.2390240999999,-27.7635228]}},{"type":"Feature","properties":{"Instituição - IES":" UNIVERSIDADE FEDERAL DO RIO GRANDE DO SUL","Sigla":"UFRGS","Município sede":"Porto Alegre","Tipo":"Universidade","Categoria Administrativa":"Pública Federal","Código":2007433,"Denominação":"Polo UAB - Arroio dos Ratos","Endereço":"AV. João Pereira da Silva, 1250 - Nossa Senhora Aparecida","Polo":"A","Município":"Arroio dos Ratos"},"geometry":{"type":"Point","coordinates":[-51.7272745,-30.0987556999999]}},{"type":"Feature","properties":{"Instituição - IES":" UNIVERSIDADE FEDERAL DO RIO GRANDE DO SUL","Sigla":"UFRGS","Município sede":"Porto Alegre","Tipo":"Universidade","Categoria Administrativa":"Pública Federal","Código":23256,"Denominação":"Pólo Bagé - EAD Administração","Endereço":"Av. Tupy Silveira, 2820, São João., 2820 - São João","Polo":"A","Município":"Bagé"},"geometry":{"type":"Point","coordinates":[-54.1096405,-31.307409]}},{"type":"Feature","properties":{"Instituição - IES":" UNIVERSIDADE FEDERAL DO RIO GRANDE DO SUL","Sigla":"UFRGS","Município sede":"Porto Alegre","Tipo":"Universidade","Categoria Administrativa":"Pública Federal","Código":2007434,"Denominação":"Polo UAB - Balneário Pinhal","Endereço":"São Jerônimo, 826 - Distrito de Magistério","Polo":"A","Município":"Balneário Pinhal"},"geometry":{"type":"Point","coordinates":[-50.2575611,-30.292046]}},{"type":"Feature","properties":{"Instituição - IES":" UNIVERSIDADE FEDERAL DO RIO GRANDE DO SUL","Sigla":"UFRGS","Município sede":"Porto Alegre","Tipo":"Universidade","Categoria Administrativa":"Pública Federal","Código":2007435,"Denominação":"Pólo Cachoeira do Sul","Endereço":"RUA DAVID BARCELOS, 270 - CENTRO","Polo":"A","Município":"Cachoeira do Sul"},"geometry":{"type":"Point","coordinates":[-52.8985032,-30.0374993999999]}},{"type":"Feature","properties":{"Instituição - IES":" UNIVERSIDADE FEDERAL DO RIO GRANDE DO SUL","Sigla":"UFRGS","Município sede":"Porto Alegre","Tipo":"Universidade","Categoria Administrativa":"Pública Federal","Código":2007436,"Denominação":"Pólo Camargo","Endereço":"Rua Padre Stripulli, 459 - Centro","Polo":"A","Município":"Camargo"},"geometry":{"type":"Point","coordinates":[-52.20022064517715,-28.586523717267973]}},{"type":"Feature","properties":{"Instituição - IES":" UNIVERSIDADE FEDERAL DO RIO GRANDE DO SUL","Sigla":"UFRGS","Município sede":"Porto Alegre","Tipo":"Universidade","Categoria Administrativa":"Pública Federal","Código":23257,"Denominação":"Pólo Caxias do Sul","Endereço":"Rua Francisco Getúlio Vargas, 1130 - Bloco","Polo":"A","Município":"Caxias do Sul"},"geometry":{"type":"Point","coordinates":[-51.1495142,-29.1666901]}},{"type":"Feature","properties":{"Instituição - IES":" UNIVERSIDADE FEDERAL DO RIO GRANDE DO SUL","Sigla":"UFRGS","Município sede":"Porto Alegre","Tipo":"Universidade","Categoria Administrativa":"Pública Federal","Código":1055460,"Denominação":"Pólo Cerro Largo","Endereço":"Rua José Inácio Schardong, 1017 - Vila Industrial","Polo":"A","Município":"Cerro Largo"},"geometry":{"type":"Point","coordinates":[-54.7291185,-28.1561677]}},{"type":"Feature","properties":{"Instituição - IES":" UNIVERSIDADE FEDERAL DO RIO GRANDE DO SUL","Sigla":"UFRGS","Município sede":"Porto Alegre","Tipo":"Universidade","Categoria Administrativa":"Pública Federal","Código":2007437,"Denominação":"Polo UAB - Constantina","Endereço":"Avenida Amandio Araujo, Escola, 1125 - Centro","Polo":"A","Município":"Constantina"},"geometry":{"type":"Point","coordinates":[-52.9942763,-27.7334514]}},{"type":"Feature","properties":{"Instituição - IES":" UNIVERSIDADE FEDERAL DO RIO GRANDE DO SUL","Sigla":"UFRGS","Município sede":"Porto Alegre","Tipo":"Universidade","Categoria Administrativa":"Pública Federal","Código":1058551,"Denominação":"Polo UAB - Encantado","Endereço":"Rua Alegrete, 811 - Lambari","Polo":"A","Município":"Encantado"},"geometry":{"type":"Point","coordinates":[-51.8898246,-29.2245365]}},{"type":"Feature","properties":{"Instituição - IES":" UNIVERSIDADE FEDERAL DO RIO GRANDE DO SUL","Sigla":"UFRGS","Município sede":"Porto Alegre","Tipo":"Universidade","Categoria Administrativa":"Pública Federal","Código":1055355,"Denominação":"Pólo Gramado","Endereço":"Rua Josias Martinho, Escola Municipal de Ensino Fundamental Dr. Carlos Nelz - CAIC, 197 - Moura","Polo":"A","Município":"Gramado"},"geometry":{"type":"Point","coordinates":[-50.8805238,-29.3598621999999]}},{"type":"Feature","properties":{"Instituição - IES":" UNIVERSIDADE FEDERAL DO RIO GRANDE DO SUL","Sigla":"UFRGS","Município sede":"Porto Alegre","Tipo":"Universidade","Categoria Administrativa":"Pública Federal","Código":2002148,"Denominação":"GRAVATAÍ","Endereço":"Rua Santa Fé, 285 - Parada 64","Polo":"A","Município":"Gravataí"},"geometry":{"type":"Point","coordinates":[-51.0546966,-29.9360335999999]}},{"type":"Feature","properties":{"Instituição - IES":" UNIVERSIDADE FEDERAL DO RIO GRANDE DO SUL","Sigla":"UFRGS","Município sede":"Porto Alegre","Tipo":"Universidade","Categoria Administrativa":"Pública Federal","Código":2007438,"Denominação":"Polo UAB - Hulha Negra","Endereço":"AVENIDA GETULIO VARGAS, 1643 - CENTRO","Polo":"A","Município":"Hulha Negra"},"geometry":{"type":"Point","coordinates":[-53.8704242,-31.4074077999999]}},{"type":"Feature","properties":{"Instituição - IES":" UNIVERSIDADE FEDERAL DO RIO GRANDE DO SUL","Sigla":"UFRGS","Município sede":"Porto Alegre","Tipo":"Universidade","Categoria Administrativa":"Pública Federal","Código":23258,"Denominação":"Pólo Ijuí - EAD Administração","Endereço":"Rua 24 de fevereiro, 315 - Centro","Polo":"A","Município":"Ijuí"},"geometry":{"type":"Point","coordinates":[-53.9193547,-28.3900711]}},{"type":"Feature","properties":{"Instituição - IES":" UNIVERSIDADE FEDERAL DO RIO GRANDE DO SUL","Sigla":"UFRGS","Município sede":"Porto Alegre","Tipo":"Universidade","Categoria Administrativa":"Pública Federal","Código":703886,"Denominação":"Pólo Imbé","Endereço":"Avenida Tramandaí, 976 - 976","Polo":"A","Município":"Imbé"},"geometry":{"type":"Point","coordinates":[-50.1379376999999,-29.9739963]}},{"type":"Feature","properties":{"Instituição - IES":" UNIVERSIDADE FEDERAL DO RIO GRANDE DO SUL","Sigla":"UFRGS","Município sede":"Porto Alegre","Tipo":"Universidade","Categoria Administrativa":"Pública Federal","Código":2007439,"Denominação":"Polo UAB - ITAQUI","Endereço":"Euclides Aranha, 1288 - Centro","Polo":"A","Município":"Itaqui"},"geometry":{"type":"Point","coordinates":[-56.5538667,-29.1229354]}},{"type":"Feature","properties":{"Instituição - IES":" UNIVERSIDADE FEDERAL DO RIO GRANDE DO SUL","Sigla":"UFRGS","Município sede":"Porto Alegre","Tipo":"Universidade","Categoria Administrativa":"Pública Federal","Código":2007440,"Denominação":"Pólo Jaguarão","Endereço":"Rua 3 de outubro, 170 - centro","Polo":"A","Município":"Jaguarão"},"geometry":{"type":"Point","coordinates":[-53.3719619,-32.5570762]}},{"type":"Feature","properties":{"Instituição - IES":" UNIVERSIDADE FEDERAL DO RIO GRANDE DO SUL","Sigla":"UFRGS","Município sede":"Porto Alegre","Tipo":"Universidade","Categoria Administrativa":"Pública Federal","Código":23264,"Denominação":"LAJEADO","Endereço":"Rua Germano Berner, s/n - Florestal","Polo":"A","Município":"Lajeado"},"geometry":{"type":"Point","coordinates":[-51.9693854,-29.4563019]}},{"type":"Feature","properties":{"Instituição - IES":" UNIVERSIDADE FEDERAL DO RIO GRANDE DO SUL","Sigla":"UFRGS","Município sede":"Porto Alegre","Tipo":"Universidade","Categoria Administrativa":"Pública Federal","Código":1055467,"Denominação":"Pólo Mostardas","Endereço":"Avenida Dr. Dinarte Silveira Martins, 330 - Vila Norte","Polo":"A","Município":"Mostardas"},"geometry":{"type":"Point","coordinates":[-50.9150688999999,-31.0988465]}},{"type":"Feature","properties":{"Instituição - IES":" UNIVERSIDADE FEDERAL DO RIO GRANDE DO SUL","Sigla":"UFRGS","Município sede":"Porto Alegre","Tipo":"Universidade","Categoria Administrativa":"Pública Federal","Código":2007441,"Denominação":"Pólo Novo Hamburgo","Endereço":"Av. Pedro Adams Filho, 2º e 3º andares, 4918 - Centro","Polo":"A","Município":"Novo Hamburgo"},"geometry":{"type":"Point","coordinates":[-51.1394572,-29.7280451]}},{"type":"Feature","properties":{"Instituição - IES":" UNIVERSIDADE FEDERAL DO RIO GRANDE DO SUL","Sigla":"UFRGS","Município sede":"Porto Alegre","Tipo":"Universidade","Categoria Administrativa":"Pública Federal","Código":23265,"Denominação":"OSÓRIO","Endereço":"Rua Anphilóquio Dias Marques, 296 - Centro","Polo":"A","Município":"Osório"},"geometry":{"type":"Point","coordinates":[-50.2749844,-29.888669]}},{"type":"Feature","properties":{"Instituição - IES":" UNIVERSIDADE FEDERAL DO RIO GRANDE DO SUL","Sigla":"UFRGS","Município sede":"Porto Alegre","Tipo":"Universidade","Categoria Administrativa":"Pública Federal","Código":2007442,"Denominação":"Pólo Panambi","Endereço":"Rua Hermann Mayer, 2º Piso, 43 - centro","Polo":"A","Município":"Panambi"},"geometry":{"type":"Point","coordinates":[-53.5025562,-28.2879263]}},{"type":"Feature","properties":{"Instituição - IES":" UNIVERSIDADE FEDERAL DO RIO GRANDE DO SUL","Sigla":"UFRGS","Município sede":"Porto Alegre","Tipo":"Universidade","Categoria Administrativa":"Pública Federal","Código":23266,"Denominação":"Pólo Passo Fundo - EAD Administração","Endereço":"Rua Senador Pinheiro, 304 - Centro","Polo":"A","Município":"Passo Fundo"},"geometry":{"type":"Point","coordinates":[-52.397265,-28.265073]}},{"type":"Feature","properties":{"Instituição - IES":" UNIVERSIDADE FEDERAL DO RIO GRANDE DO SUL","Sigla":"UFRGS","Município sede":"Porto Alegre","Tipo":"Universidade","Categoria Administrativa":"Pública Federal","Código":23267,"Denominação":"Pólo Pelotas","Endereço":"Rua Almirante Barroso, 1734 - Centro","Polo":"A","Município":"Pelotas"},"geometry":{"type":"Point","coordinates":[-52.3369239,-31.7720539]}},{"type":"Feature","properties":{"Instituição - IES":" UNIVERSIDADE FEDERAL DO RIO GRANDE DO SUL","Sigla":"UFRGS","Município sede":"Porto Alegre","Tipo":"Universidade","Categoria Administrativa":"Pública Federal","Código":2007443,"Denominação":"Polo UAB - Picada Café","Endereço":"RUA DAS AZALÉIAS, 638 - CENTRO","Polo":"A","Município":"Picada Café"},"geometry":{"type":"Point","coordinates":[-51.1352024,-29.4474462]}},{"type":"Feature","properties":{"Instituição - IES":" UNIVERSIDADE FEDERAL DO RIO GRANDE DO SUL","Sigla":"UFRGS","Município sede":"Porto Alegre","Tipo":"Universidade","Categoria Administrativa":"Pública Federal","Código":33101,"Denominação":"Faculdade de Agronomia","Endereço":"Av. Bento Gonçalves, Prédio 41301, 7712 - Agronomia","Polo":"-","Município":"Porto Alegre"},"geometry":{"type":"Point","coordinates":[-51.1326059,-30.07586]}},{"type":"Feature","properties":{"Instituição - IES":" UNIVERSIDADE FEDERAL DO RIO GRANDE DO SUL","Sigla":"UFRGS","Município sede":"Porto Alegre","Tipo":"Universidade","Categoria Administrativa":"Pública Federal","Código":33821,"Denominação":"Faculdade de Veterinária - Campus do Vale","Endereço":"Av. Bento Gonçalves, Prédio 42602, 9090 - Agronomia","Polo":"-","Município":"Porto Alegre"},"geometry":{"type":"Point","coordinates":[-51.1326059,-30.07586]}},{"type":"Feature","properties":{"Instituição - IES":" UNIVERSIDADE FEDERAL DO RIO GRANDE DO SUL","Sigla":"UFRGS","Município sede":"Porto Alegre","Tipo":"Universidade","Categoria Administrativa":"Pública Federal","Código":34999,"Denominação":"Campus do Vale","Endereço":"Av. Bento Gonçalves, 9500 - Agronomia","Polo":"A","Município":"Porto Alegre"},"geometry":{"type":"Point","coordinates":[-51.124626,-30.075816]}},{"type":"Feature","properties":{"Instituição - IES":" UNIVERSIDADE FEDERAL DO RIO GRANDE DO SUL","Sigla":"UFRGS","Município sede":"Porto Alegre","Tipo":"Universidade","Categoria Administrativa":"Pública Federal","Código":1054068,"Denominação":"Instituto de Pesquisas Hidráulicas","Endereço":"Av. Bento Gonçalves, 9500 - Agronomia","Polo":"-","Município":"Porto Alegre"},"geometry":{"type":"Point","coordinates":[-51.124626,-30.075816]}},{"type":"Feature","properties":{"Instituição - IES":" UNIVERSIDADE FEDERAL DO RIO GRANDE DO SUL","Sigla":"UFRGS","Município sede":"Porto Alegre","Tipo":"Universidade","Categoria Administrativa":"Pública Federal","Código":1002220,"Denominação":"Unidade Sede","Endereço":"Avenida Paulo Gama, Térreo, 110 - Farroupilha","Polo":"A","Município":"Porto Alegre"},"geometry":{"type":"Point","coordinates":[-51.2184559,-30.0336855]}},{"type":"Feature","properties":{"Instituição - IES":" UNIVERSIDADE FEDERAL DO RIO GRANDE DO SUL","Sigla":"UFRGS","Município sede":"Porto Alegre","Tipo":"Universidade","Categoria Administrativa":"Pública Federal","Código":33641,"Denominação":"Faculdade de Farmácia - Campus da Saúde","Endereço":"Av. Ipiranga, Prédio 21106, 2752 - Azenha","Polo":"-","Município":"Porto Alegre"},"geometry":{"type":"Point","coordinates":[-51.2147542,-30.047469]}},{"type":"Feature","properties":{"Instituição - IES":" UNIVERSIDADE FEDERAL DO RIO GRANDE DO SUL","Sigla":"UFRGS","Município sede":"Porto Alegre","Tipo":"Universidade","Categoria Administrativa":"Pública Federal","Código":33281,"Denominação":"Faculdade de Ciências Econômicas - Campus Centro","Endereço":"av. João Pessoa, Prédio 11109, 52 - Centro","Polo":"-","Município":"Porto Alegre"},"geometry":{"type":"Point","coordinates":[-51.2228568,-30.0329777]}},{"type":"Feature","properties":{"Instituição - IES":" UNIVERSIDADE FEDERAL DO RIO GRANDE DO SUL","Sigla":"UFRGS","Município sede":"Porto Alegre","Tipo":"Universidade","Categoria Administrativa":"Pública Federal","Código":33321,"Denominação":"Faculdade de Direito","Endereço":"av. João Pessoa, Prédio 11108, 80 - Centro","Polo":"-","Município":"Porto Alegre"},"geometry":{"type":"Point","coordinates":[-51.2228568,-30.0329777]}},{"type":"Feature","properties":{"Instituição - IES":" UNIVERSIDADE FEDERAL DO RIO GRANDE DO SUL","Sigla":"UFRGS","Município sede":"Porto Alegre","Tipo":"Universidade","Categoria Administrativa":"Pública Federal","Código":33563,"Denominação":"Escola de Engenharia","Endereço":"av. Oswaldo Aranha, Prédio 11105, 99 - Centro","Polo":"-","Município":"Porto Alegre"},"geometry":{"type":"Point","coordinates":[-51.2221595,-30.0318914]}},{"type":"Feature","properties":{"Instituição - IES":" UNIVERSIDADE FEDERAL DO RIO GRANDE DO SUL","Sigla":"UFRGS","Município sede":"Porto Alegre","Tipo":"Universidade","Categoria Administrativa":"Pública Federal","Código":33841,"Denominação":"Faculdade de Educação - Campus Centro","Endereço":"av. Paulo Gama, Prédio 12201, s/n. - Farroupilha","Polo":"-","Município":"Porto Alegre"},"geometry":{"type":"Point","coordinates":[-51.2184559,-30.0336855]}},{"type":"Feature","properties":{"Instituição - IES":" UNIVERSIDADE FEDERAL DO RIO GRANDE DO SUL","Sigla":"UFRGS","Município sede":"Porto Alegre","Tipo":"Universidade","Categoria Administrativa":"Pública Federal","Código":33861,"Denominação":"Instituto de Psicologia","Endereço":"av. Ramiro Barcelos, Prédio 21107, 2600 - Santana","Polo":"-","Município":"Porto Alegre"},"geometry":{"type":"Point","coordinates":[-51.2082354,-30.039761]}},{"type":"Feature","properties":{"Instituição - IES":" UNIVERSIDADE FEDERAL DO RIO GRANDE DO SUL","Sigla":"UFRGS","Município sede":"Porto Alegre","Tipo":"Universidade","Categoria Administrativa":"Pública Federal","Código":33761,"Denominação":"Faculdade de Odontologia","Endereço":"Av. Ramiro Barcelos, Prédio 21108, 2492 - Santana","Polo":"-","Município":"Porto Alegre"},"geometry":{"type":"Point","coordinates":[-51.2082354,-30.039761]}},{"type":"Feature","properties":{"Instituição - IES":" UNIVERSIDADE FEDERAL DO RIO GRANDE DO SUL","Sigla":"UFRGS","Município sede":"Porto Alegre","Tipo":"Universidade","Categoria Administrativa":"Pública Federal","Código":33801,"Denominação":"Faculdade de Medicina - Campus Saúde","Endereço":"Av. Ramiro Barcelos, Prédio 21112, 2400 - Santana","Polo":"-","Município":"Porto Alegre"},"geometry":{"type":"Point","coordinates":[-51.2082354,-30.039761]}},{"type":"Feature","properties":{"Instituição - IES":" UNIVERSIDADE FEDERAL DO RIO GRANDE DO SUL","Sigla":"UFRGS","Município sede":"Porto Alegre","Tipo":"Universidade","Categoria Administrativa":"Pública Federal","Código":33102,"Denominação":"Faculdade de Arquitetura - Campus Centro","Endereço":"av. Sarmento Leite, Prédio 12103, 320 - Centro","Polo":"-","Município":"Porto Alegre"},"geometry":{"type":"Point","coordinates":[-51.2217001,-30.0341812]}},{"type":"Feature","properties":{"Instituição - IES":" UNIVERSIDADE FEDERAL DO RIO GRANDE DO SUL","Sigla":"UFRGS","Município sede":"Porto Alegre","Tipo":"Universidade","Categoria Administrativa":"Pública Federal","Código":33121,"Denominação":"Instituto de Ciências Básicas da Saúde - Campus Centro","Endereço":"av. Sarmento Leite, Prédio 12101, 500 - Centro","Polo":"-","Município":"Porto Alegre"},"geometry":{"type":"Point","coordinates":[-51.2206636,-30.0324706]}},{"type":"Feature","properties":{"Instituição - IES":" UNIVERSIDADE FEDERAL DO RIO GRANDE DO SUL","Sigla":"UFRGS","Município sede":"Porto Alegre","Tipo":"Universidade","Categoria Administrativa":"Pública Federal","Código":33565,"Denominação":"Escola de Engenharia(Mecânica) - Campus do Centro","Endereço":"av. Sarmento Leite, Prédio 11107, 425 - Centro","Polo":"-","Município":"Porto Alegre"},"geometry":{"type":"Point","coordinates":[-51.2217001,-30.0341812]}},{"type":"Feature","properties":{"Instituição - IES":" UNIVERSIDADE FEDERAL DO RIO GRANDE DO SUL","Sigla":"UFRGS","Município sede":"Porto Alegre","Tipo":"Universidade","Categoria Administrativa":"Pública Federal","Código":33503,"Denominação":"Escola de Educação Física, Fisioterapia e Dança - Campus Olímpico","Endereço":"Rua Felizardo, Prédio 31102, 750 - Jardim Botânico","Polo":"-","Município":"Porto Alegre"},"geometry":{"type":"Point","coordinates":[-51.184071,-30.0509505]}},{"type":"Feature","properties":{"Instituição - IES":" UNIVERSIDADE FEDERAL DO RIO GRANDE DO SUL","Sigla":"UFRGS","Município sede":"Porto Alegre","Tipo":"Universidade","Categoria Administrativa":"Pública Federal","Código":1052890,"Denominação":"Instituto de Artes","Endereço":"Rua Gal. Vitorino, 255 - Centro","Polo":"-","Município":"Porto Alegre"},"geometry":{"type":"Point","coordinates":[-51.2241885,-30.0306218]}},{"type":"Feature","properties":{"Instituição - IES":" UNIVERSIDADE FEDERAL DO RIO GRANDE DO SUL","Sigla":"UFRGS","Município sede":"Porto Alegre","Tipo":"Universidade","Categoria Administrativa":"Pública Federal","Código":33103,"Denominação":"Faculdade de Biblioteconomia e Comunicação - Campus Saúde","Endereço":"Rua Ramiro Barcelos, Prédio 22201, 2705 - Santana","Polo":"-","Município":"Porto Alegre"},"geometry":{"type":"Point","coordinates":[-51.2082354,-30.039761]}},{"type":"Feature","properties":{"Instituição - IES":" UNIVERSIDADE FEDERAL DO RIO GRANDE DO SUL","Sigla":"UFRGS","Município sede":"Porto Alegre","Tipo":"Universidade","Categoria Administrativa":"Pública Federal","Código":33081,"Denominação":"Escola de Enfermagem - Campus da Saúde","Endereço":"Rua São Manoel, Prédio 21103, 963 - Rio Branco","Polo":"-","Município":"Porto Alegre"},"geometry":{"type":"Point","coordinates":[-51.2049351,-30.0343508]}},{"type":"Feature","properties":{"Instituição - IES":" UNIVERSIDADE FEDERAL DO RIO GRANDE DO SUL","Sigla":"UFRGS","Município sede":"Porto Alegre","Tipo":"Universidade","Categoria Administrativa":"Pública Federal","Código":33104,"Denominação":"Instituto de Artes - Campus Centro","Endereço":"rua Senhor dos Passos, Prédio 13201, 248 - Centro","Polo":"-","Município":"Porto Alegre"},"geometry":{"type":"Point","coordinates":[-51.2237782,-30.0282146]}},{"type":"Feature","properties":{"Instituição - IES":" UNIVERSIDADE FEDERAL DO RIO GRANDE DO SUL","Sigla":"UFRGS","Município sede":"Porto Alegre","Tipo":"Universidade","Categoria Administrativa":"Pública Federal","Código":33002,"Denominação":"Escola de Administração - Campus Centro","Endereço":"Rua Washington Luiz, 855 - Centro","Polo":"-","Município":"Porto Alegre"},"geometry":{"type":"Point","coordinates":[-51.231566,-30.0371825]}},{"type":"Feature","properties":{"Instituição - IES":" UNIVERSIDADE FEDERAL DO RIO GRANDE DO SUL","Sigla":"UFRGS","Município sede":"Porto Alegre","Tipo":"Universidade","Categoria Administrativa":"Pública Federal","Código":23268,"Denominação":"Pólo Porto Alegre - EAD Administração","Endereço":"Rua Washington Luíz, 855, Cidade Baixa., 855 - Cidade Baixa","Polo":"A","Município":"Porto Alegre"},"geometry":{"type":"Point","coordinates":[-51.231566,-30.0371825]}},{"type":"Feature","properties":{"Instituição - IES":" UNIVERSIDADE FEDERAL DO RIO GRANDE DO SUL","Sigla":"UFRGS","Município sede":"Porto Alegre","Tipo":"Universidade","Categoria Administrativa":"Pública Federal","Código":2007444,"Denominação":"Polo UAB - Quaraí","Endereço":"Rua Anhangá Pita, S/N - Vila Gaudêncio Conceição","Polo":"A","Município":"Quaraí"},"geometry":{"type":"Point","coordinates":[-56.4521532,-30.3799194]}},{"type":"Feature","properties":{"Instituição - IES":" UNIVERSIDADE FEDERAL DO RIO GRANDE DO SUL","Sigla":"UFRGS","Município sede":"Porto Alegre","Tipo":"Universidade","Categoria Administrativa":"Pública Federal","Código":1055468,"Denominação":"Pólo Restinga Seca","Endereço":"Rua José Celestino Alves, 134 - Centro","Polo":"A","Município":"Restinga Seca"},"geometry":{"type":"Point","coordinates":[-53.3772307,-29.8149502]}},{"type":"Feature","properties":{"Instituição - IES":" UNIVERSIDADE FEDERAL DO RIO GRANDE DO SUL","Sigla":"UFRGS","Município sede":"Porto Alegre","Tipo":"Universidade","Categoria Administrativa":"Pública Federal","Código":2007445,"Denominação":"Pólo Rosário do Sul","Endereço":"AV. RAFAEL GONÇALVES, Anexo a Escola M. E. Fundamental PROF LEÃO WARREN, 435 - CENTENÁRIO","Polo":"A","Município":"Rosário do Sul"},"geometry":{"type":"Point","coordinates":[-54.9371499,-30.2525175]}},{"type":"Feature","properties":{"Instituição - IES":" UNIVERSIDADE FEDERAL DO RIO GRANDE DO SUL","Sigla":"UFRGS","Município sede":"Porto Alegre","Tipo":"Universidade","Categoria Administrativa":"Pública Federal","Código":23269,"Denominação":"Pólo Santa Maria - EAD Administração","Endereço":"Rua Floriano Peixoto, 5o andar, 1184, Centro., 5 ° Andar, 1184 - Centro","Polo":"A","Município":"Santa Maria"},"geometry":{"type":"Point","coordinates":[-53.8122114,-29.6773176]}},{"type":"Feature","properties":{"Instituição - IES":" UNIVERSIDADE FEDERAL DO RIO GRANDE DO SUL","Sigla":"UFRGS","Município sede":"Porto Alegre","Tipo":"Universidade","Categoria Administrativa":"Pública Federal","Código":1094504,"Denominação":"Polo Santa Vitória do Palmar - Centro","Endereço":"Rua Barão do Rio Branco, 760 - Centro","Polo":"A","Município":"Santa Vitória do Palmar"},"geometry":{"type":"Point","coordinates":[-53.3653334,-33.5218867]}},{"type":"Feature","properties":{"Instituição - IES":" UNIVERSIDADE FEDERAL DO RIO GRANDE DO SUL","Sigla":"UFRGS","Município sede":"Porto Alegre","Tipo":"Universidade","Categoria Administrativa":"Pública Federal","Código":2007446,"Denominação":"Pólo UAB - Santo Antônio da Patrulha","Endereço":"RUA BARRÃO DO CAHY, 125 - CIDADE ALTA","Polo":"A","Município":"Santo Antônio da Patrulha"},"geometry":{"type":"Point","coordinates":[-50.5196747,-29.8248584]}},{"type":"Feature","properties":{"Instituição - IES":" UNIVERSIDADE FEDERAL DO RIO GRANDE DO SUL","Sigla":"UFRGS","Município sede":"Porto Alegre","Tipo":"Universidade","Categoria Administrativa":"Pública Federal","Código":2007447,"Denominação":"Polo UAB - São Francisco de Paula","Endereço":"Rua Manoel Vicente Ferreira, 329 - Centro","Polo":"A","Município":"São Francisco de Paula"},"geometry":{"type":"Point","coordinates":[-50.5823914,-29.448638]}},{"type":"Feature","properties":{"Instituição - IES":" UNIVERSIDADE FEDERAL DO RIO GRANDE DO SUL","Sigla":"UFRGS","Município sede":"Porto Alegre","Tipo":"Universidade","Categoria Administrativa":"Pública Federal","Código":34991,"Denominação":"Pólo São Leopoldo","Endereço":"rua Marquês do Herval, 410 - 410","Polo":"A","Município":"São Leopoldo"},"geometry":{"type":"Point","coordinates":[-51.1455936,-29.7628174]}},{"type":"Feature","properties":{"Instituição - IES":" UNIVERSIDADE FEDERAL DO RIO GRANDE DO SUL","Sigla":"UFRGS","Município sede":"Porto Alegre","Tipo":"Universidade","Categoria Administrativa":"Pública Federal","Código":2007448,"Denominação":"Polo UAB - São Lourenço do Sul","Endereço":"Av. Coronel Nonô Centeno, 933 - Avenida","Polo":"A","Município":"São Lourenço do Sul"},"geometry":{"type":"Point","coordinates":[-51.987018,-31.358333]}},{"type":"Feature","properties":{"Instituição - IES":" UNIVERSIDADE FEDERAL DO RIO GRANDE DO SUL","Sigla":"UFRGS","Município sede":"Porto Alegre","Tipo":"Universidade","Categoria Administrativa":"Pública Federal","Código":2007449,"Denominação":"Pólo São Sepé","Endereço":"Rua Coronel Veríssimo, 1177 - Centro","Polo":"A","Município":"São Sepé"},"geometry":{"type":"Point","coordinates":[-53.57056,-30.1669775]}},{"type":"Feature","properties":{"Instituição - IES":" UNIVERSIDADE FEDERAL DO RIO GRANDE DO SUL","Sigla":"UFRGS","Município sede":"Porto Alegre","Tipo":"Universidade","Categoria Administrativa":"Pública Federal","Código":23242,"Denominação":"Pólo Sapiranga","Endereço":"Rua Padre Réus, 263 - Centro","Polo":"A","Município":"Sapiranga"},"geometry":{"type":"Point","coordinates":[-51.0041581,-29.6391418]}},{"type":"Feature","properties":{"Instituição - IES":" UNIVERSIDADE FEDERAL DO RIO GRANDE DO SUL","Sigla":"UFRGS","Município sede":"Porto Alegre","Tipo":"Universidade","Categoria Administrativa":"Pública Federal","Código":2007450,"Denominação":"Pólo Sapucaia do Sul","Endereço":"Rua Vereador Atalibio Trindade Figueiredo, 4 - Paraiso","Polo":"A","Município":"Sapucaia do Sul"},"geometry":{"type":"Point","coordinates":[-51.1502084,-29.8328733]}},{"type":"Feature","properties":{"Instituição - IES":" UNIVERSIDADE FEDERAL DO RIO GRANDE DO SUL","Sigla":"UFRGS","Município sede":"Porto Alegre","Tipo":"Universidade","Categoria Administrativa":"Pública Federal","Código":1055470,"Denominação":"Pólo Seberi","Endereço":"Av. General Flores da Cunha, 113 - Centro","Polo":"A","Município":"Seberi"},"geometry":{"type":"Point","coordinates":[-53.4049005,-27.4789655]}},{"type":"Feature","properties":{"Instituição - IES":" UNIVERSIDADE FEDERAL DO RIO GRANDE DO SUL","Sigla":"UFRGS","Município sede":"Porto Alegre","Tipo":"Universidade","Categoria Administrativa":"Pública Federal","Código":2007451,"Denominação":"Pólo Serafina Corrêa","Endereço":"Rua Minuano, 135 - Gramadinho/ Santa Lúcia","Polo":"A","Município":"Serafina Corrêa"},"geometry":{"type":"Point","coordinates":[-51.9262966999999,-28.7199261]}},{"type":"Feature","properties":{"Instituição - IES":" UNIVERSIDADE FEDERAL DO RIO GRANDE DO SUL","Sigla":"UFRGS","Município sede":"Porto Alegre","Tipo":"Universidade","Categoria Administrativa":"Pública Federal","Código":1055471,"Denominação":"Pólo Sobradinho","Endereço":"Rua Honório Luiz Guerreiro, 270 - Vera Cruz","Polo":"A","Município":"Sobradinho"},"geometry":{"type":"Point","coordinates":[-53.024625,-29.4262647]}},{"type":"Feature","properties":{"Instituição - IES":" UNIVERSIDADE FEDERAL DO RIO GRANDE DO SUL","Sigla":"UFRGS","Município sede":"Porto Alegre","Tipo":"Universidade","Categoria Administrativa":"Pública Federal","Código":1062956,"Denominação":"Campus Litoral Norte","Endereço":"RS 030 KM 92, - 3º Distrito Emboaba","Polo":"-","Município":"Tramandaí"},"geometry":{"type":"Point","coordinates":[-50.5704345,-29.8363436]}},{"type":"Feature","properties":{"Instituição - IES":" UNIVERSIDADE FEDERAL DO RIO GRANDE DO SUL","Sigla":"UFRGS","Município sede":"Porto Alegre","Tipo":"Universidade","Categoria Administrativa":"Pública Federal","Código":23244,"Denominação":"Pólo Três Cachoeiras","Endereço":"Rua Antônio Nunes Machado, 541, Santa Rita., 985 - Centro","Polo":"A","Município":"Três Cachoeiras"},"geometry":{"type":"Point","coordinates":[-49.9100849,-29.4432838]}},{"type":"Feature","properties":{"Instituição - IES":" UNIVERSIDADE FEDERAL DO RIO GRANDE DO SUL","Sigla":"UFRGS","Município sede":"Porto Alegre","Tipo":"Universidade","Categoria Administrativa":"Pública Federal","Código":2007452,"Denominação":"Pólo Três de Maio","Endereço":"RUA PLANALTO, 1600 - GLÓRIA","Polo":"A","Município":"Três de Maio"},"geometry":{"type":"Point","coordinates":[-54.2390240999999,-27.7635228]}},{"type":"Feature","properties":{"Instituição - IES":" UNIVERSIDADE FEDERAL DO RIO GRANDE DO SUL","Sigla":"UFRGS","Município sede":"Porto Alegre","Tipo":"Universidade","Categoria Administrativa":"Pública Federal","Código":2007453,"Denominação":"Polo UAB - TRES PASSOS","Endereço":"Cipriano Barata, 239 - Érico Veríssimo","Polo":"A","Município":"Três Passos"},"geometry":{"type":"Point","coordinates":[-53.9379190999999,-27.46038]}},{"type":"Feature","properties":{"Instituição - IES":" UNIVERSIDADE FEDERAL DO RIO GRANDE DO SUL","Sigla":"UFRGS","Município sede":"Porto Alegre","Tipo":"Universidade","Categoria Administrativa":"Pública Federal","Código":2007454,"Denominação":"Pólo Vila Flores","Endereço":"RUA ARMANDO CRIVELETO, 146 - CENTRO","Polo":"A","Município":"Vila Flores"},"geometry":{"type":"Point","coordinates":[-51.55331704540596,-28.85915046107011]}},{"type":"Feature","properties":{"Instituição - IES":" UNIVERSIDADE FEEVALE","Sigla":"FEEVALE","Município sede":"Novo Hamburgo","Tipo":"Universidade","Categoria Administrativa":"Privada sem fins lucrativos","Código":1074244,"Denominação":"Câmpus III","Endereço":"Avenida Edgar Hoffmeister, 600 - Zona Industrial Norte","Polo":"-","Município":"Campo Bom"},"geometry":{"type":"Point","coordinates":[-51.0509277,-29.6565085]}},{"type":"Feature","properties":{"Instituição - IES":" UNIVERSIDADE FEEVALE","Sigla":"FEEVALE","Município sede":"Novo Hamburgo","Tipo":"Universidade","Categoria Administrativa":"Privada sem fins lucrativos","Código":1177542,"Denominação":"Feevale Digital - Polo Campo Bom","Endereço":"Avenida Edgar Hoffmeister, 600 - Zona Industrial Norte","Polo":"A","Município":"Campo Bom"},"geometry":{"type":"Point","coordinates":[-51.0509277,-29.6565085]}},{"type":"Feature","properties":{"Instituição - IES":" UNIVERSIDADE FEEVALE","Sigla":"FEEVALE","Município sede":"Novo Hamburgo","Tipo":"Universidade","Categoria Administrativa":"Privada sem fins lucrativos","Código":1096878,"Denominação":"Feevale Digital - Polo Esteio","Endereço":"Rua Engenheiro Hener de Souza Nunes, Feevale Digital - Polo Esteio, 102 - Centro","Polo":"A","Município":"Esteio"},"geometry":{"type":"Point","coordinates":[-51.1776162,-29.8526033]}},{"type":"Feature","properties":{"Instituição - IES":" UNIVERSIDADE FEEVALE","Sigla":"FEEVALE","Município sede":"Novo Hamburgo","Tipo":"Universidade","Categoria Administrativa":"Privada sem fins lucrativos","Código":1104874,"Denominação":"Feevale Digital - Polo Gramado","Endereço":"Rua Sao Pedro, Salas 1 e 2, 532 - Centro","Polo":"A","Município":"Gramado"},"geometry":{"type":"Point","coordinates":[-50.8743819,-29.3776939999999]}},{"type":"Feature","properties":{"Instituição - IES":" UNIVERSIDADE FEEVALE","Sigla":"FEEVALE","Município sede":"Novo Hamburgo","Tipo":"Universidade","Categoria Administrativa":"Privada sem fins lucrativos","Código":1096559,"Denominação":"Feevale Digital - Polo Igrejinha","Endereço":"Rua João Corrêa, Feevale Digital - Polo Igrejinha, 548 - Centro","Polo":"A","Município":"Igrejinha"},"geometry":{"type":"Point","coordinates":[-50.7909172,-29.573507]}},{"type":"Feature","properties":{"Instituição - IES":" UNIVERSIDADE FEEVALE","Sigla":"FEEVALE","Município sede":"Novo Hamburgo","Tipo":"Universidade","Categoria Administrativa":"Privada sem fins lucrativos","Código":1096566,"Denominação":"Feevale Digital - Polo Montenegro","Endereço":"Rua João Pessoa, Feevale Digital - Polo Montenegro, 14 e 15 - Centro","Polo":"A","Município":"Montenegro"},"geometry":{"type":"Point","coordinates":[-51.4617617,-29.6866361]}},{"type":"Feature","properties":{"Instituição - IES":" UNIVERSIDADE FEEVALE","Sigla":"FEEVALE","Município sede":"Novo Hamburgo","Tipo":"Universidade","Categoria Administrativa":"Privada sem fins lucrativos","Código":1104863,"Denominação":"Feevale Digital - Polo Nova Petrópolis","Endereço":"Av. 15 de Novembro, 2370 - Centro","Polo":"A","Município":"Nova Petrópolis"},"geometry":{"type":"Point","coordinates":[-51.1052622,-29.3698328]}},{"type":"Feature","properties":{"Instituição - IES":" UNIVERSIDADE FEEVALE","Sigla":"FEEVALE","Município sede":"Novo Hamburgo","Tipo":"Universidade","Categoria Administrativa":"Privada sem fins lucrativos","Código":685737,"Denominação":"CAMPUS - NOVO HAMBURGO - HAMBURGO VELHO","Endereço":"AV. DR. MAURICIO CARDOSO, 510 - HAMBURGO VELHO","Polo":"-","Município":"Novo Hamburgo"},"geometry":{"type":"Point","coordinates":[-51.1135074,-29.677561]}},{"type":"Feature","properties":{"Instituição - IES":" UNIVERSIDADE FEEVALE","Sigla":"FEEVALE","Município sede":"Novo Hamburgo","Tipo":"Universidade","Categoria Administrativa":"Privada sem fins lucrativos","Código":692544,"Denominação":"SEDE","Endereço":"Rodovia Rodovia ERS-239, nº 2755 - Vila Nova","Polo":"A","Município":"Novo Hamburgo"},"geometry":{"type":"Point","coordinates":[-51.1178412999999,-29.6698241]}},{"type":"Feature","properties":{"Instituição - IES":" UNIVERSIDADE FEEVALE","Sigla":"FEEVALE","Município sede":"Novo Hamburgo","Tipo":"Universidade","Categoria Administrativa":"Privada sem fins lucrativos","Código":1118462,"Denominação":"Feevale Digital - Polo Porto Alegre","Endereço":"Rua Cândido Silveira, 3º e 4º andar, 198 - Auxiliadora","Polo":"A","Município":"Porto Alegre"},"geometry":{"type":"Point","coordinates":[-51.1928991,-30.0194094999999]}},{"type":"Feature","properties":{"Instituição - IES":" UNIVERSIDADE FEEVALE","Sigla":"FEEVALE","Município sede":"Novo Hamburgo","Tipo":"Universidade","Categoria Administrativa":"Privada sem fins lucrativos","Código":1096586,"Denominação":"Feevale Digital - Polo Sapiranga","Endereço":"Av. 20 de Setembro, Feevale Digital - Polo Sapiranga, 4733 - São Jacó","Polo":"A","Município":"Sapiranga"},"geometry":{"type":"Point","coordinates":[-50.9987831,-29.6318549999999]}},{"type":"Feature","properties":{"Instituição - IES":" UNIVERSIDADE FRANCISCANA","Sigla":"UFN","Município sede":"Santa Maria","Tipo":"Universidade","Categoria Administrativa":"Privada sem fins lucrativos","Código":657887,"Denominação":"Conjunto I","Endereço":"Rua dos Andradas, Conjunto I, 1.614 - Centro","Polo":"A","Município":"Santa Maria"},"geometry":{"type":"Point","coordinates":[-53.8097513,-29.6847981]}},{"type":"Feature","properties":{"Instituição - IES":" UNIVERSIDADE FRANCISCANA","Sigla":"UFN","Município sede":"Santa Maria","Tipo":"Universidade","Categoria Administrativa":"Privada sem fins lucrativos","Código":24815,"Denominação":"Conjunto II","Endereço":"Rua Silva Jardim, Conjunto II, 1323 - Nossa Senhora do Rosário","Polo":"-","Município":"Santa Maria"},"geometry":{"type":"Point","coordinates":[-53.8223204,-29.6861233]}},{"type":"Feature","properties":{"Instituição - IES":" UNIVERSIDADE FRANCISCANA","Sigla":"UFN","Município sede":"Santa Maria","Tipo":"Universidade","Categoria Administrativa":"Privada sem fins lucrativos","Código":1070951,"Denominação":"Conjunto III","Endereço":"Rua Silva Jardim, Conjunto III, 1175 - Nossa Senhora do Rosário","Polo":"A","Município":"Santa Maria"},"geometry":{"type":"Point","coordinates":[-53.8223204,-29.6861233]}},{"type":"Feature","properties":{"Instituição - IES":" UNIVERSIDADE LA SALLE","Sigla":"UNILASALLE","Município sede":"Canoas","Tipo":"Universidade","Categoria Administrativa":"Privada sem fins lucrativos","Código":1117788,"Denominação":"Polo EAD La Salle Alvorada","Endereço":"Avenida Presidente Getúlio Vargas, Alvorada, 238 - Bela Vista","Polo":"A","Município":"Alvorada"},"geometry":{"type":"Point","coordinates":[-51.0908914,-30.0102088]}},{"type":"Feature","properties":{"Instituição - IES":" UNIVERSIDADE LA SALLE","Sigla":"UNILASALLE","Município sede":"Canoas","Tipo":"Universidade","Categoria Administrativa":"Privada sem fins lucrativos","Código":1123829,"Denominação":"Polo EAD La Salle Barra do Ribeiro","Endereço":"Carlos Evangelista Py, Barra do Ribeiro, 2000 - Centro","Polo":"A","Município":"Barra do Ribeiro"},"geometry":{"type":"Point","coordinates":[-51.3014462,-30.2944711]}},{"type":"Feature","properties":{"Instituição - IES":" UNIVERSIDADE LA SALLE","Sigla":"UNILASALLE","Município sede":"Canoas","Tipo":"Universidade","Categoria Administrativa":"Privada sem fins lucrativos","Código":1169679,"Denominação":"Polo EAD La Salle Bento Gonçalves","Endereço":"Rua Humaitá, 34 - Humaitá","Polo":"A","Município":"Bento Gonçalves"},"geometry":{"type":"Point","coordinates":[-51.5177166,-29.1641772]}},{"type":"Feature","properties":{"Instituição - IES":" UNIVERSIDADE LA SALLE","Sigla":"UNILASALLE","Município sede":"Canoas","Tipo":"Universidade","Categoria Administrativa":"Privada sem fins lucrativos","Código":1159403,"Denominação":"Polo EAD La Salle Cachoeirinha","Endereço":"Av General Flores da Cunha, Polo EAD La Salle Cachoeirinha, 2006 - Vila Cachoeirinha","Polo":"A","Município":"Cachoeirinha"},"geometry":{"type":"Point","coordinates":[-51.0892469,-29.9442679]}},{"type":"Feature","properties":{"Instituição - IES":" UNIVERSIDADE LA SALLE","Sigla":"UNILASALLE","Município sede":"Canoas","Tipo":"Universidade","Categoria Administrativa":"Privada sem fins lucrativos","Código":1168461,"Denominação":"Polo EaD La Salle Campo Bom","Endereço":"Rua dos Andradas, Polo EaD La Salle Campo Bom, 275 - Centro","Polo":"A","Município":"Campo Bom"},"geometry":{"type":"Point","coordinates":[-51.0510651,-29.6757042]}},{"type":"Feature","properties":{"Instituição - IES":" UNIVERSIDADE LA SALLE","Sigla":"UNILASALLE","Município sede":"Canoas","Tipo":"Universidade","Categoria Administrativa":"Privada sem fins lucrativos","Código":1169164,"Denominação":"Polo EAD La Salle Candelária","Endereço":"Avenida Getúlio Vargas, Polo EAD La Salle Candelária, 435 - Rincão Comprido","Polo":"A","Município":"Candelária"},"geometry":{"type":"Point","coordinates":[-52.775032,-29.6774772]}},{"type":"Feature","properties":{"Instituição - IES":" UNIVERSIDADE LA SALLE","Sigla":"UNILASALLE","Município sede":"Canoas","Tipo":"Universidade","Categoria Administrativa":"Privada sem fins lucrativos","Código":1076856,"Denominação":"Polo EAD La Salle Canoas","Endereço":"Av. Victor Barreto, Canoas, 2288 - Centro","Polo":"A","Município":"Canoas"},"geometry":{"type":"Point","coordinates":[-51.1804351,-29.9175674]}},{"type":"Feature","properties":{"Instituição - IES":" UNIVERSIDADE LA SALLE","Sigla":"UNILASALLE","Município sede":"Canoas","Tipo":"Universidade","Categoria Administrativa":"Privada sem fins lucrativos","Código":2000211,"Denominação":"CANOAS (SEDE)","Endereço":"Av. Victor Barreto, 2288 - Centro","Polo":"A","Município":"Canoas"},"geometry":{"type":"Point","coordinates":[-51.1804351,-29.9175674]}},{"type":"Feature","properties":{"Instituição - IES":" UNIVERSIDADE LA SALLE","Sigla":"UNILASALLE","Município sede":"Canoas","Tipo":"Universidade","Categoria Administrativa":"Privada sem fins lucrativos","Código":1158234,"Denominação":"Polo EAD La Salle Capão da Canoa","Endereço":"Avenida Ruda, 636 - Centro","Polo":"A","Município":"Capão da Canoa"},"geometry":{"type":"Point","coordinates":[-50.0181838,-29.7561708]}},{"type":"Feature","properties":{"Instituição - IES":" UNIVERSIDADE LA SALLE","Sigla":"UNILASALLE","Município sede":"Canoas","Tipo":"Universidade","Categoria Administrativa":"Privada sem fins lucrativos","Código":1124160,"Denominação":"Polo EAD La Salle Carazinho","Endereço":"Rua Pedro Vargas, Carazinho, 1070 - Centro","Polo":"A","Município":"Carazinho"},"geometry":{"type":"Point","coordinates":[-52.7861895,-28.2878776]}},{"type":"Feature","properties":{"Instituição - IES":" UNIVERSIDADE LA SALLE","Sigla":"UNILASALLE","Município sede":"Canoas","Tipo":"Universidade","Categoria Administrativa":"Privada sem fins lucrativos","Código":1129980,"Denominação":"Polo EAD La Salle Carlos Barbosa","Endereço":"Avenida Presidente Kennedy, Polo EAD La Salle Carlos Barbosa, 211 - Aurora","Polo":"A","Município":"Carlos Barbosa"},"geometry":{"type":"Point","coordinates":[-51.4983781,-29.2947644]}},{"type":"Feature","properties":{"Instituição - IES":" UNIVERSIDADE LA SALLE","Sigla":"UNILASALLE","Município sede":"Canoas","Tipo":"Universidade","Categoria Administrativa":"Privada sem fins lucrativos","Código":1087250,"Denominação":"Carlos Barbosa","Endereço":"Rua Assis Brasil, Carlos Barbosa, 76 - Centro","Polo":"A","Município":"Carlos Barbosa"},"geometry":{"type":"Point","coordinates":[-51.5015431,-29.2989616]}},{"type":"Feature","properties":{"Instituição - IES":" UNIVERSIDADE LA SALLE","Sigla":"UNILASALLE","Município sede":"Canoas","Tipo":"Universidade","Categoria Administrativa":"Privada sem fins lucrativos","Código":1076520,"Denominação":"Polo EAD La Salle Caxias","Endereço":"Rua Os Dezoito do Forte, Caxias, 1754 - Nossa Senhora de Lourdes","Polo":"A","Município":"Caxias do Sul"},"geometry":{"type":"Point","coordinates":[-51.1787827,-29.1701168]}},{"type":"Feature","properties":{"Instituição - IES":" UNIVERSIDADE LA SALLE","Sigla":"UNILASALLE","Município sede":"Canoas","Tipo":"Universidade","Categoria Administrativa":"Privada sem fins lucrativos","Código":1158635,"Denominação":"Polo EAD La Salle Dois Irmãos","Endereço":"Av São Miguel, Polo EAD La Salle Dois Irmãos, 575 - Centro","Polo":"A","Município":"Dois Irmãos"},"geometry":{"type":"Point","coordinates":[-51.0872884,-29.5876083]}},{"type":"Feature","properties":{"Instituição - IES":" UNIVERSIDADE LA SALLE","Sigla":"UNILASALLE","Município sede":"Canoas","Tipo":"Universidade","Categoria Administrativa":"Privada sem fins lucrativos","Código":1143415,"Denominação":"Polo EAD La Salle Estância Velha","Endereço":"Rua Presidente Lucena,, 3788 - Centro","Polo":"A","Município":"Estância Velha"},"geometry":{"type":"Point","coordinates":[-51.1739188,-29.6486202]}},{"type":"Feature","properties":{"Instituição - IES":" UNIVERSIDADE LA SALLE","Sigla":"UNILASALLE","Município sede":"Canoas","Tipo":"Universidade","Categoria Administrativa":"Privada sem fins lucrativos","Código":1167980,"Denominação":"Polo EAD La Salle Esteio","Endereço":"Presidente Vargas, Polo EAD La Salle Esteio, 1126 - São Sebastião","Polo":"A","Município":"Esteio"},"geometry":{"type":"Point","coordinates":[-51.1574199,-29.8487783]}},{"type":"Feature","properties":{"Instituição - IES":" UNIVERSIDADE LA SALLE","Sigla":"UNILASALLE","Município sede":"Canoas","Tipo":"Universidade","Categoria Administrativa":"Privada sem fins lucrativos","Código":1096924,"Denominação":"Polo EAD La Salle Esteio","Endereço":"Rua Rio Grande, 1285 - Centro","Polo":"A","Município":"Esteio"},"geometry":{"type":"Point","coordinates":[-51.1663439,-29.8509587]}},{"type":"Feature","properties":{"Instituição - IES":" UNIVERSIDADE LA SALLE","Sigla":"UNILASALLE","Município sede":"Canoas","Tipo":"Universidade","Categoria Administrativa":"Privada sem fins lucrativos","Código":1076521,"Denominação":"Polo EAD La Salle Estrela","Endereço":"Rua Tiradentes, Estrela, 401 - Centro","Polo":"A","Município":"Estrela"},"geometry":{"type":"Point","coordinates":[-51.9656738,-29.5013707]}},{"type":"Feature","properties":{"Instituição - IES":" UNIVERSIDADE LA SALLE","Sigla":"UNILASALLE","Município sede":"Canoas","Tipo":"Universidade","Categoria Administrativa":"Privada sem fins lucrativos","Código":1124200,"Denominação":"Polo EAD La Salle Gramado","Endereço":"Rua Emilio Leobet, Gramado, 1559 - Avenida Central","Polo":"A","Município":"Gramado"},"geometry":{"type":"Point","coordinates":[-50.864453,-29.3659343]}},{"type":"Feature","properties":{"Instituição - IES":" UNIVERSIDADE LA SALLE","Sigla":"UNILASALLE","Município sede":"Canoas","Tipo":"Universidade","Categoria Administrativa":"Privada sem fins lucrativos","Código":1156022,"Denominação":"Polo EAD La Salle Gravataí Santa Casa","Endereço":"José Loureiro da Silva, Polo EAD La Salle Gravataí Santa Casa, 1561 - Centro","Polo":"A","Município":"Gravataí"},"geometry":{"type":"Point","coordinates":[-50.9937986,-29.9430139]}},{"type":"Feature","properties":{"Instituição - IES":" UNIVERSIDADE LA SALLE","Sigla":"UNILASALLE","Município sede":"Canoas","Tipo":"Universidade","Categoria Administrativa":"Privada sem fins lucrativos","Código":1115380,"Denominação":"Polo EAD La Salle Gravataí","Endereço":"Rua Madre Marta Maria, 14 - Salgado Filho","Polo":"A","Município":"Gravataí"},"geometry":{"type":"Point","coordinates":[-50.9980854,-29.9366086]}},{"type":"Feature","properties":{"Instituição - IES":" UNIVERSIDADE LA SALLE","Sigla":"UNILASALLE","Município sede":"Canoas","Tipo":"Universidade","Categoria Administrativa":"Privada sem fins lucrativos","Código":1130544,"Denominação":"Polo EAD La Salle Ijuí","Endereço":"Tiradentes, Polo EAD La Salle Ijuí, 266 - Centro","Polo":"A","Município":"Ijuí"},"geometry":{"type":"Point","coordinates":[-53.9133772,-28.3871725]}},{"type":"Feature","properties":{"Instituição - IES":" UNIVERSIDADE LA SALLE","Sigla":"UNILASALLE","Município sede":"Canoas","Tipo":"Universidade","Categoria Administrativa":"Privada sem fins lucrativos","Código":1168223,"Denominação":"Polo EAD La Salle Ivoti","Endereço":"Caxias do Sul,, 11 - Jardim Buhler","Polo":"A","Município":"Ivoti"},"geometry":{"type":"Point","coordinates":[-51.1737963,-29.6093595]}},{"type":"Feature","properties":{"Instituição - IES":" UNIVERSIDADE LA SALLE","Sigla":"UNILASALLE","Município sede":"Canoas","Tipo":"Universidade","Categoria Administrativa":"Privada sem fins lucrativos","Código":1156383,"Denominação":"Polo EAD La Salle Lajeado","Endereço":"Avenida Benjamin Constant, Polo EAD La Salle Lajeado, 670 - Centro","Polo":"A","Município":"Lajeado"},"geometry":{"type":"Point","coordinates":[-52.0002775,-29.4492858]}},{"type":"Feature","properties":{"Instituição - IES":" UNIVERSIDADE LA SALLE","Sigla":"UNILASALLE","Município sede":"Canoas","Tipo":"Universidade","Categoria Administrativa":"Privada sem fins lucrativos","Código":1160710,"Denominação":"Polo EAD La Salle Montenegro","Endereço":"Rua Assis Brasil, Polo EAD La Salle Montenegro, 1136 - Centro","Polo":"A","Município":"Montenegro"},"geometry":{"type":"Point","coordinates":[-51.4622028,-29.6892606]}},{"type":"Feature","properties":{"Instituição - IES":" UNIVERSIDADE LA SALLE","Sigla":"UNILASALLE","Município sede":"Canoas","Tipo":"Universidade","Categoria Administrativa":"Privada sem fins lucrativos","Código":1159468,"Denominação":"Polo EAD La Salle Nova Petrópolis","Endereço":"Dom Pedro II, Polo EAD La Salle Nova Petrópolis, 34 - Centro","Polo":"A","Município":"Nova Petrópolis"},"geometry":{"type":"Point","coordinates":[-51.1118952,-29.3766026]}},{"type":"Feature","properties":{"Instituição - IES":" UNIVERSIDADE LA SALLE","Sigla":"UNILASALLE","Município sede":"Canoas","Tipo":"Universidade","Categoria Administrativa":"Privada sem fins lucrativos","Código":1129933,"Denominação":"Polo EAD La Salle Novo Hamburgo","Endereço":"Avenida Victor Hugo Kunz, Polo EAD La Salle Novo Hamburgo, 1975 - Hamburgo Velho","Polo":"A","Município":"Novo Hamburgo"},"geometry":{"type":"Point","coordinates":[-51.1035364,-29.6721538]}},{"type":"Feature","properties":{"Instituição - IES":" UNIVERSIDADE LA SALLE","Sigla":"UNILASALLE","Município sede":"Canoas","Tipo":"Universidade","Categoria Administrativa":"Privada sem fins lucrativos","Código":1137681,"Denominação":"Polo EAD La Salle Passo Fundo","Endereço":"Rua Bento Gon?alves, 301 - Centro","Polo":"A","Município":"Passo Fundo"},"geometry":{"type":"Point","coordinates":[-52.4056125,-28.2627396]}},{"type":"Feature","properties":{"Instituição - IES":" UNIVERSIDADE LA SALLE","Sigla":"UNILASALLE","Município sede":"Canoas","Tipo":"Universidade","Categoria Administrativa":"Privada sem fins lucrativos","Código":1158947,"Denominação":"Polo EAD La Salle Pelotas","Endereço":"Marquês de Maricá, 142 - Real","Polo":"A","Município":"Pelotas"},"geometry":{"type":"Point","coordinates":[-52.3265849,-31.7645233]}},{"type":"Feature","properties":{"Instituição - IES":" UNIVERSIDADE LA SALLE","Sigla":"UNILASALLE","Município sede":"Canoas","Tipo":"Universidade","Categoria Administrativa":"Privada sem fins lucrativos","Código":1170019,"Denominação":"Polo EAD La Salle Porto Alegre Zona Norte","Endereço":"Assis Brasil, 5424 - São Sebastião","Polo":"A","Município":"Porto Alegre"},"geometry":{"type":"Point","coordinates":[-51.1348117,-30.0024065999999]}},{"type":"Feature","properties":{"Instituição - IES":" UNIVERSIDADE LA SALLE","Sigla":"UNILASALLE","Município sede":"Canoas","Tipo":"Universidade","Categoria Administrativa":"Privada sem fins lucrativos","Código":1156002,"Denominação":"Polo EAD La Salle Porto Alegre Zona Sul Otto.","Endereço":"Avenida Otto Niemeyer, Polo EAD La Salle Porto Alegre Zona Sul Otto., 2500 - Camaquã","Polo":"A","Município":"Porto Alegre"},"geometry":{"type":"Point","coordinates":[-51.2345578,-30.1030926]}},{"type":"Feature","properties":{"Instituição - IES":" UNIVERSIDADE LA SALLE","Sigla":"UNILASALLE","Município sede":"Canoas","Tipo":"Universidade","Categoria Administrativa":"Privada sem fins lucrativos","Código":1108135,"Denominação":"Polo EAD La Salle Porto Alegre - Centro","Endereço":"Avenida Senador Salgado Filho, Porto Alegre - Centro, 230 - Centro Histórico","Polo":"A","Município":"Porto Alegre"},"geometry":{"type":"Point","coordinates":[-51.2252906,-30.0306774]}},{"type":"Feature","properties":{"Instituição - IES":" UNIVERSIDADE LA SALLE","Sigla":"UNILASALLE","Município sede":"Canoas","Tipo":"Universidade","Categoria Administrativa":"Privada sem fins lucrativos","Código":1156386,"Denominação":"Polo EAD La Salle Porto Alegre- Zona Sul","Endereço":"Eduardo Prado, 2150 - Cavalhada","Polo":"A","Município":"Porto Alegre"},"geometry":{"type":"Point","coordinates":[-51.2196432999999,-30.1375512]}},{"type":"Feature","properties":{"Instituição - IES":" UNIVERSIDADE LA SALLE","Sigla":"UNILASALLE","Município sede":"Canoas","Tipo":"Universidade","Categoria Administrativa":"Privada sem fins lucrativos","Código":1076551,"Denominação":"Polo EAD La Salle Porto Alegre - São João","Endereço":"Rua Honório Silveira Dias, Porto Alegre - São João, 645 - São João","Polo":"A","Município":"Porto Alegre"},"geometry":{"type":"Point","coordinates":[-51.1859714,-30.0084629]}},{"type":"Feature","properties":{"Instituição - IES":" UNIVERSIDADE LA SALLE","Sigla":"UNILASALLE","Município sede":"Canoas","Tipo":"Universidade","Categoria Administrativa":"Privada sem fins lucrativos","Código":1147044,"Denominação":"Polo EAD La Salle Santa Casa","Endereço":"Rua Professor Annes Dias, Polo EAD La Salle Santa Casa, 295 - Centro","Polo":"A","Município":"Porto Alegre"},"geometry":{"type":"Point","coordinates":[-51.2226061999999,-30.0303454]}},{"type":"Feature","properties":{"Instituição - IES":" UNIVERSIDADE LA SALLE","Sigla":"UNILASALLE","Município sede":"Canoas","Tipo":"Universidade","Categoria Administrativa":"Privada sem fins lucrativos","Código":1076535,"Denominação":"Polo EAD La Salle Porto Alegre - Dores","Endereço":"Rua Riachuelo, Porto Alegre - Dores, 800 - Centro","Polo":"A","Município":"Porto Alegre"},"geometry":{"type":"Point","coordinates":[-51.2324552,-30.0321436]}},{"type":"Feature","properties":{"Instituição - IES":" UNIVERSIDADE LA SALLE","Sigla":"UNILASALLE","Município sede":"Canoas","Tipo":"Universidade","Categoria Administrativa":"Privada sem fins lucrativos","Código":1125081,"Denominação":"Polo EAD La Salle Santa Cruz do Sul","Endereço":"Rua Marechal Floriano, Polo EAD La Salle Santa Cruz, 607 - Centro","Polo":"A","Município":"Santa Cruz do Sul"},"geometry":{"type":"Point","coordinates":[-52.4292969,-29.7185846]}},{"type":"Feature","properties":{"Instituição - IES":" UNIVERSIDADE LA SALLE","Sigla":"UNILASALLE","Município sede":"Canoas","Tipo":"Universidade","Categoria Administrativa":"Privada sem fins lucrativos","Código":1115324,"Denominação":"Polo EAD La Salle Santa Maria","Endereço":"Rua Padre Alziro Roggia, 115 - Patronato","Polo":"A","Município":"Santa Maria"},"geometry":{"type":"Point","coordinates":[-53.8281331,-29.7021116]}},{"type":"Feature","properties":{"Instituição - IES":" UNIVERSIDADE LA SALLE","Sigla":"UNILASALLE","Município sede":"Canoas","Tipo":"Universidade","Categoria Administrativa":"Privada sem fins lucrativos","Código":1137113,"Denominação":"Polo EaD La Salle Sao Leopoldo","Endereço":"Rua Canasvieiras, 76 - Campestre","Polo":"A","Município":"São Leopoldo"},"geometry":{"type":"Point","coordinates":[-51.1092658,-29.7799535]}},{"type":"Feature","properties":{"Instituição - IES":" UNIVERSIDADE LA SALLE","Sigla":"UNILASALLE","Município sede":"Canoas","Tipo":"Universidade","Categoria Administrativa":"Privada sem fins lucrativos","Código":1177887,"Denominação":"Polo EAD La Salle Sapiranga","Endereço":"Rua Carlos Biehl, 348 - Centro","Polo":"A","Município":"Sapiranga"},"geometry":{"type":"Point","coordinates":[-51.0069052,-29.6398048]}},{"type":"Feature","properties":{"Instituição - IES":" UNIVERSIDADE LA SALLE","Sigla":"UNILASALLE","Município sede":"Canoas","Tipo":"Universidade","Categoria Administrativa":"Privada sem fins lucrativos","Código":1131004,"Denominação":"Polo EAD La Salle Sapucaia do Sul","Endereço":"Avenida Mauá, Polo EAD La Salle Sapucaia do Sul, 2246 - Centro","Polo":"A","Município":"Sapucaia do Sul"},"geometry":{"type":"Point","coordinates":[-51.1512752,-29.8255819]}},{"type":"Feature","properties":{"Instituição - IES":" UNIVERSIDADE LA SALLE","Sigla":"UNILASALLE","Município sede":"Canoas","Tipo":"Universidade","Categoria Administrativa":"Privada sem fins lucrativos","Código":1086515,"Denominação":"Sapucaia","Endereço":"Rua Irmã Edviges, Sapucaia, 538 - Lomba da Palmeira","Polo":"A","Município":"Sapucaia do Sul"},"geometry":{"type":"Point","coordinates":[-51.127364,-29.8329408]}},{"type":"Feature","properties":{"Instituição - IES":" UNIVERSIDADE LA SALLE","Sigla":"UNILASALLE","Município sede":"Canoas","Tipo":"Universidade","Categoria Administrativa":"Privada sem fins lucrativos","Código":1123818,"Denominação":"Polo EAD La Salle Taquara","Endereço":"Rua Nelson Renck, Taquara, 2933 - Centro","Polo":"A","Município":"Taquara"},"geometry":{"type":"Point","coordinates":[-50.7819355,-29.6491025]}},{"type":"Feature","properties":{"Instituição - IES":" UNIVERSIDADE LA SALLE","Sigla":"UNILASALLE","Município sede":"Canoas","Tipo":"Universidade","Categoria Administrativa":"Privada sem fins lucrativos","Código":1087125,"Denominação":"Polo EAD La Salle Terra de Areia","Endereço":"Avenida Treze de Abril, Terra de Areia, 4670 - Centro","Polo":"A","Município":"Terra de Areia"},"geometry":{"type":"Point","coordinates":[-50.0668582,-29.5830458999999]}},{"type":"Feature","properties":{"Instituição - IES":" UNIVERSIDADE LA SALLE","Sigla":"UNILASALLE","Município sede":"Canoas","Tipo":"Universidade","Categoria Administrativa":"Privada sem fins lucrativos","Código":1108131,"Denominação":"Polo EAD La Salle Tramandaí","Endereço":"Av. Fernandes Bastos, Tramandaí, 2310 - São José","Polo":"A","Município":"Tramandaí"},"geometry":{"type":"Point","coordinates":[-50.1509898,-29.9979681]}},{"type":"Feature","properties":{"Instituição - IES":" UNIVERSIDADE LA SALLE","Sigla":"UNILASALLE","Município sede":"Canoas","Tipo":"Universidade","Categoria Administrativa":"Privada sem fins lucrativos","Código":1176547,"Denominação":"Polo EAD La Salle Uruguaiana","Endereço":"Presidente Getúlio Vargas, 3959 - Santana","Polo":"A","Município":"Uruguaiana"},"geometry":{"type":"Point","coordinates":[-57.0717292,-29.7546099]}},{"type":"Feature","properties":{"Instituição - IES":" UNIVERSIDADE LA SALLE","Sigla":"UNILASALLE","Município sede":"Canoas","Tipo":"Universidade","Categoria Administrativa":"Privada sem fins lucrativos","Código":1175172,"Denominação":"Polo EAD La Salle Viamão","Endereço":"Julieta Pinto Cesar, 318 - Centro","Polo":"A","Município":"Viamão"},"geometry":{"type":"Point","coordinates":[-51.0235841,-30.0808104]}},{"type":"Feature","properties":{"Instituição - IES":" UNIVERSIDADE LUTERANA DO BRASIL","Sigla":"ULBRA","Município sede":"Canoas","Tipo":"Universidade","Categoria Administrativa":"Privada sem fins lucrativos","Código":62109,"Denominação":"Polo BAGE","Endereço":"Alan Kardec, Polo BAGE, 197 - Centro","Polo":"A","Município":"Bagé"},"geometry":{"type":"Point","coordinates":[-54.1082466,-31.3123576]}},{"type":"Feature","properties":{"Instituição - IES":" UNIVERSIDADE LUTERANA DO BRASIL","Sigla":"ULBRA","Município sede":"Canoas","Tipo":"Universidade","Categoria Administrativa":"Privada sem fins lucrativos","Código":1107383,"Denominação":"Polo EAD SAO PEDRO","Endereço":"Rua Antônio Penna, Polo EAD SAO PEDRO, 143 - Santo Antônio","Polo":"A","Município":"Cachoeira do Sul"},"geometry":{"type":"Point","coordinates":[-52.8997845,-30.0439744]}},{"type":"Feature","properties":{"Instituição - IES":" UNIVERSIDADE LUTERANA DO BRASIL","Sigla":"ULBRA","Município sede":"Canoas","Tipo":"Universidade","Categoria Administrativa":"Privada sem fins lucrativos","Código":406,"Denominação":"ULBRA Cachoeira do Sul","Endereço":"Rua Martinho Lutero, 301 - Universitário","Polo":"A","Município":"Cachoeira do Sul"},"geometry":{"type":"Point","coordinates":[-52.9252727999999,-30.0399338]}},{"type":"Feature","properties":{"Instituição - IES":" UNIVERSIDADE LUTERANA DO BRASIL","Sigla":"ULBRA","Município sede":"Canoas","Tipo":"Universidade","Categoria Administrativa":"Privada sem fins lucrativos","Código":1178836,"Denominação":"Polo CACHOEIRINHA","Endereço":"General Flores da Cunha, 2164 - Vila Cachoeirinha","Polo":"A","Município":"Cachoeirinha"},"geometry":{"type":"Point","coordinates":[-51.0929595,-29.9471827]}},{"type":"Feature","properties":{"Instituição - IES":" UNIVERSIDADE LUTERANA DO BRASIL","Sigla":"ULBRA","Município sede":"Canoas","Tipo":"Universidade","Categoria Administrativa":"Privada sem fins lucrativos","Código":1096349,"Denominação":"Polo CAMAQUA","Endereço":"Rua Pinheiro Machado, Polo CAMAQUA, 488 - Centro","Polo":"A","Município":"Camaquã"},"geometry":{"type":"Point","coordinates":[-51.8168178,-30.8542728]}},{"type":"Feature","properties":{"Instituição - IES":" UNIVERSIDADE LUTERANA DO BRASIL","Sigla":"ULBRA","Município sede":"Canoas","Tipo":"Universidade","Categoria Administrativa":"Privada sem fins lucrativos","Código":1118353,"Denominação":"Polo CANELA","Endereço":"Avenida Julio de Castilhos, 248 - Centro","Polo":"A","Município":"Canela"},"geometry":{"type":"Point","coordinates":[-50.813329,-29.3613708]}},{"type":"Feature","properties":{"Instituição - IES":" UNIVERSIDADE LUTERANA DO BRASIL","Sigla":"ULBRA","Município sede":"Canoas","Tipo":"Universidade","Categoria Administrativa":"Privada sem fins lucrativos","Código":657901,"Denominação":"ULBRA Canoas","Endereço":"Avenida Farroupilha, 8001 - São José","Polo":"A","Município":"Canoas"},"geometry":{"type":"Point","coordinates":[-51.1661764,-29.88327]}},{"type":"Feature","properties":{"Instituição - IES":" UNIVERSIDADE LUTERANA DO BRASIL","Sigla":"ULBRA","Município sede":"Canoas","Tipo":"Universidade","Categoria Administrativa":"Privada sem fins lucrativos","Código":1107213,"Denominação":"Polo EAD CRISTO REDENTOR","Endereço":"Avenida Inconfidência, Polo EAD CRISTO REDENTOR, 1231 - Marechal Rondon","Polo":"A","Município":"Canoas"},"geometry":{"type":"Point","coordinates":[-51.1690408,-29.9213509]}},{"type":"Feature","properties":{"Instituição - IES":" UNIVERSIDADE LUTERANA DO BRASIL","Sigla":"ULBRA","Município sede":"Canoas","Tipo":"Universidade","Categoria Administrativa":"Privada sem fins lucrativos","Código":1107350,"Denominação":"Polo EAD SAO JOAO","Endereço":"Rua Campinas, Polo EAD SAO JOAO, 660 - Mathias Velho","Polo":"A","Município":"Canoas"},"geometry":{"type":"Point","coordinates":[-51.2143555,-29.903734]}},{"type":"Feature","properties":{"Instituição - IES":" UNIVERSIDADE LUTERANA DO BRASIL","Sigla":"ULBRA","Município sede":"Canoas","Tipo":"Universidade","Categoria Administrativa":"Privada sem fins lucrativos","Código":703734,"Denominação":"ULBRA Carazinho","Endereço":"Br 285, Km 335, S/Nº - Ouro Preto","Polo":"A","Município":"Carazinho"},"geometry":{"type":"Point","coordinates":[-52.7703478,-28.3203501]}},{"type":"Feature","properties":{"Instituição - IES":" UNIVERSIDADE LUTERANA DO BRASIL","Sigla":"ULBRA","Município sede":"Canoas","Tipo":"Universidade","Categoria Administrativa":"Privada sem fins lucrativos","Código":1127383,"Denominação":"Polo CAXIAS DO SUL","Endereço":"Rua Doutor Bozano, 715 - São Pelegrino","Polo":"A","Município":"Caxias do Sul"},"geometry":{"type":"Point","coordinates":[-51.1928975,-29.1677258]}},{"type":"Feature","properties":{"Instituição - IES":" UNIVERSIDADE LUTERANA DO BRASIL","Sigla":"ULBRA","Município sede":"Canoas","Tipo":"Universidade","Categoria Administrativa":"Privada sem fins lucrativos","Código":1163217,"Denominação":"Polo ESTEIO","Endereço":"Rua Vinte e Quatro de Agosto - até 649 - ímpar, Polo ESTEIO, 521 - Centro","Polo":"A","Município":"Esteio"},"geometry":{"type":"Point","coordinates":[-51.154956,-29.8491690999999]}},{"type":"Feature","properties":{"Instituição - IES":" UNIVERSIDADE LUTERANA DO BRASIL","Sigla":"ULBRA","Município sede":"Canoas","Tipo":"Universidade","Categoria Administrativa":"Privada sem fins lucrativos","Código":1096807,"Denominação":"Polo GRAVATAI SHOPPING CENTER","Endereço":"Avenida Centenário, Polo GRAVATAI - PASSO DAS PEDRAS, 555 - Passo das Pedras","Polo":"A","Município":"Gravataí"},"geometry":{"type":"Point","coordinates":[-50.990792,-29.945518]}},{"type":"Feature","properties":{"Instituição - IES":" UNIVERSIDADE LUTERANA DO BRASIL","Sigla":"ULBRA","Município sede":"Canoas","Tipo":"Universidade","Categoria Administrativa":"Privada sem fins lucrativos","Código":688663,"Denominação":"ULBRA Gravataí","Endereço":"Av: Itacolomí, 3600, São Vicente., 3600 - SÃO VICENTE","Polo":"-","Município":"Gravataí"},"geometry":{"type":"Point","coordinates":[-51.0121208,-29.919205]}},{"type":"Feature","properties":{"Instituição - IES":" UNIVERSIDADE LUTERANA DO BRASIL","Sigla":"ULBRA","Município sede":"Canoas","Tipo":"Universidade","Categoria Administrativa":"Privada sem fins lucrativos","Código":1175022,"Denominação":"Polo ULBRA GRAVATAI","Endereço":"Coronel Fonseca, 922 - Centro","Polo":"A","Município":"Gravataí"},"geometry":{"type":"Point","coordinates":[-50.9926004999999,-29.9407666]}},{"type":"Feature","properties":{"Instituição - IES":" UNIVERSIDADE LUTERANA DO BRASIL","Sigla":"ULBRA","Município sede":"Canoas","Tipo":"Universidade","Categoria Administrativa":"Privada sem fins lucrativos","Código":410,"Denominação":"ULBRA Guaíba","Endereço":"Rua da Balança, 482 - Altos da Alegria","Polo":"A","Município":"Guaíba"},"geometry":{"type":"Point","coordinates":[-51.3484482,-30.1245375]}},{"type":"Feature","properties":{"Instituição - IES":" UNIVERSIDADE LUTERANA DO BRASIL","Sigla":"ULBRA","Município sede":"Canoas","Tipo":"Universidade","Categoria Administrativa":"Privada sem fins lucrativos","Código":1107281,"Denominação":"Polo EAD MARTINHO LUTERO","Endereço":"Rua Dr. Montaury, Polo EAD MARTINHO LUTERO, 11 - Centro","Polo":"A","Município":"Guaíba"},"geometry":{"type":"Point","coordinates":[-51.317195,-30.1058927]}},{"type":"Feature","properties":{"Instituição - IES":" UNIVERSIDADE LUTERANA DO BRASIL","Sigla":"ULBRA","Município sede":"Canoas","Tipo":"Universidade","Categoria Administrativa":"Privada sem fins lucrativos","Código":1129670,"Denominação":"Polo IGREJINHA","Endereço":"Rua Jose Bonifacio, Polo IGREJINHA, 140 - Bom Pastor","Polo":"A","Município":"Igrejinha"},"geometry":{"type":"Point","coordinates":[-50.8003274,-29.5704956]}},{"type":"Feature","properties":{"Instituição - IES":" UNIVERSIDADE LUTERANA DO BRASIL","Sigla":"ULBRA","Município sede":"Canoas","Tipo":"Universidade","Categoria Administrativa":"Privada sem fins lucrativos","Código":7947,"Denominação":"Polo LAJEADO","Endereço":"Avenida Avenida Benjamin Constant - até 768 - lado par, 736 - Centro","Polo":"A","Município":"Lajeado"},"geometry":{"type":"Point","coordinates":[-51.9659538,-29.4642797]}},{"type":"Feature","properties":{"Instituição - IES":" UNIVERSIDADE LUTERANA DO BRASIL","Sigla":"ULBRA","Município sede":"Canoas","Tipo":"Universidade","Categoria Administrativa":"Privada sem fins lucrativos","Código":1096937,"Denominação":"Polo MARAU","Endereço":"Avenida Barão do Rio Branco, Polo MARAU, 1010 - Centro","Polo":"A","Município":"Marau"},"geometry":{"type":"Point","coordinates":[-52.2013665,-28.4377812]}},{"type":"Feature","properties":{"Instituição - IES":" UNIVERSIDADE LUTERANA DO BRASIL","Sigla":"ULBRA","Município sede":"Canoas","Tipo":"Universidade","Categoria Administrativa":"Privada sem fins lucrativos","Código":19747,"Denominação":"Polo NOVO HAMBURGO","Endereço":"Rua General Osório, 581, Hamburgo Velho., 581 - Centro","Polo":"A","Município":"Novo Hamburgo"},"geometry":{"type":"Point","coordinates":[-51.1180227,-29.6775326]}},{"type":"Feature","properties":{"Instituição - IES":" UNIVERSIDADE LUTERANA DO BRASIL","Sigla":"ULBRA","Município sede":"Canoas","Tipo":"Universidade","Categoria Administrativa":"Privada sem fins lucrativos","Código":1127489,"Denominação":"Polo PANAMBI","Endereço":"Avenida Presidente Kennedy, 1030 - Sao Jorge","Polo":"A","Município":"Panambi"},"geometry":{"type":"Point","coordinates":[-53.5084502,-28.3089657]}},{"type":"Feature","properties":{"Instituição - IES":" UNIVERSIDADE LUTERANA DO BRASIL","Sigla":"ULBRA","Município sede":"Canoas","Tipo":"Universidade","Categoria Administrativa":"Privada sem fins lucrativos","Código":15623,"Denominação":"Polo PELOTAS","Endereço":"Rua Quinze de Novembro, 910 - Centro","Polo":"A","Município":"Pelotas"},"geometry":{"type":"Point","coordinates":[-52.3384459,-31.7621368]}},{"type":"Feature","properties":{"Instituição - IES":" UNIVERSIDADE LUTERANA DO BRASIL","Sigla":"ULBRA","Município sede":"Canoas","Tipo":"Universidade","Categoria Administrativa":"Privada sem fins lucrativos","Código":1096793,"Denominação":"Polo PORTO ALEGRE ZONA SUL","Endereço":"Avenida Otto Niemeyer, Polo PORTO ALEGRE - CAMAQUA, 2370 - Cavalhada","Polo":"A","Município":"Porto Alegre"},"geometry":{"type":"Point","coordinates":[-51.2290005,-30.1013734]}},{"type":"Feature","properties":{"Instituição - IES":" UNIVERSIDADE LUTERANA DO BRASIL","Sigla":"ULBRA","Município sede":"Canoas","Tipo":"Universidade","Categoria Administrativa":"Privada sem fins lucrativos","Código":1136341,"Denominação":"Polo CONCORDIA COOPEEB","Endereço":"Avenida Presidente Franklin Roosevelt, 782 - Navegantes","Polo":"A","Município":"Porto Alegre"},"geometry":{"type":"Point","coordinates":[-51.2021891,-30.0067748]}},{"type":"Feature","properties":{"Instituição - IES":" UNIVERSIDADE LUTERANA DO BRASIL","Sigla":"ULBRA","Município sede":"Canoas","Tipo":"Universidade","Categoria Administrativa":"Privada sem fins lucrativos","Código":1109599,"Denominação":"Polo ULBRA PORTO ALEGRE","Endereço":"Rua Doutor João Simplício Alves de Carvalho, Polo EAD CONCORDIA, 580 - Vila Ipiranga","Polo":"A","Município":"Porto Alegre"},"geometry":{"type":"Point","coordinates":[-51.1570971,-30.0191928]}},{"type":"Feature","properties":{"Instituição - IES":" UNIVERSIDADE LUTERANA DO BRASIL","Sigla":"ULBRA","Município sede":"Canoas","Tipo":"Universidade","Categoria Administrativa":"Privada sem fins lucrativos","Código":1124279,"Denominação":"Polo PORTO ALEGRE - ZONA NORTE","Endereço":"Rua Tapajós, 39 - Jardim São Pedro","Polo":"A","Município":"Porto Alegre"},"geometry":{"type":"Point","coordinates":[-51.1634357999999,-30.0107917]}},{"type":"Feature","properties":{"Instituição - IES":" UNIVERSIDADE LUTERANA DO BRASIL","Sigla":"ULBRA","Município sede":"Canoas","Tipo":"Universidade","Categoria Administrativa":"Privada sem fins lucrativos","Código":1072876,"Denominação":"ULBRA Porto Alegre","Endereço":"Rua Voluntários da Pátria, 9 - Centro Histórico","Polo":"-","Município":"Porto Alegre"},"geometry":{"type":"Point","coordinates":[-51.2265171,-30.0277788]}},{"type":"Feature","properties":{"Instituição - IES":" UNIVERSIDADE LUTERANA DO BRASIL","Sigla":"ULBRA","Município sede":"Canoas","Tipo":"Universidade","Categoria Administrativa":"Privada sem fins lucrativos","Código":1118351,"Denominação":"Polo ROSARIO DO SUL","Endereço":"Rua Marechal Floriano Peixoto, Polo ROSARIO DO SUL, 2188 - Centro","Polo":"A","Município":"Rosário do Sul"},"geometry":{"type":"Point","coordinates":[-54.915398,-30.2575847]}},{"type":"Feature","properties":{"Instituição - IES":" UNIVERSIDADE LUTERANA DO BRASIL","Sigla":"ULBRA","Município sede":"Canoas","Tipo":"Universidade","Categoria Administrativa":"Privada sem fins lucrativos","Código":1126784,"Denominação":"Polo SANTA CRUZ DO SUL","Endereço":"Rua Marechal Deodoro, 337 - Centro","Polo":"A","Município":"Santa Cruz do Sul"},"geometry":{"type":"Point","coordinates":[-52.4262825,-29.7163174]}},{"type":"Feature","properties":{"Instituição - IES":" UNIVERSIDADE LUTERANA DO BRASIL","Sigla":"ULBRA","Município sede":"Canoas","Tipo":"Universidade","Categoria Administrativa":"Privada sem fins lucrativos","Código":1779,"Denominação":"ULBRA Santa Maria","Endereço":"Rodovia Rodovia BR-287 - do km 251,890 ao km 252,330 - lado par, s/n - Tancredo Neves","Polo":"A","Município":"Santa Maria"},"geometry":{"type":"Point","coordinates":[-53.8800016,-29.692781]}},{"type":"Feature","properties":{"Instituição - IES":" UNIVERSIDADE LUTERANA DO BRASIL","Sigla":"ULBRA","Município sede":"Canoas","Tipo":"Universidade","Categoria Administrativa":"Privada sem fins lucrativos","Código":1170744,"Denominação":"ULBRA Santa Maria - Unidade II","Endereço":"Rua Duque de Caxias, ULBRA Santa Maria - Unidade II, 2319 - Nonoai","Polo":"-","Município":"Santa Maria"},"geometry":{"type":"Point","coordinates":[-53.8088428,-29.6982223]}},{"type":"Feature","properties":{"Instituição - IES":" UNIVERSIDADE LUTERANA DO BRASIL","Sigla":"ULBRA","Município sede":"Canoas","Tipo":"Universidade","Categoria Administrativa":"Privada sem fins lucrativos","Código":1097467,"Denominação":"Polo SANTA ROSA","Endereço":"Avenida Santa Cruz, Polo SANTA ROSA, 779 - Centro","Polo":"A","Município":"Santa Rosa"},"geometry":{"type":"Point","coordinates":[-54.4798946,-27.8647219]}},{"type":"Feature","properties":{"Instituição - IES":" UNIVERSIDADE LUTERANA DO BRASIL","Sigla":"ULBRA","Município sede":"Canoas","Tipo":"Universidade","Categoria Administrativa":"Privada sem fins lucrativos","Código":411,"Denominação":"ULBRA São Jerônimo","Endereço":"Rua Antônio de Carvalho, Esquina RS 401, S/N - Centro","Polo":"A","Município":"São Jerônimo"},"geometry":{"type":"Point","coordinates":[-51.7234248,-29.9584746]}},{"type":"Feature","properties":{"Instituição - IES":" UNIVERSIDADE LUTERANA DO BRASIL","Sigla":"ULBRA","Município sede":"Canoas","Tipo":"Universidade","Categoria Administrativa":"Privada sem fins lucrativos","Código":1135619,"Denominação":"Polo SAO LEOPOLDO","Endereço":"Rua Bento Gonçalves, 1375 - Centro","Polo":"A","Município":"São Leopoldo"},"geometry":{"type":"Point","coordinates":[-51.1465127,-29.7718998999999]}},{"type":"Feature","properties":{"Instituição - IES":" UNIVERSIDADE LUTERANA DO BRASIL","Sigla":"ULBRA","Município sede":"Canoas","Tipo":"Universidade","Categoria Administrativa":"Privada sem fins lucrativos","Código":1083595,"Denominação":"Polo SÃO SEBASTIÃO DO CAÍ","Endereço":"Rua Coronel Paulino Teixeira, Polo SÃO SEBASTIÃO DO CAÍ, 445 - Centro","Polo":"A","Município":"São Sebastião do Caí"},"geometry":{"type":"Point","coordinates":[-51.3772063,-29.5901419]}},{"type":"Feature","properties":{"Instituição - IES":" UNIVERSIDADE LUTERANA DO BRASIL","Sigla":"ULBRA","Município sede":"Canoas","Tipo":"Universidade","Categoria Administrativa":"Privada sem fins lucrativos","Código":1107202,"Denominação":"Polo EAD SAO LUCAS","Endereço":"Rua Vinte e Cinco de Julho, Polo EAD SAO LUCAS, 564 - Vargas","Polo":"A","Município":"Sapucaia do Sul"},"geometry":{"type":"Point","coordinates":[-51.139333,-29.8169805999999]}},{"type":"Feature","properties":{"Instituição - IES":" UNIVERSIDADE LUTERANA DO BRASIL","Sigla":"ULBRA","Município sede":"Canoas","Tipo":"Universidade","Categoria Administrativa":"Privada sem fins lucrativos","Código":1093908,"Denominação":"Polo TAQUARA","Endereço":"Rua Tristao Monteiro, Polo TAQUARA, 1973 - Jardim do Prado","Polo":"A","Município":"Taquara"},"geometry":{"type":"Point","coordinates":[-50.7904596,-29.6453474]}},{"type":"Feature","properties":{"Instituição - IES":" UNIVERSIDADE LUTERANA DO BRASIL","Sigla":"ULBRA","Município sede":"Canoas","Tipo":"Universidade","Categoria Administrativa":"Privada sem fins lucrativos","Código":412,"Denominação":"ULBRA Torres","Endereço":"Rua Universitária, 1900 - Parque do Balonismo","Polo":"A","Município":"Torres"},"geometry":{"type":"Point","coordinates":[-49.7622273,-29.3325036]}},{"type":"Feature","properties":{"Instituição - IES":" UNIVERSIDADE LUTERANA DO BRASIL","Sigla":"ULBRA","Município sede":"Canoas","Tipo":"Universidade","Categoria Administrativa":"Privada sem fins lucrativos","Código":1127491,"Denominação":"Polo TRAMANDAI","Endereço":"Travessa Azenha, 1350 - Centro","Polo":"A","Município":"Tramandaí"},"geometry":{"type":"Point","coordinates":[-50.139109,-29.9928278]}},{"type":"Feature","properties":{"Instituição - IES":" UNIVERSIDADE LUTERANA DO BRASIL","Sigla":"ULBRA","Município sede":"Canoas","Tipo":"Universidade","Categoria Administrativa":"Privada sem fins lucrativos","Código":1169735,"Denominação":"Polo TRES COROAS","Endereço":"Avenida João Correa, Polo TRES COROAS, 340 - Centro","Polo":"A","Município":"Três Coroas"},"geometry":{"type":"Point","coordinates":[-50.7789537,-29.5173376]}},{"type":"Feature","properties":{"Instituição - IES":" UNIVERSIDADE LUTERANA DO BRASIL","Sigla":"ULBRA","Município sede":"Canoas","Tipo":"Universidade","Categoria Administrativa":"Privada sem fins lucrativos","Código":1169923,"Denominação":"Polo TUPANCIRETA","Endereço":"RUA 21 DE DEZEMBRO, Polo TUPANCIRETA, 247 - Centro","Polo":"A","Município":"Tupanciretã"},"geometry":{"type":"Point","coordinates":[-53.8336974,-29.0869351]}},{"type":"Feature","properties":{"Instituição - IES":" UNIVERSIDADE LUTERANA DO BRASIL","Sigla":"ULBRA","Município sede":"Canoas","Tipo":"Universidade","Categoria Administrativa":"Privada sem fins lucrativos","Código":1105118,"Denominação":"Polo VERA CRUZ","Endereço":"Rua Julio Wild, Polo VERA CRUZ, 110 - Centro","Polo":"A","Município":"Vera Cruz"},"geometry":{"type":"Point","coordinates":[-96.5783386999999,192.601605]}},{"type":"Feature","properties":{"Instituição - IES":" UNIVERSIDADE LUTERANA DO BRASIL","Sigla":"ULBRA","Município sede":"Canoas","Tipo":"Universidade","Categoria Administrativa":"Privada sem fins lucrativos","Código":1178687,"Denominação":"Polo VIAMAO","Endereço":"Rodovia Tapir Rocha, 3948 - Esmeralda","Polo":"A","Município":"Viamão"},"geometry":{"type":"Point","coordinates":[-51.0837709,-30.0918042]}},{"type":"Feature","properties":{"Instituição - IES":" UNIVERSIDADE REGIONAL DO NOROESTE DO ESTADO DO RIO GRANDE DO SUL","Sigla":"UNIJUI","Município sede":"Ijuí","Tipo":"Universidade","Categoria Administrativa":"Privada sem fins lucrativos","Código":1130885,"Denominação":"Polo Unijuí Agudo","Endereço":"Avenida Concórdia, Polo Unijuí Agudo, 1494 - Centro","Polo":"A","Município":"Agudo"},"geometry":{"type":"Point","coordinates":[-53.2559594,-29.6444788]}},{"type":"Feature","properties":{"Instituição - IES":" UNIVERSIDADE REGIONAL DO NOROESTE DO ESTADO DO RIO GRANDE DO SUL","Sigla":"UNIJUI","Município sede":"Ijuí","Tipo":"Universidade","Categoria Administrativa":"Privada sem fins lucrativos","Código":1125369,"Denominação":"Polo Unijuí Horizontina","Endereço":"Rua Duque de Caxias, Polo Unijuí Horizontina, 242 - Centro","Polo":"A","Município":"Horizontina"},"geometry":{"type":"Point","coordinates":[-54.3059728,-27.628239]}},{"type":"Feature","properties":{"Instituição - IES":" UNIVERSIDADE REGIONAL DO NOROESTE DO ESTADO DO RIO GRANDE DO SUL","Sigla":"UNIJUI","Município sede":"Ijuí","Tipo":"Universidade","Categoria Administrativa":"Privada sem fins lucrativos","Código":2563,"Denominação":"SEDE IJUÍ I","Endereço":"Rua do Comércio, 3000 - Universitário","Polo":"A","Município":"Ijuí"},"geometry":{"type":"Point","coordinates":[-53.9474312,-28.3931018]}},{"type":"Feature","properties":{"Instituição - IES":" UNIVERSIDADE REGIONAL DO NOROESTE DO ESTADO DO RIO GRANDE DO SUL","Sigla":"UNIJUI","Município sede":"Ijuí","Tipo":"Universidade","Categoria Administrativa":"Privada sem fins lucrativos","Código":1052299,"Denominação":"Campus Ijui III","Endereço":"Rua Lulu Ilgenfritz, 480 - São Geraldo","Polo":"-","Município":"Ijuí"},"geometry":{"type":"Point","coordinates":[-53.9296222,-28.3884038]}},{"type":"Feature","properties":{"Instituição - IES":" UNIVERSIDADE REGIONAL DO NOROESTE DO ESTADO DO RIO GRANDE DO SUL","Sigla":"UNIJUI","Município sede":"Ijuí","Tipo":"Universidade","Categoria Administrativa":"Privada sem fins lucrativos","Código":657956,"Denominação":"Campus Ijuí II","Endereço":"Rua São Francisco, 501 - São Geraldo","Polo":"-","Município":"Ijuí"},"geometry":{"type":"Point","coordinates":[-53.9278890999999,-28.3879825]}},{"type":"Feature","properties":{"Instituição - IES":" UNIVERSIDADE REGIONAL DO NOROESTE DO ESTADO DO RIO GRANDE DO SUL","Sigla":"UNIJUI","Município sede":"Ijuí","Tipo":"Universidade","Categoria Administrativa":"Privada sem fins lucrativos","Código":1114472,"Denominação":"Polo Unijuí Palmeiras das Missões","Endereço":"Rua República, Polo Unijuí Palmeiras das Missões, 414 - Operário","Polo":"A","Município":"Palmeira das Missões"},"geometry":{"type":"Point","coordinates":[-53.3073585,-27.905057]}},{"type":"Feature","properties":{"Instituição - IES":" UNIVERSIDADE REGIONAL DO NOROESTE DO ESTADO DO RIO GRANDE DO SUL","Sigla":"UNIJUI","Município sede":"Ijuí","Tipo":"Universidade","Categoria Administrativa":"Privada sem fins lucrativos","Código":598,"Denominação":"Campus Panambi","Endereço":"Rua Pref. Rudi Franke, Campus Panambi, 540 - Arco-Íris","Polo":"A","Município":"Panambi"},"geometry":{"type":"Point","coordinates":[-53.5196301,-28.3220724]}},{"type":"Feature","properties":{"Instituição - IES":" UNIVERSIDADE REGIONAL DO NOROESTE DO ESTADO DO RIO GRANDE DO SUL","Sigla":"UNIJUI","Município sede":"Ijuí","Tipo":"Universidade","Categoria Administrativa":"Privada sem fins lucrativos","Código":1117243,"Denominação":"Polo Unijuí Planalto","Endereço":"Avenida General Daltro Filho, Polo Unijuí Planalto, 1001 - Centro","Polo":"A","Município":"Planalto"},"geometry":{"type":"Point","coordinates":[-51.1065303,-29.6733218]}},{"type":"Feature","properties":{"Instituição - IES":" UNIVERSIDADE REGIONAL DO NOROESTE DO ESTADO DO RIO GRANDE DO SUL","Sigla":"UNIJUI","Município sede":"Ijuí","Tipo":"Universidade","Categoria Administrativa":"Privada sem fins lucrativos","Código":1122145,"Denominação":"Polo Unijuí Porto Alegre","Endereço":"Rua da República, Polo Unijuí Porto Alegre, 399 - Cidade Baixa","Polo":"A","Município":"Porto Alegre"},"geometry":{"type":"Point","coordinates":[-51.2240539,-30.0389812]}},{"type":"Feature","properties":{"Instituição - IES":" UNIVERSIDADE REGIONAL DO NOROESTE DO ESTADO DO RIO GRANDE DO SUL","Sigla":"UNIJUI","Município sede":"Ijuí","Tipo":"Universidade","Categoria Administrativa":"Privada sem fins lucrativos","Código":1132824,"Denominação":"Polo Unijuí Rio Grande","Endereço":"Rua Doutor Napoleão Laureano, Polo Unijuí Rio Grande, 510 - Centro","Polo":"A","Município":"Rio Grande"},"geometry":{"type":"Point","coordinates":[-52.0934819,-32.0361323]}},{"type":"Feature","properties":{"Instituição - IES":" UNIVERSIDADE REGIONAL DO NOROESTE DO ESTADO DO RIO GRANDE DO SUL","Sigla":"UNIJUI","Município sede":"Ijuí","Tipo":"Universidade","Categoria Administrativa":"Privada sem fins lucrativos","Código":1128363,"Denominação":"Polo Unijuí Rosário do Sul","Endereço":"Rua Marechal Floriano Peixoto, Polo Unijuí Rosário do Sul, 2188 - centro","Polo":"A","Município":"Rosário do Sul"},"geometry":{"type":"Point","coordinates":[-54.915398,-30.2575847]}},{"type":"Feature","properties":{"Instituição - IES":" UNIVERSIDADE REGIONAL DO NOROESTE DO ESTADO DO RIO GRANDE DO SUL","Sigla":"UNIJUI","Município sede":"Ijuí","Tipo":"Universidade","Categoria Administrativa":"Privada sem fins lucrativos","Código":1127502,"Denominação":"Polo Unijuí Santa Maria","Endereço":"Rua Doutor Astrogildo Cezar de Azevedo, Polo Unijuí Santa Maria, 194 - Centro","Polo":"A","Município":"Santa Maria"},"geometry":{"type":"Point","coordinates":[-53.806873,-29.687506]}},{"type":"Feature","properties":{"Instituição - IES":" UNIVERSIDADE REGIONAL DO NOROESTE DO ESTADO DO RIO GRANDE DO SUL","Sigla":"UNIJUI","Município sede":"Ijuí","Tipo":"Universidade","Categoria Administrativa":"Privada sem fins lucrativos","Código":597,"Denominação":"Campus Santa Rosa","Endereço":"RS 344 - Km 39, Campus Santa Rosa, S/N - Alto da Timbaúva","Polo":"A","Município":"Santa Rosa"},"geometry":{"type":"Point","coordinates":[-54.490856,-27.8488345]}},{"type":"Feature","properties":{"Instituição - IES":" UNIVERSIDADE REGIONAL DO NOROESTE DO ESTADO DO RIO GRANDE DO SUL","Sigla":"UNIJUI","Município sede":"Ijuí","Tipo":"Universidade","Categoria Administrativa":"Privada sem fins lucrativos","Código":1114516,"Denominação":"Polo Unijuí Tenente Portela","Endereço":"Avenida Ipiranga, Polo Unijuí Tenente Portela, 117 - centro","Polo":"A","Município":"Tenente Portela"},"geometry":{"type":"Point","coordinates":[-53.7584343,-27.3718047]}},{"type":"Feature","properties":{"Instituição - IES":" UNIVERSIDADE REGIONAL DO NOROESTE DO ESTADO DO RIO GRANDE DO SUL","Sigla":"UNIJUI","Município sede":"Ijuí","Tipo":"Universidade","Categoria Administrativa":"Privada sem fins lucrativos","Código":599,"Denominação":"Campus Três Passos","Endereço":"Rua Ricardo Rücker, Campus Três Passos, 235 - Centro","Polo":"A","Município":"Três Passos"},"geometry":{"type":"Point","coordinates":[-53.9332835,-27.4535663]}},{"type":"Feature","properties":{"Instituição - IES":" UNIVERSIDADE REGIONAL DO NOROESTE DO ESTADO DO RIO GRANDE DO SUL","Sigla":"UNIJUI","Município sede":"Ijuí","Tipo":"Universidade","Categoria Administrativa":"Privada sem fins lucrativos","Código":1135939,"Denominação":"Polo Unijuí Tupanciretã","Endereço":"Av. Vaz Ferreira, Polo Unijuí Tupanciretã, 1297 - Centro","Polo":"A","Município":"Tupanciretã"},"geometry":{"type":"Point","coordinates":[-53.8367957,-29.0812537]}},{"type":"Feature","properties":{"Instituição - IES":" UNIVERSIDADE REGIONAL DO NOROESTE DO ESTADO DO RIO GRANDE DO SUL","Sigla":"UNIJUI","Município sede":"Ijuí","Tipo":"Universidade","Categoria Administrativa":"Privada sem fins lucrativos","Código":1117367,"Denominação":"Polo Unijuí Uruguaiana","Endereço":"Rua Quinze de Novembro, Polo Unijuí Uruguaiana, 2542 - centro","Polo":"A","Município":"Uruguaiana"},"geometry":{"type":"Point","coordinates":[-57.0880286,-29.7569467]}},{"type":"Feature","properties":{"Instituição - IES":" UNIVERSIDADE REGIONAL INTEGRADA DO ALTO URUGUAI E DAS MISSÕES","Sigla":"URI","Município sede":"Erechim","Tipo":"Universidade","Categoria Administrativa":"Privada sem fins lucrativos","Código":229,"Denominação":"Campus de Cerro Largo","Endereço":"Rua Gal. Daltro Filho, Extensão de Cerro Largo, 772 - s/n","Polo":"A","Município":"Cerro Largo"},"geometry":{"type":"Point","coordinates":[-54.733832,-28.1502249]}},{"type":"Feature","properties":{"Instituição - IES":" UNIVERSIDADE REGIONAL INTEGRADA DO ALTO URUGUAI E DAS MISSÕES","Sigla":"URI","Município sede":"Erechim","Tipo":"Universidade","Categoria Administrativa":"Privada sem fins lucrativos","Código":224,"Denominação":"Campus de Erechim","Endereço":"Avenida Avenida Sete Setembro, 1621(URI Campos Erechim), 1621 - Fátima","Polo":"A","Município":"Erechim"},"geometry":{"type":"Point","coordinates":[-52.2695877,-27.6501153]}},{"type":"Feature","properties":{"Instituição - IES":" UNIVERSIDADE REGIONAL INTEGRADA DO ALTO URUGUAI E DAS MISSÕES","Sigla":"URI","Município sede":"Erechim","Tipo":"Universidade","Categoria Administrativa":"Privada sem fins lucrativos","Código":1002373,"Denominação":"Reitoria","Endereço":"Avenida Sete de Setembro, 1558 - Centro","Polo":"-","Município":"Erechim"},"geometry":{"type":"Point","coordinates":[-52.2676382,-27.6484918]}},{"type":"Feature","properties":{"Instituição - IES":" UNIVERSIDADE REGIONAL INTEGRADA DO ALTO URUGUAI E DAS MISSÕES","Sigla":"URI","Município sede":"Erechim","Tipo":"Universidade","Categoria Administrativa":"Privada sem fins lucrativos","Código":600037,"Denominação":"Campus II Unidade Erechim - Demoliner","Endereço":"RS 331, Campus II Unidade Erechim - Demoliner, s/n - Demoliner","Polo":"-","Município":"Erechim"},"geometry":{"type":"Point","coordinates":[-52.229692,-27.613005]}},{"type":"Feature","properties":{"Instituição - IES":" UNIVERSIDADE REGIONAL INTEGRADA DO ALTO URUGUAI E DAS MISSÕES","Sigla":"URI","Município sede":"Erechim","Tipo":"Universidade","Categoria Administrativa":"Privada sem fins lucrativos","Código":600036,"Denominação":"Unidade Erechim - Centro","Endereço":"Rua Maranhão, 560 - Centro","Polo":"-","Município":"Erechim"},"geometry":{"type":"Point","coordinates":[-52.2636915999999,-27.6472076]}},{"type":"Feature","properties":{"Instituição - IES":" UNIVERSIDADE REGIONAL INTEGRADA DO ALTO URUGUAI E DAS MISSÕES","Sigla":"URI","Município sede":"Erechim","Tipo":"Universidade","Categoria Administrativa":"Privada sem fins lucrativos","Código":225,"Denominação":"Campus de Frederico Westphalen","Endereço":"Rua Assis Brasil, Campus de Frederico Westphalen, 709 - Itapagé","Polo":"A","Município":"Frederico Westphalen"},"geometry":{"type":"Point","coordinates":[-53.4059089,-27.3596141]}},{"type":"Feature","properties":{"Instituição - IES":" UNIVERSIDADE REGIONAL INTEGRADA DO ALTO URUGUAI E DAS MISSÕES","Sigla":"URI","Município sede":"Erechim","Tipo":"Universidade","Categoria Administrativa":"Privada sem fins lucrativos","Código":227,"Denominação":"Campus de Santiago","Endereço":"Av. Batista Bonotto Sobrinho,, Campus de Santiago, s/n - São Vicente","Polo":"A","Município":"Santiago"},"geometry":{"type":"Point","coordinates":[-46.3968727,-23.9603273]}},{"type":"Feature","properties":{"Instituição - IES":" UNIVERSIDADE REGIONAL INTEGRADA DO ALTO URUGUAI E DAS MISSÕES","Sigla":"URI","Município sede":"Erechim","Tipo":"Universidade","Categoria Administrativa":"Privada sem fins lucrativos","Código":226,"Denominação":"Campus de Santo Ângelo","Endereço":"Av. Universidade das Missões, Campus de Santo Ângelo, 464 - Universitário","Polo":"A","Município":"Santo Ângelo"},"geometry":{"type":"Point","coordinates":[-54.2706676,-28.2770175]}},{"type":"Feature","properties":{"Instituição - IES":" UNIVERSIDADE REGIONAL INTEGRADA DO ALTO URUGUAI E DAS MISSÕES","Sigla":"URI","Município sede":"Erechim","Tipo":"Universidade","Categoria Administrativa":"Privada sem fins lucrativos","Código":600038,"Denominação":"Campus de São Luiz Gonzaga","Endereço":"Rua José Bonifácio, Extensão de São Luiz Gonzaga, 3149 - Centro","Polo":"A","Município":"São Luiz Gonzaga"},"geometry":{"type":"Point","coordinates":[-54.949318,-28.4077386]}}]}