{
  "features": [
    {
      "geometry": {
        "coordinates": [
          [
            -51.152393,
            -29.71908
          ],
          [
            -51.153959,
            -29.718077
          ],
          [
            -51.153966,
            -29.718079
          ],
          [
            -51.175829,
            -29.724179
          ],
          [
            -51.215317,
            -29.735195
          ],
          [
            -51.349289,
            -29.77257
          ],
          [
            -51.356428,
            -29.774562
          ],
          [
            -51.363165,
            -29.776441
          ],
          [
            -51.370519,
            -29.778493
          ],
          [
            -51.377303,
            -29.780385
          ],
          [
            -51.393863,
            -29.785005
          ],
          [
            -51.410281,
            -29.789585
          ],
          [
            -51.458384,
            -29.81739
          ],
          [
            -51.471138,
            -29.824762
          ],
          [
            -51.481128,
            -29.830536
          ],
          [
            -51.486022,
            -29.833364
          ],
          [
            -51.489501,
            -29.836098
          ],
          [
            -51.501449,
            -29.845487
          ],
          [
            -51.566081,
            -29.896271
          ],
          [
            -51.568382,
            -29.898079
          ],
          [
            -51.570228,
            -29.899965
          ],
          [
            -51.620439,
            -29.951258
          ]
        ],
        "type": "LineString"
      },
      "properties": {
        "AGE_NOME": "CPFL TRANSMISSAO S.A.                                          ",
        "DTENTRADA": 1447632000000,
        "DTPAR": 1167523200000,
        "DTPREVISTA": 1447545600000,
        "EQP_ID": "RSSCH22CHA-1        ",
        "EXT": 72.96,
        "INS_ID": "RSSCH2",
        "NOMELONGO": "LT  230 kV SCHARLAU 2           / CHARQUEADAS          C 1  RS          ",
        "NOMEREDE": "BASICA         ",
        "NUMDOC": "1364/08   ",
        "OBJECTID": 6,
        "R": 1.7,
        "S": 11.3,
        "SHAPE.STLength()": 0.5346133114976068,
        "STR_DTENTRADA": "16/11/2015",
        "STR_DTPAR": "31/12/2006",
        "STR_DTPREVISTA": "15/11/2015",
        "TPCPR_ID": null,
        "TPEQP_ID": "LTR",
        "VAL_CAPACOPERCOMFATORCD": 639,
        "VAL_CAPACOPERLD": 450,
        "VAL_CAPACOPERSEMFATORCD": 639,
        "VAL_CORRPROJETOLD": 450,
        "VAL_FATORLIMITANTECD": "",
        "VAL_FATORLIMITANTELD": "",
        "VN": 230,
        "X": 6.3
      },
      "type": "Feature"
    },
    {
      "geometry": {
        "coordinates": [
          [
            -51.152393,
            -29.71908
          ],
          [
            -51.153959,
            -29.718077
          ],
          [
            -51.153966,
            -29.718079
          ],
          [
            -51.175829,
            -29.724179
          ],
          [
            -51.215317,
            -29.735195
          ],
          [
            -51.349289,
            -29.77257
          ],
          [
            -51.356428,
            -29.774562
          ],
          [
            -51.363165,
            -29.776441
          ],
          [
            -51.370519,
            -29.778493
          ],
          [
            -51.377303,
            -29.780385
          ],
          [
            -51.393863,
            -29.785005
          ],
          [
            -51.410281,
            -29.789585
          ],
          [
            -51.458384,
            -29.81739
          ],
          [
            -51.471138,
            -29.824762
          ],
          [
            -51.481128,
            -29.830536
          ],
          [
            -51.486022,
            -29.833364
          ],
          [
            -51.489501,
            -29.836098
          ],
          [
            -51.501449,
            -29.845487
          ],
          [
            -51.566081,
            -29.896271
          ],
          [
            -51.568382,
            -29.898079
          ],
          [
            -51.570228,
            -29.899965
          ],
          [
            -51.620439,
            -29.951258
          ]
        ],
        "type": "LineString"
      },
      "properties": {
        "AGE_NOME": "CPFL TRANSMISSAO S.A.                                          ",
        "DTENTRADA": 1447632000000,
        "DTPAR": 1167523200000,
        "DTPREVISTA": 1447545600000,
        "EQP_ID": "RSSCH22CHA-1        ",
        "EXT": 72.96,
        "INS_ID": "RSSCH2",
        "NOMELONGO": "LT  230 kV SCHARLAU 2           / CHARQUEADAS          C 1  RS          ",
        "NOMEREDE": "BASICA         ",
        "NUMDOC": "1364/08   ",
        "OBJECTID": 7,
        "R": 1.7,
        "S": 11.3,
        "SHAPE.STLength()": 0.5346133114976068,
        "STR_DTENTRADA": "16/11/2015",
        "STR_DTPAR": "31/12/2006",
        "STR_DTPREVISTA": "15/11/2015",
        "TPCPR_ID": null,
        "TPEQP_ID": "LTR",
        "VAL_CAPACOPERCOMFATORCD": 639,
        "VAL_CAPACOPERLD": 450,
        "VAL_CAPACOPERSEMFATORCD": 639,
        "VAL_CORRPROJETOLD": 450,
        "VAL_FATORLIMITANTECD": "",
        "VAL_FATORLIMITANTELD": "",
        "VN": 230,
        "X": 6.3
      },
      "type": "Feature"
    },
    {
      "geometry": {
        "coordinates": [
          [
            -51.107329,
            -29.878622
          ],
          [
            -51.106544,
            -29.881223
          ],
          [
            -51.105095,
            -29.886023
          ],
          [
            -51.104663,
            -29.887456
          ],
          [
            -51.104276,
            -29.888739
          ],
          [
            -51.103253,
            -29.892128
          ]
        ],
        "type": "LineString"
      },
      "properties": {
        "AGE_NOME": "CPFL TRANSMISSAO S.A.                                          ",
        "DTENTRADA": 1700956800000,
        "DTPAR": 1393545600000,
        "DTPREVISTA": 1727654400000,
        "EQP_ID": "RSCAC32GRA21        ",
        "EXT": 5.04,
        "INS_ID": "RSCAC3",
        "NOMELONGO": "LT  230 kV CACHOEIRINHA3        / GRAVATAI2            C 1  RS          ",
        "NOMEREDE": "BASICA         ",
        "NUMDOC": "001/2020  ",
        "OBJECTID": 99,
        "R": 0.087,
        "S": 0.9,
        "SHAPE.STLength()": 0.014108259087166744,
        "STR_DTENTRADA": "26/11/2023",
        "STR_DTPAR": "28/02/2014",
        "STR_DTPREVISTA": "30/09/2024",
        "TPCPR_ID": null,
        "TPEQP_ID": "LTR",
        "VAL_CAPACOPERCOMFATORCD": 919,
        "VAL_CAPACOPERLD": 729,
        "VAL_CAPACOPERSEMFATORCD": 919,
        "VAL_CORRPROJETOLD": 729,
        "VAL_FATORLIMITANTECD": "",
        "VAL_FATORLIMITANTELD": "",
        "VN": 230,
        "X": 0.455
      },
      "type": "Feature"
    },
    {
      "geometry": {
        "coordinates": [
          [
            -51.107776,
            -29.878637
          ],
          [
            -51.108716,
            -29.883161
          ],
          [
            -51.10932,
            -29.886065
          ],
          [
            -51.109664,
            -29.887725
          ],
          [
            -51.110668,
            -29.892553
          ]
        ],
        "type": "LineString"
      },
      "properties": {
        "AGE_NOME": "CPFL TRANSMISSAO S.A.                                          ",
        "DTENTRADA": 1700956800000,
        "DTPAR": 1393545600000,
        "DTPREVISTA": 1727654400000,
        "EQP_ID": "RSCAC32CIN-1        ",
        "EXT": 7.74,
        "INS_ID": "RSCAC3",
        "NOMELONGO": "LT  230 kV CACHOEIRINHA3        / C.INDUSTRIAL         C 1  RS          ",
        "NOMEREDE": "BASICA         ",
        "NUMDOC": "001/2020  ",
        "OBJECTID": 100,
        "R": 0.132,
        "S": 1.4,
        "SHAPE.STLength()": 0.014213421705031828,
        "STR_DTENTRADA": "26/11/2023",
        "STR_DTPAR": "28/02/2014",
        "STR_DTPREVISTA": "30/09/2024",
        "TPCPR_ID": null,
        "TPEQP_ID": "LTR",
        "VAL_CAPACOPERCOMFATORCD": 919,
        "VAL_CAPACOPERLD": 729,
        "VAL_CAPACOPERSEMFATORCD": 919,
        "VAL_CORRPROJETOLD": 729,
        "VAL_FATORLIMITANTECD": "",
        "VAL_FATORLIMITANTELD": "",
        "VN": 230,
        "X": 0.706
      },
      "type": "Feature"
    },
    {
      "geometry": {
        "coordinates": [
          [
            -51.556931,
            -30.046089
          ],
          [
            -51.50097,
            -30.059002
          ],
          [
            -51.424054,
            -29.925028
          ],
          [
            -51.391562,
            -29.868434
          ],
          [
            -51.378586,
            -29.845832
          ],
          [
            -51.374897,
            -29.839406
          ],
          [
            -51.364794,
            -29.821809
          ],
          [
            -51.34481,
            -29.823137
          ]
        ],
        "type": "LineString"
      },
      "properties": {
        "AGE_NOME": null,
        "DTENTRADA": null,
        "DTPAR": 1517356800000,
        "DTPREVISTA": 1672444800000,
        "EQP_ID": "RSGUA32NSR-1        ",
        "EXT": 36,
        "INS_ID": "RSGUA3",
        "NOMELONGO": "LT  230 kV GUAIBA 3             / NOVA STA RITA        C 1  RS          ",
        "NOMEREDE": "BASICA         ",
        "NUMDOC": null,
        "OBJECTID": 101,
        "R": null,
        "S": null,
        "SHAPE.STLength()": 0.3509629938403053,
        "STR_DTENTRADA": null,
        "STR_DTPAR": "31/01/2018",
        "STR_DTPREVISTA": "31/12/2022",
        "TPCPR_ID": null,
        "TPEQP_ID": "LTR",
        "VAL_CAPACOPERCOMFATORCD": null,
        "VAL_CAPACOPERLD": null,
        "VAL_CAPACOPERSEMFATORCD": null,
        "VAL_CORRPROJETOLD": null,
        "VAL_FATORLIMITANTECD": null,
        "VAL_FATORLIMITANTELD": null,
        "VN": 230,
        "X": null
      },
      "type": "Feature"
    },
    {
      "geometry": {
        "coordinates": [
          [
            -49.062242,
            -28.548345
          ],
          [
            -49.06116,
            -28.546322
          ],
          [
            -49.060609,
            -28.52263
          ],
          [
            -49.046342,
            -28.495932
          ],
          [
            -48.999836,
            -28.475894
          ],
          [
            -48.970711,
            -28.456738
          ]
        ],
        "type": "LineString"
      },
      "properties": {
        "AGE_NOME": "INTERLIGA\u00c7\u00c3O EL\u00c9TRICA SUL S.A                                  ",
        "DTENTRADA": 1620604800000,
        "DTPAR": 1393545600000,
        "DTPREVISTA": 1593216000000,
        "EQP_ID": "SCJLB-2TSU-1        ",
        "EXT": 21.3,
        "INS_ID": "SCJLB ",
        "NOMELONGO": "LT  230 kV J.LACERDA-B          / TUBARAO SUL          C 1  SC          ",
        "NOMEREDE": "BASICA         ",
        "NUMDOC": "013/2015  ",
        "OBJECTID": 152,
        "R": 0.277,
        "S": 3.87,
        "SHAPE.STLength()": 0.14176284497606725,
        "STR_DTENTRADA": "10/05/2021",
        "STR_DTPAR": "28/02/2014",
        "STR_DTPREVISTA": "27/06/2020",
        "TPCPR_ID": null,
        "TPEQP_ID": "LTR",
        "VAL_CAPACOPERCOMFATORCD": 950,
        "VAL_CAPACOPERLD": 755,
        "VAL_CAPACOPERSEMFATORCD": 950,
        "VAL_CORRPROJETOLD": 755,
        "VAL_FATORLIMITANTECD": "",
        "VAL_FATORLIMITANTELD": "",
        "VN": 230,
        "X": 1.941
      },
      "type": "Feature"
    },
    {
      "geometry": {
        "coordinates": [
          [
            -49.063803,
            -28.548137
          ],
          [
            -49.072258,
            -28.523474
          ],
          [
            -49.119508,
            -28.541475
          ],
          [
            -49.151243,
            -28.54636
          ],
          [
            -49.199476,
            -28.560922
          ],
          [
            -49.230893,
            -28.565757
          ],
          [
            -49.264875,
            -28.576014
          ],
          [
            -49.410578,
            -28.601909
          ]
        ],
        "type": "LineString"
      },
      "properties": {
        "AGE_NOME": "INTERLIGA\u00c7\u00c3O EL\u00c9TRICA SUL S.A                                  ",
        "DTENTRADA": 1620604800000,
        "DTPAR": 1393545600000,
        "DTPREVISTA": 1593216000000,
        "EQP_ID": "SCSID-2TSU-1        ",
        "EXT": 36.3,
        "INS_ID": "SCSID ",
        "NOMELONGO": "LT  230 kV SIDEROPOL.ESU        / TUBARAO SUL          C 1  SC          ",
        "NOMEREDE": "BASICA         ",
        "NUMDOC": "013/2015  ",
        "OBJECTID": 153,
        "R": 0.471,
        "S": 6.596,
        "SHAPE.STLength()": 0.37439576925552476,
        "STR_DTENTRADA": "10/05/2021",
        "STR_DTPAR": "28/02/2014",
        "STR_DTPREVISTA": "27/06/2020",
        "TPCPR_ID": null,
        "TPEQP_ID": "LTR",
        "VAL_CAPACOPERCOMFATORCD": 950,
        "VAL_CAPACOPERLD": 755,
        "VAL_CAPACOPERSEMFATORCD": 950,
        "VAL_CORRPROJETOLD": 755,
        "VAL_FATORLIMITANTECD": "",
        "VAL_FATORLIMITANTELD": "",
        "VN": 230,
        "X": 3.306
      },
      "type": "Feature"
    },
    {
      "geometry": {
        "coordinates": [
          [
            -49.518439,
            -28.751968
          ],
          [
            -49.440629,
            -28.612018
          ],
          [
            -49.409448,
            -28.555933
          ]
        ],
        "type": "LineString"
      },
      "properties": {
        "AGE_NOME": "EDP TRANSMISSAO ALIANCA SC S.A.                                ",
        "DTENTRADA": 1623542400000,
        "DTPAR": 1393545600000,
        "DTPREVISTA": 1660176000000,
        "EQP_ID": "SCFHA-2SID21        ",
        "EXT": 27.7,
        "INS_ID": "SCFHA ",
        "NOMELONGO": "LT  230 kV FORQUILHINHA         / SIDEROPOLIS 2        C 1  SC          ",
        "NOMEREDE": "BASICA         ",
        "NUMDOC": "005/2016  ",
        "OBJECTID": 157,
        "R": 0.3567,
        "S": 5.014,
        "SHAPE.STLength()": 0.22429596254535317,
        "STR_DTENTRADA": "13/06/2021",
        "STR_DTPAR": "28/02/2014",
        "STR_DTPREVISTA": "11/08/2022",
        "TPCPR_ID": null,
        "TPEQP_ID": "LTR",
        "VAL_CAPACOPERCOMFATORCD": 1090,
        "VAL_CAPACOPERLD": 860,
        "VAL_CAPACOPERSEMFATORCD": 1090,
        "VAL_CORRPROJETOLD": 860,
        "VAL_FATORLIMITANTECD": "",
        "VAL_FATORLIMITANTELD": "",
        "VN": 230,
        "X": 2.5354
      },
      "type": "Feature"
    },
    {
      "geometry": {
        "coordinates": [
          [
            -49.408438,
            -28.555878
          ],
          [
            -49.406617,
            -28.558329
          ],
          [
            -49.408885,
            -28.597757
          ],
          [
            -49.41115,
            -28.601166
          ]
        ],
        "type": "LineString"
      },
      "properties": {
        "AGE_NOME": "EDP TRANSMISSAO ALIANCA SC S.A.                                ",
        "DTENTRADA": 1645142400000,
        "DTPAR": 1393545600000,
        "DTPREVISTA": 1660176000000,
        "EQP_ID": "SCSID-2SID22        ",
        "EXT": 7.5,
        "INS_ID": "SCSID ",
        "NOMELONGO": "LT  230 kV SIDEROPOL.ESU        / SIDEROPOLIS 2        C 2  SC          ",
        "NOMEREDE": "BASICA         ",
        "NUMDOC": "005/2016  ",
        "OBJECTID": 158,
        "R": 0.045,
        "S": 1.5,
        "SHAPE.STLength()": 0.04663893623257183,
        "STR_DTENTRADA": "18/02/2022",
        "STR_DTPAR": "28/02/2014",
        "STR_DTPREVISTA": "11/08/2022",
        "TPCPR_ID": null,
        "TPEQP_ID": "LTR",
        "VAL_CAPACOPERCOMFATORCD": 1950,
        "VAL_CAPACOPERLD": 1510,
        "VAL_CAPACOPERSEMFATORCD": 1950,
        "VAL_CORRPROJETOLD": 1510,
        "VAL_FATORLIMITANTECD": "",
        "VAL_FATORLIMITANTELD": "",
        "VN": 230,
        "X": 0.409
      },
      "type": "Feature"
    },
    {
      "geometry": {
        "coordinates": [
          [
            -49.409049,
            -28.556025
          ],
          [
            -49.411615,
            -28.601044
          ]
        ],
        "type": "LineString"
      },
      "properties": {
        "AGE_NOME": "EDP TRANSMISSAO ALIANCA SC S.A.                                ",
        "DTENTRADA": 1645142400000,
        "DTPAR": 1393545600000,
        "DTPREVISTA": 1660176000000,
        "EQP_ID": "SCSID-2SID21        ",
        "EXT": 7.5,
        "INS_ID": "SCSID ",
        "NOMELONGO": "LT  230 kV SIDEROPOL.ESU        / SIDEROPOLIS 2        C 1  SC          ",
        "NOMEREDE": "BASICA         ",
        "NUMDOC": "005/2016  ",
        "OBJECTID": 159,
        "R": 0.046,
        "S": 1.5,
        "SHAPE.STLength()": 0.04509225115486172,
        "STR_DTENTRADA": "18/02/2022",
        "STR_DTPAR": "28/02/2014",
        "STR_DTPREVISTA": "11/08/2022",
        "TPCPR_ID": null,
        "TPEQP_ID": "LTR",
        "VAL_CAPACOPERCOMFATORCD": 1950,
        "VAL_CAPACOPERLD": 1510,
        "VAL_CAPACOPERSEMFATORCD": 1950,
        "VAL_CORRPROJETOLD": 1510,
        "VAL_FATORLIMITANTECD": "",
        "VAL_FATORLIMITANTELD": "",
        "VN": 230,
        "X": 0.409
      },
      "type": "Feature"
    },
    {
      "geometry": {
        "coordinates": [
          [
            -51.416489,
            -27.540587
          ],
          [
            -51.405204,
            -27.540939
          ],
          [
            -51.069263,
            -27.569739
          ]
        ],
        "type": "LineString"
      },
      "properties": {
        "AGE_NOME": "EDP TRANSMISSAO ALIANCA SC S.A.                                ",
        "DTENTRADA": 1645142400000,
        "DTPAR": 1393545600000,
        "DTPREVISTA": 1660176000000,
        "EQP_ID": "SCABT-5CNO-2        ",
        "EXT": 39,
        "INS_ID": "SCATA ",
        "NOMELONGO": "LT  525 kV ABDON BATISTA        / C.NOVOS              C 2  SC          ",
        "NOMEREDE": "BASICA         ",
        "NUMDOC": "005/2016  ",
        "OBJECTID": 160,
        "R": 0.026,
        "S": 58.3,
        "SHAPE.STLength()": 0.348463292447913,
        "STR_DTENTRADA": "18/02/2022",
        "STR_DTPAR": "28/02/2014",
        "STR_DTPREVISTA": "11/08/2022",
        "TPCPR_ID": null,
        "TPEQP_ID": "LTR",
        "VAL_CAPACOPERCOMFATORCD": 4145,
        "VAL_CAPACOPERLD": 2920,
        "VAL_CAPACOPERSEMFATORCD": 4145,
        "VAL_CORRPROJETOLD": 2920,
        "VAL_FATORLIMITANTECD": "",
        "VAL_FATORLIMITANTELD": "",
        "VN": 525,
        "X": 0.442
      },
      "type": "Feature"
    },
    {
      "geometry": {
        "coordinates": [
          [
            -49.408505,
            -28.554335
          ],
          [
            -49.029897,
            -27.948609
          ],
          [
            -48.992774,
            -27.889216
          ],
          [
            -48.833622,
            -27.634594
          ],
          [
            -48.826586,
            -27.623337
          ],
          [
            -48.82396,
            -27.619135
          ],
          [
            -48.751327,
            -27.502932
          ],
          [
            -48.733921,
            -27.493523
          ]
        ],
        "type": "LineString"
      },
      "properties": {
        "AGE_NOME": "EDP TRANSMISSAO ALIANCA SC S.A.                                ",
        "DTENTRADA": 1623542400000,
        "DTPAR": 1517356800000,
        "DTPREVISTA": 1660176000000,
        "EQP_ID": "SCBIG-5SID21        ",
        "EXT": 151.4,
        "INS_ID": "SCBIG ",
        "NOMELONGO": "LT  525 kV BIGUACU              / SIDEROPOLIS 2        C 1  SC          ",
        "NOMEREDE": "BASICA         ",
        "NUMDOC": "005/2016  ",
        "OBJECTID": 161,
        "R": 0.0944,
        "S": 222.53,
        "SHAPE.STLength()": 1.2596770137391304,
        "STR_DTENTRADA": "13/06/2021",
        "STR_DTPAR": "31/01/2018",
        "STR_DTPREVISTA": "11/08/2022",
        "TPCPR_ID": null,
        "TPEQP_ID": "LTR",
        "VAL_CAPACOPERCOMFATORCD": 3985,
        "VAL_CAPACOPERLD": 3405,
        "VAL_CAPACOPERSEMFATORCD": 3985,
        "VAL_CORRPROJETOLD": 3405,
        "VAL_FATORLIMITANTECD": "",
        "VAL_FATORLIMITANTELD": "",
        "VN": 525,
        "X": 1.6802
      },
      "type": "Feature"
    },
    {
      "geometry": {
        "coordinates": [
          [
            -56.06459,
            -29.157552
          ],
          [
            -56.064619,
            -29.157556
          ],
          [
            -56.06466,
            -29.157562
          ],
          [
            -56.064784,
            -29.157573
          ],
          [
            -56.064784,
            -29.154813
          ],
          [
            -56.064784,
            -29.152978
          ],
          [
            -56.064784,
            -29.150296
          ]
        ],
        "type": "LineString"
      },
      "properties": {
        "AGE_NOME": "COMPANHIA DE GERA\u00c7\u00c3O E TRANSMISS\u00c3O DE ENERGIA EL\u00c9TRICA DO SUL D",
        "DTENTRADA": 1692921600000,
        "DTPAR": null,
        "DTPREVISTA": 1711065600000,
        "EQP_ID": "RSMBR-2MBR32        ",
        "EXT": 1.52,
        "INS_ID": "RSMBR ",
        "NOMELONGO": "LT  230 kV MACAMBARA            / MACAMBARA 3          C 2  RS          ",
        "NOMEREDE": "BASICA         ",
        "NUMDOC": "004/2018  ",
        "OBJECTID": 173,
        "R": 0.015,
        "S": 0.22,
        "SHAPE.STLength()": 0.007472273042766896,
        "STR_DTENTRADA": "25/08/2023",
        "STR_DTPAR": null,
        "STR_DTPREVISTA": "22/03/2024",
        "TPCPR_ID": null,
        "TPEQP_ID": "LTR",
        "VAL_CAPACOPERCOMFATORCD": 1319,
        "VAL_CAPACOPERLD": 1108,
        "VAL_CAPACOPERSEMFATORCD": 1319,
        "VAL_CORRPROJETOLD": 1108,
        "VAL_FATORLIMITANTECD": "",
        "VAL_FATORLIMITANTELD": "",
        "VN": 230,
        "X": 0.11
      },
      "type": "Feature"
    },
    {
      "geometry": {
        "coordinates": [
          [
            -54.325888,
            -28.278464
          ],
          [
            -54.476864,
            -28.417087
          ],
          [
            -54.680645,
            -28.43678
          ],
          [
            -54.840109,
            -28.354949
          ],
          [
            -55.094673,
            -28.414503
          ],
          [
            -55.29545,
            -28.646165
          ],
          [
            -55.3148,
            -28.987387
          ],
          [
            -55.409766,
            -29.133662
          ],
          [
            -55.560643,
            -29.148143
          ],
          [
            -55.709175,
            -29.245145
          ],
          [
            -56.064123,
            -29.150178
          ]
        ],
        "type": "LineString"
      },
      "properties": {
        "AGE_NOME": "COMPANHIA DE GERA\u00c7\u00c3O E TRANSMISS\u00c3O DE ENERGIA EL\u00c9TRICA DO SUL D",
        "DTENTRADA": 1692921600000,
        "DTPAR": null,
        "DTPREVISTA": 1711065600000,
        "EQP_ID": "RSMBR32STA-2        ",
        "EXT": 199.53,
        "INS_ID": "RSMBR3",
        "NOMELONGO": "LT  230 kV MACAMBARA 3          / SANTO ANGELO         C 2  RS          ",
        "NOMEREDE": "BASICA         ",
        "NUMDOC": "004/2018  ",
        "OBJECTID": 174,
        "R": 2.443,
        "S": 36.42,
        "SHAPE.STLength()": 2.369499030054934,
        "STR_DTENTRADA": "25/08/2023",
        "STR_DTPAR": null,
        "STR_DTPREVISTA": "22/03/2024",
        "TPCPR_ID": null,
        "TPEQP_ID": "LTR",
        "VAL_CAPACOPERCOMFATORCD": 1319,
        "VAL_CAPACOPERLD": 1108,
        "VAL_CAPACOPERSEMFATORCD": 1319,
        "VAL_CORRPROJETOLD": 1108,
        "VAL_FATORLIMITANTECD": "",
        "VAL_FATORLIMITANTELD": "",
        "VN": 230,
        "X": 18.246
      },
      "type": "Feature"
    },
    {
      "geometry": {
        "coordinates": [
          [
            -49.023072,
            -26.873003
          ],
          [
            -49.025022,
            -26.873458
          ],
          [
            -49.026337,
            -26.873764
          ],
          [
            -49.032474,
            -26.875196
          ],
          [
            -49.039304,
            -26.876789
          ],
          [
            -49.041153,
            -26.87722
          ],
          [
            -49.071261,
            -26.87985
          ],
          [
            -49.069455,
            -26.899726
          ],
          [
            -49.068915,
            -26.905681
          ],
          [
            -49.067014,
            -26.926616
          ],
          [
            -49.016515,
            -27.482691
          ],
          [
            -49.016307,
            -27.484973
          ],
          [
            -49.016173,
            -27.486457
          ],
          [
            -49.015614,
            -27.492605
          ],
          [
            -49.00597,
            -27.5988
          ],
          [
            -48.826586,
            -27.623337
          ],
          [
            -48.697685,
            -27.640969
          ],
          [
            -48.691557,
            -27.641807
          ]
        ],
        "type": "LineString"
      },
      "properties": {
        "AGE_NOME": "COMPANHIA DE GERA\u00c7\u00c3O E TRANSMISS\u00c3O DE ENERGIA EL\u00c9TRICA DO SUL D",
        "DTENTRADA": 1475193600000,
        "DTPAR": 1393545600000,
        "DTPREVISTA": 1475193600000,
        "EQP_ID": "SCGPR22PAL-1        ",
        "EXT": 114.06,
        "INS_ID": "SCGAS2",
        "NOMELONGO": "LT  230 kV GASPAR 2             / PALHOCA  ESU         C 1  SC          ",
        "NOMEREDE": "BASICA         ",
        "NUMDOC": "4802/14   ",
        "OBJECTID": 193,
        "R": 2.505,
        "S": 21.161,
        "SHAPE.STLength()": 1.0880380868781712,
        "STR_DTENTRADA": "30/09/2016",
        "STR_DTPAR": "28/02/2014",
        "STR_DTPREVISTA": "30/09/2016",
        "TPCPR_ID": null,
        "TPEQP_ID": "LTR",
        "VAL_CAPACOPERCOMFATORCD": 767,
        "VAL_CAPACOPERLD": 609,
        "VAL_CAPACOPERSEMFATORCD": 767,
        "VAL_CORRPROJETOLD": 609,
        "VAL_FATORLIMITANTECD": "",
        "VAL_FATORLIMITANTELD": "",
        "VN": 230,
        "X": 12.1
      },
      "type": "Feature"
    },
    {
      "geometry": {
        "coordinates": [
          [
            -49.023094,
            -26.872643
          ],
          [
            -49.027803,
            -26.872012
          ],
          [
            -49.032381,
            -26.871399
          ],
          [
            -49.044074,
            -26.869833
          ],
          [
            -49.048922,
            -26.869183
          ],
          [
            -49.072516,
            -26.866023
          ],
          [
            -49.080196,
            -26.781454
          ]
        ],
        "type": "LineString"
      },
      "properties": {
        "AGE_NOME": "COMPANHIA DE GERA\u00c7\u00c3O E TRANSMISS\u00c3O DE ENERGIA EL\u00c9TRICA DO SUL D",
        "DTENTRADA": 1475193600000,
        "DTPAR": 1393545600000,
        "DTPREVISTA": 1475193600000,
        "EQP_ID": "SCBLU-2GPR22        ",
        "EXT": 15.14,
        "INS_ID": "SCBLU ",
        "NOMELONGO": "LT  230 kV BLUMENAU             / GASPAR 2             C 2  SC          ",
        "NOMEREDE": "BASICA         ",
        "NUMDOC": "4802/14   ",
        "OBJECTID": 194,
        "R": 0.3,
        "S": 2.597,
        "SHAPE.STLength()": 0.1347800015131127,
        "STR_DTENTRADA": "30/09/2016",
        "STR_DTPAR": "28/02/2014",
        "STR_DTPREVISTA": "30/09/2016",
        "TPCPR_ID": null,
        "TPEQP_ID": "LTR",
        "VAL_CAPACOPERCOMFATORCD": 767,
        "VAL_CAPACOPERLD": 609,
        "VAL_CAPACOPERSEMFATORCD": 767,
        "VAL_CORRPROJETOLD": 609,
        "VAL_FATORLIMITANTECD": "",
        "VAL_FATORLIMITANTELD": "",
        "VN": 230,
        "X": 1.46
      },
      "type": "Feature"
    },
    {
      "geometry": {
        "coordinates": [
          [
            -51.067265,
            -27.57001
          ],
          [
            -50.98015,
            -27.58626
          ],
          [
            -50.669235,
            -27.776197
          ],
          [
            -50.669235,
            -27.776197
          ],
          [
            -50.662786,
            -27.780136
          ],
          [
            -49.41588,
            -28.541865
          ],
          [
            -49.409424,
            -28.554304
          ]
        ],
        "type": "LineString"
      },
      "properties": {
        "AGE_NOME": "EDP TRANSMISSAO ALIANCA SC S.A.                                ",
        "DTENTRADA": 1645142400000,
        "DTPAR": 1393545600000,
        "DTPREVISTA": 1660176000000,
        "EQP_ID": "SCABT-5SID22        ",
        "EXT": 261,
        "INS_ID": "SCATA ",
        "NOMELONGO": "LT  525 kV ABDON BATISTA        / SIDEROPOLIS 2        C 2  SC          ",
        "NOMEREDE": "BASICA         ",
        "NUMDOC": "005/2016  ",
        "OBJECTID": 195,
        "R": 0.133,
        "S": 323,
        "SHAPE.STLength()": 1.935696344799671,
        "STR_DTENTRADA": "18/02/2022",
        "STR_DTPAR": "28/02/2014",
        "STR_DTPREVISTA": "11/08/2022",
        "TPCPR_ID": null,
        "TPEQP_ID": "LTR",
        "VAL_CAPACOPERCOMFATORCD": 3985,
        "VAL_CAPACOPERLD": 3405,
        "VAL_CAPACOPERSEMFATORCD": 3985,
        "VAL_CORRPROJETOLD": 3405,
        "VAL_FATORLIMITANTECD": "",
        "VAL_FATORLIMITANTELD": "",
        "VN": 525,
        "X": 2.218
      },
      "type": "Feature"
    },
    {
      "geometry": {
        "coordinates": [
          [
            -49.409838,
            -28.554611
          ],
          [
            -50.67786,
            -27.77996
          ],
          [
            -50.684306,
            -27.776022
          ],
          [
            -50.684306,
            -27.776022
          ],
          [
            -50.982097,
            -27.594097
          ],
          [
            -51.067291,
            -27.570097
          ]
        ],
        "type": "LineString"
      },
      "properties": {
        "AGE_NOME": "EDP TRANSMISSAO ALIANCA SC S.A.                                ",
        "DTENTRADA": 1645142400000,
        "DTPAR": 1393545600000,
        "DTPREVISTA": 1660176000000,
        "EQP_ID": "SCABT-5SID21        ",
        "EXT": 261,
        "INS_ID": "SCATA ",
        "NOMELONGO": "LT  525 kV ABDON BATISTA        / SIDEROPOLIS 2        C 1  SC          ",
        "NOMEREDE": "BASICA         ",
        "NUMDOC": "005/2016  ",
        "OBJECTID": 196,
        "R": 0.133,
        "S": 323,
        "SHAPE.STLength()": 1.930949867924024,
        "STR_DTENTRADA": "18/02/2022",
        "STR_DTPAR": "28/02/2014",
        "STR_DTPREVISTA": "11/08/2022",
        "TPCPR_ID": null,
        "TPEQP_ID": "LTR",
        "VAL_CAPACOPERCOMFATORCD": 3985,
        "VAL_CAPACOPERLD": 3405,
        "VAL_CAPACOPERSEMFATORCD": 3985,
        "VAL_CORRPROJETOLD": 3405,
        "VAL_FATORLIMITANTECD": "",
        "VAL_FATORLIMITANTELD": "",
        "VN": 525,
        "X": 2.218
      },
      "type": "Feature"
    },
    {
      "geometry": {
        "coordinates": [
          [
            -53.876093,
            -29.680238
          ],
          [
            -54.285296,
            -28.304205
          ]
        ],
        "type": "LineString"
      },
      "properties": {
        "AGE_NOME": "SPE SANTA MARIA TRANSMISSORA DE ENERGIA S.A.                   ",
        "DTENTRADA": 1538524800000,
        "DTPAR": 1517356800000,
        "DTPREVISTA": 1538611200000,
        "EQP_ID": "RSSMA32SAG21        ",
        "EXT": 159,
        "INS_ID": "RSSMA3",
        "NOMELONGO": "LT  230 kV SANTA MARIA 3        / SANTO ANGELO2        C 1  RS          ",
        "NOMEREDE": "BASICA         ",
        "NUMDOC": "001/2015  ",
        "OBJECTID": 197,
        "R": 1.21,
        "S": 40.007,
        "SHAPE.STLength()": 1.4355886705941934,
        "STR_DTENTRADA": "03/10/2018",
        "STR_DTPAR": "31/01/2018",
        "STR_DTPREVISTA": "04/10/2018",
        "TPCPR_ID": null,
        "TPEQP_ID": "LTR",
        "VAL_CAPACOPERCOMFATORCD": 1975,
        "VAL_CAPACOPERLD": 1325,
        "VAL_CAPACOPERSEMFATORCD": 1975,
        "VAL_CORRPROJETOLD": 1325,
        "VAL_FATORLIMITANTECD": "",
        "VAL_FATORLIMITANTELD": "",
        "VN": 230,
        "X": 10.311
      },
      "type": "Feature"
    },
    {
      "geometry": {
        "coordinates": [
          [
            -49.51943,
            -28.753543
          ],
          [
            -49.719169,
            -29.036008
          ],
          [
            -49.800691,
            -29.144086
          ],
          [
            -49.788006,
            -29.327597
          ]
        ],
        "type": "LineString"
      },
      "properties": {
        "AGE_NOME": "EDP TRANSMISS\u00c3O LITORAL SUL S.A.                               ",
        "DTENTRADA": 1656979200000,
        "DTPAR": 1485820800000,
        "DTPREVISTA": 1601942400000,
        "EQP_ID": "SCFHA-2TOR21RS      ",
        "EXT": 69.53,
        "INS_ID": "SCFHA ",
        "NOMELONGO": "LT  230 kV FORQUILHINHA         / TORRES 2             C 1  SC/RS       ",
        "NOMEREDE": "BASICA         ",
        "NUMDOC": "013/2015  ",
        "OBJECTID": 198,
        "R": 0.775,
        "S": 12.8,
        "SHAPE.STLength()": 0.6652757402122107,
        "STR_DTENTRADA": "05/07/2022",
        "STR_DTPAR": "31/01/2017",
        "STR_DTPREVISTA": "06/10/2020",
        "TPCPR_ID": null,
        "TPEQP_ID": "LTR",
        "VAL_CAPACOPERCOMFATORCD": 1190,
        "VAL_CAPACOPERLD": 790,
        "VAL_CAPACOPERSEMFATORCD": 1190,
        "VAL_CORRPROJETOLD": 790,
        "VAL_FATORLIMITANTECD": "",
        "VAL_FATORLIMITANTELD": "",
        "VN": 230,
        "X": 6.265
      },
      "type": "Feature"
    },
    {
      "geometry": {
        "coordinates": [
          [
            -49.787882,
            -29.329397
          ],
          [
            -49.784698,
            -29.37564
          ],
          [
            -50.048091,
            -29.770054
          ]
        ],
        "type": "LineString"
      },
      "properties": {
        "AGE_NOME": "EDP TRANSMISS\u00c3O LITORAL SUL S.A.                               ",
        "DTENTRADA": 1656979200000,
        "DTPAR": 1498780800000,
        "DTPREVISTA": 1601942400000,
        "EQP_ID": "RSATL22TOR21        ",
        "EXT": 65.44,
        "INS_ID": "RSATL2",
        "NOMELONGO": "LT  230 kV ATLANTIDA 2          / TORRES 2             C 1  RS          ",
        "NOMEREDE": "BASICA         ",
        "NUMDOC": "013/2015  ",
        "OBJECTID": 199,
        "R": 0.731,
        "S": 12.2,
        "SHAPE.STLength()": 0.5206287767479579,
        "STR_DTENTRADA": "05/07/2022",
        "STR_DTPAR": "30/06/2017",
        "STR_DTPREVISTA": "06/10/2020",
        "TPCPR_ID": null,
        "TPEQP_ID": "LTR",
        "VAL_CAPACOPERCOMFATORCD": 1190,
        "VAL_CAPACOPERLD": 790,
        "VAL_CAPACOPERSEMFATORCD": 1190,
        "VAL_CORRPROJETOLD": 790,
        "VAL_FATORLIMITANTECD": "",
        "VAL_FATORLIMITANTELD": "",
        "VN": 230,
        "X": 5.831
      },
      "type": "Feature"
    },
    {
      "geometry": {
        "coordinates": [
          [
            -53.69218,
            -31.567357
          ],
          [
            -53.730235,
            -31.552211
          ],
          [
            -53.783968,
            -31.553681
          ],
          [
            -53.78552,
            -31.512475
          ],
          [
            -53.85031,
            -31.476985
          ],
          [
            -53.919296,
            -31.439182
          ],
          [
            -53.949194,
            -31.417032
          ],
          [
            -54.017291,
            -31.349425
          ],
          [
            -54.070124,
            -31.288974
          ]
        ],
        "type": "LineString"
      },
      "properties": {
        "AGE_NOME": "CPFL TRANSMISSAO S.A.                                          ",
        "DTENTRADA": 1662422400000,
        "DTPAR": 1393545600000,
        "DTPREVISTA": 1638230400000,
        "EQP_ID": "RSBAG22CTA-2        ",
        "EXT": 51,
        "INS_ID": "RSBAG2",
        "NOMELONGO": "LT  230 kV BAGE2                / CANDIOTA 2           C 2  RS          ",
        "NOMEREDE": "BASICA         ",
        "NUMDOC": "004/2018  ",
        "OBJECTID": 205,
        "R": 0.875,
        "S": 9.1,
        "SHAPE.STLength()": 0.5019368700713924,
        "STR_DTENTRADA": "06/09/2022",
        "STR_DTPAR": "28/02/2014",
        "STR_DTPREVISTA": "30/11/2021",
        "TPCPR_ID": null,
        "TPEQP_ID": "LTR",
        "VAL_CAPACOPERCOMFATORCD": 919,
        "VAL_CAPACOPERLD": 729,
        "VAL_CAPACOPERSEMFATORCD": 919,
        "VAL_CORRPROJETOLD": 729,
        "VAL_FATORLIMITANTECD": "",
        "VAL_FATORLIMITANTELD": "",
        "VN": 230,
        "X": 4.771
      },
      "type": "Feature"
    },
    {
      "geometry": {
        "coordinates": [
          [
            -55.757426,
            -30.786372
          ],
          [
            -55.708361,
            -30.814113
          ],
          [
            -55.706465,
            -30.814529
          ]
        ],
        "type": "LineString"
      },
      "properties": {
        "AGE_NOME": "TRANSMISSORA ALIAN\u00c7A DE ENERGIA EL\u00c9TRICA S A                   ",
        "DTENTRADA": 1648339200000,
        "DTPAR": 1393545600000,
        "DTPREVISTA": 1711065600000,
        "EQP_ID": "RSCCH-2LIV31        ",
        "EXT": 5.6,
        "INS_ID": "RSCCH ",
        "NOMELONGO": "LT  230 kV CERRO CHATO          / LIVRAMENTO 3         C 1  RS          ",
        "NOMEREDE": "BASICA         ",
        "NUMDOC": "004/2018  ",
        "OBJECTID": 216,
        "R": 0.044,
        "S": 1.4,
        "SHAPE.STLength()": 0.05830548719361625,
        "STR_DTENTRADA": "27/03/2022",
        "STR_DTPAR": "28/02/2014",
        "STR_DTPREVISTA": "22/03/2024",
        "TPCPR_ID": null,
        "TPEQP_ID": "LTR",
        "VAL_CAPACOPERCOMFATORCD": 1700,
        "VAL_CAPACOPERLD": 1380,
        "VAL_CAPACOPERSEMFATORCD": 1700,
        "VAL_CORRPROJETOLD": 1380,
        "VAL_FATORLIMITANTECD": "",
        "VAL_FATORLIMITANTELD": "",
        "VN": 230,
        "X": 0.379
      },
      "type": "Feature"
    },
    {
      "geometry": {
        "coordinates": [
          [
            -55.757426,
            -30.786372
          ],
          [
            -55.708361,
            -30.814113
          ],
          [
            -55.706465,
            -30.814529
          ]
        ],
        "type": "LineString"
      },
      "properties": {
        "AGE_NOME": "TRANSMISSORA ALIAN\u00c7A DE ENERGIA EL\u00c9TRICA S A                   ",
        "DTENTRADA": 1648339200000,
        "DTPAR": 1393545600000,
        "DTPREVISTA": 1711065600000,
        "EQP_ID": "RSCCH-2LIV31        ",
        "EXT": 5.6,
        "INS_ID": "RSCCH ",
        "NOMELONGO": "LT  230 kV CERRO CHATO          / LIVRAMENTO 3         C 1  RS          ",
        "NOMEREDE": "BASICA         ",
        "NUMDOC": "004/2018  ",
        "OBJECTID": 217,
        "R": 0.044,
        "S": 1.4,
        "SHAPE.STLength()": 0.05830548719361625,
        "STR_DTENTRADA": "27/03/2022",
        "STR_DTPAR": "28/02/2014",
        "STR_DTPREVISTA": "22/03/2024",
        "TPCPR_ID": null,
        "TPEQP_ID": "LTR",
        "VAL_CAPACOPERCOMFATORCD": 1700,
        "VAL_CAPACOPERLD": 1380,
        "VAL_CAPACOPERSEMFATORCD": 1700,
        "VAL_CORRPROJETOLD": 1380,
        "VAL_FATORLIMITANTECD": "",
        "VAL_FATORLIMITANTELD": "",
        "VN": 230,
        "X": 0.379
      },
      "type": "Feature"
    },
    {
      "geometry": {
        "coordinates": [
          [
            -56.062803,
            -29.158106
          ],
          [
            -56.06163,
            -29.15872
          ],
          [
            -56.06066,
            -29.159044
          ],
          [
            -56.056967,
            -29.159372
          ],
          [
            -56.057226,
            -29.150509
          ],
          [
            -56.064107,
            -29.149897
          ]
        ],
        "type": "LineString"
      },
      "properties": {
        "AGE_NOME": "TRANSMISSORA ALIAN\u00c7A DE ENERGIA EL\u00c9TRICA S A                   ",
        "DTENTRADA": 1669766400000,
        "DTPAR": 1517356800000,
        "DTPREVISTA": 1711065600000,
        "EQP_ID": "RSMBR-2MBR31        ",
        "EXT": 1.58,
        "INS_ID": "RSMBR ",
        "NOMELONGO": "LT  230 kV MACAMBARA            / MACAMBARA 3          C 1  RS          ",
        "NOMEREDE": "BASICA         ",
        "NUMDOC": "004/2018  ",
        "OBJECTID": 218,
        "R": 0.019,
        "S": 0.3,
        "SHAPE.STLength()": 0.021829230944726864,
        "STR_DTENTRADA": "30/11/2022",
        "STR_DTPAR": "31/01/2018",
        "STR_DTPREVISTA": "22/03/2024",
        "TPCPR_ID": null,
        "TPEQP_ID": "LTR",
        "VAL_CAPACOPERCOMFATORCD": 1108,
        "VAL_CAPACOPERLD": 1108,
        "VAL_CAPACOPERSEMFATORCD": 1108,
        "VAL_CORRPROJETOLD": 1108,
        "VAL_FATORLIMITANTECD": "",
        "VAL_FATORLIMITANTELD": "",
        "VN": 230,
        "X": 0.15
      },
      "type": "Feature"
    },
    {
      "geometry": {
        "coordinates": [
          [
            -54.326005,
            -28.278242
          ],
          [
            -54.52406,
            -28.351324
          ],
          [
            -54.699581,
            -28.349185
          ],
          [
            -54.80288,
            -28.299086
          ],
          [
            -54.88098,
            -28.423825
          ],
          [
            -55.318708,
            -28.554193
          ],
          [
            -55.515296,
            -28.571009
          ],
          [
            -55.570574,
            -28.687873
          ],
          [
            -55.856378,
            -28.97819
          ],
          [
            -55.992625,
            -29.073589
          ],
          [
            -56.064108,
            -29.148936
          ]
        ],
        "type": "LineString"
      },
      "properties": {
        "AGE_NOME": "TRANSMISSORA ALIAN\u00c7A DE ENERGIA EL\u00c9TRICA S A                   ",
        "DTENTRADA": 1669766400000,
        "DTPAR": 1517356800000,
        "DTPREVISTA": 1711065600000,
        "EQP_ID": "RSMBR32STA-1        ",
        "EXT": 203.2,
        "INS_ID": "RSMBR3",
        "NOMELONGO": "LT  230 kV MACAMBARA 3          / SANTO ANGELO         C 1  RS          ",
        "NOMEREDE": "BASICA         ",
        "NUMDOC": "004/2018  ",
        "OBJECTID": 219,
        "R": 2.221,
        "S": 37.5,
        "SHAPE.STLength()": 2.109512450628773,
        "STR_DTENTRADA": "30/11/2022",
        "STR_DTPAR": "31/01/2018",
        "STR_DTPREVISTA": "22/03/2024",
        "TPCPR_ID": null,
        "TPEQP_ID": "LTR",
        "VAL_CAPACOPERCOMFATORCD": 1108,
        "VAL_CAPACOPERLD": 1108,
        "VAL_CAPACOPERSEMFATORCD": 1108,
        "VAL_CORRPROJETOLD": 1108,
        "VAL_FATORLIMITANTECD": "",
        "VAL_FATORLIMITANTELD": "",
        "VN": 230,
        "X": 18.068
      },
      "type": "Feature"
    },
    {
      "geometry": {
        "coordinates": [
          [
            -55.758466,
            -30.784988
          ],
          [
            -55.93747,
            -29.831037
          ],
          [
            -55.951773,
            -29.754816
          ],
          [
            -55.952398,
            -29.751484
          ],
          [
            -56.063685,
            -29.15841
          ]
        ],
        "type": "LineString"
      },
      "properties": {
        "AGE_NOME": "TRANSMISSORA ALIAN\u00c7A DE ENERGIA EL\u00c9TRICA S A                   ",
        "DTENTRADA": 1669766400000,
        "DTPAR": 1517356800000,
        "DTPREVISTA": 1711065600000,
        "EQP_ID": "RSLIV32MBR31        ",
        "EXT": 186.39,
        "INS_ID": "RSLIV3",
        "NOMELONGO": "LT  230 kV LIVRAMENTO 3         / MACAMBARA 3          C 1  RS          ",
        "NOMEREDE": "BASICA         ",
        "NUMDOC": "004/2018  ",
        "OBJECTID": 220,
        "R": 1.425,
        "S": 46,
        "SHAPE.STLength()": 1.6549663936732266,
        "STR_DTENTRADA": "30/11/2022",
        "STR_DTPAR": "31/01/2018",
        "STR_DTPREVISTA": "22/03/2024",
        "TPCPR_ID": null,
        "TPEQP_ID": "LTR",
        "VAL_CAPACOPERCOMFATORCD": 1700,
        "VAL_CAPACOPERLD": 1380,
        "VAL_CAPACOPERSEMFATORCD": 1700,
        "VAL_CORRPROJETOLD": 1380,
        "VAL_FATORLIMITANTECD": "",
        "VAL_FATORLIMITANTELD": "",
        "VN": 230,
        "X": 12.388
      },
      "type": "Feature"
    },
    {
      "geometry": {
        "coordinates": [
          [
            -55.758466,
            -30.784988
          ],
          [
            -55.93747,
            -29.831037
          ],
          [
            -55.951773,
            -29.754816
          ],
          [
            -55.952398,
            -29.751484
          ],
          [
            -56.063685,
            -29.15841
          ]
        ],
        "type": "LineString"
      },
      "properties": {
        "AGE_NOME": "TRANSMISSORA ALIAN\u00c7A DE ENERGIA EL\u00c9TRICA S A                   ",
        "DTENTRADA": 1669766400000,
        "DTPAR": 1517356800000,
        "DTPREVISTA": 1711065600000,
        "EQP_ID": "RSLIV32MBR31        ",
        "EXT": 186.39,
        "INS_ID": "RSLIV3",
        "NOMELONGO": "LT  230 kV LIVRAMENTO 3         / MACAMBARA 3          C 1  RS          ",
        "NOMEREDE": "BASICA         ",
        "NUMDOC": "004/2018  ",
        "OBJECTID": 221,
        "R": 1.425,
        "S": 46,
        "SHAPE.STLength()": 1.6549663936732266,
        "STR_DTENTRADA": "30/11/2022",
        "STR_DTPAR": "31/01/2018",
        "STR_DTPREVISTA": "22/03/2024",
        "TPCPR_ID": null,
        "TPEQP_ID": "LTR",
        "VAL_CAPACOPERCOMFATORCD": 1700,
        "VAL_CAPACOPERLD": 1380,
        "VAL_CAPACOPERSEMFATORCD": 1700,
        "VAL_CORRPROJETOLD": 1380,
        "VAL_FATORLIMITANTECD": "",
        "VAL_FATORLIMITANTELD": "",
        "VN": 230,
        "X": 12.388
      },
      "type": "Feature"
    },
    {
      "geometry": {
        "coordinates": [
          [
            -52.094311,
            -28.541728
          ],
          [
            -51.903473,
            -28.646437
          ],
          [
            -51.83854,
            -28.682034
          ],
          [
            -51.77908,
            -28.71462
          ],
          [
            -51.728299,
            -28.742441
          ],
          [
            -51.728298,
            -28.742441
          ],
          [
            -51.62627,
            -28.812242
          ],
          [
            -51.613258,
            -28.805571
          ]
        ],
        "type": "LineString"
      },
      "properties": {
        "AGE_NOME": "COMPANHIA DE GERA\u00c7\u00c3O E TRANSMISS\u00c3O DE ENERGIA EL\u00c9TRICA DO SUL D",
        "DTENTRADA": 1668556800000,
        "DTPAR": 1454198400000,
        "DTPREVISTA": 1652400000000,
        "EQP_ID": "RSNPR22VMA-1        ",
        "EXT": 62,
        "INS_ID": "RSNPR2",
        "NOMELONGO": "LT  230 kV NOVA PRATA 2         / VILA MARIA           C 1  RS          ",
        "NOMEREDE": "BASICA         ",
        "NUMDOC": "004/2018  ",
        "OBJECTID": 222,
        "R": 1.215,
        "S": 10.641,
        "SHAPE.STLength()": 0.5556766310988691,
        "STR_DTENTRADA": "16/11/2022",
        "STR_DTPAR": "31/01/2016",
        "STR_DTPREVISTA": "13/05/2022",
        "TPCPR_ID": null,
        "TPEQP_ID": "LTR",
        "VAL_CAPACOPERCOMFATORCD": 733,
        "VAL_CAPACOPERLD": 582,
        "VAL_CAPACOPERSEMFATORCD": 733,
        "VAL_CORRPROJETOLD": 582,
        "VAL_FATORLIMITANTECD": "",
        "VAL_FATORLIMITANTELD": "",
        "VN": 230,
        "X": 5.999
      },
      "type": "Feature"
    },
    {
      "geometry": {
        "coordinates": [
          [
            -52.094311,
            -28.541728
          ],
          [
            -51.903473,
            -28.646437
          ],
          [
            -51.83854,
            -28.682034
          ],
          [
            -51.77908,
            -28.71462
          ],
          [
            -51.728299,
            -28.742441
          ],
          [
            -51.728298,
            -28.742441
          ],
          [
            -51.62627,
            -28.812242
          ],
          [
            -51.613258,
            -28.805571
          ]
        ],
        "type": "LineString"
      },
      "properties": {
        "AGE_NOME": "COMPANHIA DE GERA\u00c7\u00c3O E TRANSMISS\u00c3O DE ENERGIA EL\u00c9TRICA DO SUL D",
        "DTENTRADA": 1668556800000,
        "DTPAR": 1454198400000,
        "DTPREVISTA": 1652400000000,
        "EQP_ID": "RSNPR22VMA-1        ",
        "EXT": 62,
        "INS_ID": "RSNPR2",
        "NOMELONGO": "LT  230 kV NOVA PRATA 2         / VILA MARIA           C 1  RS          ",
        "NOMEREDE": "BASICA         ",
        "NUMDOC": "004/2018  ",
        "OBJECTID": 223,
        "R": 1.215,
        "S": 10.641,
        "SHAPE.STLength()": 0.5556766310988691,
        "STR_DTENTRADA": "16/11/2022",
        "STR_DTPAR": "31/01/2016",
        "STR_DTPREVISTA": "13/05/2022",
        "TPCPR_ID": null,
        "TPEQP_ID": "LTR",
        "VAL_CAPACOPERCOMFATORCD": 733,
        "VAL_CAPACOPERLD": 582,
        "VAL_CAPACOPERSEMFATORCD": 733,
        "VAL_CORRPROJETOLD": 582,
        "VAL_FATORLIMITANTECD": "",
        "VAL_FATORLIMITANTELD": "",
        "VN": 230,
        "X": 5.999
      },
      "type": "Feature"
    },
    {
      "geometry": {
        "coordinates": [
          [
            -52.731196,
            -27.5554
          ],
          [
            -52.359289,
            -28.320432
          ],
          [
            -52.301137,
            -28.364853
          ],
          [
            -52.241621,
            -28.394259
          ],
          [
            -52.195203,
            -28.429694
          ],
          [
            -52.169489,
            -28.445427
          ],
          [
            -52.139566,
            -28.48318
          ],
          [
            -52.095292,
            -28.540292
          ]
        ],
        "type": "LineString"
      },
      "properties": {
        "AGE_NOME": "COMPANHIA DE GERA\u00c7\u00c3O E TRANSMISS\u00c3O DE ENERGIA EL\u00c9TRICA DO SUL D",
        "DTENTRADA": 1668556800000,
        "DTPAR": 1454198400000,
        "DTPREVISTA": 1652400000000,
        "EQP_ID": "RSPFU-2VMA-1        ",
        "EXT": 137,
        "INS_ID": "RSPFU ",
        "NOMELONGO": "LT  230 kV PASSO FUNDO          / VILA MARIA           C 1  RS          ",
        "NOMEREDE": "BASICA         ",
        "NUMDOC": "004/2018  ",
        "OBJECTID": 224,
        "R": 2.673,
        "S": 23.352,
        "SHAPE.STLength()": 1.199180198661083,
        "STR_DTENTRADA": "16/11/2022",
        "STR_DTPAR": "31/01/2016",
        "STR_DTPREVISTA": "13/05/2022",
        "TPCPR_ID": null,
        "TPEQP_ID": "LTR",
        "VAL_CAPACOPERCOMFATORCD": 733,
        "VAL_CAPACOPERLD": 582,
        "VAL_CAPACOPERSEMFATORCD": 733,
        "VAL_CORRPROJETOLD": 582,
        "VAL_FATORLIMITANTECD": "",
        "VAL_FATORLIMITANTELD": "",
        "VN": 230,
        "X": 13.379
      },
      "type": "Feature"
    },
    {
      "geometry": {
        "coordinates": [
          [
            -52.093615,
            -28.540953
          ],
          [
            -51.941388,
            -28.624758
          ],
          [
            -51.848271,
            -28.675981
          ],
          [
            -51.737514,
            -28.736877
          ],
          [
            -51.677656,
            -28.77321
          ],
          [
            -51.626472,
            -28.810093
          ],
          [
            -51.612672,
            -28.805489
          ],
          [
            -51.612672,
            -28.805489
          ],
          [
            -51.612297,
            -28.805364
          ]
        ],
        "type": "LineString"
      },
      "properties": {
        "AGE_NOME": "COMPANHIA DE GERA\u00c7\u00c3O E TRANSMISS\u00c3O DE ENERGIA EL\u00c9TRICA DO SUL D",
        "DTENTRADA": 1670112000000,
        "DTPAR": 1454198400000,
        "DTPREVISTA": 1652400000000,
        "EQP_ID": "RSNPR22VMA-2        ",
        "EXT": 60.06,
        "INS_ID": "RSNPR2",
        "NOMELONGO": "LT  230 kV NOVA PRATA 2         / VILA MARIA           C 2  RS          ",
        "NOMEREDE": "BASICA         ",
        "NUMDOC": "004/2018  ",
        "OBJECTID": 225,
        "R": 1.177,
        "S": 10.195,
        "SHAPE.STLength()": 0.5544939493208135,
        "STR_DTENTRADA": "04/12/2022",
        "STR_DTPAR": "31/01/2016",
        "STR_DTPREVISTA": "13/05/2022",
        "TPCPR_ID": null,
        "TPEQP_ID": "LTR",
        "VAL_CAPACOPERCOMFATORCD": 733,
        "VAL_CAPACOPERLD": 582,
        "VAL_CAPACOPERSEMFATORCD": 733,
        "VAL_CORRPROJETOLD": 582,
        "VAL_FATORLIMITANTECD": "",
        "VAL_FATORLIMITANTELD": "",
        "VN": 230,
        "X": 5.845
      },
      "type": "Feature"
    },
    {
      "geometry": {
        "coordinates": [
          [
            -52.735105,
            -27.555208
          ],
          [
            -52.39374,
            -28.309094
          ],
          [
            -52.3153,
            -28.370075
          ],
          [
            -52.228699,
            -28.418981
          ],
          [
            -52.188585,
            -28.461047
          ],
          [
            -52.161176,
            -28.489781
          ],
          [
            -52.095682,
            -28.54061
          ],
          [
            -52.095682,
            -28.54061
          ],
          [
            -52.095676,
            -28.540615
          ]
        ],
        "type": "LineString"
      },
      "properties": {
        "AGE_NOME": "COMPANHIA DE GERA\u00c7\u00c3O E TRANSMISS\u00c3O DE ENERGIA EL\u00c9TRICA DO SUL D",
        "DTENTRADA": 1670112000000,
        "DTPAR": 1454198400000,
        "DTPREVISTA": 1652400000000,
        "EQP_ID": "RSPFU-2VMA-2        ",
        "EXT": 137,
        "INS_ID": "RSPFU ",
        "NOMELONGO": "LT  230 kV PASSO FUNDO          / VILA MARIA           C 2  RS          ",
        "NOMEREDE": "BASICA         ",
        "NUMDOC": "004/2018  ",
        "OBJECTID": 226,
        "R": 2.684,
        "S": 23.119,
        "SHAPE.STLength()": 1.2071308489853458,
        "STR_DTENTRADA": "04/12/2022",
        "STR_DTPAR": "31/01/2016",
        "STR_DTPREVISTA": "13/05/2022",
        "TPCPR_ID": null,
        "TPEQP_ID": "LTR",
        "VAL_CAPACOPERCOMFATORCD": 733,
        "VAL_CAPACOPERLD": 582,
        "VAL_CAPACOPERSEMFATORCD": 733,
        "VAL_CORRPROJETOLD": 582,
        "VAL_FATORLIMITANTECD": "",
        "VAL_FATORLIMITANTELD": "",
        "VN": 230,
        "X": 13.529
      },
      "type": "Feature"
    },
    {
      "geometry": {
        "coordinates": [
          [
            -51.170063,
            -30.015925
          ],
          [
            -51.14155,
            -30.008589
          ]
        ],
        "type": "LineString"
      },
      "properties": {
        "AGE_NOME": "CPFL TRANSMISS\u00c3O DE ENERGIA SUL II LTDA.                       ",
        "DTENTRADA": 1662076800000,
        "DTPAR": 1393545600000,
        "DTPREVISTA": 1711065600000,
        "EQP_ID": "RSPA012PAL81        ",
        "EXT": 4.26,
        "INS_ID": "RSPA01",
        "NOMELONGO": "LT  230 kV PORTOALEGRE 1        / PORTO ALEGRE8        C 1  RS          ",
        "NOMEREDE": "BASICA         ",
        "NUMDOC": "004/2018  ",
        "OBJECTID": 227,
        "R": 0.02,
        "S": 17.7,
        "SHAPE.STLength()": 0.02944205579103759,
        "STR_DTENTRADA": "02/09/2022",
        "STR_DTPAR": "28/02/2014",
        "STR_DTPREVISTA": "22/03/2024",
        "TPCPR_ID": null,
        "TPEQP_ID": "LTR",
        "VAL_CAPACOPERCOMFATORCD": 1205,
        "VAL_CAPACOPERLD": 910,
        "VAL_CAPACOPERSEMFATORCD": 1205,
        "VAL_CORRPROJETOLD": 910,
        "VAL_FATORLIMITANTECD": "",
        "VAL_FATORLIMITANTELD": "",
        "VN": 230,
        "X": 0.155
      },
      "type": "Feature"
    },
    {
      "geometry": {
        "coordinates": [
          [
            -51.170063,
            -30.015925
          ],
          [
            -51.14155,
            -30.008589
          ]
        ],
        "type": "LineString"
      },
      "properties": {
        "AGE_NOME": "CPFL TRANSMISS\u00c3O DE ENERGIA SUL II LTDA.                       ",
        "DTENTRADA": 1662076800000,
        "DTPAR": 1393545600000,
        "DTPREVISTA": 1711065600000,
        "EQP_ID": "RSPA012PAL81        ",
        "EXT": 4.26,
        "INS_ID": "RSPA01",
        "NOMELONGO": "LT  230 kV PORTOALEGRE 1        / PORTO ALEGRE8        C 1  RS          ",
        "NOMEREDE": "BASICA         ",
        "NUMDOC": "004/2018  ",
        "OBJECTID": 228,
        "R": 0.02,
        "S": 17.7,
        "SHAPE.STLength()": 0.02944205579103759,
        "STR_DTENTRADA": "02/09/2022",
        "STR_DTPAR": "28/02/2014",
        "STR_DTPREVISTA": "22/03/2024",
        "TPCPR_ID": null,
        "TPEQP_ID": "LTR",
        "VAL_CAPACOPERCOMFATORCD": 1205,
        "VAL_CAPACOPERLD": 910,
        "VAL_CAPACOPERSEMFATORCD": 1205,
        "VAL_CORRPROJETOLD": 910,
        "VAL_FATORLIMITANTECD": "",
        "VAL_FATORLIMITANTELD": "",
        "VN": 230,
        "X": 0.155
      },
      "type": "Feature"
    },
    {
      "geometry": {
        "coordinates": [
          [
            -51.172853,
            -30.042489
          ],
          [
            -51.171117,
            -30.017081
          ]
        ],
        "type": "LineString"
      },
      "properties": {
        "AGE_NOME": "CPFL TRANSMISS\u00c3O DE ENERGIA SUL II LTDA.                       ",
        "DTENTRADA": 1662076800000,
        "DTPAR": 1393545600000,
        "DTPREVISTA": 1711065600000,
        "EQP_ID": "RSPA012JBO-1        ",
        "EXT": 3.57,
        "INS_ID": "RSPA01",
        "NOMELONGO": "LT  230 kV PORTOALEGRE 1        / JARDIM BOTANICO      C 1  RS          ",
        "NOMEREDE": "BASICA         ",
        "NUMDOC": "004/2018  ",
        "OBJECTID": 229,
        "R": 0.017,
        "S": 14.8,
        "SHAPE.STLength()": 0.025467430927188946,
        "STR_DTENTRADA": "02/09/2022",
        "STR_DTPAR": "28/02/2014",
        "STR_DTPREVISTA": "22/03/2024",
        "TPCPR_ID": null,
        "TPEQP_ID": "LTR",
        "VAL_CAPACOPERCOMFATORCD": 1205,
        "VAL_CAPACOPERLD": 910,
        "VAL_CAPACOPERSEMFATORCD": 1205,
        "VAL_CORRPROJETOLD": 910,
        "VAL_FATORLIMITANTECD": "",
        "VAL_FATORLIMITANTELD": "",
        "VN": 230,
        "X": 0.13
      },
      "type": "Feature"
    },
    {
      "geometry": {
        "coordinates": [
          [
            -51.172853,
            -30.042489
          ],
          [
            -51.171117,
            -30.017081
          ]
        ],
        "type": "LineString"
      },
      "properties": {
        "AGE_NOME": "CPFL TRANSMISS\u00c3O DE ENERGIA SUL II LTDA.                       ",
        "DTENTRADA": 1662076800000,
        "DTPAR": 1393545600000,
        "DTPREVISTA": 1711065600000,
        "EQP_ID": "RSPA012JBO-1        ",
        "EXT": 3.57,
        "INS_ID": "RSPA01",
        "NOMELONGO": "LT  230 kV PORTOALEGRE 1        / JARDIM BOTANICO      C 1  RS          ",
        "NOMEREDE": "BASICA         ",
        "NUMDOC": "004/2018  ",
        "OBJECTID": 230,
        "R": 0.017,
        "S": 14.8,
        "SHAPE.STLength()": 0.025467430927188946,
        "STR_DTENTRADA": "02/09/2022",
        "STR_DTPAR": "28/02/2014",
        "STR_DTPREVISTA": "22/03/2024",
        "TPCPR_ID": null,
        "TPEQP_ID": "LTR",
        "VAL_CAPACOPERCOMFATORCD": 1205,
        "VAL_CAPACOPERLD": 910,
        "VAL_CAPACOPERSEMFATORCD": 1205,
        "VAL_CORRPROJETOLD": 910,
        "VAL_FATORLIMITANTECD": "",
        "VAL_FATORLIMITANTELD": "",
        "VN": 230,
        "X": 0.13
      },
      "type": "Feature"
    },
    {
      "geometry": {
        "coordinates": [
          [
            -53.689396,
            -31.568158
          ],
          [
            -53.679819,
            -31.562976
          ],
          [
            -53.650764,
            -31.566645
          ],
          [
            -53.650657,
            -31.563247
          ],
          [
            -53.65043,
            -31.555999
          ],
          [
            -53.649904,
            -31.539232
          ],
          [
            -53.64915,
            -31.515166
          ],
          [
            -53.570647,
            -31.434425
          ],
          [
            -52.016841,
            -30.813785
          ],
          [
            -51.569855,
            -30.048457
          ],
          [
            -51.558937,
            -30.046077
          ]
        ],
        "type": "LineString"
      },
      "properties": {
        "AGE_NOME": "CHIMARR\u00c3O TRANSMISSORA DE ENERGIA S.A.                         ",
        "DTENTRADA": 1643241600000,
        "DTPAR": 1393545600000,
        "DTPREVISTA": 1638230400000,
        "EQP_ID": "RSCTA-5GUA32        ",
        "EXT": 279,
        "INS_ID": "RSCTA2",
        "NOMELONGO": "LT  525 kV CANDIOTA 2           / GUAIBA 3             C 2  RS          ",
        "NOMEREDE": "BASICA         ",
        "NUMDOC": "004/2018  ",
        "OBJECTID": 231,
        "R": 0.165,
        "S": 426.5,
        "SHAPE.STLength()": 2.774938526800501,
        "STR_DTENTRADA": "27/01/2022",
        "STR_DTPAR": "28/02/2014",
        "STR_DTPREVISTA": "30/11/2021",
        "TPCPR_ID": null,
        "TPEQP_ID": "LTR",
        "VAL_CAPACOPERCOMFATORCD": 4495,
        "VAL_CAPACOPERLD": 3845,
        "VAL_CAPACOPERSEMFATORCD": 4495,
        "VAL_CORRPROJETOLD": 3845,
        "VAL_FATORLIMITANTECD": "",
        "VAL_FATORLIMITANTELD": "",
        "VN": 525,
        "X": 2.872
      },
      "type": "Feature"
    },
    {
      "geometry": {
        "coordinates": [
          [
            -53.689396,
            -31.568158
          ],
          [
            -53.679819,
            -31.562976
          ],
          [
            -53.650764,
            -31.566645
          ],
          [
            -53.650657,
            -31.563247
          ],
          [
            -53.65043,
            -31.555999
          ],
          [
            -53.649904,
            -31.539232
          ],
          [
            -53.64915,
            -31.515166
          ],
          [
            -53.570647,
            -31.434425
          ],
          [
            -52.016841,
            -30.813785
          ],
          [
            -51.569855,
            -30.048457
          ],
          [
            -51.558937,
            -30.046077
          ]
        ],
        "type": "LineString"
      },
      "properties": {
        "AGE_NOME": "CHIMARR\u00c3O TRANSMISSORA DE ENERGIA S.A.                         ",
        "DTENTRADA": 1643241600000,
        "DTPAR": 1393545600000,
        "DTPREVISTA": 1638230400000,
        "EQP_ID": "RSCTA-5GUA32        ",
        "EXT": 279,
        "INS_ID": "RSCTA2",
        "NOMELONGO": "LT  525 kV CANDIOTA 2           / GUAIBA 3             C 2  RS          ",
        "NOMEREDE": "BASICA         ",
        "NUMDOC": "004/2018  ",
        "OBJECTID": 232,
        "R": 0.165,
        "S": 426.5,
        "SHAPE.STLength()": 2.774938526800501,
        "STR_DTENTRADA": "27/01/2022",
        "STR_DTPAR": "28/02/2014",
        "STR_DTPREVISTA": "30/11/2021",
        "TPCPR_ID": null,
        "TPEQP_ID": "LTR",
        "VAL_CAPACOPERCOMFATORCD": 4000,
        "VAL_CAPACOPERLD": 3845,
        "VAL_CAPACOPERSEMFATORCD": 4000,
        "VAL_CORRPROJETOLD": 3845,
        "VAL_FATORLIMITANTECD": "",
        "VAL_FATORLIMITANTELD": "",
        "VN": 525,
        "X": 2.872
      },
      "type": "Feature"
    },
    {
      "geometry": {
        "coordinates": [
          [
            -53.689245,
            -31.568771
          ],
          [
            -53.640775,
            -31.574932
          ],
          [
            -53.640612,
            -31.566965
          ],
          [
            -53.640414,
            -31.557376
          ],
          [
            -53.639962,
            -31.535373
          ],
          [
            -53.639607,
            -31.518138
          ],
          [
            -53.56638,
            -31.443429
          ],
          [
            -52.0087,
            -30.823546
          ],
          [
            -51.558399,
            -30.046663
          ]
        ],
        "type": "LineString"
      },
      "properties": {
        "AGE_NOME": "CHIMARR\u00c3O TRANSMISSORA DE ENERGIA S.A.                         ",
        "DTENTRADA": 1643241600000,
        "DTPAR": 1393545600000,
        "DTPREVISTA": 1638230400000,
        "EQP_ID": "RSCTA-5GUA31        ",
        "EXT": 279,
        "INS_ID": "RSCTA2",
        "NOMELONGO": "LT  525 kV CANDIOTA 2           / GUAIBA 3             C 1  RS          ",
        "NOMEREDE": "BASICA         ",
        "NUMDOC": "004/2018  ",
        "OBJECTID": 233,
        "R": 0.166,
        "S": 426.6,
        "SHAPE.STLength()": 2.78472056726821,
        "STR_DTENTRADA": "27/01/2022",
        "STR_DTPAR": "28/02/2014",
        "STR_DTPREVISTA": "30/11/2021",
        "TPCPR_ID": null,
        "TPEQP_ID": "LTR",
        "VAL_CAPACOPERCOMFATORCD": 4495,
        "VAL_CAPACOPERLD": 3845,
        "VAL_CAPACOPERSEMFATORCD": 4495,
        "VAL_CORRPROJETOLD": 3845,
        "VAL_FATORLIMITANTECD": "",
        "VAL_FATORLIMITANTELD": "",
        "VN": 525,
        "X": 2.87
      },
      "type": "Feature"
    },
    {
      "geometry": {
        "coordinates": [
          [
            -53.689245,
            -31.568771
          ],
          [
            -53.640775,
            -31.574932
          ],
          [
            -53.640612,
            -31.566965
          ],
          [
            -53.640414,
            -31.557376
          ],
          [
            -53.639962,
            -31.535373
          ],
          [
            -53.639607,
            -31.518138
          ],
          [
            -53.56638,
            -31.443429
          ],
          [
            -52.0087,
            -30.823546
          ],
          [
            -51.558399,
            -30.046663
          ]
        ],
        "type": "LineString"
      },
      "properties": {
        "AGE_NOME": "CHIMARR\u00c3O TRANSMISSORA DE ENERGIA S.A.                         ",
        "DTENTRADA": 1643241600000,
        "DTPAR": 1393545600000,
        "DTPREVISTA": 1638230400000,
        "EQP_ID": "RSCTA-5GUA31        ",
        "EXT": 279,
        "INS_ID": "RSCTA2",
        "NOMELONGO": "LT  525 kV CANDIOTA 2           / GUAIBA 3             C 1  RS          ",
        "NOMEREDE": "BASICA         ",
        "NUMDOC": "004/2018  ",
        "OBJECTID": 234,
        "R": 0.166,
        "S": 426.6,
        "SHAPE.STLength()": 2.78472056726821,
        "STR_DTENTRADA": "27/01/2022",
        "STR_DTPAR": "28/02/2014",
        "STR_DTPREVISTA": "30/11/2021",
        "TPCPR_ID": null,
        "TPEQP_ID": "LTR",
        "VAL_CAPACOPERCOMFATORCD": 4000,
        "VAL_CAPACOPERLD": 3845,
        "VAL_CAPACOPERSEMFATORCD": 4000,
        "VAL_CORRPROJETOLD": 3845,
        "VAL_FATORLIMITANTECD": "",
        "VAL_FATORLIMITANTELD": "",
        "VN": 525,
        "X": 2.87
      },
      "type": "Feature"
    },
    {
      "geometry": {
        "coordinates": [
          [
            -51.062198,
            -30.035717
          ],
          [
            -50.452532,
            -30.152032
          ]
        ],
        "type": "LineString"
      },
      "properties": {
        "AGE_NOME": "PAMPA TRANSMISS\u00c3O DE ENERGIA S.A.                              ",
        "DTENTRADA": 1688342400000,
        "DTPAR": 1393545600000,
        "DTPREVISTA": 1689984000000,
        "EQP_ID": "RSCAP-2VIA31        ",
        "EXT": 73.75,
        "INS_ID": "RSCAP ",
        "NOMELONGO": "LT  230 kV CAPIVARI SUL         / VIAMAO 3             C 1  RS          ",
        "NOMEREDE": "BASICA         ",
        "NUMDOC": "004/2018  ",
        "OBJECTID": 235,
        "R": 0.581,
        "S": 18.5,
        "SHAPE.STLength()": 0.6206621959600978,
        "STR_DTENTRADA": "03/07/2023",
        "STR_DTPAR": "28/02/2014",
        "STR_DTPREVISTA": "22/07/2023",
        "TPCPR_ID": null,
        "TPEQP_ID": "LTR",
        "VAL_CAPACOPERCOMFATORCD": 1765,
        "VAL_CAPACOPERLD": 1435,
        "VAL_CAPACOPERSEMFATORCD": 1765,
        "VAL_CORRPROJETOLD": 1435,
        "VAL_FATORLIMITANTECD": "",
        "VAL_FATORLIMITANTELD": "",
        "VN": 230,
        "X": 4.838
      },
      "type": "Feature"
    },
    {
      "geometry": {
        "coordinates": [
          [
            -51.062198,
            -30.035717
          ],
          [
            -50.452532,
            -30.152032
          ]
        ],
        "type": "LineString"
      },
      "properties": {
        "AGE_NOME": "PAMPA TRANSMISS\u00c3O DE ENERGIA S.A.                              ",
        "DTENTRADA": 1688342400000,
        "DTPAR": 1393545600000,
        "DTPREVISTA": 1689984000000,
        "EQP_ID": "RSCAP-2VIA31        ",
        "EXT": 73.75,
        "INS_ID": "RSCAP ",
        "NOMELONGO": "LT  230 kV CAPIVARI SUL         / VIAMAO 3             C 1  RS          ",
        "NOMEREDE": "BASICA         ",
        "NUMDOC": "004/2018  ",
        "OBJECTID": 236,
        "R": 0.581,
        "S": 18.5,
        "SHAPE.STLength()": 0.6206621959600978,
        "STR_DTENTRADA": "03/07/2023",
        "STR_DTPAR": "28/02/2014",
        "STR_DTPREVISTA": "22/07/2023",
        "TPCPR_ID": null,
        "TPEQP_ID": "LTR",
        "VAL_CAPACOPERCOMFATORCD": 1765,
        "VAL_CAPACOPERLD": 1435,
        "VAL_CAPACOPERSEMFATORCD": 1765,
        "VAL_CORRPROJETOLD": 1435,
        "VAL_FATORLIMITANTECD": "",
        "VAL_FATORLIMITANTELD": "",
        "VN": 230,
        "X": 4.838
      },
      "type": "Feature"
    },
    {
      "geometry": {
        "coordinates": [
          [
            -55.757435,
            -30.785371
          ],
          [
            -55.572916,
            -30.677082
          ],
          [
            -53.87669,
            -29.681614
          ]
        ],
        "type": "LineString"
      },
      "properties": {
        "AGE_NOME": "TRANSMISSORA ALIAN\u00c7A DE ENERGIA EL\u00c9TRICA S A                   ",
        "DTENTRADA": 1682985600000,
        "DTPAR": 1393545600000,
        "DTPREVISTA": 1711065600000,
        "EQP_ID": "RSLIV32SMA31        ",
        "EXT": 247,
        "INS_ID": "RSLIV3",
        "NOMELONGO": "LT  230 kV LIVRAMENTO 3         / SANTA MARIA 3        C 1  RS          ",
        "NOMEREDE": "BASICA         ",
        "NUMDOC": "004/2018  ",
        "OBJECTID": 237,
        "R": 1.705,
        "S": 56,
        "SHAPE.STLength()": 2.180706681687044,
        "STR_DTENTRADA": "02/05/2023",
        "STR_DTPAR": "28/02/2014",
        "STR_DTPREVISTA": "22/03/2024",
        "TPCPR_ID": null,
        "TPEQP_ID": "LTR",
        "VAL_CAPACOPERCOMFATORCD": 1700,
        "VAL_CAPACOPERLD": 1380,
        "VAL_CAPACOPERSEMFATORCD": 1700,
        "VAL_CORRPROJETOLD": 1380,
        "VAL_FATORLIMITANTECD": "",
        "VAL_FATORLIMITANTELD": "",
        "VN": 230,
        "X": 14.733
      },
      "type": "Feature"
    },
    {
      "geometry": {
        "coordinates": [
          [
            -55.757435,
            -30.785371
          ],
          [
            -55.572916,
            -30.677082
          ],
          [
            -53.87669,
            -29.681614
          ]
        ],
        "type": "LineString"
      },
      "properties": {
        "AGE_NOME": "TRANSMISSORA ALIAN\u00c7A DE ENERGIA EL\u00c9TRICA S A                   ",
        "DTENTRADA": 1682985600000,
        "DTPAR": 1393545600000,
        "DTPREVISTA": 1711065600000,
        "EQP_ID": "RSLIV32SMA31        ",
        "EXT": 247,
        "INS_ID": "RSLIV3",
        "NOMELONGO": "LT  230 kV LIVRAMENTO 3         / SANTA MARIA 3        C 1  RS          ",
        "NOMEREDE": "BASICA         ",
        "NUMDOC": "004/2018  ",
        "OBJECTID": 238,
        "R": 1.705,
        "S": 56,
        "SHAPE.STLength()": 2.180706681687044,
        "STR_DTENTRADA": "02/05/2023",
        "STR_DTPAR": "28/02/2014",
        "STR_DTPREVISTA": "22/03/2024",
        "TPCPR_ID": null,
        "TPEQP_ID": "LTR",
        "VAL_CAPACOPERCOMFATORCD": 1700,
        "VAL_CAPACOPERLD": 1380,
        "VAL_CAPACOPERSEMFATORCD": 1700,
        "VAL_CORRPROJETOLD": 1380,
        "VAL_FATORLIMITANTECD": "",
        "VAL_FATORLIMITANTELD": "",
        "VN": 230,
        "X": 14.733
      },
      "type": "Feature"
    },
    {
      "geometry": {
        "coordinates": [
          [
            -55.758284,
            -30.784977
          ],
          [
            -55.742313,
            -29.832662
          ],
          [
            -55.723081,
            -29.778084
          ]
        ],
        "type": "LineString"
      },
      "properties": {
        "AGE_NOME": "TRANSMISSORA ALIAN\u00c7A DE ENERGIA EL\u00c9TRICA S A                   ",
        "DTENTRADA": 1648339200000,
        "DTPAR": 1393545600000,
        "DTPREVISTA": 1711065600000,
        "EQP_ID": "RSALE22LIV31        ",
        "EXT": 125,
        "INS_ID": "RSALE2",
        "NOMELONGO": "LT  230 kV ALEGRETE2            / LIVRAMENTO 3         C 1  RS          ",
        "NOMEREDE": "BASICA         ",
        "NUMDOC": "004/2018  ",
        "OBJECTID": 239,
        "R": 0.946,
        "S": 30.1,
        "SHAPE.STLength()": 1.010315507572016,
        "STR_DTENTRADA": "27/03/2022",
        "STR_DTPAR": "28/02/2014",
        "STR_DTPREVISTA": "22/03/2024",
        "TPCPR_ID": null,
        "TPEQP_ID": "LTR",
        "VAL_CAPACOPERCOMFATORCD": 1700,
        "VAL_CAPACOPERLD": 1380,
        "VAL_CAPACOPERSEMFATORCD": 1700,
        "VAL_CORRPROJETOLD": 1380,
        "VAL_FATORLIMITANTECD": "",
        "VAL_FATORLIMITANTELD": "",
        "VN": 230,
        "X": 8.188
      },
      "type": "Feature"
    },
    {
      "geometry": {
        "coordinates": [
          [
            -55.758284,
            -30.784977
          ],
          [
            -55.742313,
            -29.832662
          ],
          [
            -55.723081,
            -29.778084
          ]
        ],
        "type": "LineString"
      },
      "properties": {
        "AGE_NOME": "TRANSMISSORA ALIAN\u00c7A DE ENERGIA EL\u00c9TRICA S A                   ",
        "DTENTRADA": 1648339200000,
        "DTPAR": 1393545600000,
        "DTPREVISTA": 1711065600000,
        "EQP_ID": "RSALE22LIV31        ",
        "EXT": 125,
        "INS_ID": "RSALE2",
        "NOMELONGO": "LT  230 kV ALEGRETE2            / LIVRAMENTO 3         C 1  RS          ",
        "NOMEREDE": "BASICA         ",
        "NUMDOC": "004/2018  ",
        "OBJECTID": 240,
        "R": 0.946,
        "S": 30.1,
        "SHAPE.STLength()": 1.010315507572016,
        "STR_DTENTRADA": "27/03/2022",
        "STR_DTPAR": "28/02/2014",
        "STR_DTPREVISTA": "22/03/2024",
        "TPCPR_ID": null,
        "TPEQP_ID": "LTR",
        "VAL_CAPACOPERCOMFATORCD": 1700,
        "VAL_CAPACOPERLD": 1380,
        "VAL_CAPACOPERSEMFATORCD": 1700,
        "VAL_CORRPROJETOLD": 1380,
        "VAL_FATORLIMITANTECD": "",
        "VAL_FATORLIMITANTELD": "",
        "VN": 230,
        "X": 8.188
      },
      "type": "Feature"
    },
    {
      "geometry": {
        "coordinates": [
          [
            -51.557088,
            -30.046381
          ],
          [
            -51.503875,
            -30.07935
          ],
          [
            -51.499134,
            -30.082287
          ],
          [
            -51.476561,
            -30.094496
          ],
          [
            -51.434302,
            -30.117353
          ],
          [
            -51.382737,
            -30.129654
          ]
        ],
        "type": "LineString"
      },
      "properties": {
        "AGE_NOME": "CHIMARR\u00c3O TRANSMISSORA DE ENERGIA S.A.                         ",
        "DTENTRADA": 1648425600000,
        "DTPAR": 1393545600000,
        "DTPREVISTA": 1624320000000,
        "EQP_ID": "RSGUA22GUA32        ",
        "EXT": 19.23,
        "INS_ID": "RSGUA2",
        "NOMELONGO": "LT  230 kV GUAIBA 2             / GUAIBA 3             C 2  RS          ",
        "NOMEREDE": "BASICA         ",
        "NUMDOC": "004/2018  ",
        "OBJECTID": 241,
        "R": 0.122,
        "S": 5.6,
        "SHAPE.STLength()": 0.19489536944881428,
        "STR_DTENTRADA": "28/03/2022",
        "STR_DTPAR": "28/02/2014",
        "STR_DTPREVISTA": "22/06/2021",
        "TPCPR_ID": null,
        "TPEQP_ID": "LTR",
        "VAL_CAPACOPERCOMFATORCD": 2050,
        "VAL_CAPACOPERLD": 1725,
        "VAL_CAPACOPERSEMFATORCD": 2050,
        "VAL_CORRPROJETOLD": 1725,
        "VAL_FATORLIMITANTECD": "",
        "VAL_FATORLIMITANTELD": "",
        "VN": 230,
        "X": 1.158
      },
      "type": "Feature"
    },
    {
      "geometry": {
        "coordinates": [
          [
            -51.557088,
            -30.046381
          ],
          [
            -51.503875,
            -30.07935
          ],
          [
            -51.499134,
            -30.082287
          ],
          [
            -51.476561,
            -30.094496
          ],
          [
            -51.434302,
            -30.117353
          ],
          [
            -51.382737,
            -30.129654
          ]
        ],
        "type": "LineString"
      },
      "properties": {
        "AGE_NOME": "CHIMARR\u00c3O TRANSMISSORA DE ENERGIA S.A.                         ",
        "DTENTRADA": 1648425600000,
        "DTPAR": 1393545600000,
        "DTPREVISTA": 1624320000000,
        "EQP_ID": "RSGUA22GUA32        ",
        "EXT": 19.23,
        "INS_ID": "RSGUA2",
        "NOMELONGO": "LT  230 kV GUAIBA 2             / GUAIBA 3             C 2  RS          ",
        "NOMEREDE": "BASICA         ",
        "NUMDOC": "004/2018  ",
        "OBJECTID": 242,
        "R": 0.122,
        "S": 5.6,
        "SHAPE.STLength()": 0.19489536944881428,
        "STR_DTENTRADA": "28/03/2022",
        "STR_DTPAR": "28/02/2014",
        "STR_DTPREVISTA": "22/06/2021",
        "TPCPR_ID": null,
        "TPEQP_ID": "LTR",
        "VAL_CAPACOPERCOMFATORCD": 2050,
        "VAL_CAPACOPERLD": 1725,
        "VAL_CAPACOPERSEMFATORCD": 2050,
        "VAL_CORRPROJETOLD": 1725,
        "VAL_FATORLIMITANTECD": "",
        "VAL_FATORLIMITANTELD": "",
        "VN": 230,
        "X": 1.158
      },
      "type": "Feature"
    },
    {
      "geometry": {
        "coordinates": [
          [
            -51.557052,
            -30.046335
          ],
          [
            -51.502013,
            -30.076133
          ],
          [
            -51.474578,
            -30.090987
          ],
          [
            -51.432377,
            -30.113835
          ],
          [
            -51.382711,
            -30.129584
          ]
        ],
        "type": "LineString"
      },
      "properties": {
        "AGE_NOME": "CHIMARR\u00c3O TRANSMISSORA DE ENERGIA S.A.                         ",
        "DTENTRADA": 1648425600000,
        "DTPAR": 1393545600000,
        "DTPREVISTA": 1624320000000,
        "EQP_ID": "RSGUA22GUA31        ",
        "EXT": 19.23,
        "INS_ID": "RSGUA2",
        "NOMELONGO": "LT  230 kV GUAIBA 2             / GUAIBA 3             C 1  RS          ",
        "NOMEREDE": "BASICA         ",
        "NUMDOC": "004/2018  ",
        "OBJECTID": 243,
        "R": 0.122,
        "S": 4.6,
        "SHAPE.STLength()": 0.19387771002840562,
        "STR_DTENTRADA": "28/03/2022",
        "STR_DTPAR": "28/02/2014",
        "STR_DTPREVISTA": "22/06/2021",
        "TPCPR_ID": null,
        "TPEQP_ID": "LTR",
        "VAL_CAPACOPERCOMFATORCD": 2050,
        "VAL_CAPACOPERLD": 1725,
        "VAL_CAPACOPERSEMFATORCD": 2050,
        "VAL_CORRPROJETOLD": 1725,
        "VAL_FATORLIMITANTECD": "",
        "VAL_FATORLIMITANTELD": "",
        "VN": 230,
        "X": 1.158
      },
      "type": "Feature"
    },
    {
      "geometry": {
        "coordinates": [
          [
            -51.557052,
            -30.046335
          ],
          [
            -51.502013,
            -30.076133
          ],
          [
            -51.474578,
            -30.090987
          ],
          [
            -51.432377,
            -30.113835
          ],
          [
            -51.382711,
            -30.129584
          ]
        ],
        "type": "LineString"
      },
      "properties": {
        "AGE_NOME": "CHIMARR\u00c3O TRANSMISSORA DE ENERGIA S.A.                         ",
        "DTENTRADA": 1648425600000,
        "DTPAR": 1393545600000,
        "DTPREVISTA": 1624320000000,
        "EQP_ID": "RSGUA22GUA31        ",
        "EXT": 19.23,
        "INS_ID": "RSGUA2",
        "NOMELONGO": "LT  230 kV GUAIBA 2             / GUAIBA 3             C 1  RS          ",
        "NOMEREDE": "BASICA         ",
        "NUMDOC": "004/2018  ",
        "OBJECTID": 244,
        "R": 0.122,
        "S": 4.6,
        "SHAPE.STLength()": 0.19387771002840562,
        "STR_DTENTRADA": "28/03/2022",
        "STR_DTPAR": "28/02/2014",
        "STR_DTPREVISTA": "22/06/2021",
        "TPCPR_ID": null,
        "TPEQP_ID": "LTR",
        "VAL_CAPACOPERCOMFATORCD": 2050,
        "VAL_CAPACOPERLD": 1725,
        "VAL_CAPACOPERSEMFATORCD": 2050,
        "VAL_CORRPROJETOLD": 1725,
        "VAL_FATORLIMITANTECD": "",
        "VAL_FATORLIMITANTELD": "",
        "VN": 230,
        "X": 1.158
      },
      "type": "Feature"
    },
    {
      "geometry": {
        "coordinates": [
          [
            -50.983335,
            -29.893542
          ],
          [
            -50.98335,
            -29.886077
          ],
          [
            -50.983371,
            -29.876143
          ],
          [
            -50.983371,
            -29.871146
          ],
          [
            -50.737728,
            -29.871038
          ],
          [
            -50.661108,
            -29.871005
          ],
          [
            -50.49967,
            -29.870934
          ],
          [
            -50.445876,
            -29.870911
          ],
          [
            -50.427668,
            -29.838934
          ],
          [
            -50.42007,
            -29.825591
          ],
          [
            -50.308287,
            -29.885152
          ],
          [
            -50.308281,
            -29.891982
          ],
          [
            -50.308277,
            -29.896323
          ],
          [
            -50.308276,
            -29.897226
          ],
          [
            -50.308273,
            -29.900717
          ]
        ],
        "type": "LineString"
      },
      "properties": {
        "AGE_NOME": "CPFL TRANSMISS\u00c3O DE ENERGIA SUL II LTDA.                       ",
        "DTENTRADA": 1678492800000,
        "DTPAR": 1393545600000,
        "DTPREVISTA": 1711065600000,
        "EQP_ID": "RSGRA32OSO31        ",
        "EXT": 66,
        "INS_ID": "RSGRA3",
        "NOMELONGO": "LT  230 kV GRAVATAI3            / OSORIO 3             C 1  RS          ",
        "NOMEREDE": "BASICA         ",
        "NUMDOC": "004/2018  ",
        "OBJECTID": 245,
        "R": 0.507,
        "S": 16.7,
        "SHAPE.STLength()": 0.75426941149948,
        "STR_DTENTRADA": "11/03/2023",
        "STR_DTPAR": "28/02/2014",
        "STR_DTPREVISTA": "22/03/2024",
        "TPCPR_ID": null,
        "TPEQP_ID": "LTR",
        "VAL_CAPACOPERCOMFATORCD": 1975,
        "VAL_CAPACOPERLD": 1325,
        "VAL_CAPACOPERSEMFATORCD": 1975,
        "VAL_CORRPROJETOLD": 1325,
        "VAL_FATORLIMITANTECD": "",
        "VAL_FATORLIMITANTELD": "",
        "VN": 230,
        "X": 4.313
      },
      "type": "Feature"
    },
    {
      "geometry": {
        "coordinates": [
          [
            -50.983335,
            -29.893542
          ],
          [
            -50.98335,
            -29.886077
          ],
          [
            -50.983371,
            -29.876143
          ],
          [
            -50.983371,
            -29.871146
          ],
          [
            -50.737728,
            -29.871038
          ],
          [
            -50.661108,
            -29.871005
          ],
          [
            -50.49967,
            -29.870934
          ],
          [
            -50.445876,
            -29.870911
          ],
          [
            -50.427668,
            -29.838934
          ],
          [
            -50.42007,
            -29.825591
          ],
          [
            -50.308287,
            -29.885152
          ],
          [
            -50.308281,
            -29.891982
          ],
          [
            -50.308277,
            -29.896323
          ],
          [
            -50.308276,
            -29.897226
          ],
          [
            -50.308273,
            -29.900717
          ]
        ],
        "type": "LineString"
      },
      "properties": {
        "AGE_NOME": "CPFL TRANSMISS\u00c3O DE ENERGIA SUL II LTDA.                       ",
        "DTENTRADA": 1678492800000,
        "DTPAR": 1393545600000,
        "DTPREVISTA": 1711065600000,
        "EQP_ID": "RSGRA32OSO31        ",
        "EXT": 66,
        "INS_ID": "RSGRA3",
        "NOMELONGO": "LT  230 kV GRAVATAI3            / OSORIO 3             C 1  RS          ",
        "NOMEREDE": "BASICA         ",
        "NUMDOC": "004/2018  ",
        "OBJECTID": 246,
        "R": 0.507,
        "S": 16.7,
        "SHAPE.STLength()": 0.75426941149948,
        "STR_DTENTRADA": "11/03/2023",
        "STR_DTPAR": "28/02/2014",
        "STR_DTPREVISTA": "22/03/2024",
        "TPCPR_ID": null,
        "TPEQP_ID": "LTR",
        "VAL_CAPACOPERCOMFATORCD": 1975,
        "VAL_CAPACOPERLD": 1325,
        "VAL_CAPACOPERSEMFATORCD": 1975,
        "VAL_CORRPROJETOLD": 1325,
        "VAL_FATORLIMITANTECD": "",
        "VAL_FATORLIMITANTELD": "",
        "VN": 230,
        "X": 4.313
      },
      "type": "Feature"
    },
    {
      "geometry": {
        "coordinates": [
          [
            -50.309037,
            -29.90117
          ],
          [
            -50.309481,
            -29.900775
          ],
          [
            -50.310687,
            -29.899705
          ],
          [
            -50.314869,
            -29.895984
          ],
          [
            -50.314869,
            -29.895984
          ]
        ],
        "type": "LineString"
      },
      "properties": {
        "AGE_NOME": "CPFL TRANSMISS\u00c3O DE ENERGIA SUL II LTDA.                       ",
        "DTENTRADA": 1678492800000,
        "DTPAR": 1393545600000,
        "DTPREVISTA": 1711065600000,
        "EQP_ID": "RSOSO22OSO31        ",
        "EXT": 4,
        "INS_ID": "RSOSO2",
        "NOMELONGO": "LT  230 kV OSORIO 2             / OSORIO 3             C 1  RS          ",
        "NOMEREDE": "BASICA         ",
        "NUMDOC": "004/2018  ",
        "OBJECTID": 247,
        "R": 0.025,
        "S": 0.2,
        "SHAPE.STLength()": 0.007803637939046831,
        "STR_DTENTRADA": "11/03/2023",
        "STR_DTPAR": "28/02/2014",
        "STR_DTPREVISTA": "22/03/2024",
        "TPCPR_ID": null,
        "TPEQP_ID": "LTR",
        "VAL_CAPACOPERCOMFATORCD": null,
        "VAL_CAPACOPERLD": null,
        "VAL_CAPACOPERSEMFATORCD": null,
        "VAL_CORRPROJETOLD": null,
        "VAL_FATORLIMITANTECD": null,
        "VAL_FATORLIMITANTELD": null,
        "VN": 230,
        "X": 0.123
      },
      "type": "Feature"
    },
    {
      "geometry": {
        "coordinates": [
          [
            -50.309037,
            -29.90117
          ],
          [
            -50.309481,
            -29.900775
          ],
          [
            -50.310687,
            -29.899705
          ],
          [
            -50.314869,
            -29.895984
          ],
          [
            -50.314869,
            -29.895984
          ]
        ],
        "type": "LineString"
      },
      "properties": {
        "AGE_NOME": "CPFL TRANSMISS\u00c3O DE ENERGIA SUL II LTDA.                       ",
        "DTENTRADA": 1678492800000,
        "DTPAR": 1393545600000,
        "DTPREVISTA": 1711065600000,
        "EQP_ID": "RSOSO22OSO31        ",
        "EXT": 4,
        "INS_ID": "RSOSO2",
        "NOMELONGO": "LT  230 kV OSORIO 2             / OSORIO 3             C 1  RS          ",
        "NOMEREDE": "BASICA         ",
        "NUMDOC": "004/2018  ",
        "OBJECTID": 248,
        "R": 0.025,
        "S": 0.2,
        "SHAPE.STLength()": 0.007803637939046831,
        "STR_DTENTRADA": "11/03/2023",
        "STR_DTPAR": "28/02/2014",
        "STR_DTPREVISTA": "22/03/2024",
        "TPCPR_ID": null,
        "TPEQP_ID": "LTR",
        "VAL_CAPACOPERCOMFATORCD": 452,
        "VAL_CAPACOPERLD": 377,
        "VAL_CAPACOPERSEMFATORCD": 452,
        "VAL_CORRPROJETOLD": 377,
        "VAL_FATORLIMITANTECD": "",
        "VAL_FATORLIMITANTELD": "",
        "VN": 230,
        "X": 0.123
      },
      "type": "Feature"
    },
    {
      "geometry": {
        "coordinates": [
          [
            -52.99263,
            -33.139275
          ],
          [
            -52.988008,
            -33.139093
          ],
          [
            -52.725513,
            -32.862188
          ],
          [
            -52.470633,
            -32.489092
          ],
          [
            -52.358649,
            -32.041439
          ],
          [
            -52.333711,
            -31.941752
          ],
          [
            -52.335581,
            -31.929029
          ]
        ],
        "type": "LineString"
      },
      "properties": {
        "AGE_NOME": "CHIMARR\u00c3O TRANSMISSORA DE ENERGIA S.A.                         ",
        "DTENTRADA": 1629590400000,
        "DTPAR": 1393545600000,
        "DTPREVISTA": 1638230400000,
        "EQP_ID": "RSMRO25PNO-2        ",
        "EXT": 152,
        "INS_ID": "RSMRO ",
        "NOMELONGO": "LT  525 kV MARMELEIRO 2         / POVO NOVO            C 2  RS          ",
        "NOMEREDE": "BASICA         ",
        "NUMDOC": "004/2018  ",
        "OBJECTID": 249,
        "R": 0.095,
        "S": 221.6,
        "SHAPE.STLength()": 1.4150868454912098,
        "STR_DTENTRADA": "22/08/2021",
        "STR_DTPAR": "28/02/2014",
        "STR_DTPREVISTA": "30/11/2021",
        "TPCPR_ID": null,
        "TPEQP_ID": "LTR",
        "VAL_CAPACOPERCOMFATORCD": 4580,
        "VAL_CAPACOPERLD": 3635,
        "VAL_CAPACOPERSEMFATORCD": 4580,
        "VAL_CORRPROJETOLD": 3635,
        "VAL_FATORLIMITANTECD": "",
        "VAL_FATORLIMITANTELD": "",
        "VN": 525,
        "X": 1.707
      },
      "type": "Feature"
    },
    {
      "geometry": {
        "coordinates": [
          [
            -52.99263,
            -33.139275
          ],
          [
            -52.988008,
            -33.139093
          ],
          [
            -52.725513,
            -32.862188
          ],
          [
            -52.470633,
            -32.489092
          ],
          [
            -52.358649,
            -32.041439
          ],
          [
            -52.333711,
            -31.941752
          ],
          [
            -52.335581,
            -31.929029
          ]
        ],
        "type": "LineString"
      },
      "properties": {
        "AGE_NOME": "CHIMARR\u00c3O TRANSMISSORA DE ENERGIA S.A.                         ",
        "DTENTRADA": 1629590400000,
        "DTPAR": 1393545600000,
        "DTPREVISTA": 1638230400000,
        "EQP_ID": "RSMRO25PNO-2        ",
        "EXT": 152,
        "INS_ID": "RSMRO ",
        "NOMELONGO": "LT  525 kV MARMELEIRO 2         / POVO NOVO            C 2  RS          ",
        "NOMEREDE": "BASICA         ",
        "NUMDOC": "004/2018  ",
        "OBJECTID": 250,
        "R": 0.095,
        "S": 221.6,
        "SHAPE.STLength()": 1.4150868454912098,
        "STR_DTENTRADA": "22/08/2021",
        "STR_DTPAR": "28/02/2014",
        "STR_DTPREVISTA": "30/11/2021",
        "TPCPR_ID": null,
        "TPEQP_ID": "LTR",
        "VAL_CAPACOPERCOMFATORCD": 4000,
        "VAL_CAPACOPERLD": 3635,
        "VAL_CAPACOPERSEMFATORCD": 4000,
        "VAL_CORRPROJETOLD": 3635,
        "VAL_FATORLIMITANTECD": "",
        "VAL_FATORLIMITANTELD": "",
        "VN": 525,
        "X": 1.707
      },
      "type": "Feature"
    },
    {
      "geometry": {
        "coordinates": [
          [
            -53.301163,
            -33.473382
          ],
          [
            -53.295986,
            -33.472708
          ],
          [
            -52.995038,
            -33.146652
          ],
          [
            -52.993862,
            -33.140201
          ]
        ],
        "type": "LineString"
      },
      "properties": {
        "AGE_NOME": "CHIMARR\u00c3O TRANSMISSORA DE ENERGIA S.A.                         ",
        "DTENTRADA": 1629590400000,
        "DTPAR": 1393545600000,
        "DTPREVISTA": 1638230400000,
        "EQP_ID": "RSMRO25SPA22        ",
        "EXT": 48,
        "INS_ID": "RSMRO ",
        "NOMELONGO": "LT  525 kV MARMELEIRO 2         / S V PALMAR 2         C 2  RS          ",
        "NOMEREDE": "BASICA         ",
        "NUMDOC": "004/2018  ",
        "OBJECTID": 251,
        "R": 0.031,
        "S": 69.9,
        "SHAPE.STLength()": 0.4554921922264803,
        "STR_DTENTRADA": "22/08/2021",
        "STR_DTPAR": "28/02/2014",
        "STR_DTPREVISTA": "30/11/2021",
        "TPCPR_ID": null,
        "TPEQP_ID": "LTR",
        "VAL_CAPACOPERCOMFATORCD": 4580,
        "VAL_CAPACOPERLD": 3635,
        "VAL_CAPACOPERSEMFATORCD": 4580,
        "VAL_CORRPROJETOLD": 3635,
        "VAL_FATORLIMITANTECD": "",
        "VAL_FATORLIMITANTELD": "",
        "VN": 525,
        "X": 0.544
      },
      "type": "Feature"
    },
    {
      "geometry": {
        "coordinates": [
          [
            -53.301163,
            -33.473382
          ],
          [
            -53.295986,
            -33.472708
          ],
          [
            -52.995038,
            -33.146652
          ],
          [
            -52.993862,
            -33.140201
          ]
        ],
        "type": "LineString"
      },
      "properties": {
        "AGE_NOME": "CHIMARR\u00c3O TRANSMISSORA DE ENERGIA S.A.                         ",
        "DTENTRADA": 1629590400000,
        "DTPAR": 1393545600000,
        "DTPREVISTA": 1638230400000,
        "EQP_ID": "RSMRO25SPA22        ",
        "EXT": 48,
        "INS_ID": "RSMRO ",
        "NOMELONGO": "LT  525 kV MARMELEIRO 2         / S V PALMAR 2         C 2  RS          ",
        "NOMEREDE": "BASICA         ",
        "NUMDOC": "004/2018  ",
        "OBJECTID": 252,
        "R": 0.031,
        "S": 69.9,
        "SHAPE.STLength()": 0.4554921922264803,
        "STR_DTENTRADA": "22/08/2021",
        "STR_DTPAR": "28/02/2014",
        "STR_DTPREVISTA": "30/11/2021",
        "TPCPR_ID": null,
        "TPEQP_ID": "LTR",
        "VAL_CAPACOPERCOMFATORCD": 4000,
        "VAL_CAPACOPERLD": 3635,
        "VAL_CAPACOPERSEMFATORCD": 4000,
        "VAL_CORRPROJETOLD": 3635,
        "VAL_FATORLIMITANTECD": "",
        "VAL_FATORLIMITANTELD": "",
        "VN": 525,
        "X": 0.544
      },
      "type": "Feature"
    },
    {
      "geometry": {
        "coordinates": [
          [
            -52.336541,
            -31.927575
          ],
          [
            -52.525299,
            -31.800301
          ],
          [
            -52.476861,
            -31.717333
          ],
          [
            -51.998756,
            -30.898388
          ],
          [
            -51.528997,
            -30.093741
          ],
          [
            -51.55745,
            -30.046656
          ]
        ],
        "type": "LineString"
      },
      "properties": {
        "AGE_NOME": "CHIMARR\u00c3O TRANSMISSORA DE ENERGIA S.A.                         ",
        "DTENTRADA": 1640131200000,
        "DTPAR": 1393545600000,
        "DTPREVISTA": 1638230400000,
        "EQP_ID": "RSGUA35PNO-2        ",
        "EXT": 245,
        "INS_ID": "RSGUA3",
        "NOMELONGO": "LT  525 kV GUAIBA 3             / POVO NOVO            C 2  RS          ",
        "NOMEREDE": "BASICA         ",
        "NUMDOC": "004/2018  ",
        "OBJECTID": 253,
        "R": 0.148,
        "S": 340.3,
        "SHAPE.STLength()": 2.258769652059977,
        "STR_DTENTRADA": "22/12/2021",
        "STR_DTPAR": "28/02/2014",
        "STR_DTPREVISTA": "30/11/2021",
        "TPCPR_ID": null,
        "TPEQP_ID": "LTR",
        "VAL_CAPACOPERCOMFATORCD": 4580,
        "VAL_CAPACOPERLD": 3635,
        "VAL_CAPACOPERSEMFATORCD": 4580,
        "VAL_CORRPROJETOLD": 3635,
        "VAL_FATORLIMITANTECD": "",
        "VAL_FATORLIMITANTELD": "",
        "VN": 525,
        "X": 2.588
      },
      "type": "Feature"
    },
    {
      "geometry": {
        "coordinates": [
          [
            -52.336541,
            -31.927575
          ],
          [
            -52.525299,
            -31.800301
          ],
          [
            -52.476861,
            -31.717333
          ],
          [
            -51.998756,
            -30.898388
          ],
          [
            -51.528997,
            -30.093741
          ],
          [
            -51.55745,
            -30.046656
          ]
        ],
        "type": "LineString"
      },
      "properties": {
        "AGE_NOME": "CHIMARR\u00c3O TRANSMISSORA DE ENERGIA S.A.                         ",
        "DTENTRADA": 1640131200000,
        "DTPAR": 1393545600000,
        "DTPREVISTA": 1638230400000,
        "EQP_ID": "RSGUA35PNO-2        ",
        "EXT": 245,
        "INS_ID": "RSGUA3",
        "NOMELONGO": "LT  525 kV GUAIBA 3             / POVO NOVO            C 2  RS          ",
        "NOMEREDE": "BASICA         ",
        "NUMDOC": "004/2018  ",
        "OBJECTID": 254,
        "R": 0.148,
        "S": 340.3,
        "SHAPE.STLength()": 2.258769652059977,
        "STR_DTENTRADA": "22/12/2021",
        "STR_DTPAR": "28/02/2014",
        "STR_DTPREVISTA": "30/11/2021",
        "TPCPR_ID": null,
        "TPEQP_ID": "LTR",
        "VAL_CAPACOPERCOMFATORCD": 4000,
        "VAL_CAPACOPERLD": 3635,
        "VAL_CAPACOPERSEMFATORCD": 4000,
        "VAL_CORRPROJETOLD": 3635,
        "VAL_FATORLIMITANTECD": "",
        "VAL_FATORLIMITANTELD": "",
        "VN": 525,
        "X": 2.588
      },
      "type": "Feature"
    },
    {
      "geometry": {
        "coordinates": [
          [
            -51.556903,
            -30.045964
          ],
          [
            -51.505105,
            -30.051318
          ],
          [
            -51.433266,
            -29.926286
          ],
          [
            -51.39912,
            -29.866856
          ],
          [
            -51.386062,
            -29.84413
          ],
          [
            -51.382236,
            -29.837471
          ],
          [
            -51.369281,
            -29.814924
          ],
          [
            -51.344747,
            -29.822891
          ]
        ],
        "type": "LineString"
      },
      "properties": {
        "AGE_NOME": "CHIMARR\u00c3O TRANSMISSORA DE ENERGIA S.A.                         ",
        "DTENTRADA": 1640131200000,
        "DTPAR": 1517356800000,
        "DTPREVISTA": 1624320000000,
        "EQP_ID": "RSGUA35NSR-2        ",
        "EXT": 36,
        "INS_ID": "RSGUA3",
        "NOMELONGO": "LT  525 kV GUAIBA 3             / NOVA STA RITA        C 2  RS          ",
        "NOMEREDE": "BASICA         ",
        "NUMDOC": "004/2018  ",
        "OBJECTID": 255,
        "R": 0.026,
        "S": 58.4,
        "SHAPE.STLength()": 0.3505045520989846,
        "STR_DTENTRADA": "22/12/2021",
        "STR_DTPAR": "31/01/2018",
        "STR_DTPREVISTA": "22/06/2021",
        "TPCPR_ID": null,
        "TPEQP_ID": "LTR",
        "VAL_CAPACOPERCOMFATORCD": 4580,
        "VAL_CAPACOPERLD": 3635,
        "VAL_CAPACOPERSEMFATORCD": 4580,
        "VAL_CORRPROJETOLD": 3635,
        "VAL_FATORLIMITANTECD": "",
        "VAL_FATORLIMITANTELD": "",
        "VN": 525,
        "X": 0.453
      },
      "type": "Feature"
    },
    {
      "geometry": {
        "coordinates": [
          [
            -51.556903,
            -30.045964
          ],
          [
            -51.505105,
            -30.051318
          ],
          [
            -51.433266,
            -29.926286
          ],
          [
            -51.39912,
            -29.866856
          ],
          [
            -51.386062,
            -29.84413
          ],
          [
            -51.382236,
            -29.837471
          ],
          [
            -51.369281,
            -29.814924
          ],
          [
            -51.344747,
            -29.822891
          ]
        ],
        "type": "LineString"
      },
      "properties": {
        "AGE_NOME": "CHIMARR\u00c3O TRANSMISSORA DE ENERGIA S.A.                         ",
        "DTENTRADA": 1640131200000,
        "DTPAR": 1517356800000,
        "DTPREVISTA": 1624320000000,
        "EQP_ID": "RSGUA35NSR-2        ",
        "EXT": 36,
        "INS_ID": "RSGUA3",
        "NOMELONGO": "LT  525 kV GUAIBA 3             / NOVA STA RITA        C 2  RS          ",
        "NOMEREDE": "BASICA         ",
        "NUMDOC": "004/2018  ",
        "OBJECTID": 256,
        "R": 0.026,
        "S": 58.4,
        "SHAPE.STLength()": 0.3505045520989846,
        "STR_DTENTRADA": "22/12/2021",
        "STR_DTPAR": "31/01/2018",
        "STR_DTPREVISTA": "22/06/2021",
        "TPCPR_ID": null,
        "TPEQP_ID": "LTR",
        "VAL_CAPACOPERCOMFATORCD": 4000,
        "VAL_CAPACOPERLD": 3635,
        "VAL_CAPACOPERSEMFATORCD": 4000,
        "VAL_CORRPROJETOLD": 3635,
        "VAL_FATORLIMITANTECD": "",
        "VAL_FATORLIMITANTELD": "",
        "VN": 525,
        "X": 0.453
      },
      "type": "Feature"
    },
    {
      "geometry": {
        "coordinates": [
          [
            -51.060502,
            -29.884258
          ],
          [
            -51.006668,
            -29.856067
          ],
          [
            -50.753153,
            -29.855885
          ],
          [
            -50.737728,
            -29.871038
          ],
          [
            -50.728223,
            -29.880377
          ],
          [
            -50.718832,
            -29.889603
          ],
          [
            -50.706402,
            -29.901815
          ],
          [
            -50.452206,
            -30.15155
          ]
        ],
        "type": "LineString"
      },
      "properties": {
        "AGE_NOME": "PAMPA TRANSMISS\u00c3O DE ENERGIA S.A.                              ",
        "DTENTRADA": 1688342400000,
        "DTPAR": 1393545600000,
        "DTPREVISTA": 1689984000000,
        "EQP_ID": "RSCAP-5GRA-1        ",
        "EXT": 78.83,
        "INS_ID": "RSCAP ",
        "NOMELONGO": "LT  525 kV CAPIVARI SUL         / GRAVATAI             C 1  RS          ",
        "NOMEREDE": "BASICA         ",
        "NUMDOC": "004/2018  ",
        "OBJECTID": 257,
        "R": 0.073,
        "S": 113.5,
        "SHAPE.STLength()": 0.7361689105382129,
        "STR_DTENTRADA": "03/07/2023",
        "STR_DTPAR": "28/02/2014",
        "STR_DTPREVISTA": "22/07/2023",
        "TPCPR_ID": null,
        "TPEQP_ID": "LTR",
        "VAL_CAPACOPERCOMFATORCD": 3145,
        "VAL_CAPACOPERLD": 2555,
        "VAL_CAPACOPERSEMFATORCD": 3145,
        "VAL_CORRPROJETOLD": 2555,
        "VAL_FATORLIMITANTECD": "",
        "VAL_FATORLIMITANTELD": "",
        "VN": 525,
        "X": 0.896
      },
      "type": "Feature"
    },
    {
      "geometry": {
        "coordinates": [
          [
            -51.060502,
            -29.884258
          ],
          [
            -51.006668,
            -29.856067
          ],
          [
            -50.753153,
            -29.855885
          ],
          [
            -50.737728,
            -29.871038
          ],
          [
            -50.728223,
            -29.880377
          ],
          [
            -50.718832,
            -29.889603
          ],
          [
            -50.706402,
            -29.901815
          ],
          [
            -50.452206,
            -30.15155
          ]
        ],
        "type": "LineString"
      },
      "properties": {
        "AGE_NOME": "PAMPA TRANSMISS\u00c3O DE ENERGIA S.A.                              ",
        "DTENTRADA": 1688342400000,
        "DTPAR": 1393545600000,
        "DTPREVISTA": 1689984000000,
        "EQP_ID": "RSCAP-5GRA-1        ",
        "EXT": 78.83,
        "INS_ID": "RSCAP ",
        "NOMELONGO": "LT  525 kV CAPIVARI SUL         / GRAVATAI             C 1  RS          ",
        "NOMEREDE": "BASICA         ",
        "NUMDOC": "004/2018  ",
        "OBJECTID": 258,
        "R": 0.073,
        "S": 113.5,
        "SHAPE.STLength()": 0.7361689105382129,
        "STR_DTENTRADA": "03/07/2023",
        "STR_DTPAR": "28/02/2014",
        "STR_DTPREVISTA": "22/07/2023",
        "TPCPR_ID": null,
        "TPEQP_ID": "LTR",
        "VAL_CAPACOPERCOMFATORCD": 3145,
        "VAL_CAPACOPERLD": 2555,
        "VAL_CAPACOPERSEMFATORCD": 3145,
        "VAL_CORRPROJETOLD": 2555,
        "VAL_FATORLIMITANTECD": "",
        "VAL_FATORLIMITANTELD": "",
        "VN": 525,
        "X": 0.896
      },
      "type": "Feature"
    },
    {
      "geometry": {
        "coordinates": [
          [
            -51.557273,
            -30.045162
          ],
          [
            -51.523022,
            -30.009001
          ],
          [
            -51.478924,
            -29.932523
          ],
          [
            -51.436552,
            -29.859039
          ],
          [
            -51.423094,
            -29.835699
          ],
          [
            -51.418588,
            -29.827885
          ],
          [
            -51.393863,
            -29.785005
          ],
          [
            -51.391247,
            -29.780468
          ],
          [
            -51.387566,
            -29.774086
          ],
          [
            -51.38214,
            -29.764675
          ],
          [
            -51.37675,
            -29.755327
          ],
          [
            -51.371223,
            -29.745742
          ],
          [
            -51.351146,
            -29.710923
          ],
          [
            -51.19522,
            -29.722713
          ],
          [
            -51.175829,
            -29.724179
          ],
          [
            -51.161201,
            -29.725285
          ],
          [
            -51.156499,
            -29.72564
          ],
          [
            -51.099015,
            -29.729987
          ],
          [
            -51.069044,
            -29.732087
          ],
          [
            -51.061113,
            -29.732642
          ],
          [
            -51.05903,
            -29.732788
          ],
          [
            -51.057572,
            -29.73289
          ],
          [
            -51.057521,
            -29.732894
          ],
          [
            -51.007078,
            -29.736429
          ],
          [
            -50.747869,
            -29.754591
          ],
          [
            -50.661108,
            -29.871005
          ],
          [
            -50.654171,
            -29.880312
          ],
          [
            -50.646529,
            -29.890566
          ],
          [
            -50.63812,
            -29.901849
          ],
          [
            -50.452083,
            -30.151469
          ]
        ],
        "type": "LineString"
      },
      "properties": {
        "AGE_NOME": "PAMPA TRANSMISS\u00c3O DE ENERGIA S.A.                              ",
        "DTENTRADA": 1714521600000,
        "DTPAR": 1393545600000,
        "DTPREVISTA": 1680048000000,
        "EQP_ID": "RSCAP-5GUA31        ",
        "EXT": 178,
        "INS_ID": "RSCAP ",
        "NOMELONGO": "LT  525 kV CAPIVARI SUL         / GUAIBA 3             C 1  RS          ",
        "NOMEREDE": "BASICA         ",
        "NUMDOC": "004/2018  ",
        "OBJECTID": 259,
        "R": 0.137,
        "S": 214,
        "SHAPE.STLength()": 1.493721598783575,
        "STR_DTENTRADA": "01/05/2024",
        "STR_DTPAR": "28/02/2014",
        "STR_DTPREVISTA": "29/03/2023",
        "TPCPR_ID": null,
        "TPEQP_ID": "LTR",
        "VAL_CAPACOPERCOMFATORCD": 3125,
        "VAL_CAPACOPERLD": 2540,
        "VAL_CAPACOPERSEMFATORCD": 3125,
        "VAL_CORRPROJETOLD": 2540,
        "VAL_FATORLIMITANTECD": "",
        "VAL_FATORLIMITANTELD": "",
        "VN": 525,
        "X": 1.673
      },
      "type": "Feature"
    },
    {
      "geometry": {
        "coordinates": [
          [
            -51.557273,
            -30.045162
          ],
          [
            -51.523022,
            -30.009001
          ],
          [
            -51.478924,
            -29.932523
          ],
          [
            -51.436552,
            -29.859039
          ],
          [
            -51.423094,
            -29.835699
          ],
          [
            -51.418588,
            -29.827885
          ],
          [
            -51.393863,
            -29.785005
          ],
          [
            -51.391247,
            -29.780468
          ],
          [
            -51.387566,
            -29.774086
          ],
          [
            -51.38214,
            -29.764675
          ],
          [
            -51.37675,
            -29.755327
          ],
          [
            -51.371223,
            -29.745742
          ],
          [
            -51.351146,
            -29.710923
          ],
          [
            -51.19522,
            -29.722713
          ],
          [
            -51.175829,
            -29.724179
          ],
          [
            -51.161201,
            -29.725285
          ],
          [
            -51.156499,
            -29.72564
          ],
          [
            -51.099015,
            -29.729987
          ],
          [
            -51.069044,
            -29.732087
          ],
          [
            -51.061113,
            -29.732642
          ],
          [
            -51.05903,
            -29.732788
          ],
          [
            -51.057572,
            -29.73289
          ],
          [
            -51.057521,
            -29.732894
          ],
          [
            -51.007078,
            -29.736429
          ],
          [
            -50.747869,
            -29.754591
          ],
          [
            -50.661108,
            -29.871005
          ],
          [
            -50.654171,
            -29.880312
          ],
          [
            -50.646529,
            -29.890566
          ],
          [
            -50.63812,
            -29.901849
          ],
          [
            -50.452083,
            -30.151469
          ]
        ],
        "type": "LineString"
      },
      "properties": {
        "AGE_NOME": "PAMPA TRANSMISS\u00c3O DE ENERGIA S.A.                              ",
        "DTENTRADA": 1714521600000,
        "DTPAR": 1393545600000,
        "DTPREVISTA": 1680048000000,
        "EQP_ID": "RSCAP-5GUA31        ",
        "EXT": 178,
        "INS_ID": "RSCAP ",
        "NOMELONGO": "LT  525 kV CAPIVARI SUL         / GUAIBA 3             C 1  RS          ",
        "NOMEREDE": "BASICA         ",
        "NUMDOC": "004/2018  ",
        "OBJECTID": 260,
        "R": 0.137,
        "S": 214,
        "SHAPE.STLength()": 1.493721598783575,
        "STR_DTENTRADA": "01/05/2024",
        "STR_DTPAR": "28/02/2014",
        "STR_DTPREVISTA": "29/03/2023",
        "TPCPR_ID": null,
        "TPEQP_ID": "LTR",
        "VAL_CAPACOPERCOMFATORCD": 888,
        "VAL_CAPACOPERLD": 2540,
        "VAL_CAPACOPERSEMFATORCD": 888,
        "VAL_CORRPROJETOLD": 2540,
        "VAL_FATORLIMITANTECD": "",
        "VAL_FATORLIMITANTELD": "",
        "VN": 525,
        "X": 1.673
      },
      "type": "Feature"
    },
    {
      "geometry": {
        "coordinates": [
          [
            -51.061569,
            -29.883834
          ],
          [
            -51.062371,
            -29.879877
          ],
          [
            -51.062386,
            -29.879804
          ],
          [
            -51.062456,
            -29.879454
          ],
          [
            -51.062789,
            -29.87781
          ],
          [
            -51.066859,
            -29.857725
          ],
          [
            -51.089799,
            -29.744509
          ],
          [
            -51.177619,
            -29.737992
          ],
          [
            -51.182375,
            -29.737639
          ],
          [
            -51.215317,
            -29.735195
          ],
          [
            -51.250193,
            -29.732607
          ],
          [
            -51.31542,
            -29.727766
          ],
          [
            -51.344313,
            -29.760737
          ],
          [
            -51.352768,
            -29.770385
          ],
          [
            -51.356428,
            -29.774562
          ],
          [
            -51.359867,
            -29.778486
          ],
          [
            -51.367048,
            -29.78668
          ],
          [
            -51.370264,
            -29.79035
          ],
          [
            -51.384391,
            -29.80647
          ],
          [
            -51.399696,
            -29.832867
          ],
          [
            -51.403875,
            -29.840075
          ],
          [
            -51.417212,
            -29.863078
          ],
          [
            -51.455632,
            -29.929341
          ],
          [
            -51.511254,
            -30.025274
          ],
          [
            -51.557008,
            -30.045451
          ]
        ],
        "type": "LineString"
      },
      "properties": {
        "AGE_NOME": "CHIMARR\u00c3O TRANSMISSORA DE ENERGIA S.A.                         ",
        "DTENTRADA": 1640131200000,
        "DTPAR": 1393545600000,
        "DTPREVISTA": 1624320000000,
        "EQP_ID": "RSGRA-5GUA31        ",
        "EXT": 127,
        "INS_ID": "RSGRA ",
        "NOMELONGO": "LT  525 kV GRAVATAI             / GUAIBA 3             C 1  RS          ",
        "NOMEREDE": "BASICA         ",
        "NUMDOC": "004/2018  ",
        "OBJECTID": 261,
        "R": 0.061,
        "S": 104.8,
        "SHAPE.STLength()": 0.7759720574507059,
        "STR_DTENTRADA": "22/12/2021",
        "STR_DTPAR": "28/02/2014",
        "STR_DTPREVISTA": "22/06/2021",
        "TPCPR_ID": null,
        "TPEQP_ID": "LTR",
        "VAL_CAPACOPERCOMFATORCD": 3115,
        "VAL_CAPACOPERLD": 2530,
        "VAL_CAPACOPERSEMFATORCD": 3115,
        "VAL_CORRPROJETOLD": 2530,
        "VAL_FATORLIMITANTECD": "",
        "VAL_FATORLIMITANTELD": "",
        "VN": 525,
        "X": 0.818
      },
      "type": "Feature"
    },
    {
      "geometry": {
        "coordinates": [
          [
            -51.061569,
            -29.883834
          ],
          [
            -51.062371,
            -29.879877
          ],
          [
            -51.062386,
            -29.879804
          ],
          [
            -51.062456,
            -29.879454
          ],
          [
            -51.062789,
            -29.87781
          ],
          [
            -51.066859,
            -29.857725
          ],
          [
            -51.089799,
            -29.744509
          ],
          [
            -51.177619,
            -29.737992
          ],
          [
            -51.182375,
            -29.737639
          ],
          [
            -51.215317,
            -29.735195
          ],
          [
            -51.250193,
            -29.732607
          ],
          [
            -51.31542,
            -29.727766
          ],
          [
            -51.344313,
            -29.760737
          ],
          [
            -51.352768,
            -29.770385
          ],
          [
            -51.356428,
            -29.774562
          ],
          [
            -51.359867,
            -29.778486
          ],
          [
            -51.367048,
            -29.78668
          ],
          [
            -51.370264,
            -29.79035
          ],
          [
            -51.384391,
            -29.80647
          ],
          [
            -51.399696,
            -29.832867
          ],
          [
            -51.403875,
            -29.840075
          ],
          [
            -51.417212,
            -29.863078
          ],
          [
            -51.455632,
            -29.929341
          ],
          [
            -51.511254,
            -30.025274
          ],
          [
            -51.557008,
            -30.045451
          ]
        ],
        "type": "LineString"
      },
      "properties": {
        "AGE_NOME": "CHIMARR\u00c3O TRANSMISSORA DE ENERGIA S.A.                         ",
        "DTENTRADA": 1640131200000,
        "DTPAR": 1393545600000,
        "DTPREVISTA": 1624320000000,
        "EQP_ID": "RSGRA-5GUA31        ",
        "EXT": 127,
        "INS_ID": "RSGRA ",
        "NOMELONGO": "LT  525 kV GRAVATAI             / GUAIBA 3             C 1  RS          ",
        "NOMEREDE": "BASICA         ",
        "NUMDOC": "004/2018  ",
        "OBJECTID": 262,
        "R": 0.061,
        "S": 104.8,
        "SHAPE.STLength()": 0.7759720574507059,
        "STR_DTENTRADA": "22/12/2021",
        "STR_DTPAR": "28/02/2014",
        "STR_DTPREVISTA": "22/06/2021",
        "TPCPR_ID": null,
        "TPEQP_ID": "LTR",
        "VAL_CAPACOPERCOMFATORCD": 3115,
        "VAL_CAPACOPERLD": 2530,
        "VAL_CAPACOPERSEMFATORCD": 3115,
        "VAL_CORRPROJETOLD": 2530,
        "VAL_FATORLIMITANTECD": "",
        "VAL_FATORLIMITANTELD": "",
        "VN": 525,
        "X": 0.818
      },
      "type": "Feature"
    },
    {
      "geometry": {
        "coordinates": [
          [
            -51.557821,
            -30.044984
          ],
          [
            -51.553812,
            -30.021961
          ],
          [
            -51.542027,
            -30.01158
          ],
          [
            -51.512088,
            -30.006563
          ],
          [
            -51.454547,
            -29.909803
          ],
          [
            -51.38887,
            -29.898784
          ],
          [
            -51.380969,
            -29.879824
          ],
          [
            -51.371712,
            -29.8576
          ],
          [
            -51.344133,
            -29.824056
          ]
        ],
        "type": "LineString"
      },
      "properties": {
        "AGE_NOME": "COMPANHIA DE GERA\u00c7\u00c3O E TRANSMISS\u00c3O DE ENERGIA EL\u00c9TRICA DO SUL D",
        "DTENTRADA": 1672876800000,
        "DTPAR": 1393545600000,
        "DTPREVISTA": 1624320000000,
        "EQP_ID": "RSGUA35NSR-1        ",
        "EXT": 35.68,
        "INS_ID": "RSGUA3",
        "NOMELONGO": "LT  525 kV GUAIBA 3             / NOVA STA RITA        C 1  RS          ",
        "NOMEREDE": "BASICA         ",
        "NUMDOC": "004/2018  ",
        "OBJECTID": 264,
        "R": 0.024,
        "S": 51.6,
        "SHAPE.STLength()": 0.3366426682347533,
        "STR_DTENTRADA": "05/01/2023",
        "STR_DTPAR": "28/02/2014",
        "STR_DTPREVISTA": "22/06/2021",
        "TPCPR_ID": null,
        "TPEQP_ID": "LTR",
        "VAL_CAPACOPERCOMFATORCD": 4580,
        "VAL_CAPACOPERLD": 3635,
        "VAL_CAPACOPERSEMFATORCD": 4580,
        "VAL_CORRPROJETOLD": 3635,
        "VAL_FATORLIMITANTECD": "",
        "VAL_FATORLIMITANTELD": "",
        "VN": 525,
        "X": 0.399
      },
      "type": "Feature"
    },
    {
      "geometry": {
        "coordinates": [
          [
            -51.557628,
            -30.04687
          ],
          [
            -51.532548,
            -30.130643
          ],
          [
            -51.708253,
            -30.423545
          ],
          [
            -51.925297,
            -30.784152
          ],
          [
            -51.996118,
            -31.080591
          ],
          [
            -52.152949,
            -31.339511
          ],
          [
            -52.326038,
            -31.555696
          ],
          [
            -52.276499,
            -31.696865
          ],
          [
            -52.335169,
            -31.926946
          ]
        ],
        "type": "LineString"
      },
      "properties": {
        "AGE_NOME": "COMPANHIA DE GERA\u00c7\u00c3O E TRANSMISS\u00c3O DE ENERGIA EL\u00c9TRICA DO SUL D",
        "DTENTRADA": 1672876800000,
        "DTPAR": 1393545600000,
        "DTPREVISTA": 1624320000000,
        "EQP_ID": "RSGUA35PNO-1        ",
        "EXT": 236.83,
        "INS_ID": "RSGUA3",
        "NOMELONGO": "LT  525 kV GUAIBA 3             / POVO NOVO            C 1  RS          ",
        "NOMEREDE": "BASICA         ",
        "NUMDOC": "004/2018  ",
        "OBJECTID": 265,
        "R": 0.155,
        "S": 347.3,
        "SHAPE.STLength()": 2.121381026422137,
        "STR_DTENTRADA": "05/01/2023",
        "STR_DTPAR": "28/02/2014",
        "STR_DTPREVISTA": "22/06/2021",
        "TPCPR_ID": null,
        "TPEQP_ID": "LTR",
        "VAL_CAPACOPERCOMFATORCD": 4580,
        "VAL_CAPACOPERLD": 3635,
        "VAL_CAPACOPERSEMFATORCD": 4580,
        "VAL_CORRPROJETOLD": 3635,
        "VAL_FATORLIMITANTECD": "",
        "VAL_FATORLIMITANTELD": "",
        "VN": 525,
        "X": 2.652
      },
      "type": "Feature"
    },
    {
      "geometry": {
        "coordinates": [
          [
            -53.024425,
            -26.821462
          ],
          [
            -53.032445,
            -26.827011
          ],
          [
            -53.064253,
            -27.129241
          ],
          [
            -53.053474,
            -27.139348
          ]
        ],
        "type": "LineString"
      },
      "properties": {
        "AGE_NOME": "COMPANHIA DE GERA\u00c7\u00c3O E TRANSMISS\u00c3O DE ENERGIA EL\u00c9TRICA DO SUL D",
        "DTENTRADA": 1633737600000,
        "DTPAR": 1517356800000,
        "DTPREVISTA": 1590796800000,
        "EQP_ID": "RSFCO-2PIN-2SC      ",
        "EXT": 40,
        "INS_ID": "SCFCO ",
        "NOMELONGO": "LT  230 kV FOZ CHAPECO          / PINHALZINHO 2        C 2  RS/SC       ",
        "NOMEREDE": "BASICA         ",
        "NUMDOC": "007/2013  ",
        "OBJECTID": 343,
        "R": 0.476,
        "S": 6.788,
        "SHAPE.STLength()": 0.32842841891137214,
        "STR_DTENTRADA": "09/10/2021",
        "STR_DTPAR": "31/01/2018",
        "STR_DTPREVISTA": "30/05/2020",
        "TPCPR_ID": null,
        "TPEQP_ID": "LTR",
        "VAL_CAPACOPERCOMFATORCD": 1150,
        "VAL_CAPACOPERLD": 915,
        "VAL_CAPACOPERSEMFATORCD": 1150,
        "VAL_CORRPROJETOLD": 915,
        "VAL_FATORLIMITANTECD": "",
        "VAL_FATORLIMITANTELD": "",
        "VN": 230,
        "X": 3.396
      },
      "type": "Feature"
    },
    {
      "geometry": {
        "coordinates": [
          [
            -53.053137,
            -27.139157
          ],
          [
            -53.056299,
            -27.13173
          ],
          [
            -53.023723,
            -26.821809
          ]
        ],
        "type": "LineString"
      },
      "properties": {
        "AGE_NOME": "COMPANHIA DE GERA\u00c7\u00c3O E TRANSMISS\u00c3O DE ENERGIA EL\u00c9TRICA DO SUL D",
        "DTENTRADA": 1519862400000,
        "DTPAR": 1391126400000,
        "DTPREVISTA": 1517356800000,
        "EQP_ID": "RSFCO-2PIN-1SC      ",
        "EXT": 40,
        "INS_ID": "SCFCO ",
        "NOMELONGO": "LT  230 kV FOZ CHAPECO          / PINHALZINHO 2        C 1  RS/SC       ",
        "NOMEREDE": "BASICA         ",
        "NUMDOC": "007/2013  ",
        "OBJECTID": 369,
        "R": 0.461,
        "S": 6.565,
        "SHAPE.STLength()": 0.31970079483436376,
        "STR_DTENTRADA": "01/03/2018",
        "STR_DTPAR": "31/01/2014",
        "STR_DTPREVISTA": "31/01/2018",
        "TPCPR_ID": null,
        "TPEQP_ID": "LTR",
        "VAL_CAPACOPERCOMFATORCD": 1150,
        "VAL_CAPACOPERLD": 915,
        "VAL_CAPACOPERSEMFATORCD": 1150,
        "VAL_CORRPROJETOLD": 915,
        "VAL_FATORLIMITANTECD": "",
        "VAL_FATORLIMITANTELD": "",
        "VN": 230,
        "X": 3.286
      },
      "type": "Feature"
    },
    {
      "geometry": {
        "coordinates": [
          [
            -53.691077,
            -31.567309
          ],
          [
            -53.690744,
            -31.566606
          ],
          [
            -53.690423,
            -31.565928
          ],
          [
            -53.68987,
            -31.564762
          ],
          [
            -53.688232,
            -31.561301
          ],
          [
            -53.68367,
            -31.551669
          ],
          [
            -53.682997,
            -31.551668
          ]
        ],
        "type": "LineString"
      },
      "properties": {
        "AGE_NOME": "CENTRAIS ELETRICAS BRASILEIRAS SA ELETROBRAS                   ",
        "DTENTRADA": 1436486400000,
        "DTPAR": null,
        "DTPREVISTA": 1451433600000,
        "EQP_ID": "RSCTA-2PME-1        ",
        "EXT": 2.74,
        "INS_ID": "RSCTA ",
        "NOMELONGO": "LT  230 kV CANDIOTA             / PRE.MEDICI           C 1  RS          ",
        "NOMEREDE": "COMPLEMENTAR   ",
        "NUMDOC": "2280/10   ",
        "OBJECTID": 372,
        "R": 0.023,
        "S": 0.6604,
        "SHAPE.STLength()": 0.017978318414710998,
        "STR_DTENTRADA": "10/07/2015",
        "STR_DTPAR": null,
        "STR_DTPREVISTA": "30/12/2015",
        "TPCPR_ID": null,
        "TPEQP_ID": "LTR",
        "VAL_CAPACOPERCOMFATORCD": null,
        "VAL_CAPACOPERLD": null,
        "VAL_CAPACOPERSEMFATORCD": null,
        "VAL_CORRPROJETOLD": null,
        "VAL_FATORLIMITANTECD": null,
        "VAL_FATORLIMITANTELD": null,
        "VN": 230,
        "X": 0.186
      },
      "type": "Feature"
    },
    {
      "geometry": {
        "coordinates": [
          [
            -53.052382,
            -27.14083
          ],
          [
            -53.043723,
            -27.140832
          ]
        ],
        "type": "LineString"
      },
      "properties": {
        "AGE_NOME": "Foz do Chapec\u00f3 Energia S.A.                                    ",
        "DTENTRADA": 1299888000000,
        "DTPAR": null,
        "DTPREVISTA": 1356825600000,
        "EQP_ID": "RSUHFC2FCO-4        ",
        "EXT": 1.44992,
        "INS_ID": "RSUHFC",
        "NOMELONGO": "LT  230 kV U.FOZ CHAPECO        / FOZ CHAPECO          C 4  RS          ",
        "NOMEREDE": "COMPLEMENTAR   ",
        "NUMDOC": null,
        "OBJECTID": 389,
        "R": 0.01,
        "S": 0,
        "SHAPE.STLength()": 0.008658856382881115,
        "STR_DTENTRADA": "12/03/2011",
        "STR_DTPAR": null,
        "STR_DTPREVISTA": "30/12/2012",
        "TPCPR_ID": null,
        "TPEQP_ID": "LTR",
        "VAL_CAPACOPERCOMFATORCD": null,
        "VAL_CAPACOPERLD": null,
        "VAL_CAPACOPERSEMFATORCD": null,
        "VAL_CORRPROJETOLD": null,
        "VAL_FATORLIMITANTECD": null,
        "VAL_FATORLIMITANTELD": null,
        "VN": 230,
        "X": 0.01
      },
      "type": "Feature"
    },
    {
      "geometry": {
        "coordinates": [
          [
            -53.051979,
            -27.14055
          ],
          [
            -53.044135,
            -27.140547
          ]
        ],
        "type": "LineString"
      },
      "properties": {
        "AGE_NOME": "Foz do Chapec\u00f3 Energia S.A.                                    ",
        "DTENTRADA": 1293667200000,
        "DTPAR": null,
        "DTPREVISTA": 1356825600000,
        "EQP_ID": "RSUHFC2FCO-3        ",
        "EXT": 1.44992,
        "INS_ID": "RSUHFC",
        "NOMELONGO": "LT  230 kV U.FOZ CHAPECO        / FOZ CHAPECO          C 3  RS          ",
        "NOMEREDE": "COMPLEMENTAR   ",
        "NUMDOC": null,
        "OBJECTID": 390,
        "R": 0.01,
        "S": 0,
        "SHAPE.STLength()": 0.00784444773336358,
        "STR_DTENTRADA": "30/12/2010",
        "STR_DTPAR": null,
        "STR_DTPREVISTA": "30/12/2012",
        "TPCPR_ID": null,
        "TPEQP_ID": "LTR",
        "VAL_CAPACOPERCOMFATORCD": null,
        "VAL_CAPACOPERLD": null,
        "VAL_CAPACOPERSEMFATORCD": null,
        "VAL_CORRPROJETOLD": null,
        "VAL_FATORLIMITANTECD": null,
        "VAL_FATORLIMITANTELD": null,
        "VN": 230,
        "X": 0.01
      },
      "type": "Feature"
    },
    {
      "geometry": {
        "coordinates": [
          [
            -50.806245,
            -27.497766
          ],
          [
            -51.067289,
            -27.569559
          ]
        ],
        "type": "LineString"
      },
      "properties": {
        "AGE_NOME": "S\u00c3O ROQUE ENERG\u00c9TICA                                           ",
        "DTENTRADA": 1658361600000,
        "DTPAR": null,
        "DTPREVISTA": 1659398400000,
        "EQP_ID": "SCATA-2UHSR1        ",
        "EXT": 28,
        "INS_ID": "SCATA ",
        "NOMELONGO": "LT  230 kV ABDON BATISTA        / UHE SAO ROQUE        C 1  SC          ",
        "NOMEREDE": "COMPLEMENTAR   ",
        "NUMDOC": null,
        "OBJECTID": 391,
        "R": 0.56,
        "S": 4.95,
        "SHAPE.STLength()": 0.2707370985207636,
        "STR_DTENTRADA": "21/07/2022",
        "STR_DTPAR": null,
        "STR_DTPREVISTA": "02/08/2022",
        "TPCPR_ID": null,
        "TPEQP_ID": "LTR",
        "VAL_CAPACOPERCOMFATORCD": null,
        "VAL_CAPACOPERLD": null,
        "VAL_CAPACOPERSEMFATORCD": null,
        "VAL_CORRPROJETOLD": null,
        "VAL_FATORLIMITANTECD": null,
        "VAL_FATORLIMITANTELD": null,
        "VN": 230,
        "X": 2.6
      },
      "type": "Feature"
    },
    {
      "geometry": {
        "coordinates": [
          [
            -50.988877,
            -27.620861
          ],
          [
            -51.067435,
            -27.570353
          ]
        ],
        "type": "LineString"
      },
      "properties": {
        "AGE_NOME": "RIO CANOAS ENERGIA SA                                          ",
        "DTENTRADA": 1426809600000,
        "DTPAR": null,
        "DTPREVISTA": 1411171200000,
        "EQP_ID": "SCATA-2GAR-1        ",
        "EXT": 13,
        "INS_ID": "SCATA ",
        "NOMELONGO": "LT  230 kV ABDON BATISTA        / UHE GARIBALDI        C 1  SC          ",
        "NOMEREDE": "COMPLEMENTAR   ",
        "NUMDOC": null,
        "OBJECTID": 392,
        "R": 0.24,
        "S": 2.019,
        "SHAPE.STLength()": 0.09339459766243978,
        "STR_DTENTRADA": "20/03/2015",
        "STR_DTPAR": null,
        "STR_DTPREVISTA": "20/09/2014",
        "TPCPR_ID": null,
        "TPEQP_ID": "LTR",
        "VAL_CAPACOPERCOMFATORCD": null,
        "VAL_CAPACOPERLD": null,
        "VAL_CAPACOPERSEMFATORCD": null,
        "VAL_CORRPROJETOLD": null,
        "VAL_FATORLIMITANTECD": null,
        "VAL_FATORLIMITANTELD": null,
        "VN": 230,
        "X": 1.18
      },
      "type": "Feature"
    },
    {
      "geometry": {
        "coordinates": [
          [
            -51.915097,
            -29.430955
          ],
          [
            -51.902764,
            -29.425029
          ],
          [
            -51.512846,
            -29.237655
          ]
        ],
        "type": "LineString"
      },
      "properties": {
        "AGE_NOME": "SE VINEYARDS TRANSMISSAO DE ENERGIA S.A.                       ",
        "DTENTRADA": 1576972800000,
        "DTPAR": 1433030400000,
        "DTPREVISTA": 1576713600000,
        "EQP_ID": "RSGAR12LAJ31        ",
        "EXT": 47,
        "INS_ID": "RSGAR1",
        "NOMELONGO": "LT  230 kV GARIBALDI 1          / LAJEADO III          C 1  RS          ",
        "NOMEREDE": "BASICA         ",
        "NUMDOC": "005/2016  ",
        "OBJECTID": 411,
        "R": 0.7753,
        "S": 8.505,
        "SHAPE.STLength()": 0.4462855260186681,
        "STR_DTENTRADA": "22/12/2019",
        "STR_DTPAR": "31/05/2015",
        "STR_DTPREVISTA": "19/12/2019",
        "TPCPR_ID": null,
        "TPEQP_ID": "LTR",
        "VAL_CAPACOPERCOMFATORCD": 970,
        "VAL_CAPACOPERLD": 770,
        "VAL_CAPACOPERSEMFATORCD": 970,
        "VAL_CORRPROJETOLD": 770,
        "VAL_FATORLIMITANTECD": "",
        "VAL_FATORLIMITANTELD": "",
        "VN": 230,
        "X": 4.3222
      },
      "type": "Feature"
    },
    {
      "geometry": {
        "coordinates": [
          [
            -51.915097,
            -29.430955
          ],
          [
            -51.902764,
            -29.425029
          ],
          [
            -51.512846,
            -29.237655
          ]
        ],
        "type": "LineString"
      },
      "properties": {
        "AGE_NOME": "SE VINEYARDS TRANSMISSAO DE ENERGIA S.A.                       ",
        "DTENTRADA": 1576972800000,
        "DTPAR": 1433030400000,
        "DTPREVISTA": 1576713600000,
        "EQP_ID": "RSGAR12LAJ31        ",
        "EXT": 47,
        "INS_ID": "RSGAR1",
        "NOMELONGO": "LT  230 kV GARIBALDI 1          / LAJEADO III          C 1  RS          ",
        "NOMEREDE": "BASICA         ",
        "NUMDOC": "005/2016  ",
        "OBJECTID": 412,
        "R": 0.7753,
        "S": 8.505,
        "SHAPE.STLength()": 0.4462855260186681,
        "STR_DTENTRADA": "22/12/2019",
        "STR_DTPAR": "31/05/2015",
        "STR_DTPREVISTA": "19/12/2019",
        "TPCPR_ID": null,
        "TPEQP_ID": "LTR",
        "VAL_CAPACOPERCOMFATORCD": 970,
        "VAL_CAPACOPERLD": 770,
        "VAL_CAPACOPERSEMFATORCD": 970,
        "VAL_CORRPROJETOLD": 770,
        "VAL_FATORLIMITANTECD": "",
        "VAL_FATORLIMITANTELD": "",
        "VN": 230,
        "X": 4.3222
      },
      "type": "Feature"
    },
    {
      "geometry": {
        "coordinates": [
          [
            -51.983608,
            -29.465117
          ],
          [
            -51.932491,
            -29.439616
          ],
          [
            -51.916895,
            -29.431835
          ]
        ],
        "type": "LineString"
      },
      "properties": {
        "AGE_NOME": "SE VINEYARDS TRANSMISSAO DE ENERGIA S.A.                       ",
        "DTENTRADA": 1578787200000,
        "DTPAR": 1433030400000,
        "DTPREVISTA": 1579478400000,
        "EQP_ID": "RSLAJ22LAJ31        ",
        "EXT": 16.4,
        "INS_ID": "RSLAJ2",
        "NOMELONGO": "LT  230 kV LAJEADO 2            / LAJEADO III          C 1  RS          ",
        "NOMEREDE": "BASICA         ",
        "NUMDOC": "005/2016  ",
        "OBJECTID": 413,
        "R": 0.187,
        "S": 2.044,
        "SHAPE.STLength()": 0.07455428201042699,
        "STR_DTENTRADA": "12/01/2020",
        "STR_DTPAR": "31/05/2015",
        "STR_DTPREVISTA": "20/01/2020",
        "TPCPR_ID": null,
        "TPEQP_ID": "LTR",
        "VAL_CAPACOPERCOMFATORCD": 970,
        "VAL_CAPACOPERLD": 770,
        "VAL_CAPACOPERSEMFATORCD": 970,
        "VAL_CORRPROJETOLD": 770,
        "VAL_FATORLIMITANTECD": "",
        "VAL_FATORLIMITANTELD": "",
        "VN": 230,
        "X": 1.038
      },
      "type": "Feature"
    },
    {
      "geometry": {
        "coordinates": [
          [
            -51.983608,
            -29.465117
          ],
          [
            -51.932491,
            -29.439616
          ],
          [
            -51.916895,
            -29.431835
          ]
        ],
        "type": "LineString"
      },
      "properties": {
        "AGE_NOME": "SE VINEYARDS TRANSMISSAO DE ENERGIA S.A.                       ",
        "DTENTRADA": 1578787200000,
        "DTPAR": 1433030400000,
        "DTPREVISTA": 1579478400000,
        "EQP_ID": "RSLAJ22LAJ31        ",
        "EXT": 16.4,
        "INS_ID": "RSLAJ2",
        "NOMELONGO": "LT  230 kV LAJEADO 2            / LAJEADO III          C 1  RS          ",
        "NOMEREDE": "BASICA         ",
        "NUMDOC": "005/2016  ",
        "OBJECTID": 414,
        "R": 0.187,
        "S": 2.044,
        "SHAPE.STLength()": 0.07455428201042699,
        "STR_DTENTRADA": "12/01/2020",
        "STR_DTPAR": "31/05/2015",
        "STR_DTPREVISTA": "20/01/2020",
        "TPCPR_ID": null,
        "TPEQP_ID": "LTR",
        "VAL_CAPACOPERCOMFATORCD": 970,
        "VAL_CAPACOPERLD": 770,
        "VAL_CAPACOPERSEMFATORCD": 970,
        "VAL_CORRPROJETOLD": 770,
        "VAL_FATORLIMITANTECD": "",
        "VAL_FATORLIMITANTELD": "",
        "VN": 230,
        "X": 1.038
      },
      "type": "Feature"
    },
    {
      "geometry": {
        "coordinates": [
          [
            -51.511685,
            -29.236586
          ],
          [
            -51.508764,
            -29.232699
          ],
          [
            -51.506619,
            -29.229524
          ],
          [
            -51.496449,
            -29.224443
          ],
          [
            -51.480653,
            -29.21655
          ],
          [
            -51.47655,
            -29.206151
          ],
          [
            -51.466253,
            -29.199017
          ],
          [
            -51.46444,
            -29.184569
          ],
          [
            -51.473828,
            -29.181846
          ]
        ],
        "type": "LineString"
      },
      "properties": {
        "AGE_NOME": "COMPANHIA DE GERA\u00c7\u00c3O E TRANSMISS\u00c3O DE ENERGIA EL\u00c9TRICA DO SUL D",
        "DTENTRADA": 1624752000000,
        "DTPAR": 1422662400000,
        "DTPREVISTA": 1660176000000,
        "EQP_ID": "RSGAR12VIN-1        ",
        "EXT": 12.75,
        "INS_ID": "RSGAR1",
        "NOMELONGO": "LT  230 kV GARIBALDI 1          / VINHEDOS             C 1  RS          ",
        "NOMEREDE": "BASICA         ",
        "NUMDOC": "005/2016  ",
        "OBJECTID": 415,
        "R": 0.144,
        "S": 2.248,
        "SHAPE.STLength()": 0.0857628409170314,
        "STR_DTENTRADA": "27/06/2021",
        "STR_DTPAR": "31/01/2015",
        "STR_DTPREVISTA": "11/08/2022",
        "TPCPR_ID": null,
        "TPEQP_ID": "LTR",
        "VAL_CAPACOPERCOMFATORCD": 1190,
        "VAL_CAPACOPERLD": 790,
        "VAL_CAPACOPERSEMFATORCD": 1190,
        "VAL_CORRPROJETOLD": 790,
        "VAL_FATORLIMITANTECD": "",
        "VAL_FATORLIMITANTELD": "",
        "VN": 230,
        "X": 1.215
      },
      "type": "Feature"
    },
    {
      "geometry": {
        "coordinates": [
          [
            -51.474111,
            -29.18059
          ],
          [
            -51.464067,
            -29.173338
          ],
          [
            -51.462148,
            -29.160384
          ],
          [
            -51.467906,
            -29.149194
          ],
          [
            -51.47635,
            -29.142447
          ],
          [
            -51.494104,
            -29.1382
          ],
          [
            -51.501819,
            -29.132035
          ],
          [
            -51.505636,
            -29.119043
          ],
          [
            -51.506272,
            -29.102525
          ],
          [
            -51.518262,
            -29.086145
          ],
          [
            -51.5304,
            -29.080824
          ],
          [
            -51.540491,
            -29.072755
          ],
          [
            -51.54082,
            -29.064212
          ],
          [
            -51.550778,
            -29.047759
          ],
          [
            -51.535099,
            -29.039827
          ]
        ],
        "type": "LineString"
      },
      "properties": {
        "AGE_NOME": "COMPANHIA DE GERA\u00c7\u00c3O E TRANSMISS\u00c3O DE ENERGIA EL\u00c9TRICA DO SUL D",
        "DTENTRADA": 1624752000000,
        "DTPAR": 1422662400000,
        "DTPREVISTA": 1660176000000,
        "EQP_ID": "RSMCL-2VIN-1        ",
        "EXT": 23.75,
        "INS_ID": "RSMCL ",
        "NOMELONGO": "LT  230 kV MONTE CLARO          / VINHEDOS             C 1  RS          ",
        "NOMEREDE": "BASICA         ",
        "NUMDOC": "005/2016  ",
        "OBJECTID": 416,
        "R": 0.267,
        "S": 4.163,
        "SHAPE.STLength()": 0.1989041108416572,
        "STR_DTENTRADA": "27/06/2021",
        "STR_DTPAR": "31/01/2015",
        "STR_DTPREVISTA": "11/08/2022",
        "TPCPR_ID": null,
        "TPEQP_ID": "LTR",
        "VAL_CAPACOPERCOMFATORCD": 1190,
        "VAL_CAPACOPERLD": 790,
        "VAL_CAPACOPERSEMFATORCD": 1190,
        "VAL_CORRPROJETOLD": 790,
        "VAL_FATORLIMITANTECD": "",
        "VAL_FATORLIMITANTELD": "",
        "VN": 230,
        "X": 2.249
      },
      "type": "Feature"
    },
    {
      "geometry": {
        "coordinates": [
          [
            -52.33469,
            -31.928361
          ],
          [
            -52.325317,
            -31.930445
          ],
          [
            -52.299292,
            -31.93623
          ],
          [
            -52.267426,
            -32.074393
          ]
        ],
        "type": "LineString"
      },
      "properties": {
        "AGE_NOME": "COMPANHIA DE GERA\u00c7\u00c3O E TRANSMISS\u00c3O DE ENERGIA EL\u00c9TRICA DO SUL D",
        "DTENTRADA": 1418083200000,
        "DTPAR": 1391126400000,
        "DTPREVISTA": 1419897600000,
        "EQP_ID": "RSPNO-2QUI-1        ",
        "EXT": 20.5,
        "INS_ID": "RSPNO ",
        "NOMELONGO": "LT  230 kV POVO NOVO            / QUINTA               C 1  RS          ",
        "NOMEREDE": "BASICA         ",
        "NUMDOC": "005/2012  ",
        "OBJECTID": 462,
        "R": 0.198,
        "S": 5.011,
        "SHAPE.STLength()": 0.17805253613750072,
        "STR_DTENTRADA": "09/12/2014",
        "STR_DTPAR": "31/01/2014",
        "STR_DTPREVISTA": "30/12/2014",
        "TPCPR_ID": null,
        "TPEQP_ID": "LTR",
        "VAL_CAPACOPERCOMFATORCD": 1740,
        "VAL_CAPACOPERLD": 1380,
        "VAL_CAPACOPERSEMFATORCD": 1740,
        "VAL_CORRPROJETOLD": 1380,
        "VAL_FATORLIMITANTECD": "",
        "VAL_FATORLIMITANTELD": "",
        "VN": 230,
        "X": 1.379
      },
      "type": "Feature"
    },
    {
      "geometry": {
        "coordinates": [
          [
            -52.334655,
            -31.928134
          ],
          [
            -52.326245,
            -31.928131
          ],
          [
            -52.301162,
            -31.928121
          ],
          [
            -52.301162,
            -31.928121
          ],
          [
            -52.311855,
            -31.881757
          ],
          [
            -52.025068,
            -31.408814
          ],
          [
            -51.837034,
            -30.929937
          ],
          [
            -51.800063,
            -30.83578
          ],
          [
            -51.807296,
            -30.813597
          ],
          [
            -51.808355,
            -30.81035
          ]
        ],
        "type": "LineString"
      },
      "properties": {
        "AGE_NOME": "COMPANHIA DE GERA\u00c7\u00c3O E TRANSMISS\u00c3O DE ENERGIA EL\u00c9TRICA DO SUL D",
        "DTENTRADA": 1418083200000,
        "DTPAR": 1391126400000,
        "DTPREVISTA": 1419897600000,
        "EQP_ID": "RSCAM32PNO-1        ",
        "EXT": 149,
        "INS_ID": "RSCAM3",
        "NOMELONGO": "LT  230 kV CAMAQUA 3            / POVO NOVO            C 1  RS          ",
        "NOMEREDE": "BASICA         ",
        "NUMDOC": "005/2012  ",
        "OBJECTID": 463,
        "R": 1.436,
        "S": 36.38,
        "SHAPE.STLength()": 1.276550606631838,
        "STR_DTENTRADA": "09/12/2014",
        "STR_DTPAR": "31/01/2014",
        "STR_DTPREVISTA": "30/12/2014",
        "TPCPR_ID": null,
        "TPEQP_ID": "LTR",
        "VAL_CAPACOPERCOMFATORCD": 1740,
        "VAL_CAPACOPERLD": 1380,
        "VAL_CAPACOPERSEMFATORCD": 1740,
        "VAL_CORRPROJETOLD": 1380,
        "VAL_FATORLIMITANTECD": "",
        "VAL_FATORLIMITANTELD": "",
        "VN": 230,
        "X": 10.03
      },
      "type": "Feature"
    },
    {
      "geometry": {
        "coordinates": [
          [
            -52.994357,
            -33.140022
          ],
          [
            -53.301568,
            -33.472808
          ]
        ],
        "type": "LineString"
      },
      "properties": {
        "AGE_NOME": "COMPANHIA DE GERA\u00c7\u00c3O E TRANSMISS\u00c3O DE ENERGIA EL\u00c9TRICA DO SUL D",
        "DTENTRADA": 1418947200000,
        "DTPAR": 1391126400000,
        "DTPREVISTA": 1419897600000,
        "EQP_ID": "RSMRO-5SVP-1        ",
        "EXT": 52,
        "INS_ID": "RSMRO ",
        "NOMELONGO": "LT  525 kV MARMELEIRO 2         / S V PALMAR 2         C 1  RS          ",
        "NOMEREDE": "BASICA         ",
        "NUMDOC": "005/2012  ",
        "OBJECTID": 466,
        "R": 0.033,
        "S": 69.7,
        "SHAPE.STLength()": 0.4529071130097878,
        "STR_DTENTRADA": "19/12/2014",
        "STR_DTPAR": "31/01/2014",
        "STR_DTPREVISTA": "30/12/2014",
        "TPCPR_ID": null,
        "TPEQP_ID": "LTR",
        "VAL_CAPACOPERCOMFATORCD": 4580,
        "VAL_CAPACOPERLD": 3635,
        "VAL_CAPACOPERSEMFATORCD": 4580,
        "VAL_CORRPROJETOLD": 3635,
        "VAL_FATORLIMITANTECD": "",
        "VAL_FATORLIMITANTELD": "",
        "VN": 525,
        "X": 0.543
      },
      "type": "Feature"
    },
    {
      "geometry": {
        "coordinates": [
          [
            -52.335933,
            -31.929016
          ],
          [
            -52.363601,
            -32.039607
          ],
          [
            -52.47622,
            -32.489745
          ],
          [
            -52.731243,
            -32.862588
          ],
          [
            -52.993032,
            -33.138606
          ]
        ],
        "type": "LineString"
      },
      "properties": {
        "AGE_NOME": "COMPANHIA DE GERA\u00c7\u00c3O E TRANSMISS\u00c3O DE ENERGIA EL\u00c9TRICA DO SUL D",
        "DTENTRADA": 1418947200000,
        "DTPAR": 1391126400000,
        "DTPREVISTA": 1419897600000,
        "EQP_ID": "RSMRO-5PNO-1        ",
        "EXT": 154,
        "INS_ID": "RSMRO ",
        "NOMELONGO": "LT  525 kV MARMELEIRO 2         / POVO NOVO            C 1  RS          ",
        "NOMEREDE": "BASICA         ",
        "NUMDOC": "005/2012  ",
        "OBJECTID": 467,
        "R": 0.101,
        "S": 220.9,
        "SHAPE.STLength()": 1.4101497232563076,
        "STR_DTENTRADA": "19/12/2014",
        "STR_DTPAR": "31/01/2014",
        "STR_DTPREVISTA": "30/12/2014",
        "TPCPR_ID": null,
        "TPEQP_ID": "LTR",
        "VAL_CAPACOPERCOMFATORCD": 4580,
        "VAL_CAPACOPERLD": 3635,
        "VAL_CAPACOPERSEMFATORCD": 4580,
        "VAL_CORRPROJETOLD": 3635,
        "VAL_FATORLIMITANTECD": "",
        "VAL_FATORLIMITANTELD": "",
        "VN": 525,
        "X": 1.708
      },
      "type": "Feature"
    },
    {
      "geometry": {
        "coordinates": [
          [
            -54.070833,
            -31.288957
          ],
          [
            -54.070833,
            -31.30118
          ],
          [
            -53.692789,
            -31.557524
          ],
          [
            -53.690744,
            -31.566606
          ],
          [
            -53.690485,
            -31.567754
          ]
        ],
        "type": "LineString"
      },
      "properties": {
        "AGE_NOME": "SE VINEYARDS TRANSMISSAO DE ENERGIA S.A.                       ",
        "DTENTRADA": 1643241600000,
        "DTPAR": 1314748800000,
        "DTPREVISTA": 1627603200000,
        "EQP_ID": "RSBAG22CTA-1        ",
        "EXT": 49.68,
        "INS_ID": "RSBAG2",
        "NOMELONGO": "LT  230 kV BAGE2                / CANDIOTA 2           C 1  RS          ",
        "NOMEREDE": "BASICA         ",
        "NUMDOC": "005/2016  ",
        "OBJECTID": 482,
        "R": 0.947,
        "S": 8.9,
        "SHAPE.STLength()": 0.479469700880102,
        "STR_DTENTRADA": "27/01/2022",
        "STR_DTPAR": "31/08/2011",
        "STR_DTPREVISTA": "30/07/2021",
        "TPCPR_ID": null,
        "TPEQP_ID": "LTR",
        "VAL_CAPACOPERCOMFATORCD": 870,
        "VAL_CAPACOPERLD": 695,
        "VAL_CAPACOPERSEMFATORCD": 870,
        "VAL_CORRPROJETOLD": 695,
        "VAL_FATORLIMITANTECD": "",
        "VAL_FATORLIMITANTELD": "",
        "VN": 230,
        "X": 4.558
      },
      "type": "Feature"
    },
    {
      "geometry": {
        "coordinates": [
          [
            -54.070833,
            -31.288957
          ],
          [
            -54.070833,
            -31.30118
          ],
          [
            -53.692789,
            -31.557524
          ],
          [
            -53.690744,
            -31.566606
          ],
          [
            -53.690485,
            -31.567754
          ]
        ],
        "type": "LineString"
      },
      "properties": {
        "AGE_NOME": "SE VINEYARDS TRANSMISSAO DE ENERGIA S.A.                       ",
        "DTENTRADA": 1643241600000,
        "DTPAR": 1314748800000,
        "DTPREVISTA": 1627603200000,
        "EQP_ID": "RSBAG22CTA-1        ",
        "EXT": 49.68,
        "INS_ID": "RSBAG2",
        "NOMELONGO": "LT  230 kV BAGE2                / CANDIOTA 2           C 1  RS          ",
        "NOMEREDE": "BASICA         ",
        "NUMDOC": "005/2016  ",
        "OBJECTID": 483,
        "R": 0.947,
        "S": 8.9,
        "SHAPE.STLength()": 0.479469700880102,
        "STR_DTENTRADA": "27/01/2022",
        "STR_DTPAR": "31/08/2011",
        "STR_DTPREVISTA": "30/07/2021",
        "TPCPR_ID": null,
        "TPEQP_ID": "LTR",
        "VAL_CAPACOPERCOMFATORCD": 870,
        "VAL_CAPACOPERLD": 695,
        "VAL_CAPACOPERSEMFATORCD": 870,
        "VAL_CORRPROJETOLD": 695,
        "VAL_FATORLIMITANTECD": "",
        "VAL_FATORLIMITANTELD": "",
        "VN": 230,
        "X": 4.558
      },
      "type": "Feature"
    },
    {
      "geometry": {
        "coordinates": [
          [
            -54.325772,
            -28.276711
          ],
          [
            -54.331894,
            -28.266935
          ],
          [
            -54.334917,
            -28.262106
          ],
          [
            -54.338546,
            -28.256312
          ],
          [
            -54.349628,
            -28.238849
          ],
          [
            -54.349629,
            -28.238848
          ],
          [
            -54.991039,
            -28.230113
          ],
          [
            -55.009062,
            -28.229868
          ],
          [
            -55.606751,
            -28.221727
          ],
          [
            -55.670138,
            -28.25351
          ]
        ],
        "type": "LineString"
      },
      "properties": {
        "AGE_NOME": "TRANSMISSORA ALIAN\u00c7A DE ENERGIA EL\u00c9TRICA S A                   ",
        "DTENTRADA": 1421625600000,
        "DTPAR": 1314748800000,
        "DTPREVISTA": 1422662400000,
        "EQP_ID": "RSGBI25STA-1        ",
        "EXT": 138.84,
        "INS_ID": "RSGBI2",
        "NOMELONGO": "LT  525 kV CV.GARABI 2          / SANTO ANGELO         C 1  RS          ",
        "NOMEREDE": "BASICA         ",
        "NUMDOC": "02/2022   ",
        "OBJECTID": 485,
        "R": 0.125,
        "S": 189.63,
        "SHAPE.STLength()": 1.3729006411449955,
        "STR_DTENTRADA": "19/01/2015",
        "STR_DTPAR": "31/08/2011",
        "STR_DTPREVISTA": "31/01/2015",
        "TPCPR_ID": null,
        "TPEQP_ID": "LTR",
        "VAL_CAPACOPERCOMFATORCD": 2400,
        "VAL_CAPACOPERLD": 2400,
        "VAL_CAPACOPERSEMFATORCD": 3157,
        "VAL_CORRPROJETOLD": 3157,
        "VAL_FATORLIMITANTECD": "TC STA e TC GBI 2",
        "VAL_FATORLIMITANTELD": "TC STA e TC GBI 2",
        "VN": 525,
        "X": 1.705
      },
      "type": "Feature"
    },
    {
      "geometry": {
        "coordinates": [
          [
            -54.325772,
            -28.276711
          ],
          [
            -54.331894,
            -28.266935
          ],
          [
            -54.334917,
            -28.262106
          ],
          [
            -54.338546,
            -28.256312
          ],
          [
            -54.349628,
            -28.238849
          ],
          [
            -54.349629,
            -28.238848
          ],
          [
            -54.991039,
            -28.230113
          ],
          [
            -55.009062,
            -28.229868
          ],
          [
            -55.606751,
            -28.221727
          ],
          [
            -55.670138,
            -28.25351
          ]
        ],
        "type": "LineString"
      },
      "properties": {
        "AGE_NOME": "TRANSMISSORA ALIAN\u00c7A DE ENERGIA EL\u00c9TRICA S A                   ",
        "DTENTRADA": 1421625600000,
        "DTPAR": 1314748800000,
        "DTPREVISTA": 1422662400000,
        "EQP_ID": "RSGBI25STA-1        ",
        "EXT": 138.84,
        "INS_ID": "RSGBI2",
        "NOMELONGO": "LT  525 kV CV.GARABI 2          / SANTO ANGELO         C 1  RS          ",
        "NOMEREDE": "BASICA         ",
        "NUMDOC": "02/2022   ",
        "OBJECTID": 486,
        "R": 0.125,
        "S": 189.63,
        "SHAPE.STLength()": 1.3729006411449955,
        "STR_DTENTRADA": "19/01/2015",
        "STR_DTPAR": "31/08/2011",
        "STR_DTPREVISTA": "31/01/2015",
        "TPCPR_ID": null,
        "TPEQP_ID": "LTR",
        "VAL_CAPACOPERCOMFATORCD": 2400,
        "VAL_CAPACOPERLD": 2400,
        "VAL_CAPACOPERSEMFATORCD": 3157,
        "VAL_CORRPROJETOLD": 2778,
        "VAL_FATORLIMITANTECD": "TC STA e TC GBI 2",
        "VAL_FATORLIMITANTELD": "TC STA e TC GBI 2",
        "VN": 525,
        "X": 1.705
      },
      "type": "Feature"
    },
    {
      "geometry": {
        "coordinates": [
          [
            -54.325173,
            -28.276603
          ],
          [
            -54.323882,
            -28.265619
          ],
          [
            -54.322432,
            -28.253275
          ],
          [
            -54.321549,
            -28.245761
          ],
          [
            -54.319997,
            -28.233098
          ],
          [
            -54.319996,
            -28.233097
          ],
          [
            -52.953651,
            -27.518722
          ],
          [
            -52.726995,
            -27.400218
          ],
          [
            -52.66464,
            -27.367616
          ],
          [
            -52.649057,
            -27.359469
          ],
          [
            -52.493861,
            -27.278327
          ],
          [
            -52.40795,
            -27.271744
          ]
        ],
        "type": "LineString"
      },
      "properties": {
        "AGE_NOME": "TRANSMISSORA ALIAN\u00c7A DE ENERGIA EL\u00c9TRICA S A                   ",
        "DTENTRADA": 1421625600000,
        "DTPAR": 1314748800000,
        "DTPREVISTA": 1422662400000,
        "EQP_ID": "RSSTA-5YTA-2SC      ",
        "EXT": 237.15,
        "INS_ID": "RSSTA ",
        "NOMELONGO": "LT  525 kV SANTO ANGELO         / ITA                  C 2  RS/SC       ",
        "NOMEREDE": "BASICA         ",
        "NUMDOC": "02/2022   ",
        "OBJECTID": 487,
        "R": 0.209,
        "S": 325.16,
        "SHAPE.STLength()": 2.1906447213337157,
        "STR_DTENTRADA": "19/01/2015",
        "STR_DTPAR": "31/08/2011",
        "STR_DTPREVISTA": "31/01/2015",
        "TPCPR_ID": null,
        "TPEQP_ID": "LTR",
        "VAL_CAPACOPERCOMFATORCD": 2400,
        "VAL_CAPACOPERLD": 2400,
        "VAL_CAPACOPERSEMFATORCD": 3157,
        "VAL_CORRPROJETOLD": 3157,
        "VAL_FATORLIMITANTECD": "TC STA e TC YTA2",
        "VAL_FATORLIMITANTELD": "TC STA e TC YTA",
        "VN": 525,
        "X": 2.877
      },
      "type": "Feature"
    },
    {
      "geometry": {
        "coordinates": [
          [
            -54.325173,
            -28.276603
          ],
          [
            -54.323882,
            -28.265619
          ],
          [
            -54.322432,
            -28.253275
          ],
          [
            -54.321549,
            -28.245761
          ],
          [
            -54.319997,
            -28.233098
          ],
          [
            -54.319996,
            -28.233097
          ],
          [
            -52.953651,
            -27.518722
          ],
          [
            -52.726995,
            -27.400218
          ],
          [
            -52.66464,
            -27.367616
          ],
          [
            -52.649057,
            -27.359469
          ],
          [
            -52.493861,
            -27.278327
          ],
          [
            -52.40795,
            -27.271744
          ]
        ],
        "type": "LineString"
      },
      "properties": {
        "AGE_NOME": "TRANSMISSORA ALIAN\u00c7A DE ENERGIA EL\u00c9TRICA S A                   ",
        "DTENTRADA": 1421625600000,
        "DTPAR": 1314748800000,
        "DTPREVISTA": 1422662400000,
        "EQP_ID": "RSSTA-5YTA-2SC      ",
        "EXT": 237.15,
        "INS_ID": "RSSTA ",
        "NOMELONGO": "LT  525 kV SANTO ANGELO         / ITA                  C 2  RS/SC       ",
        "NOMEREDE": "BASICA         ",
        "NUMDOC": "02/2022   ",
        "OBJECTID": 488,
        "R": 0.209,
        "S": 325.16,
        "SHAPE.STLength()": 2.1906447213337157,
        "STR_DTENTRADA": "19/01/2015",
        "STR_DTPAR": "31/08/2011",
        "STR_DTPREVISTA": "31/01/2015",
        "TPCPR_ID": null,
        "TPEQP_ID": "LTR",
        "VAL_CAPACOPERCOMFATORCD": 2400,
        "VAL_CAPACOPERLD": 2400,
        "VAL_CAPACOPERSEMFATORCD": 3157,
        "VAL_CORRPROJETOLD": 2778,
        "VAL_FATORLIMITANTECD": "\tTC STA e TC YTA2",
        "VAL_FATORLIMITANTELD": "\tTC STA e TC YTA2",
        "VN": 525,
        "X": 2.877
      },
      "type": "Feature"
    },
    {
      "geometry": {
        "coordinates": [
          [
            -51.068218,
            -27.570727
          ],
          [
            -51.063654,
            -27.678598
          ],
          [
            -51.059717,
            -27.771656
          ],
          [
            -51.059554,
            -27.775491
          ],
          [
            -50.67786,
            -27.77996
          ],
          [
            -50.662786,
            -27.780136
          ],
          [
            -50.350848,
            -27.783789
          ],
          [
            -50.343132,
            -27.780399
          ]
        ],
        "type": "LineString"
      },
      "properties": {
        "AGE_NOME": "STC - SISTEMA DE TRANSMISS\u00c3O CATARINENSE S.A.                  ",
        "DTENTRADA": 1417392000000,
        "DTPAR": 1419984000000,
        "DTPREVISTA": 1419120000000,
        "EQP_ID": "SCATA-2LAG-2        ",
        "EXT": 89.3,
        "INS_ID": "SCATA ",
        "NOMELONGO": "LT  230 kV ABDON BATISTA        / LAGES                C 2  SC          ",
        "NOMEREDE": "BASICA         ",
        "NUMDOC": "006/2011  ",
        "OBJECTID": 519,
        "R": 1.06,
        "S": 16.623,
        "SHAPE.STLength()": 0.9221304632618551,
        "STR_DTENTRADA": "01/12/2014",
        "STR_DTPAR": "31/12/2014",
        "STR_DTPREVISTA": "21/12/2014",
        "TPCPR_ID": null,
        "TPEQP_ID": "LTR",
        "VAL_CAPACOPERCOMFATORCD": 879,
        "VAL_CAPACOPERLD": 879,
        "VAL_CAPACOPERSEMFATORCD": 879,
        "VAL_CORRPROJETOLD": 879,
        "VAL_FATORLIMITANTECD": "",
        "VAL_FATORLIMITANTELD": "",
        "VN": 230,
        "X": 8.013
      },
      "type": "Feature"
    },
    {
      "geometry": {
        "coordinates": [
          [
            -51.068337,
            -27.570724
          ],
          [
            -51.079168,
            -27.690339
          ],
          [
            -51.086502,
            -27.771344
          ],
          [
            -51.086849,
            -27.775171
          ],
          [
            -51.086849,
            -27.775171
          ],
          [
            -51.178335,
            -27.7741
          ],
          [
            -51.182654,
            -27.769837
          ]
        ],
        "type": "LineString"
      },
      "properties": {
        "AGE_NOME": "STC - SISTEMA DE TRANSMISS\u00c3O CATARINENSE S.A.                  ",
        "DTENTRADA": 1417392000000,
        "DTPAR": 1419984000000,
        "DTPREVISTA": 1419120000000,
        "EQP_ID": "SCATA-2BGR-2        ",
        "EXT": 40.11,
        "INS_ID": "SCATA ",
        "NOMELONGO": "LT  230 kV ABDON BATISTA        / BARRA GRANDE         C 2  SC          ",
        "NOMEREDE": "BASICA         ",
        "NUMDOC": "006/2011  ",
        "OBJECTID": 520,
        "R": 0.476,
        "S": 7.467,
        "SHAPE.STLength()": 0.3028455080274791,
        "STR_DTENTRADA": "01/12/2014",
        "STR_DTPAR": "31/12/2014",
        "STR_DTPREVISTA": "21/12/2014",
        "TPCPR_ID": null,
        "TPEQP_ID": "LTR",
        "VAL_CAPACOPERCOMFATORCD": 879,
        "VAL_CAPACOPERLD": 879,
        "VAL_CAPACOPERSEMFATORCD": 879,
        "VAL_CORRPROJETOLD": 879,
        "VAL_FATORLIMITANTECD": "",
        "VAL_FATORLIMITANTELD": "",
        "VN": 230,
        "X": 3.559
      },
      "type": "Feature"
    },
    {
      "geometry": {
        "coordinates": [
          [
            -51.068102,
            -27.570716
          ],
          [
            -51.051127,
            -27.669119
          ],
          [
            -51.033386,
            -27.771962
          ],
          [
            -50.684306,
            -27.776022
          ],
          [
            -50.669235,
            -27.776197
          ],
          [
            -50.343236,
            -27.779988
          ]
        ],
        "type": "LineString"
      },
      "properties": {
        "AGE_NOME": "STC - SISTEMA DE TRANSMISS\u00c3O CATARINENSE S.A.                  ",
        "DTENTRADA": 1417996800000,
        "DTPAR": 1419984000000,
        "DTPREVISTA": 1419120000000,
        "EQP_ID": "SCATA-2LAG-1        ",
        "EXT": 89.3,
        "INS_ID": "SCATA ",
        "NOMELONGO": "LT  230 kV ABDON BATISTA        / LAGES                C 1  SC          ",
        "NOMEREDE": "BASICA         ",
        "NUMDOC": "006/2011  ",
        "OBJECTID": 521,
        "R": 1.06,
        "S": 16.623,
        "SHAPE.STLength()": 0.8944148045494489,
        "STR_DTENTRADA": "08/12/2014",
        "STR_DTPAR": "31/12/2014",
        "STR_DTPREVISTA": "21/12/2014",
        "TPCPR_ID": null,
        "TPEQP_ID": "LTR",
        "VAL_CAPACOPERCOMFATORCD": 879,
        "VAL_CAPACOPERLD": 879,
        "VAL_CAPACOPERSEMFATORCD": 879,
        "VAL_CORRPROJETOLD": 879,
        "VAL_FATORLIMITANTECD": "",
        "VAL_FATORLIMITANTELD": "",
        "VN": 230,
        "X": 8.013
      },
      "type": "Feature"
    },
    {
      "geometry": {
        "coordinates": [
          [
            -51.068457,
            -27.570709
          ],
          [
            -51.099007,
            -27.705353
          ],
          [
            -51.113909,
            -27.771025
          ],
          [
            -51.113909,
            -27.771026
          ],
          [
            -51.178161,
            -27.770278
          ],
          [
            -51.182348,
            -27.769379
          ]
        ],
        "type": "LineString"
      },
      "properties": {
        "AGE_NOME": "STC - SISTEMA DE TRANSMISS\u00c3O CATARINENSE S.A.                  ",
        "DTENTRADA": 1417996800000,
        "DTPAR": 1419984000000,
        "DTPREVISTA": 1419120000000,
        "EQP_ID": "SCATA-2BGR-1        ",
        "EXT": 40.11,
        "INS_ID": "SCATA ",
        "NOMELONGO": "LT  230 kV ABDON BATISTA        / BARRA GRANDE         C 1  SC          ",
        "NOMEREDE": "BASICA         ",
        "NUMDOC": "006/2011  ",
        "OBJECTID": 522,
        "R": 0.476,
        "S": 7.467,
        "SHAPE.STLength()": 0.2739474368220186,
        "STR_DTENTRADA": "08/12/2014",
        "STR_DTPAR": "31/12/2014",
        "STR_DTPREVISTA": "21/12/2014",
        "TPCPR_ID": null,
        "TPEQP_ID": "LTR",
        "VAL_CAPACOPERCOMFATORCD": 879,
        "VAL_CAPACOPERLD": 879,
        "VAL_CAPACOPERSEMFATORCD": 879,
        "VAL_CORRPROJETOLD": 879,
        "VAL_FATORLIMITANTECD": "",
        "VAL_FATORLIMITANTELD": "",
        "VN": 230,
        "X": 3.559
      },
      "type": "Feature"
    },
    {
      "geometry": {
        "coordinates": [
          [
            -51.068353,
            -27.568927
          ],
          [
            -51.072872,
            -27.526905
          ],
          [
            -51.073197,
            -27.523882
          ],
          [
            -51.077105,
            -27.484228
          ],
          [
            -51.077112,
            -27.484151
          ],
          [
            -51.113757,
            -27.484215
          ],
          [
            -51.349791,
            -27.533593
          ],
          [
            -51.416495,
            -27.540452
          ]
        ],
        "type": "LineString"
      },
      "properties": {
        "AGE_NOME": "COMPANHIA DE GERA\u00c7\u00c3O E TRANSMISS\u00c3O DE ENERGIA EL\u00c9TRICA DO SUL D",
        "DTENTRADA": 1422230400000,
        "DTPAR": 1419984000000,
        "DTPREVISTA": 1419897600000,
        "EQP_ID": "SCATA-5CNO-1        ",
        "EXT": 34.93,
        "INS_ID": "SCATA ",
        "NOMELONGO": "LT  525 kV ABDON BATISTA        / C.NOVOS              C 1  SC          ",
        "NOMEREDE": "BASICA         ",
        "NUMDOC": "006/2011  ",
        "OBJECTID": 523,
        "R": 0.024,
        "S": 55.389,
        "SHAPE.STLength()": 0.43007285303242426,
        "STR_DTENTRADA": "26/01/2015",
        "STR_DTPAR": "31/12/2014",
        "STR_DTPREVISTA": "30/12/2014",
        "TPCPR_ID": null,
        "TPEQP_ID": "LTR",
        "VAL_CAPACOPERCOMFATORCD": 2920,
        "VAL_CAPACOPERLD": 2920,
        "VAL_CAPACOPERSEMFATORCD": 2920,
        "VAL_CORRPROJETOLD": 2920,
        "VAL_FATORLIMITANTECD": "",
        "VAL_FATORLIMITANTELD": "",
        "VN": 525,
        "X": 0.362
      },
      "type": "Feature"
    },
    {
      "geometry": {
        "coordinates": [
          [
            -51.068099,
            -27.568934
          ],
          [
            -51.053135,
            -27.484237
          ],
          [
            -51.053113,
            -27.484109
          ],
          [
            -50.98704,
            -27.484063
          ],
          [
            -50.962522,
            -27.484046
          ],
          [
            -49.9842,
            -27.483365
          ],
          [
            -49.977784,
            -27.483361
          ],
          [
            -49.059071,
            -27.482721
          ],
          [
            -49.016515,
            -27.482691
          ],
          [
            -48.747832,
            -27.482504
          ],
          [
            -48.733846,
            -27.492492
          ]
        ],
        "type": "LineString"
      },
      "properties": {
        "AGE_NOME": "COMPANHIA DE GERA\u00c7\u00c3O E TRANSMISS\u00c3O DE ENERGIA EL\u00c9TRICA DO SUL D",
        "DTENTRADA": 1422230400000,
        "DTPAR": 1419984000000,
        "DTPREVISTA": 1419897600000,
        "EQP_ID": "SCATA-5BIG-1        ",
        "EXT": 234.77,
        "INS_ID": "SCATA ",
        "NOMELONGO": "LT  525 kV ABDON BATISTA        / BIGUACU              C 1  SC          ",
        "NOMEREDE": "BASICA         ",
        "NUMDOC": "006/2011  ",
        "OBJECTID": 524,
        "R": 0.156,
        "S": 372.9,
        "SHAPE.STLength()": 2.4086056936579476,
        "STR_DTENTRADA": "26/01/2015",
        "STR_DTPAR": "31/12/2014",
        "STR_DTPREVISTA": "30/12/2014",
        "TPCPR_ID": null,
        "TPEQP_ID": "LTR",
        "VAL_CAPACOPERCOMFATORCD": 2920,
        "VAL_CAPACOPERLD": 2920,
        "VAL_CAPACOPERSEMFATORCD": 2920,
        "VAL_CORRPROJETOLD": 2920,
        "VAL_FATORLIMITANTECD": "",
        "VAL_FATORLIMITANTELD": "",
        "VN": 525,
        "X": 2.436
      },
      "type": "Feature"
    },
    {
      "geometry": {
        "coordinates": [
          [
            -48.733993,
            -27.492717
          ],
          [
            -48.747244,
            -27.487923
          ],
          [
            -49.016173,
            -27.486457
          ],
          [
            -49.058852,
            -27.486224
          ],
          [
            -49.058931,
            -27.484958
          ],
          [
            -49.059071,
            -27.482721
          ],
          [
            -49.092649,
            -26.946504
          ],
          [
            -49.094063,
            -26.923936
          ],
          [
            -49.09468,
            -26.914081
          ],
          [
            -49.096445,
            -26.885887
          ],
          [
            -49.095412,
            -26.879157
          ],
          [
            -49.071512,
            -26.877077
          ],
          [
            -49.040999,
            -26.874421
          ],
          [
            -49.026822,
            -26.873187
          ],
          [
            -49.0231,
            -26.872863
          ]
        ],
        "type": "LineString"
      },
      "properties": {
        "AGE_NOME": "COMPANHIA DE GERA\u00c7\u00c3O E TRANSMISS\u00c3O DE ENERGIA EL\u00c9TRICA DO SUL D",
        "DTENTRADA": 1426377600000,
        "DTPAR": 1359590400000,
        "DTPREVISTA": 1425945600000,
        "EQP_ID": "SCBIG-2GAS21        ",
        "EXT": 110.44,
        "INS_ID": "SCBIG ",
        "NOMELONGO": "LT  230 kV BIGUACU              / GASPAR 2             C 1  SC          ",
        "NOMEREDE": "BASICA         ",
        "NUMDOC": "006/2011  ",
        "OBJECTID": 529,
        "R": 2.107,
        "S": 18.031,
        "SHAPE.STLength()": 1.0066116442876323,
        "STR_DTENTRADA": "15/03/2015",
        "STR_DTPAR": "31/01/2013",
        "STR_DTPREVISTA": "10/03/2015",
        "TPCPR_ID": null,
        "TPEQP_ID": "LTR",
        "VAL_CAPACOPERCOMFATORCD": 767,
        "VAL_CAPACOPERLD": 609,
        "VAL_CAPACOPERSEMFATORCD": 767,
        "VAL_CORRPROJETOLD": 609,
        "VAL_FATORLIMITANTECD": "",
        "VAL_FATORLIMITANTELD": "",
        "VN": 230,
        "X": 10.135
      },
      "type": "Feature"
    },
    {
      "geometry": {
        "coordinates": [
          [
            -49.023105,
            -26.87278
          ],
          [
            -49.027147,
            -26.872797
          ],
          [
            -49.042062,
            -26.872861
          ],
          [
            -49.052031,
            -26.872903
          ],
          [
            -49.061092,
            -26.872903
          ],
          [
            -49.071898,
            -26.872833
          ],
          [
            -49.094419,
            -26.872687
          ],
          [
            -49.094354,
            -26.87226
          ],
          [
            -49.080415,
            -26.78145
          ]
        ],
        "type": "LineString"
      },
      "properties": {
        "AGE_NOME": "COMPANHIA DE GERA\u00c7\u00c3O E TRANSMISS\u00c3O DE ENERGIA EL\u00c9TRICA DO SUL D",
        "DTENTRADA": 1426636800000,
        "DTPAR": 1359590400000,
        "DTPREVISTA": 1425945600000,
        "EQP_ID": "SCBLU-2GAS21        ",
        "EXT": 14.48,
        "INS_ID": "SCBLU ",
        "NOMELONGO": "LT  230 kV BLUMENAU             / GASPAR 2             C 1  SC          ",
        "NOMEREDE": "BASICA         ",
        "NUMDOC": "006/2011  ",
        "OBJECTID": 530,
        "R": 0.383,
        "S": 2.5973,
        "SHAPE.STLength()": 0.16362174624927855,
        "STR_DTENTRADA": "18/03/2015",
        "STR_DTPAR": "31/01/2013",
        "STR_DTPREVISTA": "10/03/2015",
        "TPCPR_ID": null,
        "TPEQP_ID": "LTR",
        "VAL_CAPACOPERCOMFATORCD": 767,
        "VAL_CAPACOPERLD": 609,
        "VAL_CAPACOPERSEMFATORCD": 767,
        "VAL_CORRPROJETOLD": 609,
        "VAL_FATORLIMITANTECD": "",
        "VAL_FATORLIMITANTELD": "",
        "VN": 230,
        "X": 1.4692
      },
      "type": "Feature"
    },
    {
      "geometry": {
        "coordinates": [
          [
            -51.807594,
            -30.809485
          ],
          [
            -51.804692,
            -30.809489
          ],
          [
            -51.756255,
            -30.809562
          ],
          [
            -51.369258,
            -30.142764
          ],
          [
            -51.381069,
            -30.130582
          ]
        ],
        "type": "LineString"
      },
      "properties": {
        "AGE_NOME": "CPFL TRANSMISSAO S.A.                                          ",
        "DTENTRADA": 1417910400000,
        "DTPAR": 1306800000000,
        "DTPREVISTA": 1419897600000,
        "EQP_ID": "RSCAM32GUA21        ",
        "EXT": 87.25,
        "INS_ID": "RSCAM3",
        "NOMELONGO": "LT  230 kV CAMAQUA 3            / GUAIBA 2             C 1  RS          ",
        "NOMEREDE": "BASICA         ",
        "NUMDOC": "006/2011  ",
        "OBJECTID": 531,
        "R": 1.74,
        "S": 15.205,
        "SHAPE.STLength()": 0.839271525002686,
        "STR_DTENTRADA": "07/12/2014",
        "STR_DTPAR": "31/05/2011",
        "STR_DTPREVISTA": "30/12/2014",
        "TPCPR_ID": null,
        "TPEQP_ID": "LTR",
        "VAL_CAPACOPERCOMFATORCD": 856,
        "VAL_CAPACOPERLD": 679,
        "VAL_CAPACOPERSEMFATORCD": 856,
        "VAL_CORRPROJETOLD": 679,
        "VAL_FATORLIMITANTECD": "",
        "VAL_FATORLIMITANTELD": "",
        "VN": 230,
        "X": 8.29
      },
      "type": "Feature"
    },
    {
      "geometry": {
        "coordinates": [
          [
            -51.343172,
            -29.823935
          ],
          [
            -51.339346,
            -29.828539
          ],
          [
            -51.345608,
            -29.84713
          ],
          [
            -51.34751,
            -29.852775
          ],
          [
            -51.354071,
            -29.872257
          ],
          [
            -51.354868,
            -29.874622
          ],
          [
            -51.358582,
            -29.88565
          ],
          [
            -51.377213,
            -29.91863
          ],
          [
            -51.474578,
            -30.090987
          ],
          [
            -51.476561,
            -30.094496
          ],
          [
            -51.834672,
            -30.728426
          ],
          [
            -51.821043,
            -30.771341
          ],
          [
            -51.80892,
            -30.808615
          ]
        ],
        "type": "LineString"
      },
      "properties": {
        "AGE_NOME": "COMPANHIA DE GERA\u00c7\u00c3O E TRANSMISS\u00c3O DE ENERGIA EL\u00c9TRICA DO SUL D",
        "DTENTRADA": 1418083200000,
        "DTPAR": 1306800000000,
        "DTPREVISTA": 1419897600000,
        "EQP_ID": "RSCAM32NSR-1        ",
        "EXT": 126,
        "INS_ID": "RSCAM3",
        "NOMELONGO": "LT  230 kV CAMAQUA 3            / NOVA STA RITA        C 1  RS          ",
        "NOMEREDE": "BASICA         ",
        "NUMDOC": "006/2011  ",
        "OBJECTID": 532,
        "R": 1.185,
        "S": 30.034,
        "SHAPE.STLength()": 1.1184252295894026,
        "STR_DTENTRADA": "09/12/2014",
        "STR_DTPAR": "31/05/2011",
        "STR_DTPREVISTA": "30/12/2014",
        "TPCPR_ID": null,
        "TPEQP_ID": "LTR",
        "VAL_CAPACOPERCOMFATORCD": 1740,
        "VAL_CAPACOPERLD": 1380,
        "VAL_CAPACOPERSEMFATORCD": 1740,
        "VAL_CORRPROJETOLD": 1380,
        "VAL_FATORLIMITANTECD": "",
        "VAL_FATORLIMITANTELD": "",
        "VN": 230,
        "X": 8.278
      },
      "type": "Feature"
    },
    {
      "geometry": {
        "coordinates": [
          [
            -51.613072,
            -28.80578
          ],
          [
            -51.614328,
            -28.806522
          ],
          [
            -51.626769,
            -28.813594
          ],
          [
            -51.619309,
            -28.818945
          ],
          [
            -51.541675,
            -29.031623
          ],
          [
            -51.534829,
            -29.038755
          ]
        ],
        "type": "LineString"
      },
      "properties": {
        "AGE_NOME": "COMPANHIA DE GERA\u00c7\u00c3O E TRANSMISS\u00c3O DE ENERGIA EL\u00c9TRICA DO SUL D",
        "DTENTRADA": 1443139200000,
        "DTPAR": 1306800000000,
        "DTPREVISTA": 1443225600000,
        "EQP_ID": "RSMCL-2NPR22        ",
        "EXT": 32.6,
        "INS_ID": "RSMCL ",
        "NOMELONGO": "LT  230 kV MONTE CLARO          / NOVA PRATA 2         C 2  RS          ",
        "NOMEREDE": "BASICA         ",
        "NUMDOC": "3161/11   ",
        "OBJECTID": 581,
        "R": 0.631,
        "S": 5.5,
        "SHAPE.STLength()": 0.2612417445451892,
        "STR_DTENTRADA": "25/09/2015",
        "STR_DTPAR": "31/05/2011",
        "STR_DTPREVISTA": "26/09/2015",
        "TPCPR_ID": null,
        "TPEQP_ID": "LTR",
        "VAL_CAPACOPERCOMFATORCD": 733,
        "VAL_CAPACOPERLD": 582,
        "VAL_CAPACOPERSEMFATORCD": 733,
        "VAL_CORRPROJETOLD": 582,
        "VAL_FATORLIMITANTECD": "",
        "VAL_FATORLIMITANTELD": "",
        "VN": 230,
        "X": 3.11
      },
      "type": "Feature"
    },
    {
      "geometry": {
        "coordinates": [
          [
            -52.407106,
            -27.272557
          ],
          [
            -52.422637,
            -27.358175
          ],
          [
            -52.073431,
            -28.245118
          ],
          [
            -52.014215,
            -28.39552
          ],
          [
            -52.029794,
            -28.505138
          ],
          [
            -52.032302,
            -28.522782
          ],
          [
            -52.032302,
            -28.522783
          ],
          [
            -52.144142,
            -29.309707
          ],
          [
            -51.932491,
            -29.439616
          ],
          [
            -51.885498,
            -29.46846
          ],
          [
            -51.387566,
            -29.774086
          ],
          [
            -51.383138,
            -29.776804
          ],
          [
            -51.377303,
            -29.780385
          ],
          [
            -51.370387,
            -29.78463
          ],
          [
            -51.367048,
            -29.78668
          ],
          [
            -51.361894,
            -29.789843
          ],
          [
            -51.344221,
            -29.82239
          ]
        ],
        "type": "LineString"
      },
      "properties": {
        "AGE_NOME": "COMPANHIA DE GERA\u00c7\u00c3O E TRANSMISS\u00c3O DE ENERGIA EL\u00c9TRICA DO SUL D",
        "DTENTRADA": 1404604800000,
        "DTPAR": 1306800000000,
        "DTPREVISTA": 1401926400000,
        "EQP_ID": "SCYTA-5NSR-2RS      ",
        "EXT": 314,
        "INS_ID": "SCYTA ",
        "NOMELONGO": "LT  525 kV ITA                  / NOVA STA RITA        C 2  SC/RS       ",
        "NOMEREDE": "BASICA         ",
        "NUMDOC": "006/2011  ",
        "OBJECTID": 583,
        "R": 0.285,
        "S": 418.03,
        "SHAPE.STLength()": 3.0801228312420728,
        "STR_DTENTRADA": "06/07/2014",
        "STR_DTPAR": "31/05/2011",
        "STR_DTPREVISTA": "05/06/2014",
        "TPCPR_ID": null,
        "TPEQP_ID": "LTR",
        "VAL_CAPACOPERCOMFATORCD": 3090,
        "VAL_CAPACOPERLD": 2510,
        "VAL_CAPACOPERSEMFATORCD": 3090,
        "VAL_CORRPROJETOLD": 2510,
        "VAL_FATORLIMITANTECD": "",
        "VAL_FATORLIMITANTELD": "",
        "VN": 525,
        "X": 3.747
      },
      "type": "Feature"
    },
    {
      "geometry": {
        "coordinates": [
          [
            -55.704419,
            -30.814884
          ],
          [
            -55.576989,
            -30.831271
          ],
          [
            -55.54296,
            -30.86075
          ]
        ],
        "type": "LineString"
      },
      "properties": {
        "AGE_NOME": "TRANSMISSORA ALIAN\u00c7A DE ENERGIA EL\u00c9TRICA S A                   ",
        "DTENTRADA": 1307404800000,
        "DTPAR": null,
        "DTPREVISTA": 1312070400000,
        "EQP_ID": "RSCCH-2LIV21        ",
        "EXT": 18.5,
        "INS_ID": "RSCCH ",
        "NOMELONGO": "LT  230 kV CERRO CHATO          / LIVRAMENTO 2         C 1  RS          ",
        "NOMEREDE": "BASICA         ",
        "NUMDOC": null,
        "OBJECTID": 597,
        "R": 0.239,
        "S": 8.5,
        "SHAPE.STLength()": 0.17350213127702535,
        "STR_DTENTRADA": "07/06/2011",
        "STR_DTPAR": null,
        "STR_DTPREVISTA": "31/07/2011",
        "TPCPR_ID": null,
        "TPEQP_ID": "LTR",
        "VAL_CAPACOPERCOMFATORCD": 1152,
        "VAL_CAPACOPERLD": 960,
        "VAL_CAPACOPERSEMFATORCD": 1152,
        "VAL_CORRPROJETOLD": 960,
        "VAL_FATORLIMITANTECD": "",
        "VAL_FATORLIMITANTELD": "",
        "VN": 230,
        "X": 1.214
      },
      "type": "Feature"
    },
    {
      "geometry": {
        "coordinates": [
          [
            -52.806262,
            -29.648637
          ],
          [
            -52.791936,
            -29.617651
          ],
          [
            -52.777489,
            -29.58573
          ],
          [
            -52.766763,
            -29.562029
          ],
          [
            -52.73984,
            -29.502821
          ],
          [
            -52.731484,
            -29.484063
          ],
          [
            -52.726806,
            -29.473727
          ],
          [
            -52.71865,
            -29.455702
          ],
          [
            -53.232947,
            -29.259249
          ]
        ],
        "type": "LineString"
      },
      "properties": {
        "AGE_NOME": "CPFL TRANSMISSAO S.A.                                          ",
        "DTENTRADA": 1589932800000,
        "DTPAR": null,
        "DTPREVISTA": 1582502400000,
        "EQP_ID": "RSCDL22UITA1        ",
        "EXT": 65.89,
        "INS_ID": "RSCDL2",
        "NOMELONGO": "LT  230 kV CANDELARIA 2         / ITAUBA               C 1  RS          ",
        "NOMEREDE": "BASICA         ",
        "NUMDOC": "008/2010  ",
        "OBJECTID": 604,
        "R": 1.144,
        "S": 11.621,
        "SHAPE.STLength()": 0.762437758215161,
        "STR_DTENTRADA": "20/05/2020",
        "STR_DTPAR": null,
        "STR_DTPREVISTA": "24/02/2020",
        "TPCPR_ID": null,
        "TPEQP_ID": "LTR",
        "VAL_CAPACOPERCOMFATORCD": 1073,
        "VAL_CAPACOPERLD": 917,
        "VAL_CAPACOPERSEMFATORCD": 1073,
        "VAL_CORRPROJETOLD": 917,
        "VAL_FATORLIMITANTECD": "",
        "VAL_FATORLIMITANTELD": "",
        "VN": 230,
        "X": 6.192
      },
      "type": "Feature"
    },
    {
      "geometry": {
        "coordinates": [
          [
            -52.806124,
            -29.648696
          ],
          [
            -52.786699,
            -29.619899
          ],
          [
            -52.768135,
            -29.592428
          ],
          [
            -52.696576,
            -29.486535
          ],
          [
            -52.684544,
            -29.46873
          ],
          [
            -52.167524,
            -29.666224
          ],
          [
            -51.472009,
            -29.824563
          ],
          [
            -51.471138,
            -29.824762
          ],
          [
            -51.423094,
            -29.835699
          ],
          [
            -51.403875,
            -29.840075
          ],
          [
            -51.386062,
            -29.84413
          ],
          [
            -51.378586,
            -29.845832
          ],
          [
            -51.369892,
            -29.847811
          ],
          [
            -51.357097,
            -29.850724
          ],
          [
            -51.355045,
            -29.844642
          ],
          [
            -51.348591,
            -29.825509
          ],
          [
            -51.344685,
            -29.823639
          ]
        ],
        "type": "LineString"
      },
      "properties": {
        "AGE_NOME": "CPFL TRANSMISSAO S.A.                                          ",
        "DTENTRADA": 1589932800000,
        "DTPAR": null,
        "DTPREVISTA": 1582502400000,
        "EQP_ID": "RSCDL22NSR-1        ",
        "EXT": 156.77,
        "INS_ID": "RSCDL2",
        "NOMELONGO": "LT  230 kV CANDELARIA 2         / NOVA STA RITA        C 1  RS          ",
        "NOMEREDE": "BASICA         ",
        "NUMDOC": "008/2010  ",
        "OBJECTID": 605,
        "R": 2.711,
        "S": 27.815,
        "SHAPE.STLength()": 1.632746363112171,
        "STR_DTENTRADA": "20/05/2020",
        "STR_DTPAR": null,
        "STR_DTPREVISTA": "24/02/2020",
        "TPCPR_ID": null,
        "TPEQP_ID": "LTR",
        "VAL_CAPACOPERCOMFATORCD": 1073,
        "VAL_CAPACOPERLD": 917,
        "VAL_CAPACOPERSEMFATORCD": 1073,
        "VAL_CORRPROJETOLD": 917,
        "VAL_FATORLIMITANTECD": "",
        "VAL_FATORLIMITANTELD": "",
        "VN": 230,
        "X": 14.833
      },
      "type": "Feature"
    },
    {
      "geometry": {
        "coordinates": [
          [
            -51.063702,
            -29.692915
          ],
          [
            -51.008929,
            -29.685378
          ],
          [
            -50.793241,
            -29.655696
          ]
        ],
        "type": "LineString"
      },
      "properties": {
        "AGE_NOME": "TRANSMISSORA DE ENERGIA SUL BRASIL S.A.                        ",
        "DTENTRADA": 1663804800000,
        "DTPAR": null,
        "DTPREVISTA": 1609200000000,
        "EQP_ID": "RSCBO-2TAQ-1        ",
        "EXT": 29,
        "INS_ID": "RSCBO ",
        "NOMELONGO": "LT  230 kV CAMPO BOM            / TAQUARA              C 1  RS          ",
        "NOMEREDE": "BASICA         ",
        "NUMDOC": "008/2010  ",
        "OBJECTID": 606,
        "R": 0.5226,
        "S": 5.0656,
        "SHAPE.STLength()": 0.27300907864224877,
        "STR_DTENTRADA": "22/09/2022",
        "STR_DTPAR": null,
        "STR_DTPREVISTA": "29/12/2020",
        "TPCPR_ID": null,
        "TPEQP_ID": "LTR",
        "VAL_CAPACOPERCOMFATORCD": 895,
        "VAL_CAPACOPERLD": 590,
        "VAL_CAPACOPERSEMFATORCD": 895,
        "VAL_CORRPROJETOLD": 590,
        "VAL_FATORLIMITANTECD": "",
        "VAL_FATORLIMITANTELD": "",
        "VN": 230,
        "X": 2.8035
      },
      "type": "Feature"
    },
    {
      "geometry": {
        "coordinates": [
          [
            -51.063233,
            -29.88489
          ],
          [
            -51.062424,
            -29.884731
          ]
        ],
        "type": "LineString"
      },
      "properties": {
        "AGE_NOME": "CPFL TRANSMISSAO S.A.                                          ",
        "DTENTRADA": 662601600000,
        "DTPAR": null,
        "DTPREVISTA": null,
        "EQP_ID": "RSGRA22GRA-3        ",
        "EXT": 0.01,
        "INS_ID": "RSGRA2",
        "NOMELONGO": "LT  230 kV GRAVATAI2            / GRAVATAI             C 3  RS          ",
        "NOMEREDE": "BASICA         ",
        "NUMDOC": null,
        "OBJECTID": 635,
        "R": 0.01,
        "S": 0,
        "SHAPE.STLength()": 0.0008247157180344026,
        "STR_DTENTRADA": "31/12/1990",
        "STR_DTPAR": null,
        "STR_DTPREVISTA": null,
        "TPCPR_ID": null,
        "TPEQP_ID": "LTR",
        "VAL_CAPACOPERCOMFATORCD": null,
        "VAL_CAPACOPERLD": null,
        "VAL_CAPACOPERSEMFATORCD": null,
        "VAL_CORRPROJETOLD": null,
        "VAL_FATORLIMITANTECD": null,
        "VAL_FATORLIMITANTELD": null,
        "VN": 230,
        "X": 0.01
      },
      "type": "Feature"
    },
    {
      "geometry": {
        "coordinates": [
          [
            -51.063187,
            -29.884987
          ],
          [
            -51.062416,
            -29.884833
          ]
        ],
        "type": "LineString"
      },
      "properties": {
        "AGE_NOME": "CPFL TRANSMISSAO S.A.                                          ",
        "DTENTRADA": 662601600000,
        "DTPAR": null,
        "DTPREVISTA": null,
        "EQP_ID": "RSGRA22GRA-2        ",
        "EXT": 0.01,
        "INS_ID": "RSGRA2",
        "NOMELONGO": "LT  230 kV GRAVATAI2            / GRAVATAI             C 2  RS          ",
        "NOMEREDE": "BASICA         ",
        "NUMDOC": null,
        "OBJECTID": 636,
        "R": 0.01,
        "S": 0,
        "SHAPE.STLength()": 0.0007864013946783157,
        "STR_DTENTRADA": "31/12/1990",
        "STR_DTPAR": null,
        "STR_DTPREVISTA": null,
        "TPCPR_ID": null,
        "TPEQP_ID": "LTR",
        "VAL_CAPACOPERCOMFATORCD": null,
        "VAL_CAPACOPERLD": null,
        "VAL_CAPACOPERSEMFATORCD": null,
        "VAL_CORRPROJETOLD": null,
        "VAL_FATORLIMITANTECD": null,
        "VAL_FATORLIMITANTELD": null,
        "VN": 230,
        "X": 0.01
      },
      "type": "Feature"
    },
    {
      "geometry": {
        "coordinates": [
          [
            -51.063158,
            -29.885076
          ],
          [
            -51.062865,
            -29.885017
          ],
          [
            -51.062397,
            -29.884924
          ]
        ],
        "type": "LineString"
      },
      "properties": {
        "AGE_NOME": "CPFL TRANSMISSAO S.A.                                          ",
        "DTENTRADA": 662601600000,
        "DTPAR": null,
        "DTPREVISTA": null,
        "EQP_ID": "RSGRA22GRA-1        ",
        "EXT": 0.01,
        "INS_ID": "RSGRA2",
        "NOMELONGO": "LT  230 kV GRAVATAI2            / GRAVATAI             C 1  RS          ",
        "NOMEREDE": "BASICA         ",
        "NUMDOC": null,
        "OBJECTID": 637,
        "R": 0.01,
        "S": 0,
        "SHAPE.STLength()": 0.0007763569135243587,
        "STR_DTENTRADA": "31/12/1990",
        "STR_DTPAR": null,
        "STR_DTPREVISTA": null,
        "TPCPR_ID": null,
        "TPEQP_ID": "LTR",
        "VAL_CAPACOPERCOMFATORCD": null,
        "VAL_CAPACOPERLD": null,
        "VAL_CAPACOPERSEMFATORCD": null,
        "VAL_CORRPROJETOLD": null,
        "VAL_FATORLIMITANTECD": null,
        "VAL_FATORLIMITANTELD": null,
        "VN": 230,
        "X": 0.01
      },
      "type": "Feature"
    },
    {
      "geometry": {
        "coordinates": [
          [
            -51.172698,
            -30.044155
          ],
          [
            -51.169714,
            -30.049656
          ],
          [
            -51.162961,
            -30.051488
          ],
          [
            -51.158396,
            -30.054925
          ],
          [
            -51.148829,
            -30.056176
          ],
          [
            -51.140173,
            -30.033694
          ],
          [
            -51.112569,
            -29.961963
          ],
          [
            -51.085897,
            -29.917024
          ],
          [
            -51.080037,
            -29.901782
          ],
          [
            -51.064745,
            -29.886113
          ]
        ],
        "type": "LineString"
      },
      "properties": {
        "AGE_NOME": "CPFL TRANSMISSAO S.A.                                          ",
        "DTENTRADA": 1552780800000,
        "DTPAR": 1359590400000,
        "DTPREVISTA": 1552176000000,
        "EQP_ID": "RSGRA22JBO-1        ",
        "EXT": 34.78,
        "INS_ID": "RSGRA2",
        "NOMELONGO": "LT  230 kV GRAVATAI2            / JBO LT GRA2          C 1  RS          ",
        "NOMEREDE": "BASICA         ",
        "NUMDOC": "008/2010  ",
        "OBJECTID": 641,
        "R": 0.618,
        "S": 5.905,
        "SHAPE.STLength()": 0.2200502065613837,
        "STR_DTENTRADA": "17/03/2019",
        "STR_DTPAR": "31/01/2013",
        "STR_DTPREVISTA": "10/03/2019",
        "TPCPR_ID": null,
        "TPEQP_ID": "LTR",
        "VAL_CAPACOPERCOMFATORCD": 998,
        "VAL_CAPACOPERLD": 843,
        "VAL_CAPACOPERSEMFATORCD": 998,
        "VAL_CORRPROJETOLD": 843,
        "VAL_FATORLIMITANTECD": "",
        "VAL_FATORLIMITANTELD": "",
        "VN": 230,
        "X": 3.1
      },
      "type": "Feature"
    },
    {
      "geometry": {
        "coordinates": [
          [
            -51.172698,
            -30.044155
          ],
          [
            -51.169714,
            -30.049656
          ],
          [
            -51.162961,
            -30.051488
          ],
          [
            -51.158396,
            -30.054925
          ],
          [
            -51.148829,
            -30.056176
          ],
          [
            -51.140173,
            -30.033694
          ],
          [
            -51.112569,
            -29.961963
          ],
          [
            -51.085897,
            -29.917024
          ],
          [
            -51.080037,
            -29.901782
          ],
          [
            -51.064745,
            -29.886113
          ]
        ],
        "type": "LineString"
      },
      "properties": {
        "AGE_NOME": "CPFL TRANSMISSAO S.A.                                          ",
        "DTENTRADA": 1552780800000,
        "DTPAR": 1359590400000,
        "DTPREVISTA": 1552176000000,
        "EQP_ID": "RSGRA22JBO-1        ",
        "EXT": 34.78,
        "INS_ID": "RSGRA2",
        "NOMELONGO": "LT  230 kV GRAVATAI2            / JBO LT GRA2          C 1  RS          ",
        "NOMEREDE": "BASICA         ",
        "NUMDOC": "008/2010  ",
        "OBJECTID": 642,
        "R": 0.618,
        "S": 5.905,
        "SHAPE.STLength()": 0.2200502065613837,
        "STR_DTENTRADA": "17/03/2019",
        "STR_DTPAR": "31/01/2013",
        "STR_DTPREVISTA": "10/03/2019",
        "TPCPR_ID": null,
        "TPEQP_ID": "LTR",
        "VAL_CAPACOPERCOMFATORCD": 998,
        "VAL_CAPACOPERLD": 843,
        "VAL_CAPACOPERSEMFATORCD": 998,
        "VAL_CORRPROJETOLD": 843,
        "VAL_FATORLIMITANTECD": "",
        "VAL_FATORLIMITANTELD": "",
        "VN": 230,
        "X": 3.1
      },
      "type": "Feature"
    },
    {
      "geometry": {
        "coordinates": [
          [
            -51.173333,
            -30.044214
          ],
          [
            -51.178817,
            -30.055019
          ],
          [
            -51.196111,
            -30.051773
          ],
          [
            -51.196111,
            -30.046735
          ]
        ],
        "type": "LineString"
      },
      "properties": {
        "AGE_NOME": "CPFL TRANSMISSAO S.A.                                          ",
        "DTENTRADA": 1552780800000,
        "DTPAR": 1359590400000,
        "DTPREVISTA": 1552176000000,
        "EQP_ID": "RSJBO-2PA101        ",
        "EXT": 5.2,
        "INS_ID": "RSJBOP",
        "NOMELONGO": "LT  230 kV JBO LT PA10          / PORTOALEGRE10        C 1  RS          ",
        "NOMEREDE": "BASICA         ",
        "NUMDOC": "008/2010  ",
        "OBJECTID": 643,
        "R": 0.047,
        "S": 0.668,
        "SHAPE.STLength()": 0.034751791776728214,
        "STR_DTENTRADA": "17/03/2019",
        "STR_DTPAR": "31/01/2013",
        "STR_DTPREVISTA": "10/03/2019",
        "TPCPR_ID": null,
        "TPEQP_ID": "LTR",
        "VAL_CAPACOPERCOMFATORCD": 998,
        "VAL_CAPACOPERLD": 843,
        "VAL_CAPACOPERSEMFATORCD": 998,
        "VAL_CORRPROJETOLD": 843,
        "VAL_FATORLIMITANTECD": "",
        "VAL_FATORLIMITANTELD": "",
        "VN": 230,
        "X": 0.312
      },
      "type": "Feature"
    },
    {
      "geometry": {
        "coordinates": [
          [
            -51.173333,
            -30.044214
          ],
          [
            -51.178817,
            -30.055019
          ],
          [
            -51.196111,
            -30.051773
          ],
          [
            -51.196111,
            -30.046735
          ]
        ],
        "type": "LineString"
      },
      "properties": {
        "AGE_NOME": "CPFL TRANSMISSAO S.A.                                          ",
        "DTENTRADA": 1552780800000,
        "DTPAR": 1359590400000,
        "DTPREVISTA": 1552176000000,
        "EQP_ID": "RSJBO-2PA101        ",
        "EXT": 5.2,
        "INS_ID": "RSJBOP",
        "NOMELONGO": "LT  230 kV JBO LT PA10          / PORTOALEGRE10        C 1  RS          ",
        "NOMEREDE": "BASICA         ",
        "NUMDOC": "008/2010  ",
        "OBJECTID": 644,
        "R": 0.047,
        "S": 0.668,
        "SHAPE.STLength()": 0.034751791776728214,
        "STR_DTENTRADA": "17/03/2019",
        "STR_DTPAR": "31/01/2013",
        "STR_DTPREVISTA": "10/03/2019",
        "TPCPR_ID": null,
        "TPEQP_ID": "LTR",
        "VAL_CAPACOPERCOMFATORCD": 998,
        "VAL_CAPACOPERLD": 843,
        "VAL_CAPACOPERSEMFATORCD": 998,
        "VAL_CORRPROJETOLD": 843,
        "VAL_FATORLIMITANTECD": "",
        "VAL_FATORLIMITANTELD": "",
        "VN": 230,
        "X": 0.312
      },
      "type": "Feature"
    },
    {
      "geometry": {
        "coordinates": [
          [
            -51.163934,
            -30.124548
          ],
          [
            -51.224373,
            -30.095162
          ]
        ],
        "type": "LineString"
      },
      "properties": {
        "AGE_NOME": "TRANSMISSORA DE ENERGIA SUL BRASIL S.A.                        ",
        "DTENTRADA": 1671062400000,
        "DTPAR": 1359590400000,
        "DTPREVISTA": 1571270400000,
        "EQP_ID": "RSPA132RES-1        ",
        "EXT": 13.84,
        "INS_ID": "RSPA13",
        "NOMELONGO": "LT  230 kV PORTOALEGRE13        / RESTINGA             C 1  RS          ",
        "NOMEREDE": "BASICA         ",
        "NUMDOC": "008/2010  ",
        "OBJECTID": 646,
        "R": 0.193,
        "S": 2,
        "SHAPE.STLength()": 0.06720460728116955,
        "STR_DTENTRADA": "15/12/2022",
        "STR_DTPAR": "31/01/2013",
        "STR_DTPREVISTA": "17/10/2019",
        "TPCPR_ID": null,
        "TPEQP_ID": "LTR",
        "VAL_CAPACOPERCOMFATORCD": 895,
        "VAL_CAPACOPERLD": 590,
        "VAL_CAPACOPERSEMFATORCD": 895,
        "VAL_CORRPROJETOLD": 590,
        "VAL_FATORLIMITANTECD": "",
        "VAL_FATORLIMITANTELD": "",
        "VN": 230,
        "X": 0.985
      },
      "type": "Feature"
    },
    {
      "geometry": {
        "coordinates": [
          [
            -51.162306,
            -30.124341
          ],
          [
            -51.063932,
            -30.036171
          ]
        ],
        "type": "LineString"
      },
      "properties": {
        "AGE_NOME": "TRANSMISSORA DE ENERGIA SUL BRASIL S.A.                        ",
        "DTENTRADA": 1544054400000,
        "DTPAR": 1359590400000,
        "DTPREVISTA": 1571270400000,
        "EQP_ID": "RSRES-2VIA31        ",
        "EXT": 19,
        "INS_ID": "RSRES ",
        "NOMELONGO": "LT  230 kV RESTINGA             / VIAMAO 3             C 1  RS          ",
        "NOMEREDE": "BASICA         ",
        "NUMDOC": "008/2010  ",
        "OBJECTID": 647,
        "R": 0.303,
        "S": 3.158,
        "SHAPE.STLength()": 0.1321041159017335,
        "STR_DTENTRADA": "06/12/2018",
        "STR_DTPAR": "31/01/2013",
        "STR_DTPREVISTA": "17/10/2019",
        "TPCPR_ID": null,
        "TPEQP_ID": "LTR",
        "VAL_CAPACOPERCOMFATORCD": 895,
        "VAL_CAPACOPERLD": 590,
        "VAL_CAPACOPERSEMFATORCD": 895,
        "VAL_CORRPROJETOLD": 590,
        "VAL_FATORLIMITANTECD": "",
        "VAL_FATORLIMITANTELD": "",
        "VN": 230,
        "X": 1.562
      },
      "type": "Feature"
    },
    {
      "geometry": {
        "coordinates": [
          [
            -51.06414,
            -30.035127
          ],
          [
            -51.110184,
            -30.01549
          ],
          [
            -51.125199,
            -30.048328
          ],
          [
            -51.14231,
            -30.062707
          ]
        ],
        "type": "LineString"
      },
      "properties": {
        "AGE_NOME": "CPFL TRANSMISSAO S.A.                                          ",
        "DTENTRADA": 1482019200000,
        "DTPAR": 1359590400000,
        "DTPREVISTA": 1478736000000,
        "EQP_ID": "RSPAL62VIA31        ",
        "EXT": 8.86,
        "INS_ID": "RSPAL6",
        "NOMELONGO": "LT  230 kV PORTOALEGRE6         / VIAMAO 3             C 1  RS          ",
        "NOMEREDE": "BASICA         ",
        "NUMDOC": "008/2010  ",
        "OBJECTID": 648,
        "R": 0.1509,
        "S": 1.57,
        "SHAPE.STLength()": 0.10851509733546688,
        "STR_DTENTRADA": "18/12/2016",
        "STR_DTPAR": "31/01/2013",
        "STR_DTPREVISTA": "10/11/2016",
        "TPCPR_ID": null,
        "TPEQP_ID": "LTR",
        "VAL_CAPACOPERCOMFATORCD": 986,
        "VAL_CAPACOPERLD": 843,
        "VAL_CAPACOPERSEMFATORCD": 986,
        "VAL_CORRPROJETOLD": 843,
        "VAL_FATORLIMITANTECD": "",
        "VAL_FATORLIMITANTELD": "",
        "VN": 230,
        "X": 0.8325
      },
      "type": "Feature"
    },
    {
      "geometry": {
        "coordinates": [
          [
            -51.063961,
            -30.034903
          ],
          [
            -51.103955,
            -30.001866
          ],
          [
            -51.059425,
            -29.904475
          ],
          [
            -51.063949,
            -29.88616
          ]
        ],
        "type": "LineString"
      },
      "properties": {
        "AGE_NOME": "CPFL TRANSMISSAO S.A.                                          ",
        "DTENTRADA": 1482019200000,
        "DTPAR": 1359590400000,
        "DTPREVISTA": 1478736000000,
        "EQP_ID": "RSGRA22VIA31        ",
        "EXT": 20.63,
        "INS_ID": "RSGRA2",
        "NOMELONGO": "LT  230 kV GRAVATAI2            / VIAMAO 3             C 1  RS          ",
        "NOMEREDE": "BASICA         ",
        "NUMDOC": "008/2010  ",
        "OBJECTID": 649,
        "R": 0.3519,
        "S": 3.64,
        "SHAPE.STLength()": 0.17782829019128282,
        "STR_DTENTRADA": "18/12/2016",
        "STR_DTPAR": "31/01/2013",
        "STR_DTPREVISTA": "10/11/2016",
        "TPCPR_ID": null,
        "TPEQP_ID": "LTR",
        "VAL_CAPACOPERCOMFATORCD": 986,
        "VAL_CAPACOPERLD": 843,
        "VAL_CAPACOPERSEMFATORCD": 986,
        "VAL_CORRPROJETOLD": 843,
        "VAL_FATORLIMITANTECD": "",
        "VAL_FATORLIMITANTELD": "",
        "VN": 230,
        "X": 1.939
      },
      "type": "Feature"
    },
    {
      "geometry": {
        "coordinates": [
          [
            -53.903905,
            -28.365553
          ],
          [
            -53.938915,
            -28.411286
          ],
          [
            -54.000271,
            -28.488971
          ],
          [
            -54.000271,
            -28.488971
          ],
          [
            -54.284734,
            -28.303868
          ]
        ],
        "type": "LineString"
      },
      "properties": {
        "AGE_NOME": "CPFL TRANSMISSAO S.A.                                          ",
        "DTENTRADA": 1365897600000,
        "DTPAR": 1359590400000,
        "DTPREVISTA": 1367280000000,
        "EQP_ID": "RSIJU22SAG21        ",
        "EXT": 43.22,
        "INS_ID": "RSIJU2",
        "NOMELONGO": "LT  230 kV IJUI 2               / SANTO ANGELO2        C 1  RS          ",
        "NOMEREDE": "BASICA         ",
        "NUMDOC": "001/2010  ",
        "OBJECTID": 650,
        "R": 0.88,
        "S": 7.562,
        "SHAPE.STLength()": 0.4959739297565867,
        "STR_DTENTRADA": "14/04/2013",
        "STR_DTPAR": "31/01/2013",
        "STR_DTPREVISTA": "30/04/2013",
        "TPCPR_ID": null,
        "TPEQP_ID": "LTR",
        "VAL_CAPACOPERCOMFATORCD": 964,
        "VAL_CAPACOPERLD": 826,
        "VAL_CAPACOPERSEMFATORCD": 964,
        "VAL_CORRPROJETOLD": 826,
        "VAL_FATORLIMITANTECD": "Cabo condutor",
        "VAL_FATORLIMITANTELD": "Cabo condutor",
        "VN": 230,
        "X": 4.11
      },
      "type": "Feature"
    },
    {
      "geometry": {
        "coordinates": [
          [
            -51.004379,
            -29.351846
          ],
          [
            -51.031209,
            -29.353481
          ],
          [
            -51.049107,
            -29.354572
          ],
          [
            -51.071871,
            -29.355993
          ],
          [
            -51.098226,
            -29.357638
          ],
          [
            -51.065461,
            -29.389538
          ],
          [
            -50.792911,
            -29.654885
          ]
        ],
        "type": "LineString"
      },
      "properties": {
        "AGE_NOME": "CPFL TRANSMISSAO S.A.                                          ",
        "DTENTRADA": 1351900800000,
        "DTPAR": 1327968000000,
        "DTPREVISTA": 1354406400000,
        "EQP_ID": "RSNPE22TAQ-1        ",
        "EXT": 27,
        "INS_ID": "RSNPE2",
        "NOMELONGO": "LT  230 kV N.PETROPOLIS2        / TAQUARA              C 1  RS          ",
        "NOMEREDE": "BASICA         ",
        "NUMDOC": "001/2010  ",
        "OBJECTID": 651,
        "R": 0.677,
        "S": 7.2,
        "SHAPE.STLength()": 0.5201380091969295,
        "STR_DTENTRADA": "03/11/2012",
        "STR_DTPAR": "31/01/2012",
        "STR_DTPREVISTA": "02/12/2012",
        "TPCPR_ID": null,
        "TPEQP_ID": "LTR",
        "VAL_CAPACOPERCOMFATORCD": 1073,
        "VAL_CAPACOPERLD": 917,
        "VAL_CAPACOPERSEMFATORCD": 1073,
        "VAL_CORRPROJETOLD": 917,
        "VAL_FATORLIMITANTECD": "",
        "VAL_FATORLIMITANTELD": "",
        "VN": 230,
        "X": 3.787
      },
      "type": "Feature"
    },
    {
      "geometry": {
        "coordinates": [
          [
            -51.004382,
            -29.351783
          ],
          [
            -51.015188,
            -29.351785
          ],
          [
            -51.032314,
            -29.351785
          ],
          [
            -51.072664,
            -29.351844
          ],
          [
            -51.104131,
            -29.351889
          ],
          [
            -51.190979,
            -29.267337
          ]
        ],
        "type": "LineString"
      },
      "properties": {
        "AGE_NOME": "CPFL TRANSMISSAO S.A.                                          ",
        "DTENTRADA": 1351900800000,
        "DTPAR": 1327968000000,
        "DTPREVISTA": 1354406400000,
        "EQP_ID": "RSCAX-2NPE21        ",
        "EXT": 27,
        "INS_ID": "RSCAX ",
        "NOMELONGO": "LT  230 kV CAXIAS               / N.PETROPOLIS2        C 1  RS          ",
        "NOMEREDE": "BASICA         ",
        "NUMDOC": "001/2010  ",
        "OBJECTID": 652,
        "R": 0.405,
        "S": 3.973,
        "SHAPE.STLength()": 0.22095813386924382,
        "STR_DTENTRADA": "03/11/2012",
        "STR_DTPAR": "31/01/2012",
        "STR_DTPREVISTA": "02/12/2012",
        "TPCPR_ID": null,
        "TPEQP_ID": "LTR",
        "VAL_CAPACOPERCOMFATORCD": 1073,
        "VAL_CAPACOPERLD": 917,
        "VAL_CAPACOPERSEMFATORCD": 1073,
        "VAL_CORRPROJETOLD": 917,
        "VAL_FATORLIMITANTECD": "",
        "VAL_FATORLIMITANTELD": "",
        "VN": 230,
        "X": 2.265
      },
      "type": "Feature"
    },
    {
      "geometry": {
        "coordinates": [
          [
            -53.051817,
            -27.140273
          ],
          [
            -53.044294,
            -27.140273
          ]
        ],
        "type": "LineString"
      },
      "properties": {
        "AGE_NOME": "Foz do Chapec\u00f3 Energia S.A.                                    ",
        "DTENTRADA": 1290470400000,
        "DTPAR": null,
        "DTPREVISTA": 1356825600000,
        "EQP_ID": "RSUHFC2FCO-2        ",
        "EXT": 1.46264,
        "INS_ID": "RSUHFC",
        "NOMELONGO": "LT  230 kV U.FOZ CHAPECO        / FOZ CHAPECO          C 2  RS          ",
        "NOMEREDE": "COMPLEMENTAR   ",
        "NUMDOC": null,
        "OBJECTID": 664,
        "R": 0.01,
        "S": 0,
        "SHAPE.STLength()": 0.007523607000000001,
        "STR_DTENTRADA": "23/11/2010",
        "STR_DTPAR": null,
        "STR_DTPREVISTA": "30/12/2012",
        "TPCPR_ID": null,
        "TPEQP_ID": "LTR",
        "VAL_CAPACOPERCOMFATORCD": null,
        "VAL_CAPACOPERLD": null,
        "VAL_CAPACOPERSEMFATORCD": null,
        "VAL_CORRPROJETOLD": null,
        "VAL_FATORLIMITANTECD": null,
        "VAL_FATORLIMITANTELD": null,
        "VN": 230,
        "X": 0.01
      },
      "type": "Feature"
    },
    {
      "geometry": {
        "coordinates": [
          [
            -53.05177,
            -27.14
          ],
          [
            -53.044341,
            -27.14
          ]
        ],
        "type": "LineString"
      },
      "properties": {
        "AGE_NOME": "Foz do Chapec\u00f3 Energia S.A.                                    ",
        "DTENTRADA": 1287014400000,
        "DTPAR": null,
        "DTPREVISTA": 1356825600000,
        "EQP_ID": "RSUHFC2FCO-1        ",
        "EXT": 1.46264,
        "INS_ID": "RSUHFC",
        "NOMELONGO": "LT  230 kV U.FOZ CHAPECO        / FOZ CHAPECO          C 1  RS          ",
        "NOMEREDE": "COMPLEMENTAR   ",
        "NUMDOC": null,
        "OBJECTID": 665,
        "R": 0.01,
        "S": 0,
        "SHAPE.STLength()": 0.007428967000000001,
        "STR_DTENTRADA": "14/10/2010",
        "STR_DTPAR": null,
        "STR_DTPREVISTA": "30/12/2012",
        "TPCPR_ID": null,
        "TPEQP_ID": "LTR",
        "VAL_CAPACOPERCOMFATORCD": null,
        "VAL_CAPACOPERLD": null,
        "VAL_CAPACOPERSEMFATORCD": null,
        "VAL_CORRPROJETOLD": null,
        "VAL_FATORLIMITANTECD": null,
        "VAL_FATORLIMITANTELD": null,
        "VN": 230,
        "X": 0.01
      },
      "type": "Feature"
    },
    {
      "geometry": {
        "coordinates": [
          [
            -51.14911,
            -29.146425
          ],
          [
            -51.158873,
            -29.146425
          ],
          [
            -51.157739,
            -29.142266
          ]
        ],
        "type": "LineString"
      },
      "properties": {
        "AGE_NOME": "CPFL TRANSMISSAO S.A.                                          ",
        "DTENTRADA": 1259539200000,
        "DTPAR": null,
        "DTPREVISTA": 1256947200000,
        "EQP_ID": "RSCTT-2CAX21        ",
        "EXT": 1.7,
        "INS_ID": "RSCTT ",
        "NOMELONGO": "LT  230 kV CASTERTECH           / CAXIAS SUL 2         C 1  RS          ",
        "NOMEREDE": "BASICA         ",
        "NUMDOC": "2081/09   ",
        "OBJECTID": 714,
        "R": 0.034,
        "S": 0.3,
        "SHAPE.STLength()": 0.014074539487562595,
        "STR_DTENTRADA": "30/11/2009",
        "STR_DTPAR": null,
        "STR_DTPREVISTA": "31/10/2009",
        "TPCPR_ID": null,
        "TPEQP_ID": "LTR",
        "VAL_CAPACOPERCOMFATORCD": 1073,
        "VAL_CAPACOPERLD": 917,
        "VAL_CAPACOPERSEMFATORCD": 1073,
        "VAL_CORRPROJETOLD": 917,
        "VAL_FATORLIMITANTECD": "",
        "VAL_FATORLIMITANTELD": "",
        "VN": 230,
        "X": 0.17
      },
      "type": "Feature"
    },
    {
      "geometry": {
        "coordinates": [
          [
            -51.123805,
            -29.165834
          ],
          [
            -51.16418,
            -29.165883
          ],
          [
            -51.191428,
            -29.26579
          ]
        ],
        "type": "LineString"
      },
      "properties": {
        "AGE_NOME": "CPFL TRANSMISSAO S.A.                                          ",
        "DTENTRADA": 1345420800000,
        "DTPAR": 1296432000000,
        "DTPREVISTA": 1343692800000,
        "EQP_ID": "RSCAX-2CAX61        ",
        "EXT": 19.363,
        "INS_ID": "RSCAX ",
        "NOMELONGO": "LT  230 kV CAXIAS               / CAXIAS 6             C 1  RS          ",
        "NOMEREDE": "BASICA         ",
        "NUMDOC": "001/2010  ",
        "OBJECTID": 745,
        "R": 0.387,
        "S": 3.39,
        "SHAPE.STLength()": 0.1439305355319538,
        "STR_DTENTRADA": "20/08/2012",
        "STR_DTPAR": "31/01/2011",
        "STR_DTPREVISTA": "31/07/2012",
        "TPCPR_ID": null,
        "TPEQP_ID": "LTR",
        "VAL_CAPACOPERCOMFATORCD": 1072,
        "VAL_CAPACOPERLD": 916,
        "VAL_CAPACOPERSEMFATORCD": 1072,
        "VAL_CORRPROJETOLD": 916,
        "VAL_FATORLIMITANTECD": "",
        "VAL_FATORLIMITANTELD": "",
        "VN": 230,
        "X": 1.936
      },
      "type": "Feature"
    },
    {
      "geometry": {
        "coordinates": [
          [
            -51.123787,
            -29.165666
          ],
          [
            -51.162379,
            -29.159278
          ],
          [
            -51.159414,
            -29.148406
          ],
          [
            -51.149091,
            -29.146601
          ]
        ],
        "type": "LineString"
      },
      "properties": {
        "AGE_NOME": "CPFL TRANSMISSAO S.A.                                          ",
        "DTENTRADA": 1345420800000,
        "DTPAR": 1296432000000,
        "DTPREVISTA": 1343692800000,
        "EQP_ID": "RSCTT-2CAX61        ",
        "EXT": 4.254,
        "INS_ID": "RSCTT ",
        "NOMELONGO": "LT  230 kV CASTERTECH           / CAXIAS 6             C 1  RS          ",
        "NOMEREDE": "BASICA         ",
        "NUMDOC": "001/2010  ",
        "OBJECTID": 746,
        "R": 0.084,
        "S": 0.739,
        "SHAPE.STLength()": 0.060865409869661956,
        "STR_DTENTRADA": "20/08/2012",
        "STR_DTPAR": "31/01/2011",
        "STR_DTPREVISTA": "31/07/2012",
        "TPCPR_ID": null,
        "TPEQP_ID": "LTR",
        "VAL_CAPACOPERCOMFATORCD": 1072,
        "VAL_CAPACOPERLD": 916,
        "VAL_CAPACOPERSEMFATORCD": 1072,
        "VAL_CORRPROJETOLD": 916,
        "VAL_FATORLIMITANTECD": "",
        "VAL_FATORLIMITANTELD": "",
        "VN": 230,
        "X": 0.422
      },
      "type": "Feature"
    },
    {
      "geometry": {
        "coordinates": [
          [
            -53.053483,
            -27.140644
          ],
          [
            -53.568738,
            -27.611299
          ]
        ],
        "type": "LineString"
      },
      "properties": {
        "AGE_NOME": "COMPANHIA DE GERA\u00c7\u00c3O E TRANSMISS\u00c3O DE ENERGIA EL\u00c9TRICA DO SUL D",
        "DTENTRADA": 1287014400000,
        "DTPAR": null,
        "DTPREVISTA": 1288483200000,
        "EQP_ID": "RSFCO-2GRT-1        ",
        "EXT": 70,
        "INS_ID": "SCFCO ",
        "NOMELONGO": "LT  230 kV FOZ CHAPECO          / GUARITA              C 1  RS          ",
        "NOMEREDE": "BASICA         ",
        "NUMDOC": null,
        "OBJECTID": 823,
        "R": 1.256,
        "S": 13.624,
        "SHAPE.STLength()": 0.6978558191471125,
        "STR_DTENTRADA": "14/10/2010",
        "STR_DTPAR": null,
        "STR_DTPREVISTA": "31/10/2010",
        "TPCPR_ID": null,
        "TPEQP_ID": "LTR",
        "VAL_CAPACOPERCOMFATORCD": 944,
        "VAL_CAPACOPERLD": 807,
        "VAL_CAPACOPERSEMFATORCD": 944,
        "VAL_CORRPROJETOLD": 807,
        "VAL_FATORLIMITANTECD": "Cabo condutor",
        "VAL_FATORLIMITANTELD": "Cabo condutor ",
        "VN": 230,
        "X": 7.044
      },
      "type": "Feature"
    },
    {
      "geometry": {
        "coordinates": [
          [
            -53.052311,
            -27.139201
          ],
          [
            -53.04661,
            -27.129459
          ],
          [
            -52.728049,
            -26.995111
          ],
          [
            -52.688133,
            -26.978277
          ],
          [
            -52.458287,
            -26.881343
          ],
          [
            -52.4292,
            -26.869076
          ],
          [
            -52.415016,
            -26.863094
          ],
          [
            -52.394059,
            -26.861997
          ]
        ],
        "type": "LineString"
      },
      "properties": {
        "AGE_NOME": "COMPANHIA DE GERA\u00c7\u00c3O E TRANSMISS\u00c3O DE ENERGIA EL\u00c9TRICA DO SUL D",
        "DTENTRADA": 1288051200000,
        "DTPAR": null,
        "DTPREVISTA": 1288483200000,
        "EQP_ID": "RSFCO-2XAN-2SC      ",
        "EXT": 68,
        "INS_ID": "SCFCO ",
        "NOMELONGO": "LT  230 kV FOZ CHAPECO          / XANXERE ESU          C 2  RS/SC       ",
        "NOMEREDE": "BASICA         ",
        "NUMDOC": null,
        "OBJECTID": 824,
        "R": 0.774,
        "S": 19.56,
        "SHAPE.STLength()": 0.7177368870028754,
        "STR_DTENTRADA": "26/10/2010",
        "STR_DTPAR": null,
        "STR_DTPREVISTA": "31/10/2010",
        "TPCPR_ID": null,
        "TPEQP_ID": "LTR",
        "VAL_CAPACOPERCOMFATORCD": 1598,
        "VAL_CAPACOPERLD": 1299,
        "VAL_CAPACOPERSEMFATORCD": 1598,
        "VAL_CORRPROJETOLD": 1299,
        "VAL_FATORLIMITANTECD": "Cabo condutor",
        "VAL_FATORLIMITANTELD": "Cabo condutor",
        "VN": 230,
        "X": 4.993
      },
      "type": "Feature"
    },
    {
      "geometry": {
        "coordinates": [
          [
            -53.051866,
            -27.139616
          ],
          [
            -52.721123,
            -27.000216
          ],
          [
            -52.681283,
            -26.983425
          ],
          [
            -52.457278,
            -26.889013
          ],
          [
            -52.428192,
            -26.876753
          ],
          [
            -52.393966,
            -26.862328
          ]
        ],
        "type": "LineString"
      },
      "properties": {
        "AGE_NOME": "COMPANHIA DE GERA\u00c7\u00c3O E TRANSMISS\u00c3O DE ENERGIA EL\u00c9TRICA DO SUL D",
        "DTENTRADA": 1288051200000,
        "DTPAR": null,
        "DTPREVISTA": 1288483200000,
        "EQP_ID": "RSFCO-2XAN-1SC      ",
        "EXT": 68,
        "INS_ID": "SCFCO ",
        "NOMELONGO": "LT  230 kV FOZ CHAPECO          / XANXERE ESU          C 1  RS/SC       ",
        "NOMEREDE": "BASICA         ",
        "NUMDOC": null,
        "OBJECTID": 825,
        "R": 0.796,
        "S": 19.182,
        "SHAPE.STLength()": 0.713947819236432,
        "STR_DTENTRADA": "26/10/2010",
        "STR_DTPAR": null,
        "STR_DTPREVISTA": "31/10/2010",
        "TPCPR_ID": null,
        "TPEQP_ID": "LTR",
        "VAL_CAPACOPERCOMFATORCD": 1598,
        "VAL_CAPACOPERLD": 1299,
        "VAL_CAPACOPERSEMFATORCD": 1598,
        "VAL_CORRPROJETOLD": 1299,
        "VAL_FATORLIMITANTECD": "Cabo condutor",
        "VAL_FATORLIMITANTELD": "Cabo condutor",
        "VN": 230,
        "X": 5.176
      },
      "type": "Feature"
    },
    {
      "geometry": {
        "coordinates": [
          [
            -54.69617,
            -29.694741
          ],
          [
            -54.697744,
            -29.698722
          ],
          [
            -55.721748,
            -29.777143
          ]
        ],
        "type": "LineString"
      },
      "properties": {
        "AGE_NOME": "CPFL TRANSMISSAO S.A.                                          ",
        "DTENTRADA": 1433635200000,
        "DTPAR": 1088553600000,
        "DTPREVISTA": 1435622400000,
        "EQP_ID": "RSALE22SVI-1        ",
        "EXT": 104.02,
        "INS_ID": "RSALE2",
        "NOMELONGO": "LT  230 kV ALEGRETE2            / S.VICENTE SUL        C 1  RS          ",
        "NOMEREDE": "BASICA         ",
        "NUMDOC": "1700/08   ",
        "OBJECTID": 833,
        "R": 1.551,
        "S": 18.47,
        "SHAPE.STLength()": 1.0312836558485405,
        "STR_DTENTRADA": "07/06/2015",
        "STR_DTPAR": "30/06/2004",
        "STR_DTPREVISTA": "30/06/2015",
        "TPCPR_ID": null,
        "TPEQP_ID": "LTR",
        "VAL_CAPACOPERCOMFATORCD": 919,
        "VAL_CAPACOPERLD": 729,
        "VAL_CAPACOPERSEMFATORCD": 919,
        "VAL_CORRPROJETOLD": 729,
        "VAL_FATORLIMITANTECD": "",
        "VAL_FATORLIMITANTELD": "",
        "VN": 230,
        "X": 9.624
      },
      "type": "Feature"
    },
    {
      "geometry": {
        "coordinates": [
          [
            -51.316587,
            -30.01488
          ],
          [
            -51.309744,
            -30.022565
          ],
          [
            -51.339473,
            -30.0727
          ],
          [
            -51.367684,
            -30.115943
          ],
          [
            -51.381054,
            -30.129215
          ]
        ],
        "type": "LineString"
      },
      "properties": {
        "AGE_NOME": "CPFL TRANSMISSAO S.A.                                          ",
        "DTENTRADA": 1524960000000,
        "DTPAR": 1141084800000,
        "DTPREVISTA": 1510185600000,
        "EQP_ID": "RSELD-2GUA21        ",
        "EXT": 14.89,
        "INS_ID": "RSELD ",
        "NOMELONGO": "LT  230 kV ELDORADO SUL         / GUAIBA 2             C 1  RS          ",
        "NOMEREDE": "BASICA         ",
        "NUMDOC": "1734/08   ",
        "OBJECTID": 834,
        "R": 0.297,
        "S": 2.72,
        "SHAPE.STLength()": 0.13904700587518784,
        "STR_DTENTRADA": "29/04/2018",
        "STR_DTPAR": "28/02/2006",
        "STR_DTPREVISTA": "09/11/2017",
        "TPCPR_ID": null,
        "TPEQP_ID": "LTR",
        "VAL_CAPACOPERCOMFATORCD": 856,
        "VAL_CAPACOPERLD": 679,
        "VAL_CAPACOPERSEMFATORCD": 856,
        "VAL_CORRPROJETOLD": 679,
        "VAL_FATORLIMITANTECD": "",
        "VAL_FATORLIMITANTELD": "",
        "VN": 230,
        "X": 1.45
      },
      "type": "Feature"
    },
    {
      "geometry": {
        "coordinates": [
          [
            -51.191868,
            -29.947221
          ],
          [
            -51.198422,
            -29.947214
          ],
          [
            -51.202881,
            -29.956757
          ],
          [
            -51.19624,
            -29.970282
          ]
        ],
        "type": "LineString"
      },
      "properties": {
        "AGE_NOME": "CPFL TRANSMISSAO S.A.                                          ",
        "DTENTRADA": 1509235200000,
        "DTPAR": 1141084800000,
        "DTPREVISTA": 1506729600000,
        "EQP_ID": "RSCNA12PAL91        ",
        "EXT": 3.46,
        "INS_ID": "RSCNA1",
        "NOMELONGO": "LT  230 kV CANOAS 1             / PORTO ALEGRE9        C 1  RS          ",
        "NOMEREDE": "BASICA         ",
        "NUMDOC": "1734/08   ",
        "OBJECTID": 835,
        "R": 0.0592,
        "S": 0.6651,
        "SHAPE.STLength()": 0.03215492538280621,
        "STR_DTENTRADA": "29/10/2017",
        "STR_DTPAR": "28/02/2006",
        "STR_DTPREVISTA": "30/09/2017",
        "TPCPR_ID": null,
        "TPEQP_ID": "LTR",
        "VAL_CAPACOPERCOMFATORCD": 856,
        "VAL_CAPACOPERLD": 679,
        "VAL_CAPACOPERSEMFATORCD": 856,
        "VAL_CORRPROJETOLD": 679,
        "VAL_FATORLIMITANTECD": "",
        "VAL_FATORLIMITANTELD": "",
        "VN": 230,
        "X": 0.3039
      },
      "type": "Feature"
    },
    {
      "geometry": {
        "coordinates": [
          [
            -51.985432,
            -29.465174
          ],
          [
            -53.068089,
            -29.010375
          ],
          [
            -53.187865,
            -29.016889
          ]
        ],
        "type": "LineString"
      },
      "properties": {
        "AGE_NOME": "CPFL TRANSMISSAO S.A.                                          ",
        "DTENTRADA": 1247356800000,
        "DTPAR": 1088553600000,
        "DTPREVISTA": 1248998400000,
        "EQP_ID": "RSLAJ22UPRE1        ",
        "EXT": 136.6,
        "INS_ID": "RSLAJ2",
        "NOMELONGO": "LT  230 kV LAJEADO 2            / PASSO REAL           C 1  RS          ",
        "NOMEREDE": "BASICA         ",
        "NUMDOC": "538       ",
        "OBJECTID": 836,
        "R": 2.44,
        "S": 24.659,
        "SHAPE.STLength()": 1.2942561289723882,
        "STR_DTENTRADA": "12/07/2009",
        "STR_DTPAR": "30/06/2004",
        "STR_DTPREVISTA": "31/07/2009",
        "TPCPR_ID": null,
        "TPEQP_ID": "LTR",
        "VAL_CAPACOPERCOMFATORCD": 801,
        "VAL_CAPACOPERLD": 564,
        "VAL_CAPACOPERSEMFATORCD": 801,
        "VAL_CORRPROJETOLD": 564,
        "VAL_FATORLIMITANTECD": "",
        "VAL_FATORLIMITANTELD": "",
        "VN": 230,
        "X": 13.4
      },
      "type": "Feature"
    },
    {
      "geometry": {
        "coordinates": [
          [
            -52.547951,
            -29.713139
          ],
          [
            -52.571093,
            -29.733536
          ],
          [
            -52.768135,
            -29.592428
          ],
          [
            -52.777489,
            -29.58573
          ],
          [
            -53.233093,
            -29.259459
          ]
        ],
        "type": "LineString"
      },
      "properties": {
        "AGE_NOME": "CPFL TRANSMISSAO S.A.                                          ",
        "DTENTRADA": 1247961600000,
        "DTPAR": 1088553600000,
        "DTPREVISTA": 1248998400000,
        "EQP_ID": "RSUITA2SCR11        ",
        "EXT": 129.4,
        "INS_ID": "RSUITA",
        "NOMELONGO": "LT  230 kV ITAUBA               / SANTA CRUZ1          C 1  RS          ",
        "NOMEREDE": "BASICA         ",
        "NUMDOC": "538       ",
        "OBJECTID": 838,
        "R": 2.21,
        "S": 22.064,
        "SHAPE.STLength()": 0.8450918214206785,
        "STR_DTENTRADA": "19/07/2009",
        "STR_DTPAR": "30/06/2004",
        "STR_DTPREVISTA": "31/07/2009",
        "TPCPR_ID": null,
        "TPEQP_ID": "LTR",
        "VAL_CAPACOPERCOMFATORCD": 919,
        "VAL_CAPACOPERLD": 729,
        "VAL_CAPACOPERSEMFATORCD": 919,
        "VAL_CORRPROJETOLD": 729,
        "VAL_FATORLIMITANTECD": "",
        "VAL_FATORLIMITANTELD": "",
        "VN": 230,
        "X": 12.08
      },
      "type": "Feature"
    },
    {
      "geometry": {
        "coordinates": [
          [
            -54.932797,
            -28.389196
          ],
          [
            -54.947052,
            -28.430617
          ],
          [
            -55.994849,
            -28.688646
          ]
        ],
        "type": "LineString"
      },
      "properties": {
        "AGE_NOME": "CPFL TRANSMISSAO S.A.                                          ",
        "DTENTRADA": 1276905600000,
        "DTPAR": 1248998400000,
        "DTPREVISTA": 1277856000000,
        "EQP_ID": "RSMIS-2SBO21        ",
        "EXT": 112,
        "INS_ID": "RSMIS ",
        "NOMELONGO": "LT  230 kV MISSOES              / SAO BORJA2           C 1  RS          ",
        "NOMEREDE": "BASICA         ",
        "NUMDOC": "006/2008  ",
        "OBJECTID": 839,
        "R": 1.962,
        "S": 17.27,
        "SHAPE.STLength()": 1.1229054676849202,
        "STR_DTENTRADA": "19/06/2010",
        "STR_DTPAR": "31/07/2009",
        "STR_DTPREVISTA": "30/06/2010",
        "TPCPR_ID": null,
        "TPEQP_ID": "LTR",
        "VAL_CAPACOPERCOMFATORCD": 998,
        "VAL_CAPACOPERLD": 853,
        "VAL_CAPACOPERSEMFATORCD": 998,
        "VAL_CORRPROJETOLD": 853,
        "VAL_FATORLIMITANTECD": "",
        "VAL_FATORLIMITANTELD": "",
        "VN": 230,
        "X": 10.706
      },
      "type": "Feature"
    },
    {
      "geometry": {
        "coordinates": [
          [
            -54.932797,
            -28.389196
          ],
          [
            -54.947052,
            -28.430617
          ],
          [
            -55.994849,
            -28.688646
          ]
        ],
        "type": "LineString"
      },
      "properties": {
        "AGE_NOME": "CPFL TRANSMISSAO S.A.                                          ",
        "DTENTRADA": 1276905600000,
        "DTPAR": 1248998400000,
        "DTPREVISTA": 1277856000000,
        "EQP_ID": "RSMIS-2SBO21        ",
        "EXT": 112,
        "INS_ID": "RSMIS ",
        "NOMELONGO": "LT  230 kV MISSOES              / SAO BORJA2           C 1  RS          ",
        "NOMEREDE": "BASICA         ",
        "NUMDOC": "006/2008  ",
        "OBJECTID": 840,
        "R": 1.962,
        "S": 17.27,
        "SHAPE.STLength()": 1.1229054676849202,
        "STR_DTENTRADA": "19/06/2010",
        "STR_DTPAR": "31/07/2009",
        "STR_DTPREVISTA": "30/06/2010",
        "TPCPR_ID": null,
        "TPEQP_ID": "LTR",
        "VAL_CAPACOPERCOMFATORCD": 998,
        "VAL_CAPACOPERLD": 853,
        "VAL_CAPACOPERSEMFATORCD": 998,
        "VAL_CORRPROJETOLD": 853,
        "VAL_FATORLIMITANTECD": "",
        "VAL_FATORLIMITANTELD": "",
        "VN": 230,
        "X": 10.706
      },
      "type": "Feature"
    },
    {
      "geometry": {
        "coordinates": [
          [
            -51.381363,
            -30.130734
          ],
          [
            -51.378472,
            -30.137231
          ],
          [
            -51.804692,
            -30.809489
          ],
          [
            -51.805088,
            -30.810114
          ],
          [
            -51.807296,
            -30.813597
          ],
          [
            -51.81561,
            -30.826709
          ]
        ],
        "type": "LineString"
      },
      "properties": {
        "AGE_NOME": "CPFL TRANSMISSAO S.A.                                          ",
        "DTENTRADA": 1283040000000,
        "DTPAR": 1138665600000,
        "DTPREVISTA": 1287964800000,
        "EQP_ID": "RSCAM-2GUA21        ",
        "EXT": 87.25,
        "INS_ID": "RSCAM ",
        "NOMELONGO": "LT  230 kV CAMAQUA              / GUAIBA 2             C 1  RS          ",
        "NOMEREDE": "BASICA         ",
        "NUMDOC": "538       ",
        "OBJECTID": 845,
        "R": 1.711,
        "S": 15.32,
        "SHAPE.STLength()": 0.8234877977715414,
        "STR_DTENTRADA": "29/08/2010",
        "STR_DTPAR": "31/01/2006",
        "STR_DTPREVISTA": "25/10/2010",
        "TPCPR_ID": null,
        "TPEQP_ID": "LTR",
        "VAL_CAPACOPERCOMFATORCD": 856,
        "VAL_CAPACOPERLD": 679,
        "VAL_CAPACOPERSEMFATORCD": 856,
        "VAL_CORRPROJETOLD": 679,
        "VAL_FATORLIMITANTECD": "",
        "VAL_FATORLIMITANTELD": "",
        "VN": 230,
        "X": 8.55
      },
      "type": "Feature"
    },
    {
      "geometry": {
        "coordinates": [
          [
            -52.405935,
            -27.271674
          ],
          [
            -52.403225,
            -27.271693
          ],
          [
            -52.399973,
            -27.27013
          ],
          [
            -52.398824,
            -27.268288
          ]
        ],
        "type": "LineString"
      },
      "properties": {
        "AGE_NOME": "ENGIE BRASIL ENERGIA S.A.                                      ",
        "DTENTRADA": 960681600000,
        "DTPAR": null,
        "DTPREVISTA": null,
        "EQP_ID": "SCYTA-5UHIT2        ",
        "EXT": 0.01,
        "INS_ID": "SCYTA ",
        "NOMELONGO": "LT  525 kV ITA                  / U.ITA                C 2  SC          ",
        "NOMEREDE": "COMPLEMENTAR   ",
        "NUMDOC": null,
        "OBJECTID": 859,
        "R": 0.01,
        "S": 2.9,
        "SHAPE.STLength()": 0.008489505942098801,
        "STR_DTENTRADA": "11/06/2000",
        "STR_DTPAR": null,
        "STR_DTPREVISTA": null,
        "TPCPR_ID": null,
        "TPEQP_ID": "LTR",
        "VAL_CAPACOPERCOMFATORCD": null,
        "VAL_CAPACOPERLD": null,
        "VAL_CAPACOPERSEMFATORCD": null,
        "VAL_CORRPROJETOLD": null,
        "VAL_FATORLIMITANTECD": null,
        "VAL_FATORLIMITANTELD": null,
        "VN": 525,
        "X": 0.023
      },
      "type": "Feature"
    },
    {
      "geometry": {
        "coordinates": [
          [
            -52.406057,
            -27.271237
          ],
          [
            -52.39922,
            -27.267929
          ]
        ],
        "type": "LineString"
      },
      "properties": {
        "AGE_NOME": "ENGIE BRASIL ENERGIA S.A.                                      ",
        "DTENTRADA": 960681600000,
        "DTPAR": null,
        "DTPREVISTA": null,
        "EQP_ID": "SCYTA-5UHIT1        ",
        "EXT": 0.01,
        "INS_ID": "SCYTA ",
        "NOMELONGO": "LT  525 kV ITA                  / U.ITA                C 1  SC          ",
        "NOMEREDE": "COMPLEMENTAR   ",
        "NUMDOC": null,
        "OBJECTID": 860,
        "R": 0.01,
        "S": 2.9,
        "SHAPE.STLength()": 0.0075946623050903335,
        "STR_DTENTRADA": "11/06/2000",
        "STR_DTPAR": null,
        "STR_DTPREVISTA": null,
        "TPCPR_ID": null,
        "TPEQP_ID": "LTR",
        "VAL_CAPACOPERCOMFATORCD": null,
        "VAL_CAPACOPERLD": null,
        "VAL_CAPACOPERSEMFATORCD": null,
        "VAL_CORRPROJETOLD": null,
        "VAL_FATORLIMITANTECD": null,
        "VAL_FATORLIMITANTELD": null,
        "VN": 525,
        "X": 0.023
      },
      "type": "Feature"
    },
    {
      "geometry": {
        "coordinates": [
          [
            -53.667711,
            -31.550114
          ],
          [
            -53.680901,
            -31.551553
          ]
        ],
        "type": "LineString"
      },
      "properties": {
        "AGE_NOME": "\u00c2mbar Uruguaiana Energia S.A.                                  ",
        "DTENTRADA": 1293840000000,
        "DTPAR": null,
        "DTPREVISTA": 1293753600000,
        "EQP_ID": "RSUTEC2PME-1        ",
        "EXT": 0.3,
        "INS_ID": "RSUTEC",
        "NOMELONGO": "LT  230 kV CANDIOTA III         / PRE.MEDICI           C 1  RS          ",
        "NOMEREDE": "COMPLEMENTAR   ",
        "NUMDOC": null,
        "OBJECTID": 897,
        "R": 0.002,
        "S": 0,
        "SHAPE.STLength()": 0.013267715894362904,
        "STR_DTENTRADA": "01/01/2011",
        "STR_DTPAR": null,
        "STR_DTPREVISTA": "31/12/2010",
        "TPCPR_ID": null,
        "TPEQP_ID": "LTR",
        "VAL_CAPACOPERCOMFATORCD": null,
        "VAL_CAPACOPERLD": null,
        "VAL_CAPACOPERSEMFATORCD": null,
        "VAL_CORRPROJETOLD": null,
        "VAL_FATORLIMITANTECD": null,
        "VAL_FATORLIMITANTELD": null,
        "VN": 230,
        "X": 0.011
      },
      "type": "Feature"
    },
    {
      "geometry": {
        "coordinates": [
          [
            -51.380738,
            -30.130136
          ],
          [
            -51.363324,
            -30.134379
          ],
          [
            -51.282894,
            -30.004946
          ],
          [
            -51.271392,
            -29.986436
          ],
          [
            -51.214285,
            -29.956114
          ],
          [
            -51.208986,
            -29.953301
          ],
          [
            -51.178194,
            -29.892214
          ]
        ],
        "type": "LineString"
      },
      "properties": {
        "AGE_NOME": "CPFL TRANSMISSAO S.A.                                          ",
        "DTENTRADA": 1327795200000,
        "DTPAR": 1183161600000,
        "DTPREVISTA": 1327795200000,
        "EQP_ID": "RSCIN-2GUA21        ",
        "EXT": 38.5,
        "INS_ID": "RSCIN ",
        "NOMELONGO": "LT  230 kV C.INDUSTRIAL         / GUAIBA 2             C 1  RS          ",
        "NOMEREDE": "BASICA         ",
        "NUMDOC": "1700/08   ",
        "OBJECTID": 901,
        "R": 0.739,
        "S": 6.63,
        "SHAPE.STLength()": 0.33116932510954433,
        "STR_DTENTRADA": "29/01/2012",
        "STR_DTPAR": "30/06/2007",
        "STR_DTPREVISTA": "29/01/2012",
        "TPCPR_ID": null,
        "TPEQP_ID": "LTR",
        "VAL_CAPACOPERCOMFATORCD": 856,
        "VAL_CAPACOPERLD": 679,
        "VAL_CAPACOPERSEMFATORCD": 856,
        "VAL_CORRPROJETOLD": 679,
        "VAL_FATORLIMITANTECD": "",
        "VAL_FATORLIMITANTELD": "",
        "VN": 230,
        "X": 3.689
      },
      "type": "Feature"
    },
    {
      "geometry": {
        "coordinates": [
          [
            -52.547714,
            -29.713293
          ],
          [
            -53.681453,
            -31.55087
          ]
        ],
        "type": "LineString"
      },
      "properties": {
        "AGE_NOME": "COMPANHIA DE GERA\u00c7\u00c3O E TRANSMISS\u00c3O DE ENERGIA EL\u00c9TRICA DO SUL D",
        "DTENTRADA": 1264032000000,
        "DTPAR": 1256947200000,
        "DTPREVISTA": 1267315200000,
        "EQP_ID": "RSPME-2SCR11        ",
        "EXT": 237,
        "INS_ID": "RSPME ",
        "NOMELONGO": "LT  230 kV PRE.MEDICI           / SANTA CRUZ1          C 1  RS          ",
        "NOMEREDE": "BASICA         ",
        "NUMDOC": "004/2007  ",
        "OBJECTID": 903,
        "R": 4.256,
        "S": 42.178,
        "SHAPE.STLength()": 2.1591790737032377,
        "STR_DTENTRADA": "21/01/2010",
        "STR_DTPAR": "31/10/2009",
        "STR_DTPREVISTA": "28/02/2010",
        "TPCPR_ID": null,
        "TPEQP_ID": "LTR",
        "VAL_CAPACOPERCOMFATORCD": 818,
        "VAL_CAPACOPERLD": 665,
        "VAL_CAPACOPERSEMFATORCD": 818,
        "VAL_CORRPROJETOLD": 665,
        "VAL_FATORLIMITANTECD": "",
        "VAL_FATORLIMITANTELD": "",
        "VN": 230,
        "X": 22.015
      },
      "type": "Feature"
    },
    {
      "geometry": {
        "coordinates": [
          [
            -51.342914,
            -29.8237
          ],
          [
            -51.333429,
            -29.829119
          ],
          [
            -51.305011,
            -29.812499
          ],
          [
            -51.29489,
            -29.806579
          ],
          [
            -51.177619,
            -29.737992
          ],
          [
            -51.156499,
            -29.72564
          ],
          [
            -51.154105,
            -29.72424
          ],
          [
            -51.152107,
            -29.720537
          ]
        ],
        "type": "LineString"
      },
      "properties": {
        "AGE_NOME": "INTERLIGA\u00c7\u00c3O EL\u00c9TRICA SUL S.A                                  ",
        "DTENTRADA": 1289952000000,
        "DTPAR": 1167523200000,
        "DTPREVISTA": 1289088000000,
        "EQP_ID": "RSNSR-2SCH-2        ",
        "EXT": 23,
        "INS_ID": "RSPOL ",
        "NOMELONGO": "LT  230 kV NOVA STA RITA        / SCHARLAU 2           C 2  RS          ",
        "NOMEREDE": "BASICA         ",
        "NUMDOC": "004/2008  ",
        "OBJECTID": 904,
        "R": 0.318,
        "S": 4.329,
        "SHAPE.STLength()": 0.22287368856347953,
        "STR_DTENTRADA": "17/11/2010",
        "STR_DTPAR": "31/12/2006",
        "STR_DTPREVISTA": "07/11/2010",
        "TPCPR_ID": null,
        "TPEQP_ID": "LTR",
        "VAL_CAPACOPERCOMFATORCD": 970,
        "VAL_CAPACOPERLD": 765,
        "VAL_CAPACOPERSEMFATORCD": 970,
        "VAL_CORRPROJETOLD": 765,
        "VAL_FATORLIMITANTECD": "",
        "VAL_FATORLIMITANTELD": "",
        "VN": 230,
        "X": 2.141
      },
      "type": "Feature"
    },
    {
      "geometry": {
        "coordinates": [
          [
            -54.931885,
            -28.389053
          ],
          [
            -54.905191,
            -28.420309
          ],
          [
            -54.326259,
            -28.277742
          ]
        ],
        "type": "LineString"
      },
      "properties": {
        "AGE_NOME": "CPFL TRANSMISSAO S.A.                                          ",
        "DTENTRADA": 1276387200000,
        "DTPAR": 1248998400000,
        "DTPREVISTA": 1277856000000,
        "EQP_ID": "RSMIS-2STA-1        ",
        "EXT": 64,
        "INS_ID": "RSMIS ",
        "NOMELONGO": "LT  230 kV MISSOES              / SANTO ANGELO         C 1  RS          ",
        "NOMEREDE": "BASICA         ",
        "NUMDOC": "006/2008  ",
        "OBJECTID": 905,
        "R": 1.19,
        "S": 12.97,
        "SHAPE.STLength()": 0.6373310141017838,
        "STR_DTENTRADA": "13/06/2010",
        "STR_DTPAR": "31/07/2009",
        "STR_DTPREVISTA": "30/06/2010",
        "TPCPR_ID": null,
        "TPEQP_ID": "LTR",
        "VAL_CAPACOPERCOMFATORCD": 998,
        "VAL_CAPACOPERLD": 853,
        "VAL_CAPACOPERSEMFATORCD": 998,
        "VAL_CORRPROJETOLD": 853,
        "VAL_FATORLIMITANTECD": "",
        "VAL_FATORLIMITANTELD": "",
        "VN": 230,
        "X": 6.62
      },
      "type": "Feature"
    },
    {
      "geometry": {
        "coordinates": [
          [
            -54.931885,
            -28.389053
          ],
          [
            -54.905191,
            -28.420309
          ],
          [
            -54.326259,
            -28.277742
          ]
        ],
        "type": "LineString"
      },
      "properties": {
        "AGE_NOME": "CPFL TRANSMISSAO S.A.                                          ",
        "DTENTRADA": 1276387200000,
        "DTPAR": 1248998400000,
        "DTPREVISTA": 1277856000000,
        "EQP_ID": "RSMIS-2STA-1        ",
        "EXT": 64,
        "INS_ID": "RSMIS ",
        "NOMELONGO": "LT  230 kV MISSOES              / SANTO ANGELO         C 1  RS          ",
        "NOMEREDE": "BASICA         ",
        "NUMDOC": "006/2008  ",
        "OBJECTID": 906,
        "R": 1.19,
        "S": 12.97,
        "SHAPE.STLength()": 0.6373310141017838,
        "STR_DTENTRADA": "13/06/2010",
        "STR_DTPAR": "31/07/2009",
        "STR_DTPREVISTA": "30/06/2010",
        "TPCPR_ID": null,
        "TPEQP_ID": "LTR",
        "VAL_CAPACOPERCOMFATORCD": 998,
        "VAL_CAPACOPERLD": 853,
        "VAL_CAPACOPERSEMFATORCD": 998,
        "VAL_CORRPROJETOLD": 853,
        "VAL_FATORLIMITANTECD": "",
        "VAL_FATORLIMITANTELD": "",
        "VN": 230,
        "X": 6.62
      },
      "type": "Feature"
    },
    {
      "geometry": {
        "coordinates": [
          [
            -54.931885,
            -28.389053
          ],
          [
            -54.905191,
            -28.420309
          ],
          [
            -54.326259,
            -28.277742
          ]
        ],
        "type": "LineString"
      },
      "properties": {
        "AGE_NOME": "CPFL TRANSMISSAO S.A.                                          ",
        "DTENTRADA": 1276387200000,
        "DTPAR": 1248998400000,
        "DTPREVISTA": 1277856000000,
        "EQP_ID": "RSMIS-2STA-1        ",
        "EXT": 64,
        "INS_ID": "RSMIS ",
        "NOMELONGO": "LT  230 kV MISSOES              / SANTO ANGELO         C 1  RS          ",
        "NOMEREDE": "BASICA         ",
        "NUMDOC": "006/2008  ",
        "OBJECTID": 907,
        "R": 1.19,
        "S": 12.97,
        "SHAPE.STLength()": 0.6373310141017838,
        "STR_DTENTRADA": "13/06/2010",
        "STR_DTPAR": "31/07/2009",
        "STR_DTPREVISTA": "30/06/2010",
        "TPCPR_ID": null,
        "TPEQP_ID": "LTR",
        "VAL_CAPACOPERCOMFATORCD": 998,
        "VAL_CAPACOPERLD": 853,
        "VAL_CAPACOPERSEMFATORCD": 998,
        "VAL_CORRPROJETOLD": 853,
        "VAL_FATORLIMITANTECD": "",
        "VAL_FATORLIMITANTELD": "",
        "VN": 230,
        "X": 6.62
      },
      "type": "Feature"
    },
    {
      "geometry": {
        "coordinates": [
          [
            -49.079906,
            -26.779718
          ],
          [
            -49.062038,
            -26.739457
          ],
          [
            -49.052108,
            -26.717081
          ],
          [
            -49.051609,
            -26.715957
          ],
          [
            -48.997018,
            -26.567152
          ],
          [
            -48.985964,
            -26.537019
          ],
          [
            -48.98582,
            -26.536629
          ],
          [
            -48.979255,
            -26.518734
          ],
          [
            -48.976582,
            -26.511447
          ],
          [
            -48.967204,
            -26.485883
          ],
          [
            -48.95362,
            -26.448857
          ],
          [
            -48.938134,
            -26.406643
          ],
          [
            -48.931589,
            -26.388804
          ],
          [
            -48.925018,
            -26.370892
          ],
          [
            -48.915085,
            -26.343816
          ],
          [
            -48.901574,
            -26.290212
          ],
          [
            -48.907895,
            -26.267816
          ],
          [
            -48.912976,
            -26.249815
          ],
          [
            -48.907994,
            -26.241895
          ]
        ],
        "type": "LineString"
      },
      "properties": {
        "AGE_NOME": "COMPANHIA DE GERA\u00c7\u00c3O E TRANSMISS\u00c3O DE ENERGIA EL\u00c9TRICA DO SUL D",
        "DTENTRADA": 1243209600000,
        "DTPAR": 1196380800000,
        "DTPREVISTA": 1243641600000,
        "EQP_ID": "SCBLU-2JNO-1        ",
        "EXT": 73,
        "INS_ID": "SCBLU ",
        "NOMELONGO": "LT  230 kV BLUMENAU             / JOINV.NORTE          C 1  SC          ",
        "NOMEREDE": "BASICA         ",
        "NUMDOC": "1411/08   ",
        "OBJECTID": 923,
        "R": 1.38,
        "S": 12.51,
        "SHAPE.STLength()": 0.5727632374512966,
        "STR_DTENTRADA": "25/05/2009",
        "STR_DTPAR": "30/11/2007",
        "STR_DTPREVISTA": "30/05/2009",
        "TPCPR_ID": null,
        "TPEQP_ID": "LTR",
        "VAL_CAPACOPERCOMFATORCD": 767,
        "VAL_CAPACOPERLD": 609,
        "VAL_CAPACOPERSEMFATORCD": 767,
        "VAL_CORRPROJETOLD": 609,
        "VAL_FATORLIMITANTECD": "",
        "VAL_FATORLIMITANTELD": "",
        "VN": 230,
        "X": 7.091
      },
      "type": "Feature"
    },
    {
      "geometry": {
        "coordinates": [
          [
            -48.906899,
            -26.241832
          ],
          [
            -48.900721,
            -26.257133
          ],
          [
            -48.894323,
            -26.272982
          ],
          [
            -48.887009,
            -26.291096
          ]
        ],
        "type": "LineString"
      },
      "properties": {
        "AGE_NOME": "COMPANHIA DE GERA\u00c7\u00c3O E TRANSMISS\u00c3O DE ENERGIA EL\u00c9TRICA DO SUL D",
        "DTENTRADA": 1242000000000,
        "DTPAR": 1196380800000,
        "DTPREVISTA": 1243641600000,
        "EQP_ID": "SCJOI-2JNO-1        ",
        "EXT": 5.3,
        "INS_ID": "SCJOI ",
        "NOMELONGO": "LT  230 kV JOINVILLE            / JOINV.NORTE          C 1  SC          ",
        "NOMEREDE": "BASICA         ",
        "NUMDOC": "1411/08   ",
        "OBJECTID": 924,
        "R": 0.1,
        "S": 0.906,
        "SHAPE.STLength()": 0.05312809691147894,
        "STR_DTENTRADA": "11/05/2009",
        "STR_DTPAR": "30/11/2007",
        "STR_DTPREVISTA": "30/05/2009",
        "TPCPR_ID": null,
        "TPEQP_ID": "LTR",
        "VAL_CAPACOPERCOMFATORCD": 948,
        "VAL_CAPACOPERLD": 878,
        "VAL_CAPACOPERSEMFATORCD": 948,
        "VAL_CORRPROJETOLD": 878,
        "VAL_FATORLIMITANTECD": "",
        "VAL_FATORLIMITANTELD": "",
        "VN": 230,
        "X": 0.52
      },
      "type": "Feature"
    },
    {
      "geometry": {
        "coordinates": [
          [
            -49.519158,
            -28.751907
          ],
          [
            -49.550524,
            -28.650238
          ],
          [
            -49.464,
            -28.620146
          ],
          [
            -49.440629,
            -28.612018
          ],
          [
            -49.412618,
            -28.602275
          ]
        ],
        "type": "LineString"
      },
      "properties": {
        "AGE_NOME": "COMPANHIA DE GERA\u00c7\u00c3O E TRANSMISS\u00c3O DE ENERGIA EL\u00c9TRICA DO SUL D",
        "DTENTRADA": 1318204800000,
        "DTPAR": 1196380800000,
        "DTPREVISTA": 1318118400000,
        "EQP_ID": "SCFHA-2SID-1        ",
        "EXT": 28,
        "INS_ID": "SCFHA ",
        "NOMELONGO": "LT  230 kV FORQUILHINHA         / SIDEROPOL.ESU        C 1  SC          ",
        "NOMEREDE": "BASICA         ",
        "NUMDOC": "004/2008  ",
        "OBJECTID": 926,
        "R": 0.554,
        "S": 4.78,
        "SHAPE.STLength()": 0.25240656576205944,
        "STR_DTENTRADA": "10/10/2011",
        "STR_DTPAR": "30/11/2007",
        "STR_DTPREVISTA": "09/10/2011",
        "TPCPR_ID": null,
        "TPEQP_ID": "LTR",
        "VAL_CAPACOPERCOMFATORCD": 734,
        "VAL_CAPACOPERLD": 583,
        "VAL_CAPACOPERSEMFATORCD": 734,
        "VAL_CORRPROJETOLD": 583,
        "VAL_FATORLIMITANTECD": "",
        "VAL_FATORLIMITANTELD": "",
        "VN": 230,
        "X": 2.642
      },
      "type": "Feature"
    },
    {
      "geometry": {
        "coordinates": [
          [
            -49.519158,
            -28.751907
          ],
          [
            -49.550524,
            -28.650238
          ],
          [
            -49.464,
            -28.620146
          ],
          [
            -49.440629,
            -28.612018
          ],
          [
            -49.412618,
            -28.602275
          ]
        ],
        "type": "LineString"
      },
      "properties": {
        "AGE_NOME": "COMPANHIA DE GERA\u00c7\u00c3O E TRANSMISS\u00c3O DE ENERGIA EL\u00c9TRICA DO SUL D",
        "DTENTRADA": 1318204800000,
        "DTPAR": 1196380800000,
        "DTPREVISTA": 1318118400000,
        "EQP_ID": "SCFHA-2SID-1        ",
        "EXT": 28,
        "INS_ID": "SCFHA ",
        "NOMELONGO": "LT  230 kV FORQUILHINHA         / SIDEROPOL.ESU        C 1  SC          ",
        "NOMEREDE": "BASICA         ",
        "NUMDOC": "004/2008  ",
        "OBJECTID": 927,
        "R": 0.554,
        "S": 4.78,
        "SHAPE.STLength()": 0.25240656576205944,
        "STR_DTENTRADA": "10/10/2011",
        "STR_DTPAR": "30/11/2007",
        "STR_DTPREVISTA": "09/10/2011",
        "TPCPR_ID": null,
        "TPEQP_ID": "LTR",
        "VAL_CAPACOPERCOMFATORCD": 734,
        "VAL_CAPACOPERLD": 583,
        "VAL_CAPACOPERSEMFATORCD": 734,
        "VAL_CORRPROJETOLD": 583,
        "VAL_FATORLIMITANTECD": "",
        "VAL_FATORLIMITANTELD": "",
        "VN": 230,
        "X": 2.642
      },
      "type": "Feature"
    },
    {
      "geometry": {
        "coordinates": [
          [
            -49.519317,
            -28.751959
          ],
          [
            -49.569057,
            -28.656684
          ],
          [
            -49.707658,
            -28.704889
          ],
          [
            -50.541404,
            -28.994861
          ],
          [
            -50.544733,
            -28.996019
          ],
          [
            -50.563213,
            -29.002446
          ]
        ],
        "type": "LineString"
      },
      "properties": {
        "AGE_NOME": "COMPANHIA DE GERA\u00c7\u00c3O E TRANSMISS\u00c3O DE ENERGIA EL\u00c9TRICA DO SUL D",
        "DTENTRADA": 1318204800000,
        "DTPAR": 1196380800000,
        "DTPREVISTA": 1318118400000,
        "EQP_ID": "SCFHA-2LGR-1RS      ",
        "EXT": 117,
        "INS_ID": "SCFHA ",
        "NOMELONGO": "LT  230 kV FORQUILHINHA         / L.GRANDE             C 1  SC/RS       ",
        "NOMEREDE": "BASICA         ",
        "NUMDOC": "004/2008  ",
        "OBJECTID": 928,
        "R": 2.341,
        "S": 19.822,
        "SHAPE.STLength()": 1.1600448953555964,
        "STR_DTENTRADA": "10/10/2011",
        "STR_DTPAR": "30/11/2007",
        "STR_DTPREVISTA": "09/10/2011",
        "TPCPR_ID": null,
        "TPEQP_ID": "LTR",
        "VAL_CAPACOPERCOMFATORCD": 734,
        "VAL_CAPACOPERLD": 583,
        "VAL_CAPACOPERSEMFATORCD": 734,
        "VAL_CORRPROJETOLD": 583,
        "VAL_FATORLIMITANTECD": "",
        "VAL_FATORLIMITANTELD": "",
        "VN": 230,
        "X": 11.339
      },
      "type": "Feature"
    },
    {
      "geometry": {
        "coordinates": [
          [
            -49.519317,
            -28.751959
          ],
          [
            -49.569057,
            -28.656684
          ],
          [
            -49.707658,
            -28.704889
          ],
          [
            -50.541404,
            -28.994861
          ],
          [
            -50.544733,
            -28.996019
          ],
          [
            -50.563213,
            -29.002446
          ]
        ],
        "type": "LineString"
      },
      "properties": {
        "AGE_NOME": "COMPANHIA DE GERA\u00c7\u00c3O E TRANSMISS\u00c3O DE ENERGIA EL\u00c9TRICA DO SUL D",
        "DTENTRADA": 1318204800000,
        "DTPAR": 1196380800000,
        "DTPREVISTA": 1318118400000,
        "EQP_ID": "SCFHA-2LGR-1RS      ",
        "EXT": 117,
        "INS_ID": "SCFHA ",
        "NOMELONGO": "LT  230 kV FORQUILHINHA         / L.GRANDE             C 1  SC/RS       ",
        "NOMEREDE": "BASICA         ",
        "NUMDOC": "004/2008  ",
        "OBJECTID": 929,
        "R": 2.341,
        "S": 19.822,
        "SHAPE.STLength()": 1.1600448953555964,
        "STR_DTENTRADA": "10/10/2011",
        "STR_DTPAR": "30/11/2007",
        "STR_DTPREVISTA": "09/10/2011",
        "TPCPR_ID": null,
        "TPEQP_ID": "LTR",
        "VAL_CAPACOPERCOMFATORCD": 734,
        "VAL_CAPACOPERLD": 583,
        "VAL_CAPACOPERSEMFATORCD": 734,
        "VAL_CORRPROJETOLD": 583,
        "VAL_FATORLIMITANTECD": "",
        "VAL_FATORLIMITANTELD": "",
        "VN": 230,
        "X": 11.339
      },
      "type": "Feature"
    },
    {
      "geometry": {
        "coordinates": [
          [
            -51.342823,
            -29.82355
          ],
          [
            -51.334662,
            -29.826495
          ],
          [
            -51.307756,
            -29.810796
          ],
          [
            -51.297627,
            -29.804886
          ],
          [
            -51.182375,
            -29.737639
          ],
          [
            -51.161201,
            -29.725285
          ],
          [
            -51.152525,
            -29.720223
          ]
        ],
        "type": "LineString"
      },
      "properties": {
        "AGE_NOME": "INTERLIGA\u00c7\u00c3O EL\u00c9TRICA SUL S.A                                  ",
        "DTENTRADA": 1289952000000,
        "DTPAR": 1167523200000,
        "DTPREVISTA": 1289088000000,
        "EQP_ID": "RSNSR-2SCH-1        ",
        "EXT": 23,
        "INS_ID": "RSPOL ",
        "NOMELONGO": "LT  230 kV NOVA STA RITA        / SCHARLAU 2           C 1  RS          ",
        "NOMEREDE": "BASICA         ",
        "NUMDOC": "004/2008  ",
        "OBJECTID": 938,
        "R": 0.318,
        "S": 4.329,
        "SHAPE.STLength()": 0.21954963787264317,
        "STR_DTENTRADA": "17/11/2010",
        "STR_DTPAR": "31/12/2006",
        "STR_DTPREVISTA": "07/11/2010",
        "TPCPR_ID": null,
        "TPEQP_ID": "LTR",
        "VAL_CAPACOPERCOMFATORCD": 970,
        "VAL_CAPACOPERLD": 765,
        "VAL_CAPACOPERSEMFATORCD": 970,
        "VAL_CORRPROJETOLD": 765,
        "VAL_FATORLIMITANTECD": "",
        "VAL_FATORLIMITANTELD": "",
        "VN": 230,
        "X": 2.141
      },
      "type": "Feature"
    },
    {
      "geometry": {
        "coordinates": [
          [
            -51.342745,
            -29.823232
          ],
          [
            -51.338493,
            -29.823343
          ],
          [
            -51.320946,
            -29.802618
          ],
          [
            -51.314189,
            -29.794638
          ],
          [
            -51.297627,
            -29.804886
          ],
          [
            -51.29489,
            -29.806579
          ],
          [
            -51.274881,
            -29.818959
          ],
          [
            -51.103104,
            -29.840925
          ],
          [
            -51.06363,
            -29.882369
          ],
          [
            -51.063422,
            -29.882587
          ],
          [
            -51.063348,
            -29.882665
          ],
          [
            -51.063325,
            -29.88269
          ],
          [
            -51.06205,
            -29.884028
          ]
        ],
        "type": "LineString"
      },
      "properties": {
        "AGE_NOME": "COMPANHIA DE GERA\u00c7\u00c3O E TRANSMISS\u00c3O DE ENERGIA EL\u00c9TRICA DO SUL D",
        "DTENTRADA": 1144022400000,
        "DTPAR": 1135987200000,
        "DTPREVISTA": 1143936000000,
        "EQP_ID": "RSGRA-5POL-1        ",
        "EXT": 29.5,
        "INS_ID": "RSGRA ",
        "NOMELONGO": "LT  525 kV GRAVATAI             / NOVA STA RITA        C 1  RS          ",
        "NOMEREDE": "BASICA         ",
        "NUMDOC": "400       ",
        "OBJECTID": 985,
        "R": 0.03,
        "S": 41.861,
        "SHAPE.STLength()": 0.32079020603571756,
        "STR_DTENTRADA": "03/04/2006",
        "STR_DTPAR": "31/12/2005",
        "STR_DTPREVISTA": "02/04/2006",
        "TPCPR_ID": null,
        "TPEQP_ID": "LTR",
        "VAL_CAPACOPERCOMFATORCD": 2937,
        "VAL_CAPACOPERLD": 2331,
        "VAL_CAPACOPERSEMFATORCD": 2937,
        "VAL_CORRPROJETOLD": 2331,
        "VAL_FATORLIMITANTECD": "",
        "VAL_FATORLIMITANTELD": "",
        "VN": 525,
        "X": 0.34
      },
      "type": "Feature"
    },
    {
      "geometry": {
        "coordinates": [
          [
            -51.533423,
            -29.040065
          ],
          [
            -51.525119,
            -29.046994
          ],
          [
            -51.457934,
            -29.125276
          ],
          [
            -51.447452,
            -29.132575
          ],
          [
            -51.383445,
            -29.177142
          ],
          [
            -51.324694,
            -29.218051
          ]
        ],
        "type": "LineString"
      },
      "properties": {
        "AGE_NOME": "COMPANHIA DE GERA\u00c7\u00c3O E TRANSMISS\u00c3O DE ENERGIA EL\u00c9TRICA DO SUL D",
        "DTENTRADA": 1206921600000,
        "DTPAR": 1204156800000,
        "DTPREVISTA": 1206921600000,
        "EQP_ID": "RSFAR-2MCL-2        ",
        "EXT": 30.7,
        "INS_ID": "RSFAR ",
        "NOMELONGO": "LT  230 kV FARROUPILHA          / MONTE CLARO          C 2  RS          ",
        "NOMEREDE": "BASICA         ",
        "NUMDOC": null,
        "OBJECTID": 998,
        "R": 0.559,
        "S": 5.232,
        "SHAPE.STLength()": 0.2763322693589789,
        "STR_DTENTRADA": "31/03/2008",
        "STR_DTPAR": "28/02/2008",
        "STR_DTPREVISTA": "31/03/2008",
        "TPCPR_ID": null,
        "TPEQP_ID": "LTR",
        "VAL_CAPACOPERCOMFATORCD": 734,
        "VAL_CAPACOPERLD": 583,
        "VAL_CAPACOPERSEMFATORCD": 734,
        "VAL_CORRPROJETOLD": 583,
        "VAL_FATORLIMITANTECD": "",
        "VAL_FATORLIMITANTELD": "",
        "VN": 230,
        "X": 3.04
      },
      "type": "Feature"
    },
    {
      "geometry": {
        "coordinates": [
          [
            -51.533971,
            -29.038559
          ],
          [
            -51.531762,
            -29.02856
          ],
          [
            -51.611912,
            -28.806138
          ]
        ],
        "type": "LineString"
      },
      "properties": {
        "AGE_NOME": "COMPANHIA DE GERA\u00c7\u00c3O E TRANSMISS\u00c3O DE ENERGIA EL\u00c9TRICA DO SUL D",
        "DTENTRADA": 1206921600000,
        "DTPAR": 1204156800000,
        "DTPREVISTA": 1206921600000,
        "EQP_ID": "RSMCL-2NPR21        ",
        "EXT": 28.8,
        "INS_ID": "RSMCL ",
        "NOMELONGO": "LT  230 kV MONTE CLARO          / NOVA PRATA 2         C 1  RS          ",
        "NOMEREDE": "BASICA         ",
        "NUMDOC": null,
        "OBJECTID": 999,
        "R": 0.582,
        "S": 5.1,
        "SHAPE.STLength()": 0.2466633536949073,
        "STR_DTENTRADA": "31/03/2008",
        "STR_DTPAR": "28/02/2008",
        "STR_DTPREVISTA": "31/03/2008",
        "TPCPR_ID": null,
        "TPEQP_ID": "LTR",
        "VAL_CAPACOPERCOMFATORCD": 733,
        "VAL_CAPACOPERLD": 582,
        "VAL_CAPACOPERSEMFATORCD": 733,
        "VAL_CORRPROJETOLD": 582,
        "VAL_FATORLIMITANTECD": "",
        "VAL_FATORLIMITANTELD": "",
        "VN": 230,
        "X": 2.842
      },
      "type": "Feature"
    },
    {
      "geometry": {
        "coordinates": [
          [
            -51.533971,
            -29.038559
          ],
          [
            -51.531762,
            -29.02856
          ],
          [
            -51.611912,
            -28.806138
          ]
        ],
        "type": "LineString"
      },
      "properties": {
        "AGE_NOME": "COMPANHIA DE GERA\u00c7\u00c3O E TRANSMISS\u00c3O DE ENERGIA EL\u00c9TRICA DO SUL D",
        "DTENTRADA": 1206921600000,
        "DTPAR": 1204156800000,
        "DTPREVISTA": 1206921600000,
        "EQP_ID": "RSMCL-2NPR21        ",
        "EXT": 28.8,
        "INS_ID": "RSMCL ",
        "NOMELONGO": "LT  230 kV MONTE CLARO          / NOVA PRATA 2         C 1  RS          ",
        "NOMEREDE": "BASICA         ",
        "NUMDOC": null,
        "OBJECTID": 1000,
        "R": 0.582,
        "S": 5.1,
        "SHAPE.STLength()": 0.2466633536949073,
        "STR_DTENTRADA": "31/03/2008",
        "STR_DTPAR": "28/02/2008",
        "STR_DTPREVISTA": "31/03/2008",
        "TPCPR_ID": null,
        "TPEQP_ID": "LTR",
        "VAL_CAPACOPERCOMFATORCD": 733,
        "VAL_CAPACOPERLD": 582,
        "VAL_CAPACOPERSEMFATORCD": 733,
        "VAL_CORRPROJETOLD": 582,
        "VAL_FATORLIMITANTECD": "",
        "VAL_FATORLIMITANTELD": "",
        "VN": 230,
        "X": 2.842
      },
      "type": "Feature"
    },
    {
      "geometry": {
        "coordinates": [
          [
            -51.063311,
            -29.885784
          ],
          [
            -51.058935,
            -29.888369
          ],
          [
            -51.033011,
            -29.885415
          ],
          [
            -51.021606,
            -29.884116
          ],
          [
            -50.991055,
            -29.884116
          ],
          [
            -50.989651,
            -29.885993
          ],
          [
            -50.983898,
            -29.893689
          ]
        ],
        "type": "LineString"
      },
      "properties": {
        "AGE_NOME": "COMPANHIA DE GERA\u00c7\u00c3O E TRANSMISS\u00c3O DE ENERGIA EL\u00c9TRICA DO SUL D",
        "DTENTRADA": 1196380800000,
        "DTPAR": 1164844800000,
        "DTPREVISTA": 1195948800000,
        "EQP_ID": "RSGRA22GRA31        ",
        "EXT": 9.7,
        "INS_ID": "RSGRA2",
        "NOMELONGO": "LT  230 kV GRAVATAI2            / GRAVATAI3            C 1  RS          ",
        "NOMEREDE": "BASICA         ",
        "NUMDOC": "832/07    ",
        "OBJECTID": 1005,
        "R": 0.26,
        "S": 2.358,
        "SHAPE.STLength()": 0.08515665695616297,
        "STR_DTENTRADA": "30/11/2007",
        "STR_DTPAR": "30/11/2006",
        "STR_DTPREVISTA": "25/11/2007",
        "TPCPR_ID": null,
        "TPEQP_ID": "LTR",
        "VAL_CAPACOPERCOMFATORCD": 802,
        "VAL_CAPACOPERLD": 652,
        "VAL_CAPACOPERSEMFATORCD": 802,
        "VAL_CORRPROJETOLD": 652,
        "VAL_FATORLIMITANTECD": "",
        "VAL_FATORLIMITANTELD": "",
        "VN": 230,
        "X": 1.298
      },
      "type": "Feature"
    },
    {
      "geometry": {
        "coordinates": [
          [
            -51.063311,
            -29.885784
          ],
          [
            -51.058935,
            -29.888369
          ],
          [
            -51.033011,
            -29.885415
          ],
          [
            -51.021606,
            -29.884116
          ],
          [
            -50.991055,
            -29.884116
          ],
          [
            -50.989651,
            -29.885993
          ],
          [
            -50.983898,
            -29.893689
          ]
        ],
        "type": "LineString"
      },
      "properties": {
        "AGE_NOME": "COMPANHIA DE GERA\u00c7\u00c3O E TRANSMISS\u00c3O DE ENERGIA EL\u00c9TRICA DO SUL D",
        "DTENTRADA": 1196380800000,
        "DTPAR": 1164844800000,
        "DTPREVISTA": 1195948800000,
        "EQP_ID": "RSGRA22GRA31        ",
        "EXT": 9.7,
        "INS_ID": "RSGRA2",
        "NOMELONGO": "LT  230 kV GRAVATAI2            / GRAVATAI3            C 1  RS          ",
        "NOMEREDE": "BASICA         ",
        "NUMDOC": "832/07    ",
        "OBJECTID": 1006,
        "R": 0.26,
        "S": 2.358,
        "SHAPE.STLength()": 0.08515665695616297,
        "STR_DTENTRADA": "30/11/2007",
        "STR_DTPAR": "30/11/2006",
        "STR_DTPREVISTA": "25/11/2007",
        "TPCPR_ID": null,
        "TPEQP_ID": "LTR",
        "VAL_CAPACOPERCOMFATORCD": 802,
        "VAL_CAPACOPERLD": 652,
        "VAL_CAPACOPERSEMFATORCD": 802,
        "VAL_CORRPROJETOLD": 652,
        "VAL_FATORLIMITANTECD": "",
        "VAL_FATORLIMITANTELD": "",
        "VN": 230,
        "X": 1.298
      },
      "type": "Feature"
    },
    {
      "geometry": {
        "coordinates": [
          [
            -51.416818,
            -27.541222
          ],
          [
            -51.184016,
            -27.768501
          ]
        ],
        "type": "LineString"
      },
      "properties": {
        "AGE_NOME": "EMPRESA DE TRANSMISS\u00c3O DO ALTO DO URUGUAI S/A                  ",
        "DTENTRADA": 1127952000000,
        "DTPAR": 1072828800000,
        "DTPREVISTA": 1130716800000,
        "EQP_ID": "SCBGR-2CNO-1        ",
        "EXT": 34.63,
        "INS_ID": "SCBGR ",
        "NOMELONGO": "LT  230 kV BARRA GRANDE         / C.NOVOS              C 1  SC          ",
        "NOMEREDE": "BASICA         ",
        "NUMDOC": "002/2002  ",
        "OBJECTID": 1020,
        "R": 0.38,
        "S": 8.3,
        "SHAPE.STLength()": 0.325349743740462,
        "STR_DTENTRADA": "29/09/2005",
        "STR_DTPAR": "31/12/2003",
        "STR_DTPREVISTA": "31/10/2005",
        "TPCPR_ID": "2  ",
        "TPEQP_ID": "LTR",
        "VAL_CAPACOPERCOMFATORCD": 1795,
        "VAL_CAPACOPERLD": 1795,
        "VAL_CAPACOPERSEMFATORCD": 1795,
        "VAL_CORRPROJETOLD": 1795,
        "VAL_FATORLIMITANTECD": null,
        "VAL_FATORLIMITANTELD": null,
        "VN": 230,
        "X": 2.41
      },
      "type": "Feature"
    },
    {
      "geometry": {
        "coordinates": [
          [
            -53.875428,
            -29.680282
          ],
          [
            -53.87317,
            -29.675666
          ],
          [
            -53.28713,
            -29.445137
          ],
          [
            -53.281538,
            -29.446674
          ]
        ],
        "type": "LineString"
      },
      "properties": {
        "AGE_NOME": "EVOLTZ VI - CAMPOS NOVOS TRANSMISSORADE ENERGIA S.A.           ",
        "DTENTRADA": 1313539200000,
        "DTPAR": 1088553600000,
        "DTPREVISTA": 1312675200000,
        "EQP_ID": "RSSMA32UDFR2        ",
        "EXT": 63,
        "INS_ID": "RSSMA3",
        "NOMELONGO": "LT  230 kV SANTA MARIA 3        / U.D.FRANCISCA        C 2  RS          ",
        "NOMEREDE": "BASICA         ",
        "NUMDOC": "003/2006  ",
        "OBJECTID": 1035,
        "R": 1.143,
        "S": 11.265,
        "SHAPE.STLength()": 0.6406892884444468,
        "STR_DTENTRADA": "17/08/2011",
        "STR_DTPAR": "30/06/2004",
        "STR_DTPREVISTA": "07/08/2011",
        "TPCPR_ID": null,
        "TPEQP_ID": "LTR",
        "VAL_CAPACOPERCOMFATORCD": 874,
        "VAL_CAPACOPERLD": 631,
        "VAL_CAPACOPERSEMFATORCD": 874,
        "VAL_CORRPROJETOLD": 631,
        "VAL_FATORLIMITANTECD": "",
        "VAL_FATORLIMITANTELD": "",
        "VN": 230,
        "X": 5.812
      },
      "type": "Feature"
    },
    {
      "geometry": {
        "coordinates": [
          [
            -51.092684,
            -27.000064
          ],
          [
            -51.092094,
            -27.00574
          ],
          [
            -51.40937,
            -27.534831
          ],
          [
            -51.416706,
            -27.539997
          ]
        ],
        "type": "LineString"
      },
      "properties": {
        "AGE_NOME": "EVOLTZ VI - CAMPOS NOVOS TRANSMISSORADE ENERGIA S.A.           ",
        "DTENTRADA": 1246838400000,
        "DTPAR": 1194480000000,
        "DTPREVISTA": 1246752000000,
        "EQP_ID": "SCCNO-2VID-2        ",
        "EXT": 68,
        "INS_ID": "SCCNO ",
        "NOMELONGO": "LT  230 kV C.NOVOS              / VIDEIRA              C 2  SC          ",
        "NOMEREDE": "BASICA         ",
        "NUMDOC": "003/2006  ",
        "OBJECTID": 1036,
        "R": 1.406,
        "S": 12.18,
        "SHAPE.STLength()": 0.6316073682898535,
        "STR_DTENTRADA": "06/07/2009",
        "STR_DTPAR": "08/11/2007",
        "STR_DTPREVISTA": "05/07/2009",
        "TPCPR_ID": null,
        "TPEQP_ID": "LTR",
        "VAL_CAPACOPERCOMFATORCD": 841,
        "VAL_CAPACOPERLD": 647,
        "VAL_CAPACOPERSEMFATORCD": 841,
        "VAL_CORRPROJETOLD": 647,
        "VAL_FATORLIMITANTECD": "",
        "VAL_FATORLIMITANTELD": "",
        "VN": 230,
        "X": 6.469
      },
      "type": "Feature"
    },
    {
      "geometry": {
        "coordinates": [
          [
            -50.983226,
            -29.893547
          ],
          [
            -50.982334,
            -29.886091
          ],
          [
            -50.981628,
            -29.880194
          ],
          [
            -50.772087,
            -29.880046
          ],
          [
            -50.76909,
            -29.888933
          ],
          [
            -50.766681,
            -29.896079
          ]
        ],
        "type": "LineString"
      },
      "properties": {
        "AGE_NOME": "CPFL TRANSMISSAO S.A.                                          ",
        "DTENTRADA": 1269907200000,
        "DTPAR": 1164844800000,
        "DTPREVISTA": 1269993600000,
        "EQP_ID": "RSGRA32FIB-1        ",
        "EXT": 25.8,
        "INS_ID": "RSGRA3",
        "NOMELONGO": "LT  230 kV GRAVATAI3            / FIBRAPLAC            C 1  RS          ",
        "NOMEREDE": "BASICA         ",
        "NUMDOC": "875/07    ",
        "OBJECTID": 1072,
        "R": 0.415,
        "S": 3.744,
        "SHAPE.STLength()": 0.23991062029927854,
        "STR_DTENTRADA": "30/03/2010",
        "STR_DTPAR": "30/11/2006",
        "STR_DTPREVISTA": "31/03/2010",
        "TPCPR_ID": null,
        "TPEQP_ID": "LTR",
        "VAL_CAPACOPERCOMFATORCD": 919,
        "VAL_CAPACOPERLD": 729,
        "VAL_CAPACOPERSEMFATORCD": 919,
        "VAL_CORRPROJETOLD": 729,
        "VAL_FATORLIMITANTECD": "",
        "VAL_FATORLIMITANTELD": "",
        "VN": 230,
        "X": 2.06
      },
      "type": "Feature"
    },
    {
      "geometry": {
        "coordinates": [
          [
            -50.983226,
            -29.893547
          ],
          [
            -50.982334,
            -29.886091
          ],
          [
            -50.981628,
            -29.880194
          ],
          [
            -50.772087,
            -29.880046
          ],
          [
            -50.76909,
            -29.888933
          ],
          [
            -50.766681,
            -29.896079
          ]
        ],
        "type": "LineString"
      },
      "properties": {
        "AGE_NOME": "CPFL TRANSMISSAO S.A.                                          ",
        "DTENTRADA": 1269907200000,
        "DTPAR": 1164844800000,
        "DTPREVISTA": 1269993600000,
        "EQP_ID": "RSGRA32FIB-1        ",
        "EXT": 25.8,
        "INS_ID": "RSGRA3",
        "NOMELONGO": "LT  230 kV GRAVATAI3            / FIBRAPLAC            C 1  RS          ",
        "NOMEREDE": "BASICA         ",
        "NUMDOC": "875/07    ",
        "OBJECTID": 1073,
        "R": 0.415,
        "S": 3.744,
        "SHAPE.STLength()": 0.23991062029927854,
        "STR_DTENTRADA": "30/03/2010",
        "STR_DTPAR": "30/11/2006",
        "STR_DTPREVISTA": "31/03/2010",
        "TPCPR_ID": null,
        "TPEQP_ID": "LTR",
        "VAL_CAPACOPERCOMFATORCD": 856,
        "VAL_CAPACOPERLD": 679,
        "VAL_CAPACOPERSEMFATORCD": 856,
        "VAL_CORRPROJETOLD": 679,
        "VAL_FATORLIMITANTECD": "",
        "VAL_FATORLIMITANTELD": "",
        "VN": 230,
        "X": 2.06
      },
      "type": "Feature"
    },
    {
      "geometry": {
        "coordinates": [
          [
            -50.98345,
            -29.893548
          ],
          [
            -50.984423,
            -29.886063
          ],
          [
            -50.985187,
            -29.880196
          ],
          [
            -51.021805,
            -29.880222
          ],
          [
            -51.055174,
            -29.884216
          ],
          [
            -51.056788,
            -29.885098
          ],
          [
            -51.058957,
            -29.886284
          ],
          [
            -51.063157,
            -29.885473
          ]
        ],
        "type": "LineString"
      },
      "properties": {
        "AGE_NOME": "CPFL TRANSMISSAO S.A.                                          ",
        "DTENTRADA": 1269907200000,
        "DTPAR": 1164844800000,
        "DTPREVISTA": 1269993600000,
        "EQP_ID": "RSGRA22GRA32        ",
        "EXT": 13.24,
        "INS_ID": "RSGRA2",
        "NOMELONGO": "LT  230 kV GRAVATAI2            / GRAVATAI3            C 2  RS          ",
        "NOMEREDE": "BASICA         ",
        "NUMDOC": "875/07    ",
        "OBJECTID": 1074,
        "R": 0.246,
        "S": 2.343,
        "SHAPE.STLength()": 0.09227819900052245,
        "STR_DTENTRADA": "30/03/2010",
        "STR_DTPAR": "30/11/2006",
        "STR_DTPREVISTA": "31/03/2010",
        "TPCPR_ID": null,
        "TPEQP_ID": "LTR",
        "VAL_CAPACOPERCOMFATORCD": 919,
        "VAL_CAPACOPERLD": 729,
        "VAL_CAPACOPERSEMFATORCD": 919,
        "VAL_CORRPROJETOLD": 729,
        "VAL_FATORLIMITANTECD": "",
        "VAL_FATORLIMITANTELD": "",
        "VN": 230,
        "X": 1.222
      },
      "type": "Feature"
    },
    {
      "geometry": {
        "coordinates": [
          [
            -50.98345,
            -29.893548
          ],
          [
            -50.984423,
            -29.886063
          ],
          [
            -50.985187,
            -29.880196
          ],
          [
            -51.021805,
            -29.880222
          ],
          [
            -51.055174,
            -29.884216
          ],
          [
            -51.056788,
            -29.885098
          ],
          [
            -51.058957,
            -29.886284
          ],
          [
            -51.063157,
            -29.885473
          ]
        ],
        "type": "LineString"
      },
      "properties": {
        "AGE_NOME": "CPFL TRANSMISSAO S.A.                                          ",
        "DTENTRADA": 1269907200000,
        "DTPAR": 1164844800000,
        "DTPREVISTA": 1269993600000,
        "EQP_ID": "RSGRA22GRA32        ",
        "EXT": 13.24,
        "INS_ID": "RSGRA2",
        "NOMELONGO": "LT  230 kV GRAVATAI2            / GRAVATAI3            C 2  RS          ",
        "NOMEREDE": "BASICA         ",
        "NUMDOC": "875/07    ",
        "OBJECTID": 1075,
        "R": 0.246,
        "S": 2.343,
        "SHAPE.STLength()": 0.09227819900052245,
        "STR_DTENTRADA": "30/03/2010",
        "STR_DTPAR": "30/11/2006",
        "STR_DTPREVISTA": "31/03/2010",
        "TPCPR_ID": null,
        "TPEQP_ID": "LTR",
        "VAL_CAPACOPERCOMFATORCD": 856,
        "VAL_CAPACOPERLD": 679,
        "VAL_CAPACOPERSEMFATORCD": 856,
        "VAL_CORRPROJETOLD": 679,
        "VAL_FATORLIMITANTECD": "",
        "VAL_FATORLIMITANTELD": "",
        "VN": 230,
        "X": 1.222
      },
      "type": "Feature"
    },
    {
      "geometry": {
        "coordinates": [
          [
            -50.049181,
            -29.771585
          ],
          [
            -50.05353,
            -29.777321
          ],
          [
            -50.289364,
            -29.816519
          ],
          [
            -50.298245,
            -29.814226
          ],
          [
            -50.302027,
            -29.81325
          ],
          [
            -50.307071,
            -29.811948
          ],
          [
            -50.3109,
            -29.810959
          ],
          [
            -50.316739,
            -29.809451
          ],
          [
            -50.324428,
            -29.807466
          ],
          [
            -50.350627,
            -29.800701
          ],
          [
            -50.377692,
            -29.793712
          ],
          [
            -50.450126,
            -29.775006
          ],
          [
            -50.50171,
            -29.828735
          ],
          [
            -50.56989,
            -29.899707
          ],
          [
            -50.63812,
            -29.901849
          ],
          [
            -50.706402,
            -29.901815
          ],
          [
            -50.97912,
            -29.901681
          ],
          [
            -50.982865,
            -29.895248
          ]
        ],
        "type": "LineString"
      },
      "properties": {
        "AGE_NOME": "COMPANHIA DE GERA\u00c7\u00c3O E TRANSMISS\u00c3O DE ENERGIA EL\u00c9TRICA DO SUL D",
        "DTENTRADA": 1209254400000,
        "DTPAR": 1167523200000,
        "DTPREVISTA": 1209254400000,
        "EQP_ID": "RSATL22GRA31        ",
        "EXT": 102,
        "INS_ID": "RSATL2",
        "NOMELONGO": "LT  230 kV ATLANTIDA 2          / GRAVATAI3            C 1  RS          ",
        "NOMEREDE": "BASICA         ",
        "NUMDOC": "832/07    ",
        "OBJECTID": 1076,
        "R": 1.95,
        "S": 18.207,
        "SHAPE.STLength()": 1.001908832172001,
        "STR_DTENTRADA": "27/04/2008",
        "STR_DTPAR": "31/12/2006",
        "STR_DTPREVISTA": "27/04/2008",
        "TPCPR_ID": null,
        "TPEQP_ID": "LTR",
        "VAL_CAPACOPERCOMFATORCD": 802,
        "VAL_CAPACOPERLD": 652,
        "VAL_CAPACOPERSEMFATORCD": 802,
        "VAL_CORRPROJETOLD": 652,
        "VAL_FATORLIMITANTECD": "",
        "VAL_FATORLIMITANTELD": "",
        "VN": 230,
        "X": 9.57
      },
      "type": "Feature"
    },
    {
      "geometry": {
        "coordinates": [
          [
            -50.341208,
            -27.78
          ],
          [
            -50.33583,
            -27.78
          ],
          [
            -49.979311,
            -27.484625
          ],
          [
            -49.977784,
            -27.483361
          ],
          [
            -49.628796,
            -27.194225
          ],
          [
            -49.627925,
            -27.188948
          ]
        ],
        "type": "LineString"
      },
      "properties": {
        "AGE_NOME": "STC - SISTEMA DE TRANSMISS\u00c3O CATARINENSE S.A.                  ",
        "DTENTRADA": 1194480000000,
        "DTPAR": 1136678400000,
        "DTPREVISTA": 1191974400000,
        "EQP_ID": "SCLAG-2RSU-2        ",
        "EXT": 99,
        "INS_ID": "SCLAG ",
        "NOMELONGO": "LT  230 kV LAGES                / RIO DO SUL           C 2  SC          ",
        "NOMEREDE": "BASICA         ",
        "NUMDOC": "001/2005  ",
        "OBJECTID": 1078,
        "R": 1.187,
        "S": 18.64,
        "SHAPE.STLength()": 0.9288924042361784,
        "STR_DTENTRADA": "08/11/2007",
        "STR_DTPAR": "08/01/2006",
        "STR_DTPREVISTA": "10/10/2007",
        "TPCPR_ID": "1  ",
        "TPEQP_ID": "LTR",
        "VAL_CAPACOPERCOMFATORCD": 879,
        "VAL_CAPACOPERLD": 879,
        "VAL_CAPACOPERSEMFATORCD": 879,
        "VAL_CORRPROJETOLD": 879,
        "VAL_FATORLIMITANTECD": null,
        "VAL_FATORLIMITANTELD": null,
        "VN": 230,
        "X": 8.966
      },
      "type": "Feature"
    },
    {
      "geometry": {
        "coordinates": [
          [
            -51.534344,
            -29.040332
          ],
          [
            -51.536084,
            -29.049024
          ],
          [
            -51.467943,
            -29.129042
          ],
          [
            -51.453257,
            -29.138173
          ],
          [
            -51.383349,
            -29.18164
          ],
          [
            -51.324727,
            -29.21809
          ]
        ],
        "type": "LineString"
      },
      "properties": {
        "AGE_NOME": "COMPANHIA DE GERA\u00c7\u00c3O E TRANSMISS\u00c3O DE ENERGIA EL\u00c9TRICA DO SUL D",
        "DTENTRADA": 1096243200000,
        "DTPAR": 1096588800000,
        "DTPREVISTA": 1096588800000,
        "EQP_ID": "RSFAR-2MCL-1        ",
        "EXT": 29,
        "INS_ID": "RSFAR ",
        "NOMELONGO": "LT  230 kV FARROUPILHA          / MONTE CLARO          C 1  RS          ",
        "NOMEREDE": "BASICA         ",
        "NUMDOC": "NA        ",
        "OBJECTID": 1087,
        "R": 0.559,
        "S": 5.232,
        "SHAPE.STLength()": 0.2826069077695477,
        "STR_DTENTRADA": "27/09/2004",
        "STR_DTPAR": "01/10/2004",
        "STR_DTPREVISTA": "01/10/2004",
        "TPCPR_ID": null,
        "TPEQP_ID": "LTR",
        "VAL_CAPACOPERCOMFATORCD": 734,
        "VAL_CAPACOPERLD": 583,
        "VAL_CAPACOPERSEMFATORCD": 734,
        "VAL_CORRPROJETOLD": 583,
        "VAL_FATORLIMITANTECD": "",
        "VAL_FATORLIMITANTELD": "",
        "VN": 230,
        "X": 3.04
      },
      "type": "Feature"
    },
    {
      "geometry": {
        "coordinates": [
          [
            -51.34334,
            -29.824022
          ],
          [
            -51.341537,
            -29.827379
          ],
          [
            -51.347981,
            -29.846505
          ],
          [
            -51.349909,
            -29.852229
          ],
          [
            -51.356565,
            -29.871986
          ],
          [
            -51.354071,
            -29.872257
          ],
          [
            -51.28912,
            -29.879305
          ],
          [
            -51.178804,
            -29.891277
          ]
        ],
        "type": "LineString"
      },
      "properties": {
        "AGE_NOME": "CPFL TRANSMISSAO S.A.                                          ",
        "DTENTRADA": 1150761600000,
        "DTPAR": 1135987200000,
        "DTPREVISTA": 1151625600000,
        "EQP_ID": "RSCIN-2POL-1        ",
        "EXT": 22.5,
        "INS_ID": "RSCIN ",
        "NOMELONGO": "LT  230 kV C.INDUSTRIAL         / NOVA STA RITA        C 1  RS          ",
        "NOMEREDE": "BASICA         ",
        "NUMDOC": "399       ",
        "OBJECTID": 1095,
        "R": 0.4,
        "S": 4.07,
        "SHAPE.STLength()": 0.22968578374744078,
        "STR_DTENTRADA": "20/06/2006",
        "STR_DTPAR": "31/12/2005",
        "STR_DTPREVISTA": "30/06/2006",
        "TPCPR_ID": null,
        "TPEQP_ID": "LTR",
        "VAL_CAPACOPERCOMFATORCD": 919,
        "VAL_CAPACOPERLD": 729,
        "VAL_CAPACOPERSEMFATORCD": 919,
        "VAL_CORRPROJETOLD": 729,
        "VAL_FATORLIMITANTECD": "",
        "VAL_FATORLIMITANTELD": "",
        "VN": 230,
        "X": 2.09
      },
      "type": "Feature"
    },
    {
      "geometry": {
        "coordinates": [
          [
            -51.343823,
            -29.824107
          ],
          [
            -51.343974,
            -29.827145
          ],
          [
            -51.350392,
            -29.845869
          ],
          [
            -51.352379,
            -29.851667
          ],
          [
            -51.359245,
            -29.871697
          ],
          [
            -51.38253,
            -29.869652
          ],
          [
            -51.387026,
            -29.869257
          ]
        ],
        "type": "LineString"
      },
      "properties": {
        "AGE_NOME": "CPFL TRANSMISSAO S.A.                                          ",
        "DTENTRADA": 1169942400000,
        "DTPAR": 1135987200000,
        "DTPREVISTA": 1168732800000,
        "EQP_ID": "RSPPE-2POL-1        ",
        "EXT": 10.9,
        "INS_ID": "RSPPE ",
        "NOMELONGO": "LT  230 kV P.PETROQUIMIC        / NOVA STA RITA        C 1  RS          ",
        "NOMEREDE": "BASICA         ",
        "NUMDOC": "399       ",
        "OBJECTID": 1096,
        "R": 0.102,
        "S": 3.766,
        "SHAPE.STLength()": 0.07802730465520778,
        "STR_DTENTRADA": "28/01/2007",
        "STR_DTPAR": "31/12/2005",
        "STR_DTPREVISTA": "14/01/2007",
        "TPCPR_ID": null,
        "TPEQP_ID": "LTR",
        "VAL_CAPACOPERCOMFATORCD": 1585,
        "VAL_CAPACOPERLD": 1355,
        "VAL_CAPACOPERSEMFATORCD": 1585,
        "VAL_CORRPROJETOLD": 1355,
        "VAL_FATORLIMITANTECD": "",
        "VAL_FATORLIMITANTELD": "",
        "VN": 230,
        "X": 0.526
      },
      "type": "Feature"
    },
    {
      "geometry": {
        "coordinates": [
          [
            -51.343773,
            -29.822304
          ],
          [
            -51.343761,
            -29.820307
          ],
          [
            -51.326105,
            -29.79942
          ],
          [
            -51.322633,
            -29.801572
          ],
          [
            -51.320946,
            -29.802618
          ],
          [
            -51.307756,
            -29.810796
          ],
          [
            -51.305011,
            -29.812499
          ],
          [
            -51.178621,
            -29.890866
          ]
        ],
        "type": "LineString"
      },
      "properties": {
        "AGE_NOME": "CPFL TRANSMISSAO S.A.                                          ",
        "DTENTRADA": 1149379200000,
        "DTPAR": 1135987200000,
        "DTPREVISTA": 1151625600000,
        "EQP_ID": "RSCIN-2POL-3        ",
        "EXT": 23.7,
        "INS_ID": "RSCIN ",
        "NOMELONGO": "LT  230 kV C.INDUSTRIAL         / NOVA STA RITA        C 3  RS          ",
        "NOMEREDE": "BASICA         ",
        "NUMDOC": "399       ",
        "OBJECTID": 1097,
        "R": 0.42,
        "S": 3.97,
        "SHAPE.STLength()": 0.20288083610682203,
        "STR_DTENTRADA": "04/06/2006",
        "STR_DTPAR": "31/12/2005",
        "STR_DTPREVISTA": "30/06/2006",
        "TPCPR_ID": null,
        "TPEQP_ID": "LTR",
        "VAL_CAPACOPERCOMFATORCD": 801,
        "VAL_CAPACOPERLD": 564,
        "VAL_CAPACOPERSEMFATORCD": 801,
        "VAL_CORRPROJETOLD": 564,
        "VAL_FATORLIMITANTECD": "",
        "VAL_FATORLIMITANTELD": "",
        "VN": 230,
        "X": 2.27
      },
      "type": "Feature"
    },
    {
      "geometry": {
        "coordinates": [
          [
            -51.344353,
            -29.823955
          ],
          [
            -51.346365,
            -29.826584
          ],
          [
            -51.352531,
            -29.845305
          ],
          [
            -51.35447,
            -29.851192
          ],
          [
            -51.352379,
            -29.851667
          ],
          [
            -51.349909,
            -29.852229
          ],
          [
            -51.34751,
            -29.852775
          ],
          [
            -51.305702,
            -29.862286
          ],
          [
            -51.178779,
            -29.891161
          ]
        ],
        "type": "LineString"
      },
      "properties": {
        "AGE_NOME": "CPFL TRANSMISSAO S.A.                                          ",
        "DTENTRADA": 1150502400000,
        "DTPAR": 1135987200000,
        "DTPREVISTA": 1151625600000,
        "EQP_ID": "RSCIN-2POL-2        ",
        "EXT": 22.4,
        "INS_ID": "RSCIN ",
        "NOMELONGO": "LT  230 kV C.INDUSTRIAL         / NOVA STA RITA        C 2  RS          ",
        "NOMEREDE": "BASICA         ",
        "NUMDOC": "399       ",
        "OBJECTID": 1098,
        "R": 0.39,
        "S": 3.925,
        "SHAPE.STLength()": 0.20939806703823505,
        "STR_DTENTRADA": "17/06/2006",
        "STR_DTPAR": "31/12/2005",
        "STR_DTPREVISTA": "30/06/2006",
        "TPCPR_ID": null,
        "TPEQP_ID": "LTR",
        "VAL_CAPACOPERCOMFATORCD": 919,
        "VAL_CAPACOPERLD": 729,
        "VAL_CAPACOPERSEMFATORCD": 919,
        "VAL_CORRPROJETOLD": 729,
        "VAL_FATORLIMITANTECD": "",
        "VAL_FATORLIMITANTELD": "",
        "VN": 230,
        "X": 2.14
      },
      "type": "Feature"
    },
    {
      "geometry": {
        "coordinates": [
          [
            -51.34311,
            -29.823892
          ],
          [
            -51.311776,
            -29.856052
          ],
          [
            -51.305702,
            -29.862286
          ],
          [
            -51.28912,
            -29.879305
          ],
          [
            -51.28666,
            -29.88183
          ],
          [
            -51.265653,
            -29.903392
          ],
          [
            -51.214285,
            -29.956114
          ],
          [
            -51.213534,
            -29.956885
          ],
          [
            -51.196594,
            -29.9705
          ]
        ],
        "type": "LineString"
      },
      "properties": {
        "AGE_NOME": "TRANSMISSORA DE ENERGIA SUL BRASIL S.A.                        ",
        "DTENTRADA": 1665878400000,
        "DTPAR": 1135987200000,
        "DTPREVISTA": 1613865600000,
        "EQP_ID": "RSPOL-2PAL91        ",
        "EXT": 29,
        "INS_ID": "RSPOL ",
        "NOMELONGO": "LT  230 kV NOVA STA RITA        / PORTO ALEGRE9        C 1  RS          ",
        "NOMEREDE": "BASICA         ",
        "NUMDOC": "008/2010  ",
        "OBJECTID": 1099,
        "R": 0.238,
        "S": 8.634,
        "SHAPE.STLength()": 0.20741249034316325,
        "STR_DTENTRADA": "16/10/2022",
        "STR_DTPAR": "31/12/2005",
        "STR_DTPREVISTA": "21/02/2021",
        "TPCPR_ID": null,
        "TPEQP_ID": "LTR",
        "VAL_CAPACOPERCOMFATORCD": 1790,
        "VAL_CAPACOPERLD": 1180,
        "VAL_CAPACOPERSEMFATORCD": 1790,
        "VAL_CORRPROJETOLD": 1180,
        "VAL_FATORLIMITANTECD": "",
        "VAL_FATORLIMITANTELD": "",
        "VN": 230,
        "X": 1.485
      },
      "type": "Feature"
    },
    {
      "geometry": {
        "coordinates": [
          [
            -51.344462,
            -29.822528
          ],
          [
            -51.370119,
            -29.797092
          ],
          [
            -51.370264,
            -29.79035
          ],
          [
            -51.370387,
            -29.78463
          ],
          [
            -51.370519,
            -29.778493
          ],
          [
            -51.370663,
            -29.771791
          ],
          [
            -51.370672,
            -29.771359
          ],
          [
            -51.370939,
            -29.758976
          ],
          [
            -51.371223,
            -29.745742
          ],
          [
            -51.382429,
            -29.224405
          ],
          [
            -51.383349,
            -29.18164
          ],
          [
            -51.383445,
            -29.177142
          ],
          [
            -51.38487,
            -29.110866
          ],
          [
            -51.385829,
            -29.066265
          ],
          [
            -51.386553,
            -29.032585
          ],
          [
            -51.38704,
            -29.009914
          ],
          [
            -51.407822,
            -28.043116
          ],
          [
            -51.41785,
            -27.576578
          ],
          [
            -51.417509,
            -27.541457
          ]
        ],
        "type": "LineString"
      },
      "properties": {
        "AGE_NOME": "COMPANHIA DE GERA\u00c7\u00c3O E TRANSMISS\u00c3O DE ENERGIA EL\u00c9TRICA DO SUL D",
        "DTENTRADA": 1242000000000,
        "DTPAR": 1138665600000,
        "DTPREVISTA": 1241827200000,
        "EQP_ID": "SCCNO-5POL-1RS      ",
        "EXT": 257.4,
        "INS_ID": "SCCNO ",
        "NOMELONGO": "LT  525 kV C.NOVOS              / NOVA STA RITA        C 1  SC/RS       ",
        "NOMEREDE": "BASICA         ",
        "NUMDOC": "001/2005  ",
        "OBJECTID": 1100,
        "R": 0.165,
        "S": 393.8,
        "SHAPE.STLength()": 2.2922787511121876,
        "STR_DTENTRADA": "11/05/2009",
        "STR_DTPAR": "31/01/2006",
        "STR_DTPREVISTA": "09/05/2009",
        "TPCPR_ID": "1  ",
        "TPEQP_ID": "LTR",
        "VAL_CAPACOPERCOMFATORCD": 2920,
        "VAL_CAPACOPERLD": 2920,
        "VAL_CAPACOPERSEMFATORCD": 2920,
        "VAL_CORRPROJETOLD": 2920,
        "VAL_FATORLIMITANTECD": null,
        "VAL_FATORLIMITANTELD": null,
        "VN": 525,
        "X": 2.915
      },
      "type": "Feature"
    },
    {
      "geometry": {
        "coordinates": [
          [
            -56.99953,
            -29.763781
          ],
          [
            -56.986663,
            -29.760778
          ],
          [
            -55.952398,
            -29.751484
          ],
          [
            -55.760558,
            -29.749761
          ],
          [
            -55.723606,
            -29.776683
          ]
        ],
        "type": "LineString"
      },
      "properties": {
        "AGE_NOME": "\u00c2mbar Uruguaiana Energia S.A.                                  ",
        "DTENTRADA": null,
        "DTPAR": 1088553600000,
        "DTPREVISTA": 253392451200000,
        "EQP_ID": "RSALE22UTUR2        ",
        "EXT": 0,
        "INS_ID": "RSALE2",
        "NOMELONGO": "LT  230 kV ALEGRETE2            / U.URUGUAIANA         C 2  RS          ",
        "NOMEREDE": "COMPLEMENTAR   ",
        "NUMDOC": null,
        "OBJECTID": 1101,
        "R": 0.01,
        "S": null,
        "SHAPE.STLength()": 1.2850869661086415,
        "STR_DTENTRADA": null,
        "STR_DTPAR": "30/06/2004",
        "STR_DTPREVISTA": "09/09/9999",
        "TPCPR_ID": null,
        "TPEQP_ID": "LTR",
        "VAL_CAPACOPERCOMFATORCD": null,
        "VAL_CAPACOPERLD": null,
        "VAL_CAPACOPERSEMFATORCD": null,
        "VAL_CORRPROJETOLD": null,
        "VAL_FATORLIMITANTECD": null,
        "VAL_FATORLIMITANTELD": null,
        "VN": 230,
        "X": 0.01
      },
      "type": "Feature"
    },
    {
      "geometry": {
        "coordinates": [
          [
            -50.34148,
            -27.779385
          ],
          [
            -49.985718,
            -27.484623
          ],
          [
            -49.9842,
            -27.483365
          ],
          [
            -49.628518,
            -27.188669
          ]
        ],
        "type": "LineString"
      },
      "properties": {
        "AGE_NOME": "STC - SISTEMA DE TRANSMISS\u00c3O CATARINENSE S.A.                  ",
        "DTENTRADA": 1194480000000,
        "DTPAR": 1136678400000,
        "DTPREVISTA": 1191974400000,
        "EQP_ID": "SCLAG-2RSU-1        ",
        "EXT": 99,
        "INS_ID": "SCLAG ",
        "NOMELONGO": "LT  230 kV LAGES                / RIO DO SUL           C 1  SC          ",
        "NOMEREDE": "BASICA         ",
        "NUMDOC": "001/2005  ",
        "OBJECTID": 1102,
        "R": 1.187,
        "S": 18.64,
        "SHAPE.STLength()": 0.9258840060710515,
        "STR_DTENTRADA": "08/11/2007",
        "STR_DTPAR": "08/01/2006",
        "STR_DTPREVISTA": "10/10/2007",
        "TPCPR_ID": "1  ",
        "TPEQP_ID": "LTR",
        "VAL_CAPACOPERCOMFATORCD": 879,
        "VAL_CAPACOPERLD": 879,
        "VAL_CAPACOPERSEMFATORCD": 879,
        "VAL_CORRPROJETOLD": 879,
        "VAL_FATORLIMITANTECD": null,
        "VAL_FATORLIMITANTELD": null,
        "VN": 230,
        "X": 8.966
      },
      "type": "Feature"
    },
    {
      "geometry": {
        "coordinates": [
          [
            -48.733311,
            -27.493928
          ],
          [
            -48.736513,
            -27.504911
          ],
          [
            -48.698553,
            -27.637929
          ],
          [
            -48.697685,
            -27.640969
          ],
          [
            -48.69754,
            -27.641478
          ],
          [
            -48.698544,
            -27.64436
          ],
          [
            -48.73606,
            -27.751966
          ],
          [
            -48.72884,
            -27.752607
          ],
          [
            -48.715712,
            -27.753773
          ],
          [
            -48.570608,
            -27.766656
          ],
          [
            -48.551832,
            -27.756121
          ],
          [
            -48.533739,
            -27.72531
          ],
          [
            -48.513571,
            -27.701473
          ],
          [
            -48.496087,
            -27.676601
          ]
        ],
        "type": "LineString"
      },
      "properties": {
        "AGE_NOME": "COMPANHIA DE GERA\u00c7\u00c3O E TRANSMISS\u00c3O DE ENERGIA EL\u00c9TRICA DO SUL D",
        "DTENTRADA": 1230508800000,
        "DTPAR": 1162944000000,
        "DTPREVISTA": 1229644800000,
        "EQP_ID": "SCBIG-2FIL-1        ",
        "EXT": 57,
        "INS_ID": "SCBIG ",
        "NOMELONGO": "LT  230 kV BIGUACU              / DESTERRO             C 1  SC          ",
        "NOMEREDE": "BASICA         ",
        "NUMDOC": "96        ",
        "OBJECTID": 1103,
        "R": 0.77,
        "S": 19.605,
        "SHAPE.STLength()": 0.5554595268206464,
        "STR_DTENTRADA": "29/12/2008",
        "STR_DTPAR": "08/11/2006",
        "STR_DTPREVISTA": "19/12/2008",
        "TPCPR_ID": null,
        "TPEQP_ID": "LTR",
        "VAL_CAPACOPERCOMFATORCD": 820,
        "VAL_CAPACOPERLD": 780,
        "VAL_CAPACOPERSEMFATORCD": 820,
        "VAL_CORRPROJETOLD": 780,
        "VAL_FATORLIMITANTECD": "",
        "VAL_FATORLIMITANTELD": "",
        "VN": 230,
        "X": 4.96
      },
      "type": "Feature"
    },
    {
      "geometry": {
        "coordinates": [
          [
            -51.666189,
            -29.049203
          ],
          [
            -51.66216,
            -29.04248
          ],
          [
            -51.535193,
            -29.039469
          ]
        ],
        "type": "LineString"
      },
      "properties": {
        "AGE_NOME": "Companhia Energ\u00e9tica do Rio das Antas                          ",
        "DTENTRADA": 1230163200000,
        "DTPAR": null,
        "DTPREVISTA": 1230681600000,
        "EQP_ID": "RSMCL-2UHQJ1        ",
        "EXT": 17.3,
        "INS_ID": "RSMCL ",
        "NOMELONGO": "LT  230 kV MONTE CLARO          / 14 DE JULHO          C 1  RS          ",
        "NOMEREDE": "COMPLEMENTAR   ",
        "NUMDOC": null,
        "OBJECTID": 1104,
        "R": 0.37,
        "S": 3.054,
        "SHAPE.STLength()": 0.13484034509339318,
        "STR_DTENTRADA": "25/12/2008",
        "STR_DTPAR": null,
        "STR_DTPREVISTA": "31/12/2008",
        "TPCPR_ID": null,
        "TPEQP_ID": "LTR",
        "VAL_CAPACOPERCOMFATORCD": null,
        "VAL_CAPACOPERLD": null,
        "VAL_CAPACOPERSEMFATORCD": null,
        "VAL_CORRPROJETOLD": null,
        "VAL_FATORLIMITANTECD": null,
        "VAL_FATORLIMITANTELD": null,
        "VN": 230,
        "X": 1.682
      },
      "type": "Feature"
    },
    {
      "geometry": {
        "coordinates": [
          [
            -51.983473,
            -29.465594
          ],
          [
            -51.921865,
            -29.467396
          ],
          [
            -51.885498,
            -29.46846
          ],
          [
            -51.858603,
            -29.469247
          ],
          [
            -51.38214,
            -29.764675
          ],
          [
            -51.371076,
            -29.771536
          ],
          [
            -51.370663,
            -29.771791
          ],
          [
            -51.363165,
            -29.776441
          ],
          [
            -51.359867,
            -29.778486
          ],
          [
            -51.328062,
            -29.798206
          ],
          [
            -51.34532,
            -29.818556
          ],
          [
            -51.344066,
            -29.822339
          ]
        ],
        "type": "LineString"
      },
      "properties": {
        "AGE_NOME": "CPFL TRANSMISSAO S.A.                                          ",
        "DTENTRADA": 1247443200000,
        "DTPAR": 1088553600000,
        "DTPREVISTA": 1248998400000,
        "EQP_ID": "RSLAJ22NSR-1        ",
        "EXT": 96.2,
        "INS_ID": "RSLAJ2",
        "NOMELONGO": "LT  230 kV LAJEADO 2            / NOVA STA RITA        C 1  RS          ",
        "NOMEREDE": "BASICA         ",
        "NUMDOC": "538       ",
        "OBJECTID": 1114,
        "R": 1.914,
        "S": 16.741,
        "SHAPE.STLength()": 0.7798420528768439,
        "STR_DTENTRADA": "13/07/2009",
        "STR_DTPAR": "30/06/2004",
        "STR_DTPREVISTA": "31/07/2009",
        "TPCPR_ID": null,
        "TPEQP_ID": "LTR",
        "VAL_CAPACOPERCOMFATORCD": 801,
        "VAL_CAPACOPERLD": 564,
        "VAL_CAPACOPERSEMFATORCD": 801,
        "VAL_CORRPROJETOLD": 564,
        "VAL_FATORLIMITANTECD": "",
        "VAL_FATORLIMITANTELD": "",
        "VN": 230,
        "X": 9.55
      },
      "type": "Feature"
    },
    {
      "geometry": {
        "coordinates": [
          [
            -48.969233,
            -28.455219
          ],
          [
            -48.968851,
            -28.454602
          ],
          [
            -48.968844,
            -28.449777
          ]
        ],
        "type": "LineString"
      },
      "properties": {
        "AGE_NOME": "COMPANHIA DE GERA\u00c7\u00c3O E TRANSMISS\u00c3O DE ENERGIA EL\u00c9TRICA DO SUL D",
        "DTENTRADA": 1193788800000,
        "DTPAR": 1120089600000,
        "DTPREVISTA": 1193702400000,
        "EQP_ID": "SCJLA-2JLB-2        ",
        "EXT": 0.8,
        "INS_ID": "SCJLA ",
        "NOMELONGO": "LT  230 kV J.LACERDA-A          / J.LACERDA-B          C 2  SC          ",
        "NOMEREDE": "BASICA         ",
        "NUMDOC": "330       ",
        "OBJECTID": 1115,
        "R": 0.014,
        "S": 0.128,
        "SHAPE.STLength()": 0.005550794421747137,
        "STR_DTENTRADA": "31/10/2007",
        "STR_DTPAR": "30/06/2005",
        "STR_DTPREVISTA": "30/10/2007",
        "TPCPR_ID": null,
        "TPEQP_ID": "LTR",
        "VAL_CAPACOPERCOMFATORCD": 831,
        "VAL_CAPACOPERLD": 675,
        "VAL_CAPACOPERSEMFATORCD": 831,
        "VAL_CORRPROJETOLD": 675,
        "VAL_FATORLIMITANTECD": "",
        "VAL_FATORLIMITANTELD": "",
        "VN": 230,
        "X": 0.074
      },
      "type": "Feature"
    },
    {
      "geometry": {
        "coordinates": [
          [
            -48.734067,
            -27.493054
          ],
          [
            -49.015614,
            -27.492605
          ],
          [
            -49.058378,
            -27.492536
          ],
          [
            -49.058453,
            -27.492597
          ],
          [
            -49.029897,
            -27.948609
          ],
          [
            -49.001521,
            -28.401744
          ],
          [
            -48.970191,
            -28.45521
          ]
        ],
        "type": "LineString"
      },
      "properties": {
        "AGE_NOME": "COMPANHIA DE GERA\u00c7\u00c3O E TRANSMISS\u00c3O DE ENERGIA EL\u00c9TRICA DO SUL D",
        "DTENTRADA": 1227484800000,
        "DTPAR": 1139356800000,
        "DTPREVISTA": 1228608000000,
        "EQP_ID": "SCBIG-2JLB-1        ",
        "EXT": 129.5,
        "INS_ID": "SCBIG ",
        "NOMELONGO": "LT  230 kV BIGUACU              / J.LACERDA-B          C 1  SC          ",
        "NOMEREDE": "BASICA         ",
        "NUMDOC": "96        ",
        "OBJECTID": 1116,
        "R": 2.574,
        "S": 22.265,
        "SHAPE.STLength()": 1.2973039009873826,
        "STR_DTENTRADA": "24/11/2008",
        "STR_DTPAR": "08/02/2006",
        "STR_DTPREVISTA": "07/12/2008",
        "TPCPR_ID": null,
        "TPEQP_ID": "LTR",
        "VAL_CAPACOPERCOMFATORCD": 767,
        "VAL_CAPACOPERLD": 609,
        "VAL_CAPACOPERSEMFATORCD": 767,
        "VAL_CORRPROJETOLD": 609,
        "VAL_FATORLIMITANTECD": "",
        "VAL_FATORLIMITANTELD": "",
        "VN": 230,
        "X": 12.581
      },
      "type": "Feature"
    },
    {
      "geometry": {
        "coordinates": [
          [
            -51.195014,
            -29.971663
          ],
          [
            -51.141375,
            -30.007782
          ]
        ],
        "type": "LineString"
      },
      "properties": {
        "AGE_NOME": "TRANSMISSORA DE ENERGIA SUL BRASIL S.A.                        ",
        "DTENTRADA": 1698451200000,
        "DTPAR": 1167523200000,
        "DTPREVISTA": 1616716800000,
        "EQP_ID": "RSPAL82PAL91        ",
        "EXT": 10.81,
        "INS_ID": "RSPAL8",
        "NOMELONGO": "LT  230 kV PORTO ALEGRE8        / PORTO ALEGRE9        C 1  RS          ",
        "NOMEREDE": "BASICA         ",
        "NUMDOC": "008/2010  ",
        "OBJECTID": 1118,
        "R": 0.126,
        "S": 2.5,
        "SHAPE.STLength()": 0.06466671310954095,
        "STR_DTENTRADA": "28/10/2023",
        "STR_DTPAR": "31/12/2006",
        "STR_DTPREVISTA": "26/03/2021",
        "TPCPR_ID": null,
        "TPEQP_ID": "LTR",
        "VAL_CAPACOPERCOMFATORCD": 1190,
        "VAL_CAPACOPERLD": 790,
        "VAL_CAPACOPERSEMFATORCD": 1190,
        "VAL_CORRPROJETOLD": 790,
        "VAL_FATORLIMITANTECD": "",
        "VAL_FATORLIMITANTELD": "",
        "VN": 230,
        "X": 0.787
      },
      "type": "Feature"
    },
    {
      "geometry": {
        "coordinates": [
          [
            -51.196201,
            -29.971953
          ],
          [
            -51.228243,
            -30.045268
          ]
        ],
        "type": "LineString"
      },
      "properties": {
        "AGE_NOME": "Transmissora Porto Alegrense de Energia Ltda                   ",
        "DTENTRADA": 1325203200000,
        "DTPAR": 1135987200000,
        "DTPREVISTA": 1323561600000,
        "EQP_ID": "RSPAL42PAL91        ",
        "EXT": 11,
        "INS_ID": "RSPAL4",
        "NOMELONGO": "LT  230 kV PORTOALEGRE 4        / PORTO ALEGRE9        C 1  RS          ",
        "NOMEREDE": "BASICA         ",
        "NUMDOC": "001/2009  ",
        "OBJECTID": 1119,
        "R": 0.067,
        "S": 47.62,
        "SHAPE.STLength()": 0.08001062231701364,
        "STR_DTENTRADA": "30/12/2011",
        "STR_DTPAR": "31/12/2005",
        "STR_DTPREVISTA": "11/12/2011",
        "TPCPR_ID": null,
        "TPEQP_ID": "LTR",
        "VAL_CAPACOPERCOMFATORCD": 1100,
        "VAL_CAPACOPERLD": 910,
        "VAL_CAPACOPERSEMFATORCD": 1100,
        "VAL_CORRPROJETOLD": 910,
        "VAL_FATORLIMITANTECD": "",
        "VAL_FATORLIMITANTELD": "",
        "VN": 230,
        "X": 0.499
      },
      "type": "Feature"
    },
    {
      "geometry": {
        "coordinates": [
          [
            -51.196201,
            -29.971953
          ],
          [
            -51.228243,
            -30.045268
          ]
        ],
        "type": "LineString"
      },
      "properties": {
        "AGE_NOME": "Transmissora Porto Alegrense de Energia Ltda                   ",
        "DTENTRADA": 1325203200000,
        "DTPAR": 1135987200000,
        "DTPREVISTA": 1323561600000,
        "EQP_ID": "RSPAL42PAL91        ",
        "EXT": 11,
        "INS_ID": "RSPAL4",
        "NOMELONGO": "LT  230 kV PORTOALEGRE 4        / PORTO ALEGRE9        C 1  RS          ",
        "NOMEREDE": "BASICA         ",
        "NUMDOC": "001/2009  ",
        "OBJECTID": 1120,
        "R": 0.067,
        "S": 47.62,
        "SHAPE.STLength()": 0.08001062231701364,
        "STR_DTENTRADA": "30/12/2011",
        "STR_DTPAR": "31/12/2005",
        "STR_DTPREVISTA": "11/12/2011",
        "TPCPR_ID": null,
        "TPEQP_ID": "LTR",
        "VAL_CAPACOPERCOMFATORCD": 1100,
        "VAL_CAPACOPERLD": 910,
        "VAL_CAPACOPERSEMFATORCD": 1100,
        "VAL_CORRPROJETOLD": 910,
        "VAL_FATORLIMITANTECD": "",
        "VAL_FATORLIMITANTELD": "",
        "VN": 230,
        "X": 0.499
      },
      "type": "Feature"
    },
    {
      "geometry": {
        "coordinates": [
          [
            -48.690805,
            -27.64107
          ],
          [
            -48.732807,
            -27.49393
          ]
        ],
        "type": "LineString"
      },
      "properties": {
        "AGE_NOME": "COMPANHIA DE GERA\u00c7\u00c3O E TRANSMISS\u00c3O DE ENERGIA EL\u00c9TRICA DO SUL D",
        "DTENTRADA": 1224288000000,
        "DTPAR": 1162944000000,
        "DTPREVISTA": 1228608000000,
        "EQP_ID": "SCBIG-2PAL-1        ",
        "EXT": 17,
        "INS_ID": "SCBIG ",
        "NOMELONGO": "LT  230 kV BIGUACU              / PALHOCA  ESU         C 1  SC          ",
        "NOMEREDE": "BASICA         ",
        "NUMDOC": "96        ",
        "OBJECTID": 1121,
        "R": 0.23,
        "S": 3.142,
        "SHAPE.STLength()": 0.15301820142690103,
        "STR_DTENTRADA": "18/10/2008",
        "STR_DTPAR": "08/11/2006",
        "STR_DTPREVISTA": "07/12/2008",
        "TPCPR_ID": null,
        "TPEQP_ID": "LTR",
        "VAL_CAPACOPERCOMFATORCD": 1013,
        "VAL_CAPACOPERLD": 824,
        "VAL_CAPACOPERSEMFATORCD": 1013,
        "VAL_CORRPROJETOLD": 824,
        "VAL_FATORLIMITANTECD": "",
        "VAL_FATORLIMITANTELD": "",
        "VN": 230,
        "X": 1.53
      },
      "type": "Feature"
    },
    {
      "geometry": {
        "coordinates": [
          [
            -52.717982,
            -27.483955
          ],
          [
            -52.71741,
            -27.490858
          ],
          [
            -52.727685,
            -27.541465
          ],
          [
            -52.732819,
            -27.549223
          ]
        ],
        "type": "LineString"
      },
      "properties": {
        "AGE_NOME": "ENGIE BRASIL ENERGIA S.A.                                      ",
        "DTENTRADA": 109555200000,
        "DTPAR": null,
        "DTPREVISTA": null,
        "EQP_ID": "RSPFU-2UHPF2        ",
        "EXT": 0.5,
        "INS_ID": "RSPFU ",
        "NOMELONGO": "LT  230 kV PASSO FUNDO          / U.PASSO FUNDO        C 2  RS          ",
        "NOMEREDE": "COMPLEMENTAR   ",
        "NUMDOC": null,
        "OBJECTID": 1137,
        "R": 0.01,
        "S": 0,
        "SHAPE.STLength()": 0.06786845186675813,
        "STR_DTENTRADA": "22/06/1973",
        "STR_DTPAR": null,
        "STR_DTPREVISTA": null,
        "TPCPR_ID": null,
        "TPEQP_ID": "LTR",
        "VAL_CAPACOPERCOMFATORCD": null,
        "VAL_CAPACOPERLD": null,
        "VAL_CAPACOPERSEMFATORCD": null,
        "VAL_CORRPROJETOLD": null,
        "VAL_FATORLIMITANTECD": null,
        "VAL_FATORLIMITANTELD": null,
        "VN": 230,
        "X": 0.02
      },
      "type": "Feature"
    },
    {
      "geometry": {
        "coordinates": [
          [
            -52.718581,
            -27.483827
          ],
          [
            -52.722935,
            -27.490226
          ],
          [
            -52.73396,
            -27.541405
          ],
          [
            -52.733399,
            -27.5491
          ]
        ],
        "type": "LineString"
      },
      "properties": {
        "AGE_NOME": "ENGIE BRASIL ENERGIA S.A.                                      ",
        "DTENTRADA": 101520000000,
        "DTPAR": null,
        "DTPREVISTA": null,
        "EQP_ID": "RSPFU-2UHPF1        ",
        "EXT": 0.5,
        "INS_ID": "RSPFU ",
        "NOMELONGO": "LT  230 kV PASSO FUNDO          / U.PASSO FUNDO        C 1  RS          ",
        "NOMEREDE": "COMPLEMENTAR   ",
        "NUMDOC": null,
        "OBJECTID": 1138,
        "R": 0.01,
        "S": 0,
        "SHAPE.STLength()": 0.06780889276534188,
        "STR_DTENTRADA": "21/03/1973",
        "STR_DTPAR": null,
        "STR_DTPREVISTA": null,
        "TPCPR_ID": null,
        "TPEQP_ID": "LTR",
        "VAL_CAPACOPERCOMFATORCD": null,
        "VAL_CAPACOPERLD": null,
        "VAL_CAPACOPERSEMFATORCD": null,
        "VAL_CORRPROJETOLD": null,
        "VAL_FATORLIMITANTECD": null,
        "VAL_FATORLIMITANTELD": null,
        "VN": 230,
        "X": 0.02
      },
      "type": "Feature"
    },
    {
      "geometry": {
        "coordinates": [
          [
            -48.969722,
            -28.455108
          ],
          [
            -48.969722,
            -28.44979
          ]
        ],
        "type": "LineString"
      },
      "properties": {
        "AGE_NOME": "COMPANHIA DE GERA\u00c7\u00c3O E TRANSMISS\u00c3O DE ENERGIA EL\u00c9TRICA DO SUL D",
        "DTENTRADA": 662601600000,
        "DTPAR": 1104451200000,
        "DTPREVISTA": 1071964800000,
        "EQP_ID": "SCJLA-2JLB-1        ",
        "EXT": 0.8,
        "INS_ID": "SCJLA ",
        "NOMELONGO": "LT  230 kV J.LACERDA-A          / J.LACERDA-B          C 1  SC          ",
        "NOMEREDE": "BASICA         ",
        "NUMDOC": null,
        "OBJECTID": 1142,
        "R": 0.014,
        "S": 0.128,
        "SHAPE.STLength()": 0.005317269,
        "STR_DTENTRADA": "31/12/1990",
        "STR_DTPAR": "31/12/2004",
        "STR_DTPREVISTA": "21/12/2003",
        "TPCPR_ID": null,
        "TPEQP_ID": "LTR",
        "VAL_CAPACOPERCOMFATORCD": 960,
        "VAL_CAPACOPERLD": 960,
        "VAL_CAPACOPERSEMFATORCD": 1165,
        "VAL_CORRPROJETOLD": 1079,
        "VAL_FATORLIMITANTECD": "TC na origem",
        "VAL_FATORLIMITANTELD": "TC na origem",
        "VN": 230,
        "X": 0.074
      },
      "type": "Feature"
    },
    {
      "geometry": {
        "coordinates": [
          [
            -51.380167,
            -29.008534
          ],
          [
            -51.38704,
            -29.009914
          ],
          [
            -51.402795,
            -29.013076
          ],
          [
            -51.533166,
            -29.039244
          ]
        ],
        "type": "LineString"
      },
      "properties": {
        "AGE_NOME": "Companhia Energ\u00e9tica do Rio das Antas                          ",
        "DTENTRADA": 1204588800000,
        "DTPAR": null,
        "DTPREVISTA": 1206921600000,
        "EQP_ID": "RSUHCA2MCL-1        ",
        "EXT": 8.5,
        "INS_ID": "RSUHCA",
        "NOMELONGO": "LT  230 kV CASTRO ALVES         / MONTE CLARO          C 1  RS          ",
        "NOMEREDE": "COMPLEMENTAR   ",
        "NUMDOC": null,
        "OBJECTID": 1170,
        "R": 0.169,
        "S": 1.147,
        "SHAPE.STLength()": 0.15605148731881813,
        "STR_DTENTRADA": "04/03/2008",
        "STR_DTPAR": null,
        "STR_DTPREVISTA": "31/03/2008",
        "TPCPR_ID": null,
        "TPEQP_ID": "LTR",
        "VAL_CAPACOPERCOMFATORCD": null,
        "VAL_CAPACOPERLD": null,
        "VAL_CAPACOPERSEMFATORCD": null,
        "VAL_CORRPROJETOLD": null,
        "VAL_FATORLIMITANTECD": null,
        "VAL_FATORLIMITANTELD": null,
        "VN": 230,
        "X": 0.76
      },
      "type": "Feature"
    },
    {
      "geometry": {
        "coordinates": [
          [
            -51.53335,
            -29.0389
          ],
          [
            -51.500818,
            -29.017212
          ]
        ],
        "type": "LineString"
      },
      "properties": {
        "AGE_NOME": "Companhia Energ\u00e9tica do Rio das Antas                          ",
        "DTENTRADA": 1096243200000,
        "DTPAR": null,
        "DTPREVISTA": 1104451200000,
        "EQP_ID": "RSUHMC2MCL-1        ",
        "EXT": 1,
        "INS_ID": "RSUHMC",
        "NOMELONGO": "LT  230 kV U.MONTE CLARO        / MONTE CLARO          C 1  RS          ",
        "NOMEREDE": "COMPLEMENTAR   ",
        "NUMDOC": null,
        "OBJECTID": 1171,
        "R": 0.02,
        "S": 0.173,
        "SHAPE.STLength()": 0.039098473778300114,
        "STR_DTENTRADA": "27/09/2004",
        "STR_DTPAR": null,
        "STR_DTPREVISTA": "31/12/2004",
        "TPCPR_ID": null,
        "TPEQP_ID": "LTR",
        "VAL_CAPACOPERCOMFATORCD": null,
        "VAL_CAPACOPERLD": null,
        "VAL_CAPACOPERSEMFATORCD": null,
        "VAL_CORRPROJETOLD": null,
        "VAL_FATORLIMITANTECD": null,
        "VAL_FATORLIMITANTELD": null,
        "VN": 230,
        "X": 0.1
      },
      "type": "Feature"
    },
    {
      "geometry": {
        "coordinates": [
          [
            -51.190667,
            -29.132293
          ],
          [
            -51.131701,
            -29.120103
          ],
          [
            -51.117107,
            -29.117086
          ],
          [
            -50.565165,
            -29.002984
          ]
        ],
        "type": "LineString"
      },
      "properties": {
        "AGE_NOME": "COMPANHIA DE GERA\u00c7\u00c3O E TRANSMISS\u00c3O DE ENERGIA EL\u00c9TRICA DO SUL D",
        "DTENTRADA": 1130630400000,
        "DTPAR": 1046476800000,
        "DTPREVISTA": 1062288000000,
        "EQP_ID": "RSLGR-2CAX51        ",
        "EXT": 65.62,
        "INS_ID": "RSLGR ",
        "NOMELONGO": "LT  230 kV L.GRANDE             / CAXIAS SUL 5         C 1  RS          ",
        "NOMEREDE": "BASICA         ",
        "NUMDOC": null,
        "OBJECTID": 1172,
        "R": 1.319,
        "S": 11.11,
        "SHAPE.STLength()": 0.6387281772463419,
        "STR_DTENTRADA": "30/10/2005",
        "STR_DTPAR": "01/03/2003",
        "STR_DTPREVISTA": "31/08/2003",
        "TPCPR_ID": null,
        "TPEQP_ID": "LTR",
        "VAL_CAPACOPERCOMFATORCD": 734,
        "VAL_CAPACOPERLD": 583,
        "VAL_CAPACOPERSEMFATORCD": 734,
        "VAL_CORRPROJETOLD": 583,
        "VAL_FATORLIMITANTECD": "",
        "VAL_FATORLIMITANTELD": "",
        "VN": 230,
        "X": 6.412
      },
      "type": "Feature"
    },
    {
      "geometry": {
        "coordinates": [
          [
            -50.766233,
            -29.896053
          ],
          [
            -50.764993,
            -29.888988
          ],
          [
            -50.763488,
            -29.880408
          ],
          [
            -50.728223,
            -29.880377
          ],
          [
            -50.654171,
            -29.880312
          ],
          [
            -50.498088,
            -29.880175
          ],
          [
            -50.443458,
            -29.880127
          ],
          [
            -50.428631,
            -29.852966
          ],
          [
            -50.349882,
            -29.885617
          ],
          [
            -50.316894,
            -29.89496
          ],
          [
            -50.31649,
            -29.895074
          ]
        ],
        "type": "LineString"
      },
      "properties": {
        "AGE_NOME": "CPFL TRANSMISSAO S.A.                                          ",
        "DTENTRADA": 1055894400000,
        "DTPAR": null,
        "DTPREVISTA": 1051660800000,
        "EQP_ID": "RSFIB-2OSO21        ",
        "EXT": 47.47,
        "INS_ID": "RSFIB ",
        "NOMELONGO": "LT  230 kV FIBRAPLAC            / OSORIO 2             C 1  RS          ",
        "NOMEREDE": "BASICA         ",
        "NUMDOC": null,
        "OBJECTID": 1177,
        "R": 0.821,
        "S": 8.059,
        "SHAPE.STLength()": 0.4868138014220377,
        "STR_DTENTRADA": "18/06/2003",
        "STR_DTPAR": null,
        "STR_DTPREVISTA": "30/04/2003",
        "TPCPR_ID": null,
        "TPEQP_ID": "LTR",
        "VAL_CAPACOPERCOMFATORCD": 856,
        "VAL_CAPACOPERLD": 679,
        "VAL_CAPACOPERSEMFATORCD": 856,
        "VAL_CORRPROJETOLD": 679,
        "VAL_FATORLIMITANTECD": "",
        "VAL_FATORLIMITANTELD": "",
        "VN": 230,
        "X": 4.165
      },
      "type": "Feature"
    },
    {
      "geometry": {
        "coordinates": [
          [
            -51.416497,
            -27.540672
          ],
          [
            -51.408334,
            -27.541624
          ],
          [
            -51.321947,
            -27.59122
          ],
          [
            -51.317145,
            -27.599205
          ]
        ],
        "type": "LineString"
      },
      "properties": {
        "AGE_NOME": "CAMPOS NOVOS ENERGIA S.A.                                      ",
        "DTENTRADA": 1143504000000,
        "DTPAR": null,
        "DTPREVISTA": 1164844800000,
        "EQP_ID": "SCCNO-2UHCN2        ",
        "EXT": 11,
        "INS_ID": "SCCNO ",
        "NOMELONGO": "LT  230 kV C.NOVOS              / U.C NOVOS            C 2  SC          ",
        "NOMEREDE": "COMPLEMENTAR   ",
        "NUMDOC": null,
        "OBJECTID": 1179,
        "R": 0.06,
        "S": 2.28,
        "SHAPE.STLength()": 0.11714780190516055,
        "STR_DTENTRADA": "28/03/2006",
        "STR_DTPAR": null,
        "STR_DTPREVISTA": "30/11/2006",
        "TPCPR_ID": null,
        "TPEQP_ID": "LTR",
        "VAL_CAPACOPERCOMFATORCD": null,
        "VAL_CAPACOPERLD": null,
        "VAL_CAPACOPERSEMFATORCD": null,
        "VAL_CORRPROJETOLD": null,
        "VAL_FATORLIMITANTECD": null,
        "VAL_FATORLIMITANTELD": null,
        "VN": 230,
        "X": 0.64
      },
      "type": "Feature"
    },
    {
      "geometry": {
        "coordinates": [
          [
            -51.416656,
            -27.541053
          ],
          [
            -51.317511,
            -27.599502
          ]
        ],
        "type": "LineString"
      },
      "properties": {
        "AGE_NOME": "CAMPOS NOVOS ENERGIA S.A.                                      ",
        "DTENTRADA": 1143504000000,
        "DTPAR": null,
        "DTPREVISTA": 1164844800000,
        "EQP_ID": "SCCNO-2UHCN1        ",
        "EXT": 11,
        "INS_ID": "SCCNO ",
        "NOMELONGO": "LT  230 kV C.NOVOS              / U.C NOVOS            C 1  SC          ",
        "NOMEREDE": "COMPLEMENTAR   ",
        "NUMDOC": null,
        "OBJECTID": 1180,
        "R": 0.06,
        "S": 2.28,
        "SHAPE.STLength()": 0.11509174176343465,
        "STR_DTENTRADA": "28/03/2006",
        "STR_DTPAR": null,
        "STR_DTPREVISTA": "30/11/2006",
        "TPCPR_ID": null,
        "TPEQP_ID": "LTR",
        "VAL_CAPACOPERCOMFATORCD": null,
        "VAL_CAPACOPERLD": null,
        "VAL_CAPACOPERSEMFATORCD": null,
        "VAL_CORRPROJETOLD": null,
        "VAL_FATORLIMITANTECD": null,
        "VAL_FATORLIMITANTELD": null,
        "VN": 230,
        "X": 0.64
      },
      "type": "Feature"
    },
    {
      "geometry": {
        "coordinates": [
          [
            -52.867177,
            -28.674072
          ],
          [
            -52.862494,
            -28.67653
          ],
          [
            -52.429323,
            -28.283978
          ]
        ],
        "type": "LineString"
      },
      "properties": {
        "AGE_NOME": "CPFL TRANSMISSAO S.A.                                          ",
        "DTENTRADA": 1114819200000,
        "DTPAR": 1091232000000,
        "DTPREVISTA": 1110844800000,
        "EQP_ID": "RSSMT-2TPR21        ",
        "EXT": 59.5,
        "INS_ID": "RSSMT ",
        "NOMELONGO": "LT  230 kV SANTA MARTA          / TAPERA 2             C 1  RS          ",
        "NOMEREDE": "BASICA         ",
        "NUMDOC": "475       ",
        "OBJECTID": 1185,
        "R": 1.463,
        "S": 10.266,
        "SHAPE.STLength()": 0.5898693418105168,
        "STR_DTENTRADA": "30/04/2005",
        "STR_DTPAR": "31/07/2004",
        "STR_DTPREVISTA": "15/03/2005",
        "TPCPR_ID": null,
        "TPEQP_ID": "LTR",
        "VAL_CAPACOPERCOMFATORCD": 639,
        "VAL_CAPACOPERLD": 450,
        "VAL_CAPACOPERSEMFATORCD": 639,
        "VAL_CORRPROJETOLD": 450,
        "VAL_FATORLIMITANTECD": "",
        "VAL_FATORLIMITANTELD": "",
        "VN": 230,
        "X": 5.386
      },
      "type": "Feature"
    },
    {
      "geometry": {
        "coordinates": [
          [
            -51.191667,
            -29.265765
          ],
          [
            -51.191667,
            -29.157246
          ],
          [
            -51.191667,
            -29.133401
          ]
        ],
        "type": "LineString"
      },
      "properties": {
        "AGE_NOME": "COMPANHIA DE GERA\u00c7\u00c3O E TRANSMISS\u00c3O DE ENERGIA EL\u00c9TRICA DO SUL D",
        "DTENTRADA": 1243900800000,
        "DTPAR": 1088553600000,
        "DTPREVISTA": 1246320000000,
        "EQP_ID": "RSCAX-2CAX51        ",
        "EXT": 25,
        "INS_ID": "RSCAX ",
        "NOMELONGO": "LT  230 kV CAXIAS               / CAXIAS SUL 5         C 1  RS          ",
        "NOMEREDE": "BASICA         ",
        "NUMDOC": "492       ",
        "OBJECTID": 1186,
        "R": 0.385,
        "S": 3.964,
        "SHAPE.STLength()": 0.13236316900000006,
        "STR_DTENTRADA": "02/06/2009",
        "STR_DTPAR": "30/06/2004",
        "STR_DTPREVISTA": "30/06/2009",
        "TPCPR_ID": null,
        "TPEQP_ID": "LTR",
        "VAL_CAPACOPERCOMFATORCD": 852,
        "VAL_CAPACOPERLD": 693,
        "VAL_CAPACOPERSEMFATORCD": 852,
        "VAL_CORRPROJETOLD": 693,
        "VAL_FATORLIMITANTECD": "",
        "VAL_FATORLIMITANTELD": "",
        "VN": 230,
        "X": 2.121
      },
      "type": "Feature"
    },
    {
      "geometry": {
        "coordinates": [
          [
            -51.323126,
            -29.219215
          ],
          [
            -51.295371,
            -29.241187
          ],
          [
            -51.216859,
            -29.387172
          ],
          [
            -51.192816,
            -29.308845
          ],
          [
            -51.194477,
            -29.273324
          ],
          [
            -51.192024,
            -29.267512
          ]
        ],
        "type": "LineString"
      },
      "properties": {
        "AGE_NOME": "CPFL TRANSMISSAO S.A.                                          ",
        "DTENTRADA": 1015113600000,
        "DTPAR": 978307200000,
        "DTPREVISTA": 1009670400000,
        "EQP_ID": "RSCAX-2FAR-1        ",
        "EXT": 22.89,
        "INS_ID": "RSCAX ",
        "NOMELONGO": "LT  230 kV CAXIAS               / FARROUPILHA          C 1  RS          ",
        "NOMEREDE": "BASICA         ",
        "NUMDOC": "557       ",
        "OBJECTID": 1206,
        "R": 0.455,
        "S": 3.725,
        "SHAPE.STLength()": 0.32495908317262057,
        "STR_DTENTRADA": "03/03/2002",
        "STR_DTPAR": "01/01/2001",
        "STR_DTPREVISTA": "30/12/2001",
        "TPCPR_ID": null,
        "TPEQP_ID": "LTR",
        "VAL_CAPACOPERCOMFATORCD": 748,
        "VAL_CAPACOPERLD": 527,
        "VAL_CAPACOPERSEMFATORCD": 748,
        "VAL_CORRPROJETOLD": 527,
        "VAL_FATORLIMITANTECD": "",
        "VAL_FATORLIMITANTELD": "",
        "VN": 230,
        "X": 2.077
      },
      "type": "Feature"
    },
    {
      "geometry": {
        "coordinates": [
          [
            -51.323126,
            -29.219215
          ],
          [
            -51.295371,
            -29.241187
          ],
          [
            -51.216859,
            -29.387172
          ],
          [
            -51.192816,
            -29.308845
          ],
          [
            -51.194477,
            -29.273324
          ],
          [
            -51.192024,
            -29.267512
          ]
        ],
        "type": "LineString"
      },
      "properties": {
        "AGE_NOME": "CPFL TRANSMISSAO S.A.                                          ",
        "DTENTRADA": 1015113600000,
        "DTPAR": 978307200000,
        "DTPREVISTA": 1009670400000,
        "EQP_ID": "RSCAX-2FAR-1        ",
        "EXT": 22.89,
        "INS_ID": "RSCAX ",
        "NOMELONGO": "LT  230 kV CAXIAS               / FARROUPILHA          C 1  RS          ",
        "NOMEREDE": "BASICA         ",
        "NUMDOC": "557       ",
        "OBJECTID": 1207,
        "R": 0.455,
        "S": 3.725,
        "SHAPE.STLength()": 0.32495908317262057,
        "STR_DTENTRADA": "03/03/2002",
        "STR_DTPAR": "01/01/2001",
        "STR_DTPREVISTA": "30/12/2001",
        "TPCPR_ID": null,
        "TPEQP_ID": "LTR",
        "VAL_CAPACOPERCOMFATORCD": 748,
        "VAL_CAPACOPERLD": 527,
        "VAL_CAPACOPERSEMFATORCD": 748,
        "VAL_CORRPROJETOLD": 527,
        "VAL_FATORLIMITANTECD": "",
        "VAL_FATORLIMITANTELD": "",
        "VN": 230,
        "X": 2.077
      },
      "type": "Feature"
    },
    {
      "geometry": {
        "coordinates": [
          [
            -51.064003,
            -29.884388
          ],
          [
            -51.06363,
            -29.882369
          ],
          [
            -51.062876,
            -29.878278
          ],
          [
            -51.062789,
            -29.87781
          ],
          [
            -51.058632,
            -29.855267
          ],
          [
            -51.061113,
            -29.732642
          ],
          [
            -51.061576,
            -29.709742
          ],
          [
            -51.061649,
            -29.706158
          ],
          [
            -51.061726,
            -29.702334
          ],
          [
            -51.064442,
            -29.693923
          ]
        ],
        "type": "LineString"
      },
      "properties": {
        "AGE_NOME": "CPFL TRANSMISSAO S.A.                                          ",
        "DTENTRADA": 1039305600000,
        "DTPAR": null,
        "DTPREVISTA": null,
        "EQP_ID": "RSCBO-2GRA22        ",
        "EXT": 22.37,
        "INS_ID": "RSCBO ",
        "NOMELONGO": "LT  230 kV CAMPO BOM            / GRAVATAI2            C 2  RS          ",
        "NOMEREDE": "BASICA         ",
        "NUMDOC": null,
        "OBJECTID": 1208,
        "R": 0.473,
        "S": 3.97,
        "SHAPE.STLength()": 0.1914148069646543,
        "STR_DTENTRADA": "08/12/2002",
        "STR_DTPAR": null,
        "STR_DTPREVISTA": null,
        "TPCPR_ID": null,
        "TPEQP_ID": "LTR",
        "VAL_CAPACOPERCOMFATORCD": 748,
        "VAL_CAPACOPERLD": 527,
        "VAL_CAPACOPERSEMFATORCD": 748,
        "VAL_CORRPROJETOLD": 527,
        "VAL_FATORLIMITANTECD": "",
        "VAL_FATORLIMITANTELD": "",
        "VN": 230,
        "X": 2.232
      },
      "type": "Feature"
    },
    {
      "geometry": {
        "coordinates": [
          [
            -51.06418,
            -29.693823
          ],
          [
            -51.058222,
            -29.702251
          ],
          [
            -51.057998,
            -29.712796
          ],
          [
            -51.057572,
            -29.73289
          ],
          [
            -51.057439,
            -29.739161
          ],
          [
            -51.054941,
            -29.856923
          ],
          [
            -51.055848,
            -29.859711
          ],
          [
            -51.062386,
            -29.879804
          ],
          [
            -51.062466,
            -29.880053
          ],
          [
            -51.062906,
            -29.881404
          ],
          [
            -51.063325,
            -29.88269
          ],
          [
            -51.063884,
            -29.88441
          ]
        ],
        "type": "LineString"
      },
      "properties": {
        "AGE_NOME": "CPFL TRANSMISSAO S.A.                                          ",
        "DTENTRADA": 1039305600000,
        "DTPAR": null,
        "DTPREVISTA": null,
        "EQP_ID": "RSCBO-2GRA21        ",
        "EXT": 21.4,
        "INS_ID": "RSCBO ",
        "NOMELONGO": "LT  230 kV CAMPO BOM            / GRAVATAI2            C 1  RS          ",
        "NOMEREDE": "BASICA         ",
        "NUMDOC": null,
        "OBJECTID": 1209,
        "R": 0.473,
        "S": 3.97,
        "SHAPE.STLength()": 0.19393439155352016,
        "STR_DTENTRADA": "08/12/2002",
        "STR_DTPAR": null,
        "STR_DTPREVISTA": null,
        "TPCPR_ID": null,
        "TPEQP_ID": "LTR",
        "VAL_CAPACOPERCOMFATORCD": 748,
        "VAL_CAPACOPERLD": 527,
        "VAL_CAPACOPERSEMFATORCD": 748,
        "VAL_CORRPROJETOLD": 527,
        "VAL_FATORLIMITANTECD": "",
        "VAL_FATORLIMITANTELD": "",
        "VN": 230,
        "X": 2.23
      },
      "type": "Feature"
    },
    {
      "geometry": {
        "coordinates": [
          [
            -51.191395,
            -29.267536
          ],
          [
            -51.178083,
            -29.310087
          ],
          [
            -51.209057,
            -29.407969
          ],
          [
            -51.078582,
            -29.66568
          ],
          [
            -51.073768,
            -29.675189
          ],
          [
            -51.06514,
            -29.692231
          ]
        ],
        "type": "LineString"
      },
      "properties": {
        "AGE_NOME": "CPFL TRANSMISSAO S.A.                                          ",
        "DTENTRADA": 1039305600000,
        "DTPAR": 1135987200000,
        "DTPREVISTA": 1133568000000,
        "EQP_ID": "RSCBO-2CAX-2        ",
        "EXT": 61.39,
        "INS_ID": "RSCBO ",
        "NOMELONGO": "LT  230 kV CAMPO BOM            / CAXIAS               C 2  RS          ",
        "NOMEREDE": "BASICA         ",
        "NUMDOC": "399       ",
        "OBJECTID": 1210,
        "R": 1.26,
        "S": 10.261,
        "SHAPE.STLength()": 0.465868395682449,
        "STR_DTENTRADA": "08/12/2002",
        "STR_DTPAR": "31/12/2005",
        "STR_DTPREVISTA": "03/12/2005",
        "TPCPR_ID": null,
        "TPEQP_ID": "LTR",
        "VAL_CAPACOPERCOMFATORCD": 748,
        "VAL_CAPACOPERLD": 527,
        "VAL_CAPACOPERSEMFATORCD": 748,
        "VAL_CORRPROJETOLD": 527,
        "VAL_FATORLIMITANTECD": null,
        "VAL_FATORLIMITANTELD": null,
        "VN": 230,
        "X": 5.9
      },
      "type": "Feature"
    },
    {
      "geometry": {
        "coordinates": [
          [
            -51.191395,
            -29.267536
          ],
          [
            -51.178083,
            -29.310087
          ],
          [
            -51.209057,
            -29.407969
          ],
          [
            -51.078582,
            -29.66568
          ],
          [
            -51.073768,
            -29.675189
          ],
          [
            -51.06514,
            -29.692231
          ]
        ],
        "type": "LineString"
      },
      "properties": {
        "AGE_NOME": "CPFL TRANSMISSAO S.A.                                          ",
        "DTENTRADA": 1039305600000,
        "DTPAR": 1135987200000,
        "DTPREVISTA": 1133568000000,
        "EQP_ID": "RSCBO-2CAX-2        ",
        "EXT": 61.39,
        "INS_ID": "RSCBO ",
        "NOMELONGO": "LT  230 kV CAMPO BOM            / CAXIAS               C 2  RS          ",
        "NOMEREDE": "BASICA         ",
        "NUMDOC": "399       ",
        "OBJECTID": 1211,
        "R": 1.26,
        "S": 10.261,
        "SHAPE.STLength()": 0.465868395682449,
        "STR_DTENTRADA": "08/12/2002",
        "STR_DTPAR": "31/12/2005",
        "STR_DTPREVISTA": "03/12/2005",
        "TPCPR_ID": null,
        "TPEQP_ID": "LTR",
        "VAL_CAPACOPERCOMFATORCD": 879,
        "VAL_CAPACOPERLD": 879,
        "VAL_CAPACOPERSEMFATORCD": 879,
        "VAL_CORRPROJETOLD": 879,
        "VAL_FATORLIMITANTECD": "",
        "VAL_FATORLIMITANTELD": "",
        "VN": 230,
        "X": 5.9
      },
      "type": "Feature"
    },
    {
      "geometry": {
        "coordinates": [
          [
            -51.191338,
            -29.267521
          ],
          [
            -51.174898,
            -29.31019
          ],
          [
            -51.205701,
            -29.408074
          ],
          [
            -51.064443,
            -29.685581
          ],
          [
            -51.064689,
            -29.692155
          ]
        ],
        "type": "LineString"
      },
      "properties": {
        "AGE_NOME": "CPFL TRANSMISSAO S.A.                                          ",
        "DTENTRADA": 1039305600000,
        "DTPAR": 1135987200000,
        "DTPREVISTA": 1138320000000,
        "EQP_ID": "RSCBO-2CAX-1        ",
        "EXT": 61.39,
        "INS_ID": "RSCBO ",
        "NOMELONGO": "LT  230 kV CAMPO BOM            / CAXIAS               C 1  RS          ",
        "NOMEREDE": "BASICA         ",
        "NUMDOC": "399       ",
        "OBJECTID": 1212,
        "R": 1.26,
        "S": 10.261,
        "SHAPE.STLength()": 0.46631119805959165,
        "STR_DTENTRADA": "08/12/2002",
        "STR_DTPAR": "31/12/2005",
        "STR_DTPREVISTA": "27/01/2006",
        "TPCPR_ID": null,
        "TPEQP_ID": "LTR",
        "VAL_CAPACOPERCOMFATORCD": 879,
        "VAL_CAPACOPERLD": 879,
        "VAL_CAPACOPERSEMFATORCD": 879,
        "VAL_CORRPROJETOLD": 879,
        "VAL_FATORLIMITANTECD": "",
        "VAL_FATORLIMITANTELD": "",
        "VN": 230,
        "X": 5.9
      },
      "type": "Feature"
    },
    {
      "geometry": {
        "coordinates": [
          [
            -51.191338,
            -29.267521
          ],
          [
            -51.174898,
            -29.31019
          ],
          [
            -51.205701,
            -29.408074
          ],
          [
            -51.064443,
            -29.685581
          ],
          [
            -51.064689,
            -29.692155
          ]
        ],
        "type": "LineString"
      },
      "properties": {
        "AGE_NOME": "CPFL TRANSMISSAO S.A.                                          ",
        "DTENTRADA": 1039305600000,
        "DTPAR": 1135987200000,
        "DTPREVISTA": 1138320000000,
        "EQP_ID": "RSCBO-2CAX-1        ",
        "EXT": 61.39,
        "INS_ID": "RSCBO ",
        "NOMELONGO": "LT  230 kV CAMPO BOM            / CAXIAS               C 1  RS          ",
        "NOMEREDE": "BASICA         ",
        "NUMDOC": "399       ",
        "OBJECTID": 1213,
        "R": 1.26,
        "S": 10.261,
        "SHAPE.STLength()": 0.46631119805959165,
        "STR_DTENTRADA": "08/12/2002",
        "STR_DTPAR": "31/12/2005",
        "STR_DTPREVISTA": "27/01/2006",
        "TPCPR_ID": null,
        "TPEQP_ID": "LTR",
        "VAL_CAPACOPERCOMFATORCD": 879,
        "VAL_CAPACOPERLD": 879,
        "VAL_CAPACOPERSEMFATORCD": 879,
        "VAL_CORRPROJETOLD": 879,
        "VAL_FATORLIMITANTECD": "",
        "VAL_FATORLIMITANTELD": "",
        "VN": 230,
        "X": 5.9
      },
      "type": "Feature"
    },
    {
      "geometry": {
        "coordinates": [
          [
            -54.324457,
            -28.278034
          ],
          [
            -54.286376,
            -28.3028
          ]
        ],
        "type": "LineString"
      },
      "properties": {
        "AGE_NOME": "CPFL TRANSMISSAO S.A.                                          ",
        "DTENTRADA": 946512000000,
        "DTPAR": null,
        "DTPREVISTA": null,
        "EQP_ID": "RSSTA-2SAG21        ",
        "EXT": 6,
        "INS_ID": "RSSTA ",
        "NOMELONGO": "LT  230 kV SANTO ANGELO         / SANTO ANGELO2        C 1  RS          ",
        "NOMEREDE": "BASICA         ",
        "NUMDOC": "42        ",
        "OBJECTID": 1254,
        "R": 0.053,
        "S": 1.49,
        "SHAPE.STLength()": 0.045425261632036876,
        "STR_DTENTRADA": "30/12/1999",
        "STR_DTPAR": null,
        "STR_DTPREVISTA": null,
        "TPCPR_ID": null,
        "TPEQP_ID": "LTR",
        "VAL_CAPACOPERCOMFATORCD": 1587,
        "VAL_CAPACOPERLD": 1356,
        "VAL_CAPACOPERSEMFATORCD": 1587,
        "VAL_CORRPROJETOLD": 1356,
        "VAL_FATORLIMITANTECD": "",
        "VAL_FATORLIMITANTELD": "",
        "VN": 230,
        "X": 0.402
      },
      "type": "Feature"
    },
    {
      "geometry": {
        "coordinates": [
          [
            -54.324457,
            -28.278034
          ],
          [
            -54.286376,
            -28.3028
          ]
        ],
        "type": "LineString"
      },
      "properties": {
        "AGE_NOME": "CPFL TRANSMISSAO S.A.                                          ",
        "DTENTRADA": 946512000000,
        "DTPAR": null,
        "DTPREVISTA": null,
        "EQP_ID": "RSSTA-2SAG21        ",
        "EXT": 6,
        "INS_ID": "RSSTA ",
        "NOMELONGO": "LT  230 kV SANTO ANGELO         / SANTO ANGELO2        C 1  RS          ",
        "NOMEREDE": "BASICA         ",
        "NUMDOC": "42        ",
        "OBJECTID": 1255,
        "R": 0.053,
        "S": 1.49,
        "SHAPE.STLength()": 0.045425261632036876,
        "STR_DTENTRADA": "30/12/1999",
        "STR_DTPAR": null,
        "STR_DTPREVISTA": null,
        "TPCPR_ID": null,
        "TPEQP_ID": "LTR",
        "VAL_CAPACOPERCOMFATORCD": 1587,
        "VAL_CAPACOPERLD": 1356,
        "VAL_CAPACOPERSEMFATORCD": 1587,
        "VAL_CORRPROJETOLD": 1356,
        "VAL_FATORLIMITANTECD": "",
        "VAL_FATORLIMITANTELD": "",
        "VN": 230,
        "X": 0.402
      },
      "type": "Feature"
    },
    {
      "geometry": {
        "coordinates": [
          [
            -51.227595,
            -30.04629
          ],
          [
            -51.200576,
            -30.051053
          ],
          [
            -51.19673,
            -30.046556
          ]
        ],
        "type": "LineString"
      },
      "properties": {
        "AGE_NOME": "CPFL TRANSMISSAO S.A.                                          ",
        "DTENTRADA": 1040515200000,
        "DTPAR": 1056931200000,
        "DTPREVISTA": 1056931200000,
        "EQP_ID": "RSPA102PAL41        ",
        "EXT": 3.53,
        "INS_ID": "RSPA10",
        "NOMELONGO": "LT  230 kV PORTOALEGRE10        / PORTOALEGRE 4        C 1  RS          ",
        "NOMEREDE": "BASICA         ",
        "NUMDOC": null,
        "OBJECTID": 1256,
        "R": 0.046,
        "S": 0.587,
        "SHAPE.STLength()": 0.033352391409571414,
        "STR_DTENTRADA": "22/12/2002",
        "STR_DTPAR": "30/06/2003",
        "STR_DTPREVISTA": "30/06/2003",
        "TPCPR_ID": null,
        "TPEQP_ID": "LTR",
        "VAL_CAPACOPERCOMFATORCD": 1062,
        "VAL_CAPACOPERLD": 843,
        "VAL_CAPACOPERSEMFATORCD": 1062,
        "VAL_CORRPROJETOLD": 843,
        "VAL_FATORLIMITANTECD": "",
        "VAL_FATORLIMITANTELD": "",
        "VN": 230,
        "X": 0.31
      },
      "type": "Feature"
    },
    {
      "geometry": {
        "coordinates": [
          [
            -51.227595,
            -30.04629
          ],
          [
            -51.200576,
            -30.051053
          ],
          [
            -51.19673,
            -30.046556
          ]
        ],
        "type": "LineString"
      },
      "properties": {
        "AGE_NOME": "CPFL TRANSMISSAO S.A.                                          ",
        "DTENTRADA": 1040515200000,
        "DTPAR": 1056931200000,
        "DTPREVISTA": 1056931200000,
        "EQP_ID": "RSPA102PAL41        ",
        "EXT": 3.53,
        "INS_ID": "RSPA10",
        "NOMELONGO": "LT  230 kV PORTOALEGRE10        / PORTOALEGRE 4        C 1  RS          ",
        "NOMEREDE": "BASICA         ",
        "NUMDOC": null,
        "OBJECTID": 1257,
        "R": 0.046,
        "S": 0.587,
        "SHAPE.STLength()": 0.033352391409571414,
        "STR_DTENTRADA": "22/12/2002",
        "STR_DTPAR": "30/06/2003",
        "STR_DTPREVISTA": "30/06/2003",
        "TPCPR_ID": null,
        "TPEQP_ID": "LTR",
        "VAL_CAPACOPERCOMFATORCD": 1062,
        "VAL_CAPACOPERLD": 843,
        "VAL_CAPACOPERSEMFATORCD": 1062,
        "VAL_CORRPROJETOLD": 843,
        "VAL_FATORLIMITANTECD": "",
        "VAL_FATORLIMITANTELD": "",
        "VN": 230,
        "X": 0.31
      },
      "type": "Feature"
    },
    {
      "geometry": {
        "coordinates": [
          [
            -51.526011,
            -28.18622
          ],
          [
            -51.976241,
            -28.234661
          ],
          [
            -52.026119,
            -28.240028
          ],
          [
            -52.073431,
            -28.245118
          ],
          [
            -52.281305,
            -28.267484
          ],
          [
            -52.301365,
            -28.269643
          ],
          [
            -52.4276,
            -28.283225
          ]
        ],
        "type": "LineString"
      },
      "properties": {
        "AGE_NOME": "EMPRESA DE TRANSMISS\u00c3O DO ALTO DO URUGUAI S/A                  ",
        "DTENTRADA": 1113696000000,
        "DTPAR": 1072828800000,
        "DTPREVISTA": 1113091200000,
        "EQP_ID": "RSLVE22SMT-1        ",
        "EXT": 95.63,
        "INS_ID": "RSLVE2",
        "NOMELONGO": "LT  230 kV L.VERMELHA 2         / SANTA MARTA          C 1  RS          ",
        "NOMEREDE": "BASICA         ",
        "NUMDOC": "002/2002  ",
        "OBJECTID": 1259,
        "R": 1.63,
        "S": 17,
        "SHAPE.STLength()": 0.9067930697052023,
        "STR_DTENTRADA": "17/04/2005",
        "STR_DTPAR": "31/12/2003",
        "STR_DTPREVISTA": "10/04/2005",
        "TPCPR_ID": "2  ",
        "TPEQP_ID": "LTR",
        "VAL_CAPACOPERCOMFATORCD": 600,
        "VAL_CAPACOPERLD": 600,
        "VAL_CAPACOPERSEMFATORCD": 600,
        "VAL_CORRPROJETOLD": 600,
        "VAL_FATORLIMITANTECD": null,
        "VAL_FATORLIMITANTELD": null,
        "VN": 230,
        "X": 9.07
      },
      "type": "Feature"
    },
    {
      "geometry": {
        "coordinates": [
          [
            -50.316402,
            -29.894902
          ],
          [
            -50.427668,
            -29.838934
          ],
          [
            -50.512448,
            -29.796287
          ],
          [
            -50.791328,
            -29.656005
          ]
        ],
        "type": "LineString"
      },
      "properties": {
        "AGE_NOME": "CPFL TRANSMISSAO S.A.                                          ",
        "DTENTRADA": 1059955200000,
        "DTPAR": 978307200000,
        "DTPREVISTA": 1062288000000,
        "EQP_ID": "RSTAQ-2OSO21        ",
        "EXT": 55,
        "INS_ID": "RSTAQ ",
        "NOMELONGO": "LT  230 kV TAQUARA              / OSORIO 2             C 1  RS          ",
        "NOMEREDE": "BASICA         ",
        "NUMDOC": "557       ",
        "OBJECTID": 1263,
        "R": 0.98,
        "S": 10.136,
        "SHAPE.STLength()": 0.5316259712526533,
        "STR_DTENTRADA": "04/08/2003",
        "STR_DTPAR": "01/01/2001",
        "STR_DTPREVISTA": "31/08/2003",
        "TPCPR_ID": null,
        "TPEQP_ID": "LTR",
        "VAL_CAPACOPERCOMFATORCD": 1073,
        "VAL_CAPACOPERLD": 917,
        "VAL_CAPACOPERSEMFATORCD": 1073,
        "VAL_CORRPROJETOLD": 917,
        "VAL_FATORLIMITANTECD": "",
        "VAL_FATORLIMITANTELD": "",
        "VN": 230,
        "X": 5.51
      },
      "type": "Feature"
    },
    {
      "geometry": {
        "coordinates": [
          [
            -56.99973,
            -29.763347
          ],
          [
            -56.065545,
            -29.150262
          ]
        ],
        "type": "LineString"
      },
      "properties": {
        "AGE_NOME": "TRANSMISSORA ALIAN\u00c7A DE ENERGIA EL\u00c9TRICA S A                   ",
        "DTENTRADA": 1089676800000,
        "DTPAR": 1041292800000,
        "DTPREVISTA": 1091232000000,
        "EQP_ID": "RSUTUR2MBR-1        ",
        "EXT": 130,
        "INS_ID": "RSUTUR",
        "NOMELONGO": "LT  230 kV U.URUGUAIANA         / MACAMBARA            C 1  RS          ",
        "NOMEREDE": "BASICA         ",
        "NUMDOC": "002/2002  ",
        "OBJECTID": 1291,
        "R": 1.26,
        "S": 20.87,
        "SHAPE.STLength()": 1.1173960903213722,
        "STR_DTENTRADA": "13/07/2004",
        "STR_DTPAR": "31/12/2002",
        "STR_DTPREVISTA": "31/07/2004",
        "TPCPR_ID": "2  ",
        "TPEQP_ID": "LTR",
        "VAL_CAPACOPERCOMFATORCD": 1108,
        "VAL_CAPACOPERLD": 1108,
        "VAL_CAPACOPERSEMFATORCD": 1108,
        "VAL_CORRPROJETOLD": 1108,
        "VAL_FATORLIMITANTECD": null,
        "VAL_FATORLIMITANTELD": null,
        "VN": 230,
        "X": 10.27
      },
      "type": "Feature"
    },
    {
      "geometry": {
        "coordinates": [
          [
            -53.680903,
            -31.55181
          ],
          [
            -53.65043,
            -31.555999
          ],
          [
            -53.640414,
            -31.557376
          ],
          [
            -52.503026,
            -31.713736
          ],
          [
            -52.476861,
            -31.717333
          ],
          [
            -52.453567,
            -31.720535
          ],
          [
            -52.407986,
            -31.726801
          ]
        ],
        "type": "LineString"
      },
      "properties": {
        "AGE_NOME": "CPFL TRANSMISSAO S.A.                                          ",
        "DTENTRADA": 1114905600000,
        "DTPAR": 1041292800000,
        "DTPREVISTA": 1113091200000,
        "EQP_ID": "RSPME-2PEL31        ",
        "EXT": 135,
        "INS_ID": "RSPME ",
        "NOMELONGO": "LT  230 kV PRE.MEDICI           / PELOTAS3             C 1  RS          ",
        "NOMEREDE": "BASICA         ",
        "NUMDOC": "002/2002  ",
        "OBJECTID": 1292,
        "R": 1.37,
        "S": 23.013,
        "SHAPE.STLength()": 1.2848886761191605,
        "STR_DTENTRADA": "01/05/2005",
        "STR_DTPAR": "31/12/2002",
        "STR_DTPREVISTA": "10/04/2005",
        "TPCPR_ID": "2  ",
        "TPEQP_ID": "LTR",
        "VAL_CAPACOPERCOMFATORCD": 915,
        "VAL_CAPACOPERLD": 915,
        "VAL_CAPACOPERSEMFATORCD": 915,
        "VAL_CORRPROJETOLD": 915,
        "VAL_FATORLIMITANTECD": "",
        "VAL_FATORLIMITANTELD": "",
        "VN": 230,
        "X": 11.61
      },
      "type": "Feature"
    },
    {
      "geometry": {
        "coordinates": [
          [
            -53.680903,
            -31.55181
          ],
          [
            -53.65043,
            -31.555999
          ],
          [
            -53.640414,
            -31.557376
          ],
          [
            -52.503026,
            -31.713736
          ],
          [
            -52.476861,
            -31.717333
          ],
          [
            -52.453567,
            -31.720535
          ],
          [
            -52.407986,
            -31.726801
          ]
        ],
        "type": "LineString"
      },
      "properties": {
        "AGE_NOME": "CPFL TRANSMISSAO S.A.                                          ",
        "DTENTRADA": 1114905600000,
        "DTPAR": 1041292800000,
        "DTPREVISTA": 1113091200000,
        "EQP_ID": "RSPME-2PEL31        ",
        "EXT": 135,
        "INS_ID": "RSPME ",
        "NOMELONGO": "LT  230 kV PRE.MEDICI           / PELOTAS3             C 1  RS          ",
        "NOMEREDE": "BASICA         ",
        "NUMDOC": "002/2002  ",
        "OBJECTID": 1293,
        "R": 1.37,
        "S": 23.013,
        "SHAPE.STLength()": 1.2848886761191605,
        "STR_DTENTRADA": "01/05/2005",
        "STR_DTPAR": "31/12/2002",
        "STR_DTPREVISTA": "10/04/2005",
        "TPCPR_ID": "2  ",
        "TPEQP_ID": "LTR",
        "VAL_CAPACOPERCOMFATORCD": 1071,
        "VAL_CAPACOPERLD": 915,
        "VAL_CAPACOPERSEMFATORCD": 1071,
        "VAL_CORRPROJETOLD": 915,
        "VAL_FATORLIMITANTECD": "",
        "VAL_FATORLIMITANTELD": "",
        "VN": 230,
        "X": 11.61
      },
      "type": "Feature"
    },
    {
      "geometry": {
        "coordinates": [
          [
            -51.140168,
            -30.007498
          ],
          [
            -51.097567,
            -29.915748
          ],
          [
            -51.064881,
            -29.88593
          ]
        ],
        "type": "LineString"
      },
      "properties": {
        "AGE_NOME": "CPFL TRANSMISSAO S.A.                                          ",
        "DTENTRADA": 1212883200000,
        "DTPAR": 991267200000,
        "DTPREVISTA": 1212883200000,
        "EQP_ID": "RSGRA22PAL81        ",
        "EXT": 17.2,
        "INS_ID": "RSGRA2",
        "NOMELONGO": "LT  230 kV GRAVATAI2            / PORTO ALEGRE8        C 1  RS          ",
        "NOMEREDE": "BASICA         ",
        "NUMDOC": "497       ",
        "OBJECTID": 1298,
        "R": 0.328,
        "S": 7.212,
        "SHAPE.STLength()": 0.14540019861798664,
        "STR_DTENTRADA": "08/06/2008",
        "STR_DTPAR": "31/05/2001",
        "STR_DTPREVISTA": "08/06/2008",
        "TPCPR_ID": null,
        "TPEQP_ID": "LTR",
        "VAL_CAPACOPERCOMFATORCD": 1005,
        "VAL_CAPACOPERLD": 826,
        "VAL_CAPACOPERSEMFATORCD": 1005,
        "VAL_CORRPROJETOLD": 826,
        "VAL_FATORLIMITANTECD": "",
        "VAL_FATORLIMITANTELD": "",
        "VN": 230,
        "X": 1.542
      },
      "type": "Feature"
    },
    {
      "geometry": {
        "coordinates": [
          [
            -51.783819,
            -27.522927
          ],
          [
            -51.734256,
            -27.500673
          ],
          [
            -51.463131,
            -27.513388
          ],
          [
            -51.418342,
            -27.540055
          ]
        ],
        "type": "LineString"
      },
      "properties": {
        "AGE_NOME": "LUMITRANS COMPANHIA TRANSMISSORA DE ENERGIA EL\u00c9TRICA S.A.      ",
        "DTENTRADA": 1191369600000,
        "DTPAR": 1056931200000,
        "DTPREVISTA": 1191369600000,
        "EQP_ID": "SCCNO-5MCH-2        ",
        "EXT": 39.9,
        "INS_ID": "SCCNO ",
        "NOMELONGO": "LT  525 kV C.NOVOS              / MACHADINHO           C 2  SC          ",
        "NOMEREDE": "BASICA         ",
        "NUMDOC": "001/2003  ",
        "OBJECTID": 1304,
        "R": 0.03,
        "S": 58.138,
        "SHAPE.STLength()": 0.37787967605687056,
        "STR_DTENTRADA": "03/10/2007",
        "STR_DTPAR": "30/06/2003",
        "STR_DTPREVISTA": "03/10/2007",
        "TPCPR_ID": null,
        "TPEQP_ID": "LTR",
        "VAL_CAPACOPERCOMFATORCD": 2407,
        "VAL_CAPACOPERLD": 2407,
        "VAL_CAPACOPERSEMFATORCD": 2407,
        "VAL_CORRPROJETOLD": 2407,
        "VAL_FATORLIMITANTECD": null,
        "VAL_FATORLIMITANTELD": null,
        "VN": 525,
        "X": 0.46
      },
      "type": "Feature"
    },
    {
      "geometry": {
        "coordinates": [
          [
            -54.456459,
            -27.876625
          ],
          [
            -54.427239,
            -27.924311
          ],
          [
            -54.330041,
            -28.220558
          ],
          [
            -54.328615,
            -28.237604
          ],
          [
            -54.325353,
            -28.276601
          ]
        ],
        "type": "LineString"
      },
      "properties": {
        "AGE_NOME": "TRANSMISSORA ALIAN\u00c7A DE ENERGIA EL\u00c9TRICA S A                   ",
        "DTENTRADA": 1088294400000,
        "DTPAR": 1041292800000,
        "DTPREVISTA": 1088553600000,
        "EQP_ID": "RSSTA-2SRO-2        ",
        "EXT": 54,
        "INS_ID": "RSSTA ",
        "NOMELONGO": "LT  230 kV SANTO ANGELO         / SANTA ROSA 1         C 2  RS          ",
        "NOMEREDE": "BASICA         ",
        "NUMDOC": "002/2002  ",
        "OBJECTID": 1305,
        "R": 0.84,
        "S": 8.44,
        "SHAPE.STLength()": 0.42394911687185327,
        "STR_DTENTRADA": "27/06/2004",
        "STR_DTPAR": "31/12/2002",
        "STR_DTPREVISTA": "30/06/2004",
        "TPCPR_ID": "2  ",
        "TPEQP_ID": "LTR",
        "VAL_CAPACOPERCOMFATORCD": 900,
        "VAL_CAPACOPERLD": 900,
        "VAL_CAPACOPERSEMFATORCD": 900,
        "VAL_CORRPROJETOLD": 900,
        "VAL_FATORLIMITANTECD": null,
        "VAL_FATORLIMITANTELD": null,
        "VN": 230,
        "X": 4.383
      },
      "type": "Feature"
    },
    {
      "geometry": {
        "coordinates": [
          [
            -53.23461,
            -29.259531
          ],
          [
            -53.239149,
            -29.263574
          ],
          [
            -53.283962,
            -29.443543
          ],
          [
            -53.281235,
            -29.446266
          ]
        ],
        "type": "LineString"
      },
      "properties": {
        "AGE_NOME": "CPFL TRANSMISSAO S.A.                                          ",
        "DTENTRADA": 1128211200000,
        "DTPAR": 1041292800000,
        "DTPREVISTA": 1126396800000,
        "EQP_ID": "RSUDFR2UITA2        ",
        "EXT": 23.13,
        "INS_ID": "RSUDFR",
        "NOMELONGO": "LT  230 kV U.D.FRANCISCA        / ITAUBA               C 2  RS          ",
        "NOMEREDE": "BASICA         ",
        "NUMDOC": "186       ",
        "OBJECTID": 1306,
        "R": 0.394,
        "S": 3.97,
        "SHAPE.STLength()": 0.19539609665568278,
        "STR_DTENTRADA": "02/10/2005",
        "STR_DTPAR": "31/12/2002",
        "STR_DTPREVISTA": "11/09/2005",
        "TPCPR_ID": null,
        "TPEQP_ID": "LTR",
        "VAL_CAPACOPERCOMFATORCD": 1073,
        "VAL_CAPACOPERLD": 917,
        "VAL_CAPACOPERSEMFATORCD": 1073,
        "VAL_CORRPROJETOLD": 917,
        "VAL_FATORLIMITANTECD": "",
        "VAL_FATORLIMITANTELD": "",
        "VN": 230,
        "X": 2.237
      },
      "type": "Feature"
    },
    {
      "geometry": {
        "coordinates": [
          [
            -51.177003,
            -29.891986
          ],
          [
            -51.166351,
            -29.900197
          ],
          [
            -51.148454,
            -29.899441
          ],
          [
            -51.148122,
            -29.894698
          ],
          [
            -51.147777,
            -29.889775
          ],
          [
            -51.146949,
            -29.877983
          ]
        ],
        "type": "LineString"
      },
      "properties": {
        "AGE_NOME": "CPFL TRANSMISSAO S.A.                                          ",
        "DTENTRADA": 1029542400000,
        "DTPAR": 1025827200000,
        "DTPREVISTA": 1014940800000,
        "EQP_ID": "RSCIN-2CNA21        ",
        "EXT": 9.48,
        "INS_ID": "RSCIN ",
        "NOMELONGO": "LT  230 kV C.INDUSTRIAL         / CANOAS 2             C 1  RS          ",
        "NOMEREDE": "BASICA         ",
        "NUMDOC": "037       ",
        "OBJECTID": 1315,
        "R": 0.11,
        "S": 1.442,
        "SHAPE.STLength()": 0.05287293488900666,
        "STR_DTENTRADA": "17/08/2002",
        "STR_DTPAR": "05/07/2002",
        "STR_DTPREVISTA": "01/03/2002",
        "TPCPR_ID": null,
        "TPEQP_ID": "LTR",
        "VAL_CAPACOPERCOMFATORCD": 919,
        "VAL_CAPACOPERLD": 729,
        "VAL_CAPACOPERSEMFATORCD": 919,
        "VAL_CORRPROJETOLD": 729,
        "VAL_FATORLIMITANTECD": "",
        "VAL_FATORLIMITANTELD": "",
        "VN": 230,
        "X": 0.63
      },
      "type": "Feature"
    },
    {
      "geometry": {
        "coordinates": [
          [
            -51.783712,
            -27.52338
          ],
          [
            -51.41851,
            -27.540508
          ]
        ],
        "type": "LineString"
      },
      "properties": {
        "AGE_NOME": "COMPANHIA DE GERA\u00c7\u00c3O E TRANSMISS\u00c3O DE ENERGIA EL\u00c9TRICA DO SUL D",
        "DTENTRADA": 1011571200000,
        "DTPAR": 1012435200000,
        "DTPREVISTA": 1012435200000,
        "EQP_ID": "SCCNO-5MCH-1        ",
        "EXT": 44.8,
        "INS_ID": "SCCNO ",
        "NOMELONGO": "LT  525 kV C.NOVOS              / MACHADINHO           C 1  SC          ",
        "NOMEREDE": "BASICA         ",
        "NUMDOC": null,
        "OBJECTID": 1337,
        "R": 0.05,
        "S": 71.818,
        "SHAPE.STLength()": 0.3656030033023455,
        "STR_DTENTRADA": "21/01/2002",
        "STR_DTPAR": "31/01/2002",
        "STR_DTPREVISTA": "31/01/2002",
        "TPCPR_ID": null,
        "TPEQP_ID": "LTR",
        "VAL_CAPACOPERCOMFATORCD": 2000,
        "VAL_CAPACOPERLD": 2000,
        "VAL_CAPACOPERSEMFATORCD": 3275,
        "VAL_CORRPROJETOLD": 2599,
        "VAL_FATORLIMITANTECD": "CS e DJ na origem",
        "VAL_FATORLIMITANTELD": "CS e DJ na origem",
        "VN": 525,
        "X": 0.59
      },
      "type": "Feature"
    },
    {
      "geometry": {
        "coordinates": [
          [
            -52.406025,
            -27.272038
          ],
          [
            -51.785644,
            -27.52296
          ]
        ],
        "type": "LineString"
      },
      "properties": {
        "AGE_NOME": "COMPANHIA DE GERA\u00c7\u00c3O E TRANSMISS\u00c3O DE ENERGIA EL\u00c9TRICA DO SUL D",
        "DTENTRADA": 1011571200000,
        "DTPAR": 1012435200000,
        "DTPREVISTA": 1012435200000,
        "EQP_ID": "SCYTA-5MCH-1        ",
        "EXT": 64.6,
        "INS_ID": "SCYTA ",
        "NOMELONGO": "LT  525 kV ITA                  / MACHADINHO           C 1  SC          ",
        "NOMEREDE": "BASICA         ",
        "NUMDOC": null,
        "OBJECTID": 1338,
        "R": 0.07,
        "S": 112.26,
        "SHAPE.STLength()": 0.6692048146900872,
        "STR_DTENTRADA": "21/01/2002",
        "STR_DTPAR": "31/01/2002",
        "STR_DTPREVISTA": "31/01/2002",
        "TPCPR_ID": null,
        "TPEQP_ID": "LTR",
        "VAL_CAPACOPERCOMFATORCD": 2000,
        "VAL_CAPACOPERLD": 2000,
        "VAL_CAPACOPERSEMFATORCD": 3275,
        "VAL_CORRPROJETOLD": 2599,
        "VAL_FATORLIMITANTECD": "CS e DJ no destino",
        "VAL_FATORLIMITANTELD": "CS e DJ no destino",
        "VN": 525,
        "X": 0.92
      },
      "type": "Feature"
    },
    {
      "geometry": {
        "coordinates": [
          [
            -51.41655,
            -27.540246
          ],
          [
            -51.002066,
            -27.405468
          ],
          [
            -50.978979,
            -27.397961
          ],
          [
            -49.081222,
            -26.780863
          ]
        ],
        "type": "LineString"
      },
      "properties": {
        "AGE_NOME": "ECTE - EMPRESA CATARINENSE DE TRANSMISS\u00c3O DE ENERGIA S.A.      ",
        "DTENTRADA": 1015632000000,
        "DTPAR": 978307200000,
        "DTPREVISTA": 1014940800000,
        "EQP_ID": "SCBLU-5CNO-1        ",
        "EXT": 252.5,
        "INS_ID": "SCBLU ",
        "NOMELONGO": "LT  525 kV BLUMENAU             / C.NOVOS              C 1  SC          ",
        "NOMEREDE": "BASICA         ",
        "NUMDOC": "011/99    ",
        "OBJECTID": 1339,
        "R": 0.26,
        "S": 360.4,
        "SHAPE.STLength()": 2.455690611446714,
        "STR_DTENTRADA": "09/03/2002",
        "STR_DTPAR": "01/01/2001",
        "STR_DTPREVISTA": "01/03/2002",
        "TPCPR_ID": "1  ",
        "TPEQP_ID": "LTR",
        "VAL_CAPACOPERCOMFATORCD": 2240,
        "VAL_CAPACOPERLD": 2240,
        "VAL_CAPACOPERSEMFATORCD": 2240,
        "VAL_CORRPROJETOLD": 2240,
        "VAL_FATORLIMITANTECD": null,
        "VAL_FATORLIMITANTELD": null,
        "VN": 525,
        "X": 2.92
      },
      "type": "Feature"
    },
    {
      "geometry": {
        "coordinates": [
          [
            -51.061075,
            -29.883863
          ],
          [
            -51.007078,
            -29.736429
          ],
          [
            -51.001884,
            -29.722246
          ],
          [
            -51.008929,
            -29.685378
          ],
          [
            -51.065461,
            -29.389538
          ],
          [
            -51.071871,
            -29.355993
          ],
          [
            -51.072664,
            -29.351844
          ],
          [
            -51.088777,
            -29.267519
          ],
          [
            -51.190638,
            -29.266675
          ]
        ],
        "type": "LineString"
      },
      "properties": {
        "AGE_NOME": "COMPANHIA DE GERA\u00c7\u00c3O E TRANSMISS\u00c3O DE ENERGIA EL\u00c9TRICA DO SUL D",
        "DTENTRADA": 1008460800000,
        "DTPAR": 978307200000,
        "DTPREVISTA": 1009670400000,
        "EQP_ID": "RSCAX-5GRA-1        ",
        "EXT": 78.8,
        "INS_ID": "RSCAX ",
        "NOMELONGO": "LT  525 kV CAXIAS               / GRAVATAI             C 1  RS          ",
        "NOMEREDE": "BASICA         ",
        "NUMDOC": "557       ",
        "OBJECTID": 1340,
        "R": 0.073,
        "S": 112.17,
        "SHAPE.STLength()": 0.7369344639027201,
        "STR_DTENTRADA": "16/12/2001",
        "STR_DTPAR": "01/01/2001",
        "STR_DTPREVISTA": "30/12/2001",
        "TPCPR_ID": null,
        "TPEQP_ID": "LTR",
        "VAL_CAPACOPERCOMFATORCD": 2500,
        "VAL_CAPACOPERLD": 2331,
        "VAL_CAPACOPERSEMFATORCD": 2937,
        "VAL_CORRPROJETOLD": 2331,
        "VAL_FATORLIMITANTECD": "CS na origem",
        "VAL_FATORLIMITANTELD": "",
        "VN": 525,
        "X": 0.916
      },
      "type": "Feature"
    },
    {
      "geometry": {
        "coordinates": [
          [
            -52.40661,
            -27.272517
          ],
          [
            -52.026119,
            -28.240028
          ],
          [
            -51.967451,
            -28.389207
          ],
          [
            -51.988164,
            -28.535061
          ],
          [
            -51.990661,
            -28.552644
          ],
          [
            -51.990661,
            -28.552644
          ],
          [
            -52.097209,
            -29.302932
          ],
          [
            -51.902764,
            -29.425029
          ],
          [
            -51.37675,
            -29.755327
          ],
          [
            -51.370939,
            -29.758976
          ],
          [
            -51.358924,
            -29.76652
          ],
          [
            -51.352768,
            -29.770385
          ],
          [
            -51.349289,
            -29.77257
          ],
          [
            -51.315802,
            -29.793597
          ],
          [
            -51.322633,
            -29.801572
          ],
          [
            -51.340036,
            -29.821893
          ],
          [
            -51.34282,
            -29.822869
          ]
        ],
        "type": "LineString"
      },
      "properties": {
        "AGE_NOME": "COMPANHIA DE GERA\u00c7\u00c3O E TRANSMISS\u00c3O DE ENERGIA EL\u00c9TRICA DO SUL D",
        "DTENTRADA": 1144022400000,
        "DTPAR": 1135987200000,
        "DTPREVISTA": 1143936000000,
        "EQP_ID": "SCYTA-5POL-1RS      ",
        "EXT": 313.95,
        "INS_ID": "SCYTA ",
        "NOMELONGO": "LT  525 kV ITA                  / NOVA STA RITA        C 1  SC/RS       ",
        "NOMEREDE": "BASICA         ",
        "NUMDOC": "400       ",
        "OBJECTID": 1341,
        "R": 0.305,
        "S": 448.65,
        "SHAPE.STLength()": 3.085722879129225,
        "STR_DTENTRADA": "03/04/2006",
        "STR_DTPAR": "31/12/2005",
        "STR_DTPREVISTA": "02/04/2006",
        "TPCPR_ID": null,
        "TPEQP_ID": "LTR",
        "VAL_CAPACOPERCOMFATORCD": 2937,
        "VAL_CAPACOPERLD": 2331,
        "VAL_CAPACOPERSEMFATORCD": 2937,
        "VAL_CORRPROJETOLD": 2331,
        "VAL_FATORLIMITANTECD": "",
        "VAL_FATORLIMITANTELD": "",
        "VN": 525,
        "X": 3.647
      },
      "type": "Feature"
    },
    {
      "geometry": {
        "coordinates": [
          [
            -54.324402,
            -28.277041
          ],
          [
            -52.847474,
            -27.502648
          ],
          [
            -52.722985,
            -27.437375
          ],
          [
            -52.69308,
            -27.421695
          ],
          [
            -52.67748,
            -27.413516
          ],
          [
            -52.407815,
            -27.272123
          ]
        ],
        "type": "LineString"
      },
      "properties": {
        "AGE_NOME": "TRANSMISSORA ALIAN\u00c7A DE ENERGIA EL\u00c9TRICA S A                   ",
        "DTENTRADA": 947289600000,
        "DTPAR": null,
        "DTPREVISTA": null,
        "EQP_ID": "RSSTA-5YTA-1SC      ",
        "EXT": 222.5,
        "INS_ID": "RSSTA ",
        "NOMELONGO": "LT  525 kV SANTO ANGELO         / ITA                  C 1  RS/SC       ",
        "NOMEREDE": "BASICA         ",
        "NUMDOC": "02/2022   ",
        "OBJECTID": 1342,
        "R": 0.2032,
        "S": 288.63,
        "SHAPE.STLength()": 2.164062020606661,
        "STR_DTENTRADA": "08/01/2000",
        "STR_DTPAR": null,
        "STR_DTPREVISTA": null,
        "TPCPR_ID": null,
        "TPEQP_ID": "LTR",
        "VAL_CAPACOPERCOMFATORCD": 2400,
        "VAL_CAPACOPERLD": 2400,
        "VAL_CAPACOPERSEMFATORCD": 3157,
        "VAL_CORRPROJETOLD": 3157,
        "VAL_FATORLIMITANTECD": "TC SE Santo Angelo",
        "VAL_FATORLIMITANTELD": "TC SE Santo Angelo",
        "VN": 525,
        "X": 2.7595
      },
      "type": "Feature"
    },
    {
      "geometry": {
        "coordinates": [
          [
            -54.324402,
            -28.277041
          ],
          [
            -52.847474,
            -27.502648
          ],
          [
            -52.722985,
            -27.437375
          ],
          [
            -52.69308,
            -27.421695
          ],
          [
            -52.67748,
            -27.413516
          ],
          [
            -52.407815,
            -27.272123
          ]
        ],
        "type": "LineString"
      },
      "properties": {
        "AGE_NOME": "TRANSMISSORA ALIAN\u00c7A DE ENERGIA EL\u00c9TRICA S A                   ",
        "DTENTRADA": 947289600000,
        "DTPAR": null,
        "DTPREVISTA": null,
        "EQP_ID": "RSSTA-5YTA-1SC      ",
        "EXT": 222.5,
        "INS_ID": "RSSTA ",
        "NOMELONGO": "LT  525 kV SANTO ANGELO         / ITA                  C 1  RS/SC       ",
        "NOMEREDE": "BASICA         ",
        "NUMDOC": "02/2022   ",
        "OBJECTID": 1343,
        "R": 0.2032,
        "S": 288.63,
        "SHAPE.STLength()": 2.164062020606661,
        "STR_DTENTRADA": "08/01/2000",
        "STR_DTPAR": null,
        "STR_DTPREVISTA": null,
        "TPCPR_ID": null,
        "TPEQP_ID": "LTR",
        "VAL_CAPACOPERCOMFATORCD": 2400,
        "VAL_CAPACOPERLD": 2400,
        "VAL_CAPACOPERSEMFATORCD": 3157,
        "VAL_CORRPROJETOLD": 3157,
        "VAL_FATORLIMITANTECD": "TC SE Santo Angelo",
        "VAL_FATORLIMITANTELD": "TC SE Santo Angelo",
        "VN": 525,
        "X": 2.7595
      },
      "type": "Feature"
    },
    {
      "geometry": {
        "coordinates": [
          [
            -54.324402,
            -28.277041
          ],
          [
            -52.847474,
            -27.502648
          ],
          [
            -52.722985,
            -27.437375
          ],
          [
            -52.69308,
            -27.421695
          ],
          [
            -52.67748,
            -27.413516
          ],
          [
            -52.407815,
            -27.272123
          ]
        ],
        "type": "LineString"
      },
      "properties": {
        "AGE_NOME": "TRANSMISSORA ALIAN\u00c7A DE ENERGIA EL\u00c9TRICA S A                   ",
        "DTENTRADA": 947289600000,
        "DTPAR": null,
        "DTPREVISTA": null,
        "EQP_ID": "RSSTA-5YTA-1SC      ",
        "EXT": 222.5,
        "INS_ID": "RSSTA ",
        "NOMELONGO": "LT  525 kV SANTO ANGELO         / ITA                  C 1  RS/SC       ",
        "NOMEREDE": "BASICA         ",
        "NUMDOC": "02/2022   ",
        "OBJECTID": 1344,
        "R": 0.2032,
        "S": 288.63,
        "SHAPE.STLength()": 2.164062020606661,
        "STR_DTENTRADA": "08/01/2000",
        "STR_DTPAR": null,
        "STR_DTPREVISTA": null,
        "TPCPR_ID": null,
        "TPEQP_ID": "LTR",
        "VAL_CAPACOPERCOMFATORCD": 2400,
        "VAL_CAPACOPERLD": 2400,
        "VAL_CAPACOPERSEMFATORCD": 3157,
        "VAL_CORRPROJETOLD": 2778,
        "VAL_FATORLIMITANTECD": "TC SE Santo Angelo",
        "VAL_FATORLIMITANTELD": "TC SE Santo Angelo",
        "VN": 525,
        "X": 2.7595
      },
      "type": "Feature"
    },
    {
      "geometry": {
        "coordinates": [
          [
            -54.324402,
            -28.277041
          ],
          [
            -52.847474,
            -27.502648
          ],
          [
            -52.722985,
            -27.437375
          ],
          [
            -52.69308,
            -27.421695
          ],
          [
            -52.67748,
            -27.413516
          ],
          [
            -52.407815,
            -27.272123
          ]
        ],
        "type": "LineString"
      },
      "properties": {
        "AGE_NOME": "TRANSMISSORA ALIAN\u00c7A DE ENERGIA EL\u00c9TRICA S A                   ",
        "DTENTRADA": 947289600000,
        "DTPAR": null,
        "DTPREVISTA": null,
        "EQP_ID": "RSSTA-5YTA-1SC      ",
        "EXT": 222.5,
        "INS_ID": "RSSTA ",
        "NOMELONGO": "LT  525 kV SANTO ANGELO         / ITA                  C 1  RS/SC       ",
        "NOMEREDE": "BASICA         ",
        "NUMDOC": "02/2022   ",
        "OBJECTID": 1345,
        "R": 0.2032,
        "S": 288.63,
        "SHAPE.STLength()": 2.164062020606661,
        "STR_DTENTRADA": "08/01/2000",
        "STR_DTPAR": null,
        "STR_DTPREVISTA": null,
        "TPCPR_ID": null,
        "TPEQP_ID": "LTR",
        "VAL_CAPACOPERCOMFATORCD": 2400,
        "VAL_CAPACOPERLD": 2400,
        "VAL_CAPACOPERSEMFATORCD": 3157,
        "VAL_CORRPROJETOLD": 2778,
        "VAL_FATORLIMITANTECD": "TC SE Santo Angelo",
        "VAL_FATORLIMITANTELD": "TC SE Santo Angelo",
        "VN": 525,
        "X": 2.7595
      },
      "type": "Feature"
    },
    {
      "geometry": {
        "coordinates": [
          [
            -54.326296,
            -28.277484
          ],
          [
            -54.973902,
            -28.267004
          ],
          [
            -54.991255,
            -28.266723
          ],
          [
            -55.669632,
            -28.255745
          ]
        ],
        "type": "LineString"
      },
      "properties": {
        "AGE_NOME": "TRANSMISSORA ALIAN\u00c7A DE ENERGIA EL\u00c9TRICA S A                   ",
        "DTENTRADA": 961545600000,
        "DTPAR": null,
        "DTPREVISTA": null,
        "EQP_ID": "RSGBI15STA-1        ",
        "EXT": 132.1,
        "INS_ID": "RSGBI1",
        "NOMELONGO": "LT  525 kV CV.GARABI 1          / SANTO ANGELO         C 1  RS          ",
        "NOMEREDE": "BASICA         ",
        "NUMDOC": "02/2022   ",
        "OBJECTID": 1357,
        "R": 0.119,
        "S": 180.54,
        "SHAPE.STLength()": 1.3435120193804921,
        "STR_DTENTRADA": "21/06/2000",
        "STR_DTPAR": null,
        "STR_DTPREVISTA": null,
        "TPCPR_ID": null,
        "TPEQP_ID": "LTR",
        "VAL_CAPACOPERCOMFATORCD": 2400,
        "VAL_CAPACOPERLD": 2400,
        "VAL_CAPACOPERSEMFATORCD": 3157,
        "VAL_CORRPROJETOLD": 3157,
        "VAL_FATORLIMITANTECD": "TC SE S.Angelo",
        "VAL_FATORLIMITANTELD": "TC SE S.Angelo",
        "VN": 525,
        "X": 1.576
      },
      "type": "Feature"
    },
    {
      "geometry": {
        "coordinates": [
          [
            -54.326296,
            -28.277484
          ],
          [
            -54.973902,
            -28.267004
          ],
          [
            -54.991255,
            -28.266723
          ],
          [
            -55.669632,
            -28.255745
          ]
        ],
        "type": "LineString"
      },
      "properties": {
        "AGE_NOME": "TRANSMISSORA ALIAN\u00c7A DE ENERGIA EL\u00c9TRICA S A                   ",
        "DTENTRADA": 961545600000,
        "DTPAR": null,
        "DTPREVISTA": null,
        "EQP_ID": "RSGBI15STA-1        ",
        "EXT": 132.1,
        "INS_ID": "RSGBI1",
        "NOMELONGO": "LT  525 kV CV.GARABI 1          / SANTO ANGELO         C 1  RS          ",
        "NOMEREDE": "BASICA         ",
        "NUMDOC": "02/2022   ",
        "OBJECTID": 1358,
        "R": 0.119,
        "S": 180.54,
        "SHAPE.STLength()": 1.3435120193804921,
        "STR_DTENTRADA": "21/06/2000",
        "STR_DTPAR": null,
        "STR_DTPREVISTA": null,
        "TPCPR_ID": null,
        "TPEQP_ID": "LTR",
        "VAL_CAPACOPERCOMFATORCD": 2400,
        "VAL_CAPACOPERLD": 2400,
        "VAL_CAPACOPERSEMFATORCD": 3157,
        "VAL_CORRPROJETOLD": 3157,
        "VAL_FATORLIMITANTECD": "TC SE S.Angelo",
        "VAL_FATORLIMITANTELD": "TC SE S.Angelo",
        "VN": 525,
        "X": 1.576
      },
      "type": "Feature"
    },
    {
      "geometry": {
        "coordinates": [
          [
            -54.326296,
            -28.277484
          ],
          [
            -54.973902,
            -28.267004
          ],
          [
            -54.991255,
            -28.266723
          ],
          [
            -55.669632,
            -28.255745
          ]
        ],
        "type": "LineString"
      },
      "properties": {
        "AGE_NOME": "TRANSMISSORA ALIAN\u00c7A DE ENERGIA EL\u00c9TRICA S A                   ",
        "DTENTRADA": 961545600000,
        "DTPAR": null,
        "DTPREVISTA": null,
        "EQP_ID": "RSGBI15STA-1        ",
        "EXT": 132.1,
        "INS_ID": "RSGBI1",
        "NOMELONGO": "LT  525 kV CV.GARABI 1          / SANTO ANGELO         C 1  RS          ",
        "NOMEREDE": "BASICA         ",
        "NUMDOC": "02/2022   ",
        "OBJECTID": 1359,
        "R": 0.119,
        "S": 180.54,
        "SHAPE.STLength()": 1.3435120193804921,
        "STR_DTENTRADA": "21/06/2000",
        "STR_DTPAR": null,
        "STR_DTPREVISTA": null,
        "TPCPR_ID": null,
        "TPEQP_ID": "LTR",
        "VAL_CAPACOPERCOMFATORCD": 2400,
        "VAL_CAPACOPERLD": 2400,
        "VAL_CAPACOPERSEMFATORCD": 3157,
        "VAL_CORRPROJETOLD": 2778,
        "VAL_FATORLIMITANTECD": "TC SE S.Angelo",
        "VAL_FATORLIMITANTELD": "TC SE S.Angelo",
        "VN": 525,
        "X": 1.576
      },
      "type": "Feature"
    },
    {
      "geometry": {
        "coordinates": [
          [
            -54.326296,
            -28.277484
          ],
          [
            -54.973902,
            -28.267004
          ],
          [
            -54.991255,
            -28.266723
          ],
          [
            -55.669632,
            -28.255745
          ]
        ],
        "type": "LineString"
      },
      "properties": {
        "AGE_NOME": "TRANSMISSORA ALIAN\u00c7A DE ENERGIA EL\u00c9TRICA S A                   ",
        "DTENTRADA": 961545600000,
        "DTPAR": null,
        "DTPREVISTA": null,
        "EQP_ID": "RSGBI15STA-1        ",
        "EXT": 132.1,
        "INS_ID": "RSGBI1",
        "NOMELONGO": "LT  525 kV CV.GARABI 1          / SANTO ANGELO         C 1  RS          ",
        "NOMEREDE": "BASICA         ",
        "NUMDOC": "02/2022   ",
        "OBJECTID": 1360,
        "R": 0.119,
        "S": 180.54,
        "SHAPE.STLength()": 1.3435120193804921,
        "STR_DTENTRADA": "21/06/2000",
        "STR_DTPAR": null,
        "STR_DTPREVISTA": null,
        "TPCPR_ID": null,
        "TPEQP_ID": "LTR",
        "VAL_CAPACOPERCOMFATORCD": 2400,
        "VAL_CAPACOPERLD": 2400,
        "VAL_CAPACOPERSEMFATORCD": 3157,
        "VAL_CORRPROJETOLD": 2778,
        "VAL_FATORLIMITANTECD": "TC SE S.Angelo",
        "VAL_FATORLIMITANTELD": "TC SE S.Angelo",
        "VN": 525,
        "X": 1.576
      },
      "type": "Feature"
    },
    {
      "geometry": {
        "coordinates": [
          [
            -52.428922,
            -28.282475
          ],
          [
            -52.717745,
            -27.483915
          ]
        ],
        "type": "LineString"
      },
      "properties": {
        "AGE_NOME": "CPFL TRANSMISSAO S.A.                                          ",
        "DTENTRADA": 662601600000,
        "DTPAR": null,
        "DTPREVISTA": null,
        "EQP_ID": "RSPFU-2SMT-1        ",
        "EXT": 96,
        "INS_ID": "RSPFU ",
        "NOMELONGO": "LT  230 kV PASSO FUNDO          / SANTA MARTA          C 1  RS          ",
        "NOMEREDE": "BASICA         ",
        "NUMDOC": null,
        "OBJECTID": 1665,
        "R": 1.83,
        "S": 16.41,
        "SHAPE.STLength()": 0.8491862321869086,
        "STR_DTENTRADA": "31/12/1990",
        "STR_DTPAR": null,
        "STR_DTPREVISTA": null,
        "TPCPR_ID": null,
        "TPEQP_ID": "LTR",
        "VAL_CAPACOPERCOMFATORCD": 748,
        "VAL_CAPACOPERLD": 527,
        "VAL_CAPACOPERSEMFATORCD": 748,
        "VAL_CORRPROJETOLD": 527,
        "VAL_FATORLIMITANTECD": "",
        "VAL_FATORLIMITANTELD": "",
        "VN": 230,
        "X": 9.15
      },
      "type": "Feature"
    },
    {
      "geometry": {
        "coordinates": [
          [
            -52.428922,
            -28.282475
          ],
          [
            -52.717745,
            -27.483915
          ]
        ],
        "type": "LineString"
      },
      "properties": {
        "AGE_NOME": "CPFL TRANSMISSAO S.A.                                          ",
        "DTENTRADA": 662601600000,
        "DTPAR": null,
        "DTPREVISTA": null,
        "EQP_ID": "RSPFU-2SMT-1        ",
        "EXT": 96,
        "INS_ID": "RSPFU ",
        "NOMELONGO": "LT  230 kV PASSO FUNDO          / SANTA MARTA          C 1  RS          ",
        "NOMEREDE": "BASICA         ",
        "NUMDOC": null,
        "OBJECTID": 1666,
        "R": 1.83,
        "S": 16.41,
        "SHAPE.STLength()": 0.8491862321869086,
        "STR_DTENTRADA": "31/12/1990",
        "STR_DTPAR": null,
        "STR_DTPREVISTA": null,
        "TPCPR_ID": null,
        "TPEQP_ID": "LTR",
        "VAL_CAPACOPERCOMFATORCD": 748,
        "VAL_CAPACOPERLD": 527,
        "VAL_CAPACOPERSEMFATORCD": 748,
        "VAL_CORRPROJETOLD": 527,
        "VAL_FATORLIMITANTECD": "",
        "VAL_FATORLIMITANTELD": "",
        "VN": 230,
        "X": 9.15
      },
      "type": "Feature"
    },
    {
      "geometry": {
        "coordinates": [
          [
            -52.15613,
            -29.633102
          ],
          [
            -53.18804,
            -29.017451
          ]
        ],
        "type": "LineString"
      },
      "properties": {
        "AGE_NOME": "CPFL TRANSMISSAO S.A.                                          ",
        "DTENTRADA": 662601600000,
        "DTPAR": null,
        "DTPREVISTA": null,
        "EQP_ID": "RSUPRE2VAI-1        ",
        "EXT": 136.02,
        "INS_ID": "RSUPRE",
        "NOMELONGO": "LT  230 kV PASSO REAL           / V.AIRES              C 1  RS          ",
        "NOMEREDE": "BASICA         ",
        "NUMDOC": null,
        "OBJECTID": 1667,
        "R": 3.45,
        "S": 23.67,
        "SHAPE.STLength()": 1.2016094356616764,
        "STR_DTENTRADA": "31/12/1990",
        "STR_DTPAR": null,
        "STR_DTPREVISTA": null,
        "TPCPR_ID": null,
        "TPEQP_ID": "LTR",
        "VAL_CAPACOPERCOMFATORCD": 639,
        "VAL_CAPACOPERLD": 450,
        "VAL_CAPACOPERSEMFATORCD": 639,
        "VAL_CORRPROJETOLD": 450,
        "VAL_FATORLIMITANTECD": "",
        "VAL_FATORLIMITANTELD": "",
        "VN": 230,
        "X": 13.16
      },
      "type": "Feature"
    },
    {
      "geometry": {
        "coordinates": [
          [
            -51.178768,
            -29.891128
          ],
          [
            -51.311776,
            -29.856052
          ],
          [
            -51.345608,
            -29.84713
          ],
          [
            -51.347981,
            -29.846505
          ],
          [
            -51.350392,
            -29.845869
          ],
          [
            -51.352531,
            -29.845305
          ],
          [
            -51.355045,
            -29.844642
          ],
          [
            -51.366335,
            -29.841664
          ],
          [
            -51.374897,
            -29.839406
          ],
          [
            -51.382236,
            -29.837471
          ],
          [
            -51.399696,
            -29.832867
          ],
          [
            -51.418588,
            -29.827885
          ],
          [
            -51.458384,
            -29.81739
          ],
          [
            -51.459758,
            -29.817027
          ],
          [
            -52.154289,
            -29.633872
          ]
        ],
        "type": "LineString"
      },
      "properties": {
        "AGE_NOME": "CPFL TRANSMISSAO S.A.                                          ",
        "DTENTRADA": 662601600000,
        "DTPAR": null,
        "DTPREVISTA": null,
        "EQP_ID": "RSCIN-2VAI-1        ",
        "EXT": 101.54,
        "INS_ID": "RSCIN ",
        "NOMELONGO": "LT  230 kV C.INDUSTRIAL         / V.AIRES              C 1  RS          ",
        "NOMEREDE": "BASICA         ",
        "NUMDOC": null,
        "OBJECTID": 1668,
        "R": 2.58,
        "S": 17.06,
        "SHAPE.STLength()": 1.008872268854112,
        "STR_DTENTRADA": "31/12/1990",
        "STR_DTPAR": null,
        "STR_DTPREVISTA": null,
        "TPCPR_ID": null,
        "TPEQP_ID": "LTR",
        "VAL_CAPACOPERCOMFATORCD": 639,
        "VAL_CAPACOPERLD": 450,
        "VAL_CAPACOPERSEMFATORCD": 639,
        "VAL_CORRPROJETOLD": 450,
        "VAL_FATORLIMITANTECD": "",
        "VAL_FATORLIMITANTELD": "",
        "VN": 230,
        "X": 9.83
      },
      "type": "Feature"
    },
    {
      "geometry": {
        "coordinates": [
          [
            -53.281495,
            -29.447314
          ],
          [
            -53.874891,
            -29.680741
          ]
        ],
        "type": "LineString"
      },
      "properties": {
        "AGE_NOME": "CPFL TRANSMISSAO S.A.                                          ",
        "DTENTRADA": 980121600000,
        "DTPAR": null,
        "DTPREVISTA": null,
        "EQP_ID": "RSSMA32UDFR1        ",
        "EXT": 67.17,
        "INS_ID": "RSSMA3",
        "NOMELONGO": "LT  230 kV SANTA MARIA 3        / U.D.FRANCISCA        C 1  RS          ",
        "NOMEREDE": "BASICA         ",
        "NUMDOC": null,
        "OBJECTID": 1669,
        "R": 1.124,
        "S": 12.22,
        "SHAPE.STLength()": 0.6376578899946577,
        "STR_DTENTRADA": "22/01/2001",
        "STR_DTPAR": null,
        "STR_DTPREVISTA": null,
        "TPCPR_ID": null,
        "TPEQP_ID": "LTR",
        "VAL_CAPACOPERCOMFATORCD": 919,
        "VAL_CAPACOPERLD": 729,
        "VAL_CAPACOPERSEMFATORCD": 919,
        "VAL_CORRPROJETOLD": 729,
        "VAL_FATORLIMITANTECD": null,
        "VAL_FATORLIMITANTELD": null,
        "VN": 230,
        "X": 6.253
      },
      "type": "Feature"
    },
    {
      "geometry": {
        "coordinates": [
          [
            -53.234108,
            -29.25977
          ],
          [
            -53.280337,
            -29.446064
          ]
        ],
        "type": "LineString"
      },
      "properties": {
        "AGE_NOME": "CPFL TRANSMISSAO S.A.                                          ",
        "DTENTRADA": 980121600000,
        "DTPAR": null,
        "DTPREVISTA": null,
        "EQP_ID": "RSUDFR2UITA1        ",
        "EXT": 21.2,
        "INS_ID": "RSUDFR",
        "NOMELONGO": "LT  230 kV U.D.FRANCISCA        / ITAUBA               C 1  RS          ",
        "NOMEREDE": "BASICA         ",
        "NUMDOC": null,
        "OBJECTID": 1670,
        "R": 0.394,
        "S": 3.97,
        "SHAPE.STLength()": 0.19194371714566705,
        "STR_DTENTRADA": "22/01/2001",
        "STR_DTPAR": null,
        "STR_DTPREVISTA": null,
        "TPCPR_ID": null,
        "TPEQP_ID": "LTR",
        "VAL_CAPACOPERCOMFATORCD": 919,
        "VAL_CAPACOPERLD": 729,
        "VAL_CAPACOPERSEMFATORCD": 919,
        "VAL_CORRPROJETOLD": 729,
        "VAL_FATORLIMITANTECD": null,
        "VAL_FATORLIMITANTELD": null,
        "VN": 230,
        "X": 2.204
      },
      "type": "Feature"
    },
    {
      "geometry": {
        "coordinates": [
          [
            -53.189054,
            -29.017834
          ],
          [
            -53.233723,
            -29.257999
          ]
        ],
        "type": "LineString"
      },
      "properties": {
        "AGE_NOME": "CPFL TRANSMISSAO S.A.                                          ",
        "DTENTRADA": 662601600000,
        "DTPAR": null,
        "DTPREVISTA": null,
        "EQP_ID": "RSUITA2UPRE1        ",
        "EXT": 30,
        "INS_ID": "RSUITA",
        "NOMELONGO": "LT  230 kV ITAUBA               / PASSO REAL           C 1  RS          ",
        "NOMEREDE": "BASICA         ",
        "NUMDOC": null,
        "OBJECTID": 1671,
        "R": 0.51,
        "S": 5.23,
        "SHAPE.STLength()": 0.2442836673753831,
        "STR_DTENTRADA": "31/12/1990",
        "STR_DTPAR": null,
        "STR_DTPREVISTA": null,
        "TPCPR_ID": null,
        "TPEQP_ID": "LTR",
        "VAL_CAPACOPERCOMFATORCD": 919,
        "VAL_CAPACOPERLD": 729,
        "VAL_CAPACOPERSEMFATORCD": 919,
        "VAL_CORRPROJETOLD": 729,
        "VAL_FATORLIMITANTECD": "",
        "VAL_FATORLIMITANTELD": "",
        "VN": 230,
        "X": 2.86
      },
      "type": "Feature"
    },
    {
      "geometry": {
        "coordinates": [
          [
            -53.570404,
            -27.61223
          ],
          [
            -54.455982,
            -27.875547
          ]
        ],
        "type": "LineString"
      },
      "properties": {
        "AGE_NOME": "CPFL TRANSMISSAO S.A.                                          ",
        "DTENTRADA": 662601600000,
        "DTPAR": null,
        "DTPREVISTA": null,
        "EQP_ID": "RSGRT-2SRO-1        ",
        "EXT": 93,
        "INS_ID": "RSGRT ",
        "NOMELONGO": "LT  230 kV GUARITA              / SANTA ROSA 1         C 1  RS          ",
        "NOMEREDE": "BASICA         ",
        "NUMDOC": null,
        "OBJECTID": 1672,
        "R": 1.77,
        "S": 15.91,
        "SHAPE.STLength()": 0.9238956157707242,
        "STR_DTENTRADA": "31/12/1990",
        "STR_DTPAR": null,
        "STR_DTPREVISTA": null,
        "TPCPR_ID": null,
        "TPEQP_ID": "LTR",
        "VAL_CAPACOPERCOMFATORCD": 856,
        "VAL_CAPACOPERLD": 679,
        "VAL_CAPACOPERSEMFATORCD": 856,
        "VAL_CORRPROJETOLD": 679,
        "VAL_FATORLIMITANTECD": "",
        "VAL_FATORLIMITANTELD": "",
        "VN": 230,
        "X": 8.87
      },
      "type": "Feature"
    },
    {
      "geometry": {
        "coordinates": [
          [
            -52.719053,
            -27.483207
          ],
          [
            -52.847474,
            -27.502648
          ],
          [
            -52.953651,
            -27.518722
          ],
          [
            -52.953651,
            -27.518722
          ],
          [
            -53.568446,
            -27.611793
          ]
        ],
        "type": "LineString"
      },
      "properties": {
        "AGE_NOME": "CPFL TRANSMISSAO S.A.                                          ",
        "DTENTRADA": 662601600000,
        "DTPAR": null,
        "DTPREVISTA": null,
        "EQP_ID": "RSPFU-2GRT-1        ",
        "EXT": 87,
        "INS_ID": "RSPFU ",
        "NOMELONGO": "LT  230 kV PASSO FUNDO          / GUARITA              C 1  RS          ",
        "NOMEREDE": "BASICA         ",
        "NUMDOC": null,
        "OBJECTID": 1673,
        "R": 2.21,
        "S": 14.03,
        "SHAPE.STLength()": 0.8590714305314215,
        "STR_DTENTRADA": "31/12/1990",
        "STR_DTPAR": null,
        "STR_DTPREVISTA": null,
        "TPCPR_ID": null,
        "TPEQP_ID": "LTR",
        "VAL_CAPACOPERCOMFATORCD": 639,
        "VAL_CAPACOPERLD": 450,
        "VAL_CAPACOPERSEMFATORCD": 639,
        "VAL_CORRPROJETOLD": 450,
        "VAL_FATORLIMITANTECD": "",
        "VAL_FATORLIMITANTELD": "",
        "VN": 230,
        "X": 8.42
      },
      "type": "Feature"
    },
    {
      "geometry": {
        "coordinates": [
          [
            -52.719053,
            -27.483207
          ],
          [
            -52.847474,
            -27.502648
          ],
          [
            -52.953651,
            -27.518722
          ],
          [
            -52.953651,
            -27.518722
          ],
          [
            -53.568446,
            -27.611793
          ]
        ],
        "type": "LineString"
      },
      "properties": {
        "AGE_NOME": "CPFL TRANSMISSAO S.A.                                          ",
        "DTENTRADA": 662601600000,
        "DTPAR": null,
        "DTPREVISTA": null,
        "EQP_ID": "RSPFU-2GRT-1        ",
        "EXT": 87,
        "INS_ID": "RSPFU ",
        "NOMELONGO": "LT  230 kV PASSO FUNDO          / GUARITA              C 1  RS          ",
        "NOMEREDE": "BASICA         ",
        "NUMDOC": null,
        "OBJECTID": 1674,
        "R": 2.21,
        "S": 14.03,
        "SHAPE.STLength()": 0.8590714305314215,
        "STR_DTENTRADA": "31/12/1990",
        "STR_DTPAR": null,
        "STR_DTPREVISTA": null,
        "TPCPR_ID": null,
        "TPEQP_ID": "LTR",
        "VAL_CAPACOPERCOMFATORCD": 639,
        "VAL_CAPACOPERLD": 450,
        "VAL_CAPACOPERSEMFATORCD": 639,
        "VAL_CORRPROJETOLD": 450,
        "VAL_FATORLIMITANTECD": "",
        "VAL_FATORLIMITANTELD": "",
        "VN": 230,
        "X": 8.42
      },
      "type": "Feature"
    },
    {
      "geometry": {
        "coordinates": [
          [
            -51.178808,
            -29.891479
          ],
          [
            -51.187876,
            -29.89227
          ],
          [
            -51.28666,
            -29.88183
          ],
          [
            -51.354868,
            -29.874622
          ],
          [
            -51.378238,
            -29.872152
          ],
          [
            -51.383118,
            -29.870668
          ],
          [
            -51.387079,
            -29.869464
          ]
        ],
        "type": "LineString"
      },
      "properties": {
        "AGE_NOME": "CPFL TRANSMISSAO S.A.                                          ",
        "DTENTRADA": 662601600000,
        "DTPAR": null,
        "DTPREVISTA": null,
        "EQP_ID": "RSCIN-2PPE-1        ",
        "EXT": 23.57,
        "INS_ID": "RSCIN ",
        "NOMELONGO": "LT  230 kV C.INDUSTRIAL         / P.PETROQUIMIC        C 1  RS          ",
        "NOMEREDE": "BASICA         ",
        "NUMDOC": null,
        "OBJECTID": 1675,
        "R": 0.402,
        "S": 4.11,
        "SHAPE.STLength()": 0.20976602445126136,
        "STR_DTENTRADA": "31/12/1990",
        "STR_DTPAR": null,
        "STR_DTPREVISTA": null,
        "TPCPR_ID": null,
        "TPEQP_ID": "LTR",
        "VAL_CAPACOPERCOMFATORCD": 919,
        "VAL_CAPACOPERLD": 729,
        "VAL_CAPACOPERSEMFATORCD": 919,
        "VAL_CORRPROJETOLD": 729,
        "VAL_FATORLIMITANTECD": "",
        "VAL_FATORLIMITANTELD": "",
        "VN": 230,
        "X": 2.158
      },
      "type": "Feature"
    },
    {
      "geometry": {
        "coordinates": [
          [
            -56.064589,
            -29.148829
          ],
          [
            -55.995967,
            -28.689783
          ]
        ],
        "type": "LineString"
      },
      "properties": {
        "AGE_NOME": "CPFL TRANSMISSAO S.A.                                          ",
        "DTENTRADA": 662601600000,
        "DTPAR": null,
        "DTPREVISTA": null,
        "EQP_ID": "RSMBR-2SBO21        ",
        "EXT": 53.5,
        "INS_ID": "RSMBR ",
        "NOMELONGO": "LT  230 kV MACAMBARA            / SAO BORJA2           C 1  RS          ",
        "NOMEREDE": "BASICA         ",
        "NUMDOC": null,
        "OBJECTID": 1676,
        "R": 1.02,
        "S": 9.15,
        "SHAPE.STLength()": 0.46414585790121093,
        "STR_DTENTRADA": "31/12/1990",
        "STR_DTPAR": null,
        "STR_DTPREVISTA": null,
        "TPCPR_ID": null,
        "TPEQP_ID": "LTR",
        "VAL_CAPACOPERCOMFATORCD": 856,
        "VAL_CAPACOPERLD": 679,
        "VAL_CAPACOPERSEMFATORCD": 856,
        "VAL_CORRPROJETOLD": 679,
        "VAL_FATORLIMITANTECD": "",
        "VAL_FATORLIMITANTELD": "",
        "VN": 230,
        "X": 5.1
      },
      "type": "Feature"
    },
    {
      "geometry": {
        "coordinates": [
          [
            -55.723222,
            -29.776407
          ],
          [
            -56.056012,
            -29.165707
          ],
          [
            -56.057503,
            -29.162971
          ],
          [
            -56.058979,
            -29.160261
          ],
          [
            -56.060469,
            -29.157527
          ],
          [
            -56.064279,
            -29.150535
          ]
        ],
        "type": "LineString"
      },
      "properties": {
        "AGE_NOME": "CPFL TRANSMISSAO S.A.                                          ",
        "DTENTRADA": 662601600000,
        "DTPAR": null,
        "DTPREVISTA": null,
        "EQP_ID": "RSALE22MBR-1        ",
        "EXT": 82.83,
        "INS_ID": "RSALE2",
        "NOMELONGO": "LT  230 kV ALEGRETE2            / MACAMBARA            C 1  RS          ",
        "NOMEREDE": "BASICA         ",
        "NUMDOC": null,
        "OBJECTID": 1677,
        "R": 1.582,
        "S": 14.16,
        "SHAPE.STLength()": 0.7127665305257436,
        "STR_DTENTRADA": "31/12/1990",
        "STR_DTPAR": null,
        "STR_DTPREVISTA": null,
        "TPCPR_ID": null,
        "TPEQP_ID": "LTR",
        "VAL_CAPACOPERCOMFATORCD": 856,
        "VAL_CAPACOPERLD": 679,
        "VAL_CAPACOPERSEMFATORCD": 856,
        "VAL_CORRPROJETOLD": 679,
        "VAL_FATORLIMITANTECD": "",
        "VAL_FATORLIMITANTELD": "",
        "VN": 230,
        "X": 7.889
      },
      "type": "Feature"
    },
    {
      "geometry": {
        "coordinates": [
          [
            -54.071828,
            -31.287767
          ],
          [
            -55.541232,
            -30.861676
          ]
        ],
        "type": "LineString"
      },
      "properties": {
        "AGE_NOME": "CPFL TRANSMISSAO S.A.                                          ",
        "DTENTRADA": 1038182400000,
        "DTPAR": null,
        "DTPREVISTA": null,
        "EQP_ID": "RSBAG22LIV21        ",
        "EXT": 151.34,
        "INS_ID": "RSBAG2",
        "NOMELONGO": "LT  230 kV BAGE2                / LIVRAMENTO 2         C 1  RS          ",
        "NOMEREDE": "BASICA         ",
        "NUMDOC": null,
        "OBJECTID": 1678,
        "R": 2.89,
        "S": 25.9,
        "SHAPE.STLength()": 1.5299351883713725,
        "STR_DTENTRADA": "25/11/2002",
        "STR_DTPAR": null,
        "STR_DTPREVISTA": null,
        "TPCPR_ID": null,
        "TPEQP_ID": "LTR",
        "VAL_CAPACOPERCOMFATORCD": 856,
        "VAL_CAPACOPERLD": 679,
        "VAL_CAPACOPERSEMFATORCD": 856,
        "VAL_CORRPROJETOLD": 679,
        "VAL_FATORLIMITANTECD": null,
        "VAL_FATORLIMITANTELD": null,
        "VN": 230,
        "X": 14.44
      },
      "type": "Feature"
    },
    {
      "geometry": {
        "coordinates": [
          [
            -52.268193,
            -32.074918
          ],
          [
            -52.358649,
            -32.041439
          ],
          [
            -52.363601,
            -32.039607
          ],
          [
            -53.640612,
            -31.566965
          ],
          [
            -53.650657,
            -31.563247
          ],
          [
            -53.680899,
            -31.552054
          ]
        ],
        "type": "LineString"
      },
      "properties": {
        "AGE_NOME": "CPFL TRANSMISSAO S.A.                                          ",
        "DTENTRADA": 662601600000,
        "DTPAR": null,
        "DTPREVISTA": null,
        "EQP_ID": "RSPME-2QUI-1        ",
        "EXT": 153.25,
        "INS_ID": "RSPME ",
        "NOMELONGO": "LT  230 kV PRE.MEDICI           / QUINTA               C 1  RS          ",
        "NOMEREDE": "BASICA         ",
        "NUMDOC": null,
        "OBJECTID": 1679,
        "R": 2.92,
        "S": 26.15,
        "SHAPE.STLength()": 1.5063616878005652,
        "STR_DTENTRADA": "31/12/1990",
        "STR_DTPAR": null,
        "STR_DTPREVISTA": null,
        "TPCPR_ID": null,
        "TPEQP_ID": "LTR",
        "VAL_CAPACOPERCOMFATORCD": 856,
        "VAL_CAPACOPERLD": 679,
        "VAL_CAPACOPERSEMFATORCD": 856,
        "VAL_CORRPROJETOLD": 679,
        "VAL_FATORLIMITANTECD": "",
        "VAL_FATORLIMITANTELD": "",
        "VN": 230,
        "X": 14.59
      },
      "type": "Feature"
    },
    {
      "geometry": {
        "coordinates": [
          [
            -51.817063,
            -30.82787
          ],
          [
            -51.971758,
            -30.88791
          ],
          [
            -51.998756,
            -30.898388
          ],
          [
            -52.034409,
            -30.912226
          ],
          [
            -53.639962,
            -31.535373
          ],
          [
            -53.649904,
            -31.539232
          ],
          [
            -53.680985,
            -31.551295
          ]
        ],
        "type": "LineString"
      },
      "properties": {
        "AGE_NOME": "CPFL TRANSMISSAO S.A.                                          ",
        "DTENTRADA": 662601600000,
        "DTPAR": null,
        "DTPREVISTA": null,
        "EQP_ID": "RSPME-2CAM-1        ",
        "EXT": 197,
        "INS_ID": "RSPME ",
        "NOMELONGO": "LT  230 kV PRE.MEDICI           / CAMAQUA              C 1  RS          ",
        "NOMEREDE": "BASICA         ",
        "NUMDOC": null,
        "OBJECTID": 1680,
        "R": 3.74,
        "S": 33.93,
        "SHAPE.STLength()": 1.999387157312371,
        "STR_DTENTRADA": "31/12/1990",
        "STR_DTPAR": null,
        "STR_DTPREVISTA": null,
        "TPCPR_ID": null,
        "TPEQP_ID": "LTR",
        "VAL_CAPACOPERCOMFATORCD": 856,
        "VAL_CAPACOPERLD": 679,
        "VAL_CAPACOPERSEMFATORCD": 856,
        "VAL_CORRPROJETOLD": 679,
        "VAL_FATORLIMITANTECD": "",
        "VAL_FATORLIMITANTELD": "",
        "VN": 230,
        "X": 18.71
      },
      "type": "Feature"
    },
    {
      "geometry": {
        "coordinates": [
          [
            -51.177502,
            -29.892257
          ],
          [
            -51.169354,
            -29.917894
          ],
          [
            -51.195422,
            -29.970284
          ]
        ],
        "type": "LineString"
      },
      "properties": {
        "AGE_NOME": "CPFL TRANSMISSAO S.A.                                          ",
        "DTENTRADA": 662601600000,
        "DTPAR": null,
        "DTPREVISTA": null,
        "EQP_ID": "RSCIN-2PAL91        ",
        "EXT": 14.8,
        "INS_ID": "RSCIN ",
        "NOMELONGO": "LT  230 kV C.INDUSTRIAL         / PORTO ALEGRE9        C 1  RS          ",
        "NOMEREDE": "BASICA         ",
        "NUMDOC": null,
        "OBJECTID": 1681,
        "R": 0.257,
        "S": 2.71,
        "SHAPE.STLength()": 0.08541763355314894,
        "STR_DTENTRADA": "31/12/1990",
        "STR_DTPAR": null,
        "STR_DTPREVISTA": null,
        "TPCPR_ID": null,
        "TPEQP_ID": "LTR",
        "VAL_CAPACOPERCOMFATORCD": 856,
        "VAL_CAPACOPERLD": 679,
        "VAL_CAPACOPERSEMFATORCD": 856,
        "VAL_CORRPROJETOLD": 679,
        "VAL_FATORLIMITANTECD": "",
        "VAL_FATORLIMITANTELD": "",
        "VN": 230,
        "X": 1.357
      },
      "type": "Feature"
    },
    {
      "geometry": {
        "coordinates": [
          [
            -51.176829,
            -29.891747
          ],
          [
            -51.166262,
            -29.895737
          ],
          [
            -51.148122,
            -29.894698
          ],
          [
            -51.146886,
            -29.894628
          ],
          [
            -51.144059,
            -29.894466
          ],
          [
            -51.142464,
            -29.894374
          ],
          [
            -51.110668,
            -29.892553
          ],
          [
            -51.083738,
            -29.891011
          ],
          [
            -51.065147,
            -29.885565
          ]
        ],
        "type": "LineString"
      },
      "properties": {
        "AGE_NOME": "CPFL TRANSMISSAO S.A.                                          ",
        "DTENTRADA": 662601600000,
        "DTPAR": null,
        "DTPREVISTA": null,
        "EQP_ID": "RSCIN-2GRA24        ",
        "EXT": 12.5,
        "INS_ID": "RSCIN ",
        "NOMELONGO": "LT  230 kV C.INDUSTRIAL         / GRAVATAI2            C 4  RS          ",
        "NOMEREDE": "BASICA         ",
        "NUMDOC": null,
        "OBJECTID": 1682,
        "R": 0.199,
        "S": 2.31,
        "SHAPE.STLength()": 0.11332635114121274,
        "STR_DTENTRADA": "31/12/1990",
        "STR_DTPAR": null,
        "STR_DTPREVISTA": null,
        "TPCPR_ID": null,
        "TPEQP_ID": "LTR",
        "VAL_CAPACOPERCOMFATORCD": 919,
        "VAL_CAPACOPERLD": 729,
        "VAL_CAPACOPERSEMFATORCD": 919,
        "VAL_CORRPROJETOLD": 729,
        "VAL_FATORLIMITANTECD": "",
        "VAL_FATORLIMITANTELD": "",
        "VN": 230,
        "X": 1.157
      },
      "type": "Feature"
    },
    {
      "geometry": {
        "coordinates": [
          [
            -51.065199,
            -29.885334
          ],
          [
            -51.104663,
            -29.887456
          ],
          [
            -51.109664,
            -29.887725
          ],
          [
            -51.143696,
            -29.889556
          ],
          [
            -51.144847,
            -29.889618
          ],
          [
            -51.146886,
            -29.889727
          ],
          [
            -51.147777,
            -29.889775
          ],
          [
            -51.176745,
            -29.891333
          ]
        ],
        "type": "LineString"
      },
      "properties": {
        "AGE_NOME": "CPFL TRANSMISSAO S.A.                                          ",
        "DTENTRADA": 662601600000,
        "DTPAR": null,
        "DTPREVISTA": null,
        "EQP_ID": "RSCIN-2GRA23        ",
        "EXT": 12.5,
        "INS_ID": "RSCIN ",
        "NOMELONGO": "LT  230 kV C.INDUSTRIAL         / GRAVATAI2            C 3  RS          ",
        "NOMEREDE": "BASICA         ",
        "NUMDOC": null,
        "OBJECTID": 1683,
        "R": 0.199,
        "S": 2.31,
        "SHAPE.STLength()": 0.11170696234994082,
        "STR_DTENTRADA": "31/12/1990",
        "STR_DTPAR": null,
        "STR_DTPREVISTA": null,
        "TPCPR_ID": null,
        "TPEQP_ID": "LTR",
        "VAL_CAPACOPERCOMFATORCD": 919,
        "VAL_CAPACOPERLD": 729,
        "VAL_CAPACOPERSEMFATORCD": 919,
        "VAL_CORRPROJETOLD": 729,
        "VAL_FATORLIMITANTECD": "",
        "VAL_FATORLIMITANTELD": "",
        "VN": 230,
        "X": 1.157
      },
      "type": "Feature"
    },
    {
      "geometry": {
        "coordinates": [
          [
            -51.227783,
            -30.046654
          ],
          [
            -51.217373,
            -30.053474
          ],
          [
            -51.158249,
            -30.065375
          ],
          [
            -51.14408,
            -30.063471
          ]
        ],
        "type": "LineString"
      },
      "properties": {
        "AGE_NOME": "CPFL TRANSMISSAO S.A.                                          ",
        "DTENTRADA": 1040515200000,
        "DTPAR": null,
        "DTPREVISTA": null,
        "EQP_ID": "RSPAL62PAL41        ",
        "EXT": 10.2,
        "INS_ID": "RSPAL6",
        "NOMELONGO": "LT  230 kV PORTOALEGRE6         / PORTOALEGRE 4        C 1  RS          ",
        "NOMEREDE": "BASICA         ",
        "NUMDOC": null,
        "OBJECTID": 1684,
        "R": 0.135,
        "S": 1.97,
        "SHAPE.STLength()": 0.08705188705166436,
        "STR_DTENTRADA": "22/12/2002",
        "STR_DTPAR": null,
        "STR_DTPREVISTA": null,
        "TPCPR_ID": null,
        "TPEQP_ID": "LTR",
        "VAL_CAPACOPERCOMFATORCD": 1062,
        "VAL_CAPACOPERLD": 843,
        "VAL_CAPACOPERSEMFATORCD": 1062,
        "VAL_CORRPROJETOLD": 843,
        "VAL_FATORLIMITANTECD": "",
        "VAL_FATORLIMITANTELD": "",
        "VN": 230,
        "X": 0.907
      },
      "type": "Feature"
    },
    {
      "geometry": {
        "coordinates": [
          [
            -51.227783,
            -30.046654
          ],
          [
            -51.217373,
            -30.053474
          ],
          [
            -51.158249,
            -30.065375
          ],
          [
            -51.14408,
            -30.063471
          ]
        ],
        "type": "LineString"
      },
      "properties": {
        "AGE_NOME": "CPFL TRANSMISSAO S.A.                                          ",
        "DTENTRADA": 1040515200000,
        "DTPAR": null,
        "DTPREVISTA": null,
        "EQP_ID": "RSPAL62PAL41        ",
        "EXT": 10.2,
        "INS_ID": "RSPAL6",
        "NOMELONGO": "LT  230 kV PORTOALEGRE6         / PORTOALEGRE 4        C 1  RS          ",
        "NOMEREDE": "BASICA         ",
        "NUMDOC": null,
        "OBJECTID": 1685,
        "R": 0.135,
        "S": 1.97,
        "SHAPE.STLength()": 0.08705188705166436,
        "STR_DTENTRADA": "22/12/2002",
        "STR_DTPAR": null,
        "STR_DTPREVISTA": null,
        "TPCPR_ID": null,
        "TPEQP_ID": "LTR",
        "VAL_CAPACOPERCOMFATORCD": 1062,
        "VAL_CAPACOPERLD": 843,
        "VAL_CAPACOPERSEMFATORCD": 1062,
        "VAL_CORRPROJETOLD": 843,
        "VAL_FATORLIMITANTECD": "",
        "VAL_FATORLIMITANTELD": "",
        "VN": 230,
        "X": 0.907
      },
      "type": "Feature"
    },
    {
      "geometry": {
        "coordinates": [
          [
            -51.142437,
            -30.06261
          ],
          [
            -51.131231,
            -30.049497
          ],
          [
            -51.062649,
            -29.899502
          ],
          [
            -51.064071,
            -29.886175
          ]
        ],
        "type": "LineString"
      },
      "properties": {
        "AGE_NOME": "CPFL TRANSMISSAO S.A.                                          ",
        "DTENTRADA": 662601600000,
        "DTPAR": null,
        "DTPREVISTA": null,
        "EQP_ID": "RSGRA22PAL62        ",
        "EXT": 29.2,
        "INS_ID": "RSGRA2",
        "NOMELONGO": "LT  230 kV GRAVATAI2            / PORTOALEGRE6         C 2  RS          ",
        "NOMEREDE": "BASICA         ",
        "NUMDOC": null,
        "OBJECTID": 1686,
        "R": 0.539,
        "S": 5.34,
        "SHAPE.STLength()": 0.1955815396494182,
        "STR_DTENTRADA": "31/12/1990",
        "STR_DTPAR": null,
        "STR_DTPREVISTA": null,
        "TPCPR_ID": null,
        "TPEQP_ID": "LTR",
        "VAL_CAPACOPERCOMFATORCD": 748,
        "VAL_CAPACOPERLD": 527,
        "VAL_CAPACOPERSEMFATORCD": 748,
        "VAL_CORRPROJETOLD": 527,
        "VAL_FATORLIMITANTECD": "",
        "VAL_FATORLIMITANTELD": "",
        "VN": 230,
        "X": 2.686
      },
      "type": "Feature"
    },
    {
      "geometry": {
        "coordinates": [
          [
            -51.142683,
            -30.062492
          ],
          [
            -51.064539,
            -29.886119
          ]
        ],
        "type": "LineString"
      },
      "properties": {
        "AGE_NOME": "CPFL TRANSMISSAO S.A.                                          ",
        "DTENTRADA": 662601600000,
        "DTPAR": null,
        "DTPREVISTA": null,
        "EQP_ID": "RSGRA22PAL61        ",
        "EXT": 29.2,
        "INS_ID": "RSGRA2",
        "NOMELONGO": "LT  230 kV GRAVATAI2            / PORTOALEGRE6         C 1  RS          ",
        "NOMEREDE": "BASICA         ",
        "NUMDOC": null,
        "OBJECTID": 1687,
        "R": 0.539,
        "S": 5.34,
        "SHAPE.STLength()": 0.19290908563581635,
        "STR_DTENTRADA": "31/12/1990",
        "STR_DTPAR": null,
        "STR_DTPREVISTA": null,
        "TPCPR_ID": null,
        "TPEQP_ID": "LTR",
        "VAL_CAPACOPERCOMFATORCD": 748,
        "VAL_CAPACOPERLD": 527,
        "VAL_CAPACOPERSEMFATORCD": 748,
        "VAL_CORRPROJETOLD": 527,
        "VAL_FATORLIMITANTECD": "",
        "VAL_FATORLIMITANTELD": "",
        "VN": 230,
        "X": 2.686
      },
      "type": "Feature"
    },
    {
      "geometry": {
        "coordinates": [
          [
            -51.142683,
            -30.062492
          ],
          [
            -51.064539,
            -29.886119
          ]
        ],
        "type": "LineString"
      },
      "properties": {
        "AGE_NOME": "CPFL TRANSMISSAO S.A.                                          ",
        "DTENTRADA": 662601600000,
        "DTPAR": null,
        "DTPREVISTA": null,
        "EQP_ID": "RSGRA22PAL61        ",
        "EXT": 29.2,
        "INS_ID": "RSGRA2",
        "NOMELONGO": "LT  230 kV GRAVATAI2            / PORTOALEGRE6         C 1  RS          ",
        "NOMEREDE": "BASICA         ",
        "NUMDOC": null,
        "OBJECTID": 1688,
        "R": 0.539,
        "S": 5.34,
        "SHAPE.STLength()": 0.19290908563581635,
        "STR_DTENTRADA": "31/12/1990",
        "STR_DTPAR": null,
        "STR_DTPREVISTA": null,
        "TPCPR_ID": null,
        "TPEQP_ID": "LTR",
        "VAL_CAPACOPERCOMFATORCD": 986,
        "VAL_CAPACOPERLD": 843,
        "VAL_CAPACOPERSEMFATORCD": 986,
        "VAL_CORRPROJETOLD": 843,
        "VAL_FATORLIMITANTECD": "",
        "VAL_FATORLIMITANTELD": "",
        "VN": 230,
        "X": 2.686
      },
      "type": "Feature"
    },
    {
      "geometry": {
        "coordinates": [
          [
            -51.224328,
            -30.09436
          ],
          [
            -51.144004,
            -30.063696
          ]
        ],
        "type": "LineString"
      },
      "properties": {
        "AGE_NOME": "CPFL TRANSMISSAO S.A.                                          ",
        "DTENTRADA": 662601600000,
        "DTPAR": null,
        "DTPREVISTA": null,
        "EQP_ID": "RSPAL62PA131        ",
        "EXT": 10.1,
        "INS_ID": "RSPAL6",
        "NOMELONGO": "LT  230 kV PORTOALEGRE6         / PORTOALEGRE13        C 1  RS          ",
        "NOMEREDE": "BASICA         ",
        "NUMDOC": null,
        "OBJECTID": 1689,
        "R": 0.182,
        "S": 1.4,
        "SHAPE.STLength()": 0.08597796703871594,
        "STR_DTENTRADA": "31/12/1990",
        "STR_DTPAR": null,
        "STR_DTPREVISTA": null,
        "TPCPR_ID": null,
        "TPEQP_ID": "LTR",
        "VAL_CAPACOPERCOMFATORCD": 856,
        "VAL_CAPACOPERLD": 679,
        "VAL_CAPACOPERSEMFATORCD": 856,
        "VAL_CORRPROJETOLD": 679,
        "VAL_FATORLIMITANTECD": "",
        "VAL_FATORLIMITANTELD": "",
        "VN": 230,
        "X": 0.869
      },
      "type": "Feature"
    },
    {
      "geometry": {
        "coordinates": [
          [
            -51.191603,
            -29.267567
          ],
          [
            -51.188608,
            -29.310002
          ],
          [
            -51.215693,
            -29.39582
          ],
          [
            -51.298434,
            -29.24435
          ],
          [
            -51.323216,
            -29.219292
          ]
        ],
        "type": "LineString"
      },
      "properties": {
        "AGE_NOME": "CPFL TRANSMISSAO S.A.                                          ",
        "DTENTRADA": 1015113600000,
        "DTPAR": 978307200000,
        "DTPREVISTA": 1009756800000,
        "EQP_ID": "RSCAX-2FAR-2        ",
        "EXT": 22.89,
        "INS_ID": "RSCAX ",
        "NOMELONGO": "LT  230 kV CAXIAS               / FARROUPILHA          C 2  RS          ",
        "NOMEREDE": "BASICA         ",
        "NUMDOC": "557       ",
        "OBJECTID": 1690,
        "R": 0.455,
        "S": 3.725,
        "SHAPE.STLength()": 0.34036996450434687,
        "STR_DTENTRADA": "03/03/2002",
        "STR_DTPAR": "01/01/2001",
        "STR_DTPREVISTA": "31/12/2001",
        "TPCPR_ID": null,
        "TPEQP_ID": "LTR",
        "VAL_CAPACOPERCOMFATORCD": 748,
        "VAL_CAPACOPERLD": 527,
        "VAL_CAPACOPERSEMFATORCD": 748,
        "VAL_CORRPROJETOLD": 527,
        "VAL_FATORLIMITANTECD": "",
        "VAL_FATORLIMITANTELD": "",
        "VN": 230,
        "X": 2.08
      },
      "type": "Feature"
    },
    {
      "geometry": {
        "coordinates": [
          [
            -51.191603,
            -29.267567
          ],
          [
            -51.188608,
            -29.310002
          ],
          [
            -51.215693,
            -29.39582
          ],
          [
            -51.298434,
            -29.24435
          ],
          [
            -51.323216,
            -29.219292
          ]
        ],
        "type": "LineString"
      },
      "properties": {
        "AGE_NOME": "CPFL TRANSMISSAO S.A.                                          ",
        "DTENTRADA": 1015113600000,
        "DTPAR": 978307200000,
        "DTPREVISTA": 1009756800000,
        "EQP_ID": "RSCAX-2FAR-2        ",
        "EXT": 22.89,
        "INS_ID": "RSCAX ",
        "NOMELONGO": "LT  230 kV CAXIAS               / FARROUPILHA          C 2  RS          ",
        "NOMEREDE": "BASICA         ",
        "NUMDOC": "557       ",
        "OBJECTID": 1691,
        "R": 0.455,
        "S": 3.725,
        "SHAPE.STLength()": 0.34036996450434687,
        "STR_DTENTRADA": "03/03/2002",
        "STR_DTPAR": "01/01/2001",
        "STR_DTPREVISTA": "31/12/2001",
        "TPCPR_ID": null,
        "TPEQP_ID": "LTR",
        "VAL_CAPACOPERCOMFATORCD": 748,
        "VAL_CAPACOPERLD": 527,
        "VAL_CAPACOPERSEMFATORCD": 748,
        "VAL_CORRPROJETOLD": 527,
        "VAL_FATORLIMITANTECD": "",
        "VAL_FATORLIMITANTELD": "",
        "VN": 230,
        "X": 2.08
      },
      "type": "Feature"
    },
    {
      "geometry": {
        "coordinates": [
          [
            -57.000613,
            -29.764789
          ],
          [
            -57.003276,
            -29.8066
          ]
        ],
        "type": "LineString"
      },
      "properties": {
        "AGE_NOME": "CPFL TRANSMISSAO S.A.                                          ",
        "DTENTRADA": 958521600000,
        "DTPAR": null,
        "DTPREVISTA": null,
        "EQP_ID": "RSURU52UTUR1        ",
        "EXT": 5.12,
        "INS_ID": "RSURU5",
        "NOMELONGO": "LT  230 kV URUGUAIANA5          / U.URUGUAIANA         C 1  RS          ",
        "NOMEREDE": "BASICA         ",
        "NUMDOC": null,
        "OBJECTID": 1692,
        "R": 0.085,
        "S": 0.864,
        "SHAPE.STLength()": 0.041895560115174084,
        "STR_DTENTRADA": "17/05/2000",
        "STR_DTPAR": null,
        "STR_DTPREVISTA": null,
        "TPCPR_ID": null,
        "TPEQP_ID": "LTR",
        "VAL_CAPACOPERCOMFATORCD": 889,
        "VAL_CAPACOPERLD": 889,
        "VAL_CAPACOPERSEMFATORCD": 889,
        "VAL_CORRPROJETOLD": 889,
        "VAL_FATORLIMITANTECD": "",
        "VAL_FATORLIMITANTELD": "",
        "VN": 230,
        "X": 0.477
      },
      "type": "Feature"
    },
    {
      "geometry": {
        "coordinates": [
          [
            -51.324911,
            -29.218712
          ],
          [
            -51.382429,
            -29.224405
          ],
          [
            -51.510923,
            -29.237121
          ]
        ],
        "type": "LineString"
      },
      "properties": {
        "AGE_NOME": "CPFL TRANSMISSAO S.A.                                          ",
        "DTENTRADA": 966470400000,
        "DTPAR": null,
        "DTPREVISTA": null,
        "EQP_ID": "RSFAR-2GAR11        ",
        "EXT": 22,
        "INS_ID": "RSGAR1",
        "NOMELONGO": "LT  230 kV GARIBALDI 1          / FARROUPILHA          C 1  RS          ",
        "NOMEREDE": "BASICA         ",
        "NUMDOC": null,
        "OBJECTID": 1693,
        "R": 0.423,
        "S": 3.59,
        "SHAPE.STLength()": 0.18692115687849326,
        "STR_DTENTRADA": "17/08/2000",
        "STR_DTPAR": null,
        "STR_DTPREVISTA": null,
        "TPCPR_ID": null,
        "TPEQP_ID": "LTR",
        "VAL_CAPACOPERCOMFATORCD": 966,
        "VAL_CAPACOPERLD": 826,
        "VAL_CAPACOPERSEMFATORCD": 966,
        "VAL_CORRPROJETOLD": 826,
        "VAL_FATORLIMITANTECD": "",
        "VAL_FATORLIMITANTELD": "",
        "VN": 230,
        "X": 2.115
      },
      "type": "Feature"
    },
    {
      "geometry": {
        "coordinates": [
          [
            -51.324911,
            -29.218712
          ],
          [
            -51.382429,
            -29.224405
          ],
          [
            -51.510923,
            -29.237121
          ]
        ],
        "type": "LineString"
      },
      "properties": {
        "AGE_NOME": "CPFL TRANSMISSAO S.A.                                          ",
        "DTENTRADA": 966470400000,
        "DTPAR": null,
        "DTPREVISTA": null,
        "EQP_ID": "RSFAR-2GAR11        ",
        "EXT": 22,
        "INS_ID": "RSGAR1",
        "NOMELONGO": "LT  230 kV GARIBALDI 1          / FARROUPILHA          C 1  RS          ",
        "NOMEREDE": "BASICA         ",
        "NUMDOC": null,
        "OBJECTID": 1694,
        "R": 0.423,
        "S": 3.59,
        "SHAPE.STLength()": 0.18692115687849326,
        "STR_DTENTRADA": "17/08/2000",
        "STR_DTPAR": null,
        "STR_DTPREVISTA": null,
        "TPCPR_ID": null,
        "TPEQP_ID": "LTR",
        "VAL_CAPACOPERCOMFATORCD": 966,
        "VAL_CAPACOPERLD": 826,
        "VAL_CAPACOPERSEMFATORCD": 966,
        "VAL_CORRPROJETOLD": 826,
        "VAL_FATORLIMITANTECD": "",
        "VAL_FATORLIMITANTELD": "",
        "VN": 230,
        "X": 2.115
      },
      "type": "Feature"
    },
    {
      "geometry": {
        "coordinates": [
          [
            -54.456661,
            -27.876699
          ],
          [
            -54.337896,
            -28.239008
          ],
          [
            -54.325562,
            -28.276634
          ]
        ],
        "type": "LineString"
      },
      "properties": {
        "AGE_NOME": "CPFL TRANSMISSAO S.A.                                          ",
        "DTENTRADA": 946512000000,
        "DTPAR": null,
        "DTPREVISTA": null,
        "EQP_ID": "RSSTA-2SRO-1        ",
        "EXT": 50,
        "INS_ID": "RSSTA ",
        "NOMELONGO": "LT  230 kV SANTO ANGELO         / SANTA ROSA 1         C 1  RS          ",
        "NOMEREDE": "BASICA         ",
        "NUMDOC": null,
        "OBJECTID": 1695,
        "R": 0.898,
        "S": 8.553,
        "SHAPE.STLength()": 0.42087393162381204,
        "STR_DTENTRADA": "30/12/1999",
        "STR_DTPAR": null,
        "STR_DTPREVISTA": null,
        "TPCPR_ID": null,
        "TPEQP_ID": "LTR",
        "VAL_CAPACOPERCOMFATORCD": 966,
        "VAL_CAPACOPERLD": 826,
        "VAL_CAPACOPERSEMFATORCD": 966,
        "VAL_CORRPROJETOLD": 826,
        "VAL_FATORLIMITANTECD": "",
        "VAL_FATORLIMITANTELD": "",
        "VN": 230,
        "X": 4.91
      },
      "type": "Feature"
    },
    {
      "geometry": {
        "coordinates": [
          [
            -54.456661,
            -27.876699
          ],
          [
            -54.337896,
            -28.239008
          ],
          [
            -54.325562,
            -28.276634
          ]
        ],
        "type": "LineString"
      },
      "properties": {
        "AGE_NOME": "CPFL TRANSMISSAO S.A.                                          ",
        "DTENTRADA": 946512000000,
        "DTPAR": null,
        "DTPREVISTA": null,
        "EQP_ID": "RSSTA-2SRO-1        ",
        "EXT": 50,
        "INS_ID": "RSSTA ",
        "NOMELONGO": "LT  230 kV SANTO ANGELO         / SANTA ROSA 1         C 1  RS          ",
        "NOMEREDE": "BASICA         ",
        "NUMDOC": null,
        "OBJECTID": 1696,
        "R": 0.898,
        "S": 8.553,
        "SHAPE.STLength()": 0.42087393162381204,
        "STR_DTENTRADA": "30/12/1999",
        "STR_DTPAR": null,
        "STR_DTPREVISTA": null,
        "TPCPR_ID": null,
        "TPEQP_ID": "LTR",
        "VAL_CAPACOPERCOMFATORCD": 966,
        "VAL_CAPACOPERLD": 826,
        "VAL_CAPACOPERSEMFATORCD": 966,
        "VAL_CORRPROJETOLD": 826,
        "VAL_FATORLIMITANTECD": "",
        "VAL_FATORLIMITANTELD": "",
        "VN": 230,
        "X": 4.91
      },
      "type": "Feature"
    },
    {
      "geometry": {
        "coordinates": [
          [
            -51.389062,
            -29.868957
          ],
          [
            -51.391562,
            -29.868434
          ],
          [
            -51.39912,
            -29.866856
          ],
          [
            -51.417212,
            -29.863078
          ],
          [
            -51.436552,
            -29.859039
          ],
          [
            -51.501449,
            -29.845487
          ],
          [
            -51.502604,
            -29.845246
          ],
          [
            -52.187483,
            -29.702224
          ],
          [
            -52.696576,
            -29.486535
          ],
          [
            -52.726806,
            -29.473727
          ],
          [
            -53.232963,
            -29.259281
          ]
        ],
        "type": "LineString"
      },
      "properties": {
        "AGE_NOME": "CPFL TRANSMISSAO S.A.                                          ",
        "DTENTRADA": 662601600000,
        "DTPAR": null,
        "DTPREVISTA": null,
        "EQP_ID": "RSUITA2PPE-1        ",
        "EXT": 196.86,
        "INS_ID": "RSUITA",
        "NOMELONGO": "LT  230 kV ITAUBA               / P.PETROQUIMIC        C 1  RS          ",
        "NOMEREDE": "BASICA         ",
        "NUMDOC": null,
        "OBJECTID": 1697,
        "R": 3.37,
        "S": 33.92,
        "SHAPE.STLength()": 1.9510858250488627,
        "STR_DTENTRADA": "31/12/1990",
        "STR_DTPAR": null,
        "STR_DTPREVISTA": null,
        "TPCPR_ID": null,
        "TPEQP_ID": "LTR",
        "VAL_CAPACOPERCOMFATORCD": 919,
        "VAL_CAPACOPERLD": 729,
        "VAL_CAPACOPERSEMFATORCD": 919,
        "VAL_CORRPROJETOLD": 729,
        "VAL_FATORLIMITANTECD": "",
        "VAL_FATORLIMITANTELD": "",
        "VN": 230,
        "X": 18.62
      },
      "type": "Feature"
    },
    {
      "geometry": {
        "coordinates": [
          [
            -55.723638,
            -29.776722
          ],
          [
            -55.76408,
            -29.753192
          ],
          [
            -55.951773,
            -29.754816
          ],
          [
            -56.999523,
            -29.76388
          ]
        ],
        "type": "LineString"
      },
      "properties": {
        "AGE_NOME": "CPFL TRANSMISSAO S.A.                                          ",
        "DTENTRADA": 958521600000,
        "DTPAR": null,
        "DTPREVISTA": null,
        "EQP_ID": "RSALE22UTUR1        ",
        "EXT": 129.73,
        "INS_ID": "RSALE2",
        "NOMELONGO": "LT  230 kV ALEGRETE2            / U.URUGUAIANA         C 1  RS          ",
        "NOMEREDE": "BASICA         ",
        "NUMDOC": null,
        "OBJECTID": 1698,
        "R": 1.244,
        "S": 45.67,
        "SHAPE.STLength()": 1.2822780521174737,
        "STR_DTENTRADA": "17/05/2000",
        "STR_DTPAR": null,
        "STR_DTPREVISTA": null,
        "TPCPR_ID": null,
        "TPEQP_ID": "LTR",
        "VAL_CAPACOPERCOMFATORCD": 1350,
        "VAL_CAPACOPERLD": 1350,
        "VAL_CAPACOPERSEMFATORCD": 1350,
        "VAL_CORRPROJETOLD": 1350,
        "VAL_FATORLIMITANTECD": "",
        "VAL_FATORLIMITANTELD": "",
        "VN": 230,
        "X": 6.005
      },
      "type": "Feature"
    },
    {
      "geometry": {
        "coordinates": [
          [
            -55.723526,
            -29.777844
          ],
          [
            -55.787504,
            -29.831049
          ],
          [
            -55.93747,
            -29.831037
          ],
          [
            -56.937767,
            -29.830957
          ],
          [
            -57.002377,
            -29.807842
          ]
        ],
        "type": "LineString"
      },
      "properties": {
        "AGE_NOME": "CPFL TRANSMISSAO S.A.                                          ",
        "DTENTRADA": 662601600000,
        "DTPAR": null,
        "DTPREVISTA": null,
        "EQP_ID": "RSALE22URU51        ",
        "EXT": 127.13,
        "INS_ID": "RSALE2",
        "NOMELONGO": "LT  230 kV ALEGRETE2            / URUGUAIANA5          C 1  RS          ",
        "NOMEREDE": "BASICA         ",
        "NUMDOC": null,
        "OBJECTID": 1699,
        "R": 2.43,
        "S": 22.74,
        "SHAPE.STLength()": 1.3020936207415652,
        "STR_DTENTRADA": "31/12/1990",
        "STR_DTPAR": null,
        "STR_DTPREVISTA": null,
        "TPCPR_ID": null,
        "TPEQP_ID": "LTR",
        "VAL_CAPACOPERCOMFATORCD": 856,
        "VAL_CAPACOPERLD": 679,
        "VAL_CAPACOPERSEMFATORCD": 856,
        "VAL_CORRPROJETOLD": 679,
        "VAL_FATORLIMITANTECD": null,
        "VAL_FATORLIMITANTELD": null,
        "VN": 230,
        "X": 12.15
      },
      "type": "Feature"
    },
    {
      "geometry": {
        "coordinates": [
          [
            -52.267564,
            -32.074425
          ],
          [
            -52.325317,
            -31.930445
          ],
          [
            -52.326245,
            -31.928131
          ],
          [
            -52.406602,
            -31.727797
          ]
        ],
        "type": "LineString"
      },
      "properties": {
        "AGE_NOME": "CPFL TRANSMISSAO S.A.                                          ",
        "DTENTRADA": 1012089600000,
        "DTPAR": null,
        "DTPREVISTA": null,
        "EQP_ID": "RSPEL32QUI-1        ",
        "EXT": 43.86,
        "INS_ID": "RSPEL3",
        "NOMELONGO": "LT  230 kV PELOTAS3             / QUINTA               C 1  RS          ",
        "NOMEREDE": "BASICA         ",
        "NUMDOC": null,
        "OBJECTID": 1700,
        "R": 0.835,
        "S": 7.5,
        "SHAPE.STLength()": 0.37347382072307755,
        "STR_DTENTRADA": "27/01/2002",
        "STR_DTPAR": null,
        "STR_DTPREVISTA": null,
        "TPCPR_ID": null,
        "TPEQP_ID": "LTR",
        "VAL_CAPACOPERCOMFATORCD": 856,
        "VAL_CAPACOPERLD": 679,
        "VAL_CAPACOPERSEMFATORCD": 856,
        "VAL_CORRPROJETOLD": 679,
        "VAL_FATORLIMITANTECD": "",
        "VAL_FATORLIMITANTELD": "",
        "VN": 230,
        "X": 4.155
      },
      "type": "Feature"
    },
    {
      "geometry": {
        "coordinates": [
          [
            -55.542371,
            -30.860497
          ],
          [
            -55.562055,
            -30.742301
          ],
          [
            -55.572916,
            -30.677082
          ],
          [
            -55.722629,
            -29.778115
          ]
        ],
        "type": "LineString"
      },
      "properties": {
        "AGE_NOME": "CPFL TRANSMISSAO S.A.                                          ",
        "DTENTRADA": 1038182400000,
        "DTPAR": null,
        "DTPREVISTA": null,
        "EQP_ID": "RSALE22LIV21        ",
        "EXT": 128.29,
        "INS_ID": "RSALE2",
        "NOMELONGO": "LT  230 kV ALEGRETE2            / LIVRAMENTO 2         C 1  RS          ",
        "NOMEREDE": "BASICA         ",
        "NUMDOC": null,
        "OBJECTID": 1701,
        "R": 2.45,
        "S": 21.9,
        "SHAPE.STLength()": 1.0972896966801364,
        "STR_DTENTRADA": "25/11/2002",
        "STR_DTPAR": null,
        "STR_DTPREVISTA": null,
        "TPCPR_ID": null,
        "TPEQP_ID": "LTR",
        "VAL_CAPACOPERCOMFATORCD": 856,
        "VAL_CAPACOPERLD": 679,
        "VAL_CAPACOPERSEMFATORCD": 856,
        "VAL_CORRPROJETOLD": 679,
        "VAL_FATORLIMITANTECD": "",
        "VAL_FATORLIMITANTELD": "",
        "VN": 230,
        "X": 12.24
      },
      "type": "Feature"
    },
    {
      "geometry": {
        "coordinates": [
          [
            -48.691514,
            -27.642234
          ],
          [
            -48.698544,
            -27.64436
          ],
          [
            -48.711549,
            -27.648293
          ],
          [
            -48.833622,
            -27.634594
          ],
          [
            -49.004049,
            -27.615468
          ],
          [
            -48.992774,
            -27.889216
          ],
          [
            -48.969775,
            -28.44761
          ],
          [
            -48.969857,
            -28.447995
          ]
        ],
        "type": "LineString"
      },
      "properties": {
        "AGE_NOME": "COMPANHIA DE GERA\u00c7\u00c3O E TRANSMISS\u00c3O DE ENERGIA EL\u00c9TRICA DO SUL D",
        "DTENTRADA": 1125273600000,
        "DTPAR": 1046390400000,
        "DTPREVISTA": 1130716800000,
        "EQP_ID": "SCPAL-2JLB-2        ",
        "EXT": 120.6,
        "INS_ID": "SCJLB ",
        "NOMELONGO": "LT  230 kV J.LACERDA-B          / PALHOCA  ESU         C 1  SC          ",
        "NOMEREDE": "BASICA         ",
        "NUMDOC": "003       ",
        "OBJECTID": 1716,
        "R": 2.403,
        "S": 20.281,
        "SHAPE.STLength()": 1.1540322042805347,
        "STR_DTENTRADA": "29/08/2005",
        "STR_DTPAR": "28/02/2003",
        "STR_DTPREVISTA": "31/10/2005",
        "TPCPR_ID": null,
        "TPEQP_ID": "LTR",
        "VAL_CAPACOPERCOMFATORCD": 767,
        "VAL_CAPACOPERLD": 609,
        "VAL_CAPACOPERSEMFATORCD": 767,
        "VAL_CORRPROJETOLD": 609,
        "VAL_FATORLIMITANTECD": "",
        "VAL_FATORLIMITANTELD": "",
        "VN": 230,
        "X": 11.617
      },
      "type": "Feature"
    },
    {
      "geometry": {
        "coordinates": [
          [
            -48.970739,
            -28.456439
          ],
          [
            -49.015442,
            -28.475306
          ],
          [
            -49.348295,
            -28.59058
          ],
          [
            -49.410666,
            -28.601765
          ]
        ],
        "type": "LineString"
      },
      "properties": {
        "AGE_NOME": "COMPANHIA DE GERA\u00c7\u00c3O E TRANSMISS\u00c3O DE ENERGIA EL\u00c9TRICA DO SUL D",
        "DTENTRADA": 662601600000,
        "DTPAR": null,
        "DTPREVISTA": null,
        "EQP_ID": "SCSID-2JLB-2        ",
        "EXT": 47.3,
        "INS_ID": "SCJLB ",
        "NOMELONGO": "LT  230 kV J.LACERDA-B          / SIDEROPOL.ESU        C 2  SC          ",
        "NOMEREDE": "BASICA         ",
        "NUMDOC": null,
        "OBJECTID": 1733,
        "R": 0.935,
        "S": 8.004,
        "SHAPE.STLength()": 0.4641353202503617,
        "STR_DTENTRADA": "31/12/1990",
        "STR_DTPAR": null,
        "STR_DTPREVISTA": null,
        "TPCPR_ID": null,
        "TPEQP_ID": "LTR",
        "VAL_CAPACOPERCOMFATORCD": 767,
        "VAL_CAPACOPERLD": 609,
        "VAL_CAPACOPERSEMFATORCD": 767,
        "VAL_CORRPROJETOLD": 609,
        "VAL_FATORLIMITANTECD": "",
        "VAL_FATORLIMITANTELD": "",
        "VN": 230,
        "X": 4.556
      },
      "type": "Feature"
    },
    {
      "geometry": {
        "coordinates": [
          [
            -48.970742,
            -28.456018
          ],
          [
            -49.021988,
            -28.456407
          ],
          [
            -49.35484,
            -28.571681
          ],
          [
            -49.410792,
            -28.601479
          ]
        ],
        "type": "LineString"
      },
      "properties": {
        "AGE_NOME": "COMPANHIA DE GERA\u00c7\u00c3O E TRANSMISS\u00c3O DE ENERGIA EL\u00c9TRICA DO SUL D",
        "DTENTRADA": 662601600000,
        "DTPAR": null,
        "DTPREVISTA": null,
        "EQP_ID": "SCSID-2JLB-1        ",
        "EXT": 49.4,
        "INS_ID": "SCJLB ",
        "NOMELONGO": "LT  230 kV J.LACERDA-B          / SIDEROPOL.ESU        C 1  SC          ",
        "NOMEREDE": "BASICA         ",
        "NUMDOC": null,
        "OBJECTID": 1734,
        "R": 0.94,
        "S": 8.349,
        "SHAPE.STLength()": 0.46688684981639544,
        "STR_DTENTRADA": "31/12/1990",
        "STR_DTPAR": null,
        "STR_DTPREVISTA": null,
        "TPCPR_ID": null,
        "TPEQP_ID": "LTR",
        "VAL_CAPACOPERCOMFATORCD": 767,
        "VAL_CAPACOPERLD": 609,
        "VAL_CAPACOPERSEMFATORCD": 767,
        "VAL_CORRPROJETOLD": 609,
        "VAL_FATORLIMITANTECD": "",
        "VAL_FATORLIMITANTELD": "",
        "VN": 230,
        "X": 4.842
      },
      "type": "Feature"
    },
    {
      "geometry": {
        "coordinates": [
          [
            -49.079607,
            -26.779884
          ],
          [
            -49.052356,
            -26.752604
          ],
          [
            -49.037175,
            -26.737406
          ],
          [
            -49.03048,
            -26.730704
          ],
          [
            -48.977531,
            -26.580604
          ],
          [
            -48.955846,
            -26.519132
          ],
          [
            -48.949001,
            -26.499726
          ],
          [
            -48.945722,
            -26.490431
          ],
          [
            -48.931758,
            -26.450847
          ],
          [
            -48.928816,
            -26.442507
          ],
          [
            -48.916368,
            -26.407218
          ],
          [
            -48.911624,
            -26.393769
          ],
          [
            -48.906833,
            -26.380188
          ],
          [
            -48.903706,
            -26.371323
          ],
          [
            -48.897432,
            -26.353538
          ],
          [
            -48.893143,
            -26.34138
          ],
          [
            -48.886784,
            -26.29284
          ]
        ],
        "type": "LineString"
      },
      "properties": {
        "AGE_NOME": "COMPANHIA DE GERA\u00c7\u00c3O E TRANSMISS\u00c3O DE ENERGIA EL\u00c9TRICA DO SUL D",
        "DTENTRADA": 662601600000,
        "DTPAR": null,
        "DTPREVISTA": null,
        "EQP_ID": "SCBLU-2JOI-1        ",
        "EXT": 67,
        "INS_ID": "SCBLU ",
        "NOMELONGO": "LT  230 kV BLUMENAU             / JOINVILLE            C 1  SC          ",
        "NOMEREDE": "BASICA         ",
        "NUMDOC": null,
        "OBJECTID": 1736,
        "R": 1.271,
        "S": 11.305,
        "SHAPE.STLength()": 0.5313054253443751,
        "STR_DTENTRADA": "31/12/1990",
        "STR_DTPAR": null,
        "STR_DTPREVISTA": null,
        "TPCPR_ID": null,
        "TPEQP_ID": "LTR",
        "VAL_CAPACOPERCOMFATORCD": 767,
        "VAL_CAPACOPERLD": 609,
        "VAL_CAPACOPERSEMFATORCD": 767,
        "VAL_CORRPROJETOLD": 609,
        "VAL_FATORLIMITANTECD": "",
        "VAL_FATORLIMITANTELD": "",
        "VN": 230,
        "X": 6.562
      },
      "type": "Feature"
    },
    {
      "geometry": {
        "coordinates": [
          [
            -49.080095,
            -26.781442
          ],
          [
            -49.078563,
            -26.788869
          ],
          [
            -49.07656,
            -26.797117
          ],
          [
            -49.074271,
            -26.805291
          ],
          [
            -49.071699,
            -26.81338
          ],
          [
            -49.068846,
            -26.821374
          ],
          [
            -49.065718,
            -26.829265
          ],
          [
            -49.062316,
            -26.837041
          ],
          [
            -49.058646,
            -26.844695
          ],
          [
            -49.054712,
            -26.852217
          ],
          [
            -49.050519,
            -26.859596
          ],
          [
            -49.046071,
            -26.866826
          ],
          [
            -49.044074,
            -26.869833
          ],
          [
            -49.042214,
            -26.872632
          ],
          [
            -49.042062,
            -26.872861
          ],
          [
            -49.041374,
            -26.873896
          ],
          [
            -49.040999,
            -26.874421
          ],
          [
            -49.039304,
            -26.876789
          ],
          [
            -49.036434,
            -26.880799
          ],
          [
            -49.036362,
            -26.880893
          ],
          [
            -49.035698,
            -26.881755
          ],
          [
            -49.031257,
            -26.887525
          ],
          [
            -49.029002,
            -26.890253
          ],
          [
            -49.025849,
            -26.894067
          ],
          [
            -49.020216,
            -26.900417
          ],
          [
            -49.014366,
            -26.906567
          ],
          [
            -49.008306,
            -26.91251
          ],
          [
            -49.002042,
            -26.918238
          ],
          [
            -48.995582,
            -26.923745
          ],
          [
            -48.988935,
            -26.929024
          ],
          [
            -48.982108,
            -26.934068
          ],
          [
            -48.97511,
            -26.938871
          ],
          [
            -48.968019,
            -26.943384
          ],
          [
            -48.967949,
            -26.943428
          ],
          [
            -48.960634,
            -26.947733
          ],
          [
            -48.953173,
            -26.951781
          ],
          [
            -48.945576,
            -26.955566
          ],
          [
            -48.937851,
            -26.959085
          ],
          [
            -48.930009,
            -26.962333
          ],
          [
            -48.922059,
            -26.965306
          ],
          [
            -48.91401,
            -26.968
          ],
          [
            -48.905872,
            -26.970413
          ],
          [
            -48.897655,
            -26.972541
          ],
          [
            -48.889368,
            -26.974382
          ],
          [
            -48.881023,
            -26.975933
          ],
          [
            -48.872629,
            -26.977193
          ],
          [
            -48.864196,
            -26.97816
          ],
          [
            -48.855735,
            -26.978833
          ],
          [
            -48.847255,
            -26.979211
          ],
          [
            -48.838768,
            -26.979294
          ],
          [
            -48.830282,
            -26.979081
          ],
          [
            -48.821809,
            -26.978573
          ],
          [
            -48.813359,
            -26.97777
          ],
          [
            -48.804942,
            -26.976674
          ],
          [
            -48.796568,
            -26.975285
          ],
          [
            -48.788248,
            -26.973606
          ],
          [
            -48.780973,
            -26.971896
          ]
        ],
        "type": "LineString"
      },
      "properties": {
        "AGE_NOME": "COMPANHIA DE GERA\u00c7\u00c3O E TRANSMISS\u00c3O DE ENERGIA EL\u00c9TRICA DO SUL D",
        "DTENTRADA": 1010880000000,
        "DTPAR": 980899200000,
        "DTPREVISTA": 1226707200000,
        "EQP_ID": "SCBLU-2ITJ-1        ",
        "EXT": 36,
        "INS_ID": "SCBLU ",
        "NOMELONGO": "LT  230 kV BLUMENAU             / ITAJAI               C 1  SC          ",
        "NOMEREDE": "BASICA         ",
        "NUMDOC": "013       ",
        "OBJECTID": 1737,
        "R": 0.6,
        "S": 8.326,
        "SHAPE.STLength()": 0.39702063989350617,
        "STR_DTENTRADA": "13/01/2002",
        "STR_DTPAR": "31/01/2001",
        "STR_DTPREVISTA": "15/11/2008",
        "TPCPR_ID": null,
        "TPEQP_ID": "LTR",
        "VAL_CAPACOPERCOMFATORCD": 878,
        "VAL_CAPACOPERLD": 878,
        "VAL_CAPACOPERSEMFATORCD": 878,
        "VAL_CORRPROJETOLD": 878,
        "VAL_FATORLIMITANTECD": "",
        "VAL_FATORLIMITANTELD": "",
        "VN": 230,
        "X": 2.84
      },
      "type": "Feature"
    },
    {
      "geometry": {
        "coordinates": [
          [
            -49.079962,
            -26.781412
          ],
          [
            -49.076873,
            -26.78979
          ],
          [
            -49.073155,
            -26.798902
          ],
          [
            -49.069126,
            -26.807881
          ],
          [
            -49.064793,
            -26.816718
          ],
          [
            -49.060159,
            -26.8254
          ],
          [
            -49.05523,
            -26.833919
          ],
          [
            -49.050013,
            -26.842264
          ],
          [
            -49.044513,
            -26.850425
          ],
          [
            -49.038737,
            -26.858394
          ],
          [
            -49.032691,
            -26.866159
          ],
          [
            -49.027803,
            -26.872012
          ],
          [
            -49.027196,
            -26.87274
          ],
          [
            -49.027147,
            -26.872797
          ],
          [
            -49.026822,
            -26.873187
          ],
          [
            -49.026382,
            -26.873713
          ],
          [
            -49.026337,
            -26.873764
          ],
          [
            -49.025493,
            -26.874707
          ],
          [
            -49.025319,
            -26.874902
          ],
          [
            -49.023667,
            -26.876747
          ],
          [
            -49.019819,
            -26.881047
          ],
          [
            -49.013008,
            -26.888151
          ],
          [
            -49.005958,
            -26.895018
          ],
          [
            -48.998677,
            -26.90164
          ],
          [
            -48.991174,
            -26.908008
          ],
          [
            -48.983456,
            -26.914116
          ],
          [
            -48.975534,
            -26.919955
          ],
          [
            -48.972221,
            -26.922227
          ],
          [
            -48.967417,
            -26.92552
          ],
          [
            -48.959114,
            -26.930804
          ],
          [
            -48.950634,
            -26.9358
          ],
          [
            -48.941989,
            -26.940503
          ],
          [
            -48.933188,
            -26.944907
          ],
          [
            -48.924241,
            -26.949007
          ],
          [
            -48.915158,
            -26.952798
          ],
          [
            -48.905952,
            -26.956275
          ],
          [
            -48.896631,
            -26.959436
          ],
          [
            -48.887208,
            -26.962275
          ],
          [
            -48.877693,
            -26.96479
          ],
          [
            -48.868097,
            -26.966977
          ],
          [
            -48.858432,
            -26.968835
          ],
          [
            -48.84871,
            -26.97036
          ],
          [
            -48.83894,
            -26.971552
          ],
          [
            -48.829136,
            -26.972408
          ],
          [
            -48.819308,
            -26.972928
          ],
          [
            -48.809468,
            -26.973111
          ],
          [
            -48.799627,
            -26.972957
          ],
          [
            -48.789798,
            -26.972466
          ],
          [
            -48.781002,
            -26.971749
          ]
        ],
        "type": "LineString"
      },
      "properties": {
        "AGE_NOME": "COMPANHIA DE GERA\u00c7\u00c3O E TRANSMISS\u00c3O DE ENERGIA EL\u00c9TRICA DO SUL D",
        "DTENTRADA": 1016928000000,
        "DTPAR": 980899200000,
        "DTPREVISTA": 1226707200000,
        "EQP_ID": "SCBLU-2ITJ-2        ",
        "EXT": 36,
        "INS_ID": "SCBLU ",
        "NOMELONGO": "LT  230 kV BLUMENAU             / ITAJAI               C 2  SC          ",
        "NOMEREDE": "BASICA         ",
        "NUMDOC": "013       ",
        "OBJECTID": 1738,
        "R": 0.6,
        "S": 8.33,
        "SHAPE.STLength()": 0.3818969704389564,
        "STR_DTENTRADA": "24/03/2002",
        "STR_DTPAR": "31/01/2001",
        "STR_DTPREVISTA": "15/11/2008",
        "TPCPR_ID": null,
        "TPEQP_ID": "LTR",
        "VAL_CAPACOPERCOMFATORCD": 878,
        "VAL_CAPACOPERLD": 878,
        "VAL_CAPACOPERSEMFATORCD": 878,
        "VAL_CORRPROJETOLD": 878,
        "VAL_FATORLIMITANTECD": "",
        "VAL_FATORLIMITANTELD": "",
        "VN": 230,
        "X": 2.841
      },
      "type": "Feature"
    },
    {
      "geometry": {
        "coordinates": [
          [
            -52.717498,
            -27.482304
          ],
          [
            -52.704311,
            -27.464535
          ],
          [
            -52.67748,
            -27.413516
          ],
          [
            -52.649057,
            -27.359469
          ],
          [
            -52.649057,
            -27.359469
          ],
          [
            -52.533041,
            -27.138867
          ],
          [
            -52.516443,
            -27.107307
          ],
          [
            -52.446147,
            -26.973639
          ],
          [
            -52.421597,
            -26.926958
          ],
          [
            -52.40598,
            -26.897263
          ],
          [
            -52.393369,
            -26.862802
          ]
        ],
        "type": "LineString"
      },
      "properties": {
        "AGE_NOME": "COMPANHIA DE GERA\u00c7\u00c3O E TRANSMISS\u00c3O DE ENERGIA EL\u00c9TRICA DO SUL D",
        "DTENTRADA": 662601600000,
        "DTPAR": null,
        "DTPREVISTA": null,
        "EQP_ID": "RSPFU-2XAN-2SC      ",
        "EXT": 79.2,
        "INS_ID": "RSPFU ",
        "NOMELONGO": "LT  230 kV PASSO FUNDO          / XANXERE ESU          C 2  RS/SC       ",
        "NOMEREDE": "BASICA         ",
        "NUMDOC": null,
        "OBJECTID": 1746,
        "R": 1.584,
        "S": 13.496,
        "SHAPE.STLength()": 0.6997599391555631,
        "STR_DTENTRADA": "31/12/1990",
        "STR_DTPAR": null,
        "STR_DTPREVISTA": null,
        "TPCPR_ID": null,
        "TPEQP_ID": "LTR",
        "VAL_CAPACOPERCOMFATORCD": 819,
        "VAL_CAPACOPERLD": 650,
        "VAL_CAPACOPERSEMFATORCD": 819,
        "VAL_CORRPROJETOLD": 650,
        "VAL_FATORLIMITANTECD": "",
        "VAL_FATORLIMITANTELD": "",
        "VN": 230,
        "X": 7.762
      },
      "type": "Feature"
    },
    {
      "geometry": {
        "coordinates": [
          [
            -52.393596,
            -26.862705
          ],
          [
            -52.414831,
            -26.892608
          ],
          [
            -52.423855,
            -26.909768
          ],
          [
            -52.448407,
            -26.956453
          ],
          [
            -52.524541,
            -27.101221
          ],
          [
            -52.541183,
            -27.132865
          ],
          [
            -52.66464,
            -27.367616
          ],
          [
            -52.66464,
            -27.367616
          ],
          [
            -52.69308,
            -27.421695
          ],
          [
            -52.714169,
            -27.461794
          ],
          [
            -52.717893,
            -27.482166
          ]
        ],
        "type": "LineString"
      },
      "properties": {
        "AGE_NOME": "COMPANHIA DE GERA\u00c7\u00c3O E TRANSMISS\u00c3O DE ENERGIA EL\u00c9TRICA DO SUL D",
        "DTENTRADA": 662601600000,
        "DTPAR": null,
        "DTPREVISTA": null,
        "EQP_ID": "RSPFU-2XAN-1SC      ",
        "EXT": 79.3,
        "INS_ID": "RSPFU ",
        "NOMELONGO": "LT  230 kV PASSO FUNDO          / XANXERE ESU          C 1  RS/SC       ",
        "NOMEREDE": "BASICA         ",
        "NUMDOC": null,
        "OBJECTID": 1747,
        "R": 1.593,
        "S": 13.517,
        "SHAPE.STLength()": 0.7004835117103729,
        "STR_DTENTRADA": "31/12/1990",
        "STR_DTPAR": null,
        "STR_DTPREVISTA": null,
        "TPCPR_ID": null,
        "TPEQP_ID": "LTR",
        "VAL_CAPACOPERCOMFATORCD": 819,
        "VAL_CAPACOPERLD": 650,
        "VAL_CAPACOPERSEMFATORCD": 819,
        "VAL_CORRPROJETOLD": 650,
        "VAL_FATORLIMITANTECD": "",
        "VAL_FATORLIMITANTELD": "",
        "VN": 230,
        "X": 7.758
      },
      "type": "Feature"
    },
    {
      "geometry": {
        "coordinates": [
          [
            -51.807615,
            -30.809665
          ],
          [
            -51.805088,
            -30.810114
          ],
          [
            -51.761111,
            -30.81793
          ],
          [
            -51.779077,
            -30.848885
          ],
          [
            -51.837034,
            -30.929937
          ],
          [
            -52.406394,
            -31.726175
          ]
        ],
        "type": "LineString"
      },
      "properties": {
        "AGE_NOME": "CPFL TRANSMISSAO S.A.                                          ",
        "DTENTRADA": 1417910400000,
        "DTPAR": 1306800000000,
        "DTPREVISTA": 1419897600000,
        "EQP_ID": "RSCAM32PEL31        ",
        "EXT": 123.5,
        "INS_ID": "RSCAM3",
        "NOMELONGO": "LT  230 kV CAMAQUA 3            / PELOTAS3             C 1  RS          ",
        "NOMEREDE": "BASICA         ",
        "NUMDOC": "006/2011  ",
        "OBJECTID": 1771,
        "R": 2.46,
        "S": 21.521,
        "SHAPE.STLength()": 1.161524625698197,
        "STR_DTENTRADA": "07/12/2014",
        "STR_DTPAR": "31/05/2011",
        "STR_DTPREVISTA": "30/12/2014",
        "TPCPR_ID": null,
        "TPEQP_ID": "LTR",
        "VAL_CAPACOPERCOMFATORCD": 856,
        "VAL_CAPACOPERLD": 679,
        "VAL_CAPACOPERSEMFATORCD": 856,
        "VAL_CORRPROJETOLD": 679,
        "VAL_FATORLIMITANTECD": "",
        "VAL_FATORLIMITANTELD": "",
        "VN": 230,
        "X": 11.74
      },
      "type": "Feature"
    },
    {
      "geometry": {
        "coordinates": [
          [
            -54.695389,
            -29.694703
          ],
          [
            -54.693312,
            -29.698509
          ],
          [
            -53.876866,
            -29.681133
          ]
        ],
        "type": "LineString"
      },
      "properties": {
        "AGE_NOME": "CPFL TRANSMISSAO S.A.                                          ",
        "DTENTRADA": 1433635200000,
        "DTPAR": 1088553600000,
        "DTPREVISTA": 1435622400000,
        "EQP_ID": "RSSVI-2SMA31        ",
        "EXT": 82.41,
        "INS_ID": "RSSVI ",
        "NOMELONGO": "LT  230 kV S.VICENTE SUL        / SANTA MARIA 3        C 1  RS          ",
        "NOMEREDE": "BASICA         ",
        "NUMDOC": "1700/08   ",
        "OBJECTID": 1781,
        "R": 1.49,
        "S": 15.2,
        "SHAPE.STLength()": 0.820967896276607,
        "STR_DTENTRADA": "07/06/2015",
        "STR_DTPAR": "30/06/2004",
        "STR_DTPREVISTA": "30/06/2015",
        "TPCPR_ID": null,
        "TPEQP_ID": "LTR",
        "VAL_CAPACOPERCOMFATORCD": 919,
        "VAL_CAPACOPERLD": 729,
        "VAL_CAPACOPERSEMFATORCD": 919,
        "VAL_CORRPROJETOLD": 729,
        "VAL_FATORLIMITANTECD": "",
        "VAL_FATORLIMITANTELD": "",
        "VN": 230,
        "X": 8.2
      },
      "type": "Feature"
    },
    {
      "geometry": {
        "coordinates": [
          [
            -51.31622,
            -30.014393
          ],
          [
            -51.304646,
            -30.017
          ],
          [
            -51.282894,
            -30.004946
          ],
          [
            -51.212121,
            -29.965726
          ],
          [
            -51.196801,
            -29.970791
          ]
        ],
        "type": "LineString"
      },
      "properties": {
        "AGE_NOME": "CPFL TRANSMISSAO S.A.                                          ",
        "DTENTRADA": 1524873600000,
        "DTPAR": 1141084800000,
        "DTPREVISTA": 1527638400000,
        "EQP_ID": "RSELD-2PAL91        ",
        "EXT": 26.46,
        "INS_ID": "RSELD ",
        "NOMELONGO": "LT  230 kV ELDORADO SUL         / PORTO ALEGRE9        C 1  RS          ",
        "NOMEREDE": "BASICA         ",
        "NUMDOC": "1734/08   ",
        "OBJECTID": 1782,
        "R": 0.528,
        "S": 4.38,
        "SHAPE.STLength()": 0.13378201439362547,
        "STR_DTENTRADA": "28/04/2018",
        "STR_DTPAR": "28/02/2006",
        "STR_DTPREVISTA": "30/05/2018",
        "TPCPR_ID": null,
        "TPEQP_ID": "LTR",
        "VAL_CAPACOPERCOMFATORCD": 856,
        "VAL_CAPACOPERLD": 679,
        "VAL_CAPACOPERSEMFATORCD": 856,
        "VAL_CORRPROJETOLD": 679,
        "VAL_FATORLIMITANTECD": "",
        "VAL_FATORLIMITANTELD": "",
        "VN": 230,
        "X": 2.646
      },
      "type": "Feature"
    },
    {
      "geometry": {
        "coordinates": [
          [
            -51.191545,
            -29.946568
          ],
          [
            -51.196233,
            -29.942259
          ],
          [
            -51.178442,
            -29.903145
          ],
          [
            -51.177829,
            -29.89229
          ]
        ],
        "type": "LineString"
      },
      "properties": {
        "AGE_NOME": "CPFL TRANSMISSAO S.A.                                          ",
        "DTENTRADA": 1509235200000,
        "DTPAR": 1141084800000,
        "DTPREVISTA": 1506729600000,
        "EQP_ID": "RSCIN-2CNA11        ",
        "EXT": 13.66,
        "INS_ID": "RSCIN ",
        "NOMELONGO": "LT  230 kV C.INDUSTRIAL         / CANOAS 1             C 1  RS          ",
        "NOMEREDE": "BASICA         ",
        "NUMDOC": "1734/08   ",
        "OBJECTID": 1783,
        "R": 0.2351,
        "S": 2.5189,
        "SHAPE.STLength()": 0.0602101134522685,
        "STR_DTENTRADA": "29/10/2017",
        "STR_DTPAR": "28/02/2006",
        "STR_DTPREVISTA": "30/09/2017",
        "TPCPR_ID": null,
        "TPEQP_ID": "LTR",
        "VAL_CAPACOPERCOMFATORCD": 856,
        "VAL_CAPACOPERLD": 679,
        "VAL_CAPACOPERSEMFATORCD": 856,
        "VAL_CORRPROJETOLD": 679,
        "VAL_FATORLIMITANTECD": "",
        "VAL_FATORLIMITANTELD": "",
        "VN": 230,
        "X": 1.2353
      },
      "type": "Feature"
    },
    {
      "geometry": {
        "coordinates": [
          [
            -51.093255,
            -26.999961
          ],
          [
            -51.417023,
            -27.539761
          ]
        ],
        "type": "LineString"
      },
      "properties": {
        "AGE_NOME": "EVOLTZ VI - CAMPOS NOVOS TRANSMISSORADE ENERGIA S.A.           ",
        "DTENTRADA": 1246838400000,
        "DTPAR": 1194480000000,
        "DTPREVISTA": 1246752000000,
        "EQP_ID": "SCCNO-2VID-1        ",
        "EXT": 68,
        "INS_ID": "SCCNO ",
        "NOMELONGO": "LT  230 kV C.NOVOS              / VIDEIRA              C 1  SC          ",
        "NOMEREDE": "BASICA         ",
        "NUMDOC": "003/2006  ",
        "OBJECTID": 1785,
        "R": 1.406,
        "S": 12.18,
        "SHAPE.STLength()": 0.6294516134010785,
        "STR_DTENTRADA": "06/07/2009",
        "STR_DTPAR": "08/11/2007",
        "STR_DTPREVISTA": "05/07/2009",
        "TPCPR_ID": null,
        "TPEQP_ID": "LTR",
        "VAL_CAPACOPERCOMFATORCD": 841,
        "VAL_CAPACOPERLD": 647,
        "VAL_CAPACOPERSEMFATORCD": 841,
        "VAL_CORRPROJETOLD": 647,
        "VAL_FATORLIMITANTECD": "",
        "VAL_FATORLIMITANTELD": "",
        "VN": 230,
        "X": 6.469
      },
      "type": "Feature"
    },
    {
      "geometry": {
        "coordinates": [
          [
            -50.049522,
            -29.771258
          ],
          [
            -50.308281,
            -29.891982
          ],
          [
            -50.314594,
            -29.894927
          ]
        ],
        "type": "LineString"
      },
      "properties": {
        "AGE_NOME": "COMPANHIA DE GERA\u00c7\u00c3O E TRANSMISS\u00c3O DE ENERGIA EL\u00c9TRICA DO SUL D",
        "DTENTRADA": 1178409600000,
        "DTPAR": 1167523200000,
        "DTPREVISTA": 1177891200000,
        "EQP_ID": "RSATL22OSO21        ",
        "EXT": 36,
        "INS_ID": "RSATL2",
        "NOMELONGO": "LT  230 kV ATLANTIDA 2          / OSORIO 2             C 1  RS          ",
        "NOMEREDE": "BASICA         ",
        "NUMDOC": "832/07    ",
        "OBJECTID": 1786,
        "R": 0.68,
        "S": 6.514,
        "SHAPE.STLength()": 0.29250151755837883,
        "STR_DTENTRADA": "06/05/2007",
        "STR_DTPAR": "31/12/2006",
        "STR_DTPREVISTA": "30/04/2007",
        "TPCPR_ID": null,
        "TPEQP_ID": "LTR",
        "VAL_CAPACOPERCOMFATORCD": 802,
        "VAL_CAPACOPERLD": 652,
        "VAL_CAPACOPERSEMFATORCD": 802,
        "VAL_CORRPROJETOLD": 652,
        "VAL_FATORLIMITANTECD": "",
        "VAL_FATORLIMITANTELD": "",
        "VN": 230,
        "X": 3.29
      },
      "type": "Feature"
    },
    {
      "geometry": {
        "coordinates": [
          [
            -51.215823,
            -27.767167
          ],
          [
            -51.213587,
            -27.768491
          ],
          [
            -51.187197,
            -27.770401
          ],
          [
            -51.184287,
            -27.769472
          ]
        ],
        "type": "LineString"
      },
      "properties": {
        "AGE_NOME": "Baesa-Energ\u00e9tica Barra Grande S.A                              ",
        "DTENTRADA": 1146441600000,
        "DTPAR": null,
        "DTPREVISTA": 1149033600000,
        "EQP_ID": "SCUHBG2BGR-3        ",
        "EXT": 1.7,
        "INS_ID": "SCUHBG",
        "NOMELONGO": "LT  230 kV U.BARRAGRANDE        / BARRA GRANDE         C 3  SC          ",
        "NOMEREDE": "COMPLEMENTAR   ",
        "NUMDOC": null,
        "OBJECTID": 1789,
        "R": 0.002,
        "S": 0,
        "SHAPE.STLength()": 0.032113191598334256,
        "STR_DTENTRADA": "01/05/2006",
        "STR_DTPAR": null,
        "STR_DTPREVISTA": "31/05/2006",
        "TPCPR_ID": null,
        "TPEQP_ID": "LTR",
        "VAL_CAPACOPERCOMFATORCD": null,
        "VAL_CAPACOPERLD": null,
        "VAL_CAPACOPERSEMFATORCD": null,
        "VAL_CORRPROJETOLD": null,
        "VAL_FATORLIMITANTECD": null,
        "VAL_FATORLIMITANTELD": null,
        "VN": 230,
        "X": 0.01
      },
      "type": "Feature"
    },
    {
      "geometry": {
        "coordinates": [
          [
            -51.215748,
            -27.766287
          ],
          [
            -51.213213,
            -27.765238
          ],
          [
            -51.186881,
            -27.767305
          ],
          [
            -51.184206,
            -27.768709
          ]
        ],
        "type": "LineString"
      },
      "properties": {
        "AGE_NOME": "Baesa-Energ\u00e9tica Barra Grande S.A                              ",
        "DTENTRADA": 1130803200000,
        "DTPAR": null,
        "DTPREVISTA": 1130716800000,
        "EQP_ID": "SCUHBG2BGR-1        ",
        "EXT": 1.7,
        "INS_ID": "SCUHBG",
        "NOMELONGO": "LT  230 kV U.BARRAGRANDE        / BARRA GRANDE         C 1  SC          ",
        "NOMEREDE": "COMPLEMENTAR   ",
        "NUMDOC": null,
        "OBJECTID": 1790,
        "R": 0.002,
        "S": 0,
        "SHAPE.STLength()": 0.032176663497927166,
        "STR_DTENTRADA": "01/11/2005",
        "STR_DTPAR": null,
        "STR_DTPREVISTA": "31/10/2005",
        "TPCPR_ID": null,
        "TPEQP_ID": "LTR",
        "VAL_CAPACOPERCOMFATORCD": null,
        "VAL_CAPACOPERLD": null,
        "VAL_CAPACOPERSEMFATORCD": null,
        "VAL_CORRPROJETOLD": null,
        "VAL_FATORLIMITANTECD": null,
        "VAL_FATORLIMITANTELD": null,
        "VN": 230,
        "X": 0.01
      },
      "type": "Feature"
    },
    {
      "geometry": {
        "coordinates": [
          [
            -51.215657,
            -27.766743
          ],
          [
            -51.184343,
            -27.769091
          ]
        ],
        "type": "LineString"
      },
      "properties": {
        "AGE_NOME": "Baesa-Energ\u00e9tica Barra Grande S.A                              ",
        "DTENTRADA": 1138838400000,
        "DTPAR": null,
        "DTPREVISTA": 1135987200000,
        "EQP_ID": "SCUHBG2BGR-2        ",
        "EXT": 1.7,
        "INS_ID": "SCUHBG",
        "NOMELONGO": "LT  230 kV U.BARRAGRANDE        / BARRA GRANDE         C 2  SC          ",
        "NOMEREDE": "COMPLEMENTAR   ",
        "NUMDOC": null,
        "OBJECTID": 1791,
        "R": 0.002,
        "S": 0,
        "SHAPE.STLength()": 0.03140160568178088,
        "STR_DTENTRADA": "02/02/2006",
        "STR_DTPAR": null,
        "STR_DTPREVISTA": "31/12/2005",
        "TPCPR_ID": null,
        "TPEQP_ID": "LTR",
        "VAL_CAPACOPERCOMFATORCD": null,
        "VAL_CAPACOPERLD": null,
        "VAL_CAPACOPERSEMFATORCD": null,
        "VAL_CORRPROJETOLD": null,
        "VAL_FATORLIMITANTECD": null,
        "VAL_FATORLIMITANTELD": null,
        "VN": 230,
        "X": 0.01
      },
      "type": "Feature"
    },
    {
      "geometry": {
        "coordinates": [
          [
            -51.18393,
            -27.769896
          ],
          [
            -51.337981,
            -27.957888
          ],
          [
            -51.407822,
            -28.043116
          ],
          [
            -51.524402,
            -28.185381
          ]
        ],
        "type": "LineString"
      },
      "properties": {
        "AGE_NOME": "EMPRESA DE TRANSMISS\u00c3O DO ALTO DO URUGUAI S/A                  ",
        "DTENTRADA": 1127952000000,
        "DTPAR": 1072828800000,
        "DTPREVISTA": 1130716800000,
        "EQP_ID": "SCBGR-2LVE21RS      ",
        "EXT": 58.11,
        "INS_ID": "SCBGR ",
        "NOMELONGO": "LT  230 kV BARRA GRANDE         / L.VERMELHA 2         C 1  SC/RS       ",
        "NOMEREDE": "BASICA         ",
        "NUMDOC": "002/2002  ",
        "OBJECTID": 1794,
        "R": 0.67,
        "S": 10.64,
        "SHAPE.STLength()": 0.5371679049224636,
        "STR_DTENTRADA": "29/09/2005",
        "STR_DTPAR": "31/12/2003",
        "STR_DTPREVISTA": "31/10/2005",
        "TPCPR_ID": "2  ",
        "TPEQP_ID": "LTR",
        "VAL_CAPACOPERCOMFATORCD": 953,
        "VAL_CAPACOPERLD": 953,
        "VAL_CAPACOPERSEMFATORCD": 953,
        "VAL_CORRPROJETOLD": 953,
        "VAL_FATORLIMITANTECD": null,
        "VAL_FATORLIMITANTELD": null,
        "VN": 230,
        "X": 5.26
      },
      "type": "Feature"
    },
    {
      "geometry": {
        "coordinates": [
          [
            -52.867803,
            -28.674485
          ],
          [
            -52.866149,
            -28.680194
          ],
          [
            -53.188228,
            -29.016255
          ]
        ],
        "type": "LineString"
      },
      "properties": {
        "AGE_NOME": "CPFL TRANSMISSAO S.A.                                          ",
        "DTENTRADA": 1114819200000,
        "DTPAR": 1091232000000,
        "DTPREVISTA": 1225497600000,
        "EQP_ID": "RSUPRE2TPR21        ",
        "EXT": 59.2,
        "INS_ID": "RSUPRE",
        "NOMELONGO": "LT  230 kV PASSO REAL           / TAPERA 2             C 1  RS          ",
        "NOMEREDE": "BASICA         ",
        "NUMDOC": "475       ",
        "OBJECTID": 1798,
        "R": 1.397,
        "S": 10.194,
        "SHAPE.STLength()": 0.47142425414452854,
        "STR_DTENTRADA": "30/04/2005",
        "STR_DTPAR": "31/07/2004",
        "STR_DTPREVISTA": "01/11/2008",
        "TPCPR_ID": null,
        "TPEQP_ID": "LTR",
        "VAL_CAPACOPERCOMFATORCD": 639,
        "VAL_CAPACOPERLD": 450,
        "VAL_CAPACOPERSEMFATORCD": 639,
        "VAL_CORRPROJETOLD": 450,
        "VAL_FATORLIMITANTECD": "",
        "VAL_FATORLIMITANTELD": "",
        "VN": 230,
        "X": 5.143
      },
      "type": "Feature"
    },
    {
      "geometry": {
        "coordinates": [
          [
            -48.73242,
            -27.492355
          ],
          [
            -48.705065,
            -27.462209
          ],
          [
            -48.492117,
            -27.480746
          ]
        ],
        "type": "LineString"
      },
      "properties": {
        "AGE_NOME": "INTERLIGA\u00c7\u00c3O EL\u00c9TRICA BIGUA\u00c7U S.A.                             ",
        "DTENTRADA": 1661644800000,
        "DTPAR": null,
        "DTPREVISTA": 1671580800000,
        "EQP_ID": "SCBIG-2RTN-1        ",
        "EXT": 28.6,
        "INS_ID": "SCBIG ",
        "NOMELONGO": "LT  230 kV BIGUACU              / RATONES              C 1  SC          ",
        "NOMEREDE": "BASICA         ",
        "NUMDOC": "002/2018  ",
        "OBJECTID": 1845,
        "R": 0.302,
        "S": 79.2,
        "SHAPE.STLength()": 0.2544607313596562,
        "STR_DTENTRADA": "28/08/2022",
        "STR_DTPAR": null,
        "STR_DTPREVISTA": "21/12/2022",
        "TPCPR_ID": null,
        "TPEQP_ID": "LTR",
        "VAL_CAPACOPERCOMFATORCD": 1100,
        "VAL_CAPACOPERLD": 1004,
        "VAL_CAPACOPERSEMFATORCD": 1100,
        "VAL_CORRPROJETOLD": 1004,
        "VAL_FATORLIMITANTECD": "",
        "VAL_FATORLIMITANTELD": "",
        "VN": 230,
        "X": 1.389
      },
      "type": "Feature"
    },
    {
      "geometry": {
        "coordinates": [
          [
            -48.732224,
            -27.492543
          ],
          [
            -48.702341,
            -27.474153
          ],
          [
            -48.501532,
            -27.491083
          ],
          [
            -48.49179,
            -27.481501
          ]
        ],
        "type": "LineString"
      },
      "properties": {
        "AGE_NOME": "INTERLIGA\u00c7\u00c3O EL\u00c9TRICA BIGUA\u00c7U S.A.                             ",
        "DTENTRADA": 1661644800000,
        "DTPAR": null,
        "DTPREVISTA": 1671580800000,
        "EQP_ID": "SCBIG-2RTN-2        ",
        "EXT": 28.6,
        "INS_ID": "SCBIG ",
        "NOMELONGO": "LT  230 kV BIGUACU              / RATONES              C 2  SC          ",
        "NOMEREDE": "BASICA         ",
        "NUMDOC": "002/2018  ",
        "OBJECTID": 1846,
        "R": 0.302,
        "S": 79.2,
        "SHAPE.STLength()": 0.25027358224878743,
        "STR_DTENTRADA": "28/08/2022",
        "STR_DTPAR": null,
        "STR_DTPREVISTA": "21/12/2022",
        "TPCPR_ID": null,
        "TPEQP_ID": "LTR",
        "VAL_CAPACOPERCOMFATORCD": 1100,
        "VAL_CAPACOPERLD": 1004,
        "VAL_CAPACOPERSEMFATORCD": 1100,
        "VAL_CORRPROJETOLD": 1004,
        "VAL_FATORLIMITANTECD": "",
        "VAL_FATORLIMITANTELD": "",
        "VN": 230,
        "X": 1.389
      },
      "type": "Feature"
    },
    {
      "geometry": {
        "coordinates": [
          [
            -53.644875,
            -28.660657
          ],
          [
            -53.663647,
            -28.612453
          ],
          [
            -53.717969,
            -28.546347
          ],
          [
            -53.752297,
            -28.509008
          ],
          [
            -53.771102,
            -28.490624
          ],
          [
            -53.789866,
            -28.470205
          ],
          [
            -53.798282,
            -28.459952
          ],
          [
            -53.808675,
            -28.45226
          ],
          [
            -53.821359,
            -28.439853
          ],
          [
            -53.834683,
            -28.431853
          ],
          [
            -53.847031,
            -28.421036
          ],
          [
            -53.86331,
            -28.398109
          ],
          [
            -53.874485,
            -28.382368
          ],
          [
            -53.881655,
            -28.370263
          ],
          [
            -53.902359,
            -28.365344
          ]
        ],
        "type": "LineString"
      },
      "properties": {
        "AGE_NOME": "CPFL TRANSMISSAO S.A.                                          ",
        "DTENTRADA": 1670284800000,
        "DTPAR": null,
        "DTPREVISTA": 1647820800000,
        "EQP_ID": "RSCAL22IJU21        ",
        "EXT": 43.44,
        "INS_ID": "RSCAL2",
        "NOMELONGO": "LT  230 kV CRUZ ALTA 2          / IJUI 2               C 1  RS          ",
        "NOMEREDE": "BASICA         ",
        "NUMDOC": "002/2018  ",
        "OBJECTID": 1885,
        "R": 0.877,
        "S": 8.1,
        "SHAPE.STLength()": 0.4007091838371514,
        "STR_DTENTRADA": "06/12/2022",
        "STR_DTPAR": null,
        "STR_DTPREVISTA": "21/03/2022",
        "TPCPR_ID": null,
        "TPEQP_ID": "LTR",
        "VAL_CAPACOPERCOMFATORCD": 964,
        "VAL_CAPACOPERLD": 826,
        "VAL_CAPACOPERSEMFATORCD": 964,
        "VAL_CORRPROJETOLD": 826,
        "VAL_FATORLIMITANTECD": "",
        "VAL_FATORLIMITANTELD": "",
        "VN": 230,
        "X": 4.413
      },
      "type": "Feature"
    },
    {
      "geometry": {
        "coordinates": [
          [
            -53.634503,
            -28.674779
          ],
          [
            -53.543662,
            -28.767469
          ],
          [
            -53.358937,
            -28.888287
          ],
          [
            -53.209327,
            -28.999885
          ],
          [
            -53.199685,
            -29.007811
          ],
          [
            -53.194736,
            -29.012002
          ],
          [
            -53.189314,
            -29.015542
          ]
        ],
        "type": "LineString"
      },
      "properties": {
        "AGE_NOME": "CPFL TRANSMISSAO S.A.                                          ",
        "DTENTRADA": 1670284800000,
        "DTPAR": null,
        "DTPREVISTA": 1647820800000,
        "EQP_ID": "RSUPRE2CAL21        ",
        "EXT": 61.37,
        "INS_ID": "RSUPRE",
        "NOMELONGO": "LT  230 kV PASSO REAL           / CRUZ ALTA 2          C 1  RS          ",
        "NOMEREDE": "BASICA         ",
        "NUMDOC": "002/2018  ",
        "OBJECTID": 1886,
        "R": 1.136,
        "S": 10.5,
        "SHAPE.STLength()": 0.5625992144055191,
        "STR_DTENTRADA": "06/12/2022",
        "STR_DTPAR": null,
        "STR_DTPREVISTA": "21/03/2022",
        "TPCPR_ID": null,
        "TPEQP_ID": "LTR",
        "VAL_CAPACOPERCOMFATORCD": 964,
        "VAL_CAPACOPERLD": 826,
        "VAL_CAPACOPERSEMFATORCD": 964,
        "VAL_CORRPROJETOLD": 826,
        "VAL_FATORLIMITANTECD": "",
        "VAL_FATORLIMITANTELD": "",
        "VN": 230,
        "X": 5.716
      },
      "type": "Feature"
    },
    {
      "geometry": {
        "coordinates": [
          [
            -53.776216,
            -31.451384
          ],
          [
            -53.684026,
            -31.543654
          ],
          [
            -53.685069,
            -31.549549
          ],
          [
            -53.685288,
            -31.550789
          ],
          [
            -53.688232,
            -31.561301
          ],
          [
            -53.690041,
            -31.567763
          ]
        ],
        "type": "LineString"
      },
      "properties": {
        "AGE_NOME": "USINA TERMEL\u00c9TRICA PAMPA SUL S.A.                              ",
        "DTENTRADA": 1644969600000,
        "DTPAR": null,
        "DTPREVISTA": 1711065600000,
        "EQP_ID": "RSCTA-5UTMW1        ",
        "EXT": 20.4,
        "INS_ID": "RSCTA2",
        "NOMELONGO": "LT  525 kV CANDIOTA 2           / UTE PAMPA SUL        C 1  RS          ",
        "NOMEREDE": "COMPLEMENTAR   ",
        "NUMDOC": null,
        "OBJECTID": 1896,
        "R": 0.018,
        "S": 26.937,
        "SHAPE.STLength()": 0.1553054541865111,
        "STR_DTENTRADA": "16/02/2022",
        "STR_DTPAR": null,
        "STR_DTPREVISTA": "22/03/2024",
        "TPCPR_ID": null,
        "TPEQP_ID": "LTR",
        "VAL_CAPACOPERCOMFATORCD": null,
        "VAL_CAPACOPERLD": null,
        "VAL_CAPACOPERSEMFATORCD": null,
        "VAL_CORRPROJETOLD": null,
        "VAL_FATORLIMITANTECD": null,
        "VAL_FATORLIMITANTELD": null,
        "VN": 525,
        "X": 0.256
      },
      "type": "Feature"
    },
    {
      "geometry": {
        "coordinates": [
          [
            -48.779422,
            -26.972405
          ],
          [
            -48.773485,
            -26.979989
          ],
          [
            -48.701142,
            -26.969008
          ],
          [
            -48.697098,
            -26.965362
          ]
        ],
        "type": "LineString"
      },
      "properties": {
        "AGE_NOME": "NEOENERGIA VALE DO ITAJA\u00cd TRANSMISS\u00c3O DE ENERGIA S.A.          ",
        "DTENTRADA": null,
        "DTPAR": 1609286400000,
        "DTPREVISTA": 1764806400000,
        "EQP_ID": "SCITJ22ITJ-1        ",
        "EXT": 11.11,
        "INS_ID": "SCITJ2",
        "NOMELONGO": "LT  230 kV ITAJAI 2             / ITAJAI               C 1  SC          ",
        "NOMEREDE": "BASICA         ",
        "NUMDOC": "004/2018  ",
        "OBJECTID": 1914,
        "R": 0.108,
        "S": 2.7,
        "SHAPE.STLength()": 0.08824801890091376,
        "STR_DTENTRADA": null,
        "STR_DTPAR": "30/12/2020",
        "STR_DTPREVISTA": "04/12/2025",
        "TPCPR_ID": null,
        "TPEQP_ID": "LTR",
        "VAL_CAPACOPERCOMFATORCD": 1480,
        "VAL_CAPACOPERLD": 1175,
        "VAL_CAPACOPERSEMFATORCD": 1480,
        "VAL_CORRPROJETOLD": 1175,
        "VAL_FATORLIMITANTECD": "",
        "VAL_FATORLIMITANTELD": "",
        "VN": 230,
        "X": 0.751
      },
      "type": "Feature"
    },
    {
      "geometry": {
        "coordinates": [
          [
            -48.779065,
            -26.972002
          ],
          [
            -48.773625,
            -26.973947
          ],
          [
            -48.702299,
            -26.963502
          ],
          [
            -48.69737,
            -26.96452
          ]
        ],
        "type": "LineString"
      },
      "properties": {
        "AGE_NOME": "NEOENERGIA VALE DO ITAJA\u00cd TRANSMISS\u00c3O DE ENERGIA S.A.          ",
        "DTENTRADA": null,
        "DTPAR": 1609286400000,
        "DTPREVISTA": 1764806400000,
        "EQP_ID": "SCITJ22ITJ-2        ",
        "EXT": 11.11,
        "INS_ID": "SCITJ2",
        "NOMELONGO": "LT  230 kV ITAJAI 2             / ITAJAI               C 2  SC          ",
        "NOMEREDE": "BASICA         ",
        "NUMDOC": "004/2018  ",
        "OBJECTID": 1915,
        "R": 0.108,
        "S": 2.7,
        "SHAPE.STLength()": 0.08289685726395492,
        "STR_DTENTRADA": null,
        "STR_DTPAR": "30/12/2020",
        "STR_DTPREVISTA": "04/12/2025",
        "TPCPR_ID": null,
        "TPEQP_ID": "LTR",
        "VAL_CAPACOPERCOMFATORCD": 1480,
        "VAL_CAPACOPERLD": 1175,
        "VAL_CAPACOPERSEMFATORCD": 1480,
        "VAL_CORRPROJETOLD": 1175,
        "VAL_FATORLIMITANTECD": "",
        "VAL_FATORLIMITANTELD": "",
        "VN": 230,
        "X": 0.751
      },
      "type": "Feature"
    },
    {
      "geometry": {
        "coordinates": [
          [
            -48.696826,
            -26.96391
          ],
          [
            -48.700927,
            -26.956291
          ],
          [
            -48.750736,
            -26.863753
          ],
          [
            -48.770312,
            -26.770397
          ],
          [
            -48.778328,
            -26.732168
          ],
          [
            -48.830711,
            -26.497761
          ],
          [
            -48.832626,
            -26.48919
          ],
          [
            -48.850358,
            -26.40984
          ]
        ],
        "type": "LineString"
      },
      "properties": {
        "AGE_NOME": "NEOENERGIA VALE DO ITAJA\u00cd TRANSMISS\u00c3O DE ENERGIA S.A.          ",
        "DTENTRADA": null,
        "DTPAR": 1609286400000,
        "DTPREVISTA": 1764806400000,
        "EQP_ID": "SCITJ25JINS1        ",
        "EXT": 82,
        "INS_ID": "SCITJ2",
        "NOMELONGO": "LT  525 kV ITAJAI 2             / JOINVILLE SUL        C 1  SC          ",
        "NOMEREDE": "BASICA         ",
        "NUMDOC": "004/2018  ",
        "OBJECTID": 1916,
        "R": 0.048,
        "S": 111.44,
        "SHAPE.STLength()": 0.5784685924071707,
        "STR_DTENTRADA": null,
        "STR_DTPAR": "30/12/2020",
        "STR_DTPREVISTA": "04/12/2025",
        "TPCPR_ID": null,
        "TPEQP_ID": "LTR",
        "VAL_CAPACOPERCOMFATORCD": 3935,
        "VAL_CAPACOPERLD": 3200,
        "VAL_CAPACOPERSEMFATORCD": 3935,
        "VAL_CORRPROJETOLD": 3200,
        "VAL_FATORLIMITANTECD": "",
        "VAL_FATORLIMITANTELD": "",
        "VN": 525,
        "X": 0.846
      },
      "type": "Feature"
    },
    {
      "geometry": {
        "coordinates": [
          [
            -48.73348,
            -27.492236
          ],
          [
            -48.741898,
            -27.475914
          ],
          [
            -48.789773,
            -27.442783
          ],
          [
            -48.795719,
            -26.996287
          ],
          [
            -48.778749,
            -26.993487
          ],
          [
            -48.702371,
            -26.980885
          ],
          [
            -48.696706,
            -26.965578
          ]
        ],
        "type": "LineString"
      },
      "properties": {
        "AGE_NOME": "NEOENERGIA VALE DO ITAJA\u00cd TRANSMISS\u00c3O DE ENERGIA S.A.          ",
        "DTENTRADA": null,
        "DTPAR": 1609286400000,
        "DTPREVISTA": 1740700800000,
        "EQP_ID": "SCITJ25BIG-1        ",
        "EXT": 64.49,
        "INS_ID": "SCITJ2",
        "NOMELONGO": "LT  525 kV ITAJAI 2             / BIGUACU              C 1  SC          ",
        "NOMEREDE": "BASICA         ",
        "NUMDOC": "004/2018  ",
        "OBJECTID": 1917,
        "R": 0.04,
        "S": 94.5,
        "SHAPE.STLength()": 0.6340529191395743,
        "STR_DTENTRADA": null,
        "STR_DTPAR": "30/12/2020",
        "STR_DTPREVISTA": "28/02/2025",
        "TPCPR_ID": null,
        "TPEQP_ID": "LTR",
        "VAL_CAPACOPERCOMFATORCD": 3960,
        "VAL_CAPACOPERLD": 3195,
        "VAL_CAPACOPERSEMFATORCD": 3960,
        "VAL_CORRPROJETOLD": 3195,
        "VAL_FATORLIMITANTECD": "",
        "VAL_FATORLIMITANTELD": "",
        "VN": 525,
        "X": 0.721
      },
      "type": "Feature"
    },
    {
      "geometry": {
        "coordinates": [
          [
            -49.179122,
            -26.441267
          ],
          [
            -49.144509,
            -26.458342
          ],
          [
            -49.079803,
            -26.490264
          ],
          [
            -48.998098,
            -26.530572
          ],
          [
            -48.98582,
            -26.536629
          ]
        ],
        "type": "LineString"
      },
      "properties": {
        "AGE_NOME": "COMPANHIA DE GERA\u00c7\u00c3O E TRANSMISS\u00c3O DE ENERGIA EL\u00c9TRICA DO SUL D",
        "DTENTRADA": null,
        "DTPAR": 1609286400000,
        "DTPREVISTA": 1734652800000,
        "EQP_ID": "SCBLU-2JGSL1        ",
        "EXT": 1,
        "INS_ID": "SCBLU ",
        "NOMELONGO": "LT  230 kV BLUMENAU             / JARAGUA DO SUL       C 1  SC          ",
        "NOMEREDE": "BASICA         ",
        "NUMDOC": "004/2018  ",
        "OBJECTID": 1918,
        "R": 1.166,
        "S": 14.1,
        "SHAPE.STLength()": 0.21554427459735653,
        "STR_DTENTRADA": null,
        "STR_DTPAR": "30/12/2020",
        "STR_DTPREVISTA": "20/12/2024",
        "TPCPR_ID": null,
        "TPEQP_ID": "LTR",
        "VAL_CAPACOPERCOMFATORCD": null,
        "VAL_CAPACOPERLD": null,
        "VAL_CAPACOPERSEMFATORCD": null,
        "VAL_CORRPROJETOLD": null,
        "VAL_FATORLIMITANTECD": null,
        "VAL_FATORLIMITANTELD": null,
        "VN": 230,
        "X": 6.225
      },
      "type": "Feature"
    },
    {
      "geometry": {
        "coordinates": [
          [
            -49.179065,
            -26.441158
          ],
          [
            -49.14562,
            -26.452768
          ],
          [
            -49.079846,
            -26.4756
          ],
          [
            -48.976582,
            -26.511447
          ]
        ],
        "type": "LineString"
      },
      "properties": {
        "AGE_NOME": "COMPANHIA DE GERA\u00c7\u00c3O E TRANSMISS\u00c3O DE ENERGIA EL\u00c9TRICA DO SUL D",
        "DTENTRADA": null,
        "DTPAR": 1609286400000,
        "DTPREVISTA": 1734652800000,
        "EQP_ID": "SCJGSL2JNO-1        ",
        "EXT": 1,
        "INS_ID": "SCJGSL",
        "NOMELONGO": "LT  230 kV JARAGUA DO SUL       / JOINV.NORTE          C 1  SC          ",
        "NOMEREDE": "BASICA         ",
        "NUMDOC": "004/2018  ",
        "OBJECTID": 1919,
        "R": 0.743,
        "S": 10.2,
        "SHAPE.STLength()": 0.21433577140329196,
        "STR_DTENTRADA": null,
        "STR_DTPAR": "30/12/2020",
        "STR_DTPREVISTA": "20/12/2024",
        "TPCPR_ID": null,
        "TPEQP_ID": "LTR",
        "VAL_CAPACOPERCOMFATORCD": null,
        "VAL_CAPACOPERLD": null,
        "VAL_CAPACOPERSEMFATORCD": null,
        "VAL_CORRPROJETOLD": null,
        "VAL_FATORLIMITANTECD": null,
        "VAL_FATORLIMITANTELD": null,
        "VN": 230,
        "X": 4.014
      },
      "type": "Feature"
    },
    {
      "geometry": {
        "coordinates": [
          [
            -49.626802,
            -27.187828
          ],
          [
            -49.491742,
            -27.15632
          ],
          [
            -49.149305,
            -26.964038
          ],
          [
            -49.094063,
            -26.923936
          ],
          [
            -49.068915,
            -26.905681
          ],
          [
            -49.038531,
            -26.883625
          ],
          [
            -49.035698,
            -26.881755
          ],
          [
            -49.025319,
            -26.874902
          ],
          [
            -49.022909,
            -26.873311
          ]
        ],
        "type": "LineString"
      },
      "properties": {
        "AGE_NOME": null,
        "DTENTRADA": null,
        "DTPAR": 1577664000000,
        "DTPREVISTA": 1609286400000,
        "EQP_ID": "SCGAS22RSU-1        ",
        "EXT": 102,
        "INS_ID": "SCGAS2",
        "NOMELONGO": "LT  230 kV GASPAR 2             / RIO DO SUL           C 1  SC          ",
        "NOMEREDE": "BASICA         ",
        "NUMDOC": null,
        "OBJECTID": 1920,
        "R": null,
        "S": null,
        "SHAPE.STLength()": 0.6870180467102017,
        "STR_DTENTRADA": null,
        "STR_DTPAR": "30/12/2019",
        "STR_DTPREVISTA": "30/12/2020",
        "TPCPR_ID": null,
        "TPEQP_ID": "LTR",
        "VAL_CAPACOPERCOMFATORCD": null,
        "VAL_CAPACOPERLD": null,
        "VAL_CAPACOPERSEMFATORCD": null,
        "VAL_CORRPROJETOLD": null,
        "VAL_FATORLIMITANTECD": null,
        "VAL_FATORLIMITANTELD": null,
        "VN": 230,
        "X": null
      },
      "type": "Feature"
    },
    {
      "geometry": {
        "coordinates": [
          [
            -49.293308,
            -26.871569
          ],
          [
            -49.254811,
            -26.920321
          ],
          [
            -49.208561,
            -26.978891
          ],
          [
            -49.09468,
            -26.914081
          ],
          [
            -49.069455,
            -26.899726
          ],
          [
            -49.036362,
            -26.880893
          ],
          [
            -49.025493,
            -26.874707
          ],
          [
            -49.022948,
            -26.873259
          ]
        ],
        "type": "LineString"
      },
      "properties": {
        "AGE_NOME": "NEOENERGIA VALE DO ITAJA\u00cd TRANSMISS\u00c3O DE ENERGIA S.A.          ",
        "DTENTRADA": 1696204800000,
        "DTPAR": 1577664000000,
        "DTPREVISTA": 1711065600000,
        "EQP_ID": "SCGAS22IND-1        ",
        "EXT": 51.38,
        "INS_ID": "SCGAS2",
        "NOMELONGO": "LT  230 kV GASPAR 2             / INDAIAL              C 1  SC          ",
        "NOMEREDE": "BASICA         ",
        "NUMDOC": "004/2018  ",
        "OBJECTID": 1921,
        "R": 0.578,
        "S": 9.6,
        "SHAPE.STLength()": 0.3503126323123845,
        "STR_DTENTRADA": "02/10/2023",
        "STR_DTPAR": "30/12/2019",
        "STR_DTPREVISTA": "22/03/2024",
        "TPCPR_ID": null,
        "TPEQP_ID": "LTR",
        "VAL_CAPACOPERCOMFATORCD": 1125,
        "VAL_CAPACOPERLD": 950,
        "VAL_CAPACOPERSEMFATORCD": 1125,
        "VAL_CORRPROJETOLD": 950,
        "VAL_FATORLIMITANTECD": "",
        "VAL_FATORLIMITANTELD": "",
        "VN": 230,
        "X": 4.626
      },
      "type": "Feature"
    },
    {
      "geometry": {
        "coordinates": [
          [
            -49.293779,
            -26.87173
          ],
          [
            -49.284844,
            -26.944371
          ],
          [
            -49.276191,
            -27.014722
          ],
          [
            -49.490681,
            -27.131
          ],
          [
            -49.626864,
            -27.187675
          ]
        ],
        "type": "LineString"
      },
      "properties": {
        "AGE_NOME": "NEOENERGIA VALE DO ITAJA\u00cd TRANSMISS\u00c3O DE ENERGIA S.A.          ",
        "DTENTRADA": 1696204800000,
        "DTPAR": 1577664000000,
        "DTPREVISTA": 1711065600000,
        "EQP_ID": "SCIND-2RSU-1        ",
        "EXT": 52.64,
        "INS_ID": "SCIND ",
        "NOMELONGO": "LT  230 kV INDAIAL              / RIO DO SUL           C 1  SC          ",
        "NOMEREDE": "BASICA         ",
        "NUMDOC": "004/2018  ",
        "OBJECTID": 1922,
        "R": 0.592,
        "S": 9.8,
        "SHAPE.STLength()": 0.5355550695078176,
        "STR_DTENTRADA": "02/10/2023",
        "STR_DTPAR": "30/12/2019",
        "STR_DTPREVISTA": "22/03/2024",
        "TPCPR_ID": null,
        "TPEQP_ID": "LTR",
        "VAL_CAPACOPERCOMFATORCD": 1125,
        "VAL_CAPACOPERLD": 950,
        "VAL_CAPACOPERSEMFATORCD": 1125,
        "VAL_CORRPROJETOLD": 950,
        "VAL_FATORLIMITANTECD": "",
        "VAL_FATORLIMITANTELD": "",
        "VN": 230,
        "X": 4.739
      },
      "type": "Feature"
    },
    {
      "geometry": {
        "coordinates": [
          [
            -49.626829,
            -27.188359
          ],
          [
            -49.593685,
            -27.198953
          ],
          [
            -49.483034,
            -27.174363
          ],
          [
            -49.135155,
            -26.97948
          ],
          [
            -49.092649,
            -26.946504
          ],
          [
            -49.067014,
            -26.926616
          ],
          [
            -49.032916,
            -26.900164
          ],
          [
            -49.029002,
            -26.890253
          ],
          [
            -49.023667,
            -26.876747
          ],
          [
            -49.022435,
            -26.873626
          ]
        ],
        "type": "LineString"
      },
      "properties": {
        "AGE_NOME": null,
        "DTENTRADA": null,
        "DTPAR": 1577664000000,
        "DTPREVISTA": 1609286400000,
        "EQP_ID": "SCGAS22RSU-2        ",
        "EXT": 102,
        "INS_ID": "SCGAS2",
        "NOMELONGO": "LT  230 kV GASPAR 2             / RIO DO SUL           C 2  SC          ",
        "NOMEREDE": "BASICA         ",
        "NUMDOC": null,
        "OBJECTID": 1923,
        "R": null,
        "S": null,
        "SHAPE.STLength()": 0.7048236449931202,
        "STR_DTENTRADA": null,
        "STR_DTPAR": "30/12/2019",
        "STR_DTPREVISTA": "30/12/2020",
        "TPCPR_ID": null,
        "TPEQP_ID": "LTR",
        "VAL_CAPACOPERCOMFATORCD": null,
        "VAL_CAPACOPERLD": null,
        "VAL_CAPACOPERSEMFATORCD": null,
        "VAL_CORRPROJETOLD": null,
        "VAL_FATORLIMITANTECD": null,
        "VAL_FATORLIMITANTELD": null,
        "VN": 230,
        "X": null
      },
      "type": "Feature"
    },
    {
      "geometry": {
        "coordinates": [
          [
            -49.29458,
            -26.87149
          ],
          [
            -49.627087,
            -27.187399
          ]
        ],
        "type": "LineString"
      },
      "properties": {
        "AGE_NOME": "NEOENERGIA VALE DO ITAJA\u00cd TRANSMISS\u00c3O DE ENERGIA S.A.          ",
        "DTENTRADA": 1696204800000,
        "DTPAR": 1577664000000,
        "DTPREVISTA": 1711065600000,
        "EQP_ID": "SCIND-2RSU-2        ",
        "EXT": 52.64,
        "INS_ID": "SCIND ",
        "NOMELONGO": "LT  230 kV INDAIAL              / RIO DO SUL           C 2  SC          ",
        "NOMEREDE": "BASICA         ",
        "NUMDOC": "004/2018  ",
        "OBJECTID": 1924,
        "R": 0.592,
        "S": 9.8,
        "SHAPE.STLength()": 0.45865053372658215,
        "STR_DTENTRADA": "02/10/2023",
        "STR_DTPAR": "30/12/2019",
        "STR_DTPREVISTA": "22/03/2024",
        "TPCPR_ID": null,
        "TPEQP_ID": "LTR",
        "VAL_CAPACOPERCOMFATORCD": 1125,
        "VAL_CAPACOPERLD": 950,
        "VAL_CAPACOPERSEMFATORCD": 1125,
        "VAL_CORRPROJETOLD": 950,
        "VAL_FATORLIMITANTECD": "",
        "VAL_FATORLIMITANTELD": "",
        "VN": 230,
        "X": 4.739
      },
      "type": "Feature"
    },
    {
      "geometry": {
        "coordinates": [
          [
            -49.292883,
            -26.870841
          ],
          [
            -49.193905,
            -26.871548
          ],
          [
            -49.094354,
            -26.87226
          ],
          [
            -49.071935,
            -26.87242
          ],
          [
            -49.042214,
            -26.872632
          ],
          [
            -49.027196,
            -26.87274
          ],
          [
            -49.023104,
            -26.872769
          ]
        ],
        "type": "LineString"
      },
      "properties": {
        "AGE_NOME": "NEOENERGIA VALE DO ITAJA\u00cd TRANSMISS\u00c3O DE ENERGIA S.A.          ",
        "DTENTRADA": 1696204800000,
        "DTPAR": 1577664000000,
        "DTPREVISTA": 1711065600000,
        "EQP_ID": "SCGAS22IND-2        ",
        "EXT": 51.38,
        "INS_ID": "SCGAS2",
        "NOMELONGO": "LT  230 kV GASPAR 2             / INDAIAL              C 2  SC          ",
        "NOMEREDE": "BASICA         ",
        "NUMDOC": "004/2018  ",
        "OBJECTID": 1925,
        "R": 0.578,
        "S": 9.6,
        "SHAPE.STLength()": 0.2697855323140727,
        "STR_DTENTRADA": "02/10/2023",
        "STR_DTPAR": "30/12/2019",
        "STR_DTPREVISTA": "22/03/2024",
        "TPCPR_ID": null,
        "TPEQP_ID": "LTR",
        "VAL_CAPACOPERCOMFATORCD": 1125,
        "VAL_CAPACOPERLD": 950,
        "VAL_CAPACOPERSEMFATORCD": 1125,
        "VAL_CORRPROJETOLD": 950,
        "VAL_FATORLIMITANTECD": "",
        "VAL_FATORLIMITANTELD": "",
        "VN": 230,
        "X": 4.626
      },
      "type": "Feature"
    },
    {
      "geometry": {
        "coordinates": [
          [
            -49.022188,
            -26.871877
          ],
          [
            -49.02476,
            -26.854021
          ],
          [
            -49.02645,
            -26.842294
          ],
          [
            -49.031501,
            -26.831561
          ],
          [
            -49.037853,
            -26.818063
          ],
          [
            -49.040415,
            -26.812621
          ],
          [
            -49.045698,
            -26.807667
          ],
          [
            -49.053243,
            -26.800591
          ],
          [
            -49.060489,
            -26.793797
          ],
          [
            -49.066557,
            -26.789713
          ],
          [
            -49.079497,
            -26.781003
          ]
        ],
        "type": "LineString"
      },
      "properties": {
        "AGE_NOME": "COMPANHIA DE GERA\u00c7\u00c3O E TRANSMISS\u00c3O DE ENERGIA EL\u00c9TRICA DO SUL D",
        "DTENTRADA": 1725148800000,
        "DTPAR": 1577664000000,
        "DTPREVISTA": 1719705600000,
        "EQP_ID": "SCGAS25BLU-1        ",
        "EXT": 25.32,
        "INS_ID": "SCGAS2",
        "NOMELONGO": "LT  525 kV GASPAR 2             / BLUMENAU             C 1  SC          ",
        "NOMEREDE": "BASICA         ",
        "NUMDOC": "004/2018  ",
        "OBJECTID": 1926,
        "R": 0.017,
        "S": 35.6,
        "SHAPE.STLength()": 0.11311514961731334,
        "STR_DTENTRADA": "01/09/2024",
        "STR_DTPAR": "30/12/2019",
        "STR_DTPREVISTA": "30/06/2024",
        "TPCPR_ID": null,
        "TPEQP_ID": "LTR",
        "VAL_CAPACOPERCOMFATORCD": null,
        "VAL_CAPACOPERLD": null,
        "VAL_CAPACOPERSEMFATORCD": null,
        "VAL_CORRPROJETOLD": null,
        "VAL_FATORLIMITANTECD": null,
        "VAL_FATORLIMITANTELD": null,
        "VN": 525,
        "X": 0.273
      },
      "type": "Feature"
    },
    {
      "geometry": {
        "coordinates": [
          [
            -49.079721,
            -26.781276
          ],
          [
            -49.032363,
            -26.855478
          ],
          [
            -49.021448,
            -26.872088
          ]
        ],
        "type": "LineString"
      },
      "properties": {
        "AGE_NOME": "COMPANHIA DE GERA\u00c7\u00c3O E TRANSMISS\u00c3O DE ENERGIA EL\u00c9TRICA DO SUL D",
        "DTENTRADA": 1723334400000,
        "DTPAR": 1577664000000,
        "DTPREVISTA": 1711065600000,
        "EQP_ID": "SCGAS25BLU-2        ",
        "EXT": 21.16,
        "INS_ID": "SCGAS2",
        "NOMELONGO": "LT  525 kV GASPAR 2             / BLUMENAU             C 2  SC          ",
        "NOMEREDE": "BASICA         ",
        "NUMDOC": "004/2018  ",
        "OBJECTID": 1928,
        "R": 0.022,
        "S": 32,
        "SHAPE.STLength()": 0.10790242651690515,
        "STR_DTENTRADA": "11/08/2024",
        "STR_DTPAR": "30/12/2019",
        "STR_DTPREVISTA": "22/03/2024",
        "TPCPR_ID": null,
        "TPEQP_ID": "LTR",
        "VAL_CAPACOPERCOMFATORCD": null,
        "VAL_CAPACOPERLD": null,
        "VAL_CAPACOPERSEMFATORCD": null,
        "VAL_CORRPROJETOLD": null,
        "VAL_FATORLIMITANTECD": null,
        "VAL_FATORLIMITANTELD": null,
        "VN": 525,
        "X": 0.229
      },
      "type": "Feature"
    },
    {
      "geometry": {
        "coordinates": [
          [
            -49.021295,
            -26.872235
          ],
          [
            -48.999288,
            -26.890107
          ],
          [
            -48.8362,
            -27.418555
          ],
          [
            -48.733817,
            -27.492419
          ]
        ],
        "type": "LineString"
      },
      "properties": {
        "AGE_NOME": "COMPANHIA DE GERA\u00c7\u00c3O E TRANSMISS\u00c3O DE ENERGIA EL\u00c9TRICA DO SUL D",
        "DTENTRADA": 1725148800000,
        "DTPAR": 1577664000000,
        "DTPREVISTA": 1719705600000,
        "EQP_ID": "SCBIG-5GAS21        ",
        "EXT": 81.31,
        "INS_ID": "SCBIG ",
        "NOMELONGO": "LT  525 kV BIGUACU              / GASPAR 2             C 1  SC          ",
        "NOMEREDE": "BASICA         ",
        "NUMDOC": "004/2018  ",
        "OBJECTID": 1929,
        "R": 0.055,
        "S": 118.7,
        "SHAPE.STLength()": 0.7076383127915246,
        "STR_DTENTRADA": "01/09/2024",
        "STR_DTPAR": "30/12/2019",
        "STR_DTPREVISTA": "30/06/2024",
        "TPCPR_ID": null,
        "TPEQP_ID": "LTR",
        "VAL_CAPACOPERCOMFATORCD": null,
        "VAL_CAPACOPERLD": null,
        "VAL_CAPACOPERSEMFATORCD": null,
        "VAL_CORRPROJETOLD": null,
        "VAL_FATORLIMITANTECD": null,
        "VAL_FATORLIMITANTELD": null,
        "VN": 525,
        "X": 0.94
      },
      "type": "Feature"
    },
    {
      "geometry": {
        "coordinates": [
          [
            -48.851056,
            -26.409737
          ],
          [
            -48.859403,
            -26.449903
          ],
          [
            -48.876463,
            -26.531975
          ],
          [
            -48.932611,
            -26.640649
          ],
          [
            -48.957803,
            -26.689387
          ],
          [
            -48.973492,
            -26.719734
          ],
          [
            -48.990157,
            -26.751965
          ],
          [
            -49.000079,
            -26.755085
          ],
          [
            -49.041378,
            -26.768072
          ],
          [
            -49.079507,
            -26.780062
          ]
        ],
        "type": "LineString"
      },
      "properties": {
        "AGE_NOME": "COMPANHIA DE GERA\u00c7\u00c3O E TRANSMISS\u00c3O DE ENERGIA EL\u00c9TRICA DO SUL D",
        "DTENTRADA": null,
        "DTPAR": 1609286400000,
        "DTPREVISTA": 1758499200000,
        "EQP_ID": "SCJINS5BLU-1        ",
        "EXT": 16,
        "INS_ID": "SCJINS",
        "NOMELONGO": "LT  525 kV JOINVILLE SUL        / BLUMENAU             C 1  SC          ",
        "NOMEREDE": "BASICA         ",
        "NUMDOC": "004/2018  ",
        "OBJECTID": 1932,
        "R": 0.105,
        "S": 168.12,
        "SHAPE.STLength()": 0.466146158521437,
        "STR_DTENTRADA": null,
        "STR_DTPAR": "30/12/2020",
        "STR_DTPREVISTA": "22/09/2025",
        "TPCPR_ID": null,
        "TPEQP_ID": "LTR",
        "VAL_CAPACOPERCOMFATORCD": null,
        "VAL_CAPACOPERLD": null,
        "VAL_CAPACOPERSEMFATORCD": null,
        "VAL_CORRPROJETOLD": null,
        "VAL_FATORLIMITANTECD": null,
        "VAL_FATORLIMITANTELD": null,
        "VN": 525,
        "X": 1.285
      },
      "type": "Feature"
    },
    {
      "geometry": {
        "coordinates": [
          [
            -48.85086,
            -26.409816
          ],
          [
            -48.859295,
            -26.433668
          ],
          [
            -48.871885,
            -26.469266
          ],
          [
            -48.955846,
            -26.519132
          ],
          [
            -48.985964,
            -26.537019
          ],
          [
            -49.015369,
            -26.554484
          ],
          [
            -49.016089,
            -26.554911
          ],
          [
            -49.079581,
            -26.564947
          ]
        ],
        "type": "LineString"
      },
      "properties": {
        "AGE_NOME": "COPEL GERA\u00c7\u00c3O E TRANSMISS\u00c3O S.A.                               ",
        "DTENTRADA": null,
        "DTPAR": 1609286400000,
        "DTPREVISTA": 1711065600000,
        "EQP_ID": "SCJINS5BLU-2        ",
        "EXT": 18,
        "INS_ID": "SCJINS",
        "NOMELONGO": "LT  525 kV JOINVILLE SUL        / BLUMENAU             C 2  SC          ",
        "NOMEREDE": "BASICA         ",
        "NUMDOC": "004/2018  ",
        "OBJECTID": 1934,
        "R": null,
        "S": null,
        "SHAPE.STLength()": 0.29505858238692295,
        "STR_DTENTRADA": null,
        "STR_DTPAR": "30/12/2020",
        "STR_DTPREVISTA": "22/03/2024",
        "TPCPR_ID": null,
        "TPEQP_ID": "LTR",
        "VAL_CAPACOPERCOMFATORCD": null,
        "VAL_CAPACOPERLD": null,
        "VAL_CAPACOPERSEMFATORCD": null,
        "VAL_CORRPROJETOLD": null,
        "VAL_FATORLIMITANTECD": null,
        "VAL_FATORLIMITANTELD": null,
        "VN": 525,
        "X": null
      },
      "type": "Feature"
    },
    {
      "geometry": {
        "coordinates": [
          [
            -48.851408,
            -26.40943
          ],
          [
            -48.863114,
            -26.415942
          ],
          [
            -48.910867,
            -26.442507
          ],
          [
            -48.928816,
            -26.442507
          ]
        ],
        "type": "LineString"
      },
      "properties": {
        "AGE_NOME": "COMPANHIA DE GERA\u00c7\u00c3O E TRANSMISS\u00c3O DE ENERGIA EL\u00c9TRICA DO SUL D",
        "DTENTRADA": null,
        "DTPAR": 1609286400000,
        "DTPREVISTA": 1711065600000,
        "EQP_ID": "SCJINS2BLU-1        ",
        "EXT": 5,
        "INS_ID": "SCJINS",
        "NOMELONGO": "LT  230 kV JOINVILLE SUL        / BLUMENAU             C 1  SC          ",
        "NOMEREDE": "BASICA         ",
        "NUMDOC": "004/2018  ",
        "OBJECTID": 1936,
        "R": 1.065,
        "S": 9.745,
        "SHAPE.STLength()": 0.08598894566672842,
        "STR_DTENTRADA": null,
        "STR_DTPAR": "30/12/2020",
        "STR_DTPREVISTA": "22/03/2024",
        "TPCPR_ID": null,
        "TPEQP_ID": "LTR",
        "VAL_CAPACOPERCOMFATORCD": null,
        "VAL_CAPACOPERLD": null,
        "VAL_CAPACOPERSEMFATORCD": null,
        "VAL_CORRPROJETOLD": null,
        "VAL_FATORLIMITANTECD": null,
        "VAL_FATORLIMITANTELD": null,
        "VN": 230,
        "X": 5.477
      },
      "type": "Feature"
    },
    {
      "geometry": {
        "coordinates": [
          [
            -48.851239,
            -26.408296
          ],
          [
            -48.868307,
            -26.391831
          ],
          [
            -48.887114,
            -26.373689
          ],
          [
            -48.903706,
            -26.371323
          ]
        ],
        "type": "LineString"
      },
      "properties": {
        "AGE_NOME": "COMPANHIA DE GERA\u00c7\u00c3O E TRANSMISS\u00c3O DE ENERGIA EL\u00c9TRICA DO SUL D",
        "DTENTRADA": null,
        "DTPAR": 1609286400000,
        "DTPREVISTA": 1711065600000,
        "EQP_ID": "SCJOI-2JINS1        ",
        "EXT": 5,
        "INS_ID": "SCJOI ",
        "NOMELONGO": "LT  230 kV JOINVILLE            / JOINVILLE SUL        C 1  SC          ",
        "NOMEREDE": "BASICA         ",
        "NUMDOC": "004/2018  ",
        "OBJECTID": 1937,
        "R": 0.222,
        "S": 2.079,
        "SHAPE.STLength()": 0.06660648040611349,
        "STR_DTENTRADA": null,
        "STR_DTPAR": "30/12/2020",
        "STR_DTPREVISTA": "22/03/2024",
        "TPCPR_ID": null,
        "TPEQP_ID": "LTR",
        "VAL_CAPACOPERCOMFATORCD": null,
        "VAL_CAPACOPERLD": null,
        "VAL_CAPACOPERSEMFATORCD": null,
        "VAL_CORRPROJETOLD": null,
        "VAL_FATORLIMITANTECD": null,
        "VAL_FATORLIMITANTELD": null,
        "VN": 230,
        "X": 1.159
      },
      "type": "Feature"
    },
    {
      "geometry": {
        "coordinates": [
          [
            -48.851283,
            -26.409576
          ],
          [
            -48.862435,
            -26.419092
          ],
          [
            -48.902749,
            -26.453489
          ],
          [
            -48.931758,
            -26.450847
          ],
          [
            -48.95362,
            -26.448857
          ],
          [
            -48.954767,
            -26.448753
          ]
        ],
        "type": "LineString"
      },
      "properties": {
        "AGE_NOME": "COMPANHIA DE GERA\u00c7\u00c3O E TRANSMISS\u00c3O DE ENERGIA EL\u00c9TRICA DO SUL D",
        "DTENTRADA": null,
        "DTPAR": 1609286400000,
        "DTPREVISTA": 1711065600000,
        "EQP_ID": "SCJINS2BLU-2        ",
        "EXT": 5,
        "INS_ID": "SCJINS",
        "NOMELONGO": "LT  230 kV JOINVILLE SUL        / BLUMENAU             C 2  SC          ",
        "NOMEREDE": "BASICA         ",
        "NUMDOC": "004/2018  ",
        "OBJECTID": 1938,
        "R": 1.059,
        "S": 9.526,
        "SHAPE.STLength()": 0.11988754176388684,
        "STR_DTENTRADA": null,
        "STR_DTPAR": "30/12/2020",
        "STR_DTPREVISTA": "22/03/2024",
        "TPCPR_ID": null,
        "TPEQP_ID": "LTR",
        "VAL_CAPACOPERCOMFATORCD": null,
        "VAL_CAPACOPERLD": null,
        "VAL_CAPACOPERSEMFATORCD": null,
        "VAL_CORRPROJETOLD": null,
        "VAL_FATORLIMITANTECD": null,
        "VAL_FATORLIMITANTELD": null,
        "VN": 230,
        "X": 5.481
      },
      "type": "Feature"
    },
    {
      "geometry": {
        "coordinates": [
          [
            -48.851079,
            -26.408187
          ],
          [
            -48.871116,
            -26.378788
          ],
          [
            -48.882855,
            -26.361565
          ],
          [
            -48.897432,
            -26.353538
          ],
          [
            -48.915085,
            -26.343816
          ]
        ],
        "type": "LineString"
      },
      "properties": {
        "AGE_NOME": "COMPANHIA DE GERA\u00c7\u00c3O E TRANSMISS\u00c3O DE ENERGIA EL\u00c9TRICA DO SUL D",
        "DTENTRADA": null,
        "DTPAR": 1609286400000,
        "DTPREVISTA": 1711065600000,
        "EQP_ID": "SCJNO-2JINS1        ",
        "EXT": 5,
        "INS_ID": "SCJNO ",
        "NOMELONGO": "LT  230 kV JOINV.NORTE          / JOINVILLE SUL        C 1  SC          ",
        "NOMEREDE": "BASICA         ",
        "NUMDOC": "004/2018  ",
        "OBJECTID": 1939,
        "R": 0.201,
        "S": 4.253,
        "SHAPE.STLength()": 0.09321420568710152,
        "STR_DTENTRADA": null,
        "STR_DTPAR": "30/12/2020",
        "STR_DTPREVISTA": "22/03/2024",
        "TPCPR_ID": null,
        "TPEQP_ID": "LTR",
        "VAL_CAPACOPERCOMFATORCD": null,
        "VAL_CAPACOPERLD": null,
        "VAL_CAPACOPERSEMFATORCD": null,
        "VAL_CORRPROJETOLD": null,
        "VAL_FATORLIMITANTECD": null,
        "VAL_FATORLIMITANTELD": null,
        "VN": 230,
        "X": 1.384
      },
      "type": "Feature"
    },
    {
      "geometry": {
        "coordinates": [
          [
            -48.85005,
            -26.408176
          ],
          [
            -48.83915,
            -26.391363
          ],
          [
            -48.836101,
            -26.386661
          ],
          [
            -48.828833,
            -26.37545
          ],
          [
            -48.876346,
            -26.277924
          ],
          [
            -48.894323,
            -26.272982
          ]
        ],
        "type": "LineString"
      },
      "properties": {
        "AGE_NOME": "COMPANHIA DE GERA\u00c7\u00c3O E TRANSMISS\u00c3O DE ENERGIA EL\u00c9TRICA DO SUL D",
        "DTENTRADA": null,
        "DTPAR": 1609286400000,
        "DTPREVISTA": 1711065600000,
        "EQP_ID": "SCJOI-2JINS2        ",
        "EXT": 5,
        "INS_ID": "SCJOI ",
        "NOMELONGO": "LT  230 kV JOINVILLE            / JOINVILLE SUL        C 2  SC          ",
        "NOMEREDE": "BASICA         ",
        "NUMDOC": "004/2018  ",
        "OBJECTID": 1940,
        "R": 0.113,
        "S": 3.45,
        "SHAPE.STLength()": 0.16613004055102956,
        "STR_DTENTRADA": null,
        "STR_DTPAR": "30/12/2020",
        "STR_DTPREVISTA": "22/03/2024",
        "TPCPR_ID": null,
        "TPEQP_ID": "LTR",
        "VAL_CAPACOPERCOMFATORCD": null,
        "VAL_CAPACOPERLD": null,
        "VAL_CAPACOPERSEMFATORCD": null,
        "VAL_CORRPROJETOLD": null,
        "VAL_FATORLIMITANTECD": null,
        "VAL_FATORLIMITANTELD": null,
        "VN": 230,
        "X": 0.936
      },
      "type": "Feature"
    },
    {
      "geometry": {
        "coordinates": [
          [
            -48.849867,
            -26.408301
          ],
          [
            -48.837929,
            -26.396953
          ],
          [
            -48.831825,
            -26.39115
          ],
          [
            -48.816357,
            -26.376446
          ],
          [
            -48.87035,
            -26.26682
          ],
          [
            -48.900721,
            -26.257133
          ]
        ],
        "type": "LineString"
      },
      "properties": {
        "AGE_NOME": "COMPANHIA DE GERA\u00c7\u00c3O E TRANSMISS\u00c3O DE ENERGIA EL\u00c9TRICA DO SUL D",
        "DTENTRADA": null,
        "DTPAR": 1609286400000,
        "DTPREVISTA": 1711065600000,
        "EQP_ID": "SCJNO-2JINS2        ",
        "EXT": 5,
        "INS_ID": "SCJNO ",
        "NOMELONGO": "LT  230 kV JOINV.NORTE          / JOINVILLE SUL        C 2  SC          ",
        "NOMEREDE": "BASICA         ",
        "NUMDOC": "004/2018  ",
        "OBJECTID": 1941,
        "R": 0.201,
        "S": 4.253,
        "SHAPE.STLength()": 0.20031534169573598,
        "STR_DTENTRADA": null,
        "STR_DTPAR": "30/12/2020",
        "STR_DTPREVISTA": "22/03/2024",
        "TPCPR_ID": null,
        "TPEQP_ID": "LTR",
        "VAL_CAPACOPERCOMFATORCD": null,
        "VAL_CAPACOPERLD": null,
        "VAL_CAPACOPERSEMFATORCD": null,
        "VAL_CORRPROJETOLD": null,
        "VAL_FATORLIMITANTECD": null,
        "VAL_FATORLIMITANTELD": null,
        "VN": 230,
        "X": 1.384
      },
      "type": "Feature"
    },
    {
      "geometry": {
        "coordinates": [
          [
            -52.336729,
            -31.927891
          ],
          [
            -52.396597,
            -31.913599
          ],
          [
            -52.558395,
            -31.807246
          ],
          [
            -52.503026,
            -31.713736
          ],
          [
            -52.477721,
            -31.671
          ],
          [
            -52.034409,
            -30.912226
          ],
          [
            -51.55505,
            -30.091754
          ],
          [
            -51.557875,
            -30.046758
          ]
        ],
        "type": "LineString"
      },
      "properties": {
        "AGE_NOME": "NEOENERGIA LAGOA DOS PATOS TRANSMISS\u00c3O DE ENERGIA S.A.         ",
        "DTENTRADA": 1682208000000,
        "DTPAR": null,
        "DTPREVISTA": 1687392000000,
        "EQP_ID": "RSGUA35PNO-3        ",
        "EXT": 245.7,
        "INS_ID": "RSGUA3",
        "NOMELONGO": "LT  525 kV GUAIBA 3             / POVO NOVO            C 3  RS          ",
        "NOMEREDE": "BASICA         ",
        "NUMDOC": "004/2018  ",
        "OBJECTID": 1965,
        "R": 0.144,
        "S": 347.7,
        "SHAPE.STLength()": 2.287622734925882,
        "STR_DTENTRADA": "23/04/2023",
        "STR_DTPAR": null,
        "STR_DTPREVISTA": "22/06/2023",
        "TPCPR_ID": null,
        "TPEQP_ID": "LTR",
        "VAL_CAPACOPERCOMFATORCD": 4000,
        "VAL_CAPACOPERLD": 3800,
        "VAL_CAPACOPERSEMFATORCD": 4000,
        "VAL_CORRPROJETOLD": 3800,
        "VAL_FATORLIMITANTECD": "",
        "VAL_FATORLIMITANTELD": "",
        "VN": 525,
        "X": 2.595
      },
      "type": "Feature"
    },
    {
      "geometry": {
        "coordinates": [
          [
            -49.409945,
            -28.555463
          ],
          [
            -49.656778,
            -28.643953
          ],
          [
            -49.707658,
            -28.704889
          ],
          [
            -49.713045,
            -28.71134
          ],
          [
            -50.064199,
            -29.131894
          ],
          [
            -50.530829,
            -29.688912
          ],
          [
            -50.512448,
            -29.796287
          ],
          [
            -50.49967,
            -29.870934
          ],
          [
            -50.498088,
            -29.880175
          ],
          [
            -50.495966,
            -29.892573
          ],
          [
            -50.494366,
            -29.901919
          ],
          [
            -50.451672,
            -30.151334
          ]
        ],
        "type": "LineString"
      },
      "properties": {
        "AGE_NOME": "NEOENERGIA LAGOA DOS PATOS TRANSMISS\u00c3O DE ENERGIA S.A.         ",
        "DTENTRADA": null,
        "DTPAR": null,
        "DTPREVISTA": 1805673600000,
        "EQP_ID": "RSCPS-5SID21SC      ",
        "EXT": 251.5,
        "INS_ID": "RSCAP ",
        "NOMELONGO": "LT  525 kV CAPIVARI SUL         / SIDEROPOLIS 2        C 1  RS/SC       ",
        "NOMEREDE": "BASICA         ",
        "NUMDOC": "004/2018  ",
        "OBJECTID": 1966,
        "R": 0.152,
        "S": 301.2,
        "SHAPE.STLength()": 2.0936799326828224,
        "STR_DTENTRADA": null,
        "STR_DTPAR": null,
        "STR_DTPREVISTA": "22/03/2027",
        "TPCPR_ID": null,
        "TPEQP_ID": "LTR",
        "VAL_CAPACOPERCOMFATORCD": 4000,
        "VAL_CAPACOPERLD": 3800,
        "VAL_CAPACOPERSEMFATORCD": 4000,
        "VAL_CORRPROJETOLD": 3800,
        "VAL_FATORLIMITANTECD": "",
        "VAL_FATORLIMITANTELD": "",
        "VN": 525,
        "X": 2.737
      },
      "type": "Feature"
    },
    {
      "geometry": {
        "coordinates": [
          [
            -55.757269,
            -30.785728
          ],
          [
            -55.595676,
            -30.762146
          ],
          [
            -55.562055,
            -30.742301
          ],
          [
            -53.905166,
            -29.764278
          ],
          [
            -53.876137,
            -29.681973
          ]
        ],
        "type": "LineString"
      },
      "properties": {
        "AGE_NOME": "NEOENERGIA LAGOA DOS PATOS TRANSMISS\u00c3O DE ENERGIA S.A.         ",
        "DTENTRADA": 1692403200000,
        "DTPAR": null,
        "DTPREVISTA": 1687392000000,
        "EQP_ID": "RSLIV32SMA32        ",
        "EXT": 244.5,
        "INS_ID": "RSLIV3",
        "NOMELONGO": "LT  230 kV LIVRAMENTO 3         / SANTA MARIA 3        C 2  RS          ",
        "NOMEREDE": "BASICA         ",
        "NUMDOC": "004/2018  ",
        "OBJECTID": 1967,
        "R": 1.704,
        "S": 56.2,
        "SHAPE.STLength()": 2.213629010873541,
        "STR_DTENTRADA": "19/08/2023",
        "STR_DTPAR": null,
        "STR_DTPREVISTA": "22/06/2023",
        "TPCPR_ID": null,
        "TPEQP_ID": "LTR",
        "VAL_CAPACOPERCOMFATORCD": 1700,
        "VAL_CAPACOPERLD": 1380,
        "VAL_CAPACOPERSEMFATORCD": 1700,
        "VAL_CORRPROJETOLD": 1380,
        "VAL_FATORLIMITANTECD": "",
        "VAL_FATORLIMITANTELD": "",
        "VN": 230,
        "X": 14.678
      },
      "type": "Feature"
    },
    {
      "geometry": {
        "coordinates": [
          [
            -49.518889,
            -28.751876
          ],
          [
            -49.518889,
            -28.720222
          ],
          [
            -49.464,
            -28.620146
          ],
          [
            -49.441605,
            -28.579314
          ],
          [
            -49.40978,
            -28.555704
          ]
        ],
        "type": "LineString"
      },
      "properties": {
        "AGE_NOME": "NEOENERGIA LAGOA DOS PATOS TRANSMISS\u00c3O DE ENERGIA S.A.         ",
        "DTENTRADA": 1718323200000,
        "DTPAR": null,
        "DTPREVISTA": 1706659200000,
        "EQP_ID": "SCFHA-2SID22        ",
        "EXT": 28,
        "INS_ID": "SCFHA ",
        "NOMELONGO": "LT  230 kV FORQUILHINHA         / SIDEROPOLIS 2        C 2  SC          ",
        "NOMEREDE": "BASICA         ",
        "NUMDOC": "004/2018  ",
        "OBJECTID": 1968,
        "R": 0.366,
        "S": 5.1,
        "SHAPE.STLength()": 0.23199101851756812,
        "STR_DTENTRADA": "14/06/2024",
        "STR_DTPAR": null,
        "STR_DTPREVISTA": "31/01/2024",
        "TPCPR_ID": null,
        "TPEQP_ID": "LTR",
        "VAL_CAPACOPERCOMFATORCD": 1090,
        "VAL_CAPACOPERLD": 860,
        "VAL_CAPACOPERSEMFATORCD": 1090,
        "VAL_CORRPROJETOLD": 860,
        "VAL_FATORLIMITANTECD": "",
        "VAL_FATORLIMITANTELD": "",
        "VN": 230,
        "X": 2.594
      },
      "type": "Feature"
    },
    {
      "geometry": {
        "coordinates": [
          [
            -51.091954,
            -26.999685
          ],
          [
            -51.083285,
            -27.005137
          ],
          [
            -51.076087,
            -27.018278
          ],
          [
            -51.002066,
            -27.405468
          ],
          [
            -50.98704,
            -27.484063
          ],
          [
            -50.987003,
            -27.484261
          ],
          [
            -50.984004,
            -27.499948
          ],
          [
            -51.067515,
            -27.569211
          ]
        ],
        "type": "LineString"
      },
      "properties": {
        "AGE_NOME": "PITIGUARI TRANSMISSORA DE ENERGIA ELETRICA S/A                 ",
        "DTENTRADA": null,
        "DTPAR": null,
        "DTPREVISTA": 1743292800000,
        "EQP_ID": "SCABT-2VID-1        ",
        "EXT": 67.7,
        "INS_ID": "SCATA ",
        "NOMELONGO": "LT  230 kV ABDON BATISTA        / VIDEIRA              C 1  SC          ",
        "NOMEREDE": "BASICA         ",
        "NUMDOC": "001/2022  ",
        "OBJECTID": 1973,
        "R": 0.864,
        "S": 18.39,
        "SHAPE.STLength()": 0.6241140550818369,
        "STR_DTENTRADA": null,
        "STR_DTPAR": null,
        "STR_DTPREVISTA": "30/03/2025",
        "TPCPR_ID": null,
        "TPEQP_ID": "LTR",
        "VAL_CAPACOPERCOMFATORCD": 1425,
        "VAL_CAPACOPERLD": 1130,
        "VAL_CAPACOPERSEMFATORCD": 1425,
        "VAL_CORRPROJETOLD": 1130,
        "VAL_FATORLIMITANTECD": "",
        "VAL_FATORLIMITANTELD": "",
        "VN": 230,
        "X": 4.6
      },
      "type": "Feature"
    },
    {
      "geometry": {
        "coordinates": [
          [
            -51.091954,
            -26.999685
          ],
          [
            -51.083285,
            -27.005137
          ],
          [
            -51.076087,
            -27.018278
          ],
          [
            -51.002066,
            -27.405468
          ],
          [
            -50.98704,
            -27.484063
          ],
          [
            -50.987003,
            -27.484261
          ],
          [
            -50.984004,
            -27.499948
          ],
          [
            -51.067515,
            -27.569211
          ]
        ],
        "type": "LineString"
      },
      "properties": {
        "AGE_NOME": "PITIGUARI TRANSMISSORA DE ENERGIA ELETRICA S/A                 ",
        "DTENTRADA": null,
        "DTPAR": null,
        "DTPREVISTA": 1743292800000,
        "EQP_ID": "SCABT-2VID-1        ",
        "EXT": 67.7,
        "INS_ID": "SCATA ",
        "NOMELONGO": "LT  230 kV ABDON BATISTA        / VIDEIRA              C 1  SC          ",
        "NOMEREDE": "BASICA         ",
        "NUMDOC": "001/2022  ",
        "OBJECTID": 1974,
        "R": 0.864,
        "S": 18.39,
        "SHAPE.STLength()": 0.6241140550818369,
        "STR_DTENTRADA": null,
        "STR_DTPAR": null,
        "STR_DTPREVISTA": "30/03/2025",
        "TPCPR_ID": null,
        "TPEQP_ID": "LTR",
        "VAL_CAPACOPERCOMFATORCD": 1425,
        "VAL_CAPACOPERLD": 1130,
        "VAL_CAPACOPERSEMFATORCD": 1425,
        "VAL_CORRPROJETOLD": 1130,
        "VAL_FATORLIMITANTECD": "",
        "VAL_FATORLIMITANTELD": "",
        "VN": 230,
        "X": 4.6
      },
      "type": "Feature"
    },
    {
      "geometry": {
        "coordinates": [
          [
            -51.091936,
            -26.998672
          ],
          [
            -51.078262,
            -26.990646
          ],
          [
            -51.053357,
            -27.008887
          ],
          [
            -50.978979,
            -27.397961
          ],
          [
            -50.962522,
            -27.484046
          ],
          [
            -50.962479,
            -27.484269
          ],
          [
            -50.956632,
            -27.514855
          ],
          [
            -51.06737,
            -27.569389
          ]
        ],
        "type": "LineString"
      },
      "properties": {
        "AGE_NOME": "PITIGUARI TRANSMISSORA DE ENERGIA ELETRICA S/A                 ",
        "DTENTRADA": null,
        "DTPAR": null,
        "DTPREVISTA": 1743292800000,
        "EQP_ID": "SCABT-2VID-2        ",
        "EXT": 67.7,
        "INS_ID": "SCATA ",
        "NOMELONGO": "LT  230 kV ABDON BATISTA        / VIDEIRA              C 2  SC          ",
        "NOMEREDE": "BASICA         ",
        "NUMDOC": "001/2022  ",
        "OBJECTID": 1975,
        "R": 0.864,
        "S": 18.39,
        "SHAPE.STLength()": 0.6852935644293906,
        "STR_DTENTRADA": null,
        "STR_DTPAR": null,
        "STR_DTPREVISTA": "30/03/2025",
        "TPCPR_ID": null,
        "TPEQP_ID": "LTR",
        "VAL_CAPACOPERCOMFATORCD": 1425,
        "VAL_CAPACOPERLD": 1130,
        "VAL_CAPACOPERSEMFATORCD": 1425,
        "VAL_CORRPROJETOLD": 1130,
        "VAL_FATORLIMITANTECD": "",
        "VAL_FATORLIMITANTELD": "",
        "VN": 230,
        "X": 4.6
      },
      "type": "Feature"
    },
    {
      "geometry": {
        "coordinates": [
          [
            -51.091936,
            -26.998672
          ],
          [
            -51.078262,
            -26.990646
          ],
          [
            -51.053357,
            -27.008887
          ],
          [
            -50.978979,
            -27.397961
          ],
          [
            -50.962522,
            -27.484046
          ],
          [
            -50.962479,
            -27.484269
          ],
          [
            -50.956632,
            -27.514855
          ],
          [
            -51.06737,
            -27.569389
          ]
        ],
        "type": "LineString"
      },
      "properties": {
        "AGE_NOME": "PITIGUARI TRANSMISSORA DE ENERGIA ELETRICA S/A                 ",
        "DTENTRADA": null,
        "DTPAR": null,
        "DTPREVISTA": 1743292800000,
        "EQP_ID": "SCABT-2VID-2        ",
        "EXT": 67.7,
        "INS_ID": "SCATA ",
        "NOMELONGO": "LT  230 kV ABDON BATISTA        / VIDEIRA              C 2  SC          ",
        "NOMEREDE": "BASICA         ",
        "NUMDOC": "001/2022  ",
        "OBJECTID": 1976,
        "R": 0.864,
        "S": 18.39,
        "SHAPE.STLength()": 0.6852935644293906,
        "STR_DTENTRADA": null,
        "STR_DTPAR": null,
        "STR_DTPREVISTA": "30/03/2025",
        "TPCPR_ID": null,
        "TPEQP_ID": "LTR",
        "VAL_CAPACOPERCOMFATORCD": 1425,
        "VAL_CAPACOPERLD": 1130,
        "VAL_CAPACOPERSEMFATORCD": 1425,
        "VAL_CORRPROJETOLD": 1130,
        "VAL_FATORLIMITANTECD": "",
        "VAL_FATORLIMITANTELD": "",
        "VN": 230,
        "X": 4.6
      },
      "type": "Feature"
    },
    {
      "geometry": {
        "coordinates": [
          [
            -51.069135,
            -27.570271
          ],
          [
            -51.086868,
            -27.579268
          ],
          [
            -51.183564,
            -27.735482
          ],
          [
            -51.183339,
            -27.768265
          ]
        ],
        "type": "LineString"
      },
      "properties": {
        "AGE_NOME": "PITIGUARI TRANSMISSORA DE ENERGIA ELETRICA S/A                 ",
        "DTENTRADA": 1735516800000,
        "DTPAR": null,
        "DTPREVISTA": 1732838400000,
        "EQP_ID": "SCABT-2BGR-3        ",
        "EXT": 26,
        "INS_ID": "SCATA ",
        "NOMELONGO": "LT  230 kV ABDON BATISTA        / BARRA GRANDE         C 3  SC          ",
        "NOMEREDE": "BASICA         ",
        "NUMDOC": "001/2022  ",
        "OBJECTID": 1977,
        "R": 0.273,
        "S": 4.5,
        "SHAPE.STLength()": 0.23638812908177795,
        "STR_DTENTRADA": "30/12/2024",
        "STR_DTPAR": null,
        "STR_DTPREVISTA": "29/11/2024",
        "TPCPR_ID": null,
        "TPEQP_ID": "LTR",
        "VAL_CAPACOPERCOMFATORCD": 1170,
        "VAL_CAPACOPERLD": 880,
        "VAL_CAPACOPERSEMFATORCD": 1170,
        "VAL_CORRPROJETOLD": 880,
        "VAL_FATORLIMITANTECD": "",
        "VAL_FATORLIMITANTELD": "",
        "VN": 230,
        "X": 2.234
      },
      "type": "Feature"
    },
    {
      "geometry": {
        "coordinates": [
          [
            -51.069135,
            -27.570271
          ],
          [
            -51.086868,
            -27.579268
          ],
          [
            -51.183564,
            -27.735482
          ],
          [
            -51.183339,
            -27.768265
          ]
        ],
        "type": "LineString"
      },
      "properties": {
        "AGE_NOME": "PITIGUARI TRANSMISSORA DE ENERGIA ELETRICA S/A                 ",
        "DTENTRADA": 1735516800000,
        "DTPAR": null,
        "DTPREVISTA": 1732838400000,
        "EQP_ID": "SCABT-2BGR-3        ",
        "EXT": 26,
        "INS_ID": "SCATA ",
        "NOMELONGO": "LT  230 kV ABDON BATISTA        / BARRA GRANDE         C 3  SC          ",
        "NOMEREDE": "BASICA         ",
        "NUMDOC": "001/2022  ",
        "OBJECTID": 1978,
        "R": 0.273,
        "S": 4.5,
        "SHAPE.STLength()": 0.23638812908177795,
        "STR_DTENTRADA": "30/12/2024",
        "STR_DTPAR": null,
        "STR_DTPREVISTA": "29/11/2024",
        "TPCPR_ID": null,
        "TPEQP_ID": "LTR",
        "VAL_CAPACOPERCOMFATORCD": 1170,
        "VAL_CAPACOPERLD": 880,
        "VAL_CAPACOPERSEMFATORCD": 1170,
        "VAL_CORRPROJETOLD": 880,
        "VAL_FATORLIMITANTECD": "",
        "VAL_FATORLIMITANTELD": "",
        "VN": 230,
        "X": 2.234
      },
      "type": "Feature"
    },
    {
      "geometry": {
        "coordinates": [
          [
            -53.022662,
            -26.821157
          ],
          [
            -52.933039,
            -26.843996
          ],
          [
            -52.728049,
            -26.995111
          ],
          [
            -52.721123,
            -27.000216
          ],
          [
            -52.541183,
            -27.132865
          ],
          [
            -52.533041,
            -27.138867
          ],
          [
            -52.443592,
            -27.204807
          ],
          [
            -52.407388,
            -27.270857
          ]
        ],
        "type": "LineString"
      },
      "properties": {
        "AGE_NOME": "CPFL TRANSMISS\u00c3O DE ENERGIA SUL I LTDA.                        ",
        "DTENTRADA": 1675209600000,
        "DTPAR": 1675123200000,
        "DTPREVISTA": 1664496000000,
        "EQP_ID": "SCYTA-5PIN21        ",
        "EXT": 105,
        "INS_ID": "SCYTA ",
        "NOMELONGO": "LT  230 kV ITA                  / PINHALZINHO 2        C 1  SC          ",
        "NOMEREDE": "BASICA         ",
        "NUMDOC": "004/2018  ",
        "OBJECTID": 1979,
        "R": 1.268,
        "S": 24.7,
        "SHAPE.STLength()": 0.7758728675216463,
        "STR_DTENTRADA": "01/02/2023",
        "STR_DTPAR": "31/01/2023",
        "STR_DTPREVISTA": "30/09/2022",
        "TPCPR_ID": null,
        "TPEQP_ID": "LTR",
        "VAL_CAPACOPERCOMFATORCD": 1425,
        "VAL_CAPACOPERLD": 1130,
        "VAL_CAPACOPERSEMFATORCD": 1425,
        "VAL_CORRPROJETOLD": 1130,
        "VAL_FATORLIMITANTECD": "",
        "VAL_FATORLIMITANTELD": "",
        "VN": 230,
        "X": 6.881
      },
      "type": "Feature"
    },
    {
      "geometry": {
        "coordinates": [
          [
            -53.02263,
            -26.820812
          ],
          [
            -52.912201,
            -26.809884
          ],
          [
            -52.688133,
            -26.978277
          ],
          [
            -52.681283,
            -26.983425
          ],
          [
            -52.524541,
            -27.101221
          ],
          [
            -52.516443,
            -27.107307
          ],
          [
            -52.437573,
            -27.16658
          ],
          [
            -52.407199,
            -27.270794
          ]
        ],
        "type": "LineString"
      },
      "properties": {
        "AGE_NOME": "CPFL TRANSMISS\u00c3O DE ENERGIA SUL I LTDA.                        ",
        "DTENTRADA": 1675209600000,
        "DTPAR": 1675123200000,
        "DTPREVISTA": 1664496000000,
        "EQP_ID": "SCYTA-5PIN22        ",
        "EXT": 105,
        "INS_ID": "SCYTA ",
        "NOMELONGO": "LT  230 kV ITA                  / PINHALZINHO 2        C 2  SC          ",
        "NOMEREDE": "BASICA         ",
        "NUMDOC": "004/2018  ",
        "OBJECTID": 1980,
        "R": 1.273,
        "S": 24.8,
        "SHAPE.STLength()": 0.8132388148272286,
        "STR_DTENTRADA": "01/02/2023",
        "STR_DTPAR": "31/01/2023",
        "STR_DTPREVISTA": "30/09/2022",
        "TPCPR_ID": null,
        "TPEQP_ID": "LTR",
        "VAL_CAPACOPERCOMFATORCD": 1425,
        "VAL_CAPACOPERLD": 1130,
        "VAL_CAPACOPERSEMFATORCD": 1425,
        "VAL_CORRPROJETOLD": 1130,
        "VAL_FATORLIMITANTECD": "",
        "VAL_FATORLIMITANTELD": "",
        "VN": 230,
        "X": 6.865
      },
      "type": "Feature"
    },
    {
      "geometry": {
        "coordinates": [
          [
            -52.392684,
            -26.862782
          ],
          [
            -52.378895,
            -26.893882
          ],
          [
            -52.349102,
            -27.176073
          ],
          [
            -52.403566,
            -27.266346
          ],
          [
            -52.406446,
            -27.270882
          ]
        ],
        "type": "LineString"
      },
      "properties": {
        "AGE_NOME": "CPFL TRANSMISS\u00c3O DE ENERGIA SUL I LTDA.                        ",
        "DTENTRADA": 1668038400000,
        "DTPAR": 1675123200000,
        "DTPREVISTA": 1664496000000,
        "EQP_ID": "SCYTA-2XAN-1        ",
        "EXT": 55,
        "INS_ID": "SCYTA ",
        "NOMELONGO": "LT  230 kV ITA                  / XANXERE ESU          C 1  SC          ",
        "NOMEREDE": "BASICA         ",
        "NUMDOC": "004/2018  ",
        "OBJECTID": 1981,
        "R": 0.668,
        "S": 13,
        "SHAPE.STLength()": 0.4285823677114758,
        "STR_DTENTRADA": "10/11/2022",
        "STR_DTPAR": "31/01/2023",
        "STR_DTPREVISTA": "30/09/2022",
        "TPCPR_ID": null,
        "TPEQP_ID": "LTR",
        "VAL_CAPACOPERCOMFATORCD": 1425,
        "VAL_CAPACOPERLD": 1130,
        "VAL_CAPACOPERSEMFATORCD": 1425,
        "VAL_CORRPROJETOLD": 1130,
        "VAL_FATORLIMITANTECD": "",
        "VAL_FATORLIMITANTELD": "",
        "VN": 230,
        "X": 3.618
      },
      "type": "Feature"
    },
    {
      "geometry": {
        "coordinates": [
          [
            -52.392259,
            -26.862495
          ],
          [
            -52.346856,
            -26.893902
          ],
          [
            -52.317568,
            -27.175399
          ],
          [
            -52.379988,
            -27.246862
          ],
          [
            -52.406241,
            -27.27102
          ]
        ],
        "type": "LineString"
      },
      "properties": {
        "AGE_NOME": "CPFL TRANSMISS\u00c3O DE ENERGIA SUL I LTDA.                        ",
        "DTENTRADA": 1668038400000,
        "DTPAR": 1675123200000,
        "DTPREVISTA": 1663632000000,
        "EQP_ID": "SCYTA-2XAN-2        ",
        "EXT": 55,
        "INS_ID": "SCYTA ",
        "NOMELONGO": "LT  230 kV ITA                  / XANXERE ESU          C 2  SC          ",
        "NOMEREDE": "BASICA         ",
        "NUMDOC": "004/2018  ",
        "OBJECTID": 1982,
        "R": 0.671,
        "S": 13,
        "SHAPE.STLength()": 0.468786340168821,
        "STR_DTENTRADA": "10/11/2022",
        "STR_DTPAR": "31/01/2023",
        "STR_DTPREVISTA": "20/09/2022",
        "TPCPR_ID": null,
        "TPEQP_ID": "LTR",
        "VAL_CAPACOPERCOMFATORCD": 1425,
        "VAL_CAPACOPERLD": 1130,
        "VAL_CAPACOPERSEMFATORCD": 1425,
        "VAL_CORRPROJETOLD": 1130,
        "VAL_FATORLIMITANTECD": "",
        "VAL_FATORLIMITANTELD": "",
        "VN": 230,
        "X": 3.61
      },
      "type": "Feature"
    },
    {
      "geometry": {
        "coordinates": [
          [
            -49.179205,
            -26.441382
          ],
          [
            -49.142893,
            -26.46645
          ],
          [
            -49.079744,
            -26.510043
          ],
          [
            -49.030028,
            -26.544364
          ],
          [
            -49.015369,
            -26.554484
          ],
          [
            -48.997018,
            -26.567152
          ],
          [
            -48.977531,
            -26.580604
          ]
        ],
        "type": "LineString"
      },
      "properties": {
        "AGE_NOME": "COMPANHIA DE GERA\u00c7\u00c3O E TRANSMISS\u00c3O DE ENERGIA EL\u00c9TRICA DO SUL D",
        "DTENTRADA": null,
        "DTPAR": null,
        "DTPREVISTA": 1734652800000,
        "EQP_ID": "SCBLU-2JAS-2        ",
        "EXT": 19,
        "INS_ID": "SCBLU ",
        "NOMELONGO": "LT  230 kV BLUMENAU             / JARAGUA DO SUL       C 2  SC          ",
        "NOMEREDE": "BASICA         ",
        "NUMDOC": "004/2018  ",
        "OBJECTID": 1985,
        "R": 1.166,
        "S": 14,
        "SHAPE.STLength()": 0.24506126318119667,
        "STR_DTENTRADA": null,
        "STR_DTPAR": null,
        "STR_DTPREVISTA": "20/12/2024",
        "TPCPR_ID": null,
        "TPEQP_ID": "LTR",
        "VAL_CAPACOPERCOMFATORCD": null,
        "VAL_CAPACOPERLD": null,
        "VAL_CAPACOPERSEMFATORCD": null,
        "VAL_CORRPROJETOLD": null,
        "VAL_FATORLIMITANTECD": null,
        "VAL_FATORLIMITANTELD": null,
        "VN": 230,
        "X": 6.252
      },
      "type": "Feature"
    },
    {
      "geometry": {
        "coordinates": [
          [
            -49.179025,
            -26.44104
          ],
          [
            -49.146589,
            -26.447906
          ],
          [
            -49.079887,
            -26.462028
          ],
          [
            -48.967204,
            -26.485883
          ],
          [
            -48.945722,
            -26.490431
          ]
        ],
        "type": "LineString"
      },
      "properties": {
        "AGE_NOME": "COMPANHIA DE GERA\u00c7\u00c3O E TRANSMISS\u00c3O DE ENERGIA EL\u00c9TRICA DO SUL D",
        "DTENTRADA": null,
        "DTPAR": null,
        "DTPREVISTA": 1734652800000,
        "EQP_ID": "SCJAS-2JOI-1        ",
        "EXT": 19,
        "INS_ID": "SCJGSL",
        "NOMELONGO": "LT  230 kV JARAGUA DO SUL       / JOINVILLE            C 1  SC          ",
        "NOMEREDE": "BASICA         ",
        "NUMDOC": "004/2018  ",
        "OBJECTID": 1986,
        "R": 0.612,
        "S": 9.3,
        "SHAPE.STLength()": 0.23847394958583196,
        "STR_DTENTRADA": null,
        "STR_DTPAR": null,
        "STR_DTPREVISTA": "20/12/2024",
        "TPCPR_ID": null,
        "TPEQP_ID": "LTR",
        "VAL_CAPACOPERCOMFATORCD": null,
        "VAL_CAPACOPERLD": null,
        "VAL_CAPACOPERSEMFATORCD": null,
        "VAL_CORRPROJETOLD": null,
        "VAL_FATORLIMITANTECD": null,
        "VAL_FATORLIMITANTELD": null,
        "VN": 230,
        "X": 3.51
      },
      "type": "Feature"
    },
    {
      "geometry": {
        "coordinates": [
          [
            -51.279617,
            -29.058477
          ],
          [
            -51.283126,
            -29.1474
          ],
          [
            -51.19218,
            -29.265883
          ]
        ],
        "type": "LineString"
      },
      "properties": {
        "AGE_NOME": "COMPANHIA DE GERA\u00c7\u00c3O E TRANSMISS\u00c3O DE ENERGIA EL\u00c9TRICA DO SUL D",
        "DTENTRADA": 1734048000000,
        "DTPAR": 1742428800000,
        "DTPREVISTA": 1732924800000,
        "EQP_ID": "RSCXN-5CAX-1        ",
        "EXT": 40.2,
        "INS_ID": "RSCXN ",
        "NOMELONGO": "LT  525 kV CAXIAS NORTE         / CAXIAS               C 1  RS          ",
        "NOMEREDE": "BASICA         ",
        "NUMDOC": "002/2019  ",
        "OBJECTID": 1989,
        "R": 0.039,
        "S": 59.3,
        "SHAPE.STLength()": 0.23835586306531045,
        "STR_DTENTRADA": "13/12/2024",
        "STR_DTPAR": "20/03/2025",
        "STR_DTPREVISTA": "30/11/2024",
        "TPCPR_ID": null,
        "TPEQP_ID": "LTR",
        "VAL_CAPACOPERCOMFATORCD": null,
        "VAL_CAPACOPERLD": null,
        "VAL_CAPACOPERSEMFATORCD": null,
        "VAL_CORRPROJETOLD": null,
        "VAL_FATORLIMITANTECD": null,
        "VAL_FATORLIMITANTELD": null,
        "VN": 525,
        "X": 0.453
      },
      "type": "Feature"
    },
    {
      "geometry": {
        "coordinates": [
          [
            -51.279896,
            -29.05833
          ],
          [
            -51.41742,
            -27.541454
          ]
        ],
        "type": "LineString"
      },
      "properties": {
        "AGE_NOME": "COMPANHIA DE GERA\u00c7\u00c3O E TRANSMISS\u00c3O DE ENERGIA EL\u00c9TRICA DO SUL D",
        "DTENTRADA": 1734048000000,
        "DTPAR": 1742428800000,
        "DTPREVISTA": 1732924800000,
        "EQP_ID": "SCCNO-5CXN-1RS      ",
        "EXT": 185.85,
        "INS_ID": "SCCNO ",
        "NOMELONGO": "LT  525 kV C.NOVOS              / CAXIAS NORTE         C 1  SC/RS       ",
        "NOMEREDE": "BASICA         ",
        "NUMDOC": "002/2019  ",
        "OBJECTID": 1990,
        "R": 0.178,
        "S": 265.5,
        "SHAPE.STLength()": 1.5230983128663063,
        "STR_DTENTRADA": "13/12/2024",
        "STR_DTPAR": "20/03/2025",
        "STR_DTPREVISTA": "30/11/2024",
        "TPCPR_ID": null,
        "TPEQP_ID": "LTR",
        "VAL_CAPACOPERCOMFATORCD": null,
        "VAL_CAPACOPERLD": null,
        "VAL_CAPACOPERSEMFATORCD": null,
        "VAL_CORRPROJETOLD": null,
        "VAL_FATORLIMITANTECD": null,
        "VAL_FATORLIMITANTELD": null,
        "VN": 525,
        "X": 2.137
      },
      "type": "Feature"
    },
    {
      "geometry": {
        "coordinates": [
          [
            -51.122953,
            -29.164944
          ],
          [
            -51.128893,
            -29.134721
          ],
          [
            -51.131701,
            -29.120103
          ],
          [
            -51.13364,
            -29.11001
          ],
          [
            -51.279323,
            -29.059498
          ]
        ],
        "type": "LineString"
      },
      "properties": {
        "AGE_NOME": "INTERLIGA\u00c7\u00c3O EL\u00c9TRICA EVRECY S.A.                              ",
        "DTENTRADA": 1730332800000,
        "DTPAR": 1609286400000,
        "DTPREVISTA": 1727568000000,
        "EQP_ID": "RSCXN-2CAX61        ",
        "EXT": 24.68,
        "INS_ID": "RSCXN ",
        "NOMELONGO": "LT  230 kV CAXIAS NORTE         / CAXIAS 6             C 1  RS          ",
        "NOMEREDE": "BASICA         ",
        "NUMDOC": "002/2019  ",
        "OBJECTID": 1991,
        "R": 0.224,
        "S": 7,
        "SHAPE.STLength()": 0.21015543815147958,
        "STR_DTENTRADA": "31/10/2024",
        "STR_DTPAR": "30/12/2020",
        "STR_DTPREVISTA": "29/09/2024",
        "TPCPR_ID": null,
        "TPEQP_ID": "LTR",
        "VAL_CAPACOPERCOMFATORCD": 1425,
        "VAL_CAPACOPERLD": 1130,
        "VAL_CAPACOPERSEMFATORCD": 1425,
        "VAL_CORRPROJETOLD": 1130,
        "VAL_FATORLIMITANTECD": "",
        "VAL_FATORLIMITANTELD": "",
        "VN": 230,
        "X": 1.441
      },
      "type": "Feature"
    },
    {
      "geometry": {
        "coordinates": [
          [
            -51.280578,
            -29.058628
          ],
          [
            -51.311232,
            -29.006953
          ],
          [
            -52.303266,
            -27.333575
          ],
          [
            -52.405898,
            -27.272133
          ]
        ],
        "type": "LineString"
      },
      "properties": {
        "AGE_NOME": "COMPANHIA DE GERA\u00c7\u00c3O E TRANSMISS\u00c3O DE ENERGIA EL\u00c9TRICA DO SUL D",
        "DTENTRADA": 1730332800000,
        "DTPAR": 1742428800000,
        "DTPREVISTA": 1732924800000,
        "EQP_ID": "SCYTA-5CXN-1RS      ",
        "EXT": 247.16,
        "INS_ID": "SCYTA ",
        "NOMELONGO": "LT  525 kV ITA                  / CAXIAS NORTE         C 1  SC/RS       ",
        "NOMEREDE": "BASICA         ",
        "NUMDOC": "002/2019  ",
        "OBJECTID": 1992,
        "R": 0.171,
        "S": 344.5,
        "SHAPE.STLength()": 2.1250347237040366,
        "STR_DTENTRADA": "31/10/2024",
        "STR_DTPAR": "20/03/2025",
        "STR_DTPREVISTA": "30/11/2024",
        "TPCPR_ID": null,
        "TPEQP_ID": "LTR",
        "VAL_CAPACOPERCOMFATORCD": null,
        "VAL_CAPACOPERLD": null,
        "VAL_CAPACOPERSEMFATORCD": null,
        "VAL_CORRPROJETOLD": null,
        "VAL_FATORLIMITANTECD": null,
        "VAL_FATORLIMITANTELD": null,
        "VN": 525,
        "X": 2.957
      },
      "type": "Feature"
    },
    {
      "geometry": {
        "coordinates": [
          [
            -51.280904,
            -29.059882
          ],
          [
            -51.273043,
            -29.152194
          ],
          [
            -51.192029,
            -29.265841
          ]
        ],
        "type": "LineString"
      },
      "properties": {
        "AGE_NOME": "COMPANHIA DE GERA\u00c7\u00c3O E TRANSMISS\u00c3O DE ENERGIA EL\u00c9TRICA DO SUL D",
        "DTENTRADA": 1730332800000,
        "DTPAR": 1742428800000,
        "DTPREVISTA": 1732924800000,
        "EQP_ID": "RSCXN-5CAX-2        ",
        "EXT": 31.27,
        "INS_ID": "RSCXN ",
        "NOMELONGO": "LT  525 kV CAXIAS NORTE         / CAXIAS               C 2  RS          ",
        "NOMEREDE": "BASICA         ",
        "NUMDOC": "002/2019  ",
        "OBJECTID": 1993,
        "R": 0.025,
        "S": 44.9,
        "SHAPE.STLength()": 0.2322126273439196,
        "STR_DTENTRADA": "31/10/2024",
        "STR_DTPAR": "20/03/2025",
        "STR_DTPREVISTA": "30/11/2024",
        "TPCPR_ID": null,
        "TPEQP_ID": "LTR",
        "VAL_CAPACOPERCOMFATORCD": null,
        "VAL_CAPACOPERLD": null,
        "VAL_CAPACOPERSEMFATORCD": null,
        "VAL_CORRPROJETOLD": null,
        "VAL_FATORLIMITANTECD": null,
        "VAL_FATORLIMITANTELD": null,
        "VN": 525,
        "X": 0.359
      },
      "type": "Feature"
    },
    {
      "geometry": {
        "coordinates": [
          [
            -51.279984,
            -29.060031
          ],
          [
            -51.243814,
            -29.166462
          ],
          [
            -51.239415,
            -29.179406
          ]
        ],
        "type": "LineString"
      },
      "properties": {
        "AGE_NOME": "CPFL TRANSMISSAO S.A.                                          ",
        "DTENTRADA": 1741478400000,
        "DTPAR": 1742428800000,
        "DTPREVISTA": 1732924800000,
        "EQP_ID": "RSFAR-2CXN-1        ",
        "EXT": 22.6,
        "INS_ID": "RSFAR ",
        "NOMELONGO": "LT  230 kV FARROUPILHA          / CAXIAS NORTE         C 2  RS          ",
        "NOMEREDE": "BASICA         ",
        "NUMDOC": "002/2019  ",
        "OBJECTID": 1994,
        "R": 0.318,
        "S": 3,
        "SHAPE.STLength()": 0.1260806481091308,
        "STR_DTENTRADA": "09/03/2025",
        "STR_DTPAR": "20/03/2025",
        "STR_DTPREVISTA": "30/11/2024",
        "TPCPR_ID": null,
        "TPEQP_ID": "LTR",
        "VAL_CAPACOPERCOMFATORCD": null,
        "VAL_CAPACOPERLD": null,
        "VAL_CAPACOPERSEMFATORCD": null,
        "VAL_CORRPROJETOLD": null,
        "VAL_FATORLIMITANTECD": null,
        "VAL_FATORLIMITANTELD": null,
        "VN": 230,
        "X": 1.494
      },
      "type": "Feature"
    },
    {
      "geometry": {
        "coordinates": [
          [
            -51.279916,
            -29.06001
          ],
          [
            -51.236298,
            -29.161566
          ],
          [
            -51.230427,
            -29.175235
          ]
        ],
        "type": "LineString"
      },
      "properties": {
        "AGE_NOME": "CPFL TRANSMISSAO S.A.                                          ",
        "DTENTRADA": 1741478400000,
        "DTPAR": 1742428800000,
        "DTPREVISTA": 1732924800000,
        "EQP_ID": "RSCXN-2CAX21        ",
        "EXT": 15.87,
        "INS_ID": "RSCXN ",
        "NOMELONGO": "LT  230 kV CAXIAS NORTE         / CAXIAS SUL 2         C 1  RS          ",
        "NOMEREDE": "BASICA         ",
        "NUMDOC": "002/2019  ",
        "OBJECTID": 1995,
        "R": 0.425,
        "S": 4,
        "SHAPE.STLength()": 0.12540264191223408,
        "STR_DTENTRADA": "09/03/2025",
        "STR_DTPAR": "20/03/2025",
        "STR_DTPREVISTA": "30/11/2024",
        "TPCPR_ID": null,
        "TPEQP_ID": "LTR",
        "VAL_CAPACOPERCOMFATORCD": null,
        "VAL_CAPACOPERLD": null,
        "VAL_CAPACOPERSEMFATORCD": null,
        "VAL_CORRPROJETOLD": null,
        "VAL_FATORLIMITANTECD": null,
        "VAL_FATORLIMITANTELD": null,
        "VN": 230,
        "X": 1.962
      },
      "type": "Feature"
    },
    {
      "geometry": {
        "coordinates": [
          [
            -51.281097,
            -29.059711
          ],
          [
            -51.322591,
            -29.087255
          ],
          [
            -51.336156,
            -29.093117
          ],
          [
            -51.365709,
            -29.10589
          ],
          [
            -51.38487,
            -29.110866
          ],
          [
            -51.439709,
            -29.125108
          ],
          [
            -51.447452,
            -29.132575
          ],
          [
            -51.453257,
            -29.138173
          ],
          [
            -51.462664,
            -29.147246
          ],
          [
            -51.472922,
            -29.157138
          ],
          [
            -51.474688,
            -29.180325
          ]
        ],
        "type": "LineString"
      },
      "properties": {
        "AGE_NOME": "INTERLIGA\u00c7\u00c3O EL\u00c9TRICA EVRECY S.A.                              ",
        "DTENTRADA": 1734048000000,
        "DTPAR": 1609286400000,
        "DTPREVISTA": 1732838400000,
        "EQP_ID": "RSCXN-2VIN-1        ",
        "EXT": 23.37,
        "INS_ID": "RSCXN ",
        "NOMELONGO": "LT  230 kV CAXIAS NORTE         / VINHEDOS             C 1  RS          ",
        "NOMEREDE": "BASICA         ",
        "NUMDOC": "002/2019  ",
        "OBJECTID": 1996,
        "R": 0.297,
        "S": 6.2,
        "SHAPE.STLength()": 0.2426269440664611,
        "STR_DTENTRADA": "13/12/2024",
        "STR_DTPAR": "30/12/2020",
        "STR_DTPREVISTA": "29/11/2024",
        "TPCPR_ID": null,
        "TPEQP_ID": "LTR",
        "VAL_CAPACOPERCOMFATORCD": 1425,
        "VAL_CAPACOPERLD": 1130,
        "VAL_CAPACOPERSEMFATORCD": 1425,
        "VAL_CORRPROJETOLD": 1130,
        "VAL_FATORLIMITANTECD": "",
        "VAL_FATORLIMITANTELD": "",
        "VN": 230,
        "X": 1.464
      },
      "type": "Feature"
    },
    {
      "geometry": {
        "coordinates": [
          [
            -51.281299,
            -29.059259
          ],
          [
            -51.358536,
            -29.066236
          ],
          [
            -51.375938,
            -29.067808
          ],
          [
            -51.385829,
            -29.066265
          ],
          [
            -51.510461,
            -29.046823
          ],
          [
            -51.5332,
            -29.039745
          ]
        ],
        "type": "LineString"
      },
      "properties": {
        "AGE_NOME": "INTERLIGA\u00c7\u00c3O EL\u00c9TRICA EVRECY S.A.                              ",
        "DTENTRADA": 1734048000000,
        "DTPAR": 1609286400000,
        "DTPREVISTA": 1732838400000,
        "EQP_ID": "RSCXN-2MCL-1        ",
        "EXT": 29.12,
        "INS_ID": "RSCXN ",
        "NOMELONGO": "LT  230 kV CAXIAS NORTE         / MONTE CLARO          C 1  RS          ",
        "NOMEREDE": "BASICA         ",
        "NUMDOC": "002/2019  ",
        "OBJECTID": 1997,
        "R": 0.37,
        "S": 7.7,
        "SHAPE.STLength()": 0.2549888267948747,
        "STR_DTENTRADA": "13/12/2024",
        "STR_DTPAR": "30/12/2020",
        "STR_DTPREVISTA": "29/11/2024",
        "TPCPR_ID": null,
        "TPEQP_ID": "LTR",
        "VAL_CAPACOPERCOMFATORCD": 1425,
        "VAL_CAPACOPERLD": 1130,
        "VAL_CAPACOPERSEMFATORCD": 1425,
        "VAL_CORRPROJETOLD": 1130,
        "VAL_FATORLIMITANTECD": "",
        "VAL_FATORLIMITANTELD": "",
        "VN": 230,
        "X": 1.825
      },
      "type": "Feature"
    },
    {
      "geometry": {
        "coordinates": [
          [
            -51.279712,
            -29.05992
          ],
          [
            -51.214139,
            -29.147135
          ]
        ],
        "type": "LineString"
      },
      "properties": {
        "AGE_NOME": "COMPANHIA DE GERA\u00c7\u00c3O E TRANSMISS\u00c3O DE ENERGIA EL\u00c9TRICA DO SUL D",
        "DTENTRADA": 1739664000000,
        "DTPAR": 1742428800000,
        "DTPREVISTA": 1732924800000,
        "EQP_ID": "RSCXN-2CAX51        ",
        "EXT": 16.09,
        "INS_ID": "RSCXN ",
        "NOMELONGO": "LT  230 kV CAXIAS NORTE         / CAXIAS SUL 5         C 1  RS          ",
        "NOMEREDE": "BASICA         ",
        "NUMDOC": "002/2019  ",
        "OBJECTID": 1998,
        "R": 0.316,
        "S": 3,
        "SHAPE.STLength()": 0.10911664788730392,
        "STR_DTENTRADA": "16/02/2025",
        "STR_DTPAR": "20/03/2025",
        "STR_DTPREVISTA": "30/11/2024",
        "TPCPR_ID": null,
        "TPEQP_ID": "LTR",
        "VAL_CAPACOPERCOMFATORCD": null,
        "VAL_CAPACOPERLD": null,
        "VAL_CAPACOPERSEMFATORCD": null,
        "VAL_CORRPROJETOLD": null,
        "VAL_FATORLIMITANTECD": null,
        "VAL_FATORLIMITANTELD": null,
        "VN": 230,
        "X": 1.478
      },
      "type": "Feature"
    },
    {
      "geometry": {
        "coordinates": [
          [
            -51.597279,
            -29.969625
          ],
          [
            -51.602364,
            -29.949384
          ]
        ],
        "type": "LineString"
      },
      "properties": {
        "AGE_NOME": "CPFL TRANSMISSAO S.A.                                          ",
        "DTENTRADA": 1733616000000,
        "DTPAR": 1735516800000,
        "DTPREVISTA": 1759190400000,
        "EQP_ID": "RSCHR32CHA-1        ",
        "EXT": 4.53,
        "INS_ID": "RSCHR3",
        "NOMELONGO": "LT  230 kV CHARQUEADAS3         / CHARQUEADAS          C 1  RS          ",
        "NOMEREDE": "BASICA         ",
        "NUMDOC": "001/2020  ",
        "OBJECTID": 2006,
        "R": 0.015,
        "S": 11.7,
        "SHAPE.STLength()": 0.020870263336550718,
        "STR_DTENTRADA": "08/12/2024",
        "STR_DTPAR": "30/12/2024",
        "STR_DTPREVISTA": "30/09/2025",
        "TPCPR_ID": null,
        "TPEQP_ID": "LTR",
        "VAL_CAPACOPERCOMFATORCD": 1000,
        "VAL_CAPACOPERLD": 790,
        "VAL_CAPACOPERSEMFATORCD": 1000,
        "VAL_CORRPROJETOLD": 790,
        "VAL_FATORLIMITANTECD": "",
        "VAL_FATORLIMITANTELD": "",
        "VN": 230,
        "X": 0.105
      },
      "type": "Feature"
    },
    {
      "geometry": {
        "coordinates": [
          [
            -51.595475,
            -29.948443
          ],
          [
            -51.596994,
            -29.969606
          ]
        ],
        "type": "LineString"
      },
      "properties": {
        "AGE_NOME": "CPFL TRANSMISSAO S.A.                                          ",
        "DTENTRADA": 1731801600000,
        "DTPAR": 1735516800000,
        "DTPREVISTA": 1759190400000,
        "EQP_ID": "RSCIN-0CHR31        ",
        "EXT": 53.88,
        "INS_ID": "RSCIN ",
        "NOMELONGO": "LT  230 kV C.INDUSTRIAL         / CHARQUEADAS3         C 1  RS          ",
        "NOMEREDE": "BASICA         ",
        "NUMDOC": "001/2020  ",
        "OBJECTID": 2007,
        "R": 0.874,
        "S": 21,
        "SHAPE.STLength()": 0.02121754993340242,
        "STR_DTENTRADA": "17/11/2024",
        "STR_DTPAR": "30/12/2024",
        "STR_DTPREVISTA": "30/09/2025",
        "TPCPR_ID": null,
        "TPEQP_ID": "LTR",
        "VAL_CAPACOPERCOMFATORCD": 748,
        "VAL_CAPACOPERLD": 527,
        "VAL_CAPACOPERSEMFATORCD": 748,
        "VAL_CORRPROJETOLD": 527,
        "VAL_FATORLIMITANTECD": "",
        "VAL_FATORLIMITANTELD": "",
        "VN": 230,
        "X": 4.534
      },
      "type": "Feature"
    },
    {
      "geometry": {
        "coordinates": [
          [
            -51.558359,
            -30.045036
          ],
          [
            -51.596632,
            -29.971327
          ]
        ],
        "type": "LineString"
      },
      "properties": {
        "AGE_NOME": "MEZ 5 ENERGIA S.A.                                             ",
        "DTENTRADA": 1719100800000,
        "DTPAR": 1735516800000,
        "DTPREVISTA": 1759190400000,
        "EQP_ID": "RSGUA32CHR31        ",
        "EXT": 13.5,
        "INS_ID": "RSCHR3",
        "NOMELONGO": "LT  230 kV CHARQUEADAS3         / GUAIBA 3             C 1  RS          ",
        "NOMEREDE": "BASICA         ",
        "NUMDOC": "001/2020  ",
        "OBJECTID": 2008,
        "R": 0.11,
        "S": 3.4,
        "SHAPE.STLength()": 0.08305377438201886,
        "STR_DTENTRADA": "23/06/2024",
        "STR_DTPAR": "30/12/2024",
        "STR_DTPREVISTA": "30/09/2025",
        "TPCPR_ID": null,
        "TPEQP_ID": "LTR",
        "VAL_CAPACOPERCOMFATORCD": 2150,
        "VAL_CAPACOPERLD": 1600,
        "VAL_CAPACOPERSEMFATORCD": 2150,
        "VAL_CORRPROJETOLD": 1600,
        "VAL_FATORLIMITANTECD": "",
        "VAL_FATORLIMITANTELD": "",
        "VN": 230,
        "X": 0.94
      },
      "type": "Feature"
    },
    {
      "geometry": {
        "coordinates": [
          [
            -51.151667,
            -29.719722
          ],
          [
            -51.151667,
            -29.719506
          ],
          [
            -51.151667,
            -29.718915
          ]
        ],
        "type": "LineString"
      },
      "properties": {
        "AGE_NOME": "CPFL TRANSMISSAO S.A.                                          ",
        "DTENTRADA": 1447632000000,
        "DTPAR": 1167523200000,
        "DTPREVISTA": 1447545600000,
        "EQP_ID": "RSFAR-2SCH21        ",
        "EXT": 70.77,
        "INS_ID": "RSFAR ",
        "NOMELONGO": "LT  230 kV FARROUPILHA          / SCHARLAU 2           C 1  RS          ",
        "NOMEREDE": "BASICA         ",
        "NUMDOC": "1364/08   ",
        "OBJECTID": 2042,
        "R": 1.67,
        "S": 11.5,
        "SHAPE.STLength()": 0.0008070061034597852,
        "STR_DTENTRADA": "16/11/2015",
        "STR_DTPAR": "31/12/2006",
        "STR_DTPREVISTA": "15/11/2015",
        "TPCPR_ID": null,
        "TPEQP_ID": "LTR",
        "VAL_CAPACOPERCOMFATORCD": 639,
        "VAL_CAPACOPERLD": 450,
        "VAL_CAPACOPERSEMFATORCD": 639,
        "VAL_CORRPROJETOLD": 450,
        "VAL_FATORLIMITANTECD": "",
        "VAL_FATORLIMITANTELD": "",
        "VN": 230,
        "X": 6.2
      },
      "type": "Feature"
    },
    {
      "geometry": {
        "coordinates": [
          [
            -51.151667,
            -29.719722
          ],
          [
            -51.151667,
            -29.719506
          ],
          [
            -51.151667,
            -29.718915
          ]
        ],
        "type": "LineString"
      },
      "properties": {
        "AGE_NOME": "CPFL TRANSMISSAO S.A.                                          ",
        "DTENTRADA": 1447632000000,
        "DTPAR": 1167523200000,
        "DTPREVISTA": 1447545600000,
        "EQP_ID": "RSFAR-2SCH21        ",
        "EXT": 70.77,
        "INS_ID": "RSFAR ",
        "NOMELONGO": "LT  230 kV FARROUPILHA          / SCHARLAU 2           C 1  RS          ",
        "NOMEREDE": "BASICA         ",
        "NUMDOC": "1364/08   ",
        "OBJECTID": 2043,
        "R": 1.67,
        "S": 11.5,
        "SHAPE.STLength()": 0.0008070061034597852,
        "STR_DTENTRADA": "16/11/2015",
        "STR_DTPAR": "31/12/2006",
        "STR_DTPREVISTA": "15/11/2015",
        "TPCPR_ID": null,
        "TPEQP_ID": "LTR",
        "VAL_CAPACOPERCOMFATORCD": 639,
        "VAL_CAPACOPERLD": 450,
        "VAL_CAPACOPERSEMFATORCD": 639,
        "VAL_CORRPROJETOLD": 450,
        "VAL_FATORLIMITANTECD": "",
        "VAL_FATORLIMITANTELD": "",
        "VN": 230,
        "X": 6.2
      },
      "type": "Feature"
    },
    {
      "geometry": {
        "coordinates": [
          [
            -51.146942,
            -29.87639
          ],
          [
            -51.146862,
            -29.876473
          ],
          [
            -51.146818,
            -29.877012
          ],
          [
            -51.146886,
            -29.877083
          ]
        ],
        "type": "LineString"
      },
      "properties": {
        "AGE_NOME": "PETROLEO BRASILEIRO S A PETROBRAS                              ",
        "DTENTRADA": 1426291200000,
        "DTPAR": null,
        "DTPREVISTA": 1427760000000,
        "EQP_ID": "RSUTCA2CNA22        ",
        "EXT": 3.3,
        "INS_ID": "RSUTCA",
        "NOMELONGO": "LT  230 kV CANOAS               / CANOAS 2             C 2  RS          ",
        "NOMEREDE": "COMPLEMENTAR   ",
        "NUMDOC": "2907/11   ",
        "OBJECTID": 2067,
        "R": 0.01,
        "S": 0,
        "SHAPE.STLength()": 0.0007543887817440072,
        "STR_DTENTRADA": "14/03/2015",
        "STR_DTPAR": null,
        "STR_DTPREVISTA": "31/03/2015",
        "TPCPR_ID": null,
        "TPEQP_ID": "LTR",
        "VAL_CAPACOPERCOMFATORCD": null,
        "VAL_CAPACOPERLD": null,
        "VAL_CAPACOPERSEMFATORCD": null,
        "VAL_CORRPROJETOLD": null,
        "VAL_FATORLIMITANTECD": null,
        "VAL_FATORLIMITANTELD": null,
        "VN": 230,
        "X": 0.01
      },
      "type": "Feature"
    },
    {
      "geometry": {
        "coordinates": [
          [
            -51.146942,
            -29.87639
          ],
          [
            -51.146886,
            -29.877083
          ]
        ],
        "type": "LineString"
      },
      "properties": {
        "AGE_NOME": "PETROLEO BRASILEIRO S A PETROBRAS                              ",
        "DTENTRADA": 1032912000000,
        "DTPAR": null,
        "DTPREVISTA": null,
        "EQP_ID": "RSUTCA2CNA21        ",
        "EXT": 3.3,
        "INS_ID": "RSUTCA",
        "NOMELONGO": "LT  230 kV CANOAS               / CANOAS 2             C 1  RS          ",
        "NOMEREDE": "COMPLEMENTAR   ",
        "NUMDOC": null,
        "OBJECTID": 2068,
        "R": 0.01,
        "S": 0,
        "SHAPE.STLength()": 0.0006954761369565458,
        "STR_DTENTRADA": "25/09/2002",
        "STR_DTPAR": null,
        "STR_DTPREVISTA": null,
        "TPCPR_ID": null,
        "TPEQP_ID": "LTR",
        "VAL_CAPACOPERCOMFATORCD": null,
        "VAL_CAPACOPERLD": null,
        "VAL_CAPACOPERSEMFATORCD": null,
        "VAL_CORRPROJETOLD": null,
        "VAL_FATORLIMITANTECD": null,
        "VAL_FATORLIMITANTELD": null,
        "VN": 230,
        "X": 0.01
      },
      "type": "Feature"
    },
    {
      "geometry": {
        "coordinates": [
          [
            -51.784722,
            -27.523333
          ],
          [
            -51.78469,
            -27.523366
          ],
          [
            -51.784689,
            -27.523578
          ],
          [
            -51.784722,
            -27.523611
          ]
        ],
        "type": "LineString"
      },
      "properties": {
        "AGE_NOME": "ENGIE BRASIL ENERGIA S.A.                                      ",
        "DTENTRADA": 1026777600000,
        "DTPAR": null,
        "DTPREVISTA": null,
        "EQP_ID": "SCUHMA5MCH-3        ",
        "EXT": 0.01,
        "INS_ID": "SCUHMA",
        "NOMELONGO": "LT  525 kV U.MACHADINHO         / MACHADINHO           C 3  SC          ",
        "NOMEREDE": "COMPLEMENTAR   ",
        "NUMDOC": null,
        "OBJECTID": 2070,
        "R": 0.01,
        "S": 0,
        "SHAPE.STLength()": 0.0003043661120589458,
        "STR_DTENTRADA": "16/07/2002",
        "STR_DTPAR": null,
        "STR_DTPREVISTA": null,
        "TPCPR_ID": null,
        "TPEQP_ID": "LTR",
        "VAL_CAPACOPERCOMFATORCD": null,
        "VAL_CAPACOPERLD": null,
        "VAL_CAPACOPERSEMFATORCD": null,
        "VAL_CORRPROJETOLD": null,
        "VAL_FATORLIMITANTECD": null,
        "VAL_FATORLIMITANTELD": null,
        "VN": 525,
        "X": 0.02
      },
      "type": "Feature"
    },
    {
      "geometry": {
        "coordinates": [
          [
            -51.784722,
            -27.523333
          ],
          [
            -51.784753,
            -27.523366
          ],
          [
            -51.784755,
            -27.523577
          ],
          [
            -51.784722,
            -27.523611
          ]
        ],
        "type": "LineString"
      },
      "properties": {
        "AGE_NOME": "ENGIE BRASIL ENERGIA S.A.                                      ",
        "DTENTRADA": 1013817600000,
        "DTPAR": null,
        "DTPREVISTA": null,
        "EQP_ID": "SCUHMA5MCH-1        ",
        "EXT": 0.01,
        "INS_ID": "SCUHMA",
        "NOMELONGO": "LT  525 kV U.MACHADINHO         / MACHADINHO           C 1  SC          ",
        "NOMEREDE": "COMPLEMENTAR   ",
        "NUMDOC": null,
        "OBJECTID": 2071,
        "R": 0.01,
        "S": 0,
        "SHAPE.STLength()": 0.0003042130296355345,
        "STR_DTENTRADA": "16/02/2002",
        "STR_DTPAR": null,
        "STR_DTPREVISTA": null,
        "TPCPR_ID": null,
        "TPEQP_ID": "LTR",
        "VAL_CAPACOPERCOMFATORCD": null,
        "VAL_CAPACOPERLD": null,
        "VAL_CAPACOPERSEMFATORCD": null,
        "VAL_CORRPROJETOLD": null,
        "VAL_FATORLIMITANTECD": null,
        "VAL_FATORLIMITANTELD": null,
        "VN": 525,
        "X": 0.02
      },
      "type": "Feature"
    },
    {
      "geometry": {
        "coordinates": [
          [
            -51.784722,
            -27.523333
          ],
          [
            -51.784722,
            -27.523611
          ]
        ],
        "type": "LineString"
      },
      "properties": {
        "AGE_NOME": "ENGIE BRASIL ENERGIA S.A.                                      ",
        "DTENTRADA": 1020124800000,
        "DTPAR": null,
        "DTPREVISTA": null,
        "EQP_ID": "SCUHMA5MCH-2        ",
        "EXT": 0.01,
        "INS_ID": "SCUHMA",
        "NOMELONGO": "LT  525 kV U.MACHADINHO         / MACHADINHO           C 2  SC          ",
        "NOMEREDE": "COMPLEMENTAR   ",
        "NUMDOC": null,
        "OBJECTID": 2072,
        "R": 0.01,
        "S": 0,
        "SHAPE.STLength()": 0.00027827700000000006,
        "STR_DTENTRADA": "30/04/2002",
        "STR_DTPAR": null,
        "STR_DTPREVISTA": null,
        "TPCPR_ID": null,
        "TPEQP_ID": "LTR",
        "VAL_CAPACOPERCOMFATORCD": null,
        "VAL_CAPACOPERLD": null,
        "VAL_CAPACOPERSEMFATORCD": null,
        "VAL_CORRPROJETOLD": null,
        "VAL_FATORLIMITANTECD": null,
        "VAL_FATORLIMITANTELD": null,
        "VN": 525,
        "X": 0.02
      },
      "type": "Feature"
    },
    {
      "geometry": {
        "coordinates": [
          [
            -48.969722,
            -28.45601
          ],
          [
            -48.969498,
            -28.45601
          ],
          [
            -48.968696,
            -28.45651
          ]
        ],
        "type": "LineString"
      },
      "properties": {
        "AGE_NOME": "COMPANHIA DE GERA\u00c7\u00c3O E TRANSMISS\u00c3O DE ENERGIA EL\u00c9TRICA DO SUL D",
        "DTENTRADA": 846806400000,
        "DTPAR": null,
        "DTPREVISTA": null,
        "EQP_ID": "SCJLB-2UTLC1        ",
        "EXT": 1,
        "INS_ID": "SCJLB ",
        "NOMELONGO": "LT  230 kV J.LACERDA-B          / U.JLACERDA C         C 1  SC          ",
        "NOMEREDE": "COMPLEMENTAR   ",
        "NUMDOC": null,
        "OBJECTID": 2073,
        "R": 0.01,
        "S": 0.11,
        "SHAPE.STLength()": 0.0011691776499394258,
        "STR_DTENTRADA": "01/11/1996",
        "STR_DTPAR": null,
        "STR_DTPREVISTA": null,
        "TPCPR_ID": null,
        "TPEQP_ID": "LTR",
        "VAL_CAPACOPERCOMFATORCD": null,
        "VAL_CAPACOPERLD": null,
        "VAL_CAPACOPERSEMFATORCD": null,
        "VAL_CORRPROJETOLD": null,
        "VAL_FATORLIMITANTECD": null,
        "VAL_FATORLIMITANTELD": null,
        "VN": 230,
        "X": 0.06
      },
      "type": "Feature"
    },
    {
      "geometry": {
        "coordinates": [
          [
            -48.969722,
            -28.45601
          ],
          [
            -48.969605,
            -28.456075
          ],
          [
            -48.969604,
            -28.456461
          ],
          [
            -48.969722,
            -28.456508
          ]
        ],
        "type": "LineString"
      },
      "properties": {
        "AGE_NOME": "COMPANHIA DE GERA\u00c7\u00c3O E TRANSMISS\u00c3O DE ENERGIA EL\u00c9TRICA DO SUL D",
        "DTENTRADA": 311472000000,
        "DTPAR": null,
        "DTPREVISTA": null,
        "EQP_ID": "SCJLB-2UTLB4        ",
        "EXT": 0.01,
        "INS_ID": "SCJLB ",
        "NOMELONGO": "LT  230 kV J.LACERDA-B          / U.JLACERDA B         C 4  SC          ",
        "NOMEREDE": "COMPLEMENTAR   ",
        "NUMDOC": null,
        "OBJECTID": 2074,
        "R": 0.01,
        "S": 0,
        "SHAPE.STLength()": 0.000646951496542447,
        "STR_DTENTRADA": "15/11/1979",
        "STR_DTPAR": null,
        "STR_DTPREVISTA": null,
        "TPCPR_ID": null,
        "TPEQP_ID": "LTR",
        "VAL_CAPACOPERCOMFATORCD": null,
        "VAL_CAPACOPERLD": null,
        "VAL_CAPACOPERSEMFATORCD": null,
        "VAL_CORRPROJETOLD": null,
        "VAL_FATORLIMITANTECD": null,
        "VAL_FATORLIMITANTELD": null,
        "VN": 230,
        "X": 0.02
      },
      "type": "Feature"
    },
    {
      "geometry": {
        "coordinates": [
          [
            -48.969722,
            -28.45601
          ],
          [
            -48.969836,
            -28.456082
          ],
          [
            -48.969836,
            -28.456458
          ],
          [
            -48.969722,
            -28.456508
          ]
        ],
        "type": "LineString"
      },
      "properties": {
        "AGE_NOME": "COMPANHIA DE GERA\u00c7\u00c3O E TRANSMISS\u00c3O DE ENERGIA EL\u00c9TRICA DO SUL D",
        "DTENTRADA": 311472000000,
        "DTPAR": null,
        "DTPREVISTA": null,
        "EQP_ID": "SCJLB-2UTLB1        ",
        "EXT": 0.01,
        "INS_ID": "SCJLB ",
        "NOMELONGO": "LT  230 kV J.LACERDA-B          / U.JLACERDA B         C 1  SC          ",
        "NOMEREDE": "COMPLEMENTAR   ",
        "NUMDOC": null,
        "OBJECTID": 2075,
        "R": 0.01,
        "S": 0,
        "SHAPE.STLength()": 0.0006347641158376446,
        "STR_DTENTRADA": "15/11/1979",
        "STR_DTPAR": null,
        "STR_DTPREVISTA": null,
        "TPCPR_ID": null,
        "TPEQP_ID": "LTR",
        "VAL_CAPACOPERCOMFATORCD": null,
        "VAL_CAPACOPERLD": null,
        "VAL_CAPACOPERSEMFATORCD": null,
        "VAL_CORRPROJETOLD": null,
        "VAL_FATORLIMITANTECD": null,
        "VAL_FATORLIMITANTELD": null,
        "VN": 230,
        "X": 0.02
      },
      "type": "Feature"
    },
    {
      "geometry": {
        "coordinates": [
          [
            -48.969722,
            -28.45601
          ],
          [
            -48.969667,
            -28.456065
          ],
          [
            -48.969667,
            -28.456454
          ],
          [
            -48.969722,
            -28.456508
          ]
        ],
        "type": "LineString"
      },
      "properties": {
        "AGE_NOME": "COMPANHIA DE GERA\u00c7\u00c3O E TRANSMISS\u00c3O DE ENERGIA EL\u00c9TRICA DO SUL D",
        "DTENTRADA": 311472000000,
        "DTPAR": null,
        "DTPREVISTA": null,
        "EQP_ID": "SCJLB-2UTLB3        ",
        "EXT": 0.01,
        "INS_ID": "SCJLB ",
        "NOMELONGO": "LT  230 kV J.LACERDA-B          / U.JLACERDA B         C 3  SC          ",
        "NOMEREDE": "COMPLEMENTAR   ",
        "NUMDOC": null,
        "OBJECTID": 2076,
        "R": 0.01,
        "S": 0,
        "SHAPE.STLength()": 0.0005447237514504287,
        "STR_DTENTRADA": "15/11/1979",
        "STR_DTPAR": null,
        "STR_DTPREVISTA": null,
        "TPCPR_ID": null,
        "TPEQP_ID": "LTR",
        "VAL_CAPACOPERCOMFATORCD": null,
        "VAL_CAPACOPERLD": null,
        "VAL_CAPACOPERSEMFATORCD": null,
        "VAL_CORRPROJETOLD": null,
        "VAL_FATORLIMITANTECD": null,
        "VAL_FATORLIMITANTELD": null,
        "VN": 230,
        "X": 0.02
      },
      "type": "Feature"
    },
    {
      "geometry": {
        "coordinates": [
          [
            -48.969722,
            -28.45601
          ],
          [
            -48.969777,
            -28.456064
          ],
          [
            -48.969777,
            -28.456456
          ],
          [
            -48.969722,
            -28.456508
          ]
        ],
        "type": "LineString"
      },
      "properties": {
        "AGE_NOME": "COMPANHIA DE GERA\u00c7\u00c3O E TRANSMISS\u00c3O DE ENERGIA EL\u00c9TRICA DO SUL D",
        "DTENTRADA": 311472000000,
        "DTPAR": null,
        "DTPREVISTA": null,
        "EQP_ID": "SCJLB-2UTLB2        ",
        "EXT": 0.01,
        "INS_ID": "SCJLB ",
        "NOMELONGO": "LT  230 kV J.LACERDA-B          / U.JLACERDA B         C 2  SC          ",
        "NOMEREDE": "COMPLEMENTAR   ",
        "NUMDOC": null,
        "OBJECTID": 2077,
        "R": 0.01,
        "S": 0,
        "SHAPE.STLength()": 0.0005444530213694958,
        "STR_DTENTRADA": "15/11/1979",
        "STR_DTPAR": null,
        "STR_DTPREVISTA": null,
        "TPCPR_ID": null,
        "TPEQP_ID": "LTR",
        "VAL_CAPACOPERCOMFATORCD": null,
        "VAL_CAPACOPERLD": null,
        "VAL_CAPACOPERSEMFATORCD": null,
        "VAL_CORRPROJETOLD": null,
        "VAL_FATORLIMITANTECD": null,
        "VAL_FATORLIMITANTELD": null,
        "VN": 230,
        "X": 0.02
      },
      "type": "Feature"
    },
    {
      "geometry": {
        "coordinates": [
          [
            -48.969722,
            -28.448889
          ],
          [
            -48.969606,
            -28.448809
          ],
          [
            -48.969132,
            -28.448809
          ],
          [
            -48.969021,
            -28.448889
          ]
        ],
        "type": "LineString"
      },
      "properties": {
        "AGE_NOME": "COMPANHIA DE GERA\u00c7\u00c3O E TRANSMISS\u00c3O DE ENERGIA EL\u00c9TRICA DO SUL D",
        "DTENTRADA": 101952000000,
        "DTPAR": null,
        "DTPREVISTA": null,
        "EQP_ID": "SCJLA-2UTLA4        ",
        "EXT": 0.01,
        "INS_ID": "SCJLA ",
        "NOMELONGO": "LT  230 kV J.LACERDA-A          / U.JLACERDA A         C 6  SC          ",
        "NOMEREDE": "COMPLEMENTAR   ",
        "NUMDOC": null,
        "OBJECTID": 2078,
        "R": 0.01,
        "S": 0,
        "SHAPE.STLength()": 0.000751302066240365,
        "STR_DTENTRADA": "26/03/1973",
        "STR_DTPAR": null,
        "STR_DTPREVISTA": null,
        "TPCPR_ID": null,
        "TPEQP_ID": "LTR",
        "VAL_CAPACOPERCOMFATORCD": null,
        "VAL_CAPACOPERLD": null,
        "VAL_CAPACOPERSEMFATORCD": null,
        "VAL_CORRPROJETOLD": null,
        "VAL_FATORLIMITANTECD": null,
        "VAL_FATORLIMITANTELD": null,
        "VN": 230,
        "X": 0.02
      },
      "type": "Feature"
    },
    {
      "geometry": {
        "coordinates": [
          [
            -48.969722,
            -28.448889
          ],
          [
            -48.969021,
            -28.448889
          ]
        ],
        "type": "LineString"
      },
      "properties": {
        "AGE_NOME": "COMPANHIA DE GERA\u00c7\u00c3O E TRANSMISS\u00c3O DE ENERGIA EL\u00c9TRICA DO SUL D",
        "DTENTRADA": 130032000000,
        "DTPAR": null,
        "DTPREVISTA": null,
        "EQP_ID": "SCJLA-2UTLA3        ",
        "EXT": 0.01,
        "INS_ID": "SCJLA ",
        "NOMELONGO": "LT  230 kV J.LACERDA-A          / U.JLACERDA A         C 4  SC          ",
        "NOMEREDE": "COMPLEMENTAR   ",
        "NUMDOC": null,
        "OBJECTID": 2079,
        "R": 0.01,
        "S": 0,
        "SHAPE.STLength()": 0.000701056,
        "STR_DTENTRADA": "14/02/1974",
        "STR_DTPAR": null,
        "STR_DTPREVISTA": null,
        "TPCPR_ID": null,
        "TPEQP_ID": "LTR",
        "VAL_CAPACOPERCOMFATORCD": null,
        "VAL_CAPACOPERLD": null,
        "VAL_CAPACOPERSEMFATORCD": null,
        "VAL_CORRPROJETOLD": null,
        "VAL_FATORLIMITANTECD": null,
        "VAL_FATORLIMITANTELD": null,
        "VN": 230,
        "X": 0.02
      },
      "type": "Feature"
    },
    {
      "geometry": {
        "coordinates": [
          [
            -51.108621,
            -29.877661
          ],
          [
            -51.117186,
            -29.877528
          ],
          [
            -51.12684,
            -29.877379
          ],
          [
            -51.136493,
            -29.877229
          ],
          [
            -51.146146,
            -29.877079
          ]
        ],
        "type": "LineString"
      },
      "properties": {
        "AGE_NOME": "CPFL TRANSMISSAO S.A.                                          ",
        "DTENTRADA": 1700956800000,
        "DTPAR": null,
        "DTPREVISTA": 1727654400000,
        "EQP_ID": "RSCAC32CNA21        ",
        "EXT": 6.43,
        "INS_ID": "RSCAC3",
        "NOMELONGO": "LT  230 kV CACHOEIRINHA3        / CANOAS 2             C 1  RS          ",
        "NOMEREDE": "BASICA         ",
        "NUMDOC": null,
        "OBJECTID": 2138,
        "R": 0.099,
        "S": 1.1,
        "SHAPE.STLength()": 0.037529106924571426,
        "STR_DTENTRADA": "26/11/2023",
        "STR_DTPAR": null,
        "STR_DTPREVISTA": "30/09/2024",
        "TPCPR_ID": null,
        "TPEQP_ID": "LTR",
        "VAL_CAPACOPERCOMFATORCD": 919,
        "VAL_CAPACOPERLD": 729,
        "VAL_CAPACOPERSEMFATORCD": 919,
        "VAL_CORRPROJETOLD": 729,
        "VAL_FATORLIMITANTECD": "",
        "VAL_FATORLIMITANTELD": "",
        "VN": 230,
        "X": 0.522
      },
      "type": "Feature"
    },
    {
      "geometry": {
        "coordinates": [
          [
            -51.106577,
            -29.877926
          ],
          [
            -51.098907,
            -29.879257
          ],
          [
            -51.090223,
            -29.880763
          ],
          [
            -51.081538,
            -29.882269
          ],
          [
            -51.072852,
            -29.883774
          ],
          [
            -51.065181,
            -29.885102
          ]
        ],
        "type": "LineString"
      },
      "properties": {
        "AGE_NOME": "CPFL TRANSMISSAO S.A.                                          ",
        "DTENTRADA": 1700956800000,
        "DTPAR": null,
        "DTPREVISTA": 1727654400000,
        "EQP_ID": "RSCAC32GRA22        ",
        "EXT": 5.32,
        "INS_ID": "RSCAC3",
        "NOMELONGO": "LT  230 kV CACHOEIRINHA3        / GRAVATAI2            C 2  RS          ",
        "NOMEREDE": "BASICA         ",
        "NUMDOC": null,
        "OBJECTID": 2139,
        "R": 0.087,
        "S": 0.9,
        "SHAPE.STLength()": 0.0420132218336434,
        "STR_DTENTRADA": "26/11/2023",
        "STR_DTPAR": null,
        "STR_DTPREVISTA": "30/09/2024",
        "TPCPR_ID": null,
        "TPEQP_ID": "LTR",
        "VAL_CAPACOPERCOMFATORCD": 919,
        "VAL_CAPACOPERLD": 729,
        "VAL_CAPACOPERSEMFATORCD": 919,
        "VAL_CORRPROJETOLD": 729,
        "VAL_FATORLIMITANTECD": "",
        "VAL_FATORLIMITANTELD": "",
        "VN": 230,
        "X": 0.455
      },
      "type": "Feature"
    },
    {
      "geometry": {
        "coordinates": [
          [
            -51.597833,
            -29.969908
          ],
          [
            -51.603072,
            -29.965866
          ],
          [
            -51.609086,
            -29.961226
          ],
          [
            -51.615099,
            -29.956585
          ],
          [
            -51.620096,
            -29.952728
          ]
        ],
        "type": "LineString"
      },
      "properties": {
        "AGE_NOME": "CPFL TRANSMISSAO S.A.                                          ",
        "DTENTRADA": 1731801600000,
        "DTPAR": 1609286400000,
        "DTPREVISTA": 1759190400000,
        "EQP_ID": "RSCHR32CHA-2        ",
        "EXT": 4.62,
        "INS_ID": "RSCHR3",
        "NOMELONGO": "LT  230 kV CHARQUEADAS3         / CHARQUEADAS          C 2  RS          ",
        "NOMEREDE": "BASICA         ",
        "NUMDOC": "001/2020  ",
        "OBJECTID": 2140,
        "R": 0.015,
        "S": 11.8,
        "SHAPE.STLength()": 0.02812113102615132,
        "STR_DTENTRADA": "17/11/2024",
        "STR_DTPAR": "30/12/2020",
        "STR_DTPREVISTA": "30/09/2025",
        "TPCPR_ID": null,
        "TPEQP_ID": "LTR",
        "VAL_CAPACOPERCOMFATORCD": 1000,
        "VAL_CAPACOPERLD": 790,
        "VAL_CAPACOPERSEMFATORCD": 1000,
        "VAL_CORRPROJETOLD": 790,
        "VAL_FATORLIMITANTECD": "",
        "VAL_FATORLIMITANTELD": "",
        "VN": 230,
        "X": 0.106
      },
      "type": "Feature"
    },
    {
      "geometry": {
        "coordinates": [
          [
            -50.451057,
            -30.151418
          ],
          [
            -50.445998,
            -30.142589
          ],
          [
            -50.440477,
            -30.132952
          ],
          [
            -50.434958,
            -30.123316
          ],
          [
            -50.429439,
            -30.113679
          ],
          [
            -50.423922,
            -30.104042
          ],
          [
            -50.418405,
            -30.094404
          ],
          [
            -50.41289,
            -30.084767
          ],
          [
            -50.407375,
            -30.075129
          ],
          [
            -50.401861,
            -30.065491
          ],
          [
            -50.396348,
            -30.055853
          ],
          [
            -50.390836,
            -30.046215
          ],
          [
            -50.385326,
            -30.036577
          ],
          [
            -50.379816,
            -30.026938
          ],
          [
            -50.374307,
            -30.017299
          ],
          [
            -50.368799,
            -30.00766
          ],
          [
            -50.363291,
            -29.998021
          ],
          [
            -50.357785,
            -29.988382
          ],
          [
            -50.35228,
            -29.978742
          ],
          [
            -50.346776,
            -29.969103
          ],
          [
            -50.341272,
            -29.959463
          ],
          [
            -50.33577,
            -29.949823
          ],
          [
            -50.330268,
            -29.940182
          ],
          [
            -50.324768,
            -29.930542
          ],
          [
            -50.319268,
            -29.920901
          ],
          [
            -50.31377,
            -29.91126
          ],
          [
            -50.308732,
            -29.902426
          ]
        ],
        "type": "LineString"
      },
      "properties": {
        "AGE_NOME": "MEZ 5 ENERGIA S.A.                                             ",
        "DTENTRADA": null,
        "DTPAR": 1609286400000,
        "DTPREVISTA": 1757808000000,
        "EQP_ID": "RSCPS-2OSO31        ",
        "EXT": 35,
        "INS_ID": "RSCAP ",
        "NOMELONGO": "LT  230 kV CAPIVARI SUL         / OSORIO 3             C 1  RS          ",
        "NOMEREDE": "BASICA         ",
        "NUMDOC": "001/2020  ",
        "OBJECTID": 2141,
        "R": 0.27,
        "S": 9.999,
        "SHAPE.STLength()": 0.2867981044403215,
        "STR_DTENTRADA": null,
        "STR_DTPAR": "30/12/2020",
        "STR_DTPREVISTA": "14/09/2025",
        "TPCPR_ID": null,
        "TPEQP_ID": "LTR",
        "VAL_CAPACOPERCOMFATORCD": 2150,
        "VAL_CAPACOPERLD": 1600,
        "VAL_CAPACOPERSEMFATORCD": 2150,
        "VAL_CORRPROJETOLD": 1600,
        "VAL_FATORLIMITANTECD": "",
        "VAL_FATORLIMITANTELD": "",
        "VN": 230,
        "X": 1.995
      },
      "type": "Feature"
    },
    {
      "geometry": {
        "coordinates": [
          [
            -51.557266,
            -30.045167
          ],
          [
            -51.551387,
            -30.039066
          ],
          [
            -51.544843,
            -30.032274
          ],
          [
            -51.5383,
            -30.025482
          ],
          [
            -51.531758,
            -30.018689
          ],
          [
            -51.525217,
            -30.011896
          ],
          [
            -51.518676,
            -30.005103
          ],
          [
            -51.512137,
            -29.998309
          ],
          [
            -51.505598,
            -29.991515
          ],
          [
            -51.499061,
            -29.984721
          ],
          [
            -51.492524,
            -29.977926
          ],
          [
            -51.485988,
            -29.971131
          ],
          [
            -51.479453,
            -29.964336
          ],
          [
            -51.472919,
            -29.95754
          ],
          [
            -51.466385,
            -29.950744
          ],
          [
            -51.459853,
            -29.943948
          ],
          [
            -51.453322,
            -29.937151
          ],
          [
            -51.446791,
            -29.930354
          ],
          [
            -51.440261,
            -29.923557
          ],
          [
            -51.433732,
            -29.916759
          ],
          [
            -51.427205,
            -29.909961
          ],
          [
            -51.420677,
            -29.903163
          ],
          [
            -51.414151,
            -29.896364
          ],
          [
            -51.407626,
            -29.889566
          ],
          [
            -51.401102,
            -29.882766
          ],
          [
            -51.394578,
            -29.875967
          ],
          [
            -51.388719,
            -29.869858
          ]
        ],
        "type": "LineString"
      },
      "properties": {
        "AGE_NOME": "MEZ 5 ENERGIA S.A.                                             ",
        "DTENTRADA": null,
        "DTPAR": 1609286400000,
        "DTPREVISTA": 1757808000000,
        "EQP_ID": "RSGUA32PPE-1        ",
        "EXT": 33.6,
        "INS_ID": "RSGUA3",
        "NOMELONGO": "LT  230 kV GUAIBA 3             / P.PETROQUIMIC        C 1  RS          ",
        "NOMEREDE": "BASICA         ",
        "NUMDOC": "001/2020  ",
        "OBJECTID": 2142,
        "R": 0.26,
        "S": 9.628,
        "SHAPE.STLength()": 0.24318999309696848,
        "STR_DTENTRADA": null,
        "STR_DTPAR": "30/12/2020",
        "STR_DTPREVISTA": "14/09/2025",
        "TPCPR_ID": null,
        "TPEQP_ID": "LTR",
        "VAL_CAPACOPERCOMFATORCD": 2150,
        "VAL_CAPACOPERLD": 1600,
        "VAL_CAPACOPERSEMFATORCD": 2150,
        "VAL_CORRPROJETOLD": 1600,
        "VAL_FATORLIMITANTECD": "",
        "VAL_FATORLIMITANTELD": "",
        "VN": 230,
        "X": 1.923
      },
      "type": "Feature"
    },
    {
      "geometry": {
        "coordinates": [
          [
            -51.171503,
            -30.015367
          ],
          [
            -51.175187,
            -30.00867
          ],
          [
            -51.179318,
            -30.001158
          ],
          [
            -51.183447,
            -29.993647
          ],
          [
            -51.187577,
            -29.986135
          ],
          [
            -51.191705,
            -29.978623
          ],
          [
            -51.195387,
            -29.971924
          ]
        ],
        "type": "LineString"
      },
      "properties": {
        "AGE_NOME": "MEZ 5 ENERGIA S.A.                                             ",
        "DTENTRADA": null,
        "DTPAR": 1767052800000,
        "DTPREVISTA": 1759449600000,
        "EQP_ID": "RSPA012PAL91        ",
        "EXT": 8.4,
        "INS_ID": "RSPA01",
        "NOMELONGO": "LT  230 kV PORTOALEGRE 1        / PORTO ALEGRE9        C 1  RS          ",
        "NOMEREDE": "BASICA         ",
        "NUMDOC": "001/2020  ",
        "OBJECTID": 2143,
        "R": 0.041,
        "S": 35.4,
        "SHAPE.STLength()": 0.04957549600970438,
        "STR_DTENTRADA": null,
        "STR_DTPAR": "30/12/2025",
        "STR_DTPREVISTA": "03/10/2025",
        "TPCPR_ID": null,
        "TPEQP_ID": "LTR",
        "VAL_CAPACOPERCOMFATORCD": 1255,
        "VAL_CAPACOPERLD": 767,
        "VAL_CAPACOPERSEMFATORCD": 1255,
        "VAL_CORRPROJETOLD": 767,
        "VAL_FATORLIMITANTECD": "",
        "VAL_FATORLIMITANTELD": "",
        "VN": 230,
        "X": 0.406
      },
      "type": "Feature"
    },
    {
      "geometry": {
        "coordinates": [
          [
            -52.546237,
            -29.712772
          ],
          [
            -52.537452,
            -29.715195
          ],
          [
            -52.527681,
            -29.717889
          ],
          [
            -52.517909,
            -29.720582
          ],
          [
            -52.508137,
            -29.723274
          ],
          [
            -52.498364,
            -29.725966
          ],
          [
            -52.488591,
            -29.728657
          ],
          [
            -52.478817,
            -29.731348
          ],
          [
            -52.469043,
            -29.734037
          ],
          [
            -52.459269,
            -29.736726
          ],
          [
            -52.449493,
            -29.739414
          ],
          [
            -52.439718,
            -29.742102
          ],
          [
            -52.429941,
            -29.744789
          ],
          [
            -52.420164,
            -29.747475
          ],
          [
            -52.410387,
            -29.75016
          ],
          [
            -52.400609,
            -29.752844
          ],
          [
            -52.390831,
            -29.755528
          ],
          [
            -52.381052,
            -29.758211
          ],
          [
            -52.371273,
            -29.760894
          ],
          [
            -52.361493,
            -29.763575
          ],
          [
            -52.351712,
            -29.766256
          ],
          [
            -52.341931,
            -29.768937
          ],
          [
            -52.33215,
            -29.771616
          ],
          [
            -52.322368,
            -29.774295
          ],
          [
            -52.312585,
            -29.776973
          ],
          [
            -52.302802,
            -29.77965
          ],
          [
            -52.293019,
            -29.782327
          ],
          [
            -52.283235,
            -29.785003
          ],
          [
            -52.27345,
            -29.787678
          ],
          [
            -52.263665,
            -29.790352
          ],
          [
            -52.253879,
            -29.793026
          ],
          [
            -52.244093,
            -29.795699
          ],
          [
            -52.234306,
            -29.798371
          ],
          [
            -52.224519,
            -29.801043
          ],
          [
            -52.214731,
            -29.803714
          ],
          [
            -52.204943,
            -29.806384
          ],
          [
            -52.195154,
            -29.809053
          ],
          [
            -52.185365,
            -29.811722
          ],
          [
            -52.175575,
            -29.81439
          ],
          [
            -52.165785,
            -29.817057
          ],
          [
            -52.155994,
            -29.819723
          ],
          [
            -52.146203,
            -29.822389
          ],
          [
            -52.136411,
            -29.825054
          ],
          [
            -52.126618,
            -29.827718
          ],
          [
            -52.116825,
            -29.830382
          ],
          [
            -52.107032,
            -29.833044
          ],
          [
            -52.097238,
            -29.835706
          ],
          [
            -52.087444,
            -29.838368
          ],
          [
            -52.077649,
            -29.841028
          ],
          [
            -52.067853,
            -29.843688
          ],
          [
            -52.058057,
            -29.846348
          ],
          [
            -52.04826,
            -29.849006
          ],
          [
            -52.038463,
            -29.851664
          ],
          [
            -52.028666,
            -29.854321
          ],
          [
            -52.018868,
            -29.856977
          ],
          [
            -52.009069,
            -29.859632
          ],
          [
            -51.99927,
            -29.862287
          ],
          [
            -51.98947,
            -29.864941
          ],
          [
            -51.97967,
            -29.867595
          ],
          [
            -51.969869,
            -29.870247
          ],
          [
            -51.960068,
            -29.872899
          ],
          [
            -51.950266,
            -29.87555
          ],
          [
            -51.940464,
            -29.878201
          ],
          [
            -51.930661,
            -29.88085
          ],
          [
            -51.920858,
            -29.883499
          ],
          [
            -51.911054,
            -29.886148
          ],
          [
            -51.90125,
            -29.888795
          ],
          [
            -51.891445,
            -29.891442
          ],
          [
            -51.881639,
            -29.894088
          ],
          [
            -51.871834,
            -29.896733
          ],
          [
            -51.862027,
            -29.899378
          ],
          [
            -51.85222,
            -29.902022
          ],
          [
            -51.842413,
            -29.904665
          ],
          [
            -51.832605,
            -29.907307
          ],
          [
            -51.822796,
            -29.909949
          ],
          [
            -51.812987,
            -29.91259
          ],
          [
            -51.803178,
            -29.91523
          ],
          [
            -51.793368,
            -29.91787
          ],
          [
            -51.783557,
            -29.920508
          ],
          [
            -51.773746,
            -29.923146
          ],
          [
            -51.763934,
            -29.925784
          ],
          [
            -51.754122,
            -29.92842
          ],
          [
            -51.74431,
            -29.931056
          ],
          [
            -51.734497,
            -29.933691
          ],
          [
            -51.724683,
            -29.936325
          ],
          [
            -51.714869,
            -29.938959
          ],
          [
            -51.705054,
            -29.941592
          ],
          [
            -51.695239,
            -29.944224
          ],
          [
            -51.685423,
            -29.946856
          ],
          [
            -51.675607,
            -29.949486
          ],
          [
            -51.66579,
            -29.952116
          ],
          [
            -51.655973,
            -29.954746
          ],
          [
            -51.646155,
            -29.957374
          ],
          [
            -51.636337,
            -29.960002
          ],
          [
            -51.626518,
            -29.962629
          ],
          [
            -51.616699,
            -29.965255
          ],
          [
            -51.606879,
            -29.967881
          ],
          [
            -51.598048,
            -29.970241
          ]
        ],
        "type": "LineString"
      },
      "properties": {
        "AGE_NOME": "CPFL TRANSMISSAO S.A.                                          ",
        "DTENTRADA": 1733616000000,
        "DTPAR": 1609286400000,
        "DTPREVISTA": 1759190400000,
        "EQP_ID": "RSSCR12CHR31        ",
        "EXT": 101.36,
        "INS_ID": "RSSCR1",
        "NOMELONGO": "LT  230 kV SANTA CRUZ1          / CHARQUEADAS3         C 1  RS          ",
        "NOMEREDE": "BASICA         ",
        "NUMDOC": "001/2020  ",
        "OBJECTID": 2144,
        "R": 1.507,
        "S": 29.9,
        "SHAPE.STLength()": 0.9825268781457224,
        "STR_DTENTRADA": "08/12/2024",
        "STR_DTPAR": "30/12/2020",
        "STR_DTPREVISTA": "30/09/2025",
        "TPCPR_ID": null,
        "TPEQP_ID": "LTR",
        "VAL_CAPACOPERCOMFATORCD": 919,
        "VAL_CAPACOPERLD": 729,
        "VAL_CAPACOPERSEMFATORCD": 919,
        "VAL_CORRPROJETOLD": 729,
        "VAL_FATORLIMITANTECD": "",
        "VAL_FATORLIMITANTELD": "",
        "VN": 230,
        "X": 8.747
      },
      "type": "Feature"
    },
    {
      "geometry": {
        "coordinates": [
          [
            -49.080157,
            -26.77966
          ],
          [
            -49.078829,
            -26.769843
          ],
          [
            -49.07738,
            -26.759131
          ],
          [
            -49.075932,
            -26.748419
          ],
          [
            -49.074485,
            -26.737707
          ],
          [
            -49.073038,
            -26.726994
          ],
          [
            -49.071592,
            -26.716282
          ],
          [
            -49.068805,
            -26.707747
          ],
          [
            -49.06602,
            -26.699213
          ],
          [
            -49.063234,
            -26.690678
          ],
          [
            -49.060449,
            -26.682143
          ],
          [
            -49.057665,
            -26.673608
          ],
          [
            -49.054881,
            -26.665073
          ],
          [
            -49.052097,
            -26.656538
          ],
          [
            -49.049314,
            -26.648003
          ],
          [
            -49.046531,
            -26.639468
          ],
          [
            -49.043748,
            -26.630932
          ],
          [
            -49.040966,
            -26.622397
          ],
          [
            -49.038185,
            -26.613862
          ],
          [
            -49.035404,
            -26.605326
          ],
          [
            -49.032623,
            -26.596791
          ],
          [
            -49.029843,
            -26.588255
          ],
          [
            -49.027063,
            -26.57972
          ],
          [
            -49.024284,
            -26.571184
          ],
          [
            -49.021505,
            -26.562648
          ],
          [
            -49.018726,
            -26.554112
          ],
          [
            -49.015948,
            -26.545576
          ],
          [
            -49.013171,
            -26.537041
          ],
          [
            -49.010393,
            -26.528505
          ],
          [
            -49.007616,
            -26.519968
          ],
          [
            -49.00484,
            -26.511432
          ],
          [
            -49.002064,
            -26.502896
          ],
          [
            -48.999289,
            -26.49436
          ],
          [
            -48.996513,
            -26.485823
          ],
          [
            -48.993739,
            -26.477287
          ],
          [
            -48.990965,
            -26.468751
          ],
          [
            -48.988191,
            -26.460214
          ],
          [
            -48.985417,
            -26.451678
          ],
          [
            -48.982644,
            -26.443141
          ],
          [
            -48.979872,
            -26.434604
          ],
          [
            -48.9771,
            -26.426067
          ],
          [
            -48.974328,
            -26.417531
          ],
          [
            -48.971557,
            -26.408994
          ],
          [
            -48.968786,
            -26.400457
          ],
          [
            -48.966015,
            -26.39192
          ],
          [
            -48.963245,
            -26.383383
          ],
          [
            -48.960476,
            -26.374845
          ],
          [
            -48.957707,
            -26.366308
          ],
          [
            -48.954938,
            -26.357771
          ],
          [
            -48.952169,
            -26.349234
          ],
          [
            -48.949402,
            -26.340696
          ],
          [
            -48.946634,
            -26.332159
          ],
          [
            -48.943867,
            -26.323621
          ],
          [
            -48.9411,
            -26.315084
          ],
          [
            -48.938334,
            -26.306546
          ],
          [
            -48.935568,
            -26.298008
          ],
          [
            -48.932803,
            -26.289471
          ],
          [
            -48.930038,
            -26.280933
          ],
          [
            -48.927273,
            -26.272395
          ],
          [
            -48.924509,
            -26.263857
          ],
          [
            -48.921746,
            -26.255319
          ],
          [
            -48.918982,
            -26.246781
          ],
          [
            -48.908377,
            -26.241544
          ]
        ],
        "type": "LineString"
      },
      "properties": {
        "AGE_NOME": null,
        "DTENTRADA": null,
        "DTPAR": 1609286400000,
        "DTPREVISTA": 1609286400000,
        "EQP_ID": "SCBLU-2JNO-2        ",
        "EXT": 5,
        "INS_ID": "SCBLU ",
        "NOMELONGO": "LT  230 kV BLUMENAU             / JOINV.NORTE          C 2  SC          ",
        "NOMEREDE": "BASICA         ",
        "NUMDOC": null,
        "OBJECTID": 2145,
        "R": null,
        "S": null,
        "SHAPE.STLength()": 0.5694635938864417,
        "STR_DTENTRADA": null,
        "STR_DTPAR": "30/12/2020",
        "STR_DTPREVISTA": "30/12/2020",
        "TPCPR_ID": null,
        "TPEQP_ID": "LTR",
        "VAL_CAPACOPERCOMFATORCD": null,
        "VAL_CAPACOPERLD": null,
        "VAL_CAPACOPERSEMFATORCD": null,
        "VAL_CORRPROJETOLD": null,
        "VAL_FATORLIMITANTECD": null,
        "VAL_FATORLIMITANTELD": null,
        "VN": 230,
        "X": null
      },
      "type": "Feature"
    },
    {
      "geometry": {
        "coordinates": [
          [
            -51.146041,
            -29.600858
          ],
          [
            -51.115781,
            -29.584814
          ]
        ],
        "type": "LineString"
      },
      "properties": {
        "AGE_NOME": null,
        "DTENTRADA": null,
        "DTPAR": 1801353600000,
        "DTPREVISTA": 1801353600000,
        "EQP_ID": "RSCAX-2IVT21        ",
        "EXT": 1.1,
        "INS_ID": "RSCAX ",
        "NOMELONGO": "LT  230 kV CAXIAS               / IVOTI 2              C 1  RS          ",
        "NOMEREDE": "BASICA         ",
        "NUMDOC": null,
        "OBJECTID": 2237,
        "R": null,
        "S": null,
        "SHAPE.STLength()": 0.03425006160560628,
        "STR_DTENTRADA": null,
        "STR_DTPAR": "31/01/2027",
        "STR_DTPREVISTA": "31/01/2027",
        "TPCPR_ID": null,
        "TPEQP_ID": "LTR",
        "VAL_CAPACOPERCOMFATORCD": null,
        "VAL_CAPACOPERLD": null,
        "VAL_CAPACOPERSEMFATORCD": null,
        "VAL_CORRPROJETOLD": null,
        "VAL_FATORLIMITANTECD": null,
        "VAL_FATORLIMITANTELD": null,
        "VN": 230,
        "X": null
      },
      "type": "Feature"
    },
    {
      "geometry": {
        "coordinates": [
          [
            -51.145967,
            -29.601287
          ],
          [
            -51.108998,
            -29.598136
          ]
        ],
        "type": "LineString"
      },
      "properties": {
        "AGE_NOME": null,
        "DTENTRADA": null,
        "DTPAR": 1801353600000,
        "DTPREVISTA": 1801353600000,
        "EQP_ID": "RSIVT22CBO-1        ",
        "EXT": 1.1,
        "INS_ID": "RSIVT2",
        "NOMELONGO": "LT  230 kV IVOTI 2              / CAMPO BOM            C 1  RS          ",
        "NOMEREDE": "BASICA         ",
        "NUMDOC": null,
        "OBJECTID": 2238,
        "R": null,
        "S": null,
        "SHAPE.STLength()": 0.037103234525889865,
        "STR_DTENTRADA": null,
        "STR_DTPAR": "31/01/2027",
        "STR_DTPREVISTA": "31/01/2027",
        "TPCPR_ID": null,
        "TPEQP_ID": "LTR",
        "VAL_CAPACOPERCOMFATORCD": null,
        "VAL_CAPACOPERLD": null,
        "VAL_CAPACOPERSEMFATORCD": null,
        "VAL_CORRPROJETOLD": null,
        "VAL_FATORLIMITANTECD": null,
        "VAL_FATORLIMITANTELD": null,
        "VN": 230,
        "X": null
      },
      "type": "Feature"
    },
    {
      "geometry": {
        "coordinates": [
          [
            -51.145966,
            -29.600946
          ],
          [
            -51.117832,
            -29.588215
          ]
        ],
        "type": "LineString"
      },
      "properties": {
        "AGE_NOME": null,
        "DTENTRADA": null,
        "DTPAR": 1801353600000,
        "DTPREVISTA": 1801353600000,
        "EQP_ID": "RSCAX-2IVT22        ",
        "EXT": 1.1,
        "INS_ID": "RSCAX ",
        "NOMELONGO": "LT  230 kV CAXIAS               / IVOTI 2              C 2  RS          ",
        "NOMEREDE": "BASICA         ",
        "NUMDOC": null,
        "OBJECTID": 2239,
        "R": null,
        "S": null,
        "SHAPE.STLength()": 0.030880331241438363,
        "STR_DTENTRADA": null,
        "STR_DTPAR": "31/01/2027",
        "STR_DTPREVISTA": "31/01/2027",
        "TPCPR_ID": null,
        "TPEQP_ID": "LTR",
        "VAL_CAPACOPERCOMFATORCD": null,
        "VAL_CAPACOPERLD": null,
        "VAL_CAPACOPERSEMFATORCD": null,
        "VAL_CORRPROJETOLD": null,
        "VAL_FATORLIMITANTECD": null,
        "VAL_FATORLIMITANTELD": null,
        "VN": 230,
        "X": null
      },
      "type": "Feature"
    },
    {
      "geometry": {
        "coordinates": [
          [
            -51.14592,
            -29.60113
          ],
          [
            -51.113726,
            -29.596347
          ]
        ],
        "type": "LineString"
      },
      "properties": {
        "AGE_NOME": null,
        "DTENTRADA": null,
        "DTPAR": 1801353600000,
        "DTPREVISTA": 1801353600000,
        "EQP_ID": "RSIVT22CBO-2        ",
        "EXT": 1.1,
        "INS_ID": "RSIVT2",
        "NOMELONGO": "LT  230 kV IVOTI 2              / CAMPO BOM            C 2  RS          ",
        "NOMEREDE": "BASICA         ",
        "NUMDOC": null,
        "OBJECTID": 2240,
        "R": null,
        "S": null,
        "SHAPE.STLength()": 0.03254696596807101,
        "STR_DTENTRADA": null,
        "STR_DTPAR": "31/01/2027",
        "STR_DTPREVISTA": "31/01/2027",
        "TPCPR_ID": null,
        "TPEQP_ID": "LTR",
        "VAL_CAPACOPERCOMFATORCD": null,
        "VAL_CAPACOPERLD": null,
        "VAL_CAPACOPERSEMFATORCD": null,
        "VAL_CORRPROJETOLD": null,
        "VAL_FATORLIMITANTECD": null,
        "VAL_FATORLIMITANTELD": null,
        "VN": 230,
        "X": null
      },
      "type": "Feature"
    },
    {
      "geometry": {
        "coordinates": [
          [
            -52.7163,
            -27.04794
          ],
          [
            -52.77562,
            -27.015182
          ]
        ],
        "type": "LineString"
      },
      "properties": {
        "AGE_NOME": "Foz do Chapec\u00f3 Energia S.A.                                    ",
        "DTENTRADA": null,
        "DTPAR": 1769817600000,
        "DTPREVISTA": 1830124800000,
        "EQP_ID": "RSFCO-2CHSE2SC      ",
        "EXT": 3.3,
        "INS_ID": "SCFCO ",
        "NOMELONGO": "LT  230 kV FOZ CHAPECO          / CHAPECOENSE          C 2  RS/SC       ",
        "NOMEREDE": "BASICA         ",
        "NUMDOC": "001/2024  ",
        "OBJECTID": 2242,
        "R": null,
        "S": null,
        "SHAPE.STLength()": 0.06776346174538725,
        "STR_DTENTRADA": null,
        "STR_DTPAR": "31/01/2026",
        "STR_DTPREVISTA": "30/12/2027",
        "TPCPR_ID": null,
        "TPEQP_ID": "LTR",
        "VAL_CAPACOPERCOMFATORCD": null,
        "VAL_CAPACOPERLD": null,
        "VAL_CAPACOPERSEMFATORCD": null,
        "VAL_CORRPROJETOLD": null,
        "VAL_FATORLIMITANTECD": null,
        "VAL_FATORLIMITANTELD": null,
        "VN": 230,
        "X": null
      },
      "type": "Feature"
    },
    {
      "geometry": {
        "coordinates": [
          [
            -52.715965,
            -27.047769
          ],
          [
            -52.730742,
            -26.996239
          ]
        ],
        "type": "LineString"
      },
      "properties": {
        "AGE_NOME": "Foz do Chapec\u00f3 Energia S.A.                                    ",
        "DTENTRADA": null,
        "DTPAR": 1769817600000,
        "DTPREVISTA": 1830124800000,
        "EQP_ID": "SCCHSE2XAN-2        ",
        "EXT": 3.3,
        "INS_ID": "SCCHSE",
        "NOMELONGO": "LT  230 kV CHAPECOENSE          / XANXERE ESU          C 2  SC          ",
        "NOMEREDE": "BASICA         ",
        "NUMDOC": "01/2024   ",
        "OBJECTID": 2243,
        "R": null,
        "S": null,
        "SHAPE.STLength()": 0.05360754738870952,
        "STR_DTENTRADA": null,
        "STR_DTPAR": "31/01/2026",
        "STR_DTPREVISTA": "30/12/2027",
        "TPCPR_ID": null,
        "TPEQP_ID": "LTR",
        "VAL_CAPACOPERCOMFATORCD": null,
        "VAL_CAPACOPERLD": null,
        "VAL_CAPACOPERSEMFATORCD": null,
        "VAL_CORRPROJETOLD": null,
        "VAL_FATORLIMITANTECD": null,
        "VAL_FATORLIMITANTELD": null,
        "VN": 230,
        "X": null
      },
      "type": "Feature"
    },
    {
      "geometry": {
        "coordinates": [
          [
            -52.716032,
            -27.047787
          ],
          [
            -52.73637,
            -27.00663
          ]
        ],
        "type": "LineString"
      },
      "properties": {
        "AGE_NOME": "Foz do Chapec\u00f3 Energia S.A.                                    ",
        "DTENTRADA": null,
        "DTPAR": 1769817600000,
        "DTPREVISTA": 1830124800000,
        "EQP_ID": "SCCHSE2XAN-1        ",
        "EXT": 3.3,
        "INS_ID": "SCCHSE",
        "NOMELONGO": "LT  230 kV CHAPECOENSE          / XANXERE ESU          C 1  SC          ",
        "NOMEREDE": "BASICA         ",
        "NUMDOC": "001/2024  ",
        "OBJECTID": 2244,
        "R": null,
        "S": null,
        "SHAPE.STLength()": 0.04590801495695235,
        "STR_DTENTRADA": null,
        "STR_DTPAR": "31/01/2026",
        "STR_DTPREVISTA": "30/12/2027",
        "TPCPR_ID": null,
        "TPEQP_ID": "LTR",
        "VAL_CAPACOPERCOMFATORCD": null,
        "VAL_CAPACOPERLD": null,
        "VAL_CAPACOPERSEMFATORCD": null,
        "VAL_CORRPROJETOLD": null,
        "VAL_FATORLIMITANTECD": null,
        "VAL_FATORLIMITANTELD": null,
        "VN": 230,
        "X": null
      },
      "type": "Feature"
    },
    {
      "geometry": {
        "coordinates": [
          [
            -52.716128,
            -27.047829
          ],
          [
            -52.755565,
            -27.014738
          ]
        ],
        "type": "LineString"
      },
      "properties": {
        "AGE_NOME": "Foz do Chapec\u00f3 Energia S.A.                                    ",
        "DTENTRADA": null,
        "DTPAR": 1767225600000,
        "DTPREVISTA": 1830124800000,
        "EQP_ID": "RSFCO-2CHSE1SC      ",
        "EXT": 3.3,
        "INS_ID": "SCFCO ",
        "NOMELONGO": "LT  230 kV FOZ CHAPECO          / CHAPECOENSE          C 1  RS/SC       ",
        "NOMEREDE": "BASICA         ",
        "NUMDOC": "001/2024  ",
        "OBJECTID": 2245,
        "R": null,
        "S": null,
        "SHAPE.STLength()": 0.051480656833718365,
        "STR_DTENTRADA": null,
        "STR_DTPAR": "01/01/2026",
        "STR_DTPREVISTA": "30/12/2027",
        "TPCPR_ID": null,
        "TPEQP_ID": "LTR",
        "VAL_CAPACOPERCOMFATORCD": null,
        "VAL_CAPACOPERLD": null,
        "VAL_CAPACOPERSEMFATORCD": null,
        "VAL_CORRPROJETOLD": null,
        "VAL_FATORLIMITANTECD": null,
        "VAL_FATORLIMITANTELD": null,
        "VN": 230,
        "X": null
      },
      "type": "Feature"
    },
    {
      "geometry": {
        "coordinates": [
          [
            -53.667571,
            -31.549655
          ],
          [
            -53.669888,
            -31.548916
          ],
          [
            -53.680937,
            -31.551434
          ]
        ],
        "type": "LineString"
      },
      "properties": {
        "AGE_NOME": "\u00c2mbar Uruguaiana Energia S.A.                                  ",
        "DTENTRADA": 1293840000000,
        "DTPAR": null,
        "DTPREVISTA": 1293753600000,
        "EQP_ID": "RSUTEC2PME-2        ",
        "EXT": 0.3,
        "INS_ID": "RSUTEC",
        "NOMELONGO": "LT  230 kV CANDIOTA III         / PRE.MEDICI           C 2  RS          ",
        "NOMEREDE": "COMPLEMENTAR   ",
        "NUMDOC": null,
        "OBJECTID": 2366,
        "R": 0.01,
        "S": 0.1,
        "SHAPE.STLength()": 0.01376472448326795,
        "STR_DTENTRADA": "01/01/2011",
        "STR_DTPAR": null,
        "STR_DTPREVISTA": "31/12/2010",
        "TPCPR_ID": null,
        "TPEQP_ID": "LTR",
        "VAL_CAPACOPERCOMFATORCD": null,
        "VAL_CAPACOPERLD": null,
        "VAL_CAPACOPERSEMFATORCD": null,
        "VAL_CORRPROJETOLD": null,
        "VAL_FATORLIMITANTECD": null,
        "VAL_FATORLIMITANTELD": null,
        "VN": 230,
        "X": 0.0109
      },
      "type": "Feature"
    },
    {
      "geometry": {
        "coordinates": [
          [
            -53.689651,
            -31.567615
          ],
          [
            -53.683853,
            -31.55478
          ],
          [
            -53.682419,
            -31.552166
          ]
        ],
        "type": "LineString"
      },
      "properties": {
        "AGE_NOME": "CPFL TRANSMISSAO S.A.                                          ",
        "DTENTRADA": 1662422400000,
        "DTPAR": 1393545600000,
        "DTPREVISTA": 1638230400000,
        "EQP_ID": "RSCTA-2PME-2        ",
        "EXT": 5.5,
        "INS_ID": "RSCTA2",
        "NOMELONGO": "LT  230 kV CANDIOTA 2           / PRE.MEDICI           C 1  RS          ",
        "NOMEREDE": "BASICA         ",
        "NUMDOC": "004/2018  ",
        "OBJECTID": 2378,
        "R": 0.052,
        "S": 1.4,
        "SHAPE.STLength()": 0.017065860360801783,
        "STR_DTENTRADA": "06/09/2022",
        "STR_DTPAR": "28/02/2014",
        "STR_DTPREVISTA": "30/11/2021",
        "TPCPR_ID": null,
        "TPEQP_ID": "LTR",
        "VAL_CAPACOPERCOMFATORCD": 919,
        "VAL_CAPACOPERLD": 729,
        "VAL_CAPACOPERSEMFATORCD": 919,
        "VAL_CORRPROJETOLD": 729,
        "VAL_FATORLIMITANTECD": "",
        "VAL_FATORLIMITANTELD": "",
        "VN": 230,
        "X": 0.374
      },
      "type": "Feature"
    },
    {
      "geometry": {
        "coordinates": [
          [
            -51.17277,
            -30.043228
          ],
          [
            -51.17238,
            -30.042625
          ]
        ],
        "type": "LineString"
      },
      "properties": {
        "AGE_NOME": "TRANSMISSORA DE ENERGIA SUL BRASIL S.A.                        ",
        "DTENTRADA": 1552780800000,
        "DTPAR": null,
        "DTPREVISTA": 1548892800000,
        "EQP_ID": "RSJBO-2PA101S       ",
        "EXT": null,
        "INS_ID": "RSJBO ",
        "NOMELONGO": "LT  230 kV JARDIM BOTANICO      / JBO LT PA10          C 1  RS          ",
        "NOMEREDE": "BASICA         ",
        "NUMDOC": null,
        "OBJECTID": 2398,
        "R": 0.005,
        "S": 7.333,
        "SHAPE.STLength()": 0.0007178303311410016,
        "STR_DTENTRADA": "17/03/2019",
        "STR_DTPAR": null,
        "STR_DTPREVISTA": "31/01/2019",
        "TPCPR_ID": null,
        "TPEQP_ID": "LTR",
        "VAL_CAPACOPERCOMFATORCD": 1000,
        "VAL_CAPACOPERLD": 1000,
        "VAL_CAPACOPERSEMFATORCD": 1000,
        "VAL_CORRPROJETOLD": 1000,
        "VAL_FATORLIMITANTECD": "",
        "VAL_FATORLIMITANTELD": "",
        "VN": 230,
        "X": 0.036
      },
      "type": "Feature"
    },
    {
      "geometry": {
        "coordinates": [
          [
            -51.173237,
            -30.043407
          ],
          [
            -51.174214,
            -30.043363
          ]
        ],
        "type": "LineString"
      },
      "properties": {
        "AGE_NOME": "TRANSMISSORA DE ENERGIA SUL BRASIL S.A.                        ",
        "DTENTRADA": 1552780800000,
        "DTPAR": null,
        "DTPREVISTA": null,
        "EQP_ID": "RSGRA22JBO-1S       ",
        "EXT": null,
        "INS_ID": "RSJBO ",
        "NOMELONGO": "LT  230 kV JARDIM BOTANICO      / JBO LT GRA2          C 1  RS          ",
        "NOMEREDE": "BASICA         ",
        "NUMDOC": null,
        "OBJECTID": 2399,
        "R": 0.005,
        "S": 7.333,
        "SHAPE.STLength()": 0.0009779774469920051,
        "STR_DTENTRADA": "17/03/2019",
        "STR_DTPAR": null,
        "STR_DTPREVISTA": null,
        "TPCPR_ID": null,
        "TPEQP_ID": "LTR",
        "VAL_CAPACOPERCOMFATORCD": 1000,
        "VAL_CAPACOPERLD": 1000,
        "VAL_CAPACOPERSEMFATORCD": 1000,
        "VAL_CORRPROJETOLD": 1000,
        "VAL_FATORLIMITANTECD": "",
        "VAL_FATORLIMITANTELD": "",
        "VN": 230,
        "X": 0.036
      },
      "type": "Feature"
    },
    {
      "geometry": {
        "coordinates": [
          [
            -51.335348,
            -29.60673
          ],
          [
            -51.150287,
            -29.60372
          ],
          [
            -51.146669,
            -29.601263
          ]
        ],
        "type": "LineString"
      },
      "properties": {
        "AGE_NOME": null,
        "DTENTRADA": null,
        "DTPAR": 1801353600000,
        "DTPREVISTA": 1801353600000,
        "EQP_ID": "RSIVT22SSDC1        ",
        "EXT": 20.9,
        "INS_ID": "RSIVT2",
        "NOMELONGO": "LT  230 kV IVOTI 2              / S.SEBASTI\u00c3OCA\u00cd2      C 1  RS          ",
        "NOMEREDE": "BASICA         ",
        "NUMDOC": null,
        "OBJECTID": 2424,
        "R": null,
        "S": null,
        "SHAPE.STLength()": 0.18945874307456634,
        "STR_DTENTRADA": null,
        "STR_DTPAR": "31/01/2027",
        "STR_DTPREVISTA": "31/01/2027",
        "TPCPR_ID": null,
        "TPEQP_ID": "LTR",
        "VAL_CAPACOPERCOMFATORCD": null,
        "VAL_CAPACOPERLD": null,
        "VAL_CAPACOPERSEMFATORCD": null,
        "VAL_CORRPROJETOLD": null,
        "VAL_FATORLIMITANTECD": null,
        "VAL_FATORLIMITANTELD": null,
        "VN": 230,
        "X": null
      },
      "type": "Feature"
    },
    {
      "geometry": {
        "coordinates": [
          [
            -51.335929,
            -29.606431
          ],
          [
            -51.336724,
            -29.603318
          ],
          [
            -51.19777,
            -29.270585
          ],
          [
            -51.192603,
            -29.26708
          ]
        ],
        "type": "LineString"
      },
      "properties": {
        "AGE_NOME": null,
        "DTENTRADA": null,
        "DTPAR": 1801353600000,
        "DTPREVISTA": 1801353600000,
        "EQP_ID": "RSCAX-2SSDC1        ",
        "EXT": 43.7,
        "INS_ID": "RSCAX ",
        "NOMELONGO": "LT  230 kV CAXIAS               / S.SEBASTI\u00c3OCA\u00cd2      C 1  RS          ",
        "NOMEREDE": "BASICA         ",
        "NUMDOC": null,
        "OBJECTID": 2425,
        "R": null,
        "S": null,
        "SHAPE.STLength()": 0.3700390954929027,
        "STR_DTENTRADA": null,
        "STR_DTPAR": "31/01/2027",
        "STR_DTPREVISTA": "31/01/2027",
        "TPCPR_ID": null,
        "TPEQP_ID": "LTR",
        "VAL_CAPACOPERCOMFATORCD": null,
        "VAL_CAPACOPERLD": null,
        "VAL_CAPACOPERSEMFATORCD": null,
        "VAL_CORRPROJETOLD": null,
        "VAL_FATORLIMITANTECD": null,
        "VAL_FATORLIMITANTELD": null,
        "VN": 230,
        "X": null
      },
      "type": "Feature"
    },
    {
      "geometry": {
        "coordinates": [
          [
            -51.02601,
            -27.571003
          ],
          [
            -51.067234,
            -27.569787
          ]
        ],
        "type": "LineString"
      },
      "properties": {
        "AGE_NOME": null,
        "DTENTRADA": null,
        "DTPAR": 1861833600000,
        "DTPREVISTA": 1892419200000,
        "EQP_ID": "SCABDI5ABT-1        ",
        "EXT": 4.7,
        "INS_ID": "SCABDI",
        "NOMELONGO": "LT  525 kV ABDON BATISTA 2      / ABDON BATISTA        C 1  SC          ",
        "NOMEREDE": "BASICA         ",
        "NUMDOC": "002/2024  ",
        "OBJECTID": 2432,
        "R": null,
        "S": null,
        "SHAPE.STLength()": 0.0412419758897246,
        "STR_DTENTRADA": null,
        "STR_DTPAR": "31/12/2028",
        "STR_DTPREVISTA": "20/12/2029",
        "TPCPR_ID": null,
        "TPEQP_ID": "LTR",
        "VAL_CAPACOPERCOMFATORCD": null,
        "VAL_CAPACOPERLD": null,
        "VAL_CAPACOPERSEMFATORCD": null,
        "VAL_CORRPROJETOLD": null,
        "VAL_FATORLIMITANTECD": null,
        "VAL_FATORLIMITANTELD": null,
        "VN": 525,
        "X": null
      },
      "type": "Feature"
    },
    {
      "geometry": {
        "coordinates": [
          [
            -51.279756,
            -29.059957
          ],
          [
            -51.218696,
            -29.150095
          ]
        ],
        "type": "LineString"
      },
      "properties": {
        "AGE_NOME": "COMPANHIA DE GERA\u00c7\u00c3O E TRANSMISS\u00c3O DE ENERGIA EL\u00c9TRICA DO SUL D",
        "DTENTRADA": 1739664000000,
        "DTPAR": 1742428800000,
        "DTPREVISTA": 1732924800000,
        "EQP_ID": "RSFAR-2CXN-2        ",
        "EXT": 16.55,
        "INS_ID": "RSFAR ",
        "NOMELONGO": "LT  230 kV FARROUPILHA          / CAXIAS NORTE         C 1  RS          ",
        "NOMEREDE": "BASICA         ",
        "NUMDOC": "002/2019  ",
        "OBJECTID": 2441,
        "R": 0.329,
        "S": 3.1,
        "SHAPE.STLength()": 0.10887232766814066,
        "STR_DTENTRADA": "16/02/2025",
        "STR_DTPAR": "20/03/2025",
        "STR_DTPREVISTA": "30/11/2024",
        "TPCPR_ID": null,
        "TPEQP_ID": "LTR",
        "VAL_CAPACOPERCOMFATORCD": null,
        "VAL_CAPACOPERLD": null,
        "VAL_CAPACOPERSEMFATORCD": null,
        "VAL_CORRPROJETOLD": null,
        "VAL_FATORLIMITANTECD": null,
        "VAL_FATORLIMITANTELD": null,
        "VN": 242,
        "X": 1.503
      },
      "type": "Feature"
    },
    {
      "geometry": {
        "coordinates": [
          [
            -51.026011,
            -27.571006
          ],
          [
            -51.029254,
            -27.571506
          ],
          [
            -51.067228,
            -27.56989
          ]
        ],
        "type": "LineString"
      },
      "properties": {
        "AGE_NOME": null,
        "DTENTRADA": null,
        "DTPAR": 1861833600000,
        "DTPREVISTA": 1892419200000,
        "EQP_ID": "SCABDI5ABT-2        ",
        "EXT": 4.7,
        "INS_ID": "SCABDI",
        "NOMELONGO": "LT  525 kV ABDON BATISTA 2      / ABDON BATISTA        C 2  SC          ",
        "NOMEREDE": "BASICA         ",
        "NUMDOC": "002/2024  ",
        "OBJECTID": 2442,
        "R": null,
        "S": null,
        "SHAPE.STLength()": 0.04128963209225177,
        "STR_DTENTRADA": null,
        "STR_DTPAR": "31/12/2028",
        "STR_DTPREVISTA": "20/12/2029",
        "TPCPR_ID": null,
        "TPEQP_ID": "LTR",
        "VAL_CAPACOPERCOMFATORCD": null,
        "VAL_CAPACOPERLD": null,
        "VAL_CAPACOPERSEMFATORCD": null,
        "VAL_CORRPROJETOLD": null,
        "VAL_FATORLIMITANTECD": null,
        "VAL_FATORLIMITANTELD": null,
        "VN": 525,
        "X": null
      },
      "type": "Feature"
    }
  ],
  "type": "FeatureCollection"
}
