{"type":"FeatureCollection","features":[{"type":"Feature","id":"vw_incra_quilombolas.fid-5c8cc48d_196ac1ca94f_-7ab2","geometry":{"type":"MultiPolygon","coordinates":[[[[-53.14185401,-31.58038123],[-53.14183899,-31.58038273],[-53.14182194,-31.58040605],[-53.14188967,-31.58213689],[-53.14150011,-31.58309517],[-53.14104798,-31.5836449],[-53.1408146,-31.5838677],[-53.13966585,-31.58420167],[-53.13976713,-31.58461896],[-53.14065043,-31.58678925],[-53.14067976,-31.58907342],[-53.14061309,-31.58907404],[-53.14056627,-31.58680182],[-53.14016501,-31.58590959],[-53.1395354,-31.58423411],[-53.13940659,-31.58426789],[-53.13915627,-31.58410071],[-53.13883413,-31.58414059],[-53.13882735,-31.58413354],[-53.13843411,-31.58415541],[-53.13812927,-31.5842717],[-53.13809711,-31.58444117],[-53.13726245,-31.58580996],[-53.13725538,-31.58580383],[-53.13713425,-31.58598153],[-53.13707083,-31.58608003],[-53.13704302,-31.58610329],[-53.13545293,-31.58565086],[-53.13619957,-31.58724173],[-53.13645006,-31.58844981],[-53.13672854,-31.58863462],[-53.1387699,-31.58959967],[-53.13707167,-31.5901589],[-53.13567392,-31.59059249],[-53.13529285,-31.58948392],[-53.13470374,-31.58779181],[-53.13279259,-31.58693972],[-53.13212091,-31.58662137],[-53.12952499,-31.58564552],[-53.12914212,-31.58551493],[-53.12909653,-31.58543128],[-53.12888492,-31.58546488],[-53.12836262,-31.58581268],[-53.12836462,-31.58584527],[-53.12798158,-31.58618796],[-53.12760106,-31.58654669],[-53.1275239,-31.58662098],[-53.12771657,-31.58696364],[-53.12797054,-31.58719052],[-53.12831241,-31.58749423],[-53.12861128,-31.58758421],[-53.12864501,-31.58764511],[-53.12899409,-31.58788686],[-53.12874289,-31.58809495],[-53.12835481,-31.58832756],[-53.12793109,-31.58819064],[-53.12767612,-31.58825207],[-53.12712716,-31.5884678],[-53.12701917,-31.58863295],[-53.12661692,-31.58868041],[-53.12642106,-31.58867907],[-53.12641378,-31.58867269],[-53.12627728,-31.5887674],[-53.12620879,-31.58889165],[-53.12598679,-31.58897374],[-53.12576198,-31.58902873],[-53.12560658,-31.58901201],[-53.12522977,-31.58908409],[-53.12515803,-31.58908768],[-53.12494564,-31.58923666],[-53.12493847,-31.58923028],[-53.12437071,-31.58890839],[-53.12417422,-31.58879883],[-53.12416713,-31.58879234],[-53.1238097,-31.5888617],[-53.12380257,-31.58885527],[-53.12347844,-31.58890685],[-53.12347074,-31.58891797],[-53.12346428,-31.58891204],[-53.12344775,-31.58888824],[-53.12343953,-31.58888135],[-53.12332142,-31.58887922],[-53.12291753,-31.58901559],[-53.12291043,-31.58900915],[-53.12270251,-31.58907778],[-53.12246032,-31.58914889],[-53.12232519,-31.58942592],[-53.12222492,-31.58967648],[-53.12202352,-31.59020625],[-53.12268212,-31.59166053],[-53.12310379,-31.59228859],[-53.12326931,-31.59259283],[-53.12364878,-31.59410448],[-53.12291704,-31.59432791],[-53.12225262,-31.59478325],[-53.12226329,-31.59534442],[-53.12231332,-31.59616546],[-53.1223802,-31.59804805],[-53.12241754,-31.59865184],[-53.12313454,-31.5987847],[-53.12511961,-31.59911817],[-53.12555834,-31.59972182],[-53.12636628,-31.60000248],[-53.12919697,-31.59983092],[-53.13223919,-31.59995038],[-53.13337694,-31.60005048],[-53.13446077,-31.60026341],[-53.13508856,-31.60026767],[-53.13535762,-31.6002695],[-53.136823,-31.59973521],[-53.13729633,-31.59908236],[-53.13727416,-31.59828347],[-53.13759598,-31.5977363],[-53.13793365,-31.59703318],[-53.13973026,-31.59629293],[-53.14217538,-31.59528413],[-53.14330904,-31.59585627],[-53.14421306,-31.59550354],[-53.1448787,-31.59476683],[-53.14528039,-31.59448215],[-53.14534526,-31.59368962],[-53.14589,-31.59329638],[-53.14734235,-31.5931509],[-53.14775254,-31.59264676],[-53.1477793,-31.59203065],[-53.14776427,-31.59203221],[-53.14802092,-31.59145404],[-53.14866216,-31.59039378],[-53.14988606,-31.58821017],[-53.15020762,-31.5876492],[-53.14994407,-31.58574903],[-53.14969838,-31.58510347],[-53.14868845,-31.58407651],[-53.14767003,-31.58303844],[-53.14712926,-31.58255323],[-53.14711426,-31.58255478],[-53.14686206,-31.58242372],[-53.14608584,-31.58204168],[-53.14557134,-31.58182854],[-53.14452759,-31.58102204],[-53.14430832,-31.58098738],[-53.14422009,-31.58086611],[-53.14420506,-31.58086761],[-53.14404444,-31.58064068],[-53.14392559,-31.58026249],[-53.14391055,-31.58026408],[-53.1438572,-31.57984289],[-53.14384021,-31.57983193],[-53.14185401,-31.58038123]]]]},"geometry_name":"geom","properties":{"id_quilombola":1,"Comunidade":"Fazenda Da Cachoeira","Municipio":"Piratini","Unidade_Federecao":"RS","Numero_Processo":"54220.000042/2007-60","Jurisdicao":"Federal","Fase":null,"Responsavel":"INCRA","dt_ini":"2013-01-01Z","dt_fim":"2029-10-30Z"}},{"type":"Feature","id":"vw_incra_quilombolas.fid-5c8cc48d_196ac1ca94f_-7ab1","geometry":{"type":"MultiPolygon","coordinates":[[[[-53.14185401,-31.58038123],[-53.14183899,-31.58038273],[-53.14182194,-31.58040605],[-53.14188967,-31.58213689],[-53.14150011,-31.58309517],[-53.14104798,-31.5836449],[-53.1408146,-31.5838677],[-53.13966585,-31.58420167],[-53.13976713,-31.58461896],[-53.14065043,-31.58678925],[-53.14067976,-31.58907342],[-53.14061309,-31.58907404],[-53.14056627,-31.58680182],[-53.14016501,-31.58590959],[-53.1395354,-31.58423411],[-53.13940659,-31.58426789],[-53.13915627,-31.58410071],[-53.13883413,-31.58414059],[-53.13882735,-31.58413354],[-53.13843411,-31.58415541],[-53.13812927,-31.5842717],[-53.13809711,-31.58444117],[-53.13726245,-31.58580996],[-53.13725538,-31.58580383],[-53.13713425,-31.58598153],[-53.13707083,-31.58608003],[-53.13704302,-31.58610329],[-53.13545293,-31.58565086],[-53.13619957,-31.58724173],[-53.13645006,-31.58844981],[-53.13672854,-31.58863462],[-53.1387699,-31.58959967],[-53.13707167,-31.5901589],[-53.13567392,-31.59059249],[-53.13529285,-31.58948392],[-53.13470374,-31.58779181],[-53.13279259,-31.58693972],[-53.13212091,-31.58662137],[-53.12952499,-31.58564552],[-53.12914212,-31.58551493],[-53.12909653,-31.58543128],[-53.12888492,-31.58546488],[-53.12836262,-31.58581268],[-53.12836462,-31.58584527],[-53.12798158,-31.58618796],[-53.12760106,-31.58654669],[-53.1275239,-31.58662098],[-53.12771657,-31.58696364],[-53.12797054,-31.58719052],[-53.12831241,-31.58749423],[-53.12861128,-31.58758421],[-53.12864501,-31.58764511],[-53.12899409,-31.58788686],[-53.12874289,-31.58809495],[-53.12835481,-31.58832756],[-53.12793109,-31.58819064],[-53.12767612,-31.58825207],[-53.12712716,-31.5884678],[-53.12701917,-31.58863295],[-53.12661692,-31.58868041],[-53.12642106,-31.58867907],[-53.12641378,-31.58867269],[-53.12627728,-31.5887674],[-53.12620879,-31.58889165],[-53.12598679,-31.58897374],[-53.12576198,-31.58902873],[-53.12560658,-31.58901201],[-53.12522977,-31.58908409],[-53.12515803,-31.58908768],[-53.12494564,-31.58923666],[-53.12493847,-31.58923028],[-53.12437071,-31.58890839],[-53.12417422,-31.58879883],[-53.12416713,-31.58879234],[-53.1238097,-31.5888617],[-53.12380257,-31.58885527],[-53.12347844,-31.58890685],[-53.12347074,-31.58891797],[-53.12346428,-31.58891204],[-53.12344775,-31.58888824],[-53.12343953,-31.58888135],[-53.12332142,-31.58887922],[-53.12291753,-31.58901559],[-53.12291043,-31.58900915],[-53.12270251,-31.58907778],[-53.12246032,-31.58914889],[-53.12232519,-31.58942592],[-53.12222492,-31.58967648],[-53.12202352,-31.59020625],[-53.12268212,-31.59166053],[-53.12310379,-31.59228859],[-53.12326931,-31.59259283],[-53.12364878,-31.59410448],[-53.12291704,-31.59432791],[-53.12225262,-31.59478325],[-53.12226329,-31.59534442],[-53.12231332,-31.59616546],[-53.1223802,-31.59804805],[-53.12241754,-31.59865184],[-53.12313454,-31.5987847],[-53.12511961,-31.59911817],[-53.12555834,-31.59972182],[-53.12636628,-31.60000248],[-53.12919697,-31.59983092],[-53.13223919,-31.59995038],[-53.13337694,-31.60005048],[-53.13446077,-31.60026341],[-53.13508856,-31.60026767],[-53.13535762,-31.6002695],[-53.136823,-31.59973521],[-53.13729633,-31.59908236],[-53.13727416,-31.59828347],[-53.13759598,-31.5977363],[-53.13793365,-31.59703318],[-53.13973026,-31.59629293],[-53.14217538,-31.59528413],[-53.14330904,-31.59585627],[-53.14421306,-31.59550354],[-53.1448787,-31.59476683],[-53.14528039,-31.59448215],[-53.14534526,-31.59368962],[-53.14589,-31.59329638],[-53.14734235,-31.5931509],[-53.14775254,-31.59264676],[-53.1477793,-31.59203065],[-53.14776427,-31.59203221],[-53.14802092,-31.59145404],[-53.14866216,-31.59039378],[-53.14988606,-31.58821017],[-53.15020762,-31.5876492],[-53.14994407,-31.58574903],[-53.14969838,-31.58510347],[-53.14868845,-31.58407651],[-53.14767003,-31.58303844],[-53.14712926,-31.58255323],[-53.14711426,-31.58255478],[-53.14686206,-31.58242372],[-53.14608584,-31.58204168],[-53.14557134,-31.58182854],[-53.14452759,-31.58102204],[-53.14430832,-31.58098738],[-53.14422009,-31.58086611],[-53.14420506,-31.58086761],[-53.14404444,-31.58064068],[-53.14392559,-31.58026249],[-53.14391055,-31.58026408],[-53.1438572,-31.57984289],[-53.14384021,-31.57983193],[-53.14185401,-31.58038123]]]]},"geometry_name":"geom","properties":{"id_quilombola":2,"Comunidade":"Fazenda Da Cachoeira","Municipio":"Piratini","Unidade_Federecao":"RS","Numero_Processo":"54220.000042/2007-60","Jurisdicao":"Federal","Fase":null,"Responsavel":"INCRA","dt_ini":"2013-01-01Z","dt_fim":"2029-10-30Z"}},{"type":"Feature","id":"vw_incra_quilombolas.fid-5c8cc48d_196ac1ca94f_-7ab0","geometry":{"type":"MultiPolygon","coordinates":[[[[-53.14185401,-31.58038123],[-53.14183899,-31.58038273],[-53.14182194,-31.58040605],[-53.14188967,-31.58213689],[-53.14150011,-31.58309517],[-53.14104798,-31.5836449],[-53.1408146,-31.5838677],[-53.13966585,-31.58420167],[-53.13976713,-31.58461896],[-53.14065043,-31.58678925],[-53.14067976,-31.58907342],[-53.14061309,-31.58907404],[-53.14056627,-31.58680182],[-53.14016501,-31.58590959],[-53.1395354,-31.58423411],[-53.13940659,-31.58426789],[-53.13915627,-31.58410071],[-53.13883413,-31.58414059],[-53.13882735,-31.58413354],[-53.13843411,-31.58415541],[-53.13812927,-31.5842717],[-53.13809711,-31.58444117],[-53.13726245,-31.58580996],[-53.13725538,-31.58580383],[-53.13713425,-31.58598153],[-53.13707083,-31.58608003],[-53.13704302,-31.58610329],[-53.13545293,-31.58565086],[-53.13619957,-31.58724173],[-53.13645006,-31.58844981],[-53.13672854,-31.58863462],[-53.1387699,-31.58959967],[-53.13707167,-31.5901589],[-53.13567392,-31.59059249],[-53.13529285,-31.58948392],[-53.13470374,-31.58779181],[-53.13279259,-31.58693972],[-53.13212091,-31.58662137],[-53.12952499,-31.58564552],[-53.12914212,-31.58551493],[-53.12909653,-31.58543128],[-53.12888492,-31.58546488],[-53.12836262,-31.58581268],[-53.12836462,-31.58584527],[-53.12798158,-31.58618796],[-53.12760106,-31.58654669],[-53.1275239,-31.58662098],[-53.12771657,-31.58696364],[-53.12797054,-31.58719052],[-53.12831241,-31.58749423],[-53.12861128,-31.58758421],[-53.12864501,-31.58764511],[-53.12899409,-31.58788686],[-53.12874289,-31.58809495],[-53.12835481,-31.58832756],[-53.12793109,-31.58819064],[-53.12767612,-31.58825207],[-53.12712716,-31.5884678],[-53.12701917,-31.58863295],[-53.12661692,-31.58868041],[-53.12642106,-31.58867907],[-53.12641378,-31.58867269],[-53.12627728,-31.5887674],[-53.12620879,-31.58889165],[-53.12598679,-31.58897374],[-53.12576198,-31.58902873],[-53.12560658,-31.58901201],[-53.12522977,-31.58908409],[-53.12515803,-31.58908768],[-53.12494564,-31.58923666],[-53.12493847,-31.58923028],[-53.12437071,-31.58890839],[-53.12417422,-31.58879883],[-53.12416713,-31.58879234],[-53.1238097,-31.5888617],[-53.12380257,-31.58885527],[-53.12347844,-31.58890685],[-53.12347074,-31.58891797],[-53.12346428,-31.58891204],[-53.12344775,-31.58888824],[-53.12343953,-31.58888135],[-53.12332142,-31.58887922],[-53.12291753,-31.58901559],[-53.12291043,-31.58900915],[-53.12270251,-31.58907778],[-53.12246032,-31.58914889],[-53.12232519,-31.58942592],[-53.12222492,-31.58967648],[-53.12202352,-31.59020625],[-53.12268212,-31.59166053],[-53.12310379,-31.59228859],[-53.12326931,-31.59259283],[-53.12364878,-31.59410448],[-53.12291704,-31.59432791],[-53.12225262,-31.59478325],[-53.12226329,-31.59534442],[-53.12231332,-31.59616546],[-53.1223802,-31.59804805],[-53.12241754,-31.59865184],[-53.12313454,-31.5987847],[-53.12511961,-31.59911817],[-53.12555834,-31.59972182],[-53.12636628,-31.60000248],[-53.12919697,-31.59983092],[-53.13223919,-31.59995038],[-53.13337694,-31.60005048],[-53.13446077,-31.60026341],[-53.13508856,-31.60026767],[-53.13535762,-31.6002695],[-53.136823,-31.59973521],[-53.13729633,-31.59908236],[-53.13727416,-31.59828347],[-53.13759598,-31.5977363],[-53.13793365,-31.59703318],[-53.13973026,-31.59629293],[-53.14217538,-31.59528413],[-53.14330904,-31.59585627],[-53.14421306,-31.59550354],[-53.1448787,-31.59476683],[-53.14528039,-31.59448215],[-53.14534526,-31.59368962],[-53.14589,-31.59329638],[-53.14734235,-31.5931509],[-53.14775254,-31.59264676],[-53.1477793,-31.59203065],[-53.14776427,-31.59203221],[-53.14802092,-31.59145404],[-53.14866216,-31.59039378],[-53.14988606,-31.58821017],[-53.15020762,-31.5876492],[-53.14994407,-31.58574903],[-53.14969838,-31.58510347],[-53.14868845,-31.58407651],[-53.14767003,-31.58303844],[-53.14712926,-31.58255323],[-53.14711426,-31.58255478],[-53.14686206,-31.58242372],[-53.14608584,-31.58204168],[-53.14557134,-31.58182854],[-53.14452759,-31.58102204],[-53.14430832,-31.58098738],[-53.14422009,-31.58086611],[-53.14420506,-31.58086761],[-53.14404444,-31.58064068],[-53.14392559,-31.58026249],[-53.14391055,-31.58026408],[-53.1438572,-31.57984289],[-53.14384021,-31.57983193],[-53.14185401,-31.58038123]]]]},"geometry_name":"geom","properties":{"id_quilombola":3,"Comunidade":"Fazenda Da Cachoeira","Municipio":"Piratini","Unidade_Federecao":"RS","Numero_Processo":"54220.000042/2007-60","Jurisdicao":"Federal","Fase":null,"Responsavel":"INCRA","dt_ini":"2013-01-01Z","dt_fim":"2029-10-30Z"}},{"type":"Feature","id":"vw_incra_quilombolas.fid-5c8cc48d_196ac1ca94f_-7aaf","geometry":{"type":"MultiPolygon","coordinates":[[[[-53.14185401,-31.58038123],[-53.14183899,-31.58038273],[-53.14182194,-31.58040605],[-53.14188967,-31.58213689],[-53.14150011,-31.58309517],[-53.14104798,-31.5836449],[-53.1408146,-31.5838677],[-53.13966585,-31.58420167],[-53.13976713,-31.58461896],[-53.14065043,-31.58678925],[-53.14067976,-31.58907342],[-53.14061309,-31.58907404],[-53.14056627,-31.58680182],[-53.14016501,-31.58590959],[-53.1395354,-31.58423411],[-53.13940659,-31.58426789],[-53.13915627,-31.58410071],[-53.13883413,-31.58414059],[-53.13882735,-31.58413354],[-53.13843411,-31.58415541],[-53.13812927,-31.5842717],[-53.13809711,-31.58444117],[-53.13726245,-31.58580996],[-53.13725538,-31.58580383],[-53.13713425,-31.58598153],[-53.13707083,-31.58608003],[-53.13704302,-31.58610329],[-53.13545293,-31.58565086],[-53.13619957,-31.58724173],[-53.13645006,-31.58844981],[-53.13672854,-31.58863462],[-53.1387699,-31.58959967],[-53.13707167,-31.5901589],[-53.13567392,-31.59059249],[-53.13529285,-31.58948392],[-53.13470374,-31.58779181],[-53.13279259,-31.58693972],[-53.13212091,-31.58662137],[-53.12952499,-31.58564552],[-53.12914212,-31.58551493],[-53.12909653,-31.58543128],[-53.12888492,-31.58546488],[-53.12836262,-31.58581268],[-53.12836462,-31.58584527],[-53.12798158,-31.58618796],[-53.12760106,-31.58654669],[-53.1275239,-31.58662098],[-53.12771657,-31.58696364],[-53.12797054,-31.58719052],[-53.12831241,-31.58749423],[-53.12861128,-31.58758421],[-53.12864501,-31.58764511],[-53.12899409,-31.58788686],[-53.12874289,-31.58809495],[-53.12835481,-31.58832756],[-53.12793109,-31.58819064],[-53.12767612,-31.58825207],[-53.12712716,-31.5884678],[-53.12701917,-31.58863295],[-53.12661692,-31.58868041],[-53.12642106,-31.58867907],[-53.12641378,-31.58867269],[-53.12627728,-31.5887674],[-53.12620879,-31.58889165],[-53.12598679,-31.58897374],[-53.12576198,-31.58902873],[-53.12560658,-31.58901201],[-53.12522977,-31.58908409],[-53.12515803,-31.58908768],[-53.12494564,-31.58923666],[-53.12493847,-31.58923028],[-53.12437071,-31.58890839],[-53.12417422,-31.58879883],[-53.12416713,-31.58879234],[-53.1238097,-31.5888617],[-53.12380257,-31.58885527],[-53.12347844,-31.58890685],[-53.12347074,-31.58891797],[-53.12346428,-31.58891204],[-53.12344775,-31.58888824],[-53.12343953,-31.58888135],[-53.12332142,-31.58887922],[-53.12291753,-31.58901559],[-53.12291043,-31.58900915],[-53.12270251,-31.58907778],[-53.12246032,-31.58914889],[-53.12232519,-31.58942592],[-53.12222492,-31.58967648],[-53.12202352,-31.59020625],[-53.12268212,-31.59166053],[-53.12310379,-31.59228859],[-53.12326931,-31.59259283],[-53.12364878,-31.59410448],[-53.12291704,-31.59432791],[-53.12225262,-31.59478325],[-53.12226329,-31.59534442],[-53.12231332,-31.59616546],[-53.1223802,-31.59804805],[-53.12241754,-31.59865184],[-53.12313454,-31.5987847],[-53.12511961,-31.59911817],[-53.12555834,-31.59972182],[-53.12636628,-31.60000248],[-53.12919697,-31.59983092],[-53.13223919,-31.59995038],[-53.13337694,-31.60005048],[-53.13446077,-31.60026341],[-53.13508856,-31.60026767],[-53.13535762,-31.6002695],[-53.136823,-31.59973521],[-53.13729633,-31.59908236],[-53.13727416,-31.59828347],[-53.13759598,-31.5977363],[-53.13793365,-31.59703318],[-53.13973026,-31.59629293],[-53.14217538,-31.59528413],[-53.14330904,-31.59585627],[-53.14421306,-31.59550354],[-53.1448787,-31.59476683],[-53.14528039,-31.59448215],[-53.14534526,-31.59368962],[-53.14589,-31.59329638],[-53.14734235,-31.5931509],[-53.14775254,-31.59264676],[-53.1477793,-31.59203065],[-53.14776427,-31.59203221],[-53.14802092,-31.59145404],[-53.14866216,-31.59039378],[-53.14988606,-31.58821017],[-53.15020762,-31.5876492],[-53.14994407,-31.58574903],[-53.14969838,-31.58510347],[-53.14868845,-31.58407651],[-53.14767003,-31.58303844],[-53.14712926,-31.58255323],[-53.14711426,-31.58255478],[-53.14686206,-31.58242372],[-53.14608584,-31.58204168],[-53.14557134,-31.58182854],[-53.14452759,-31.58102204],[-53.14430832,-31.58098738],[-53.14422009,-31.58086611],[-53.14420506,-31.58086761],[-53.14404444,-31.58064068],[-53.14392559,-31.58026249],[-53.14391055,-31.58026408],[-53.1438572,-31.57984289],[-53.14384021,-31.57983193],[-53.14185401,-31.58038123]]]]},"geometry_name":"geom","properties":{"id_quilombola":5,"Comunidade":"Fazenda Da Cachoeira","Municipio":"Piratini","Unidade_Federecao":"RS","Numero_Processo":"54220.000042/2007-60","Jurisdicao":"Federal","Fase":null,"Responsavel":"INCRA","dt_ini":"2013-01-01Z","dt_fim":"2029-10-30Z"}},{"type":"Feature","id":"vw_incra_quilombolas.fid-5c8cc48d_196ac1ca94f_-7aae","geometry":{"type":"MultiPolygon","coordinates":[[[[-50.71672636,-30.01512178],[-50.71681164,-30.01394083],[-50.71731472,-30.01300733],[-50.71682348,-30.01294753],[-50.71499799,-30.01310287],[-50.71346702,-30.01288359],[-50.7129746,-30.01247894],[-50.71146614,-30.0114768],[-50.71136579,-30.01171754],[-50.71117288,-30.01190781],[-50.71103129,-30.01210387],[-50.71088141,-30.01229684],[-50.71082789,-30.01248155],[-50.71079762,-30.01287071],[-50.71067526,-30.01319036],[-50.71051697,-30.01338603],[-50.71050877,-30.01356885],[-50.71046711,-30.01370322],[-50.71045528,-30.01388513],[-50.71047016,-30.01408108],[-50.71294657,-30.01414526],[-50.7129275,-30.01410434],[-50.71368135,-30.01433358],[-50.7165343,-30.01512687],[-50.71672636,-30.01512178]]],[[[-50.71188759,-30.02057644],[-50.71028307,-30.0201521],[-50.71065969,-30.01969864],[-50.71098725,-30.01924552],[-50.71106588,-30.01863012],[-50.71072401,-30.01804594],[-50.710512,-30.01748983],[-50.71037637,-30.01695104],[-50.71032307,-30.01623889],[-50.71025121,-30.01577225],[-50.71004561,-30.01551189],[-50.71021007,-30.01483361],[-50.71047016,-30.01408108],[-50.71024629,-30.01407527],[-50.71029525,-30.01432111],[-50.7101175,-30.01457476],[-50.70980402,-30.01475357],[-50.70877244,-30.01712916],[-50.7085607,-30.01765537],[-50.70889012,-30.01834404],[-50.70891924,-30.02200616],[-50.70889143,-30.02219038],[-50.70769117,-30.02232182],[-50.70697749,-30.02245597],[-50.70697362,-30.02246607],[-50.70667048,-30.02253903],[-50.70625851,-30.02259298],[-50.70613542,-30.02269549],[-50.70591071,-30.02279354],[-50.70530175,-30.02331876],[-50.70523604,-30.02446166],[-50.7096613,-30.02330805],[-50.71104603,-30.0219364],[-50.71188759,-30.02057644]]],[[[-50.71197893,-30.02061924],[-50.71113174,-30.02198821],[-50.71000048,-30.02310882],[-50.70972122,-30.02338544],[-50.70880593,-30.02362428],[-50.70519497,-30.02456661],[-50.7037621,-30.02492807],[-50.70360334,-30.02513095],[-50.7034493,-30.02542164],[-50.70342587,-30.02650119],[-50.70341816,-30.02686044],[-50.70381644,-30.02915167],[-50.70385341,-30.02986757],[-50.70436729,-30.03186712],[-50.70459733,-30.03295021],[-50.70990122,-30.03137641],[-50.71169065,-30.03086477],[-50.71257775,-30.02995632],[-50.71369661,-30.03074976],[-50.71419272,-30.02856645],[-50.71329788,-30.02785031],[-50.71476228,-30.02491718],[-50.71557943,-30.02338054],[-50.71681504,-30.02369275],[-50.71940675,-30.01913577],[-50.71808483,-30.01866827],[-50.71646505,-30.02171481],[-50.71197893,-30.02061924]]],[[[-50.71666925,-30.0152591],[-50.71382976,-30.01446963],[-50.71373975,-30.01454226],[-50.71303137,-30.01707264],[-50.71666925,-30.0152591]]],[[[-50.70517283,-30.02447821],[-50.70524084,-30.02329507],[-50.70587392,-30.02274906],[-50.70609925,-30.02265074],[-50.70620259,-30.02256461],[-50.70582329,-30.02254544],[-50.70376322,-30.02266987],[-50.702622,-30.0228569],[-50.70147909,-30.02253042],[-50.70080046,-30.02211078],[-50.70105727,-30.02279],[-50.70108085,-30.02332999],[-50.70098989,-30.0237469],[-50.70118822,-30.02425426],[-50.70170053,-30.02505057],[-50.70183569,-30.02507786],[-50.70372045,-30.02484468],[-50.70517283,-30.02447821]]]]},"geometry_name":"geom","properties":{"id_quilombola":7,"Comunidade":"Cantão Das Lombas","Municipio":"Viamão","Unidade_Federecao":"RS","Numero_Processo":"54220.002341/2005-77","Jurisdicao":"Federal","Fase":null,"Responsavel":null,"dt_ini":"2013-01-01Z","dt_fim":"2029-10-30Z"}},{"type":"Feature","id":"vw_incra_quilombolas.fid-5c8cc48d_196ac1ca94f_-7aad","geometry":{"type":"MultiPolygon","coordinates":[[[[-53.03033443,-29.16295018],[-53.0303903,-29.16215797],[-53.02928911,-29.16201749],[-53.03033443,-29.16295018]]]]},"geometry_name":"geom","properties":{"id_quilombola":17,"Comunidade":"Linha Fão","Municipio":"Arroio Do Tigre","Unidade_Federecao":"RS","Numero_Processo":"54220.001413/2006/40","Jurisdicao":"Federal","Fase":"RTID","Responsavel":"INCRA","dt_ini":"2013-01-01Z","dt_fim":"2029-10-30Z"}},{"type":"Feature","id":"vw_incra_quilombolas.fid-5c8cc48d_196ac1ca94f_-7aac","geometry":{"type":"MultiPolygon","coordinates":[[[[-53.03240716,-29.17023041],[-53.03210166,-29.17174645],[-53.03221182,-29.17311413],[-53.03245884,-29.17309494],[-53.03445641,-29.17203786],[-53.03485338,-29.17158531],[-53.03570791,-29.1709991],[-53.03587159,-29.16973214],[-53.03466524,-29.16775036],[-53.03438761,-29.16712571],[-53.03315846,-29.16645268],[-53.03295194,-29.16764624],[-53.03272228,-29.16870336],[-53.03240716,-29.17023041]]]]},"geometry_name":"geom","properties":{"id_quilombola":32,"Comunidade":"Linha Fão","Municipio":"Arroio Do Tigre","Unidade_Federecao":"RS","Numero_Processo":"54220.001413/2006-40","Jurisdicao":"Federal","Fase":"RTID","Responsavel":"INCRA","dt_ini":"2013-01-01Z","dt_fim":"2029-10-30Z"}},{"type":"Feature","id":"vw_incra_quilombolas.fid-5c8cc48d_196ac1ca94f_-7aab","geometry":{"type":"MultiPolygon","coordinates":[[[[-52.31125499,-27.98939737],[-52.31140347,-27.98476896],[-52.31387232,-27.98486857],[-52.31362539,-27.98940133],[-52.31619569,-27.98940558],[-52.31638142,-27.98732446],[-52.32664341,-27.98734093],[-52.3268222,-27.98059168],[-52.32756816,-27.9806062],[-52.32907503,-27.973284],[-52.32864757,-27.97337618],[-52.32817527,-27.97349852],[-52.32766239,-27.97340252],[-52.32742985,-27.97298412],[-52.32697341,-27.97285392],[-52.32651862,-27.97285831],[-52.32627146,-27.97271546],[-52.32581739,-27.9723983],[-52.32583521,-27.97276394],[-52.3254972,-27.97301958],[-52.32519812,-27.97335898],[-52.32518581,-27.97382673],[-52.32429738,-27.97409116],[-52.32363475,-27.97414801],[-52.32303304,-27.97426728],[-52.32278163,-27.97393009],[-52.32302322,-27.97373326],[-52.32322182,-27.97292372],[-52.32327497,-27.97262034],[-52.32359423,-27.97238171],[-52.3237994,-27.97211052],[-52.32354513,-27.97165027],[-52.32330157,-27.97169468],[-52.32189502,-27.972542],[-52.32189494,-27.97290282],[-52.3212568,-27.97319807],[-52.3206542,-27.97217441],[-52.32062582,-27.97140071],[-52.31963145,-27.97066992],[-52.31977444,-27.96996186],[-52.32013504,-27.96941794],[-52.32047085,-27.96956819],[-52.32036067,-27.96902602],[-52.31988187,-27.96922706],[-52.31970388,-27.96883523],[-52.31911651,-27.96831337],[-52.31914383,-27.96822005],[-52.31934361,-27.96803947],[-52.31956997,-27.96795317],[-52.3196429,-27.96771691],[-52.31924498,-27.96772072],[-52.31882667,-27.96760695],[-52.3182625,-27.9679657],[-52.31810887,-27.96779892],[-52.3178725,-27.96706085],[-52.3178682,-27.96670755],[-52.31793949,-27.9663367],[-52.31769173,-27.9662213],[-52.31739686,-27.9663797],[-52.31708998,-27.96660564],[-52.31679314,-27.96713007],[-52.31678113,-27.96770227],[-52.31674508,-27.96785404],[-52.31648204,-27.96804164],[-52.3164089,-27.96826107],[-52.31668051,-27.96878007],[-52.31610433,-27.96971099],[-52.31569316,-27.97018604],[-52.31524267,-27.97054369],[-52.3147337,-27.97076729],[-52.31428401,-27.97119222],[-52.31389409,-27.97207688],[-52.31307797,-27.97175899],[-52.31271855,-27.97181289],[-52.31247872,-27.9723536],[-52.31206325,-27.97247535],[-52.31164576,-27.97242885],[-52.31136294,-27.97254933],[-52.31088553,-27.97225101],[-52.31124151,-27.97191111],[-52.31184301,-27.97150156],[-52.31211646,-27.97060719],[-52.31199808,-27.97022133],[-52.31165435,-27.97000587],[-52.31121913,-27.97006051],[-52.31091032,-27.96998357],[-52.31036296,-27.96978262],[-52.30973318,-27.96941845],[-52.30927698,-27.96930502],[-52.30884217,-27.96939328],[-52.30852246,-27.96959823],[-52.30772823,-27.96974039],[-52.30721599,-27.96969478],[-52.30678218,-27.96986716],[-52.30623105,-27.96973779],[-52.30591113,-27.96992591],[-52.30583422,-27.96982306],[-52.3058839,-27.977711],[-52.30145668,-27.97764194],[-52.30139534,-27.98011435],[-52.30633804,-27.98019144],[-52.30610008,-27.98938861],[-52.31125499,-27.98939737]]]]},"geometry_name":"geom","properties":{"id_quilombola":36,"Comunidade":"Mormaça","Municipio":"Sertão","Unidade_Federecao":"RS","Numero_Processo":"54220.001784/2005-41","Jurisdicao":"Federal","Fase":null,"Responsavel":"INCRA","dt_ini":"2013-01-01Z","dt_fim":"2029-10-30Z"}},{"type":"Feature","id":"vw_incra_quilombolas.fid-5c8cc48d_196ac1ca94f_-7aaa","geometry":{"type":"MultiPolygon","coordinates":[[[[-53.01713945,-29.16284702],[-53.01688829,-29.1629172],[-53.01634966,-29.16314249],[-53.01645724,-29.16338065],[-53.01651722,-29.16356766],[-53.01756784,-29.16345528],[-53.01742095,-29.16315097],[-53.01713945,-29.16284702]]]]},"geometry_name":"geom","properties":{"id_quilombola":43,"Comunidade":"Linha Fão","Municipio":"Arroio Do Tigre","Unidade_Federecao":"RS","Numero_Processo":"54220.001413/2006-40","Jurisdicao":"Federal","Fase":"RTID","Responsavel":"INCRA","dt_ini":"2013-01-01Z","dt_fim":"2029-10-30Z"}},{"type":"Feature","id":"vw_incra_quilombolas.fid-5c8cc48d_196ac1ca94f_-7aa9","geometry":{"type":"MultiPolygon","coordinates":[[[[-53.36171489,-29.74535878],[-53.36612994,-29.75628344],[-53.37044506,-29.75656835],[-53.37240494,-29.76084893],[-53.37427725,-29.75714531],[-53.37678807,-29.75217818],[-53.37637867,-29.75129733],[-53.37329645,-29.75402407],[-53.37299814,-29.75326336],[-53.37206807,-29.75362591],[-53.36768929,-29.74664941],[-53.36734078,-29.74588733],[-53.36718802,-29.74585777],[-53.36492986,-29.7397055],[-53.35962236,-29.74005414],[-53.36145878,-29.74470852],[-53.36171489,-29.74535878]]]]},"geometry_name":"geom","properties":{"id_quilombola":56,"Comunidade":"Sao Miguel","Municipio":"Restinga Seca","Unidade_Federecao":"RS","Numero_Processo":"54220.000257/2005-19","Jurisdicao":"Federal","Fase":null,"Responsavel":"INCRA","dt_ini":"2013-01-01Z","dt_fim":"2029-10-30Z"}},{"type":"Feature","id":"vw_incra_quilombolas.fid-5c8cc48d_196ac1ca94f_-7aa8","geometry":{"type":"MultiPolygon","coordinates":[[[[-53.02467174,-29.16444573],[-53.02430707,-29.1646131],[-53.02356399,-29.16464944],[-53.0236512,-29.16308817],[-53.02295634,-29.16328894],[-53.02243917,-29.1631514],[-53.02165225,-29.16309],[-53.02149283,-29.16555624],[-53.02144925,-29.16637703],[-53.02119703,-29.16913418],[-53.02491682,-29.17002875],[-53.02609013,-29.17028505],[-53.0265608,-29.17038499],[-53.02789303,-29.17065357],[-53.02844317,-29.16920974],[-53.02708995,-29.16887139],[-53.03021629,-29.16434456],[-53.03028268,-29.16379093],[-53.03029038,-29.16306673],[-53.02980663,-29.16277599],[-53.0296834,-29.16272817],[-53.02919114,-29.16229778],[-53.02580392,-29.16391881],[-53.02467174,-29.16444573]]]]},"geometry_name":"geom","properties":{"id_quilombola":62,"Comunidade":"Linha Fão","Municipio":"Arroio Do Tigre","Unidade_Federecao":"RS","Numero_Processo":"54220.001413/2006-40","Jurisdicao":"Federal","Fase":"RTID","Responsavel":"INCRA","dt_ini":"2013-01-01Z","dt_fim":"2029-10-30Z"}},{"type":"Feature","id":"vw_incra_quilombolas.fid-5c8cc48d_196ac1ca94f_-7aa7","geometry":{"type":"MultiPolygon","coordinates":[[[[-53.73767652,-30.92457403],[-53.73112263,-30.91952698],[-53.72955715,-30.92180803],[-53.72826906,-30.92368479],[-53.72942255,-30.92443649],[-53.73517451,-30.92833286],[-53.73767652,-30.92457403]]]]},"geometry_name":"geom","properties":{"id_quilombola":82,"Comunidade":"Palmas (Area 2)","Municipio":"Bage","Unidade_Federecao":"RS","Numero_Processo":"54220.000397/2005-97","Jurisdicao":"Federal","Fase":null,"Responsavel":"INCRA","dt_ini":"2013-01-01Z","dt_fim":"2029-10-30Z"}},{"type":"Feature","id":"vw_incra_quilombolas.fid-5c8cc48d_196ac1ca94f_-7aa6","geometry":{"type":"MultiPolygon","coordinates":[[[[-53.42011152,-30.2964149],[-53.41970995,-30.29683735],[-53.41970845,-30.29683963],[-53.41711313,-30.2998495],[-53.41716017,-30.30003363],[-53.4171696,-30.30004961],[-53.41718458,-30.30006701],[-53.41721105,-30.30007374],[-53.41724631,-30.30008716],[-53.41727816,-30.30010181],[-53.41728658,-30.30010589],[-53.41730354,-30.3001192],[-53.41732315,-30.30013029],[-53.41735003,-30.30013719],[-53.41735868,-30.30013812],[-53.41737267,-30.30014038],[-53.41738873,-30.30015515],[-53.41738501,-30.30018156],[-53.4173961,-30.3001929],[-53.41739883,-30.30019402],[-53.41741884,-30.30017931],[-53.41745162,-30.3001723],[-53.41748939,-30.30018658],[-53.41751194,-30.30021556],[-53.41751169,-30.30024371],[-53.41753242,-30.30030458],[-53.4175652,-30.30029351],[-53.41757591,-30.30030206],[-53.41759532,-30.30030504],[-53.41760516,-30.30032488],[-53.41762973,-30.30032226],[-53.41763922,-30.30032335],[-53.4176572,-30.30033574],[-53.41765971,-30.30033632],[-53.41768269,-30.30034113],[-53.41770003,-30.30034856],[-53.41775393,-30.3003721],[-53.41778773,-30.30040224],[-53.41781266,-30.30041007],[-53.41783087,-30.30041082],[-53.41785136,-30.3004154],[-53.41787009,-30.30042056],[-53.41788541,-30.30042632],[-53.41790224,-30.30043025],[-53.41792872,-30.30043319],[-53.41795778,-30.30043544],[-53.41798958,-30.3004437],[-53.41800085,-30.30044123],[-53.41801449,-30.30043376],[-53.41803086,-30.300423],[-53.41804409,-30.30041121],[-53.41806598,-30.3004053],[-53.4180909,-30.30041269],[-53.4181066,-30.30044649],[-53.41812048,-30.30047862],[-53.41813286,-30.3005087],[-53.41814413,-30.30053555],[-53.41815432,-30.30055692],[-53.41816849,-30.30057515],[-53.4181869,-30.30059258],[-53.41820895,-30.30060985],[-53.41822905,-30.30062851],[-53.4182433,-30.30064142],[-53.41832246,-30.30077914],[-53.41835823,-30.30078353],[-53.41835728,-30.3008171],[-53.41838747,-30.30084856],[-53.41853175,-30.30099626],[-53.41854906,-30.30099856],[-53.41857372,-30.30100361],[-53.41859896,-30.30100702],[-53.41861773,-30.30100514],[-53.41862953,-30.30101159],[-53.41864582,-30.30102302],[-53.41867892,-30.30103341],[-53.4187071,-30.30105057],[-53.41872502,-30.30106061],[-53.41874329,-30.30107669],[-53.41876235,-30.30109501],[-53.41878396,-30.3011113],[-53.41880614,-30.30112568],[-53.41883391,-30.30113049],[-53.41886659,-30.30114044],[-53.41887122,-30.30112583],[-53.41890348,-30.30111901],[-53.41893348,-30.30110032],[-53.41896262,-30.30108905],[-53.41899106,-30.30110819],[-53.41901805,-30.30113195],[-53.41904117,-30.30113793],[-53.4190719,-30.30115766],[-53.41909718,-30.30116278],[-53.41911643,-30.30116748],[-53.41914171,-30.30117675],[-53.41916045,-30.30119075],[-53.41916753,-30.30120803],[-53.41917899,-30.30124714],[-53.4191943,-30.30129494],[-53.4192134,-30.30134041],[-53.41923858,-30.30137115],[-53.41927168,-30.30137261],[-53.4194004,-30.30139053],[-53.41940584,-30.3013962],[-53.41941305,-30.30140202],[-53.41941764,-30.30141556],[-53.41942004,-30.30142408],[-53.41940741,-30.30143902],[-53.41942608,-30.3014458],[-53.41941481,-30.30145683],[-53.41943341,-30.30148625],[-53.41945132,-30.30151704],[-53.41945645,-30.30153941],[-53.41945143,-30.30155096],[-53.41946436,-30.30156127],[-53.41946921,-30.30157246],[-53.41946315,-30.30158375],[-53.41945478,-30.30159419],[-53.41945111,-30.30160138],[-53.41946135,-30.30162068],[-53.41947222,-30.30164411],[-53.41948492,-30.30167851],[-53.41949385,-30.30170793],[-53.419963,-30.30194533],[-53.41996245,-30.30196924],[-53.41996159,-30.30199343],[-53.41998698,-30.30198611],[-53.42001195,-30.30198285],[-53.42003794,-30.30198282],[-53.42004955,-30.30199415],[-53.42006433,-30.30199505],[-53.42005323,-30.3020086],[-53.42004293,-30.30201655],[-53.42003927,-30.3020242],[-53.42003811,-30.30205326],[-53.42005646,-30.30207223],[-53.42006925,-30.30209373],[-53.42007401,-30.30210122],[-53.42007948,-30.30210815],[-53.42008162,-30.3021358],[-53.4200748,-30.30214179],[-53.42007143,-30.3021442],[-53.42006592,-30.30215684],[-53.42007401,-30.30216887],[-53.42008814,-30.30217294],[-53.42009543,-30.30219039],[-53.42010578,-30.30220932],[-53.42012969,-30.30221817],[-53.42014394,-30.30222675],[-53.42015201,-30.30223354],[-53.42016581,-30.3022286],[-53.42018227,-30.30221729],[-53.42020499,-30.30222787],[-53.42020774,-30.30223405],[-53.42023795,-30.30226217],[-53.42027142,-30.30228744],[-53.42041689,-30.3023607],[-53.42043343,-30.30236129],[-53.42045876,-30.30235992],[-53.42047789,-30.30235127],[-53.42049368,-30.3023425],[-53.42051113,-30.30234181],[-53.42053556,-30.30235886],[-53.42055713,-30.30237786],[-53.42056341,-30.30238387],[-53.42056932,-30.30238746],[-53.42057147,-30.3023904],[-53.42057361,-30.30239722],[-53.42057819,-30.30241418],[-53.42058598,-30.30243099],[-53.42058991,-30.30243444],[-53.42061486,-30.30245553],[-53.4206511,-30.30245387],[-53.42067947,-30.30247454],[-53.4207011,-30.3024791],[-53.42073331,-30.30249529],[-53.42076508,-30.30251499],[-53.4207937,-30.30253332],[-53.42081375,-30.30254521],[-53.4208432,-30.30254674],[-53.42086607,-30.30255507],[-53.42088094,-30.30256363],[-53.42090095,-30.30257003],[-53.42092706,-30.30257054],[-53.42096511,-30.30257091],[-53.42099891,-30.3025757],[-53.42102498,-30.3025874],[-53.42104481,-30.30260354],[-53.42105929,-30.30261743],[-53.42109082,-30.30263561],[-53.42112258,-30.30265044],[-53.42114202,-30.30266289],[-53.42116173,-30.3026784],[-53.42116741,-30.30268091],[-53.42118244,-30.30268343],[-53.42121607,-30.30268561],[-53.42125192,-30.30268097],[-53.42127408,-30.30266054],[-53.42127663,-30.30262441],[-53.42130064,-30.30261179],[-53.42133766,-30.30263744],[-53.4213495,-30.30265391],[-53.42136042,-30.30266291],[-53.42138592,-30.30267263],[-53.42140841,-30.30268674],[-53.42143623,-30.30270192],[-53.42145613,-30.30270389],[-53.42146282,-30.30270097],[-53.42148656,-30.30269404],[-53.4215172,-30.30268012],[-53.4215314,-30.30265758],[-53.42154491,-30.30263198],[-53.4215636,-30.30260584],[-53.42158951,-30.30258542],[-53.42162646,-30.30259574],[-53.42164538,-30.30261298],[-53.42171073,-30.30263252],[-53.42178274,-30.30262262],[-53.42179002,-30.30261851],[-53.42180083,-30.30261001],[-53.42181412,-30.30258415],[-53.42181334,-30.30256107],[-53.42181374,-30.30255187],[-53.42184407,-30.30254652],[-53.42185465,-30.30252044],[-53.42188282,-30.30250314],[-53.42191768,-30.30249212],[-53.42194443,-30.30247674],[-53.42195991,-30.30247619],[-53.42197079,-30.30248726],[-53.42198068,-30.30248807],[-53.42199216,-30.30249426],[-53.42204368,-30.30247978],[-53.42207096,-30.30246872],[-53.42208208,-30.30245173],[-53.42208795,-30.30243683],[-53.42209315,-30.30243286],[-53.42210265,-30.30242573],[-53.42211121,-30.30241872],[-53.42211397,-30.30240451],[-53.42211965,-30.3023943],[-53.42213522,-30.30237236],[-53.42216984,-30.30235143],[-53.42218573,-30.30233814],[-53.42220348,-30.30232834],[-53.42221256,-30.30232574],[-53.42224595,-30.30231809],[-53.42229435,-30.30232468],[-53.42231556,-30.30233745],[-53.42233401,-30.30234803],[-53.4223535,-30.30235858],[-53.42237989,-30.30237514],[-53.4223908,-30.30238323],[-53.42240855,-30.30238642],[-53.42242626,-30.30239214],[-53.42244606,-30.30240251],[-53.42248427,-30.30244726],[-53.42251577,-30.30244731],[-53.42255292,-30.30242786],[-53.42259083,-30.3024139],[-53.42264954,-30.30238737],[-53.42265322,-30.30235086],[-53.42264575,-30.30230942],[-53.42264706,-30.30226528],[-53.42266834,-30.30221357],[-53.42267832,-30.30217559],[-53.42269826,-30.30213652],[-53.4226979,-30.3021009],[-53.42269249,-30.30205869],[-53.42271237,-30.30203433],[-53.42271163,-30.30202099],[-53.42265979,-30.3020179],[-53.42262824,-30.30201189],[-53.4226144,-30.30201116],[-53.42258919,-30.30201731],[-53.42257657,-30.30200329],[-53.42257399,-30.30199973],[-53.42256668,-30.30199391],[-53.42256029,-30.30198772],[-53.42254359,-30.30197657],[-53.42253582,-30.30194406],[-53.42250746,-30.30191933],[-53.42245728,-30.30191205],[-53.42241477,-30.3019123],[-53.42237473,-30.30190303],[-53.42235135,-30.30190346],[-53.42232146,-30.30190961],[-53.42229772,-30.30189552],[-53.42228895,-30.30188991],[-53.42227951,-30.30188215],[-53.42226449,-30.30187593],[-53.42224166,-30.30186066],[-53.42223358,-30.30184908],[-53.42221327,-30.30183476],[-53.42220158,-30.30181612],[-53.42218769,-30.30180492],[-53.4221882,-30.30179589],[-53.4221959,-30.30178772],[-53.42220245,-30.30177091],[-53.42220406,-30.30176881],[-53.42221014,-30.30174984],[-53.42220805,-30.30173229],[-53.42221524,-30.30171629],[-53.42221187,-30.30169344],[-53.42222348,-30.30167527],[-53.42223928,-30.3016665],[-53.42228011,-30.30166132],[-53.42228676,-30.30165723],[-53.42229666,-30.30165813],[-53.42231069,-30.30164939],[-53.42232236,-30.30164205],[-53.42233134,-30.30163954],[-53.42234175,-30.30163177],[-53.42235249,-30.30162895],[-53.4223634,-30.30162848],[-53.42237095,-30.30162681],[-53.42236814,-30.30162262],[-53.42237641,-30.30161227],[-53.42238894,-30.30158922],[-53.42238885,-30.30158146],[-53.42238599,-30.30157511],[-53.42237663,-30.30157033],[-53.42238047,-30.3015533],[-53.42238284,-30.30154838],[-53.4223855,-30.30153372],[-53.42240846,-30.30152905],[-53.42242224,-30.30151888],[-53.42243872,-30.30150423],[-53.42245667,-30.30149019],[-53.42247186,-30.30147791],[-53.42248993,-30.30147703],[-53.42251539,-30.30148513],[-53.42253958,-30.30148838],[-53.42256108,-30.30148771],[-53.42257238,-30.30148633],[-53.42258696,-30.30148326],[-53.42259956,-30.30147545],[-53.4226192,-30.30147121],[-53.42265938,-30.30147759],[-53.42265893,-30.30146777],[-53.42266913,-30.30145964],[-53.42268497,-30.30144032],[-53.42269264,-30.30143521],[-53.4226982,-30.30142456],[-53.42270055,-30.30140575],[-53.42272698,-30.30137315],[-53.4227475,-30.30136194],[-53.42277457,-30.30135937],[-53.42279044,-30.30133301],[-53.42282875,-30.30125039],[-53.42281943,-30.3012309],[-53.42284167,-30.30120108],[-53.42287305,-30.30119617],[-53.42289927,-30.30118468],[-53.42292403,-30.30116826],[-53.42313099,-30.30113421],[-53.42315677,-30.30113012],[-53.42317966,-30.30112663],[-53.42321984,-30.30113292],[-53.42326056,-30.30112775],[-53.42327938,-30.30111504],[-53.42330084,-30.30110003],[-53.42331339,-30.30109899],[-53.42332761,-30.30108546],[-53.42335229,-30.30107012],[-53.42337486,-30.30105807],[-53.42341067,-30.30104342],[-53.42343658,-30.30102734],[-53.42346499,-30.3010159],[-53.42348956,-30.30100895],[-53.42350433,-30.30098838],[-53.42352635,-30.3009665],[-53.42354226,-30.30095385],[-53.42357542,-30.30094566],[-53.42359724,-30.30093659],[-53.4236111,-30.30093787],[-53.42367209,-30.30094098],[-53.42368275,-30.30094331],[-53.4236896,-30.30094291],[-53.42370752,-30.30094023],[-53.42372298,-30.30093057],[-53.42373832,-30.30091621],[-53.42374808,-30.30090719],[-53.42374226,-30.30089485],[-53.42374488,-30.30088695],[-53.42375079,-30.30087367],[-53.42375075,-30.30085509],[-53.42375452,-30.30083951],[-53.42376099,-30.3008153],[-53.42376499,-30.30078339],[-53.42376013,-30.30076354],[-53.42376147,-30.30075026],[-53.42382085,-30.30040901],[-53.42381803,-30.30038308],[-53.42381989,-30.30034877],[-53.42374434,-30.30028207],[-53.42377026,-30.30017804],[-53.42377095,-30.30015123],[-53.42379428,-30.30014061],[-53.42379397,-30.30012366],[-53.42381246,-30.30008101],[-53.42378212,-30.30006443],[-53.42375225,-30.30005461],[-53.42373576,-30.30003065],[-53.42373471,-30.30000911],[-53.42372648,-30.29999574],[-53.42371968,-30.29998991],[-53.42370659,-30.29997319],[-53.42369648,-30.2999594],[-53.42369414,-30.29994041],[-53.42368496,-30.29993057],[-53.42368109,-30.29991711],[-53.42366773,-30.2999022],[-53.42356877,-30.29983043],[-53.42355084,-30.29982012],[-53.42353242,-30.29981081],[-53.42352074,-30.29979632],[-53.42321283,-30.29952592],[-53.42321372,-30.29951544],[-53.4232215,-30.29949374],[-53.42326241,-30.29947918],[-53.4232766,-30.29948568],[-53.42330575,-30.29949155],[-53.42334529,-30.29949307],[-53.42335411,-30.29948839],[-53.42337004,-30.29949351],[-53.42338687,-30.29949293],[-53.42342119,-30.29949365],[-53.42345146,-30.29951131],[-53.4234898,-30.29950645],[-53.42353214,-30.29950774],[-53.42356471,-30.29950903],[-53.42359441,-30.29949937],[-53.42360202,-30.29948786],[-53.42362825,-30.29946383],[-53.42365492,-30.29942392],[-53.4236826,-30.2993912],[-53.42371009,-30.29935948],[-53.42375409,-30.29935217],[-53.42379824,-30.29935956],[-53.42380905,-30.29938489],[-53.42382345,-30.29942062],[-53.42384992,-30.29945287],[-53.42387396,-30.29947939],[-53.42391204,-30.29948942],[-53.42396128,-30.29948364],[-53.42398526,-30.29946542],[-53.42399805,-30.2994402],[-53.42403281,-30.29939563],[-53.42405474,-30.29937835],[-53.42405595,-30.2993768],[-53.42406632,-30.2993592],[-53.42407971,-30.29934145],[-53.42406412,-30.29933299],[-53.42403167,-30.29932394],[-53.42401516,-30.29930341],[-53.42401352,-30.29927493],[-53.42401201,-30.29924312],[-53.42403964,-30.29923395],[-53.42405816,-30.29922188],[-53.42408805,-30.29920734],[-53.42412679,-30.29919725],[-53.42416213,-30.29919307],[-53.42418149,-30.2991984],[-53.42420643,-30.29918937],[-53.42433977,-30.2991252],[-53.42435941,-30.29909939],[-53.42437227,-30.29907715],[-53.42437548,-30.29906392],[-53.42438626,-30.29905019],[-53.42441236,-30.29903753],[-53.4244414,-30.29902635],[-53.42446163,-30.29901659],[-53.42447562,-30.29899342],[-53.42448652,-30.2989805],[-53.4245056,-30.2989152],[-53.42456644,-30.298912],[-53.42456319,-30.29886461],[-53.42452789,-30.29884921],[-53.42449531,-30.29882654],[-53.4244717,-30.29880497],[-53.42444665,-30.29878378],[-53.4244412,-30.29876503],[-53.42442709,-30.29877044],[-53.4243852,-30.29877879],[-53.42434209,-30.2987463],[-53.42430317,-30.29871906],[-53.42430025,-30.29869341],[-53.42428464,-30.29866736],[-53.4243109,-30.29861925],[-53.42432537,-30.29860743],[-53.42434179,-30.2985862],[-53.42434037,-30.29854988],[-53.42434104,-30.29852208],[-53.42433794,-30.29848074],[-53.42433965,-30.29845734],[-53.42433807,-30.298435],[-53.42434885,-30.2984256],[-53.42435695,-30.29840416],[-53.42435905,-30.29837553],[-53.42433685,-30.29835601],[-53.42215399,-30.29710412],[-53.42196802,-30.2969811],[-53.42197148,-30.29677962],[-53.42181892,-30.2966585],[-53.42179365,-30.29665789],[-53.42165242,-30.29666763],[-53.42164535,-30.29666785],[-53.42162371,-30.2966586],[-53.42159431,-30.29665058],[-53.42156197,-30.29665433],[-53.42154466,-30.29664825],[-53.42150226,-30.29661052],[-53.4214586,-30.2967119],[-53.42077815,-30.29656781],[-53.42011152,-30.2964149]]]]},"geometry_name":"geom","properties":{"id_quilombola":83,"Comunidade":"Picada Das Vassouras - Área 03","Municipio":"Caçapava Do Sul","Unidade_Federecao":"RS","Numero_Processo":"54220.001738/2007-11","Jurisdicao":"Federal","Fase":"RTID","Responsavel":"INCRA","dt_ini":"2013-01-01Z","dt_fim":"2029-10-30Z"}},{"type":"Feature","id":"vw_incra_quilombolas.fid-5c8cc48d_196ac1ca94f_-7aa5","geometry":{"type":"MultiPolygon","coordinates":[[[[-53.02080058,-29.16312887],[-53.02073143,-29.16254288],[-53.02004104,-29.16252087],[-53.01959909,-29.16252963],[-53.01823195,-29.16259498],[-53.01747711,-29.16267858],[-53.01725128,-29.16275359],[-53.01752109,-29.16309906],[-53.01766457,-29.16344477],[-53.02080058,-29.16312887]]]]},"geometry_name":"geom","properties":{"id_quilombola":87,"Comunidade":"Linha Fão","Municipio":"Arroio Do Tigre","Unidade_Federecao":"RS","Numero_Processo":"54220.001413/2006-40","Jurisdicao":"Federal","Fase":"RTID","Responsavel":"INCRA","dt_ini":"2013-01-01Z","dt_fim":"2029-10-30Z"}},{"type":"Feature","id":"vw_incra_quilombolas.fid-5c8cc48d_196ac1ca94f_-7aa4","geometry":{"type":"MultiPolygon","coordinates":[[[[-51.19395144,-30.0871438],[-51.19328389,-30.087179],[-51.19281247,-30.08739182],[-51.1928491,-30.08756099],[-51.19178464,-30.08790412],[-51.1909275,-30.08835061],[-51.19072071,-30.08848912],[-51.190413,-30.08808847],[-51.19013234,-30.08791106],[-51.18975053,-30.08811503],[-51.18931199,-30.08838563],[-51.18690917,-30.091428],[-51.18741266,-30.09252377],[-51.18760406,-30.09308125],[-51.18826311,-30.09231288],[-51.19001565,-30.09247535],[-51.19067449,-30.09182872],[-51.19147662,-30.09322095],[-51.19168447,-30.09353529],[-51.19233526,-30.09437002],[-51.19268974,-30.09443785],[-51.19501301,-30.09456293],[-51.19546493,-30.09497028],[-51.19574762,-30.09501164],[-51.19719181,-30.09553285],[-51.19788521,-30.09599565],[-51.19808788,-30.09608274],[-51.19841237,-30.09617882],[-51.19888543,-30.09629963],[-51.19965877,-30.09643363],[-51.19995872,-30.09370748],[-51.20029548,-30.09052538],[-51.19967101,-30.0903867],[-51.1972673,-30.08980834],[-51.19663782,-30.08979344],[-51.19658666,-30.09016352],[-51.19644207,-30.09051569],[-51.1962141,-30.0906875],[-51.19543767,-30.09165427],[-51.19477493,-30.09238623],[-51.1946302,-30.09267523],[-51.194309,-30.09293742],[-51.19382146,-30.09305545],[-51.19342754,-30.09328165],[-51.19321004,-30.09350758],[-51.19309643,-30.0937875],[-51.19296877,-30.09390007],[-51.19281879,-30.09410924],[-51.19277341,-30.09425684],[-51.19247486,-30.09425809],[-51.19201093,-30.09373595],[-51.19180849,-30.09352648],[-51.19176234,-30.09346295],[-51.19180017,-30.09343433],[-51.1922318,-30.09267821],[-51.19248132,-30.09238915],[-51.19294028,-30.09235374],[-51.19338683,-30.09161981],[-51.19362091,-30.09173821],[-51.19369123,-30.09176081],[-51.19376248,-30.09168263],[-51.1938212,-30.09172113],[-51.19390302,-30.09155752],[-51.19382392,-30.09152364],[-51.19385188,-30.09149745],[-51.19378222,-30.09147329],[-51.19385153,-30.09113659],[-51.1938089,-30.09112735],[-51.19380267,-30.09106069],[-51.19347207,-30.09108046],[-51.19345314,-30.09101826],[-51.19340842,-30.09096708],[-51.19322742,-30.09099229],[-51.19322339,-30.09064052],[-51.19340015,-30.08956101],[-51.19287138,-30.08987899],[-51.19271934,-30.08942597],[-51.19283518,-30.08882903],[-51.19312897,-30.08828856],[-51.19328376,-30.08791586],[-51.19428806,-30.0882207],[-51.1944615,-30.08805381],[-51.1947844,-30.08746919],[-51.19395144,-30.0871438]]]]},"geometry_name":"geom","properties":{"id_quilombola":90,"Comunidade":"Quilombo Dos Alpes","Municipio":"Porto Alegre","Unidade_Federecao":"RS","Numero_Processo":"54220.000183/2005-11","Jurisdicao":"Federal","Fase":"RTID","Responsavel":"INCRA","dt_ini":"2013-01-01Z","dt_fim":"2029-10-30Z"}},{"type":"Feature","id":"vw_incra_quilombolas.fid-5c8cc48d_196ac1ca94f_-7aa3","geometry":{"type":"MultiPolygon","coordinates":[[[[-53.04045435,-29.1625519],[-53.04018895,-29.16237945],[-53.04010259,-29.16231404],[-53.03997913,-29.16211992],[-53.03980537,-29.16196448],[-53.03961161,-29.16175037],[-53.03942986,-29.16149379],[-53.03929925,-29.16134048],[-53.03902864,-29.16095222],[-53.03851138,-29.1607312],[-53.03793692,-29.16054506],[-53.03779075,-29.16052449],[-53.0374349,-29.16066245],[-53.03725311,-29.1606802],[-53.03718485,-29.16069925],[-53.03706619,-29.16069885],[-53.03686221,-29.16115633],[-53.03666083,-29.16160856],[-53.03625307,-29.16250873],[-53.03603536,-29.16285958],[-53.03746896,-29.16372475],[-53.03858788,-29.16440326],[-53.03950709,-29.16348461],[-53.04045435,-29.1625519]]]]},"geometry_name":"geom","properties":{"id_quilombola":109,"Comunidade":"Linha Fão","Municipio":"Arroio Do Tigre","Unidade_Federecao":"RS","Numero_Processo":"54220.001413/2006-40","Jurisdicao":"Federal","Fase":"RTID","Responsavel":"INCRA","dt_ini":"2013-01-01Z","dt_fim":"2029-10-30Z"}},{"type":"Feature","id":"vw_incra_quilombolas.fid-5c8cc48d_196ac1ca94f_-7aa2","geometry":{"type":"MultiPolygon","coordinates":[[[[-51.17188491,-30.03084445],[-51.17229143,-30.03061178],[-51.17232761,-30.03059108],[-51.17237718,-30.03056276],[-51.17284083,-30.03029735],[-51.17278487,-30.03023441],[-51.17249022,-30.02990302],[-51.17209465,-30.03001476],[-51.17204886,-30.03002869],[-51.1719991,-30.03003525],[-51.17183694,-30.0300623],[-51.17165512,-30.03006835],[-51.17188491,-30.03084445]]]]},"geometry_name":"geom","properties":{"id_quilombola":424,"Comunidade":"Família Silva","Municipio":"Porto Alegre","Unidade_Federecao":"RS","Numero_Processo":"54220.002094/2004-28","Jurisdicao":"Federal","Fase":null,"Responsavel":"INCRA","dt_ini":"2013-01-01Z","dt_fim":"2029-10-30Z"}},{"type":"Feature","id":"vw_incra_quilombolas.fid-5c8cc48d_196ac1ca94f_-7aa1","geometry":{"type":"MultiPolygon","coordinates":[[[[-51.2160942,-30.04567455],[-51.21586354,-30.04559623],[-51.21584197,-30.04564419],[-51.21576619,-30.04561841],[-51.21573877,-30.04569688],[-51.21576441,-30.04570605],[-51.215621,-30.04606428],[-51.21579059,-30.04610822],[-51.21578266,-30.04613342],[-51.21593357,-30.04617206],[-51.2160942,-30.04567455]]]]},"geometry_name":"geom","properties":{"id_quilombola":145,"Comunidade":"Família Fidélix (Gleba \"B\")","Municipio":"Porto Alegre","Unidade_Federecao":"RS","Numero_Processo":"54220.000258/2007-25","Jurisdicao":"Federal","Fase":"RTID","Responsavel":"INCRA","dt_ini":"2013-01-01Z","dt_fim":"2029-10-30Z"}},{"type":"Feature","id":"vw_incra_quilombolas.fid-5c8cc48d_196ac1ca94f_-7aa0","geometry":{"type":"MultiPolygon","coordinates":[[[[-53.0161272,-29.16095168],[-53.01608762,-29.16186227],[-53.01629149,-29.16253476],[-53.01634791,-29.16297433],[-53.01682428,-29.16277509],[-53.01700629,-29.16267195],[-53.01743492,-29.16252958],[-53.01821634,-29.16244304],[-53.0195924,-29.16237726],[-53.02004223,-29.16236835],[-53.02070075,-29.16239278],[-53.02047661,-29.16042073],[-53.01986058,-29.15973626],[-53.01915486,-29.15900481],[-53.01786523,-29.15819106],[-53.01730702,-29.15768604],[-53.01655234,-29.15805654],[-53.01562371,-29.15897794],[-53.01560861,-29.15958388],[-53.01596773,-29.15994362],[-53.0158355,-29.16028005],[-53.0161272,-29.16095168]]]]},"geometry_name":"geom","properties":{"id_quilombola":170,"Comunidade":"Linha Fão","Municipio":"Arroio Do Tigre","Unidade_Federecao":"RS","Numero_Processo":"54220.001413/2006-40","Jurisdicao":"Federal","Fase":"RTID","Responsavel":"INCRA","dt_ini":"2013-01-01Z","dt_fim":"2029-10-30Z"}},{"type":"Feature","id":"vw_incra_quilombolas.fid-5c8cc48d_196ac1ca94f_-7a9f","geometry":{"type":"MultiPolygon","coordinates":[[[[-52.49139137,-29.89126868],[-52.50179818,-29.88986209],[-52.50246837,-29.88990941],[-52.50240973,-29.88943555],[-52.50233124,-29.88865071],[-52.50243141,-29.88801316],[-52.5024498,-29.88771482],[-52.50238991,-29.88680074],[-52.50231816,-29.88579321],[-52.50212337,-29.88481046],[-52.50206126,-29.88400891],[-52.50177344,-29.8830043],[-52.50219001,-29.88201025],[-52.50283852,-29.88113871],[-52.50340451,-29.88051869],[-52.50338411,-29.88019598],[-52.50294086,-29.87997861],[-52.50260919,-29.87963021],[-52.50227555,-29.87892027],[-52.50176402,-29.87806429],[-52.50160009,-29.87786449],[-52.50127025,-29.877658],[-52.50107706,-29.87775991],[-52.50093331,-29.87782561],[-52.50071031,-29.87784095],[-52.5004884,-29.87776444],[-52.50024154,-29.8776605],[-52.49989983,-29.87751],[-52.49957923,-29.87739616],[-52.49905904,-29.87727457],[-52.49875146,-29.87726083],[-52.49843382,-29.87723854],[-52.49807473,-29.87709581],[-52.49786302,-29.87692325],[-52.49768598,-29.87668777],[-52.49765924,-29.87622618],[-52.49769459,-29.87593108],[-52.49773978,-29.87563704],[-52.49754703,-29.8753457],[-52.4974121,-29.87527378],[-52.49718866,-29.87525042],[-52.49674531,-29.87529362],[-52.49659685,-29.87535278],[-52.49642143,-29.87546666],[-52.49632299,-29.87561901],[-52.49621775,-29.87582385],[-52.49610712,-29.8760912],[-52.4960747,-29.87647867],[-52.49611675,-29.87675529],[-52.49609933,-29.87689571],[-52.49611396,-29.87725539],[-52.49601393,-29.87750683],[-52.49584913,-29.87769764],[-52.4955453,-29.87785629],[-52.49524344,-29.87785655],[-52.49497126,-29.87779097],[-52.49459907,-29.87763204],[-52.49430717,-29.87756659],[-52.49410101,-29.87762902],[-52.49389619,-29.87778167],[-52.4938305,-29.87800565],[-52.4938239,-29.87822471],[-52.49387685,-29.87846882],[-52.49369763,-29.87868552],[-52.49341658,-29.87875421],[-52.49323429,-29.87876484],[-52.49310259,-29.8788608],[-52.49286804,-29.87903147],[-52.4927421,-29.87918322],[-52.49262587,-29.87935706],[-52.49251031,-29.87954298],[-52.49235932,-29.87966921],[-52.49218197,-29.87967988],[-52.49193904,-29.8795924],[-52.49174498,-29.8794744],[-52.4914996,-29.87951128],[-52.49128011,-29.87942552],[-52.49111584,-29.87936583],[-52.49082112,-29.87938784],[-52.49044246,-29.87942993],[-52.49020771,-29.87955836],[-52.4898977,-29.87979205],[-52.48959847,-29.87998139],[-52.48961422,-29.88003139],[-52.49010911,-29.88327416],[-52.49113367,-29.88993272],[-52.49139137,-29.89126868]]],[[[-52.51472475,-29.9034802],[-52.51802468,-29.91173235],[-52.51748448,-29.91199329],[-52.51565859,-29.91285462],[-52.51502537,-29.91335284],[-52.51277565,-29.91438575],[-52.5136228,-29.91491841],[-52.51472396,-29.91568067],[-52.51580898,-29.9165032],[-52.51691362,-29.9174806],[-52.51845512,-29.91819517],[-52.51927142,-29.91883678],[-52.51964711,-29.91923985],[-52.52044505,-29.92003334],[-52.52312127,-29.9177067],[-52.52226806,-29.91385187],[-52.52271267,-29.91370164],[-52.52275687,-29.91318474],[-52.52254202,-29.91315329],[-52.52240829,-29.91345711],[-52.51893201,-29.91446872],[-52.51962224,-29.91210195],[-52.51969295,-29.91190009],[-52.52084281,-29.90937372],[-52.52330215,-29.90816438],[-52.52238562,-29.90728321],[-52.5215823,-29.90657731],[-52.5200618,-29.90523497],[-52.51921845,-29.90465286],[-52.51848559,-29.90426455],[-52.51747405,-29.90395524],[-52.51680543,-29.9037859],[-52.51549327,-29.9035321],[-52.51472475,-29.9034802]]],[[[-52.51041765,-29.91277418],[-52.50885042,-29.91471649],[-52.5068278,-29.9141246],[-52.50065479,-29.91554965],[-52.50031216,-29.91500422],[-52.49777832,-29.91598227],[-52.49796352,-29.91640073],[-52.49834303,-29.91694764],[-52.49852016,-29.91722751],[-52.49888439,-29.91743813],[-52.49962285,-29.91770024],[-52.49981729,-29.91786126],[-52.5000111,-29.91819643],[-52.50001395,-29.91883145],[-52.5005103,-29.91933344],[-52.50083641,-29.91980633],[-52.50137491,-29.92035079],[-52.50208203,-29.9209685],[-52.50250477,-29.921659],[-52.50388249,-29.92240295],[-52.50460198,-29.92274547],[-52.5063021,-29.92354175],[-52.50764098,-29.92426769],[-52.50966357,-29.92538714],[-52.51149165,-29.92665506],[-52.517252,-29.92202219],[-52.51786956,-29.92087122],[-52.51917831,-29.91897131],[-52.51843574,-29.91838975],[-52.51827395,-29.91830382],[-52.517301,-29.91789463],[-52.51675862,-29.9175746],[-52.51526828,-29.91627129],[-52.51481127,-29.91595794],[-52.51285992,-29.91457345],[-52.51267447,-29.9144322],[-52.51188458,-29.91383049],[-52.5101416,-29.91601674],[-52.50940154,-29.91693177],[-52.50933876,-29.91690452],[-52.50780767,-29.91718361],[-52.50707049,-29.9170142],[-52.50686648,-29.91768514],[-52.50591685,-29.91774219],[-52.50529656,-29.91852094],[-52.50418992,-29.91822958],[-52.50191707,-29.91803749],[-52.50033722,-29.91755578],[-52.49976513,-29.91582163],[-52.50036536,-29.91562847],[-52.50187366,-29.91797013],[-52.50428582,-29.918184],[-52.50526394,-29.91844209],[-52.50583645,-29.91767345],[-52.50639726,-29.91763474],[-52.50681909,-29.91761404],[-52.50700523,-29.91693301],[-52.50711745,-29.91693922],[-52.50774025,-29.91699066],[-52.50931827,-29.91684204],[-52.50934416,-29.91681801],[-52.50998612,-29.91600688],[-52.51187444,-29.91382275],[-52.51190073,-29.91379232],[-52.51041765,-29.91277418]]],[[[-52.53040219,-29.9149705],[-52.52700356,-29.91695231],[-52.52425852,-29.91852387],[-52.52189662,-29.9212395],[-52.52312629,-29.92215269],[-52.52516569,-29.92353987],[-52.5254213,-29.92381086],[-52.53179192,-29.9218739],[-52.53182683,-29.92085163],[-52.53180334,-29.92008367],[-52.53165851,-29.91885786],[-52.53142018,-29.91760506],[-52.53128496,-29.91695868],[-52.53067342,-29.91550684],[-52.53040219,-29.9149705]]],[[[-52.53189489,-29.93003065],[-52.53125451,-29.93053003],[-52.53142103,-29.93117568],[-52.52791241,-29.93338744],[-52.52838841,-29.93393242],[-52.52899846,-29.93487972],[-52.53000753,-29.93628761],[-52.53023687,-29.93696501],[-52.53043028,-29.93836044],[-52.53097625,-29.93922735],[-52.53274135,-29.93946462],[-52.53297737,-29.93744522],[-52.5331759,-29.93645398],[-52.53338966,-29.93578884],[-52.53389824,-29.93536389],[-52.53405522,-29.93463851],[-52.53392816,-29.93375473],[-52.53360204,-29.93192558],[-52.53272731,-29.93092517],[-52.53240204,-29.93064951],[-52.53189489,-29.93003065]]],[[[-52.52078745,-29.92871612],[-52.5201523,-29.92929533],[-52.51904762,-29.92894001],[-52.51815304,-29.93049941],[-52.51946753,-29.93123038],[-52.51988841,-29.93195721],[-52.52012277,-29.93240557],[-52.52071371,-29.93362454],[-52.52112467,-29.93474868],[-52.52175553,-29.93555366],[-52.52285071,-29.93628451],[-52.52409791,-29.93707973],[-52.5250729,-29.93781574],[-52.52528721,-29.93983931],[-52.52745296,-29.94018218],[-52.53074296,-29.93945753],[-52.53061297,-29.93917851],[-52.53023979,-29.93837745],[-52.53010767,-29.93730109],[-52.52992782,-29.93663213],[-52.52891328,-29.93510394],[-52.52800952,-29.93370618],[-52.52779431,-29.9334619],[-52.52722743,-29.93281845],[-52.52625689,-29.93198377],[-52.52605891,-29.93155188],[-52.52605203,-29.93140452],[-52.52606582,-29.9309569],[-52.52362344,-29.92989887],[-52.52356375,-29.92993033],[-52.52243863,-29.93084176],[-52.52078745,-29.92871612]]]]},"geometry_name":"geom","properties":{"id_quilombola":178,"Comunidade":"Rincao Dos Negros","Municipio":"Rio Pardo","Unidade_Federecao":"RS","Numero_Processo":"54220.000398/2005-31","Jurisdicao":null,"Fase":null,"Responsavel":null,"dt_ini":"2013-01-01Z","dt_fim":"2029-10-30Z"}},{"type":"Feature","id":"vw_incra_quilombolas.fid-5c8cc48d_196ac1ca94f_-7a9e","geometry":{"type":"MultiPolygon","coordinates":[[[[-53.72864907,-30.94123138],[-53.72854351,-30.93873689],[-53.72715541,-30.93934441],[-53.72654057,-30.93991164],[-53.72505863,-30.93747712],[-53.72505632,-30.93697288],[-53.72400464,-30.93663425],[-53.72409256,-30.93720991],[-53.72429077,-30.93782233],[-53.72341142,-30.93800985],[-53.7220846,-30.93895249],[-53.72076911,-30.94066599],[-53.71900619,-30.94058033],[-53.71715621,-30.94046929],[-53.71457927,-30.94462871],[-53.71103163,-30.95035429],[-53.71929917,-30.95518312],[-53.72388862,-30.95807753],[-53.72738351,-30.96024327],[-53.72781114,-30.96100636],[-53.72901988,-30.96049218],[-53.72953104,-30.96021614],[-53.73017382,-30.95981135],[-53.73044206,-30.95947125],[-53.73083012,-30.95908441],[-53.73127782,-30.95877689],[-53.73176546,-30.95849846],[-53.73220029,-30.95843177],[-53.73251902,-30.95845386],[-53.73264212,-30.95854351],[-53.73324733,-30.95859627],[-53.73346128,-30.95858684],[-53.73380705,-30.95852279],[-53.73418345,-30.95843251],[-53.73461803,-30.95829941],[-53.73487974,-30.95813807],[-53.73506537,-30.95794307],[-53.73518344,-30.95752141],[-53.73540449,-30.95713164],[-53.73555433,-30.9568623],[-53.73569409,-30.95661535],[-53.73582816,-30.95616864],[-53.73595673,-30.95575513],[-53.73611238,-30.95546669],[-53.73621486,-30.95522935],[-53.73624008,-30.95479776],[-53.73622113,-30.95449244],[-53.73620399,-30.95425355],[-53.73617425,-30.95404841],[-53.73604762,-30.95379829],[-53.73567089,-30.95343017],[-53.73563002,-30.95295514],[-53.73552882,-30.95277306],[-53.73549955,-30.95251623],[-53.73554653,-30.95222315],[-53.7356029,-30.95201048],[-53.73572949,-30.95182789],[-53.73591117,-30.95177684],[-53.73628877,-30.95169657],[-53.73654656,-30.95175197],[-53.73685229,-30.95193947],[-53.73708891,-30.95218169],[-53.73715622,-30.95252451],[-53.73730866,-30.95291305],[-53.73738208,-30.95331847],[-53.73741693,-30.95375419],[-53.73745898,-30.95398912],[-53.73756164,-30.95418092],[-53.73779511,-30.9543129],[-53.73815488,-30.95438135],[-53.73846888,-30.95439371],[-53.73881356,-30.95439781],[-53.73973247,-30.95433604],[-53.739935,-30.95431273],[-53.74033845,-30.95420908],[-53.7405267,-30.95412108],[-53.74068484,-30.95393516],[-53.74101432,-30.95387111],[-53.74141742,-30.95386668],[-53.74185083,-30.95388411],[-53.74215451,-30.95396226],[-53.74240941,-30.95407096],[-53.74267974,-30.95425539],[-53.74271799,-30.95435728],[-53.74271705,-30.95447901],[-53.74268565,-30.95461661],[-53.74264852,-30.95470868],[-53.74254915,-30.95478686],[-53.74264839,-30.95499095],[-53.74279647,-30.95507148],[-53.74304114,-30.95513094],[-53.74338241,-30.95513957],[-53.74364108,-30.95522536],[-53.74395414,-30.95535944],[-53.74412183,-30.95545625],[-53.74427209,-30.95561281],[-53.7443668,-30.95583521],[-53.74443017,-30.95604306],[-53.744444,-30.95621773],[-53.74452869,-30.9563985],[-53.74464037,-30.95644177],[-53.74478552,-30.95641966],[-53.74497275,-30.95628969],[-53.74516718,-30.95613722],[-53.74548812,-30.95592881],[-53.74577706,-30.95568304],[-53.74597311,-30.95558759],[-53.74602539,-30.95540771],[-53.74591297,-30.9551912],[-53.74580414,-30.95493867],[-53.74573652,-30.95458258],[-53.74572329,-30.95427477],[-53.74583259,-30.95407639],[-53.7458241,-30.9537799],[-53.74576259,-30.95349061],[-53.74566248,-30.9532341],[-53.74557279,-30.95287847],[-53.74557761,-30.95256912],[-53.74575672,-30.95234471],[-53.7461631,-30.95203559],[-53.74632014,-30.95181164],[-53.74627329,-30.95141107],[-53.74616648,-30.95107482],[-53.74610143,-30.95065401],[-53.74604287,-30.9503184],[-53.74589607,-30.94981945],[-53.74577499,-30.94945875],[-53.74576656,-30.94901011],[-53.74573893,-30.94851429],[-53.74564854,-30.94797991],[-53.74547123,-30.94726874],[-53.7454758,-30.94709718],[-53.74544456,-30.94677511],[-53.74555374,-30.94650334],[-53.74564036,-30.94632731],[-53.74575996,-30.94606538],[-53.74590863,-30.9459588],[-53.74605854,-30.94589574],[-53.74624428,-30.94587001],[-53.74636841,-30.94590003],[-53.74653693,-30.94602005],[-53.74661516,-30.94610276],[-53.74672754,-30.94627456],[-53.74681789,-30.94644954],[-53.74688297,-30.94662507],[-53.74697039,-30.94680829],[-53.74707938,-30.94697199],[-53.74734703,-30.94724031],[-53.74757984,-30.94742316],[-53.74786534,-30.9475695],[-53.74815502,-30.94771102],[-53.7484273,-30.947727],[-53.74869974,-30.94774842],[-53.74890097,-30.94771148],[-53.74908477,-30.94761775],[-53.74933278,-30.94751097],[-53.74959185,-30.94739659],[-53.74979538,-30.94732966],[-53.75001115,-30.94724886],[-53.75024463,-30.94712414],[-53.75048438,-30.94685646],[-53.75069322,-30.94653358],[-53.75087419,-30.94632177],[-53.75095659,-30.94621931],[-53.7509339,-30.94608916],[-53.75080185,-30.94589329],[-53.7505708,-30.94566142],[-53.75035695,-30.94532693],[-53.75028796,-30.94523586],[-53.75005651,-30.94521085],[-53.74991067,-30.9451949],[-53.74982854,-30.94519665],[-53.74962977,-30.94520905],[-53.74942469,-30.94522158],[-53.74922807,-30.94519855],[-53.74880162,-30.94518666],[-53.74846037,-30.9451201],[-53.74817658,-30.94506462],[-53.74803662,-30.94508532],[-53.74792622,-30.94509689],[-53.74785544,-30.94511993],[-53.7477769,-30.9451216],[-53.74774737,-30.94508839],[-53.74771722,-30.94503367],[-53.74766505,-30.94495788],[-53.74759343,-30.94482714],[-53.74752513,-30.9446871],[-53.74742147,-30.94456011],[-53.74734792,-30.94437226],[-53.74730174,-30.94425636],[-53.7472649,-30.943968],[-53.74721075,-30.94369847],[-53.74726859,-30.94347269],[-53.74738716,-30.94321861],[-53.74750492,-30.94309],[-53.74766213,-30.94296669],[-53.74782397,-30.9428802],[-53.7478725,-30.94270384],[-53.74789741,-30.94245108],[-53.74780747,-30.9419281],[-53.74776702,-30.94176285],[-53.74776134,-30.94156788],[-53.74770121,-30.94108931],[-53.7476243,-30.94078213],[-53.74762947,-30.94058823],[-53.74768028,-30.9404918],[-53.7477519,-30.94037339],[-53.747834,-30.94023531],[-53.74798499,-30.94001986],[-53.74805978,-30.93975257],[-53.74802263,-30.93957803],[-53.74792273,-30.93945711],[-53.74772742,-30.93937207],[-53.74746838,-30.93930683],[-53.74723687,-30.93923996],[-53.74704147,-30.93915184],[-53.7468707,-30.93905089],[-53.74675366,-30.93895494],[-53.74666464,-30.93883995],[-53.74655602,-30.93866386],[-53.74643666,-30.93837269],[-53.74643716,-30.93826502],[-53.746467,-30.93818442],[-53.74644396,-30.93800343],[-53.74645982,-30.93768517],[-53.74638072,-30.93754228],[-53.7462487,-30.93742205],[-53.74607402,-30.93730887],[-53.74593947,-30.93725174],[-53.74579202,-30.93709185],[-53.74571562,-30.93691815],[-53.74575958,-30.93658194],[-53.74588991,-30.93637754],[-53.7460443,-30.93615586],[-53.74628035,-30.93591707],[-53.74645464,-30.93582683],[-53.74667671,-30.93572368],[-53.7468786,-30.93566402],[-53.74706099,-30.93567245],[-53.74723722,-30.93571484],[-53.74737568,-30.93581033],[-53.74757788,-30.93601608],[-53.74764233,-30.93608391],[-53.74775503,-30.93612189],[-53.74783909,-30.93609511],[-53.74801581,-30.93602983],[-53.74812527,-30.93595445],[-53.74831477,-30.93586775],[-53.74852038,-30.93577215],[-53.74865041,-30.93571363],[-53.74876138,-30.93561323],[-53.74881245,-30.93552563],[-53.74889076,-30.93537593],[-53.74903812,-30.93520071],[-53.74922021,-30.93508918],[-53.74941169,-30.93507165],[-53.74970166,-30.93506355],[-53.74989355,-30.93509086],[-53.75005278,-30.93511631],[-53.75017931,-30.93516936],[-53.75036662,-30.93524035],[-53.75051654,-30.93525254],[-53.7506223,-30.93520415],[-53.75070647,-30.93509771],[-53.75076721,-30.934958],[-53.75077289,-30.93484445],[-53.75077212,-30.93473412],[-53.75082641,-30.93452534],[-53.75093121,-30.93436547],[-53.75097003,-30.93429472],[-53.75117109,-30.93414433],[-53.75133488,-30.93401781],[-53.75147513,-30.93392639],[-53.75163593,-30.93382199],[-53.75177661,-30.93374594],[-53.75186679,-30.93362098],[-53.75199761,-30.93351246],[-53.75216629,-30.93337772],[-53.75229588,-30.93330383],[-53.75246433,-30.93326179],[-53.75254246,-30.93326205],[-53.75279835,-30.93330003],[-53.75296073,-30.93332134],[-53.7531047,-30.93332756],[-53.75317455,-30.93324463],[-53.75324671,-30.93312854],[-53.75330344,-30.93297563],[-53.75328183,-30.93284916],[-53.75328583,-30.93273762],[-53.75329549,-30.93257333],[-53.75330037,-30.93249273],[-53.753346,-30.93231099],[-53.75341342,-30.93215476],[-53.75344051,-30.93197152],[-53.75346838,-30.93169112],[-53.75345729,-30.93155514],[-53.7534364,-30.93145342],[-53.75342673,-30.93136694],[-53.7534097,-30.93127442],[-53.75341333,-30.93115051],[-53.75339016,-30.93097018],[-53.75339713,-30.9308369],[-53.75343154,-30.93078354],[-53.75348268,-30.93068648],[-53.75353937,-30.93052911],[-53.75359241,-30.93037319],[-53.75365311,-30.93004964],[-53.75360147,-30.92980769],[-53.74991067,-30.9297999],[-53.74808635,-30.92936422],[-53.74711385,-30.92913196],[-53.74434083,-30.92840278],[-53.74025199,-30.92665082],[-53.73941076,-30.92751112],[-53.73941387,-30.92850215],[-53.73919484,-30.92922537],[-53.73879702,-30.93049028],[-53.73863591,-30.93080993],[-53.73753036,-30.93176153],[-53.73701301,-30.93215291],[-53.73646036,-30.93285727],[-53.73566794,-30.93407132],[-53.73646997,-30.93459659],[-53.73646874,-30.93484678],[-53.73441412,-30.93718317],[-53.73270733,-30.93838173],[-53.72864907,-30.94123138]]]]},"geometry_name":"geom","properties":{"id_quilombola":184,"Comunidade":"Palmas (Area 1)","Municipio":"Bage","Unidade_Federecao":"RS","Numero_Processo":"54220.000397/2005-97","Jurisdicao":"Federal","Fase":null,"Responsavel":"INCRA","dt_ini":"2013-01-01Z","dt_fim":"2029-10-30Z"}},{"type":"Feature","id":"vw_incra_quilombolas.fid-5c8cc48d_196ac1ca94f_-7a9d","geometry":{"type":"MultiPolygon","coordinates":[[[[-52.72470025,-30.39596501],[-52.72209757,-30.39684544],[-52.72103818,-30.39853706],[-52.7200724,-30.40007849],[-52.71983923,-30.40039751],[-52.71815833,-30.40248948],[-52.71760508,-30.40319398],[-52.71666591,-30.40387081],[-52.71618644,-30.40423664],[-52.71437956,-30.40536423],[-52.71465904,-30.40553126],[-52.71674443,-30.40668042],[-52.71672179,-30.40658265],[-52.71696847,-30.40631434],[-52.71703494,-30.4060447],[-52.71710842,-30.40593122],[-52.71745364,-30.40579235],[-52.71762798,-30.40545957],[-52.71789103,-30.40516921],[-52.71830351,-30.40480065],[-52.71890067,-30.40469481],[-52.71963997,-30.40432554],[-52.71975712,-30.40431678],[-52.72070717,-30.40522298],[-52.72070762,-30.40524833],[-52.72067897,-30.40624366],[-52.72091831,-30.40660125],[-52.72114364,-30.40670235],[-52.7213131,-30.4068091],[-52.72159605,-30.4069361],[-52.72202578,-30.40707569],[-52.72214707,-30.40705956],[-52.72230933,-30.40699932],[-52.72275396,-30.4067901],[-52.7234107,-30.40673415],[-52.72389888,-30.40662242],[-52.72456501,-30.40662093],[-52.72463235,-30.40663818],[-52.72500561,-30.4066623],[-52.72511049,-30.40667183],[-52.72524529,-30.40671362],[-52.72564668,-30.40738371],[-52.72680715,-30.40714687],[-52.72838506,-30.40682457],[-52.73001078,-30.40636366],[-52.73008181,-30.40611218],[-52.73010994,-30.40557076],[-52.73021851,-30.40531147],[-52.73027918,-30.40495123],[-52.73024497,-30.4046757],[-52.73012943,-30.40453919],[-52.73002122,-30.40434088],[-52.73008209,-30.40422757],[-52.73051365,-30.40399305],[-52.730928,-30.4037334],[-52.73136244,-30.40342622],[-52.73156457,-30.40324923],[-52.73111918,-30.40269956],[-52.73102952,-30.40260268],[-52.73068997,-30.40258905],[-52.72989782,-30.40256688],[-52.72913261,-30.40241363],[-52.72833579,-30.40236238],[-52.72798799,-30.40211644],[-52.72771387,-30.40130303],[-52.72759015,-30.40093792],[-52.72742332,-30.39954938],[-52.72753081,-30.39899238],[-52.72684785,-30.39827153],[-52.7259679,-30.39778199],[-52.72579016,-30.39720341],[-52.72554661,-30.39693064],[-52.72470025,-30.39596501]]]]},"geometry_name":"geom","properties":{"id_quilombola":220,"Comunidade":"Quadra","Municipio":"Encruzilhada Do Sul","Unidade_Federecao":"RS","Numero_Processo":"54220.000317/2007-65","Jurisdicao":"Federal","Fase":"RTID","Responsavel":"INCRA","dt_ini":"2013-01-01Z","dt_fim":"2029-10-30Z"}},{"type":"Feature","id":"vw_incra_quilombolas.fid-5c8cc48d_196ac1ca94f_-7a9c","geometry":{"type":"MultiPolygon","coordinates":[[[[-50.52519406,-30.20694775],[-50.52519585,-30.20737604],[-50.52526184,-30.20973105],[-50.52528336,-30.21438327],[-50.52589651,-30.21436103],[-50.52640732,-30.2143146],[-50.52775459,-30.2123068],[-50.5278119,-30.21079275],[-50.52798355,-30.2099857],[-50.52859154,-30.20870799],[-50.52986266,-30.20758968],[-50.53439139,-30.20604312],[-50.53147728,-30.2047079],[-50.53146094,-30.20306978],[-50.52895337,-30.20291532],[-50.52518668,-30.20515119],[-50.52519367,-30.2068557],[-50.52519406,-30.20694775]]]]},"geometry_name":"geom","properties":{"id_quilombola":309,"Comunidade":"Costa Da Lagoa","Municipio":"Capivari Do Sul","Unidade_Federecao":"RS","Numero_Processo":"54220.001402/2011-27","Jurisdicao":"Federal","Fase":"RTID","Responsavel":"INCRA","dt_ini":"2013-01-01Z","dt_fim":"2029-10-30Z"}},{"type":"Feature","id":"vw_incra_quilombolas.fid-5c8cc48d_196ac1ca94f_-7a9b","geometry":{"type":"MultiPolygon","coordinates":[[[[-51.21614513,-30.04552854],[-51.21616203,-30.04547888],[-51.21600284,-30.04540081],[-51.21606178,-30.04531173],[-51.21619563,-30.04538018],[-51.21619955,-30.04536854],[-51.21626042,-30.04531275],[-51.21628643,-30.04529954],[-51.21631569,-30.04530192],[-51.21656388,-30.04500145],[-51.21660542,-30.04492973],[-51.21635155,-30.04481003],[-51.21636137,-30.04479612],[-51.21621764,-30.04471982],[-51.21617664,-30.04480219],[-51.21616796,-30.04481719],[-51.21607719,-30.04476707],[-51.21583158,-30.04463066],[-51.21581046,-30.04465164],[-51.21615941,-30.04484518],[-51.2161316,-30.04493628],[-51.21594493,-30.04524297],[-51.21587339,-30.04540057],[-51.21614513,-30.04552854]]]]},"geometry_name":"geom","properties":{"id_quilombola":242,"Comunidade":"Família Fidélix (Gleba \"A\")","Municipio":"Porto Algre","Unidade_Federecao":"RS","Numero_Processo":"54220.000258/2007-25","Jurisdicao":"Federal","Fase":"RTID","Responsavel":"INCRA","dt_ini":"2013-01-01Z","dt_fim":"2029-10-30Z"}},{"type":"Feature","id":"vw_incra_quilombolas.fid-5c8cc48d_196ac1ca94f_-7a9a","geometry":{"type":"MultiPolygon","coordinates":[[[[-53.70933183,-30.86563455],[-53.70889765,-30.86539584],[-53.70850946,-30.86521453],[-53.70833756,-30.86513153],[-53.70794576,-30.86490542],[-53.70763274,-30.86471712],[-53.70737651,-30.86453846],[-53.70715103,-30.86437928],[-53.70708477,-30.86425618],[-53.70700458,-30.86408466],[-53.70678263,-30.86400811],[-53.7066167,-30.86391416],[-53.70645108,-30.86383103],[-53.70617234,-30.86374484],[-53.70579044,-30.86360001],[-53.70558701,-30.86351225],[-53.70531287,-30.86336643],[-53.70503934,-30.86324225],[-53.70448328,-30.86294912],[-53.70418343,-30.86278219],[-53.70385205,-30.8626105],[-53.70349065,-30.86228634],[-53.70334817,-30.86213236],[-53.70315962,-30.86190356],[-53.70265709,-30.86138951],[-53.70219049,-30.8616553],[-53.70189662,-30.86202336],[-53.70145676,-30.86256642],[-53.70135975,-30.86293889],[-53.70100027,-30.86367324],[-53.70073117,-30.86399482],[-53.70046207,-30.8643164],[-53.70025244,-30.86494468],[-53.70074242,-30.8655119],[-53.70103442,-30.86643932],[-53.70115129,-30.86722354],[-53.70120974,-30.86768869],[-53.70154462,-30.8679029],[-53.70142235,-30.86866099],[-53.70147731,-30.86904421],[-53.70193229,-30.86942718],[-53.70255349,-30.86945008],[-53.70456918,-30.86905683],[-53.70555652,-30.86887412],[-53.70631907,-30.86847549],[-53.70727099,-30.86778187],[-53.70806557,-30.86706864],[-53.70859171,-30.86647277],[-53.70933183,-30.86563455]]]]},"geometry_name":"geom","properties":{"id_quilombola":260,"Comunidade":"Palmas (Area 3)","Municipio":"Bage","Unidade_Federecao":"RS","Numero_Processo":"54220.000397/2005-97","Jurisdicao":"Federal","Fase":null,"Responsavel":"INCRA","dt_ini":"2013-01-01Z","dt_fim":"2029-10-30Z"}},{"type":"Feature","id":"vw_incra_quilombolas.fid-5c8cc48d_196ac1ca94f_-7a99","geometry":{"type":"MultiPolygon","coordinates":[[[[-53.42359414,-30.2952642],[-53.42469849,-30.29307753],[-53.42523914,-30.29177446],[-53.42514829,-30.29102693],[-53.41914998,-30.29127979],[-53.41848691,-30.29227408],[-53.41725207,-30.29422688],[-53.41824604,-30.29439387],[-53.42132991,-30.29492287],[-53.42357662,-30.29526173],[-53.42359414,-30.2952642]]]]},"geometry_name":"geom","properties":{"id_quilombola":280,"Comunidade":"Picada Das Vassouras - Área 02","Municipio":"Caçapava Do Sul","Unidade_Federecao":"RS","Numero_Processo":"54220.001738/2007-11","Jurisdicao":"Federal","Fase":"RTID","Responsavel":"INCRA","dt_ini":"2013-01-01Z","dt_fim":"2029-10-30Z"}},{"type":"Feature","id":"vw_incra_quilombolas.fid-5c8cc48d_196ac1ca94f_-7a98","geometry":{"type":"MultiPolygon","coordinates":[[[[-50.89551679,-29.94847002],[-50.89557974,-29.94817772],[-50.8957603,-29.94774388],[-50.89464341,-29.94802781],[-50.89204064,-29.9480747],[-50.88971687,-29.94652067],[-50.88949731,-29.94664982],[-50.88714987,-29.94580324],[-50.88605228,-29.94381142],[-50.88339279,-29.94314894],[-50.87874068,-29.94056874],[-50.87727589,-29.9427568],[-50.88054727,-29.94611016],[-50.88179674,-29.94676482],[-50.88354997,-29.95145852],[-50.8782104,-29.94963943],[-50.87740553,-29.95195894],[-50.88617928,-29.95242186],[-50.89750752,-29.95324527],[-50.89632291,-29.95093967],[-50.8963116,-29.94980484],[-50.89611276,-29.94936663],[-50.89562736,-29.94878883],[-50.89551679,-29.94847002]]]]},"geometry_name":"geom","properties":{"id_quilombola":296,"Comunidade":"Manoel Barbosa","Municipio":"Gravataí","Unidade_Federecao":"RS","Numero_Processo":"54220.001830/2004-21","Jurisdicao":"Federal","Fase":null,"Responsavel":"INCRA","dt_ini":"2013-01-01Z","dt_fim":"2029-10-30Z"}},{"type":"Feature","id":"vw_incra_quilombolas.fid-5c8cc48d_196ac1ca94f_-7a97","geometry":{"type":"MultiPolygon","coordinates":[[[[-50.50628569,-30.61189485],[-50.51682939,-30.60546831],[-50.53034158,-30.59722987],[-50.528744,-30.59049265],[-50.53015597,-30.58670774],[-50.49559878,-30.59835998],[-50.50284106,-30.60480074],[-50.50315715,-30.60514719],[-50.50344859,-30.60550176],[-50.50371214,-30.60586181],[-50.50395569,-30.60623776],[-50.50419044,-30.60664237],[-50.50440359,-30.60706901],[-50.50458734,-30.60749174],[-50.50628569,-30.61189485]]],[[[-50.4437807,-30.6494193],[-50.4718864,-30.63255579],[-50.50585696,-30.61215374],[-50.50395019,-30.60721681],[-50.5037484,-30.60681268],[-50.50352606,-30.6064296],[-50.50329566,-30.60607391],[-50.50304754,-30.60573503],[-50.50277239,-30.60540019],[-50.50247393,-30.60507312],[-50.5021509,-30.60475696],[-50.49509464,-30.59852054],[-50.47503618,-30.60527111],[-50.45409255,-30.61228465],[-50.42337726,-30.62256238],[-50.4437807,-30.6494193]]]]},"geometry_name":"geom","properties":{"id_quilombola":320,"Comunidade":"Casca","Municipio":"Mostardas","Unidade_Federecao":"RS","Numero_Processo":"54220.001202/04-45","Jurisdicao":null,"Fase":null,"Responsavel":null,"dt_ini":"2013-01-01Z","dt_fim":"2029-10-30Z"}},{"type":"Feature","id":"vw_incra_quilombolas.fid-5c8cc48d_196ac1ca94f_-7a96","geometry":{"type":"MultiPolygon","coordinates":[[[[-53.03394887,-29.16261188],[-53.03427964,-29.16122967],[-53.03487939,-29.15996923],[-53.03498879,-29.15980946],[-53.03516191,-29.15957889],[-53.0353805,-29.15876061],[-53.03554551,-29.1582506],[-53.03569225,-29.15767965],[-53.03579516,-29.15663783],[-53.03590436,-29.15535595],[-53.03580833,-29.15433676],[-53.03514743,-29.15368957],[-53.0338319,-29.15342132],[-53.03269557,-29.15398174],[-53.03209478,-29.15446762],[-53.03142086,-29.1549676],[-53.03035974,-29.1555919],[-53.0290362,-29.15685616],[-53.0284848,-29.15707597],[-53.02799024,-29.15747892],[-53.02795534,-29.15773852],[-53.02830114,-29.15841011],[-53.028419,-29.15920912],[-53.02846712,-29.15942757],[-53.02854586,-29.159906],[-53.02850234,-29.15997516],[-53.02864689,-29.16031552],[-53.02873555,-29.16050698],[-53.02892737,-29.16072487],[-53.02893713,-29.16098359],[-53.0290328,-29.16132468],[-53.02901997,-29.16153279],[-53.02921603,-29.16203192],[-53.02928911,-29.16201749],[-53.0303903,-29.16215797],[-53.03394887,-29.16261188]]]]},"geometry_name":"geom","properties":{"id_quilombola":331,"Comunidade":"Linha Fão","Municipio":"Arroio Do Tigre","Unidade_Federecao":"RS","Numero_Processo":"54220.001413/2006-40","Jurisdicao":"Federal","Fase":"RTID","Responsavel":"INCRA","dt_ini":"2013-01-01Z","dt_fim":"2029-10-30Z"}},{"type":"Feature","id":"vw_incra_quilombolas.fid-5c8cc48d_196ac1ca94f_-7a95","geometry":{"type":"MultiPolygon","coordinates":[[[[-50.47581054,-30.4874659],[-50.47581054,-30.4874659],[-50.47523907,-30.48954344],[-50.47614578,-30.49517873],[-50.49143123,-30.49141988],[-50.49763463,-30.49190128],[-50.49849965,-30.49163959],[-50.50094744,-30.49155206],[-50.50107451,-30.49156996],[-50.50188,-30.49196906],[-50.50216164,-30.49211552],[-50.50255729,-30.4922503],[-50.50274483,-30.4923911],[-50.50304102,-30.49227562],[-50.50325101,-30.49222417],[-50.50351207,-30.49219639],[-50.50362778,-30.49217336],[-50.5038097,-30.4921218],[-50.50481862,-30.492137],[-50.50590764,-30.49231529],[-50.50606448,-30.4923227],[-50.50778741,-30.48926477],[-50.51000395,-30.48522279],[-50.51096916,-30.48372865],[-50.51434246,-30.47844833],[-50.51306904,-30.47768927],[-50.51325427,-30.47757592],[-50.51356021,-30.47582379],[-50.51345619,-30.47576967],[-50.51326319,-30.47576515],[-50.51305732,-30.47569985],[-50.51285125,-30.4756763],[-50.5127247,-30.47566091],[-50.51256082,-30.47549783],[-50.51241855,-30.47537536],[-50.51220981,-30.47530049],[-50.5120684,-30.47525282],[-50.51099646,-30.47510137],[-50.50812223,-30.47481547],[-50.50659792,-30.47489287],[-50.50437325,-30.47500324],[-50.50311126,-30.47516544],[-50.50209477,-30.47564374],[-50.50173712,-30.47583146],[-50.50162754,-30.47587766],[-50.50150952,-30.4759523],[-50.50137218,-30.4760242],[-50.4980236,-30.47251741],[-50.49721081,-30.47145111],[-50.49737445,-30.47056275],[-50.49689754,-30.47083261],[-50.49663055,-30.4709884],[-50.49626725,-30.47107017],[-50.49609902,-30.47111577],[-50.49591738,-30.47115578],[-50.49583927,-30.47113856],[-50.49564401,-30.47109551],[-50.49537002,-30.47103744],[-50.49525259,-30.47100526],[-50.49507698,-30.47100194],[-50.49482806,-30.47099701],[-50.49462452,-30.47096441],[-50.49446739,-30.47093076],[-50.49430257,-30.47090765],[-50.49406016,-30.4708879],[-50.49390242,-30.47085896],[-50.49372911,-30.47085829],[-50.49356359,-30.47084432],[-50.4932722,-30.47081146],[-50.4930894,-30.47078741],[-50.4928817,-30.47073662],[-50.49269466,-30.47062868],[-50.49243308,-30.47050677],[-50.4922124,-30.47045968],[-50.49195062,-30.47037883],[-50.49182945,-30.47033634],[-50.49171326,-30.47027076],[-50.49156521,-30.47026387],[-50.49140981,-30.47026747],[-50.49127876,-30.47025856],[-50.49063816,-30.47023101],[-50.48970665,-30.47020274],[-50.48965339,-30.47067025],[-50.48884997,-30.47060314],[-50.48874973,-30.47082542],[-50.48816381,-30.4702717],[-50.47422237,-30.47825971],[-50.47413752,-30.47830832],[-50.47215395,-30.48016081],[-50.47243115,-30.48026524],[-50.47280445,-30.48045132],[-50.47311078,-30.48060364],[-50.4734554,-30.48080068],[-50.47393274,-30.48107403],[-50.47440742,-30.48134684],[-50.47502009,-30.48166485],[-50.47553019,-30.48194594],[-50.47605736,-30.48223839],[-50.47643693,-30.48246225],[-50.4768343,-30.48269588],[-50.4772724,-30.48294628],[-50.4775741,-30.48310028],[-50.4779855,-30.48333897],[-50.47787121,-30.48348674],[-50.4778439,-30.48353921],[-50.47754673,-30.48411013],[-50.4765165,-30.48608939],[-50.47582239,-30.48742284],[-50.47581054,-30.4874659]]]]},"geometry_name":"geom","properties":{"id_quilombola":344,"Comunidade":"Limoeiro","Municipio":"Palmares Do Sul","Unidade_Federecao":"RS","Numero_Processo":"54220.00822/2004-67","Jurisdicao":"Federal","Fase":null,"Responsavel":"INCRA","dt_ini":"2013-01-01Z","dt_fim":"2029-10-30Z"}},{"type":"Feature","id":"vw_incra_quilombolas.fid-5c8cc48d_196ac1ca94f_-7a94","geometry":{"type":"MultiPolygon","coordinates":[[[[-51.16785292,-29.91826954],[-51.16786516,-29.91838115],[-51.16788155,-29.91855172],[-51.16792523,-29.91897871],[-51.16793111,-29.91903686],[-51.16793293,-29.9190535],[-51.16817067,-29.91904021],[-51.16815914,-29.91890835],[-51.16813624,-29.91865428],[-51.16812151,-29.91865299],[-51.16812118,-29.91865001],[-51.16812046,-29.91864365],[-51.16800094,-29.91756476],[-51.16777916,-29.91758636],[-51.16777916,-29.91758636],[-51.16779124,-29.91769919],[-51.16785292,-29.91826954]]]]},"geometry_name":"geom","properties":{"id_quilombola":346,"Comunidade":"Chacara Das Rosas","Municipio":"Canoas","Unidade_Federecao":"RS","Numero_Processo":"54220.002770/2005-44","Jurisdicao":"Federal","Fase":null,"Responsavel":"INCRA","dt_ini":"2013-01-01Z","dt_fim":"2029-10-30Z"}},{"type":"Feature","id":"vw_incra_quilombolas.fid-5c8cc48d_196ac1ca94f_-7a93","geometry":{"type":"MultiPolygon","coordinates":[[[[-50.92013877,-30.00675395],[-50.92335918,-30.01201838],[-50.92517831,-30.01492435],[-50.92580687,-30.01249141],[-50.92512049,-30.01086461],[-50.92497759,-30.01045652],[-50.92413515,-30.00913421],[-50.92415409,-30.00754381],[-50.92402531,-30.00686635],[-50.92381631,-30.00532104],[-50.92380473,-30.0046803],[-50.92390873,-30.00469939],[-50.92428588,-30.00502675],[-50.92438915,-30.00495858],[-50.92622854,-30.00374446],[-50.92665526,-30.0034628],[-50.92263314,-29.99874466],[-50.92027746,-30.00033709],[-50.91774809,-30.00172731],[-50.92013877,-30.00675395]]]]},"geometry_name":"geom","properties":{"id_quilombola":388,"Comunidade":"Anastácia","Municipio":"Viamão","Unidade_Federecao":"RS","Numero_Processo":"54220.000082/2005-40","Jurisdicao":"Federal","Fase":"RTID","Responsavel":"INCRA","dt_ini":"2013-01-01Z","dt_fim":"2029-10-30Z"}},{"type":"Feature","id":"vw_incra_quilombolas.fid-5c8cc48d_196ac1ca94f_-7a92","geometry":{"type":"MultiPolygon","coordinates":[[[[-53.23088702,-30.30880397],[-53.23082942,-30.30892969],[-53.22953505,-30.31175418],[-53.22644792,-30.31797701],[-53.22500502,-30.32088148],[-53.22479432,-30.32130559],[-53.22271607,-30.32554183],[-53.22301016,-30.32542498],[-53.22340244,-30.32577031],[-53.22489442,-30.32566784],[-53.22603045,-30.32612943],[-53.22719191,-30.32668132],[-53.22994269,-30.32848658],[-53.23236625,-30.32864692],[-53.23331566,-30.32943104],[-53.23485158,-30.32927351],[-53.2362827,-30.32792982],[-53.23852252,-30.33091247],[-53.24154,-30.33282244],[-53.24259991,-30.33342463],[-53.24348233,-30.33378939],[-53.24387575,-30.3339423],[-53.24463674,-30.33378102],[-53.24527225,-30.33404023],[-53.24537448,-30.33428654],[-53.24546733,-30.33445213],[-53.24576759,-30.33459311],[-53.24587606,-30.33459707],[-53.24595894,-30.33464358],[-53.24635533,-30.33468479],[-53.24643258,-30.33476467],[-53.24657861,-30.33478523],[-53.24673025,-30.33474841],[-53.24770997,-30.33472741],[-53.24789173,-30.33488278],[-53.24801071,-30.33487927],[-53.24811254,-30.33479039],[-53.24867501,-30.33454106],[-53.24886202,-30.33498255],[-53.24944886,-30.33471532],[-53.2510175,-30.33531526],[-53.25268369,-30.33544337],[-53.25285865,-30.33526943],[-53.2531859,-30.33467943],[-53.25257741,-30.33097227],[-53.25246697,-30.33031094],[-53.25228366,-30.32924457],[-53.25166373,-30.32793933],[-53.25202935,-30.32743073],[-53.25353536,-30.32779851],[-53.25365943,-30.32714704],[-53.25365398,-30.32668111],[-53.25363747,-30.32526773],[-53.25323933,-30.32450412],[-53.252152,-30.32252456],[-53.25113961,-30.3183122],[-53.25014069,-30.31679561],[-53.25027426,-30.31557713],[-53.24998511,-30.31362644],[-53.24933293,-30.3127954],[-53.24527069,-30.30971632],[-53.2443251,-30.30897912],[-53.24169182,-30.30798756],[-53.23996459,-30.30795554],[-53.23860945,-30.30816182],[-53.23777463,-30.30839911],[-53.2365884,-30.30906409],[-53.23588489,-30.30931563],[-53.23533578,-30.30920767],[-53.2348785,-30.3099079],[-53.23327738,-30.30986999],[-53.23236406,-30.30971103],[-53.23088702,-30.30880397]]]]},"geometry_name":"geom","properties":{"id_quilombola":371,"Comunidade":"Cambara","Municipio":"Cachoeira Do Sul","Unidade_Federecao":"RS","Numero_Processo":"54220.001249/2006-71","Jurisdicao":"Federal","Fase":null,"Responsavel":"INCRA","dt_ini":"2013-01-01Z","dt_fim":"2029-10-30Z"}},{"type":"Feature","id":"vw_incra_quilombolas.fid-5c8cc48d_196ac1ca94f_-7a91","geometry":{"type":"MultiPolygon","coordinates":[[[[-53.03706619,-29.16069885],[-53.0359445,-29.1606952],[-53.03548501,-29.16056964],[-53.03520666,-29.16021272],[-53.03487939,-29.15996923],[-53.03427964,-29.16122967],[-53.03394887,-29.16261188],[-53.03570265,-29.16245835],[-53.03625307,-29.16250873],[-53.03666083,-29.16160856],[-53.03686221,-29.16115633],[-53.03706619,-29.16069885]]]]},"geometry_name":"geom","properties":{"id_quilombola":374,"Comunidade":"Linha Fão","Municipio":"Arroio Do Tigre","Unidade_Federecao":"RS","Numero_Processo":"54220.001413/2006-40","Jurisdicao":"Federal","Fase":"RTID","Responsavel":"INCRA","dt_ini":"2013-01-01Z","dt_fim":"2029-10-30Z"}},{"type":"Feature","id":"vw_incra_quilombolas.fid-5c8cc48d_196ac1ca94f_-7a90","geometry":{"type":"MultiPolygon","coordinates":[[[[-52.99672489,-29.10652322],[-52.99551608,-29.1052572],[-52.99265139,-29.10044198],[-52.99146039,-29.09928651],[-52.99114425,-29.09953033],[-52.99085241,-29.09977909],[-52.99063577,-29.09984608],[-52.99027871,-29.09985138],[-52.98997354,-29.10003657],[-52.98976602,-29.10026283],[-52.98962691,-29.10058372],[-52.9895562,-29.10099925],[-52.98941597,-29.1012617],[-52.98927706,-29.10139285],[-52.98893845,-29.10141381],[-52.9886973,-29.10146522],[-52.98860465,-29.10168445],[-52.9886082,-29.1021839],[-52.98850787,-29.10231823],[-52.98827511,-29.10249172],[-52.98776024,-29.1025435],[-52.98716983,-29.10256076],[-52.98630005,-29.10257087],[-52.98629568,-29.10278824],[-52.98640126,-29.10295154],[-52.98657325,-29.10301643],[-52.98664369,-29.10312779],[-52.98693588,-29.10322837],[-52.98709407,-29.10390794],[-52.98726998,-29.10441884],[-52.98758734,-29.10470488],[-52.98795634,-29.105225],[-52.98807449,-29.10559792],[-52.98789436,-29.10599775],[-52.98764227,-29.10622878],[-52.987554,-29.10652233],[-52.98741193,-29.1066818],[-52.9873824,-29.10692203],[-52.98717882,-29.10743461],[-52.98704394,-29.10796865],[-52.98690736,-29.10896936],[-52.98682398,-29.1097164],[-52.98670188,-29.11006687],[-52.98683774,-29.11043237],[-52.98744497,-29.11074377],[-52.98773876,-29.11094673],[-52.98814148,-29.11147507],[-52.98845378,-29.11191491],[-52.98874233,-29.11243658],[-52.9889586,-29.11269481],[-52.98905327,-29.1127897],[-52.98903967,-29.11296028],[-52.9892456,-29.11313501],[-52.98945882,-29.11325037],[-52.98963784,-29.11378107],[-52.98966457,-29.11429445],[-52.98963321,-29.1148579],[-52.9894228,-29.11532771],[-52.98939789,-29.11578736],[-52.98943421,-29.11592016],[-52.98937297,-29.11624701],[-52.98917076,-29.11672678],[-52.98887238,-29.11744976],[-52.98882771,-29.1175158],[-52.98848228,-29.11842496],[-52.98809843,-29.11866607],[-52.98795531,-29.11891985],[-52.98785511,-29.11948148],[-52.98775542,-29.12008613],[-52.9876654,-29.12069631],[-52.98762408,-29.121446],[-52.98761445,-29.12238782],[-52.9877724,-29.12290503],[-52.98801908,-29.12322609],[-52.98859503,-29.12340598],[-52.98930222,-29.12338649],[-52.98991489,-29.1232514],[-52.99034825,-29.122858],[-52.99042022,-29.12233497],[-52.99040601,-29.12159725],[-52.99058204,-29.12115367],[-52.99104754,-29.12083178],[-52.99156567,-29.1205811],[-52.99212741,-29.12046476],[-52.99273284,-29.12009377],[-52.99352433,-29.11969799],[-52.99409564,-29.11942256],[-52.99466598,-29.11909709],[-52.99493312,-29.11882062],[-52.99529602,-29.11858165],[-52.99556178,-29.11847341],[-52.99593023,-29.11835359],[-52.99619392,-29.11799789],[-52.9965065,-29.1175799],[-52.9968398,-29.11719678],[-52.99714389,-29.11685806],[-52.99749942,-29.11658893],[-52.99771811,-29.11649773],[-52.99812051,-29.11657967],[-52.99855381,-29.11670513],[-52.99876656,-29.11682508],[-52.99899511,-29.1172438],[-52.99917826,-29.11744549],[-52.9992898,-29.11761169],[-52.99978032,-29.11733219],[-53.00000136,-29.11698114],[-52.9998528,-29.11647043],[-52.99967571,-29.116021],[-52.9996898,-29.1157252],[-53.0000582,-29.1153111],[-53.00062986,-29.11516347],[-53.00108839,-29.11480019],[-53.00144537,-29.11430801],[-53.00159759,-29.11391947],[-53.00181458,-29.11335983],[-53.00218599,-29.11310217],[-53.00257923,-29.1129485],[-53.00278196,-29.11267597],[-53.00270591,-29.11232935],[-53.002341,-29.11190012],[-53.00214542,-29.11151698],[-53.00189952,-29.11109466],[-53.00165379,-29.11068103],[-53.00150725,-29.11027461],[-53.00148456,-29.10961423],[-53.0014777,-29.1090336],[-53.00141816,-29.10874292],[-53.00054727,-29.1086967],[-52.99927236,-29.10540303],[-52.99917831,-29.10530346],[-52.99672489,-29.10652322]]]]},"geometry_name":"geom","properties":{"id_quilombola":379,"Comunidade":"Rincao Dos Caixoes","Municipio":"Jacuizinho","Unidade_Federecao":"RS","Numero_Processo":"54220.001415/2006-39","Jurisdicao":"Federal","Fase":null,"Responsavel":"INCRA","dt_ini":"2013-01-01Z","dt_fim":"2029-10-30Z"}},{"type":"Feature","id":"vw_incra_quilombolas.fid-5c8cc48d_196ac1ca94f_-7a8f","geometry":{"type":"MultiPolygon","coordinates":[[[[-53.55046051,-29.73861865],[-53.53203986,-29.74361703],[-53.53248303,-29.74509614],[-53.53562204,-29.75194135],[-53.53577202,-29.75191149],[-53.53596668,-29.75157668],[-53.535846,-29.7514597],[-53.53595472,-29.75121187],[-53.5363936,-29.75115742],[-53.53673303,-29.75098506],[-53.5367576,-29.75094605],[-53.53698221,-29.75058951],[-53.53705897,-29.75030244],[-53.53884215,-29.7492715],[-53.5428194,-29.75377432],[-53.54278004,-29.75602135],[-53.54406357,-29.75635145],[-53.54712703,-29.75718758],[-53.55176087,-29.75835567],[-53.55180298,-29.75833785],[-53.55161102,-29.75729648],[-53.55232978,-29.74480976],[-53.55261649,-29.7404893],[-53.55025759,-29.74126784],[-53.55046051,-29.73861865]]],[[[-53.53698266,-29.75290206],[-53.53595446,-29.7529934],[-53.53605914,-29.75389059],[-53.53708735,-29.75379924],[-53.53698266,-29.75290206]]]]},"geometry_name":"geom","properties":{"id_quilombola":382,"Comunidade":"Arnesto Penna","Municipio":"Santa Maria","Unidade_Federecao":"RS","Numero_Processo":"54220.001228/2006-55","Jurisdicao":"Federal","Fase":"RTID","Responsavel":"INCRA","dt_ini":"2013-01-01Z","dt_fim":"2029-10-30Z"}},{"type":"Feature","id":"vw_incra_quilombolas.fid-5c8cc48d_196ac1ca94f_-7a8e","geometry":{"type":"MultiPolygon","coordinates":[[[[-50.22349404,-29.72570507],[-50.19868869,-29.72111735],[-50.1846374,-29.72051308],[-50.1841796,-29.72058796],[-50.18294652,-29.72203791],[-50.18245796,-29.72427497],[-50.18141586,-29.72547222],[-50.17941666,-29.72639541],[-50.17691219,-29.7267662],[-50.17558778,-29.72648948],[-50.17398785,-29.72454384],[-50.16846593,-29.72634819],[-50.16637382,-29.72983934],[-50.16638458,-29.73111448],[-50.16551987,-29.73227265],[-50.16088621,-29.73539643],[-50.15844396,-29.73610838],[-50.15446327,-29.7370461],[-50.14419139,-29.74328764],[-50.1376695,-29.74236885],[-50.13609099,-29.73848877],[-50.14075033,-29.73069769],[-50.1420169,-29.72940593],[-50.14489071,-29.72792305],[-50.14361745,-29.72743941],[-50.14273337,-29.72804158],[-50.14173427,-29.72850059],[-50.14114144,-29.72868924],[-50.13711486,-29.7296772],[-50.13468558,-29.73279057],[-50.13330394,-29.73340305],[-50.13273448,-29.73377943],[-50.13245758,-29.73414978],[-50.13208104,-29.73442048],[-50.13198978,-29.73502768],[-50.13185468,-29.73524952],[-50.13023819,-29.73706943],[-50.12770215,-29.73978272],[-50.12555801,-29.74192552],[-50.12381713,-29.74347938],[-50.12238579,-29.74452639],[-50.12184975,-29.74500708],[-50.12151209,-29.74546976],[-50.12132731,-29.74633263],[-50.12229888,-29.75285164],[-50.12377724,-29.75625895],[-50.12393666,-29.75690787],[-50.12236872,-29.76169152],[-50.12173989,-29.76277885],[-50.12162684,-29.76372692],[-50.12166462,-29.76468421],[-50.12193538,-29.76658556],[-50.12253004,-29.76794993],[-50.12539749,-29.7684317],[-50.12687935,-29.76875274],[-50.12834362,-29.76918212],[-50.14774087,-29.77553548],[-50.1507489,-29.77622805],[-50.15245462,-29.77642909],[-50.15245358,-29.77688071],[-50.15219293,-29.77785847],[-50.15178424,-29.77878689],[-50.15192451,-29.77934018],[-50.15148013,-29.78029256],[-50.15138959,-29.78067534],[-50.15151356,-29.78159211],[-50.15108409,-29.7822707],[-50.1504809,-29.78588047],[-50.16108533,-29.78878825],[-50.16532325,-29.78859759],[-50.16725429,-29.78913806],[-50.17306627,-29.78720892],[-50.17732034,-29.78524059],[-50.17850566,-29.78588189],[-50.1817966,-29.78609755],[-50.18753329,-29.78361087],[-50.19058102,-29.78133952],[-50.19442871,-29.77635127],[-50.19363498,-29.77255227],[-50.19902152,-29.76786547],[-50.20086604,-29.76405945],[-50.20223715,-29.7603925],[-50.20199672,-29.75838986],[-50.2026288,-29.75822897],[-50.20414484,-29.7567783],[-50.20491022,-29.75674915],[-50.20525432,-29.75643518],[-50.2066557,-29.75461604],[-50.20703657,-29.75416195],[-50.20735581,-29.75353413],[-50.20845786,-29.75270966],[-50.20916497,-29.75210194],[-50.2097507,-29.75145017],[-50.21027227,-29.75109185],[-50.21044156,-29.75072285],[-50.21082405,-29.75037552],[-50.21117135,-29.7502545],[-50.21089263,-29.74898733],[-50.21065622,-29.74725736],[-50.2097268,-29.74439672],[-50.20981784,-29.74353542],[-50.20967349,-29.74263617],[-50.21118313,-29.74093873],[-50.21281173,-29.73880889],[-50.21378469,-29.73805454],[-50.21684728,-29.73807269],[-50.2187483,-29.73819656],[-50.21994312,-29.73795028],[-50.22194962,-29.73694864],[-50.22354987,-29.73656872],[-50.22349404,-29.72570507]]]]},"geometry_name":"geom","properties":{"id_quilombola":389,"Comunidade":"Morro Alto","Municipio":"Maquine/Osorio","Unidade_Federecao":"RS","Numero_Processo":"54220.001201/2004-09","Jurisdicao":"Federal","Fase":null,"Responsavel":"INCRA","dt_ini":"2013-01-01Z","dt_fim":"2029-10-30Z"}},{"type":"Feature","id":"vw_incra_quilombolas.fid-5c8cc48d_196ac1ca94f_-7a8d","geometry":{"type":"MultiPolygon","coordinates":[[[[-51.22432771,-30.04500824],[-51.22436385,-30.0454283],[-51.22449473,-30.04544313],[-51.22449723,-30.04546175],[-51.22455707,-30.04545949],[-51.22455355,-30.0454347],[-51.22461013,-30.04542968],[-51.22461174,-30.0454514],[-51.2246694,-30.04544519],[-51.22474169,-30.04546602],[-51.22485209,-30.04546152],[-51.2249921,-30.04548165],[-51.22500393,-30.04531174],[-51.22552631,-30.04534979],[-51.22552368,-30.04527656],[-51.22555401,-30.04522268],[-51.22556578,-30.04509061],[-51.22432771,-30.04500824]]]]},"geometry_name":"geom","properties":{"id_quilombola":394,"Comunidade":"Areal Luiz Da Guaranha","Municipio":"Porto Alegre","Unidade_Federecao":"RS","Numero_Processo":"54220.000401/2005-17","Jurisdicao":"Federal","Fase":"PORTARIA","Responsavel":"INCRA","dt_ini":"2013-01-01Z","dt_fim":"2029-10-30Z"}},{"type":"Feature","id":"vw_incra_quilombolas.fid-5c8cc48d_196ac1ca94f_-7a8c","geometry":{"type":"MultiPolygon","coordinates":[[[[-52.37773122,-28.0574],[-52.37736892,-28.0578675],[-52.37698955,-28.05852418],[-52.37678301,-28.05904163],[-52.37638124,-28.059458],[-52.37583822,-28.05987296],[-52.37503887,-28.06000999],[-52.37424276,-28.06037932],[-52.37360821,-28.06086329],[-52.37289894,-28.0614567],[-52.37282273,-28.06190837],[-52.37273064,-28.06620808],[-52.37274708,-28.06830189],[-52.3735594,-28.0681674],[-52.3744115,-28.06796031],[-52.37669331,-28.06895735],[-52.3773971,-28.06829141],[-52.37788044,-28.06798074],[-52.37830307,-28.06772456],[-52.37864168,-28.06744469],[-52.37913181,-28.06722571],[-52.38019489,-28.06694741],[-52.38098888,-28.06686816],[-52.38153545,-28.06726278],[-52.38171887,-28.06768906],[-52.38282921,-28.06803837],[-52.38364183,-28.06797372],[-52.3844747,-28.06848357],[-52.38479419,-28.06943064],[-52.38516377,-28.07010193],[-52.38646309,-28.07111384],[-52.38747601,-28.07168253],[-52.38824324,-28.07278191],[-52.38866789,-28.07299013],[-52.38918316,-28.07352893],[-52.38977016,-28.07447814],[-52.3911749,-28.07226817],[-52.39124391,-28.07209599],[-52.3916024,-28.07148763],[-52.39221081,-28.07053376],[-52.39387768,-28.06723148],[-52.39461001,-28.06642076],[-52.39529661,-28.06522238],[-52.39521758,-28.06461846],[-52.39359131,-28.06475232],[-52.39320227,-28.06062249],[-52.39326445,-28.05913262],[-52.39328827,-28.05782364],[-52.39356103,-28.05451746],[-52.39384188,-28.05262823],[-52.39392249,-28.051779],[-52.39398259,-28.05170618],[-52.39436134,-28.05109761],[-52.39465193,-28.05044712],[-52.39500043,-28.05001183],[-52.39550352,-28.04953578],[-52.39631801,-28.04917427],[-52.39562522,-28.04867119],[-52.39488648,-28.04803114],[-52.39403837,-28.0475099],[-52.39341814,-28.04745741],[-52.39253267,-28.0474664],[-52.39103152,-28.04777593],[-52.38975057,-28.0480047],[-52.3888891,-28.04815085],[-52.38814001,-28.04843315],[-52.38670702,-28.04887924],[-52.38510693,-28.04976151],[-52.38434382,-28.05023099],[-52.38304022,-28.05063728],[-52.3823149,-28.05145338],[-52.38229019,-28.05197256],[-52.38224151,-28.05247878],[-52.38215468,-28.05288747],[-52.38225362,-28.05342481],[-52.38187051,-28.05368974],[-52.38048935,-28.05359599],[-52.37957655,-28.0543461],[-52.37886935,-28.05504132],[-52.37865481,-28.05552802],[-52.37843099,-28.05603577],[-52.37814881,-28.05670863],[-52.37773122,-28.0574]]]]},"geometry_name":"geom","properties":{"id_quilombola":403,"Comunidade":"Arvinha","Municipio":"Sertao","Unidade_Federecao":"RS","Numero_Processo":"54220.001305/2005-96","Jurisdicao":"Federal","Fase":null,"Responsavel":"INCRA","dt_ini":"2013-01-01Z","dt_fim":"2029-10-30Z"}},{"type":"Feature","id":"vw_incra_quilombolas.fid-5c8cc48d_196ac1ca94f_-7a8b","geometry":{"type":"MultiPolygon","coordinates":[[[[-53.41879471,-30.29028096],[-53.41794051,-30.29117415],[-53.41793003,-30.2911665],[-53.41789027,-30.29122334],[-53.41788263,-30.29122988],[-53.41787187,-30.29124046],[-53.4178616,-30.29125391],[-53.41784843,-30.29125081],[-53.41784829,-30.29125352],[-53.41784441,-30.29125639],[-53.41781513,-30.29124502],[-53.41781059,-30.29124204],[-53.41779726,-30.29123669],[-53.417786,-30.29123546],[-53.41778016,-30.29123881],[-53.41776858,-30.29124128],[-53.41775989,-30.29124325],[-53.41775518,-30.2912501],[-53.41774545,-30.29125623],[-53.41773823,-30.29126277],[-53.41772687,-30.29126551],[-53.41771301,-30.29126829],[-53.41769335,-30.29127614],[-53.41765381,-30.2912959],[-53.41741274,-30.29135836],[-53.41740035,-30.29136995],[-53.41738741,-30.29136803],[-53.41737437,-30.29137025],[-53.41734886,-30.29137271],[-53.41729827,-30.29138672],[-53.41726263,-30.29138711],[-53.41724967,-30.29139267],[-53.41723701,-30.29139778],[-53.41720909,-30.2914037],[-53.41718433,-30.29141544],[-53.41717262,-30.29142981],[-53.41712654,-30.29144537],[-53.41709822,-30.29146042],[-53.41706886,-30.29147115],[-53.41704294,-30.29147794],[-53.41703189,-30.29149366],[-53.41701586,-30.29150974],[-53.41700337,-30.29151737],[-53.41698142,-30.29158435],[-53.41615795,-30.29192185],[-53.41588019,-30.29226849],[-53.4158451,-30.29227455],[-53.41580622,-30.29227021],[-53.41576465,-30.29225339],[-53.41573313,-30.29224387],[-53.41569459,-30.29225766],[-53.41566845,-30.29225977],[-53.41563602,-30.29226001],[-53.41544075,-30.29233785],[-53.41434375,-30.29290689],[-53.41321701,-30.29341685],[-53.41696656,-30.29576613],[-53.41719703,-30.29356842],[-53.41797682,-30.29268302],[-53.4183155,-30.29227355],[-53.41862174,-30.29180903],[-53.41892789,-30.2913446],[-53.41893693,-30.29110756],[-53.41886964,-30.29081385],[-53.41885924,-30.29053008],[-53.41879471,-30.29028096]]]]},"geometry_name":"geom","properties":{"id_quilombola":405,"Comunidade":"Picada Das Vassouras - Área 01","Municipio":"Caçapava Do Sul","Unidade_Federecao":"RS","Numero_Processo":"54220.001738/2007-11","Jurisdicao":"Federal","Fase":"RTID","Responsavel":"INCRA","dt_ini":"2013-01-01Z","dt_fim":"2029-10-30Z"}},{"type":"Feature","id":"vw_incra_quilombolas.fid-5c8cc48d_196ac1ca94f_-7a8a","geometry":{"type":"MultiPolygon","coordinates":[[[[-53.36710095,-29.78411829],[-53.37829048,-29.7906931],[-53.37838956,-29.79071044],[-53.37854461,-29.79068095],[-53.37863066,-29.79048861],[-53.37867395,-29.79027728],[-53.37881215,-29.7898896],[-53.37900756,-29.78984332],[-53.37940332,-29.78996456],[-53.37985234,-29.79025606],[-53.38025115,-29.7905057],[-53.38050072,-29.79067243],[-53.38092341,-29.79076025],[-53.38118387,-29.79059607],[-53.38117422,-29.79018868],[-53.38092138,-29.789766],[-53.38076596,-29.78942646],[-53.38075887,-29.789127],[-53.38104934,-29.78895055],[-53.38134092,-29.78881693],[-53.3815353,-29.78872782],[-53.38157731,-29.78842748],[-53.38142392,-29.78817342],[-53.38112019,-29.7877937],[-53.38096893,-29.7876253],[-53.38102543,-29.78733841],[-53.38100087,-29.78716168],[-53.3808535,-29.78689975],[-53.38055281,-29.78664843],[-53.38039842,-29.78635154],[-53.38039538,-29.78622322],[-53.38014177,-29.78588545],[-53.38003658,-29.78558776],[-53.37997735,-29.78516078],[-53.37997128,-29.78490416],[-53.3799652,-29.78464744],[-53.38018468,-29.78446523],[-53.38046842,-29.78442467],[-53.38085461,-29.78441772],[-53.38123703,-29.78425134],[-53.38131529,-29.78393131],[-53.37671252,-29.78122237],[-53.37801048,-29.78030135],[-53.37628022,-29.77925537],[-53.37498921,-29.780208],[-53.37273101,-29.77887873],[-53.37124095,-29.78078968],[-53.3699542,-29.78159695],[-53.36948029,-29.78190954],[-53.367909,-29.78286082],[-53.36826045,-29.78315284],[-53.36710095,-29.78411829]]]]},"geometry_name":"geom","properties":{"id_quilombola":411,"Comunidade":"Rincao Dos Martimianos","Municipio":"Restinga Seca","Unidade_Federecao":"RS","Numero_Processo":"54220.000258/2005-63","Jurisdicao":"Federal","Fase":"TITULO PARCIAL","Responsavel":"INCRA","dt_ini":"2013-01-01Z","dt_fim":"2029-10-30Z"}},{"type":"Feature","id":"vw_incra_quilombolas.fid-5c8cc48d_196ac1ca94f_-7a89","geometry":{"type":"MultiPolygon","coordinates":[[[[-53.03530282,-29.1725997],[-53.03536084,-29.17261021],[-53.0354762,-29.17151762],[-53.03566873,-29.17114048],[-53.03492691,-29.17164937],[-53.03452606,-29.17210635],[-53.03249157,-29.17318296],[-53.0321959,-29.17320953],[-53.03184532,-29.1753102],[-53.0322902,-29.17555885],[-53.03261944,-29.17570543],[-53.0327736,-29.17550782],[-53.03304998,-29.17515351],[-53.03385241,-29.17424046],[-53.03410199,-29.17398358],[-53.03530282,-29.1725997]]]]},"geometry_name":"geom","properties":{"id_quilombola":422,"Comunidade":"Linha Fão","Municipio":"Arroio Do Tigre","Unidade_Federecao":"RS","Numero_Processo":"54220001413/2006-40","Jurisdicao":"Federal","Fase":"RTID","Responsavel":"INCRA","dt_ini":"2013-01-01Z","dt_fim":"2029-10-30Z"}}],"totalFeatures":42,"numberMatched":42,"numberReturned":42,"timeStamp":"2025-05-07T18:58:09.964Z","crs":{"type":"name","properties":{"name":"urn:ogc:def:crs:EPSG::4674"}}}