{
"type": "FeatureCollection",
"name": "Regioes_hidrograficas",
"crs": { "type": "name", "properties": { "name": "urn:ogc:def:crs:OGC:1.3:CRS84" } },
"features": [
{ "type": "Feature", "properties": { "GmlID": "limite_regioes_hidrograficas.1", "OBJECTID": 1, "Regiao": "Guaíba", "st_area_shape_": 7.93278577, "st_perimeter_shape_": 18.91904623 }, "geometry": { "type": "MultiPolygon", "coordinates": [ [ [ [ -53.14328961, -28.14487362 ], [ -53.1446578, -28.14065007 ], [ -53.14721572, -28.13856804 ], [ -53.15518691, -28.13910342 ], [ -53.15883939, -28.1409594 ], [ -53.1605526, -28.14410029 ], [ -53.16876174, -28.14659873 ], [ -53.17275923, -28.14973961 ], [ -53.18981997, -28.1520239 ], [ -53.19360331, -28.15487925 ], [ -53.19752942, -28.15452233 ], [ -53.20895245, -28.16255241 ], [ -53.2118078, -28.16188616 ], [ -53.21109416, -28.15843437 ], [ -53.21330606, -28.16596842 ], [ -53.22103931, -28.17495896 ], [ -53.22538182, -28.17656509 ], [ -53.22942691, -28.18923572 ], [ -53.23287713, -28.19328081 ], [ -53.23323405, -28.19756384 ], [ -53.23989654, -28.20369095 ], [ -53.24191908, -28.21154317 ], [ -53.24513135, -28.21558825 ], [ -53.24287086, -28.22088255 ], [ -53.24370368, -28.2312927 ], [ -53.24156216, -28.2348024 ], [ -53.24548827, -28.23819313 ], [ -53.24774876, -28.24800841 ], [ -53.25203179, -28.25395706 ], [ -53.25119898, -28.2639508 ], [ -53.25268614, -28.27073226 ], [ -53.26273936, -28.28274854 ], [ -53.27005621, -28.28834027 ], [ -53.28135865, -28.30356882 ], [ -53.28534424, -28.3129677 ], [ -53.28504681, -28.32302092 ], [ -53.27826535, -28.33682179 ], [ -53.27790843, -28.3438412 ], [ -53.26160912, -28.3606164 ], [ -53.25928914, -28.36561327 ], [ -53.25381638, -28.3676953 ], [ -53.24465546, -28.38066336 ], [ -53.25030668, -28.38726637 ], [ -53.25744506, -28.39053812 ], [ -53.26880699, -28.4003534 ], [ -53.26993723, -28.40570719 ], [ -53.27451769, -28.41022816 ], [ -53.28034737, -28.42908539 ], [ -53.2873073, -28.42825258 ], [ -53.29474311, -28.42486185 ], [ -53.30289277, -28.42646799 ], [ -53.30818707, -28.42236341 ], [ -53.3128865, -28.42819309 ], [ -53.31937054, -28.42688439 ], [ -53.32145256, -28.43110793 ], [ -53.32121462, -28.43723505 ], [ -53.32466484, -28.441875 ], [ -53.3323386, -28.44092321 ], [ -53.33566984, -28.44467086 ], [ -53.34631793, -28.44728827 ], [ -53.35208812, -28.45169027 ], [ -53.35910753, -28.45234462 ], [ -53.36166545, -28.44895389 ], [ -53.36386646, -28.44919184 ], [ -53.36600797, -28.45508838 ], [ -53.365889, -28.46079171 ], [ -53.36993408, -28.4674542 ], [ -53.3751689, -28.4692388 ], [ -53.37629914, -28.47346234 ], [ -53.38379444, -28.46911982 ], [ -53.39807121, -28.4723321 ], [ -53.40045067, -28.47756691 ], [ -53.4029491, -28.47905407 ], [ -53.42180633, -28.48066021 ], [ -53.42394785, -28.47958945 ], [ -53.42656525, -28.47423566 ], [ -53.43394158, -28.47126134 ], [ -53.43507183, -28.46870342 ], [ -53.43715386, -28.4692388 ], [ -53.44161534, -28.47221312 ], [ -53.44387583, -28.47685307 ], [ -53.45125216, -28.48393197 ], [ -53.46118641, -28.4873227 ], [ -53.45987771, -28.49214111 ], [ -53.45517827, -28.49922001 ], [ -53.45589211, -28.50243228 ], [ -53.44946757, -28.50974912 ], [ -53.44893219, -28.51266396 ], [ -53.44940809, -28.51486497 ], [ -53.45785517, -28.52117053 ], [ -53.46326844, -28.527952 ], [ -53.46392279, -28.53663703 ], [ -53.46219768, -28.54199082 ], [ -53.45690338, -28.54746358 ], [ -53.45773619, -28.55186558 ], [ -53.46814633, -28.55472093 ], [ -53.47100169, -28.55287685 ], [ -53.47415447, -28.55382864 ], [ -53.47605804, -28.55781423 ], [ -53.48509999, -28.56685618 ], [ -53.48961715, -28.56671038 ], [ -53.49622397, -28.56352494 ], [ -53.50110187, -28.56685618 ], [ -53.51240431, -28.5703064 ], [ -53.5150812, -28.57458943 ], [ -53.52210061, -28.5751843 ], [ -53.52513442, -28.58226319 ], [ -53.53149948, -28.58624879 ], [ -53.53310562, -28.60231015 ], [ -53.54488395, -28.61331516 ], [ -53.55095158, -28.61611103 ], [ -53.55327155, -28.61456438 ], [ -53.56362221, -28.61515924 ], [ -53.56802421, -28.61926381 ], [ -53.57297175, -28.61720148 ], [ -53.57847361, -28.61774806 ], [ -53.58007579, -28.62277313 ], [ -53.58914193, -28.62574784 ], [ -53.59122395, -28.63133958 ], [ -53.59669672, -28.63342161 ], [ -53.59765937, -28.63536245 ], [ -53.59482112, -28.6408325 ], [ -53.60232245, -28.6442047 ], [ -53.60407304, -28.64650864 ], [ -53.6126391, -28.67762009 ], [ -53.62864098, -28.69844038 ], [ -53.62881944, -28.70444852 ], [ -53.62710537, -28.70760589 ], [ -53.62356318, -28.70917708 ], [ -53.62362302, -28.71149701 ], [ -53.62933504, -28.72059744 ], [ -53.6380807, -28.7288646 ], [ -53.64339364, -28.74002146 ], [ -53.64369107, -28.74834957 ], [ -53.64898537, -28.75328695 ], [ -53.65493402, -28.75459566 ], [ -53.66647441, -28.76209096 ], [ -53.66885387, -28.7680991 ], [ -53.67361279, -28.76994318 ], [ -53.6766466, -28.7742857 ], [ -53.68741367, -28.78124562 ], [ -53.69095306, -28.79058282 ], [ -53.69953987, -28.79714468 ], [ -53.70406091, -28.79803627 ], [ -53.70381689, -28.80405906 ], [ -53.70067916, -28.81009659 ], [ -53.71186263, -28.82883484 ], [ -53.71602668, -28.84061317 ], [ -53.71590771, -28.84430134 ], [ -53.72060715, -28.84781104 ], [ -53.71959588, -28.85298637 ], [ -53.72602042, -28.85899451 ], [ -53.72703169, -28.86541905 ], [ -53.72588338, -28.86849758 ], [ -53.73268291, -28.88052863 ], [ -53.73232972, -28.88351279 ], [ -53.73750551, -28.88702165 ], [ -53.74131239, -28.88571238 ], [ -53.7431566, -28.88666387 ], [ -53.74184384, -28.89653051 ], [ -53.75600163, -28.92103896 ], [ -53.7640918, -28.93977721 ], [ -53.76284258, -28.9420377 ], [ -53.75915442, -28.94364383 ], [ -53.75768117, -28.95227429 ], [ -53.75249192, -28.95518422 ], [ -53.75304248, -28.96006763 ], [ -53.7615501, -28.96768048 ], [ -53.76422674, -28.96625241 ], [ -53.76374972, -28.95887627 ], [ -53.76714009, -28.95685324 ], [ -53.77933511, -28.95982565 ], [ -53.78028713, -28.9614911 ], [ -53.77767013, -28.96387092 ], [ -53.77826514, -28.96488209 ], [ -53.78617688, -28.96583264 ], [ -53.78373872, -28.97071084 ], [ -53.78653479, -28.97231652 ], [ -53.78736801, -28.97505274 ], [ -53.79354916, -28.97524848 ], [ -53.79466787, -28.98457056 ], [ -53.79740425, -28.98885359 ], [ -53.79603606, -28.99337457 ], [ -53.78943306, -28.99515917 ], [ -53.78901665, -29.00051295 ], [ -53.80156831, -29.01175591 ], [ -53.80983694, -29.01657431 ], [ -53.82399473, -29.03691871 ], [ -53.82607676, -29.04375966 ], [ -53.8307167, -29.04661501 ], [ -53.83975866, -29.05773899 ], [ -53.84249504, -29.06493686 ], [ -53.84824993, -29.06861385 ], [ -53.8487228, -29.07064619 ], [ -53.84624, -29.06952 ], [ -53.836801, -29.075172 ], [ -53.834314, -29.085433 ], [ -53.814346, -29.090013 ], [ -53.80253, -29.098572 ], [ -53.79705031, -29.10001368 ], [ -53.79509039, -29.10348122 ], [ -53.796251, -29.113501 ], [ -53.793053, -29.126506 ], [ -53.784144, -29.133312 ], [ -53.78122738, -29.14011706 ], [ -53.77685168, -29.14195144 ], [ -53.780382, -29.145881 ], [ -53.775179, -29.156203 ], [ -53.76766, -29.160919 ], [ -53.76227748, -29.16170096 ], [ -53.76007648, -29.15771537 ], [ -53.75168888, -29.1536108 ], [ -53.74282539, -29.15396771 ], [ -53.73979158, -29.16146302 ], [ -53.72551481, -29.17758387 ], [ -53.71807899, -29.18014179 ], [ -53.7061222, -29.18811298 ], [ -53.7013038, -29.18728017 ], [ -53.69898382, -29.19019501 ], [ -53.69315414, -29.19174166 ], [ -53.68934577, -29.19516402 ], [ -53.6865499, -29.20069626 ], [ -53.68881039, -29.20908386 ], [ -53.68440839, -29.21788787 ], [ -53.68458685, -29.22562112 ], [ -53.68190995, -29.22978517 ], [ -53.67881665, -29.23192669 ], [ -53.65847226, -29.23543639 ], [ -53.66055429, -29.23811329 ], [ -53.65942405, -29.2398384 ], [ -53.64247039, -29.24340759 ], [ -53.64273683, -29.24672501 ], [ -53.64904622, -29.24859002 ], [ -53.65588656, -29.25449577 ], [ -53.65667725, -29.25915527 ], [ -53.65990251, -29.25953554 ], [ -53.65951763, -29.26196517 ], [ -53.66215635, -29.26317145 ], [ -53.66428731, -29.26755052 ], [ -53.66727884, -29.2673632 ], [ -53.66959743, -29.28097093 ], [ -53.66771968, -29.28952989 ], [ -53.66870113, -29.2945521 ], [ -53.68130883, -29.31216788 ], [ -53.68423073, -29.31188665 ], [ -53.68588575, -29.31584972 ], [ -53.68097254, -29.32290798 ], [ -53.68137458, -29.32829486 ], [ -53.67567756, -29.33075823 ], [ -53.67369576, -29.34238694 ], [ -53.6869712, -29.3544109 ], [ -53.68923645, -29.36560389 ], [ -53.68785861, -29.36892415 ], [ -53.67923306, -29.37267181 ], [ -53.67857871, -29.37552716 ], [ -53.68077971, -29.37802559 ], [ -53.67958998, -29.38022659 ], [ -53.67514472, -29.38159472 ], [ -53.67051438, -29.37778164 ], [ -53.67006468, -29.38324218 ], [ -53.67358184, -29.38486654 ], [ -53.67447414, -29.38932803 ], [ -53.67235582, -29.39461148 ], [ -53.66915032, -29.39424451 ], [ -53.66791964, -29.40761073 ], [ -53.66819836, -29.40993211 ], [ -53.67037955, -29.41058469 ], [ -53.67221365, -29.41413391 ], [ -53.67311835, -29.41783615 ], [ -53.67184771, -29.41970376 ], [ -53.68035162, -29.44293792 ], [ -53.68353825, -29.44478796 ], [ -53.68363506, -29.44851712 ], [ -53.68678785, -29.45053967 ], [ -53.68791809, -29.45381142 ], [ -53.69541339, -29.45428732 ], [ -53.69654364, -29.45696421 ], [ -53.69600826, -29.45910572 ], [ -53.68732323, -29.46660103 ], [ -53.68809655, -29.48159163 ], [ -53.68341698, -29.48970656 ], [ -53.75617491, -29.54630552 ], [ -53.76381269, -29.55967817 ], [ -53.76857467, -29.56225553 ], [ -53.77902526, -29.56337864 ], [ -53.78275626, -29.5654916 ], [ -53.78540222, -29.57369598 ], [ -53.78337033, -29.58523998 ], [ -53.79418625, -29.58579446 ], [ -53.79344495, -29.5905038 ], [ -53.79707492, -29.5928805 ], [ -53.79862251, -29.59780926 ], [ -53.80587987, -29.60036718 ], [ -53.81075776, -29.6130973 ], [ -53.81640898, -29.61696392 ], [ -53.82235764, -29.62398333 ], [ -53.82919859, -29.62386436 ], [ -53.83413597, -29.62124695 ], [ -53.8388354, -29.62362641 ], [ -53.84163127, -29.6298725 ], [ -53.84615225, -29.62654125 ], [ -53.85269576, -29.63201401 ], [ -53.85691931, -29.62975353 ], [ -53.86233258, -29.63183555 ], [ -53.87137453, -29.63052685 ], [ -53.88047597, -29.63278734 ], [ -53.88315286, -29.62999147 ], [ -53.88285543, -29.62773098 ], [ -53.88657474, -29.62677368 ], [ -53.8898346, -29.62329967 ], [ -53.89502183, -29.62705922 ], [ -53.90610575, -29.62768765 ], [ -53.90892153, -29.63429195 ], [ -53.91245406, -29.63577663 ], [ -53.92284687, -29.62932592 ], [ -53.92684016, -29.63075942 ], [ -53.93065549, -29.63755078 ], [ -53.93076857, -29.64220631 ], [ -53.94191451, -29.64439624 ], [ -53.94707411, -29.64961581 ], [ -53.95616509, -29.65147115 ], [ -53.96030689, -29.65461889 ], [ -53.95902114, -29.65952794 ], [ -53.96504301, -29.66504428 ], [ -53.96611619, -29.66909086 ], [ -53.9617938, -29.68037773 ], [ -53.97003455, -29.68693515 ], [ -53.97866277, -29.68796875 ], [ -53.98603881, -29.69170359 ], [ -53.99443492, -29.68678865 ], [ -53.99876078, -29.68687431 ], [ -54.0008005, -29.68843604 ], [ -54.00194154, -29.69364662 ], [ -54.00439024, -29.69676418 ], [ -54.010213, -29.69368687 ], [ -54.01714724, -29.69364789 ], [ -54.0187601, -29.69493594 ], [ -54.02342544, -29.69217592 ], [ -54.0287753, -29.69182588 ], [ -54.03691146, -29.70165246 ], [ -54.03624059, -29.6977894 ], [ -54.03733991, -29.6971755 ], [ -54.04705737, -29.70078873 ], [ -54.04885124, -29.70551689 ], [ -54.04306915, -29.70805815 ], [ -54.04040689, -29.71762745 ], [ -54.03506871, -29.72122292 ], [ -54.0352735, -29.72342435 ], [ -54.04278636, -29.72830528 ], [ -54.04561197, -29.72818631 ], [ -54.04998063, -29.72089846 ], [ -54.0605253, -29.72987395 ], [ -54.05844553, -29.73454714 ], [ -54.06388729, -29.73274315 ], [ -54.0768284, -29.74136262 ], [ -54.08462943, -29.7421268 ], [ -54.08922854, -29.74627848 ], [ -54.09931746, -29.74972394 ], [ -54.10503498, -29.74687701 ], [ -54.1148125, -29.74776326 ], [ -54.13710863, -29.74262799 ], [ -54.13968026, -29.7395381 ], [ -54.14378246, -29.7384721 ], [ -54.14867189, -29.74056105 ], [ -54.14827176, -29.74367945 ], [ -54.1502373, -29.74169923 ], [ -54.15630174, -29.74586681 ], [ -54.15553312, -29.75014871 ], [ -54.15706901, -29.75096785 ], [ -54.16039675, -29.74881761 ], [ -54.16354077, -29.74346841 ], [ -54.16856414, -29.74071882 ], [ -54.18924293, -29.73514427 ], [ -54.20045615, -29.73685557 ], [ -54.20186955, -29.73531368 ], [ -54.21059847, -29.7358594 ], [ -54.21343533, -29.73779135 ], [ -54.21638902, -29.73540648 ], [ -54.23937461, -29.74824129 ], [ -54.23951838, -29.75215023 ], [ -54.23675131, -29.75497468 ], [ -54.23310875, -29.76956375 ], [ -54.22828043, -29.77685929 ], [ -54.225015, -29.78590891 ], [ -54.22955462, -29.78834617 ], [ -54.2359825, -29.78862646 ], [ -54.23859926, -29.7931215 ], [ -54.23130352, -29.81755405 ], [ -54.23814447, -29.8230863 ], [ -54.24184241, -29.82301158 ], [ -54.24302505, -29.8248873 ], [ -54.24354853, -29.83078837 ], [ -54.24735109, -29.83917945 ], [ -54.24659424, -29.84632625 ], [ -54.25338375, -29.85157436 ], [ -54.25409759, -29.85585739 ], [ -54.25186029, -29.85875861 ], [ -54.25219478, -29.86592699 ], [ -54.25872029, -29.86968578 ], [ -54.25938036, -29.8744427 ], [ -54.26173008, -29.87646525 ], [ -54.26199777, -29.88161083 ], [ -54.26425826, -29.88366312 ], [ -54.26880898, -29.88404978 ], [ -54.27309201, -29.89130713 ], [ -54.2795463, -29.89005792 ], [ -54.28240165, -29.88726205 ], [ -54.29062526, -29.89646268 ], [ -54.2819555, -29.90704132 ], [ -54.28820159, -29.90817156 ], [ -54.29048603, -29.91346425 ], [ -54.2934554, -29.91377143 ], [ -54.30121648, -29.9080634 ], [ -54.30601856, -29.90674609 ], [ -54.30617538, -29.90484864 ], [ -54.30917022, -29.90836782 ], [ -54.3085496, -29.91437623 ], [ -54.31053743, -29.91788848 ], [ -54.3228103, -29.92174246 ], [ -54.32929419, -29.92732788 ], [ -54.32459286, -29.93087675 ], [ -54.32475606, -29.93720099 ], [ -54.32026089, -29.93919547 ], [ -54.32235756, -29.94377782 ], [ -54.32756858, -29.94508652 ], [ -54.32978008, -29.95003141 ], [ -54.32859296, -29.95583997 ], [ -54.33310761, -29.95723651 ], [ -54.33424418, -29.96238349 ], [ -54.33138883, -29.96511987 ], [ -54.3271058, -29.96488192 ], [ -54.32270379, -29.97053314 ], [ -54.31569627, -29.97108114 ], [ -54.30865548, -29.98484319 ], [ -54.30669624, -29.98607387 ], [ -54.30894101, -29.98960211 ], [ -54.30835371, -29.99392566 ], [ -54.29910237, -29.99462998 ], [ -54.29420974, -29.99171106 ], [ -54.2895341, -29.99356704 ], [ -54.29058107, -30.00134716 ], [ -54.29730305, -30.01407728 ], [ -54.29319848, -30.01937158 ], [ -54.28796366, -30.02127514 ], [ -54.28635753, -30.02698585 ], [ -54.28719034, -30.03025761 ], [ -54.28344269, -30.03686061 ], [ -54.28903442, -30.04031083 ], [ -54.29058107, -30.04893638 ], [ -54.28909391, -30.05018559 ], [ -54.28871318, -30.05549252 ], [ -54.2855366, -30.05899032 ], [ -54.28931994, -30.06384442 ], [ -54.29375991, -30.06189213 ], [ -54.29756048, -30.06511913 ], [ -54.31094257, -30.06500492 ], [ -54.3170911, -30.0621686 ], [ -54.32377262, -30.06458613 ], [ -54.32449598, -30.06688945 ], [ -54.32746554, -30.06766992 ], [ -54.32693254, -30.06926891 ], [ -54.33391864, -30.07023973 ], [ -54.33368226, -30.07465147 ], [ -54.33122665, -30.07588879 ], [ -54.33512897, -30.07883932 ], [ -54.33564293, -30.08175178 ], [ -54.3333051, -30.08848203 ], [ -54.34017343, -30.09273538 ], [ -54.33520511, -30.09777983 ], [ -54.33644243, -30.104271 ], [ -54.33895514, -30.10718346 ], [ -54.33634725, -30.1109906 ], [ -54.33986886, -30.11409342 ], [ -54.34066835, -30.11692974 ], [ -54.33714675, -30.11991834 ], [ -54.33729904, -30.12414426 ], [ -54.33929779, -30.12658083 ], [ -54.33613246, -30.13240533 ], [ -54.34300975, -30.14814826 ], [ -54.34491331, -30.15941739 ], [ -54.35203065, -30.16951556 ], [ -54.348283, -30.17290629 ], [ -54.34718845, -30.17822356 ], [ -54.35292295, -30.17867649 ], [ -54.35673009, -30.18718306 ], [ -54.36029928, -30.18855125 ], [ -54.36148901, -30.19075225 ], [ -54.35982339, -30.19283428 ], [ -54.35500498, -30.19325068 ], [ -54.35563552, -30.19797464 ], [ -54.3543863, -30.19925955 ], [ -54.34685531, -30.1999377 ], [ -54.34348285, -30.19870777 ], [ -54.33644517, -30.20166519 ], [ -54.33445247, -30.20828712 ], [ -54.33083676, -30.21071928 ], [ -54.32975143, -30.21364051 ], [ -54.32584486, -30.21566333 ], [ -54.33704342, -30.22067914 ], [ -54.3436057, -30.22762847 ], [ -54.3428615, -30.23236175 ], [ -54.34679584, -30.24191066 ], [ -54.35726547, -30.24274347 ], [ -54.36137003, -30.24631266 ], [ -54.36577204, -30.24387372 ], [ -54.36993609, -30.24452807 ], [ -54.38599745, -30.25458129 ], [ -54.39117278, -30.25172594 ], [ -54.39372003, -30.24413212 ], [ -54.40148937, -30.24414541 ], [ -54.40880621, -30.24700076 ], [ -54.42022791, -30.24294 ], [ -54.42549651, -30.24470653 ], [ -54.42692087, -30.24053218 ], [ -54.44353445, -30.23461567 ], [ -54.44909049, -30.23866075 ], [ -54.45277984, -30.23844261 ], [ -54.45572918, -30.2428724 ], [ -54.45480119, -30.24752424 ], [ -54.45877489, -30.24822618 ], [ -54.46129712, -30.25229506 ], [ -54.46481872, -30.25269957 ], [ -54.46701861, -30.25616849 ], [ -54.45477656, -30.26159905 ], [ -54.45466948, -30.26841621 ], [ -54.4506363, -30.27173555 ], [ -54.45202828, -30.27473367 ], [ -54.44888739, -30.2803373 ], [ -54.44678157, -30.29033104 ], [ -54.43960127, -30.30076388 ], [ -54.44280709, -30.30722686 ], [ -54.44188515, -30.31676599 ], [ -54.44635327, -30.32202546 ], [ -54.44756601, -30.32721434 ], [ -54.4405466, -30.33221121 ], [ -54.43899995, -30.33833832 ], [ -54.4405466, -30.34190751 ], [ -54.43919585, -30.35016021 ], [ -54.44686961, -30.35237311 ], [ -54.45054588, -30.3501959 ], [ -54.4552929, -30.35130235 ], [ -54.45419414, -30.35619896 ], [ -54.44933945, -30.35976278 ], [ -54.44609996, -30.36790316 ], [ -54.44926097, -30.37018337 ], [ -54.45172371, -30.37685776 ], [ -54.45697042, -30.38103371 ], [ -54.47178257, -30.37842821 ], [ -54.47288902, -30.3815334 ], [ -54.46974813, -30.38296108 ], [ -54.47006935, -30.38610197 ], [ -54.46707759, -30.39419616 ], [ -54.47314521, -30.39479103 ], [ -54.47933181, -30.39211414 ], [ -54.48623225, -30.39818176 ], [ -54.48585419, -30.40036007 ], [ -54.47751656, -30.40978273 ], [ -54.47735951, -30.41754929 ], [ -54.47419214, -30.42159961 ], [ -54.47807434, -30.42259212 ], [ -54.48785987, -30.41991523 ], [ -54.49799461, -30.42030229 ], [ -54.51452066, -30.41811464 ], [ -54.51651941, -30.41936386 ], [ -54.51747041, -30.43107157 ], [ -54.51984589, -30.43281257 ], [ -54.5255566, -30.43207018 ], [ -54.5271556, -30.43361207 ], [ -54.52629899, -30.43920856 ], [ -54.52745641, -30.44249922 ], [ -54.53037125, -30.44255871 ], [ -54.53257225, -30.44023873 ], [ -54.54337127, -30.43702136 ], [ -54.54570998, -30.43491751 ], [ -54.54857413, -30.43613416 ], [ -54.54829818, -30.44106269 ], [ -54.53756086, -30.45188923 ], [ -54.54148697, -30.46262655 ], [ -54.54669204, -30.47086544 ], [ -54.54594846, -30.47966944 ], [ -54.54794126, -30.48686731 ], [ -54.53640088, -30.49293494 ], [ -54.53259374, -30.4968313 ], [ -54.53217733, -30.50340456 ], [ -54.53434859, -30.51104858 ], [ -54.53193939, -30.51696749 ], [ -54.52756713, -30.52202385 ], [ -54.51656262, -30.5275478 ], [ -54.50688259, -30.52772451 ], [ -54.50402724, -30.52469784 ], [ -54.49905892, -30.52715344 ], [ -54.49677464, -30.52995169 ], [ -54.49706018, -30.53754693 ], [ -54.49134809, -30.54196069 ], [ -54.48345909, -30.54290997 ], [ -54.48277381, -30.54781014 ], [ -54.47747245, -30.55051023 ], [ -54.47617903, -30.55570208 ], [ -54.46312898, -30.55547352 ], [ -54.45922537, -30.55905236 ], [ -54.44649525, -30.56369231 ], [ -54.44369938, -30.57047377 ], [ -54.44081186, -30.56529495 ], [ -54.43650151, -30.56398974 ], [ -54.42930365, -30.56488204 ], [ -54.42496113, -30.56161028 ], [ -54.42073758, -30.56232412 ], [ -54.41698993, -30.56696407 ], [ -54.41508636, -30.5672615 ], [ -54.41434725, -30.56219624 ], [ -54.41113498, -30.56001903 ], [ -54.40631657, -30.56205347 ], [ -54.40481751, -30.56430206 ], [ -54.40164093, -30.56358822 ], [ -54.39934039, -30.56569568 ], [ -54.39557132, -30.56575279 ], [ -54.37770866, -30.57563006 ], [ -54.35302176, -30.57267477 ], [ -54.34427724, -30.5778501 ], [ -54.33803794, -30.58715084 ], [ -54.33393337, -30.5906308 ], [ -54.33194057, -30.59785841 ], [ -54.32655228, -30.59957162 ], [ -54.32358985, -30.60253405 ], [ -54.31376065, -30.60192311 ], [ -54.30224609, -30.60421157 ], [ -54.29510771, -30.60756661 ], [ -54.29371572, -30.61002935 ], [ -54.29654767, -30.61263769 ], [ -54.29865107, -30.62940588 ], [ -54.29698545, -30.63511659 ], [ -54.28972809, -30.6447534 ], [ -54.29478445, -30.65450919 ], [ -54.2954388, -30.6657117 ], [ -54.29127474, -30.66945935 ], [ -54.28943066, -30.66725834 ], [ -54.28443379, -30.66999473 ], [ -54.28348201, -30.67308802 ], [ -54.2857425, -30.67653824 ], [ -54.2866348, -30.68320073 ], [ -54.27962324, -30.69583973 ], [ -54.27655885, -30.69735156 ], [ -54.27368514, -30.69649675 ], [ -54.26650214, -30.7073233 ], [ -54.24208292, -30.71196325 ], [ -54.23803784, -30.71410477 ], [ -54.23397272, -30.71904206 ], [ -54.21376107, -30.72572351 ], [ -54.21166715, -30.73200528 ], [ -54.20043609, -30.72962582 ], [ -54.19710485, -30.73076796 ], [ -54.19503972, -30.73350187 ], [ -54.1855196, -30.73209152 ], [ -54.17338435, -30.74827185 ], [ -54.15283076, -30.75441489 ], [ -54.14225325, -30.75987193 ], [ -54.13827645, -30.75204037 ], [ -54.13195042, -30.74554067 ], [ -54.13297359, -30.74399402 ], [ -54.13845491, -30.74490199 ], [ -54.14523638, -30.74049999 ], [ -54.14563333, -30.7384162 ], [ -54.14440855, -30.72483797 ], [ -54.14023519, -30.7145113 ], [ -54.13428654, -30.70817598 ], [ -54.12682098, -30.70499345 ], [ -54.11882004, -30.70591549 ], [ -54.11388266, -30.70374424 ], [ -54.10835041, -30.70350629 ], [ -54.10482443, -30.7002499 ], [ -54.09824905, -30.69816475 ], [ -54.08676148, -30.70068448 ], [ -54.08032757, -30.69558395 ], [ -54.07354817, -30.6942297 ], [ -54.06967395, -30.69045631 ], [ -54.05951381, -30.68649712 ], [ -54.05236626, -30.69227224 ], [ -54.03786906, -30.69982992 ], [ -54.03279051, -30.69393611 ], [ -54.02631659, -30.69191131 ], [ -54.01796294, -30.69301436 ], [ -54.01732951, -30.67565775 ], [ -54.01393881, -30.665143 ], [ -54.00287289, -30.64759347 ], [ -53.99574872, -30.64830941 ], [ -53.98806307, -30.64369326 ], [ -53.98601673, -30.64083791 ], [ -53.98109124, -30.63957679 ], [ -53.97897353, -30.63136033 ], [ -53.98451767, -30.62114054 ], [ -53.98762287, -30.61848744 ], [ -53.98037473, -30.61170988 ], [ -53.97528536, -30.61002389 ], [ -53.97221556, -30.60459767 ], [ -53.96892238, -30.60244664 ], [ -53.96463529, -30.59093183 ], [ -53.96082815, -30.58861186 ], [ -53.96041175, -30.58391242 ], [ -53.95715833, -30.57945317 ], [ -53.95987637, -30.57028287 ], [ -53.95969791, -30.56118143 ], [ -53.95541488, -30.558683 ], [ -53.95184569, -30.56207373 ], [ -53.94418214, -30.56049065 ], [ -53.93856661, -30.56558269 ], [ -53.93320395, -30.56733089 ], [ -53.92897515, -30.56338014 ], [ -53.92227697, -30.54930562 ], [ -53.91306047, -30.54114161 ], [ -53.90424065, -30.53717037 ], [ -53.90425255, -30.53425553 ], [ -53.89151138, -30.52036237 ], [ -53.88310628, -30.51629917 ], [ -53.88158903, -30.50958341 ], [ -53.88280255, -30.50515761 ], [ -53.88815634, -30.49894722 ], [ -53.88658933, -30.49652322 ], [ -53.87998597, -30.49420674 ], [ -53.87782905, -30.48762726 ], [ -53.87336001, -30.48245372 ], [ -53.85851568, -30.47556921 ], [ -53.85277584, -30.47765295 ], [ -53.84989075, -30.48249033 ], [ -53.84524015, -30.48285556 ], [ -53.83596023, -30.48778771 ], [ -53.84135565, -30.49342268 ], [ -53.83897619, -30.49641129 ], [ -53.83322741, -30.49842907 ], [ -53.82509917, -30.5065002 ], [ -53.8255941, -30.51165887 ], [ -53.81600308, -30.52491175 ], [ -53.80717765, -30.5206765 ], [ -53.80429317, -30.52113865 ], [ -53.78236858, -30.51528401 ], [ -53.78046501, -30.51558144 ], [ -53.77966251, -30.51802973 ], [ -53.76359487, -30.51950158 ], [ -53.74489233, -30.5132383 ], [ -53.74156988, -30.51646142 ], [ -53.72494073, -30.52523917 ], [ -53.71695034, -30.53446831 ], [ -53.71246505, -30.54621095 ], [ -53.7122628, -30.55525291 ], [ -53.70479815, -30.56112194 ], [ -53.70540557, -30.56405844 ], [ -53.70030523, -30.56867445 ], [ -53.70681728, -30.57764565 ], [ -53.71296659, -30.58072322 ], [ -53.71352901, -30.59458284 ], [ -53.71682269, -30.59460386 ], [ -53.71932927, -30.59812406 ], [ -53.71621957, -30.60171793 ], [ -53.716517, -30.60332406 ], [ -53.71907492, -30.60588198 ], [ -53.72106261, -30.60509564 ], [ -53.72448544, -30.6094371 ], [ -53.7295172, -30.61215389 ], [ -53.72996898, -30.61596237 ], [ -53.72710115, -30.62634301 ], [ -53.72308587, -30.63179397 ], [ -53.72319442, -30.63810165 ], [ -53.72598315, -30.64759094 ], [ -53.72452366, -30.64866749 ], [ -53.71720791, -30.64753698 ], [ -53.71061421, -30.648557 ], [ -53.70693952, -30.64477934 ], [ -53.70103691, -30.64452845 ], [ -53.69718218, -30.64574198 ], [ -53.69500498, -30.65041048 ], [ -53.69087831, -30.65362349 ], [ -53.68151343, -30.65205231 ], [ -53.67523335, -30.65368297 ], [ -53.66244375, -30.65088711 ], [ -53.65554566, -30.64524703 ], [ -53.64839134, -30.6459133 ], [ -53.64530529, -30.64768546 ], [ -53.64523391, -30.64599605 ], [ -53.63666785, -30.6426886 ], [ -53.63103486, -30.6375883 ], [ -53.62883386, -30.63770727 ], [ -53.62550262, -30.64169287 ], [ -53.61824526, -30.63943238 ], [ -53.61116636, -30.62955762 ], [ -53.6092628, -30.62117002 ], [ -53.60718077, -30.62027772 ], [ -53.60343312, -30.62438229 ], [ -53.58998203, -30.62319536 ], [ -53.58837318, -30.62543679 ], [ -53.58778103, -30.62823268 ], [ -53.59390887, -30.6344795 ], [ -53.59505395, -30.64795401 ], [ -53.59250885, -30.64814801 ], [ -53.58748196, -30.64469734 ], [ -53.58149871, -30.64654993 ], [ -53.56518861, -30.64469775 ], [ -53.55750255, -30.64574089 ], [ -53.55837075, -30.64968023 ], [ -53.55348285, -30.65143259 ], [ -53.54698067, -30.65730069 ], [ -53.54838059, -30.66097703 ], [ -53.54576859, -30.67033272 ], [ -53.54652532, -30.6746634 ], [ -53.55046151, -30.67954789 ], [ -53.55050651, -30.68416767 ], [ -53.55332829, -30.69019396 ], [ -53.5521524, -30.69650278 ], [ -53.56046101, -30.70923017 ], [ -53.56475217, -30.71264621 ], [ -53.56313772, -30.72237015 ], [ -53.5591503, -30.72923699 ], [ -53.55853665, -30.73705963 ], [ -53.55314925, -30.73935179 ], [ -53.54812863, -30.74383189 ], [ -53.548986, -30.7524632 ], [ -53.5419848, -30.75416134 ], [ -53.53893904, -30.75181556 ], [ -53.53197848, -30.75201086 ], [ -53.51766287, -30.76530861 ], [ -53.51693702, -30.7766176 ], [ -53.52218628, -30.78304444 ], [ -53.52385135, -30.78781923 ], [ -53.51126123, -30.80016866 ], [ -53.50569416, -30.79710258 ], [ -53.50322598, -30.79360055 ], [ -53.50444041, -30.78899214 ], [ -53.50313917, -30.78318625 ], [ -53.49642842, -30.78121885 ], [ -53.49470347, -30.77762157 ], [ -53.48866955, -30.77659425 ], [ -53.48342749, -30.77280282 ], [ -53.47954933, -30.77201341 ], [ -53.47960638, -30.76671501 ], [ -53.47433371, -30.76471617 ], [ -53.46352482, -30.76652165 ], [ -53.4628285, -30.76476421 ], [ -53.45370375, -30.76282645 ], [ -53.45244244, -30.76059393 ], [ -53.44601833, -30.7580383 ], [ -53.44451458, -30.75533276 ], [ -53.44195284, -30.75582653 ], [ -53.43635303, -30.76159074 ], [ -53.43127288, -30.76065085 ], [ -53.42835083, -30.76211907 ], [ -53.42378709, -30.76084121 ], [ -53.41518296, -30.74957208 ], [ -53.4034689, -30.74068183 ], [ -53.39734332, -30.74249075 ], [ -53.38749058, -30.74105101 ], [ -53.37947598, -30.74478311 ], [ -53.37282032, -30.74228455 ], [ -53.36270611, -30.74120357 ], [ -53.36017198, -30.73920482 ], [ -53.35210561, -30.73899067 ], [ -53.33490026, -30.75404686 ], [ -53.32083782, -30.75540122 ], [ -53.31558996, -30.76150916 ], [ -53.31077365, -30.76252796 ], [ -53.30490363, -30.76106547 ], [ -53.29729328, -30.76615978 ], [ -53.29180307, -30.76067562 ], [ -53.28995559, -30.76053978 ], [ -53.28591051, -30.76868944 ], [ -53.28406643, -30.76851098 ], [ -53.28293618, -30.76630998 ], [ -53.28061621, -30.76898687 ], [ -53.28240081, -30.77690572 ], [ -53.28483836, -30.77779643 ], [ -53.28460181, -30.78017748 ], [ -53.28698127, -30.78249745 ], [ -53.28674332, -30.79206764 ], [ -53.27550037, -30.79188918 ], [ -53.26551703, -30.79969548 ], [ -53.25897196, -30.80204466 ], [ -53.25438266, -30.80188292 ], [ -53.24768748, -30.80621672 ], [ -53.24337765, -30.80717723 ], [ -53.23865676, -30.80705855 ], [ -53.23603288, -30.80074918 ], [ -53.22996291, -30.79282418 ], [ -53.21572782, -30.79487851 ], [ -53.21083584, -30.79191912 ], [ -53.20441701, -30.79427089 ], [ -53.1977926, -30.78479112 ], [ -53.19448004, -30.78682035 ], [ -53.18850794, -30.7758491 ], [ -53.18940138, -30.76882981 ], [ -53.18377281, -30.76583157 ], [ -53.173208, -30.76585537 ], [ -53.16297196, -30.76834307 ], [ -53.15750358, -30.7780704 ], [ -53.14080174, -30.77797493 ], [ -53.13804552, -30.77414779 ], [ -53.13929307, -30.77197514 ], [ -53.13832445, -30.7700053 ], [ -53.13612344, -30.76929146 ], [ -53.13457679, -30.76517975 ], [ -53.13023428, -30.76083724 ], [ -53.11545404, -30.75408064 ], [ -53.1014747, -30.75408064 ], [ -53.09801824, -30.75237453 ], [ -53.09555589, -30.74439247 ], [ -53.0946279, -30.73279973 ], [ -53.09605558, -30.72825972 ], [ -53.09465646, -30.72203505 ], [ -53.09093603, -30.71963676 ], [ -53.08653135, -30.71915013 ], [ -53.08608564, -30.71383781 ], [ -53.08314463, -30.70902654 ], [ -53.09207583, -30.70399299 ], [ -53.09258652, -30.70062246 ], [ -53.0905506, -30.694133 ], [ -53.08811736, -30.69194677 ], [ -53.08479608, -30.69197472 ], [ -53.07432158, -30.68738296 ], [ -53.07130919, -30.6846561 ], [ -53.06634364, -30.67509679 ], [ -53.0672257, -30.67034126 ], [ -53.05676841, -30.66863314 ], [ -53.05421936, -30.66658567 ], [ -53.04740484, -30.66704939 ], [ -53.04317791, -30.66395856 ], [ -53.03778773, -30.66382851 ], [ -53.02405081, -30.65138205 ], [ -53.0208439, -30.65245542 ], [ -53.01442042, -30.64639889 ], [ -53.01094046, -30.64583377 ], [ -53.00569626, -30.6476727 ], [ -53.00011404, -30.64550263 ], [ -53.00227804, -30.63900044 ], [ -52.99785712, -30.63793535 ], [ -52.9966637, -30.63387698 ], [ -52.99347474, -30.63056891 ], [ -52.98520611, -30.62586947 ], [ -52.98681224, -30.62056803 ], [ -52.98393394, -30.61420915 ], [ -52.97820419, -30.60819387 ], [ -52.98141481, -30.60359321 ], [ -52.97435393, -30.60194905 ], [ -52.96889566, -30.59760288 ], [ -52.95647133, -30.6037865 ], [ -52.94278943, -30.60609458 ], [ -52.94051943, -30.61044899 ], [ -52.94364455, -30.61572169 ], [ -52.94479819, -30.62437678 ], [ -52.93872862, -30.6250957 ], [ -52.93228893, -30.6292481 ], [ -52.92738647, -30.62190943 ], [ -52.92234677, -30.62048175 ], [ -52.91338096, -30.62122414 ], [ -52.90932466, -30.61828659 ], [ -52.90379887, -30.61933485 ], [ -52.9028114, -30.62258281 ], [ -52.89977403, -30.62523577 ], [ -52.90093996, -30.63199343 ], [ -52.89921695, -30.63364363 ], [ -52.89891834, -30.63870344 ], [ -52.89302162, -30.64037914 ], [ -52.88585418, -30.63782311 ], [ -52.88095815, -30.6293374 ], [ -52.87640526, -30.62455364 ], [ -52.87414477, -30.62443467 ], [ -52.87289555, -30.61956391 ], [ -52.86968328, -30.61694651 ], [ -52.86257115, -30.62184503 ], [ -52.85569551, -30.62162577 ], [ -52.85427627, -30.62319259 ], [ -52.84482769, -30.62521641 ], [ -52.8359545, -30.62516631 ], [ -52.83057424, -30.62937916 ], [ -52.82423747, -30.62881401 ], [ -52.81773156, -30.62511465 ], [ -52.81073214, -30.62467976 ], [ -52.8073414, -30.62051571 ], [ -52.80669183, -30.6132991 ], [ -52.79909237, -30.60976672 ], [ -52.79499446, -30.60233345 ], [ -52.79037092, -30.59768329 ], [ -52.79088562, -30.59236278 ], [ -52.78898633, -30.58855561 ], [ -52.77884076, -30.58147237 ], [ -52.77115807, -30.57258113 ], [ -52.76692568, -30.570722 ], [ -52.7618474, -30.5702724 ], [ -52.76135119, -30.57269295 ], [ -52.75712281, -30.57410355 ], [ -52.7402243, -30.57067984 ], [ -52.73421484, -30.57337596 ], [ -52.72933487, -30.57063789 ], [ -52.72321221, -30.57423257 ], [ -52.71763729, -30.57336454 ], [ -52.70594921, -30.57667277 ], [ -52.69361913, -30.5692247 ], [ -52.68737858, -30.57207147 ], [ -52.67949147, -30.57221256 ], [ -52.67824038, -30.56764554 ], [ -52.67548974, -30.56709419 ], [ -52.64359375, -30.57138063 ], [ -52.6305112, -30.56338437 ], [ -52.62112632, -30.56351591 ], [ -52.60487877, -30.55594631 ], [ -52.59179769, -30.56012352 ], [ -52.58989311, -30.56258166 ], [ -52.5866642, -30.56248976 ], [ -52.58321315, -30.56000368 ], [ -52.58144925, -30.55536871 ], [ -52.57496418, -30.54733028 ], [ -52.56545746, -30.54318789 ], [ -52.55691119, -30.54263318 ], [ -52.54299925, -30.55035699 ], [ -52.53258751, -30.54920522 ], [ -52.52673714, -30.54620605 ], [ -52.52299911, -30.54790209 ], [ -52.52115173, -30.55732473 ], [ -52.52196105, -30.56408202 ], [ -52.51677294, -30.56355661 ], [ -52.51356616, -30.56618355 ], [ -52.50514415, -30.5650652 ], [ -52.50195567, -30.56989075 ], [ -52.50220635, -30.57765057 ], [ -52.49859674, -30.5844377 ], [ -52.49261339, -30.58634229 ], [ -52.48486335, -30.58581259 ], [ -52.48081602, -30.58454726 ], [ -52.47769397, -30.57792953 ], [ -52.47444869, -30.57503841 ], [ -52.47408356, -30.56701307 ], [ -52.45439551, -30.55844812 ], [ -52.4379427, -30.56299139 ], [ -52.42698614, -30.56038479 ], [ -52.41444925, -30.5537658 ], [ -52.40814254, -30.54669692 ], [ -52.40173052, -30.54512316 ], [ -52.38788011, -30.55417717 ], [ -52.38565831, -30.55291572 ], [ -52.37126844, -30.55473603 ], [ -52.3672006, -30.55050012 ], [ -52.36684368, -30.54722123 ], [ -52.3684911, -30.54450744 ], [ -52.3649996, -30.54002336 ], [ -52.3623227, -30.54275974 ], [ -52.35452997, -30.54365204 ], [ -52.35017364, -30.54582281 ], [ -52.34023722, -30.55687545 ], [ -52.33489942, -30.55281296 ], [ -52.32636911, -30.55063816 ], [ -52.31943292, -30.54425404 ], [ -52.31596672, -30.54480682 ], [ -52.31323034, -30.54236788 ], [ -52.3150904, -30.53687058 ], [ -52.30801151, -30.53478855 ], [ -52.30575102, -30.53568085 ], [ -52.30497769, -30.5321188 ], [ -52.29687154, -30.52731778 ], [ -52.29252903, -30.52077427 ], [ -52.28570406, -30.52182763 ], [ -52.28171846, -30.51867484 ], [ -52.28159949, -30.51694974 ], [ -52.27969592, -30.51694974 ], [ -52.27886311, -30.51457027 ], [ -52.26946424, -30.51129852 ], [ -52.26619248, -30.51207184 ], [ -52.25976793, -30.50701549 ], [ -52.25715052, -30.51100109 ], [ -52.25851872, -30.51611693 ], [ -52.25664707, -30.51958476 ], [ -52.2578368, -30.52113141 ], [ -52.25721002, -30.52777629 ], [ -52.24448801, -30.53822373 ], [ -52.23143917, -30.54471468 ], [ -52.22347819, -30.54385548 ], [ -52.22224276, -30.54153126 ], [ -52.21741353, -30.54234335 ], [ -52.2078797, -30.54890425 ], [ -52.19635531, -30.55394323 ], [ -52.18755414, -30.56197501 ], [ -52.18178247, -30.56466312 ], [ -52.16758433, -30.54859864 ], [ -52.16054113, -30.55133978 ], [ -52.15603971, -30.55122085 ], [ -52.15536393, -30.54772941 ], [ -52.15187989, -30.54433346 ], [ -52.15430417, -30.53520267 ], [ -52.15186317, -30.53181276 ], [ -52.1520166, -30.52815865 ], [ -52.14495894, -30.50957342 ], [ -52.13992681, -30.51433293 ], [ -52.13413082, -30.51344859 ], [ -52.12943296, -30.51653335 ], [ -52.12401969, -30.50987086 ], [ -52.12110485, -30.50987086 ], [ -52.11741668, -30.51308313 ], [ -52.11634592, -30.51088213 ], [ -52.11372852, -30.51016829 ], [ -52.10557886, -30.515879 ], [ -52.09754818, -30.51528414 ], [ -52.0939195, -30.51248827 ], [ -52.09023134, -30.51427287 ], [ -52.0829145, -30.52444506 ], [ -52.06718249, -30.52856723 ], [ -52.06054757, -30.52759785 ], [ -52.05329021, -30.53140499 ], [ -52.04972102, -30.53515264 ], [ -52.04949803, -30.52961887 ], [ -52.04748262, -30.52794135 ], [ -52.04205776, -30.52970689 ], [ -52.04159912, -30.52807759 ], [ -52.03795658, -30.52682702 ], [ -52.03568359, -30.52269702 ], [ -52.03179617, -30.52220191 ], [ -52.0299322, -30.51782758 ], [ -52.02754342, -30.51717032 ], [ -52.02440951, -30.50537249 ], [ -52.02342797, -30.50653249 ], [ -52.01896648, -30.50320124 ], [ -52.01509986, -30.50332022 ], [ -52.01408859, -30.5082576 ], [ -52.01283937, -30.50439811 ], [ -52.00546304, -30.50029354 ], [ -51.9994549, -30.5040412 ], [ -51.99487444, -30.50332736 ], [ -51.98798066, -30.4996716 ], [ -51.98428584, -30.49018084 ], [ -51.98214432, -30.49041878 ], [ -51.97922948, -30.48774189 ], [ -51.97361481, -30.48883443 ], [ -51.97172836, -30.48652793 ], [ -51.95287695, -30.47828354 ], [ -51.94050375, -30.47804559 ], [ -51.93598278, -30.47376256 ], [ -51.9341387, -30.47477383 ], [ -51.9300851, -30.46430331 ], [ -51.92502966, -30.46100148 ], [ -51.91689228, -30.46249324 ], [ -51.91299105, -30.46535027 ], [ -51.91266935, -30.46721951 ], [ -51.90700405, -30.4697372 ], [ -51.9060862, -30.47419855 ], [ -51.89941011, -30.48330877 ], [ -51.89645077, -30.48363969 ], [ -51.89135363, -30.47605389 ], [ -51.8918923, -30.46983328 ], [ -51.8901987, -30.4672664 ], [ -51.89124248, -30.46597688 ], [ -51.88983643, -30.4608872 ], [ -51.87685317, -30.45507666 ], [ -51.87668253, -30.4522101 ], [ -51.87287529, -30.44954799 ], [ -51.86846557, -30.45097923 ], [ -51.86287384, -30.44526853 ], [ -51.86198154, -30.44181117 ], [ -51.85870978, -30.44252501 ], [ -51.85520007, -30.44038349 ], [ -51.85133345, -30.44222758 ], [ -51.85026269, -30.44811674 ], [ -51.84681247, -30.44746239 ], [ -51.83866282, -30.45311361 ], [ -51.8330116, -30.45174542 ], [ -51.82813371, -30.45489821 ], [ -51.82426708, -30.4518644 ], [ -51.82450503, -30.45829608 ], [ -51.81014121, -30.45635059 ], [ -51.80840306, -30.45738262 ], [ -51.80618318, -30.46763547 ], [ -51.80897905, -30.47327955 ], [ -51.80398218, -30.47375544 ], [ -51.80219758, -30.47149495 ], [ -51.79969915, -30.47149495 ], [ -51.79934223, -30.47548055 ], [ -51.79654637, -30.47607542 ], [ -51.79262695, -30.47057329 ], [ -51.788212, -30.46961212 ], [ -51.77993225, -30.47209381 ], [ -51.77667787, -30.47619439 ], [ -51.77220092, -30.478062 ], [ -51.77380566, -30.48645068 ], [ -51.77089222, -30.48710395 ], [ -51.76958351, -30.4899593 ], [ -51.77202246, -30.49204847 ], [ -51.77172503, -30.49442079 ], [ -51.76750148, -30.49787101 ], [ -51.7672812, -30.50059996 ], [ -51.76336848, -30.50597153 ], [ -51.76656479, -30.51814207 ], [ -51.7604115, -30.52266781 ], [ -51.75951206, -30.52590863 ], [ -51.76533698, -30.5325045 ], [ -51.76555114, -30.5351457 ], [ -51.76236742, -30.53768697 ], [ -51.76313836, -30.54074219 ], [ -51.75829854, -30.54559629 ], [ -51.74465476, -30.54733748 ], [ -51.73899092, -30.54691107 ], [ -51.73441671, -30.54388098 ], [ -51.72156066, -30.54731918 ], [ -51.71967707, -30.54292841 ], [ -51.71640531, -30.54798476 ], [ -51.71592942, -30.55304112 ], [ -51.71349047, -30.55351701 ], [ -51.71218177, -30.55595596 ], [ -51.70998076, -30.55518263 ], [ -51.70724438, -30.56029847 ], [ -51.70135111, -30.56123709 ], [ -51.69087484, -30.56680034 ], [ -51.69582163, -30.5788028 ], [ -51.69504965, -30.57986954 ], [ -51.69167983, -30.57994715 ], [ -51.68959217, -30.57681345 ], [ -51.68245379, -30.57338703 ], [ -51.67514532, -30.58333452 ], [ -51.67314533, -30.58378052 ], [ -51.67267747, -30.58091872 ], [ -51.66405739, -30.58850848 ], [ -51.6567842, -30.58446297 ], [ -51.65401716, -30.58732955 ], [ -51.64954246, -30.58778125 ], [ -51.6507912, -30.5896258 ], [ -51.64585111, -30.59459465 ], [ -51.6391918, -30.59652577 ], [ -51.63072346, -30.58901339 ], [ -51.62823208, -30.58993352 ], [ -51.62069149, -30.5857587 ], [ -51.61337465, -30.58653203 ], [ -51.61569462, -30.58052389 ], [ -51.61985868, -30.577847 ], [ -51.62081046, -30.57338551 ], [ -51.61921772, -30.57101612 ], [ -51.61017957, -30.56742666 ], [ -51.59625972, -30.56892572 ], [ -51.59296242, -30.57291957 ], [ -51.58499123, -30.5763222 ], [ -51.57299874, -30.57441863 ], [ -51.56724045, -30.57625081 ], [ -51.56281465, -30.57080185 ], [ -51.55934064, -30.57415689 ], [ -51.55555729, -30.57522765 ], [ -51.55315404, -30.57870166 ], [ -51.54860927, -30.57815438 ], [ -51.54473074, -30.58267536 ], [ -51.53906763, -30.5833892 ], [ -51.53718785, -30.58881437 ], [ -51.53806681, -30.59106828 ], [ -51.53333313, -30.58995651 ], [ -51.5255047, -30.58417442 ], [ -51.52069819, -30.5825088 ], [ -51.51615342, -30.58562589 ], [ -51.50887227, -30.58626835 ], [ -51.50373263, -30.58376991 ], [ -51.49612219, -30.58726354 ], [ -51.48742526, -30.58635935 ], [ -51.4852306, -30.5921684 ], [ -51.47705715, -30.58833747 ], [ -51.47351176, -30.58930115 ], [ -51.4564492, -30.58737198 ], [ -51.45079798, -30.58849508 ], [ -51.44888444, -30.57941128 ], [ -51.44184113, -30.56627987 ], [ -51.43321825, -30.56247945 ], [ -51.41873577, -30.57127119 ], [ -51.4183503, -30.57395522 ], [ -51.42043471, -30.57780994 ], [ -51.41916407, -30.58055108 ], [ -51.41383077, -30.58310366 ], [ -51.41218895, -30.58274674 ], [ -51.41204618, -30.578685 ], [ -51.40933359, -30.57440197 ], [ -51.39669866, -30.56562176 ], [ -51.39213009, -30.56362301 ], [ -51.38206497, -30.56269502 ], [ -51.38199359, -30.55826923 ], [ -51.37314199, -30.54948901 ], [ -51.37449828, -30.53713961 ], [ -51.36728852, -30.53649716 ], [ -51.36129227, -30.53407011 ], [ -51.35993598, -30.53249253 ], [ -51.3621478, -30.5287823 ], [ -51.35862728, -30.51898432 ], [ -51.35047763, -30.5129167 ], [ -51.34904995, -30.50887162 ], [ -51.34304181, -30.50690856 ], [ -51.34250643, -30.50327988 ], [ -51.33631983, -30.49911583 ], [ -51.33167988, -30.49810455 ], [ -51.32608815, -30.50113837 ], [ -51.3223405, -30.49715277 ], [ -51.31752209, -30.4952492 ], [ -51.31585647, -30.4912636 ], [ -51.30830168, -30.48680211 ], [ -51.30848014, -30.48441552 ], [ -51.31171849, -30.48124088 ], [ -51.31130208, -30.4793968 ], [ -51.30276943, -30.47947813 ], [ -51.29795102, -30.47680124 ], [ -51.29434842, -30.47749323 ], [ -51.29426286, -30.47425046 ], [ -51.28504245, -30.47050281 ], [ -51.28539937, -30.46015215 ], [ -51.27481076, -30.44736255 ], [ -51.26434114, -30.4471246 ], [ -51.25889445, -30.44151102 ], [ -51.25083769, -30.44111646 ], [ -51.24909185, -30.43549994 ], [ -51.25258966, -30.42229393 ], [ -51.25280381, -30.4142347 ], [ -51.24673619, -30.41337809 ], [ -51.23360156, -30.41565523 ], [ -51.22789086, -30.41359224 ], [ -51.23053206, -30.40766025 ], [ -51.24031164, -30.39945111 ], [ -51.24716449, -30.38581679 ], [ -51.2466648, -30.38039876 ], [ -51.24288146, -30.37661542 ], [ -51.22168046, -30.37303909 ], [ -51.21704051, -30.37375293 ], [ -51.21382824, -30.38117684 ], [ -51.20197853, -30.38660202 ], [ -51.19505429, -30.39188442 ], [ -51.18987767, -30.39877426 ], [ -51.18602346, -30.39932794 ], [ -51.17757637, -30.39944691 ], [ -51.17234156, -30.39629413 ], [ -51.1553879, -30.39885205 ], [ -51.14164651, -30.39897102 ], [ -51.13064151, -30.39694848 ], [ -51.11535347, -30.38338555 ], [ -51.1125576, -30.3778533 ], [ -51.10412225, -30.37208673 ], [ -51.09936323, -30.37453914 ], [ -51.09996446, -30.37658833 ], [ -51.09699057, -30.37674338 ], [ -51.09562863, -30.3807747 ], [ -51.05975462, -30.38493698 ], [ -51.05314264, -30.38855691 ], [ -51.04921653, -30.38558259 ], [ -51.04261353, -30.38409542 ], [ -51.03916331, -30.37731396 ], [ -51.03232236, -30.37124633 ], [ -51.02958598, -30.3656546 ], [ -51.03059725, -30.36184746 ], [ -51.03815204, -30.35839725 ], [ -51.03321466, -30.35720751 ], [ -51.02631422, -30.35268654 ], [ -51.02274503, -30.35381678 ], [ -51.01893789, -30.34828454 ], [ -51.02399425, -30.34221691 ], [ -51.02304246, -30.33240163 ], [ -51.01947327, -30.34078923 ], [ -51.01673689, -30.33727953 ], [ -51.01352462, -30.33948053 ], [ -51.00680264, -30.33757696 ], [ -51.0029955, -30.32431147 ], [ -50.99698737, -30.31753 ], [ -50.99175255, -30.3193146 ], [ -50.98431674, -30.31277108 ], [ -50.98419776, -30.31033213 ], [ -50.976524, -30.3118193 ], [ -50.96337748, -30.306525 ], [ -50.96486464, -30.30349118 ], [ -50.9747394, -30.30027891 ], [ -50.97997422, -30.28832212 ], [ -50.98324598, -30.28600214 ], [ -50.98158036, -30.28207603 ], [ -50.98503057, -30.277793 ], [ -50.98526852, -30.27493765 ], [ -50.98395982, -30.2676803 ], [ -50.98098549, -30.2628024 ], [ -50.96658975, -30.26381367 ], [ -50.96540002, -30.25923321 ], [ -50.95784008, -30.25592338 ], [ -50.95670746, -30.25302044 ], [ -50.95207504, -30.25179739 ], [ -50.95207504, -30.24941793 ], [ -50.95469245, -30.24656258 ], [ -50.95493039, -30.24227955 ], [ -50.95130171, -30.23787755 ], [ -50.95385963, -30.23341606 ], [ -50.96080985, -30.23111537 ], [ -50.96337966, -30.2265468 ], [ -50.96395073, -30.2216927 ], [ -50.95867695, -30.21784957 ], [ -50.96100154, -30.2107085 ], [ -50.96376199, -30.20610365 ], [ -50.97013764, -30.20311027 ], [ -50.96270089, -30.19963491 ], [ -50.95516924, -30.19945348 ], [ -50.94809264, -30.19646625 ], [ -50.93985057, -30.1897533 ], [ -50.93812196, -30.17887873 ], [ -50.93088597, -30.17479215 ], [ -50.92846565, -30.16991993 ], [ -50.92076894, -30.16600445 ], [ -50.91552718, -30.15981143 ], [ -50.90769704, -30.15894658 ], [ -50.89614359, -30.15334365 ], [ -50.88227615, -30.15214529 ], [ -50.87912337, -30.14667253 ], [ -50.8670476, -30.14583972 ], [ -50.85402886, -30.14009459 ], [ -50.8406087, -30.13741056 ], [ -50.83678253, -30.13421257 ], [ -50.82336237, -30.13564024 ], [ -50.81182674, -30.13381282 ], [ -50.80651578, -30.12107794 ], [ -50.7955448, -30.11544211 ], [ -50.79840015, -30.10419915 ], [ -50.79619915, -30.10140329 ], [ -50.79286791, -30.10033253 ], [ -50.79286791, -30.09444336 ], [ -50.79947091, -30.08849471 ], [ -50.79167818, -30.08433065 ], [ -50.77442709, -30.08343836 ], [ -50.77180968, -30.07975019 ], [ -50.77535669, -30.07774402 ], [ -50.7650718, -30.07052268 ], [ -50.76429847, -30.06772682 ], [ -50.73260464, -30.06339384 ], [ -50.72337736, -30.0599006 ], [ -50.71179895, -30.06013309 ], [ -50.71132306, -30.05846747 ], [ -50.71613824, -30.05728255 ], [ -50.70811338, -30.04942606 ], [ -50.69245076, -30.04377442 ], [ -50.67542668, -30.03370504 ], [ -50.6585221, -30.02980606 ], [ -50.65461213, -30.02574864 ], [ -50.64789034, -30.02548011 ], [ -50.63594355, -30.01710247 ], [ -50.62422181, -30.01408029 ], [ -50.61916715, -30.00755527 ], [ -50.61035302, -30.0084057 ], [ -50.60504206, -30.00646406 ], [ -50.59921714, -30.00292342 ], [ -50.59681865, -29.99835486 ], [ -50.59311216, -29.99718289 ], [ -50.59400446, -29.99194808 ], [ -50.58246407, -29.99069886 ], [ -50.57758618, -29.98855735 ], [ -50.57455236, -29.98564251 ], [ -50.57437391, -29.98016975 ], [ -50.5721729, -29.97779029 ], [ -50.56206019, -29.97666004 ], [ -50.55593308, -29.97273393 ], [ -50.55087673, -29.96654733 ], [ -50.54587986, -29.96535761 ], [ -50.53981223, -29.96059868 ], [ -50.52785544, -29.95738641 ], [ -50.52315601, -29.9512593 ], [ -50.52194968, -29.94637896 ], [ -50.51927083, -29.94469779 ], [ -50.51048538, -29.94810651 ], [ -50.50620235, -29.945965 ], [ -50.50757054, -29.93603075 ], [ -50.50263316, -29.92859493 ], [ -50.50400135, -29.92032631 ], [ -50.50209778, -29.91979093 ], [ -50.49899424, -29.92411568 ], [ -50.49596757, -29.92497228 ], [ -50.48477459, -29.91749126 ], [ -50.4834785, -29.91408022 ], [ -50.4891892, -29.91092744 ], [ -50.49067637, -29.90545467 ], [ -50.4900815, -29.90200446 ], [ -50.48663128, -29.89736451 ], [ -50.48680974, -29.8934384 ], [ -50.47485295, -29.87987547 ], [ -50.47294938, -29.88249288 ], [ -50.46807149, -29.88273082 ], [ -50.47033197, -29.8770796 ], [ -50.46941613, -29.86953645 ], [ -50.45962014, -29.87252565 ], [ -50.45548607, -29.85145461 ], [ -50.44306528, -29.8581171 ], [ -50.43882984, -29.86630244 ], [ -50.4372118, -29.86349468 ], [ -50.43116797, -29.8625429 ], [ -50.42874092, -29.86049656 ], [ -50.42369647, -29.86197182 ], [ -50.41674844, -29.85626112 ], [ -50.40965765, -29.8536913 ], [ -50.39923561, -29.85359612 ], [ -50.39414356, -29.85925924 ], [ -50.38652929, -29.86197182 ], [ -50.38457813, -29.85949719 ], [ -50.3807234, -29.86102004 ], [ -50.37582171, -29.86035379 ], [ -50.37695645, -29.86746547 ], [ -50.3744561, -29.872032 ], [ -50.3660328, -29.87855172 ], [ -50.35732398, -29.87940833 ], [ -50.35323131, -29.87826619 ], [ -50.34966211, -29.88621359 ], [ -50.34390382, -29.88935448 ], [ -50.33733651, -29.88802198 ], [ -50.3338149, -29.8804077 ], [ -50.32848491, -29.88454797 ], [ -50.32077546, -29.88154985 ], [ -50.31934778, -29.87874208 ], [ -50.30878298, -29.88231127 ], [ -50.30530896, -29.87836137 ], [ -50.29788504, -29.88245404 ], [ -50.29260264, -29.88292993 ], [ -50.27182234, -29.87671681 ], [ -50.26147929, -29.86989049 ], [ -50.25724385, -29.85937327 ], [ -50.26136323, -29.85990776 ], [ -50.26462018, -29.85718417 ], [ -50.26728517, -29.84614347 ], [ -50.26214554, -29.84019481 ], [ -50.27232963, -29.83110527 ], [ -50.26438223, -29.82667948 ], [ -50.26214554, -29.8194935 ], [ -50.25862394, -29.81540083 ], [ -50.26257384, -29.80835763 ], [ -50.25900465, -29.80807209 ], [ -50.25310359, -29.80459808 ], [ -50.25429332, -29.79403327 ], [ -50.25315118, -29.79084479 ], [ -50.25733903, -29.78541962 ], [ -50.25041043, -29.77510867 ], [ -50.25403911, -29.76981437 ], [ -50.2562996, -29.75880937 ], [ -50.25386065, -29.75410993 ], [ -50.24838789, -29.75214688 ], [ -50.24737662, -29.74726898 ], [ -50.24148745, -29.74917255 ], [ -50.23690699, -29.74715001 ], [ -50.23339728, -29.75089766 ], [ -50.23060142, -29.74709052 ], [ -50.22982809, -29.74268852 ], [ -50.2315532, -29.73334913 ], [ -50.22304663, -29.72609178 ], [ -50.22590198, -29.72305797 ], [ -50.22697274, -29.71770418 ], [ -50.22590198, -29.71068477 ], [ -50.23054193, -29.70771044 ], [ -50.24321256, -29.71270731 ], [ -50.25154068, -29.70973298 ], [ -50.26034468, -29.71092271 ], [ -50.26349747, -29.70800788 ], [ -50.27426453, -29.70765096 ], [ -50.27557323, -29.70283255 ], [ -50.27884499, -29.70223768 ], [ -50.28158137, -29.69664595 ], [ -50.27848807, -29.69658646 ], [ -50.27819064, -29.69462341 ], [ -50.27545426, -29.69361214 ], [ -50.27723885, -29.69099473 ], [ -50.27664399, -29.68825835 ], [ -50.28372288, -29.68790143 ], [ -50.28764899, -29.68379686 ], [ -50.29258638, -29.68468916 ], [ -50.29234843, -29.68748502 ], [ -50.29413303, -29.68831784 ], [ -50.29746427, -29.68831784 ], [ -50.30115244, -29.68409429 ], [ -50.31150309, -29.685403 ], [ -50.31328769, -29.68748502 ], [ -50.31293077, -29.68266662 ], [ -50.31566715, -29.67749129 ], [ -50.31388255, -29.67421953 ], [ -50.31358512, -29.6681519 ], [ -50.31566715, -29.66261966 ], [ -50.32542294, -29.66232222 ], [ -50.3286947, -29.66601039 ], [ -50.33636846, -29.66392836 ], [ -50.33815305, -29.66095403 ], [ -50.33755819, -29.6549459 ], [ -50.3392833, -29.65363719 ], [ -50.34505349, -29.65667101 ], [ -50.3467786, -29.65905047 ], [ -50.34606476, -29.66142993 ], [ -50.34832525, -29.66303606 ], [ -50.34975293, -29.66321452 ], [ -50.35183495, -29.66006174 ], [ -50.3498719, -29.65429154 ], [ -50.35350058, -29.64935416 ], [ -50.34846559, -29.64618876 ], [ -50.35416512, -29.64181792 ], [ -50.3542739, -29.63614815 ], [ -50.35659388, -29.6363861 ], [ -50.35944923, -29.63079437 ], [ -50.35522569, -29.62847439 ], [ -50.35350058, -29.62246625 ], [ -50.35040728, -29.62407239 ], [ -50.34838474, -29.62306112 ], [ -50.34802782, -29.62026525 ], [ -50.34320941, -29.62044371 ], [ -50.34414722, -29.61555474 ], [ -50.34340559, -29.61302502 ], [ -50.3414843, -29.61241303 ], [ -50.34332838, -29.60854641 ], [ -50.33214491, -29.60920076 ], [ -50.33522377, -29.60411094 ], [ -50.33480943, -29.60222757 ], [ -50.33074134, -29.60147422 ], [ -50.33285072, -29.59981685 ], [ -50.3370318, -29.60026886 ], [ -50.33779613, -29.59730345 ], [ -50.3436853, -29.59926651 ], [ -50.3463622, -29.5975414 ], [ -50.34871855, -29.59110358 ], [ -50.34658029, -29.59073474 ], [ -50.34584011, -29.58692798 ], [ -50.34238099, -29.58527691 ], [ -50.34216729, -29.58342269 ], [ -50.3498719, -29.57356833 ], [ -50.3520729, -29.56006489 ], [ -50.3542739, -29.55637673 ], [ -50.35290651, -29.55424429 ], [ -50.35546363, -29.55155832 ], [ -50.34047303, -29.54340866 ], [ -50.340592, -29.53555644 ], [ -50.34273352, -29.53377185 ], [ -50.3423766, -29.53085701 ], [ -50.34390929, -29.53091998 ], [ -50.34475606, -29.52580065 ], [ -50.35052514, -29.52479946 ], [ -50.3529092, -29.513656 ], [ -50.35683182, -29.50557523 ], [ -50.35195393, -29.49885326 ], [ -50.34963395, -29.4986748 ], [ -50.34874166, -29.50111374 ], [ -50.34717352, -29.50003224 ], [ -50.35000166, -29.49779179 ], [ -50.35071199, -29.48639186 ], [ -50.35410273, -29.48163294 ], [ -50.35273454, -29.47996732 ], [ -50.34963395, -29.48017449 ], [ -50.34778987, -29.47505865 ], [ -50.34410171, -29.47142997 ], [ -50.34130584, -29.46232853 ], [ -50.34648117, -29.46078188 ], [ -50.34357361, -29.45569682 ], [ -50.34903909, -29.44936047 ], [ -50.34449107, -29.44714578 ], [ -50.34309044, -29.44269798 ], [ -50.34874447, -29.44154668 ], [ -50.34893795, -29.43938847 ], [ -50.35200951, -29.43783437 ], [ -50.35208018, -29.43398424 ], [ -50.34815408, -29.43029607 ], [ -50.34744024, -29.42696483 ], [ -50.35284623, -29.41866542 ], [ -50.35248315, -29.41249236 ], [ -50.35141593, -29.40879269 ], [ -50.34568552, -29.40494333 ], [ -50.3367835, -29.40183812 ], [ -50.32940717, -29.40243298 ], [ -50.31827451, -29.39473218 ], [ -50.31193953, -29.39746878 ], [ -50.30309033, -29.3877993 ], [ -50.29516673, -29.38530086 ], [ -50.28479228, -29.38682372 ], [ -50.27986679, -29.38858452 ], [ -50.27351363, -29.39379554 ], [ -50.2682464, -29.39393152 ], [ -50.26148899, -29.40561751 ], [ -50.25797928, -29.40752107 ], [ -50.25470752, -29.40841337 ], [ -50.24828651, -29.40484135 ], [ -50.23301575, -29.40580332 ], [ -50.23359251, -29.40057411 ], [ -50.24057054, -29.39688034 ], [ -50.24191114, -29.39365237 ], [ -50.24571828, -29.39091599 ], [ -50.24509247, -29.38733315 ], [ -50.25074127, -29.37985736 ], [ -50.25143576, -29.37450605 ], [ -50.26030979, -29.36762301 ], [ -50.2606175, -29.36457916 ], [ -50.26531693, -29.3582141 ], [ -50.27346659, -29.35434748 ], [ -50.27322864, -29.34601936 ], [ -50.28319147, -29.34236228 ], [ -50.28406298, -29.33684333 ], [ -50.28274649, -29.3348359 ], [ -50.2791773, -29.33400308 ], [ -50.27895938, -29.3312762 ], [ -50.27708823, -29.33109211 ], [ -50.27723963, -29.32891157 ], [ -50.27244828, -29.32445342 ], [ -50.26707813, -29.31576763 ], [ -50.25608829, -29.31169131 ], [ -50.2536891, -29.30577758 ], [ -50.24710899, -29.3022512 ], [ -50.2354866, -29.29883085 ], [ -50.23269073, -29.3012698 ], [ -50.23186609, -29.30527164 ], [ -50.22462815, -29.30711518 ], [ -50.21909591, -29.31104129 ], [ -50.21234843, -29.30650125 ], [ -50.19806335, -29.30488798 ], [ -50.19534121, -29.30738367 ], [ -50.19197119, -29.31858422 ], [ -50.18892548, -29.32001189 ], [ -50.18416656, -29.31420601 ], [ -50.18341225, -29.30708549 ], [ -50.17715791, -29.30521161 ], [ -50.17531382, -29.29961987 ], [ -50.15806273, -29.29967936 ], [ -50.15423611, -29.2968721 ], [ -50.15680593, -29.29411192 ], [ -50.15571138, -29.28749702 ], [ -50.15928057, -29.28445131 ], [ -50.15613968, -29.27769364 ], [ -50.16332565, -29.27602802 ], [ -50.15880468, -29.27022214 ], [ -50.16066066, -29.26712884 ], [ -50.15899503, -29.26403554 ], [ -50.16813216, -29.25570742 ], [ -50.16741833, -29.25204305 ], [ -50.17117788, -29.25128163 ], [ -50.17403323, -29.25442252 ], [ -50.18608539, -29.25455762 ], [ -50.18976929, -29.25356514 ], [ -50.19032562, -29.25207606 ], [ -50.17278172, -29.24382277 ], [ -50.17321002, -29.24030116 ], [ -50.16730896, -29.23863554 ], [ -50.16483432, -29.24172884 ], [ -50.1614079, -29.24049152 ], [ -50.16174102, -29.23863554 ], [ -50.17211547, -29.22921288 ], [ -50.18182367, -29.22811832 ], [ -50.18425072, -29.2291177 ], [ -50.18415554, -29.23187787 ], [ -50.18686813, -29.23068814 ], [ -50.18643982, -29.22788038 ], [ -50.1839176, -29.22550092 ], [ -50.18486938, -29.21560236 ], [ -50.17972974, -29.21369879 ], [ -50.18382242, -29.21227111 ], [ -50.18586875, -29.21355602 ], [ -50.19124634, -29.21308013 ], [ -50.18244233, -29.19965997 ], [ -50.18201403, -29.1950914 ], [ -50.17825448, -29.19394926 ], [ -50.1733052, -29.18733436 ], [ -50.16624835, -29.1906781 ], [ -50.16141582, -29.1909464 ], [ -50.15690079, -29.18566462 ], [ -50.15321806, -29.18677564 ], [ -50.14505201, -29.18411136 ], [ -50.13994471, -29.18720801 ], [ -50.12814303, -29.18114776 ], [ -50.12795267, -29.17881589 ], [ -50.1234317, -29.17805446 ], [ -50.12281304, -29.17191546 ], [ -50.13166463, -29.17553224 ], [ -50.13204535, -29.17396179 ], [ -50.1296183, -29.17358108 ], [ -50.1287141, -29.16972635 ], [ -50.13175981, -29.16277833 ], [ -50.11339037, -29.15440262 ], [ -50.1044436, -29.15207075 ], [ -50.10029027, -29.14234346 ], [ -50.0996954, -29.13579994 ], [ -50.09701851, -29.13026769 ], [ -50.09344931, -29.12812618 ], [ -50.09368726, -29.1222965 ], [ -50.0842289, -29.1196196 ], [ -50.08389452, -29.11393568 ], [ -50.07824308, -29.11097414 ], [ -50.07209365, -29.0997511 ], [ -50.05395026, -29.09951316 ], [ -50.05124478, -29.10173087 ], [ -50.04765496, -29.10182005 ], [ -50.03420074, -29.09987008 ], [ -50.03396279, -29.1033203 ], [ -50.03075052, -29.1064136 ], [ -50.02344166, -29.10753494 ], [ -50.02215675, -29.11229386 ], [ -50.01768336, -29.10953368 ], [ -50.0131148, -29.11410225 ], [ -50.00949802, -29.10972404 ], [ -50.00354937, -29.10763011 ], [ -50.00730892, -29.10058691 ], [ -50.00492945, -29.09497138 ], [ -50.00611274, -29.09212867 ], [ -50.00260419, -29.09375797 ], [ -49.99939807, -29.09181336 ], [ -49.99966317, -29.08867544 ], [ -49.99623675, -29.08449235 ], [ -50.00182175, -29.08212728 ], [ -50.00324677, -29.08376165 ], [ -50.00623098, -29.08156303 ], [ -50.0058878, -29.0776682 ], [ -50.00812879, -29.07357758 ], [ -50.011879, -29.07197767 ], [ -50.00578606, -29.06508535 ], [ -50.00269276, -29.06484741 ], [ -50.00188374, -29.06175411 ], [ -49.99926634, -29.06479982 ], [ -49.99664893, -29.06475223 ], [ -49.9938026, -29.06138719 ], [ -49.98638612, -29.06339093 ], [ -49.97366291, -29.05558061 ], [ -49.97204836, -29.05624419 ], [ -49.96968301, -29.05389558 ], [ -49.96975978, -29.05151088 ], [ -49.96099868, -29.05080756 ], [ -49.95957434, -29.04710958 ], [ -49.96116546, -29.0437656 ], [ -49.9553464, -29.04110224 ], [ -49.95458107, -29.03775971 ], [ -49.95628633, -29.0351896 ], [ -49.94695274, -29.03183079 ], [ -49.94756531, -29.02600861 ], [ -49.94071654, -29.0223253 ], [ -49.94677695, -29.02111457 ], [ -49.94980665, -29.02459423 ], [ -49.95094292, -29.02448647 ], [ -49.95048369, -29.02068287 ], [ -49.96103219, -29.0233197 ], [ -49.96634074, -29.02271349 ], [ -49.96180408, -29.01870789 ], [ -49.96199905, -29.01644592 ], [ -49.95587591, -29.01156601 ], [ -49.9574149, -29.01213416 ], [ -49.95916895, -29.01048124 ], [ -49.95364343, -29.00569528 ], [ -49.95114682, -29.00182179 ], [ -49.95210796, -29.0000565 ], [ -49.94878065, -28.99816778 ], [ -49.94543432, -28.99216709 ], [ -49.94297068, -28.9942765 ], [ -49.94352933, -28.99767784 ], [ -49.94244503, -29.00120522 ], [ -49.94047775, -28.99175248 ], [ -49.9453551, -28.98850931 ], [ -49.94347532, -28.98306034 ], [ -49.93785979, -28.97858696 ], [ -49.93555172, -28.9797053 ], [ -49.93643459, -28.98457206 ], [ -49.93443801, -28.98568262 ], [ -49.93402891, -28.98206276 ], [ -49.93111023, -28.98049319 ], [ -49.92649184, -28.97953224 ], [ -49.92427229, -28.98066156 ], [ -49.92404201, -28.98303442 ], [ -49.92025584, -28.97876708 ], [ -49.92479293, -28.97557748 ], [ -49.93096137, -28.97594993 ], [ -49.93191702, -28.96317685 ], [ -49.93367097, -28.96582164 ], [ -49.9487212, -28.96208815 ], [ -49.95804111, -28.96255149 ], [ -49.95471414, -28.95213612 ], [ -49.95853772, -28.94504865 ], [ -49.95980341, -28.93558902 ], [ -49.95822063, -28.93073924 ], [ -49.95432603, -28.92898393 ], [ -49.95183109, -28.92988609 ], [ -49.94958164, -28.93562975 ], [ -49.95043989, -28.92852753 ], [ -49.95333585, -28.92552841 ], [ -49.95970636, -28.92664487 ], [ -49.96510077, -28.92552788 ], [ -49.96873948, -28.9220521 ], [ -49.96319386, -28.91891885 ], [ -49.9583149, -28.902421 ], [ -49.95152757, -28.90045929 ], [ -49.94961026, -28.89796719 ], [ -49.9497343, -28.89353969 ], [ -49.95164138, -28.8925035 ], [ -49.94825031, -28.89000813 ], [ -49.95114857, -28.88816189 ], [ -49.95043947, -28.88692872 ], [ -49.94623988, -28.885187 ], [ -49.94360415, -28.87965835 ], [ -49.93823914, -28.87965191 ], [ -49.93639234, -28.8746813 ], [ -49.9321224, -28.87220287 ], [ -49.93834878, -28.8726204 ], [ -49.94117566, -28.87628311 ], [ -49.95052701, -28.88058732 ], [ -49.95387241, -28.88034422 ], [ -49.95420931, -28.87841322 ], [ -49.94950285, -28.87571419 ], [ -49.95243603, -28.87303822 ], [ -49.95154599, -28.87039186 ], [ -49.95676065, -28.87036333 ], [ -49.96713523, -28.87669247 ], [ -49.96988467, -28.8764928 ], [ -49.96734493, -28.86792958 ], [ -49.95627927, -28.86055162 ], [ -49.95647761, -28.85619021 ], [ -49.96240476, -28.85241663 ], [ -49.95984165, -28.84772978 ], [ -49.9618269, -28.8445624 ], [ -49.95963646, -28.84057817 ], [ -49.96037946, -28.83813608 ], [ -49.95846833, -28.83468896 ], [ -49.95690599, -28.83464603 ], [ -49.95783258, -28.82910135 ], [ -49.96426903, -28.82905964 ], [ -49.96610154, -28.81980107 ], [ -49.96441691, -28.81120148 ], [ -49.961739, -28.80670547 ], [ -49.96271668, -28.79911044 ], [ -49.95963224, -28.79808907 ], [ -49.9505727, -28.80211647 ], [ -49.95781505, -28.79472625 ], [ -49.95950328, -28.78665489 ], [ -49.95700858, -28.78361072 ], [ -49.96074453, -28.78149014 ], [ -49.96222398, -28.77844642 ], [ -49.95854715, -28.77610532 ], [ -49.96121426, -28.77200208 ], [ -49.9575078, -28.76849561 ], [ -49.95497698, -28.76893463 ], [ -49.95421713, -28.76673978 ], [ -49.95112438, -28.76666337 ], [ -49.95202359, -28.76519978 ], [ -49.95026214, -28.76342685 ], [ -49.95344515, -28.75801398 ], [ -49.94880565, -28.75673634 ], [ -49.95077192, -28.75325244 ], [ -49.94918445, -28.75231436 ], [ -49.94988944, -28.75122755 ], [ -49.95399401, -28.75467777 ], [ -49.95518374, -28.75087063 ], [ -49.96041855, -28.74974039 ], [ -49.96916307, -28.7545588 ], [ -49.97719375, -28.75194139 ], [ -49.99694328, -28.75580802 ], [ -50.01092261, -28.76193513 ], [ -50.01581184, -28.76783197 ], [ -50.0178537, -28.76820776 ], [ -50.03041726, -28.7552159 ], [ -50.04795983, -28.74355654 ], [ -50.04911296, -28.74069844 ], [ -50.04792323, -28.73837846 ], [ -50.05256318, -28.73784309 ], [ -50.05637031, -28.73356006 ], [ -50.06386562, -28.73177546 ], [ -50.07229828, -28.73431342 ], [ -50.09215832, -28.71851271 ], [ -50.10241288, -28.71868842 ], [ -50.10812359, -28.72178172 ], [ -50.10907538, -28.72356632 ], [ -50.10771171, -28.73422251 ], [ -50.10928997, -28.7367085 ], [ -50.11726164, -28.73558534 ], [ -50.1227344, -28.72981515 ], [ -50.15387415, -28.70916293 ], [ -50.16573377, -28.71052489 ], [ -50.17611669, -28.71964021 ], [ -50.18569402, -28.72511297 ], [ -50.19164267, -28.72529143 ], [ -50.1981267, -28.72172224 ], [ -50.20407535, -28.72404221 ], [ -50.20645481, -28.72017559 ], [ -50.21424755, -28.71964021 ], [ -50.21624721, -28.71702555 ], [ -50.22035932, -28.72131988 ], [ -50.22519307, -28.72213864 ], [ -50.23551379, -28.71720579 ], [ -50.2449426, -28.70964647 ], [ -50.2471436, -28.70702907 ], [ -50.24809647, -28.70169788 ], [ -50.25319861, -28.69749256 ], [ -50.26978509, -28.6956104 ], [ -50.27728039, -28.69977446 ], [ -50.28316955, -28.69983394 ], [ -50.29274688, -28.70376005 ], [ -50.29393662, -28.70554465 ], [ -50.29899297, -28.70608003 ], [ -50.30357343, -28.71226663 ], [ -50.30535803, -28.71262355 ], [ -50.30777685, -28.70708031 ], [ -50.3125559, -28.70804308 ], [ -50.31215545, -28.70349773 ], [ -50.31526338, -28.69971642 ], [ -50.31971716, -28.69852249 ], [ -50.32179918, -28.69507227 ], [ -50.32465454, -28.69417998 ], [ -50.32354364, -28.68903473 ], [ -50.32649862, -28.6834724 ], [ -50.33619492, -28.68198524 ], [ -50.3398236, -28.67169407 ], [ -50.33714671, -28.66532901 ], [ -50.33758364, -28.66132155 ], [ -50.33974124, -28.65908567 ], [ -50.34444068, -28.6580744 ], [ -50.34642661, -28.66104598 ], [ -50.34975785, -28.66217623 ], [ -50.35948804, -28.65946285 ], [ -50.36357087, -28.65979597 ], [ -50.36793785, -28.65206626 ], [ -50.37323215, -28.64962732 ], [ -50.39101863, -28.65492162 ], [ -50.4026185, -28.65379137 ], [ -50.40817362, -28.64962457 ], [ -50.41174281, -28.64433027 ], [ -50.41043411, -28.63915494 ], [ -50.4122187, -28.63588318 ], [ -50.4232832, -28.62892326 ], [ -50.43563352, -28.63065111 ], [ -50.44800398, -28.61007546 ], [ -50.45045958, -28.60864778 ], [ -50.45202051, -28.60939018 ], [ -50.45243159, -28.61232652 ], [ -50.44969521, -28.61625263 ], [ -50.44856497, -28.62291512 ], [ -50.4532644, -28.62208231 ], [ -50.45290749, -28.6190485 ], [ -50.45457311, -28.61732339 ], [ -50.46974217, -28.61428958 ], [ -50.49175218, -28.61690698 ], [ -50.49335832, -28.61839414 ], [ -50.49008656, -28.62220128 ], [ -50.49002708, -28.62749558 ], [ -50.494786, -28.62898275 ], [ -50.49425062, -28.63356321 ], [ -50.50305462, -28.64201029 ], [ -50.51060941, -28.6437354 ], [ -50.51733139, -28.64325951 ], [ -50.52054366, -28.64557949 ], [ -50.52173339, -28.64974354 ], [ -50.52720615, -28.65129019 ], [ -50.53006151, -28.65616809 ], [ -50.53529632, -28.65527579 ], [ -50.54612287, -28.66259263 ], [ -50.5512982, -28.66330647 ], [ -50.5561166, -28.66824385 ], [ -50.56390934, -28.66854128 ], [ -50.57071086, -28.6707798 ], [ -50.57931635, -28.66913615 ], [ -50.58330195, -28.6640798 ], [ -50.58919111, -28.66146239 ], [ -50.591868, -28.64843484 ], [ -50.59555617, -28.64302157 ], [ -50.60120739, -28.64581743 ], [ -50.60965448, -28.64522257 ], [ -50.62149229, -28.64938662 ], [ -50.627203, -28.64938662 ], [ -50.63303268, -28.6468287 ], [ -50.64231258, -28.64670973 ], [ -50.6457628, -28.64926765 ], [ -50.65165196, -28.64754254 ], [ -50.65837394, -28.65099276 ], [ -50.66093186, -28.64885125 ], [ -50.65694626, -28.64296208 ], [ -50.66069391, -28.64141543 ], [ -50.6607534, -28.63873854 ], [ -50.66610719, -28.6349314 ], [ -50.67062816, -28.63707291 ], [ -50.68538082, -28.63856008 ], [ -50.69234074, -28.63374167 ], [ -50.70346472, -28.63255194 ], [ -50.70965132, -28.63386064 ], [ -50.71750354, -28.63850059 ], [ -50.72601012, -28.63879802 ], [ -50.72922239, -28.63374167 ], [ -50.73564693, -28.63284937 ], [ -50.73725307, -28.62797148 ], [ -50.74290429, -28.6252351 ], [ -50.74570016, -28.62095207 ], [ -50.7459381, -28.61791825 ], [ -50.74141713, -28.61304036 ], [ -50.74564067, -28.60691325 ], [ -50.74385607, -28.60036973 ], [ -50.76717479, -28.58674731 ], [ -50.77960747, -28.57276798 ], [ -50.78531818, -28.56396398 ], [ -50.78847097, -28.55581432 ], [ -50.78799507, -28.54225139 ], [ -50.78936327, -28.5373735 ], [ -50.79257554, -28.53457763 ], [ -50.80185543, -28.53344739 ], [ -50.81042149, -28.52345365 ], [ -50.81327685, -28.52208546 ], [ -50.82695875, -28.51976549 ], [ -50.83243151, -28.50667845 ], [ -50.83927246, -28.5025144 ], [ -50.84456676, -28.49638728 ], [ -50.86015223, -28.49484063 ], [ -50.8668742, -28.49888572 ], [ -50.86806394, -28.5069164 ], [ -50.87157364, -28.51072354 ], [ -50.87746281, -28.51108046 ], [ -50.88692116, -28.51500657 ], [ -50.89530876, -28.51179429 ], [ -50.90036512, -28.51232967 ], [ -50.92100694, -28.52041984 ], [ -50.9242787, -28.52309673 ], [ -50.92707457, -28.52309673 ], [ -50.93117914, -28.51702911 ], [ -50.93480782, -28.52375109 ], [ -50.93671138, -28.5245839 ], [ -50.94373079, -28.51917062 ], [ -50.95669886, -28.51286505 ], [ -50.95711526, -28.50632153 ], [ -50.95949472, -28.50025391 ], [ -50.95574707, -28.49376988 ], [ -50.96050599, -28.48157514 ], [ -50.96627619, -28.47747057 ], [ -50.971511, -28.46325329 ], [ -50.96633567, -28.45272418 ], [ -50.97067819, -28.44540733 ], [ -50.97734068, -28.44344428 ], [ -50.97626992, -28.43577052 ], [ -50.98471701, -28.43059519 ], [ -50.9860852, -28.42619319 ], [ -50.99500818, -28.42660959 ], [ -50.99941018, -28.42488448 ], [ -50.99899377, -28.41679432 ], [ -50.99346153, -28.41602099 ], [ -50.99548407, -28.40561085 ], [ -51.0019681, -28.39817503 ], [ -51.00601318, -28.39050127 ], [ -51.00541832, -28.38669413 ], [ -51.00256297, -28.38467159 ], [ -51.00755983, -28.38490954 ], [ -51.01041519, -28.38782438 ], [ -51.01559051, -28.38978743 ], [ -51.01898125, -28.38919257 ], [ -51.01993303, -28.38645619 ], [ -51.01410335, -28.37830653 ], [ -51.01838638, -28.35938982 ], [ -51.01285414, -28.35082376 ], [ -51.01106954, -28.3444587 ], [ -51.01321105, -28.33934286 ], [ -51.01541206, -28.33904543 ], [ -51.0094634, -28.33220448 ], [ -50.99935069, -28.32470918 ], [ -51.00000505, -28.31483441 ], [ -50.99018977, -28.30954011 ], [ -50.99078464, -28.30269916 ], [ -50.98888107, -28.29264594 ], [ -50.9922718, -28.28943367 ], [ -50.99292615, -28.28378245 ], [ -50.9895949, -28.27771482 ], [ -50.99482972, -28.27134976 ], [ -51.00434756, -28.27105233 ], [ -51.01047467, -28.27432409 ], [ -51.01945714, -28.28479372 ], [ -51.02296684, -28.28550756 ], [ -51.03528055, -28.27331282 ], [ -51.03587542, -28.26843492 ], [ -51.04051537, -28.26563906 ], [ -51.04122921, -28.26320011 ], [ -51.04777273, -28.26290268 ], [ -51.05294805, -28.25951195 ], [ -51.05199627, -28.25469354 ], [ -51.06097873, -28.25427713 ], [ -51.08019288, -28.23869166 ], [ -51.08643897, -28.2310179 ], [ -51.08114467, -28.22031033 ], [ -51.08447591, -28.21329092 ], [ -51.07941956, -28.20633099 ], [ -51.07894366, -28.20305923 ], [ -51.08013339, -28.20204796 ], [ -51.09815781, -28.19937107 ], [ -51.09887165, -28.20139361 ], [ -51.09345838, -28.2089484 ], [ -51.10630746, -28.20728278 ], [ -51.11183971, -28.20924583 ], [ -51.11517096, -28.20127464 ], [ -51.11915655, -28.20014439 ], [ -51.12564058, -28.19443369 ], [ -51.1290908, -28.19324396 ], [ -51.134861, -28.19669418 ], [ -51.13688354, -28.19574239 ], [ -51.13569381, -28.18848504 ], [ -51.13221231, -28.18422997 ], [ -51.13188667, -28.18146563 ], [ -51.13765686, -28.18152511 ], [ -51.13854916, -28.18479687 ], [ -51.14033376, -28.18545122 ], [ -51.15086287, -28.17724208 ], [ -51.15324233, -28.17765849 ], [ -51.15651409, -28.18515379 ], [ -51.1684114, -28.1855702 ], [ -51.16930369, -28.19294653 ], [ -51.18334251, -28.20139361 ], [ -51.19720287, -28.20282129 ], [ -51.19880901, -28.20466537 ], [ -51.19827363, -28.20882943 ], [ -51.2005936, -28.21067351 ], [ -51.20130744, -28.20537921 ], [ -51.2045792, -28.20401102 ], [ -51.21838008, -28.20228591 ], [ -51.22819535, -28.2058551 ], [ -51.23271633, -28.2058551 ], [ -51.23420349, -28.19806237 ], [ -51.23604757, -28.19699161 ], [ -51.24288852, -28.20109618 ], [ -51.24627926, -28.20067977 ], [ -51.2619837, -28.18063281 ], [ -51.26811081, -28.18194152 ], [ -51.27275076, -28.18087076 ], [ -51.276082, -28.18491584 ], [ -51.28351782, -28.18824709 ], [ -51.2950582, -28.19009117 ], [ -51.30273197, -28.20377307 ], [ -51.3123093, -28.2102571 ], [ -51.31796052, -28.21686011 ], [ -51.32468249, -28.21769292 ], [ -51.3272999, -28.2275082 ], [ -51.33318907, -28.23024458 ], [ -51.33122601, -28.23482504 ], [ -51.33705569, -28.23714501 ], [ -51.33806696, -28.24041677 ], [ -51.34026796, -28.24047626 ], [ -51.34764429, -28.23488452 ], [ -51.35710265, -28.23256455 ], [ -51.36180209, -28.23405171 ], [ -51.36507384, -28.23916755 ], [ -51.36804817, -28.23803731 ], [ -51.38042137, -28.24017883 ], [ -51.38232494, -28.23839423 ], [ -51.38863051, -28.24392648 ], [ -51.38720283, -28.25094589 ], [ -51.39077202, -28.25350381 ], [ -51.38868999, -28.26076116 ], [ -51.39761297, -28.27408614 ], [ -51.40873695, -28.27634663 ], [ -51.41569688, -28.28407988 ], [ -51.4239655, -28.27961839 ], [ -51.42902186, -28.28758958 ], [ -51.44050276, -28.29294337 ], [ -51.44317965, -28.29805921 ], [ -51.4522216, -28.29686948 ], [ -51.45638566, -28.30115251 ], [ -51.46372231, -28.30332993 ], [ -51.46643888, -28.3025207 ], [ -51.46798553, -28.31144368 ], [ -51.47125729, -28.30888576 ], [ -51.47292291, -28.30353197 ], [ -51.48041821, -28.29752383 ], [ -51.48559354, -28.29609616 ], [ -51.49166117, -28.29841613 ], [ -51.49588471, -28.30424581 ], [ -51.50224977, -28.30186635 ], [ -51.51129172, -28.30263968 ], [ -51.51628859, -28.30008176 ], [ -51.53223098, -28.30965909 ], [ -51.5347889, -28.30912371 ], [ -51.53859604, -28.30406735 ], [ -51.54365239, -28.30269916 ], [ -51.54811388, -28.3025207 ], [ -51.55144512, -28.30620887 ], [ -51.55388407, -28.30614938 ], [ -51.55870248, -28.30269916 ], [ -51.55923786, -28.29805921 ], [ -51.56066553, -28.29704794 ], [ -51.56720905, -28.29954638 ], [ -51.57613203, -28.29728589 ], [ -51.57833303, -28.30490016 ], [ -51.58475758, -28.30722014 ], [ -51.59302621, -28.30394838 ], [ -51.60397173, -28.30371043 ], [ -51.60641067, -28.30026021 ], [ -51.61111011, -28.30055765 ], [ -51.61438187, -28.29799973 ], [ -51.6252679, -28.29829716 ], [ -51.62800428, -28.30026021 ], [ -51.62752839, -28.30501914 ], [ -51.63692726, -28.3021043 ], [ -51.64174567, -28.30698219 ], [ -51.65162043, -28.31227649 ], [ -51.65643884, -28.305614 ], [ -51.65721216, -28.30156892 ], [ -51.66185211, -28.29895151 ], [ -51.67107252, -28.29859459 ], [ -51.67523658, -28.2963341 ], [ -51.68148267, -28.29663154 ], [ -51.68594416, -28.30228276 ], [ -51.68891848, -28.30275865 ], [ -51.69403432, -28.29823767 ], [ -51.69694916, -28.29318132 ], [ -51.70057784, -28.29109929 ], [ -51.70676444, -28.2897311 ], [ -51.71320539, -28.29348455 ], [ -51.71723407, -28.2928244 ], [ -51.72330169, -28.28925521 ], [ -51.73055905, -28.27819071 ], [ -51.73466362, -28.27634663 ], [ -51.74346762, -28.27593023 ], [ -51.75048703, -28.27283693 ], [ -51.75952898, -28.26218884 ], [ -51.76303869, -28.26088014 ], [ -51.76922529, -28.26510368 ], [ -51.76964169, -28.27069541 ], [ -51.77481702, -28.27634663 ], [ -51.77142629, -28.28378245 ], [ -51.77261602, -28.28711369 ], [ -51.78487024, -28.28651883 ], [ -51.78713073, -28.28907675 ], [ -51.79165171, -28.29044494 ], [ -51.80009879, -28.29234851 ], [ -51.80705872, -28.29199159 ], [ -51.81211507, -28.29526335 ], [ -51.81699297, -28.29621513 ], [ -51.81986681, -28.29989599 ], [ -51.82297201, -28.29964615 ], [ -51.8261129, -28.29654095 ], [ -51.83379957, -28.29930116 ], [ -51.84733109, -28.29544181 ], [ -51.8526254, -28.29681 ], [ -51.85863354, -28.29330029 ], [ -51.86577192, -28.29550129 ], [ -51.86803241, -28.29294337 ], [ -51.87493284, -28.29002853 ], [ -51.87814511, -28.29187261 ], [ -51.87636052, -28.29681 ], [ -51.88278506, -28.29526335 ], [ -51.88385582, -28.29996278 ], [ -51.89016139, -28.30192584 ], [ -51.89474185, -28.30656579 ], [ -51.90223716, -28.30543554 ], [ -51.90872119, -28.30638733 ], [ -51.91770365, -28.30299659 ], [ -51.92305744, -28.30710117 ], [ -51.93192093, -28.30466222 ], [ -51.93537115, -28.3051976 ], [ -51.94048699, -28.31007549 ], [ -51.94482951, -28.31126522 ], [ -51.94946946, -28.31519133 ], [ -51.9519084, -28.31132471 ], [ -51.95036175, -28.30049816 ], [ -51.95399043, -28.29865408 ], [ -51.95690527, -28.29133724 ], [ -51.95928473, -28.2897311 ], [ -51.96463852, -28.28866034 ], [ -51.97540558, -28.28961213 ], [ -51.98522086, -28.28788702 ], [ -51.99997958, -28.28965108 ], [ -52.00675498, -28.29234851 ], [ -52.01193031, -28.28788702 ], [ -52.01401234, -28.28907675 ], [ -52.01377439, -28.2932408 ], [ -52.01662974, -28.29972484 ], [ -52.02311377, -28.30168789 ], [ -52.02335172, -28.3095996 ], [ -52.03340494, -28.310016 ], [ -52.03417827, -28.3135852 ], [ -52.04018641, -28.31412058 ], [ -52.05148884, -28.30686322 ], [ -52.0640405, -28.30394838 ], [ -52.06659842, -28.30174738 ], [ -52.06606304, -28.29734538 ], [ -52.06820456, -28.29401413 ], [ -52.08069673, -28.29562027 ], [ -52.08408746, -28.29972484 ], [ -52.08432541, -28.30418633 ], [ -52.08944125, -28.30573298 ], [ -52.09342684, -28.3104919 ], [ -52.09782885, -28.31067036 ], [ -52.12138551, -28.30329403 ], [ -52.12899979, -28.30329403 ], [ -52.13346127, -28.30763654 ], [ -52.14059966, -28.30133097 ], [ -52.1466078, -28.3021043 ], [ -52.15469796, -28.2994274 ], [ -52.16005175, -28.30186635 ], [ -52.16492965, -28.29776178 ], [ -52.17064035, -28.2999033 ], [ -52.17260341, -28.29841613 ], [ -52.17224649, -28.29109929 ], [ -52.17908744, -28.28616191 ], [ -52.18289458, -28.28068915 ], [ -52.19449445, -28.27908301 ], [ -52.19663596, -28.27765534 ], [ -52.19806364, -28.27319385 ], [ -52.20276308, -28.27158771 ], [ -52.20121643, -28.2627837 ], [ -52.20448819, -28.26201038 ], [ -52.21799163, -28.26450881 ], [ -52.23607553, -28.25635916 ], [ -52.24571235, -28.25612121 ], [ -52.25528968, -28.25029153 ], [ -52.26349882, -28.24969667 ], [ -52.26764511, -28.24537957 ], [ -52.282319, -28.25375225 ], [ -52.28976642, -28.25353861 ], [ -52.29825188, -28.25774974 ], [ -52.30396258, -28.26494523 ], [ -52.30954776, -28.26655224 ], [ -52.30822415, -28.27487842 ], [ -52.3242282, -28.27976531 ], [ -52.33165951, -28.28613195 ], [ -52.33495142, -28.29656767 ], [ -52.33920631, -28.29720737 ], [ -52.34250246, -28.29661189 ], [ -52.34949808, -28.29161502 ], [ -52.36812926, -28.28633262 ], [ -52.37955067, -28.27883732 ], [ -52.38911611, -28.26905773 ], [ -52.39675418, -28.266131 ], [ -52.40789005, -28.26555993 ], [ -52.41260139, -28.2568511 ], [ -52.41624196, -28.25613726 ], [ -52.42288066, -28.25071209 ], [ -52.43211083, -28.23861887 ], [ -52.43768187, -28.23428852 ], [ -52.44887474, -28.23205995 ], [ -52.45532036, -28.22684796 ], [ -52.46879734, -28.22745637 ], [ -52.47252856, -28.22489737 ], [ -52.47705165, -28.22813075 ], [ -52.47705832, -28.23224102 ], [ -52.48001485, -28.23725619 ], [ -52.48751016, -28.24088487 ], [ -52.48578505, -28.24945093 ], [ -52.48869989, -28.2548642 ], [ -52.48959218, -28.26057491 ], [ -52.49256651, -28.26307334 ], [ -52.49684954, -28.26253796 ], [ -52.49904358, -28.26426003 ], [ -52.5085089, -28.25908774 ], [ -52.51350577, -28.26122926 ], [ -52.51761034, -28.26081285 ], [ -52.51987083, -28.26372769 ], [ -52.52421334, -28.26372769 ], [ -52.52819894, -28.26087234 ], [ -52.53979881, -28.26212156 ], [ -52.54199981, -28.26688048 ], [ -52.54723463, -28.2663451 ], [ -52.55139868, -28.27419732 ], [ -52.55826034, -28.27419658 ], [ -52.5579748, -28.27653797 ], [ -52.55563341, -28.27779432 ], [ -52.55211252, -28.28395311 ], [ -52.55217201, -28.28609463 ], [ -52.55657401, -28.29097252 ], [ -52.56127345, -28.29311404 ], [ -52.56561596, -28.29043714 ], [ -52.57555021, -28.28972331 ], [ -52.58375935, -28.29323301 ], [ -52.58512754, -28.29567196 ], [ -52.59357463, -28.29561247 ], [ -52.59577563, -28.29888423 ], [ -52.60761345, -28.30173958 ], [ -52.61082031, -28.30690409 ], [ -52.61641746, -28.31173332 ], [ -52.62111689, -28.30864002 ], [ -52.62795784, -28.30745029 ], [ -52.63176498, -28.30953232 ], [ -52.6387249, -28.30750978 ], [ -52.64163974, -28.30858053 ], [ -52.64967042, -28.30530877 ], [ -52.65264475, -28.30108523 ], [ -52.65990211, -28.29983601 ], [ -52.66400668, -28.29632631 ], [ -52.6629954, -28.2915079 ], [ -52.67049071, -28.28353671 ], [ -52.67994907, -28.28038392 ], [ -52.68322082, -28.27776651 ], [ -52.68601669, -28.27830189 ], [ -52.68976434, -28.27663627 ], [ -52.7026841, -28.28304817 ], [ -52.70628185, -28.28367635 ], [ -52.71736062, -28.28059257 ], [ -52.72427057, -28.28042125 ], [ -52.73797627, -28.28698856 ], [ -52.74648041, -28.28162064 ], [ -52.75508055, -28.28282287 ], [ -52.75728155, -28.27610089 ], [ -52.7681081, -28.2738404 ], [ -52.78077873, -28.27949162 ], [ -52.79338987, -28.28859306 ], [ -52.79749444, -28.29477966 ], [ -52.7989816, -28.30162061 ], [ -52.80415693, -28.30400007 ], [ -52.80808304, -28.30370264 ], [ -52.81302042, -28.29936012 ], [ -52.81867164, -28.29775399 ], [ -52.81831472, -28.29234071 ], [ -52.82087264, -28.29049663 ], [ -52.82324182, -28.2853326 ], [ -52.82818948, -28.28466695 ], [ -52.82866229, -28.28133496 ], [ -52.83140466, -28.279197 ], [ -52.84425085, -28.280027 ], [ -52.84871234, -28.28210903 ], [ -52.85347126, -28.27978906 ], [ -52.85715942, -28.27366194 ], [ -52.86132348, -28.27241273 ], [ -52.87066286, -28.28080033 ], [ -52.87964533, -28.28115725 ], [ -52.88095403, -28.28776025 ], [ -52.88969855, -28.29085355 ], [ -52.90070356, -28.30066883 ], [ -52.91343368, -28.29573144 ], [ -52.91759773, -28.29555298 ], [ -52.92289203, -28.28906895 ], [ -52.9305658, -28.28508336 ], [ -52.93455139, -28.28544028 ], [ -52.94573486, -28.27550603 ], [ -52.951743, -28.27401886 ], [ -52.95578808, -28.2747327 ], [ -52.95965471, -28.27877778 ], [ -52.96393774, -28.27776651 ], [ -52.96607925, -28.28169262 ], [ -52.98576929, -28.28103827 ], [ -52.989279, -28.28252544 ], [ -52.99379997, -28.28038392 ], [ -52.99796403, -28.28823614 ], [ -53.00469952, -28.28890179 ], [ -53.0087446, -28.28571331 ], [ -53.00646032, -28.28143028 ], [ -53.00736451, -28.27776591 ], [ -53.01844791, -28.28058221 ], [ -53.01974252, -28.27859382 ], [ -53.01288967, -28.27168387 ], [ -53.02265094, -28.25635136 ], [ -53.02163967, -28.25313909 ], [ -53.01384693, -28.2535555 ], [ -53.01497717, -28.23814849 ], [ -53.02229402, -28.22976089 ], [ -53.02627961, -28.21709026 ], [ -53.03306108, -28.2098329 ], [ -53.03454824, -28.2058473 ], [ -53.04198406, -28.20031506 ], [ -53.04454198, -28.19192746 ], [ -53.05078806, -28.18217167 ], [ -53.05144241, -28.17562815 ], [ -53.04828623, -28.16494657 ], [ -53.0510855, -28.15855552 ], [ -53.06762275, -28.15575965 ], [ -53.07410678, -28.16111344 ], [ -53.08249438, -28.16224368 ], [ -53.08915687, -28.15314224 ], [ -53.10819256, -28.14267262 ], [ -53.12907233, -28.14701513 ], [ -53.13579431, -28.14421926 ], [ -53.14328961, -28.14487362 ] ] ] ] } },
{ "type": "Feature", "properties": { "GmlID": "limite_regioes_hidrograficas.2", "OBJECTID": 2, "Regiao": "Litoral", "st_area_shape_": 5.69180793, "st_perimeter_shape_": 34.52431243 }, "geometry": { "type": "MultiPolygon", "coordinates": [ [ [ [ -51.1023328, -30.37196933 ], [ -51.1125576, -30.3778533 ], [ -51.11535347, -30.38338555 ], [ -51.1280241, -30.39540183 ], [ -51.14164651, -30.39897102 ], [ -51.1553879, -30.39885205 ], [ -51.17234156, -30.39629413 ], [ -51.17757637, -30.39944691 ], [ -51.18987767, -30.39877426 ], [ -51.19926594, -30.388458 ], [ -51.21382824, -30.38117684 ], [ -51.21704051, -30.37375293 ], [ -51.22168046, -30.37303909 ], [ -51.24288146, -30.37661542 ], [ -51.2466648, -30.38039876 ], [ -51.24716449, -30.38581679 ], [ -51.24031164, -30.39945111 ], [ -51.23053206, -30.40766025 ], [ -51.22789086, -30.41359224 ], [ -51.23360156, -30.41565523 ], [ -51.24673619, -30.41337809 ], [ -51.25301796, -30.41444885 ], [ -51.25258966, -30.42229393 ], [ -51.24909185, -30.43549994 ], [ -51.25083769, -30.44111646 ], [ -51.25889445, -30.44151102 ], [ -51.26434114, -30.4471246 ], [ -51.27481076, -30.44736255 ], [ -51.28539937, -30.46015215 ], [ -51.28504245, -30.47050281 ], [ -51.29426286, -30.47425046 ], [ -51.29434842, -30.47749323 ], [ -51.29795102, -30.47680124 ], [ -51.30276943, -30.47947813 ], [ -51.31130208, -30.4793968 ], [ -51.31171849, -30.48124088 ], [ -51.30848014, -30.48441552 ], [ -51.30830168, -30.48680211 ], [ -51.31585647, -30.4912636 ], [ -51.31752209, -30.4952492 ], [ -51.3223405, -30.49715277 ], [ -51.32608815, -30.50113837 ], [ -51.33167988, -30.49810455 ], [ -51.33631983, -30.49911583 ], [ -51.34250643, -30.50327988 ], [ -51.34304181, -30.50690856 ], [ -51.34904995, -30.50887162 ], [ -51.35047763, -30.5129167 ], [ -51.35862728, -30.51898432 ], [ -51.3621478, -30.5287823 ], [ -51.35993598, -30.53249253 ], [ -51.36129227, -30.53407011 ], [ -51.36728852, -30.53649716 ], [ -51.37449828, -30.53713961 ], [ -51.37314199, -30.54948901 ], [ -51.38199359, -30.55826923 ], [ -51.38206497, -30.56269502 ], [ -51.39213009, -30.56362301 ], [ -51.39669866, -30.56562176 ], [ -51.40933359, -30.57440197 ], [ -51.41204618, -30.578685 ], [ -51.41218895, -30.58274674 ], [ -51.41383077, -30.58310366 ], [ -51.41916407, -30.58055108 ], [ -51.42043471, -30.57780994 ], [ -51.4183503, -30.57395522 ], [ -51.41873577, -30.57127119 ], [ -51.4323336, -30.56270988 ], [ -51.43569022, -30.56325795 ], [ -51.44205528, -30.5666011 ], [ -51.44888444, -30.57941128 ], [ -51.45119826, -30.58855227 ], [ -51.4564492, -30.58737198 ], [ -51.47351176, -30.58930115 ], [ -51.47705715, -30.58833747 ], [ -51.4852306, -30.5921684 ], [ -51.48742526, -30.58635935 ], [ -51.49612219, -30.58726354 ], [ -51.50373263, -30.58376991 ], [ -51.50887227, -30.58626835 ], [ -51.51615342, -30.58562589 ], [ -51.52069819, -30.5825088 ], [ -51.5255047, -30.58417442 ], [ -51.53333313, -30.58995651 ], [ -51.53806681, -30.59106828 ], [ -51.53718785, -30.58881437 ], [ -51.53906763, -30.5833892 ], [ -51.54473074, -30.58267536 ], [ -51.54860927, -30.57815438 ], [ -51.55315404, -30.57870166 ], [ -51.55555729, -30.57522765 ], [ -51.55934064, -30.57415689 ], [ -51.56281465, -30.57080185 ], [ -51.56724045, -30.57625081 ], [ -51.57299874, -30.57441863 ], [ -51.58499123, -30.5763222 ], [ -51.59296242, -30.57291957 ], [ -51.59625972, -30.56892572 ], [ -51.61017957, -30.56742666 ], [ -51.61921772, -30.57101612 ], [ -51.62081046, -30.57338551 ], [ -51.61985868, -30.577847 ], [ -51.61569462, -30.58052389 ], [ -51.61337465, -30.58653203 ], [ -51.62069149, -30.5857587 ], [ -51.62823208, -30.58993352 ], [ -51.63072346, -30.58901339 ], [ -51.6391918, -30.59652577 ], [ -51.64585111, -30.59459465 ], [ -51.6507912, -30.5896258 ], [ -51.64954246, -30.58778125 ], [ -51.65401716, -30.58732955 ], [ -51.6567842, -30.58446297 ], [ -51.66405739, -30.58850848 ], [ -51.67267747, -30.58091872 ], [ -51.67314533, -30.58378052 ], [ -51.67514532, -30.58333452 ], [ -51.68245379, -30.57338703 ], [ -51.68959217, -30.57681345 ], [ -51.69167983, -30.57994715 ], [ -51.69504965, -30.57986954 ], [ -51.69582163, -30.5788028 ], [ -51.69087484, -30.56680034 ], [ -51.70135111, -30.56123709 ], [ -51.70724438, -30.56029847 ], [ -51.70998076, -30.55518263 ], [ -51.71218177, -30.55595596 ], [ -51.71349047, -30.55351701 ], [ -51.71592942, -30.55304112 ], [ -51.71640531, -30.54798476 ], [ -51.71967707, -30.54292841 ], [ -51.72156066, -30.54731918 ], [ -51.73441671, -30.54388098 ], [ -51.73899092, -30.54691107 ], [ -51.74465476, -30.54733748 ], [ -51.75829854, -30.54559629 ], [ -51.76313836, -30.54074219 ], [ -51.76236742, -30.53768697 ], [ -51.76555114, -30.5351457 ], [ -51.76533698, -30.5325045 ], [ -51.75951206, -30.52590863 ], [ -51.7604115, -30.52266781 ], [ -51.76656479, -30.51814207 ], [ -51.76336848, -30.50597153 ], [ -51.7672812, -30.50059996 ], [ -51.76750148, -30.49787101 ], [ -51.77172503, -30.49442079 ], [ -51.77202246, -30.49204847 ], [ -51.76958351, -30.4899593 ], [ -51.77089222, -30.48710395 ], [ -51.77380566, -30.48645068 ], [ -51.77220092, -30.478062 ], [ -51.77667787, -30.47619439 ], [ -51.77993225, -30.47209381 ], [ -51.788212, -30.46961212 ], [ -51.79262695, -30.47057329 ], [ -51.79654637, -30.47607542 ], [ -51.79934223, -30.47548055 ], [ -51.79969915, -30.47149495 ], [ -51.80219758, -30.47149495 ], [ -51.80398218, -30.47375544 ], [ -51.80897905, -30.47327955 ], [ -51.80618318, -30.46763547 ], [ -51.80840306, -30.45738262 ], [ -51.81014121, -30.45635059 ], [ -51.82450503, -30.45829608 ], [ -51.82426708, -30.4518644 ], [ -51.82813371, -30.45489821 ], [ -51.8330116, -30.45174542 ], [ -51.83866282, -30.45311361 ], [ -51.84681247, -30.44746239 ], [ -51.85026269, -30.44811674 ], [ -51.85091704, -30.44294142 ], [ -51.85359393, -30.44026452 ], [ -51.85870978, -30.44252501 ], [ -51.86198154, -30.44181117 ], [ -51.86287384, -30.44526853 ], [ -51.86846557, -30.45097923 ], [ -51.87287529, -30.44954799 ], [ -51.87668253, -30.4522101 ], [ -51.87685317, -30.45507666 ], [ -51.88983643, -30.4608872 ], [ -51.89124248, -30.46597688 ], [ -51.8901987, -30.4672664 ], [ -51.8918923, -30.46983328 ], [ -51.89135363, -30.47605389 ], [ -51.89645077, -30.48363969 ], [ -51.89941011, -30.48330877 ], [ -51.9060862, -30.47419855 ], [ -51.90700405, -30.4697372 ], [ -51.91266935, -30.46721951 ], [ -51.91299105, -30.46535027 ], [ -51.91689228, -30.46249324 ], [ -51.92502966, -30.46100148 ], [ -51.9300851, -30.46430331 ], [ -51.9341387, -30.47477383 ], [ -51.93598278, -30.47376256 ], [ -51.94050375, -30.47804559 ], [ -51.95287695, -30.47828354 ], [ -51.97172836, -30.48652793 ], [ -51.97361481, -30.48883443 ], [ -51.97922948, -30.48774189 ], [ -51.98214432, -30.49041878 ], [ -51.98428584, -30.49018084 ], [ -51.98798066, -30.4996716 ], [ -51.99487444, -30.50332736 ], [ -51.9994549, -30.5040412 ], [ -52.00546304, -30.50029354 ], [ -52.01283937, -30.50439811 ], [ -52.01408859, -30.5082576 ], [ -52.01509986, -30.50332022 ], [ -52.01896648, -30.50320124 ], [ -52.02342797, -30.50653249 ], [ -52.02440951, -30.50537249 ], [ -52.02754342, -30.51717032 ], [ -52.0299322, -30.51782758 ], [ -52.03179617, -30.52220191 ], [ -52.03568359, -30.52269702 ], [ -52.03795658, -30.52682702 ], [ -52.04159912, -30.52807759 ], [ -52.04205776, -30.52970689 ], [ -52.04748262, -30.52794135 ], [ -52.04949803, -30.52961887 ], [ -52.04972102, -30.53515264 ], [ -52.05329021, -30.53140499 ], [ -52.06054757, -30.52759785 ], [ -52.06718249, -30.52856723 ], [ -52.0829145, -30.52444506 ], [ -52.09023134, -30.51427287 ], [ -52.0939195, -30.51248827 ], [ -52.09754818, -30.51528414 ], [ -52.10557886, -30.515879 ], [ -52.11372852, -30.51016829 ], [ -52.11634592, -30.51088213 ], [ -52.11741668, -30.51308313 ], [ -52.12110485, -30.50987086 ], [ -52.12401969, -30.50987086 ], [ -52.12943296, -30.51653335 ], [ -52.13413082, -30.51344859 ], [ -52.13992681, -30.51433293 ], [ -52.14495894, -30.50957342 ], [ -52.1520166, -30.52815865 ], [ -52.15186317, -30.53181276 ], [ -52.15430417, -30.53520267 ], [ -52.15187989, -30.54433346 ], [ -52.15536393, -30.54772941 ], [ -52.15603971, -30.55122085 ], [ -52.16054113, -30.55133978 ], [ -52.16758433, -30.54859864 ], [ -52.18178247, -30.56466312 ], [ -52.18755414, -30.56197501 ], [ -52.19635531, -30.55394323 ], [ -52.2078797, -30.54890425 ], [ -52.21741353, -30.54234335 ], [ -52.22224276, -30.54153126 ], [ -52.22347819, -30.54385548 ], [ -52.23143917, -30.54471468 ], [ -52.24448801, -30.53822373 ], [ -52.25721002, -30.52777629 ], [ -52.2578368, -30.52113141 ], [ -52.25664707, -30.51958476 ], [ -52.25851872, -30.51611693 ], [ -52.25715052, -30.51100109 ], [ -52.25976793, -30.50701549 ], [ -52.26619248, -30.51207184 ], [ -52.26946424, -30.51129852 ], [ -52.27886311, -30.51457027 ], [ -52.27969592, -30.51694974 ], [ -52.28159949, -30.51694974 ], [ -52.28171846, -30.51867484 ], [ -52.28570406, -30.52182763 ], [ -52.29252903, -30.52077427 ], [ -52.29687154, -30.52731778 ], [ -52.30497769, -30.5321188 ], [ -52.30575102, -30.53568085 ], [ -52.30801151, -30.53478855 ], [ -52.3150904, -30.53687058 ], [ -52.31323034, -30.54236788 ], [ -52.31596672, -30.54480682 ], [ -52.31943292, -30.54425404 ], [ -52.32636911, -30.55063816 ], [ -52.33489942, -30.55281296 ], [ -52.34023722, -30.55687545 ], [ -52.35017364, -30.54582281 ], [ -52.35452997, -30.54365204 ], [ -52.3623227, -30.54275974 ], [ -52.3649996, -30.54002336 ], [ -52.3684911, -30.54450744 ], [ -52.36684368, -30.54722123 ], [ -52.3672006, -30.55050012 ], [ -52.37126844, -30.55473603 ], [ -52.38565831, -30.55291572 ], [ -52.38788011, -30.55417717 ], [ -52.40173052, -30.54512316 ], [ -52.40814254, -30.54669692 ], [ -52.41444925, -30.5537658 ], [ -52.42698614, -30.56038479 ], [ -52.4379427, -30.56299139 ], [ -52.45439551, -30.55844812 ], [ -52.47408356, -30.56701307 ], [ -52.47444869, -30.57503841 ], [ -52.47769397, -30.57792953 ], [ -52.48081602, -30.58454726 ], [ -52.48486335, -30.58581259 ], [ -52.49261339, -30.58634229 ], [ -52.49859674, -30.5844377 ], [ -52.50220635, -30.57765057 ], [ -52.50195567, -30.56989075 ], [ -52.50514415, -30.5650652 ], [ -52.51356616, -30.56618355 ], [ -52.51677294, -30.56355661 ], [ -52.52196105, -30.56408202 ], [ -52.52115173, -30.55732473 ], [ -52.52299911, -30.54790209 ], [ -52.52673714, -30.54620605 ], [ -52.53258751, -30.54920522 ], [ -52.54299925, -30.55035699 ], [ -52.55691119, -30.54263318 ], [ -52.56545746, -30.54318789 ], [ -52.57496418, -30.54733028 ], [ -52.58144925, -30.55536871 ], [ -52.58321315, -30.56000368 ], [ -52.5866642, -30.56248976 ], [ -52.58989311, -30.56258166 ], [ -52.59179769, -30.56012352 ], [ -52.60487877, -30.55594631 ], [ -52.62112632, -30.56351591 ], [ -52.6305112, -30.56338437 ], [ -52.64359375, -30.57138063 ], [ -52.67548974, -30.56709419 ], [ -52.67824038, -30.56764554 ], [ -52.67949147, -30.57221256 ], [ -52.68737858, -30.57207147 ], [ -52.69361913, -30.5692247 ], [ -52.70594921, -30.57667277 ], [ -52.71763729, -30.57336454 ], [ -52.72321221, -30.57423257 ], [ -52.72933487, -30.57063789 ], [ -52.73421484, -30.57337596 ], [ -52.7402243, -30.57067984 ], [ -52.75712281, -30.57410355 ], [ -52.76135119, -30.57269295 ], [ -52.7618474, -30.5702724 ], [ -52.76692568, -30.570722 ], [ -52.77115807, -30.57258113 ], [ -52.77884076, -30.58147237 ], [ -52.78898633, -30.58855561 ], [ -52.79088562, -30.59236278 ], [ -52.79037092, -30.59768329 ], [ -52.79499446, -30.60233345 ], [ -52.79909237, -30.60976672 ], [ -52.80669183, -30.6132991 ], [ -52.8073414, -30.62051571 ], [ -52.81073214, -30.62467976 ], [ -52.81773156, -30.62511465 ], [ -52.82423747, -30.62881401 ], [ -52.83057424, -30.62937916 ], [ -52.8359545, -30.62516631 ], [ -52.84482769, -30.62521641 ], [ -52.85427627, -30.62319259 ], [ -52.85569551, -30.62162577 ], [ -52.86257115, -30.62184503 ], [ -52.86968328, -30.61694651 ], [ -52.87289555, -30.61956391 ], [ -52.87414477, -30.62443467 ], [ -52.87640526, -30.62455364 ], [ -52.88095815, -30.6293374 ], [ -52.88585418, -30.63782311 ], [ -52.89302162, -30.64037914 ], [ -52.89891834, -30.63870344 ], [ -52.89921695, -30.63364363 ], [ -52.90093996, -30.63199343 ], [ -52.89977403, -30.62523577 ], [ -52.9028114, -30.62258281 ], [ -52.90379887, -30.61933485 ], [ -52.90932466, -30.61828659 ], [ -52.91338096, -30.62122414 ], [ -52.92234677, -30.62048175 ], [ -52.92738647, -30.62190943 ], [ -52.93228893, -30.6292481 ], [ -52.93872862, -30.6250957 ], [ -52.94479819, -30.62437678 ], [ -52.94364455, -30.61572169 ], [ -52.94051943, -30.61044899 ], [ -52.94278943, -30.60609458 ], [ -52.95647133, -30.6037865 ], [ -52.96889566, -30.59760288 ], [ -52.97435393, -30.60194905 ], [ -52.98141481, -30.60359321 ], [ -52.97820419, -30.60819387 ], [ -52.98393394, -30.61420915 ], [ -52.98681224, -30.62056803 ], [ -52.98520611, -30.62586947 ], [ -52.99347474, -30.63056891 ], [ -52.9966637, -30.63387698 ], [ -52.99785712, -30.63793535 ], [ -53.00227804, -30.63900044 ], [ -53.00011404, -30.64550263 ], [ -53.00569626, -30.6476727 ], [ -53.01094046, -30.64583377 ], [ -53.01442042, -30.64639889 ], [ -53.0208439, -30.65245542 ], [ -53.02405081, -30.65138205 ], [ -53.03778773, -30.66382851 ], [ -53.04317791, -30.66395856 ], [ -53.04740484, -30.66704939 ], [ -53.05421936, -30.66658567 ], [ -53.05676841, -30.66863314 ], [ -53.0672257, -30.67034126 ], [ -53.06634364, -30.67509679 ], [ -53.07130919, -30.6846561 ], [ -53.07432158, -30.68738296 ], [ -53.08479608, -30.69197472 ], [ -53.08811736, -30.69194677 ], [ -53.0905506, -30.694133 ], [ -53.09258652, -30.70062246 ], [ -53.09207583, -30.70399299 ], [ -53.08314463, -30.70902654 ], [ -53.08608564, -30.71383781 ], [ -53.08653135, -30.71915013 ], [ -53.09093603, -30.71963676 ], [ -53.09465646, -30.72203505 ], [ -53.09605558, -30.72825972 ], [ -53.0946279, -30.73279973 ], [ -53.09555589, -30.74439247 ], [ -53.09801824, -30.75237453 ], [ -53.1014747, -30.75408064 ], [ -53.11545404, -30.75408064 ], [ -53.13023428, -30.76083724 ], [ -53.13457679, -30.76517975 ], [ -53.13612344, -30.76929146 ], [ -53.13832445, -30.7700053 ], [ -53.13929307, -30.77197514 ], [ -53.13804552, -30.77414779 ], [ -53.14080174, -30.77797493 ], [ -53.15750358, -30.7780704 ], [ -53.16297196, -30.76834307 ], [ -53.173208, -30.76585537 ], [ -53.18377281, -30.76583157 ], [ -53.18940138, -30.76882981 ], [ -53.18850794, -30.7758491 ], [ -53.19448004, -30.78682035 ], [ -53.1977926, -30.78479112 ], [ -53.20413148, -30.7940615 ], [ -53.21083584, -30.79191912 ], [ -53.21572782, -30.79487851 ], [ -53.22996291, -30.79282418 ], [ -53.23979452, -30.80722532 ], [ -53.24768748, -30.80621672 ], [ -53.25438266, -30.80188292 ], [ -53.25897196, -30.80204466 ], [ -53.26551703, -30.79969548 ], [ -53.27550037, -30.79188918 ], [ -53.28674332, -30.79206764 ], [ -53.28698127, -30.78249745 ], [ -53.28460181, -30.78017748 ], [ -53.28483836, -30.77779643 ], [ -53.28240081, -30.77690572 ], [ -53.28061621, -30.76898687 ], [ -53.28293618, -30.76630998 ], [ -53.28406643, -30.76851098 ], [ -53.28591051, -30.76868944 ], [ -53.28995559, -30.76053978 ], [ -53.29180307, -30.76067562 ], [ -53.29729328, -30.76615978 ], [ -53.30490363, -30.76106547 ], [ -53.31077365, -30.76252796 ], [ -53.31558996, -30.76150916 ], [ -53.32083782, -30.75540122 ], [ -53.33490026, -30.75404686 ], [ -53.35210561, -30.73899067 ], [ -53.36017198, -30.73920482 ], [ -53.36270611, -30.74120357 ], [ -53.37282032, -30.74228455 ], [ -53.37947598, -30.74478311 ], [ -53.38749058, -30.74105101 ], [ -53.39734332, -30.74249075 ], [ -53.4034689, -30.74068183 ], [ -53.41518296, -30.74957208 ], [ -53.42378709, -30.76084121 ], [ -53.42835083, -30.76211907 ], [ -53.43127288, -30.76065085 ], [ -53.43635303, -30.76159074 ], [ -53.44195284, -30.75582653 ], [ -53.44451458, -30.75533276 ], [ -53.44601833, -30.7580383 ], [ -53.45244244, -30.76059393 ], [ -53.45370375, -30.76282645 ], [ -53.4628285, -30.76476421 ], [ -53.46352482, -30.76652165 ], [ -53.47570887, -30.76489037 ], [ -53.47960638, -30.76671501 ], [ -53.47954933, -30.77201341 ], [ -53.48342749, -30.77280282 ], [ -53.48866955, -30.77659425 ], [ -53.49470347, -30.77762157 ], [ -53.49642842, -30.78121885 ], [ -53.50313917, -30.78318625 ], [ -53.50444041, -30.78899214 ], [ -53.50322598, -30.79360055 ], [ -53.50569416, -30.79710258 ], [ -53.51143299, -30.80012953 ], [ -53.52385135, -30.78781923 ], [ -53.52218628, -30.78304444 ], [ -53.51693702, -30.7766176 ], [ -53.51766287, -30.76530861 ], [ -53.53197848, -30.75201086 ], [ -53.53893904, -30.75181556 ], [ -53.5419848, -30.75416134 ], [ -53.548986, -30.7524632 ], [ -53.54812863, -30.74383189 ], [ -53.55314925, -30.73935179 ], [ -53.55853665, -30.73705963 ], [ -53.5591503, -30.72923699 ], [ -53.56313772, -30.72237015 ], [ -53.56475217, -30.71264621 ], [ -53.56046101, -30.70923017 ], [ -53.5521524, -30.69650278 ], [ -53.55332829, -30.69019396 ], [ -53.55050651, -30.68416767 ], [ -53.55046151, -30.67954789 ], [ -53.54652532, -30.6746634 ], [ -53.54576859, -30.67033272 ], [ -53.54838059, -30.66097703 ], [ -53.54698067, -30.65730069 ], [ -53.55348285, -30.65143259 ], [ -53.55837075, -30.64968023 ], [ -53.55750255, -30.64574089 ], [ -53.56518861, -30.64469775 ], [ -53.58149871, -30.64654993 ], [ -53.58748196, -30.64469734 ], [ -53.59250885, -30.64814801 ], [ -53.59505395, -30.64795401 ], [ -53.59390887, -30.6344795 ], [ -53.58778103, -30.62823268 ], [ -53.58837318, -30.62543679 ], [ -53.58998203, -30.62319536 ], [ -53.60343312, -30.62438229 ], [ -53.60718077, -30.62027772 ], [ -53.6092628, -30.62117002 ], [ -53.61116636, -30.62955762 ], [ -53.61824526, -30.63943238 ], [ -53.62550262, -30.64169287 ], [ -53.62883386, -30.63770727 ], [ -53.63103486, -30.6375883 ], [ -53.63666785, -30.6426886 ], [ -53.64523391, -30.64599605 ], [ -53.64530529, -30.64768546 ], [ -53.64839134, -30.6459133 ], [ -53.65554566, -30.64524703 ], [ -53.66244375, -30.65088711 ], [ -53.67523335, -30.65368297 ], [ -53.68151343, -30.65205231 ], [ -53.69087831, -30.65362349 ], [ -53.69500498, -30.65041048 ], [ -53.69718218, -30.64574198 ], [ -53.70103691, -30.64452845 ], [ -53.70693952, -30.64477934 ], [ -53.71061421, -30.648557 ], [ -53.71720791, -30.64753698 ], [ -53.72452366, -30.64866749 ], [ -53.72598315, -30.64759094 ], [ -53.72319442, -30.63810165 ], [ -53.72308587, -30.63179397 ], [ -53.72710115, -30.62634301 ], [ -53.72996898, -30.61596237 ], [ -53.7295172, -30.61215389 ], [ -53.72448544, -30.6094371 ], [ -53.72106261, -30.60509564 ], [ -53.71907492, -30.60588198 ], [ -53.716517, -30.60332406 ], [ -53.71621957, -30.60171793 ], [ -53.71932927, -30.59812406 ], [ -53.71682269, -30.59460386 ], [ -53.71352901, -30.59458284 ], [ -53.71296659, -30.58072322 ], [ -53.70681728, -30.57764565 ], [ -53.70030523, -30.56867445 ], [ -53.70540557, -30.56405844 ], [ -53.70479815, -30.56112194 ], [ -53.7122628, -30.55525291 ], [ -53.71246505, -30.54621095 ], [ -53.71695034, -30.53446831 ], [ -53.72494073, -30.52523917 ], [ -53.74156988, -30.51646142 ], [ -53.74489233, -30.5132383 ], [ -53.76359487, -30.51950158 ], [ -53.77966251, -30.51802973 ], [ -53.78046501, -30.51558144 ], [ -53.78236858, -30.51528401 ], [ -53.80429317, -30.52113865 ], [ -53.80717765, -30.5206765 ], [ -53.81600308, -30.52491175 ], [ -53.8255941, -30.51165887 ], [ -53.82509917, -30.5065002 ], [ -53.83322741, -30.49842907 ], [ -53.83897619, -30.49641129 ], [ -53.84135565, -30.49342268 ], [ -53.83596023, -30.48778771 ], [ -53.84524015, -30.48285556 ], [ -53.84989075, -30.48249033 ], [ -53.85277584, -30.47765295 ], [ -53.85851568, -30.47556921 ], [ -53.87336001, -30.48245372 ], [ -53.87782905, -30.48762726 ], [ -53.87998597, -30.49420674 ], [ -53.88658933, -30.49652322 ], [ -53.88815634, -30.49894722 ], [ -53.88280255, -30.50515761 ], [ -53.88158903, -30.50958341 ], [ -53.88310628, -30.51629917 ], [ -53.89151138, -30.52036237 ], [ -53.90425255, -30.53425553 ], [ -53.90424065, -30.53717037 ], [ -53.91306047, -30.54114161 ], [ -53.92227697, -30.54930562 ], [ -53.92897515, -30.56338014 ], [ -53.93320395, -30.56733089 ], [ -53.93856661, -30.56558269 ], [ -53.94418214, -30.56049065 ], [ -53.95184569, -30.56207373 ], [ -53.95541488, -30.558683 ], [ -53.95969791, -30.56118143 ], [ -53.95987637, -30.57028287 ], [ -53.95715833, -30.57945317 ], [ -53.96041175, -30.58391242 ], [ -53.96082815, -30.58861186 ], [ -53.96463529, -30.59093183 ], [ -53.96892238, -30.60244664 ], [ -53.97221556, -30.60459767 ], [ -53.97528536, -30.61002389 ], [ -53.98037473, -30.61170988 ], [ -53.98762287, -30.61848744 ], [ -53.98451767, -30.62114054 ], [ -53.97897353, -30.63136033 ], [ -53.98109124, -30.63957679 ], [ -53.98601673, -30.64083791 ], [ -53.98806307, -30.64369326 ], [ -53.99574872, -30.64830941 ], [ -54.00287289, -30.64759347 ], [ -54.01393881, -30.665143 ], [ -54.01732951, -30.67565775 ], [ -54.01796294, -30.69301436 ], [ -54.02631659, -30.69191131 ], [ -54.03279051, -30.69393611 ], [ -54.03786906, -30.69982992 ], [ -54.05236626, -30.69227224 ], [ -54.05750481, -30.68757039 ], [ -54.06159288, -30.68677018 ], [ -54.06967395, -30.69045631 ], [ -54.07354817, -30.6942297 ], [ -54.08032757, -30.69558395 ], [ -54.08676148, -30.70068448 ], [ -54.09824905, -30.69816475 ], [ -54.10482443, -30.7002499 ], [ -54.10933194, -30.70374424 ], [ -54.11388266, -30.70374424 ], [ -54.11882004, -30.70591549 ], [ -54.12682098, -30.70499345 ], [ -54.13630908, -30.70957392 ], [ -54.14023519, -30.7145113 ], [ -54.14447497, -30.7251823 ], [ -54.14523638, -30.74049999 ], [ -54.13845491, -30.74490199 ], [ -54.13297359, -30.74399402 ], [ -54.13195042, -30.74554067 ], [ -54.13827645, -30.75204037 ], [ -54.14326189, -30.76166035 ], [ -54.15088184, -30.76710091 ], [ -54.15592312, -30.7733044 ], [ -54.15950778, -30.78174553 ], [ -54.15563637, -30.79007513 ], [ -54.15881015, -30.79391705 ], [ -54.15505437, -30.79493654 ], [ -54.14458261, -30.80374722 ], [ -54.13890998, -30.80473708 ], [ -54.13481142, -30.80784832 ], [ -54.13580026, -30.81377923 ], [ -54.13264723, -30.82156462 ], [ -54.1318287, -30.82866494 ], [ -54.12879904, -30.83421966 ], [ -54.1266008, -30.84554312 ], [ -54.11720568, -30.85325159 ], [ -54.1147604, -30.85646737 ], [ -54.11485334, -30.85952079 ], [ -54.10880351, -30.86366489 ], [ -54.10126218, -30.87372307 ], [ -54.09996424, -30.88013853 ], [ -54.10090195, -30.88348477 ], [ -54.09711793, -30.89310905 ], [ -54.10021149, -30.8994633 ], [ -54.09399515, -30.91647645 ], [ -54.09577974, -30.92522096 ], [ -54.10071712, -30.93000963 ], [ -54.10752833, -30.94131207 ], [ -54.11008625, -30.94407819 ], [ -54.11924718, -30.94723098 ], [ -54.12590967, -30.96941945 ], [ -54.1251066, -30.97795577 ], [ -54.12653428, -30.98009728 ], [ -54.13453521, -30.98964487 ], [ -54.13941311, -30.99110229 ], [ -54.14988274, -30.99969809 ], [ -54.16124466, -31.01338 ], [ -54.17965574, -31.01980454 ], [ -54.18703734, -31.03465209 ], [ -54.18665068, -31.04063049 ], [ -54.1914096, -31.06561483 ], [ -54.1916178, -31.07531113 ], [ -54.19575211, -31.07804751 ], [ -54.19445312, -31.08123514 ], [ -54.19786389, -31.09633962 ], [ -54.18944654, -31.10734463 ], [ -54.18303332, -31.11313485 ], [ -54.1768629, -31.11574683 ], [ -54.17380158, -31.12177011 ], [ -54.16965071, -31.14475759 ], [ -54.16761791, -31.14718199 ], [ -54.1696623, -31.15798376 ], [ -54.16633941, -31.1644869 ], [ -54.16776205, -31.16658929 ], [ -54.16553974, -31.17620882 ], [ -54.15867818, -31.19367774 ], [ -54.15089734, -31.19189314 ], [ -54.15081484, -31.18868711 ], [ -54.150101, -31.1918399 ], [ -54.13698422, -31.19707471 ], [ -54.11423063, -31.19633113 ], [ -54.10280922, -31.19987058 ], [ -54.09058176, -31.20699815 ], [ -54.08598842, -31.20545513 ], [ -54.07531654, -31.20638312 ], [ -54.07449563, -31.20938124 ], [ -54.07799343, -31.21145137 ], [ -54.07927834, -31.21423534 ], [ -54.07767221, -31.21855406 ], [ -54.08020633, -31.21944636 ], [ -54.07713683, -31.22526168 ], [ -54.07218058, -31.22726043 ], [ -54.06529953, -31.2272849 ], [ -54.05781361, -31.2306658 ], [ -54.04998161, -31.23824584 ], [ -54.05116581, -31.24488189 ], [ -54.04376489, -31.24382394 ], [ -54.03992839, -31.24840206 ], [ -54.03183055, -31.25026964 ], [ -54.01852318, -31.2490512 ], [ -54.01255983, -31.24608209 ], [ -54.0006606, -31.25449386 ], [ -53.99927575, -31.25746342 ], [ -54.00063205, -31.26106117 ], [ -53.99734839, -31.26277438 ], [ -53.99407901, -31.26036161 ], [ -53.98933387, -31.25989324 ], [ -53.98665782, -31.2638471 ], [ -53.98176803, -31.25970684 ], [ -53.98162526, -31.25495982 ], [ -53.97994774, -31.25239 ], [ -53.97250597, -31.25519183 ], [ -53.96974679, -31.25367754 ], [ -53.96358606, -31.25424265 ], [ -53.95769689, -31.25019757 ], [ -53.94428268, -31.25135755 ], [ -53.93672789, -31.2474017 ], [ -53.91772195, -31.24832374 ], [ -53.91433122, -31.25222011 ], [ -53.91006297, -31.25288969 ], [ -53.91116942, -31.25938561 ], [ -53.90115258, -31.2527457 ], [ -53.88447187, -31.25442444 ], [ -53.87757064, -31.26663215 ], [ -53.87708724, -31.27873602 ], [ -53.85878919, -31.29122819 ], [ -53.84499425, -31.29630816 ], [ -53.84509655, -31.30103094 ], [ -53.82725876, -31.30230826 ], [ -53.82151493, -31.30004409 ], [ -53.81277812, -31.29996135 ], [ -53.80689173, -31.29731352 ], [ -53.80340839, -31.30171623 ], [ -53.7987732, -31.30097383 ], [ -53.7970124, -31.30268705 ], [ -53.7890211, -31.30453962 ], [ -53.78352695, -31.31329967 ], [ -53.77944875, -31.31482563 ], [ -53.77750691, -31.31808239 ], [ -53.77312721, -31.31805778 ], [ -53.77131882, -31.3201993 ], [ -53.77298444, -31.32462509 ], [ -53.76970079, -31.32886053 ], [ -53.76989114, -31.33090687 ], [ -53.77298444, -31.33419053 ], [ -53.77722972, -31.33529022 ], [ -53.78509973, -31.344534 ], [ -53.79892903, -31.33998197 ], [ -53.80796117, -31.34065543 ], [ -53.81006881, -31.3464154 ], [ -53.8067566, -31.35739899 ], [ -53.80397739, -31.35905509 ], [ -53.80287332, -31.36547012 ], [ -53.80353957, -31.36973411 ], [ -53.80807006, -31.37485471 ], [ -53.80548121, -31.38161238 ], [ -53.80692792, -31.38975966 ], [ -53.81200186, -31.39293821 ], [ -53.81096513, -31.39644821 ], [ -53.81314383, -31.40278523 ], [ -53.81733168, -31.40578335 ], [ -53.82860906, -31.40155473 ], [ -53.83291588, -31.40619468 ], [ -53.84133918, -31.41000182 ], [ -53.84173344, -31.4180547 ], [ -53.84637339, -31.4233609 ], [ -53.84794383, -31.42916678 ], [ -53.85001396, -31.43097518 ], [ -53.84939205, -31.43726033 ], [ -53.86613318, -31.43891301 ], [ -53.87579974, -31.44364219 ], [ -53.89842705, -31.44644614 ], [ -53.90429378, -31.44355296 ], [ -53.90530585, -31.44775379 ], [ -53.90915867, -31.4492005 ], [ -53.91244804, -31.45328175 ], [ -53.92223337, -31.45344555 ], [ -53.92267465, -31.46213136 ], [ -53.92431053, -31.46471903 ], [ -53.93186532, -31.46445134 ], [ -53.93656475, -31.47694351 ], [ -53.93965805, -31.4807209 ], [ -53.94652875, -31.48476598 ], [ -53.95000871, -31.4849147 ], [ -53.95333995, -31.48223781 ], [ -53.95768247, -31.4829219 ], [ -53.96253062, -31.47908502 ], [ -53.97184026, -31.47979886 ], [ -53.97746174, -31.47602146 ], [ -53.98349962, -31.47486148 ], [ -53.98787188, -31.47670556 ], [ -53.99489129, -31.47512917 ], [ -53.99768716, -31.47795478 ], [ -54.00729423, -31.48095885 ], [ -54.01306442, -31.4798286 ], [ -54.01803155, -31.4873239 ], [ -54.02460481, -31.4891085 ], [ -54.0239802, -31.49318333 ], [ -54.02612172, -31.49803148 ], [ -54.02722222, -31.50023248 ], [ -54.03046423, -31.50127349 ], [ -54.02846549, -31.50570078 ], [ -54.03542541, -31.51420735 ], [ -54.03343261, -31.51718168 ], [ -54.04164175, -31.52211906 ], [ -54.04083868, -31.52985231 ], [ -54.0451812, -31.5407086 ], [ -54.04762015, -31.54207679 ], [ -54.0480663, -31.54665725 ], [ -54.05828608, -31.54903523 ], [ -54.05908915, -31.55275313 ], [ -54.06551369, -31.55775 ], [ -54.07156942, -31.55903491 ], [ -54.0754301, -31.56441398 ], [ -54.07242603, -31.56700164 ], [ -54.07302089, -31.56920265 ], [ -54.07801776, -31.57521078 ], [ -54.08738689, -31.5819625 ], [ -54.08940943, -31.58499632 ], [ -54.089112, -31.58844654 ], [ -54.09886779, -31.59620953 ], [ -54.10047392, -31.59939206 ], [ -54.09910573, -31.60156331 ], [ -54.10008726, -31.61036732 ], [ -54.10889127, -31.61697032 ], [ -54.10701744, -31.62104515 ], [ -54.10785025, -31.62315692 ], [ -54.11439377, -31.62288923 ], [ -54.11552402, -31.62565536 ], [ -54.11463172, -31.62910558 ], [ -54.11632708, -31.63109837 ], [ -54.12215676, -31.63448911 ], [ -54.12456597, -31.6380583 ], [ -54.132333, -31.64150865 ], [ -54.14542003, -31.64400709 ], [ -54.15302746, -31.6428008 ], [ -54.1566014, -31.65466171 ], [ -54.16197159, -31.66052385 ], [ -54.16210161, -31.66677228 ], [ -54.16797622, -31.66608852 ], [ -54.17528116, -31.67979422 ], [ -54.18050606, -31.69725946 ], [ -54.17985153, -31.69916229 ], [ -54.19039272, -31.69907975 ], [ -54.1917465, -31.70030967 ], [ -54.18992873, -31.70714612 ], [ -54.19189178, -31.71039408 ], [ -54.1979951, -31.71142915 ], [ -54.20238521, -31.71646171 ], [ -54.20620424, -31.71710416 ], [ -54.2059544, -31.72306471 ], [ -54.21312848, -31.7270979 ], [ -54.21292566, -31.73083001 ], [ -54.22052702, -31.73846846 ], [ -54.2205167, -31.74276665 ], [ -54.22390844, -31.75168792 ], [ -54.2271802, -31.75299663 ], [ -54.23234381, -31.75875745 ], [ -54.23607514, -31.75530754 ], [ -54.23914934, -31.74918004 ], [ -54.25473277, -31.7483479 ], [ -54.26013414, -31.74960902 ], [ -54.26436958, -31.75436794 ], [ -54.28028818, -31.76400476 ], [ -54.28343211, -31.76840029 ], [ -54.28276158, -31.77678656 ], [ -54.28447966, -31.78025422 ], [ -54.15586, -31.874361 ], [ -54.15360823, -31.87881264 ], [ -54.14911, -31.87957963 ], [ -54.14329222, -31.88318451 ], [ -54.14101388, -31.89439177 ], [ -54.13511182, -31.89772165 ], [ -54.13342716, -31.8958514 ], [ -54.12557386, -31.89926963 ], [ -54.1204711, -31.90357128 ], [ -54.11618807, -31.90467178 ], [ -54.11550536, -31.90688965 ], [ -54.11003212, -31.90810667 ], [ -54.10805368, -31.91004549 ], [ -54.10865251, -31.91157243 ], [ -54.10524255, -31.912524 ], [ -54.1073085, -31.91920414 ], [ -54.10002097, -31.92440926 ], [ -54.10144865, -31.92693744 ], [ -54.0974928, -31.92827588 ], [ -54.09428052, -31.93163687 ], [ -54.09139543, -31.93032817 ], [ -54.08940762, -31.93503586 ], [ -54.08693394, -31.93470043 ], [ -54.08777338, -31.93099091 ], [ -54.08030119, -31.92881126 ], [ -54.0807176, -31.92455797 ], [ -54.07729712, -31.92128622 ], [ -54.07271666, -31.91881753 ], [ -54.07018848, -31.92220826 ], [ -54.06747743, -31.92279149 ], [ -54.06331779, -31.91988828 ], [ -54.06263369, -31.91611089 ], [ -54.05641735, -31.91179812 ], [ -54.05671478, -31.90935917 ], [ -54.05385943, -31.90528434 ], [ -54.04913025, -31.90543306 ], [ -54.04764309, -31.90364846 ], [ -54.04484722, -31.90361872 ], [ -54.04472825, -31.90159618 ], [ -54.04264622, -31.90100131 ], [ -54.0401524, -31.89667203 ], [ -54.03560525, -31.89752864 ], [ -54.03249048, -31.89538061 ], [ -54.03122937, -31.89607065 ], [ -54.03181827, -31.89880638 ], [ -54.02629556, -31.89687015 ], [ -54.02341343, -31.89816696 ], [ -54.02319472, -31.90166447 ], [ -54.01617293, -31.90105294 ], [ -54.01526636, -31.90251631 ], [ -54.01816542, -31.90415623 ], [ -54.01215164, -31.90509327 ], [ -54.01317065, -31.90715864 ], [ -54.01641984, -31.90660888 ], [ -54.01529122, -31.90859726 ], [ -54.00681082, -31.90816896 ], [ -54.00673754, -31.91261189 ], [ -54.00428574, -31.91466775 ], [ -54.00139232, -31.91335428 ], [ -53.99975584, -31.91535266 ], [ -53.99747156, -31.91373463 ], [ -53.99469235, -31.91535266 ], [ -53.99214157, -31.91461027 ], [ -53.98991439, -31.9175608 ], [ -53.98399429, -31.9175608 ], [ -53.98127219, -31.91598084 ], [ -53.97796646, -31.91823294 ], [ -53.97580115, -31.91745367 ], [ -53.97133966, -31.91894083 ], [ -53.96972163, -31.91769399 ], [ -53.96730886, -31.92027333 ], [ -53.96968723, -31.92115214 ], [ -53.969015, -31.927156 ], [ -53.964994, -31.926333 ], [ -53.965923, -31.928932 ], [ -53.96384896, -31.93164271 ], [ -53.96454376, -31.93349869 ], [ -53.96671555, -31.93331634 ], [ -53.96732298, -31.93672524 ], [ -53.97117867, -31.93511339 ], [ -53.97270662, -31.94012088 ], [ -53.97110493, -31.94317358 ], [ -53.96797653, -31.94401948 ], [ -53.96616378, -31.94975636 ], [ -53.96211965, -31.95157998 ], [ -53.9606777, -31.95526338 ], [ -53.95796511, -31.95489219 ], [ -53.95426743, -31.95699087 ], [ -53.94755111, -31.9543804 ], [ -53.94175117, -31.95868127 ], [ -53.93627722, -31.95841953 ], [ -53.93253671, -31.9609608 ], [ -53.93215599, -31.96317846 ], [ -53.9265595, -31.96193162 ], [ -53.92581711, -31.96356869 ], [ -53.92245731, -31.96286437 ], [ -53.91314886, -31.96571972 ], [ -53.90979501, -31.96963393 ], [ -53.91046963, -31.97147852 ], [ -53.90841254, -31.97262373 ], [ -53.90875514, -31.97431916 ], [ -53.90234581, -31.97926113 ], [ -53.89892652, -31.97801192 ], [ -53.89666366, -31.98091724 ], [ -53.89658513, -31.9852431 ], [ -53.89428658, -31.98572851 ], [ -53.89152402, -31.9891121 ], [ -53.89283459, -31.99181896 ], [ -53.89191252, -31.99547651 ], [ -53.8796345, -31.99484595 ], [ -53.87032117, -31.9991146 ], [ -53.86894523, -31.99821301 ], [ -53.87137237, -31.99691831 ], [ -53.87082034, -31.99555725 ], [ -53.86444338, -31.9927019 ], [ -53.86343449, -31.99614736 ], [ -53.86011276, -31.99497667 ], [ -53.86067697, -31.99742921 ], [ -53.85744539, -31.99666132 ], [ -53.85373343, -31.99967372 ], [ -53.84986189, -32.00045112 ], [ -53.85307194, -32.00518852 ], [ -53.85402576, -32.01061007 ], [ -53.85141981, -32.01291639 ], [ -53.85378355, -32.02170669 ], [ -53.85106444, -32.02696409 ], [ -53.85257372, -32.0296296 ], [ -53.85095771, -32.03059502 ], [ -53.85000994, -32.02920393 ], [ -53.84643165, -32.02908928 ], [ -53.83771824, -32.03317682 ], [ -53.84246575, -32.03714979 ], [ -53.84250935, -32.03952008 ], [ -53.83707308, -32.03956822 ], [ -53.83460438, -32.04163813 ], [ -53.83320246, -32.04646083 ], [ -53.83612621, -32.04877085 ], [ -53.83571896, -32.05154576 ], [ -53.82746751, -32.05947769 ], [ -53.81400657, -32.05946552 ], [ -53.81461513, -32.06247387 ], [ -53.80910741, -32.06603917 ], [ -53.80700408, -32.06978119 ], [ -53.8053478, -32.06915873 ], [ -53.8036901, -32.0708198 ], [ -53.79076106, -32.06799095 ], [ -53.789094, -32.06863615 ], [ -53.7911131, -32.07061865 ], [ -53.78931013, -32.07210811 ], [ -53.78727304, -32.07112182 ], [ -53.7827614, -32.07215813 ], [ -53.78112492, -32.06996334 ], [ -53.77774171, -32.07210947 ], [ -53.76952579, -32.07331203 ], [ -53.76804044, -32.07739724 ], [ -53.76442344, -32.0794896 ], [ -53.75663113, -32.07611173 ], [ -53.75451053, -32.07935948 ], [ -53.74595687, -32.07832106 ], [ -53.74768108, -32.08329944 ], [ -53.74518536, -32.09148654 ], [ -53.73389933, -32.09300399 ], [ -53.72518131, -32.09629545 ], [ -53.73111486, -32.1056712 ], [ -53.74006211, -32.10052083 ], [ -53.74047892, -32.10356626 ], [ -53.73764276, -32.10650778 ], [ -53.74030478, -32.1122132 ], [ -53.74449211, -32.11592176 ], [ -53.72576881, -32.14020334 ], [ -53.72617949, -32.14601064 ], [ -53.73445143, -32.1496949 ], [ -53.7351453, -32.15187363 ], [ -53.72919266, -32.15286192 ], [ -53.72332803, -32.15073767 ], [ -53.71762671, -32.1529874 ], [ -53.71900644, -32.16382935 ], [ -53.72285538, -32.16881301 ], [ -53.72339071, -32.17375783 ], [ -53.71266713, -32.17762562 ], [ -53.71464755, -32.18184994 ], [ -53.71410741, -32.18753209 ], [ -53.70897913, -32.18855186 ], [ -53.70478383, -32.18721468 ], [ -53.70269243, -32.18873507 ], [ -53.70267313, -32.19283182 ], [ -53.71062228, -32.19623844 ], [ -53.71105485, -32.19945131 ], [ -53.70406623, -32.20714979 ], [ -53.69842051, -32.20392779 ], [ -53.69396945, -32.20481016 ], [ -53.69260725, -32.20712578 ], [ -53.69446528, -32.21041133 ], [ -53.69346988, -32.21319524 ], [ -53.68548314, -32.21941808 ], [ -53.67804114, -32.23268601 ], [ -53.67654524, -32.23820114 ], [ -53.67938441, -32.24249178 ], [ -53.67673549, -32.25344594 ], [ -53.67770434, -32.25887154 ], [ -53.67068335, -32.26803891 ], [ -53.6666339, -32.27005538 ], [ -53.66505448, -32.27464828 ], [ -53.6580335, -32.27631973 ], [ -53.65569248, -32.28025424 ], [ -53.65741196, -32.28814283 ], [ -53.65652815, -32.28947027 ], [ -53.64290854, -32.29675668 ], [ -53.6432023, -32.30148161 ], [ -53.64739608, -32.31203633 ], [ -53.6563158, -32.31202366 ], [ -53.65717268, -32.3170624 ], [ -53.65454079, -32.32016953 ], [ -53.64701033, -32.32154753 ], [ -53.6432549, -32.32470163 ], [ -53.64476716, -32.32833108 ], [ -53.64454043, -32.33412212 ], [ -53.63915896, -32.34340338 ], [ -53.63335392, -32.34969014 ], [ -53.63382571, -32.35606907 ], [ -53.64360491, -32.3681541 ], [ -53.64525455, -32.38417029 ], [ -53.6246389, -32.39060911 ], [ -53.61381616, -32.39913805 ], [ -53.61221144, -32.40334069 ], [ -53.61553523, -32.41615762 ], [ -53.60580531, -32.42360209 ], [ -53.59933734, -32.43166544 ], [ -53.58900243, -32.43552793 ], [ -53.583939, -32.45156125 ], [ -53.5669824, -32.45896365 ], [ -53.56194291, -32.46703543 ], [ -53.55573821, -32.47322963 ], [ -53.54085167, -32.47329732 ], [ -53.54013562, -32.47554727 ], [ -53.54341888, -32.47960647 ], [ -53.53075761, -32.48274604 ], [ -53.52859179, -32.48433757 ], [ -53.52867226, -32.48783258 ], [ -53.52687809, -32.48916224 ], [ -53.52365653, -32.48813294 ], [ -53.52232685, -32.48602943 ], [ -53.52363609, -32.48299487 ], [ -53.51981541, -32.48114687 ], [ -53.51556578, -32.4831684 ], [ -53.51781623, -32.48795998 ], [ -53.51593076, -32.48964884 ], [ -53.50767445, -32.48292424 ], [ -53.50075535, -32.48108184 ], [ -53.48085283, -32.4837296 ], [ -53.47120429, -32.48027419 ], [ -53.46414166, -32.4848346 ], [ -53.46326823, -32.48906933 ], [ -53.46679477, -32.49288457 ], [ -53.46190892, -32.49828489 ], [ -53.46357693, -32.5026368 ], [ -53.46063008, -32.51149663 ], [ -53.45700439, -32.51547806 ], [ -53.45808254, -32.52138052 ], [ -53.44967872, -32.52867764 ], [ -53.44219239, -32.5398826 ], [ -53.43511524, -32.55312437 ], [ -53.43274815, -32.56475257 ], [ -53.43095385, -32.56629553 ], [ -53.42725331, -32.56574221 ], [ -53.42506335, -32.55916722 ], [ -53.42073244, -32.55881679 ], [ -53.41698823, -32.56238204 ], [ -53.41692831, -32.56836279 ], [ -53.4020022, -32.58119935 ], [ -53.38945111, -32.58674387 ], [ -53.38661022, -32.5866767 ], [ -53.3821967, -32.58112291 ], [ -53.377925, -32.57121326 ], [ -53.37108882, -32.5698637 ], [ -53.36186102, -32.57989829 ], [ -53.35521208, -32.59102087 ], [ -53.35106478, -32.5927175 ], [ -53.346654, -32.59199356 ], [ -53.33833094, -32.5847568 ], [ -53.33386946, -32.58482992 ], [ -53.32096098, -32.59649713 ], [ -53.30266519, -32.60546981 ], [ -53.29585539, -32.61763886 ], [ -53.28931964, -32.62147803 ], [ -53.28009941, -32.61972452 ], [ -53.27618347, -32.60939906 ], [ -53.27138118, -32.60488963 ], [ -53.2521111, -32.60257122 ], [ -53.24643898, -32.60826378 ], [ -53.2429772, -32.62427524 ], [ -53.238052, -32.629313 ], [ -53.21497301, -32.63890575 ], [ -53.19852488, -32.63824607 ], [ -53.189019, -32.642821 ], [ -53.183263, -32.649735 ], [ -53.18179157, -32.65419094 ], [ -53.18450578, -32.65447131 ], [ -53.1894497, -32.65854515 ], [ -53.19205073, -32.66573712 ], [ -53.19276457, -32.69386235 ], [ -53.18619726, -32.71170831 ], [ -53.1645512, -32.8053026 ], [ -53.15730047, -32.81205527 ], [ -53.18557705, -32.84944136 ], [ -53.28740628, -32.89677881 ], [ -53.30877243, -32.91808059 ], [ -53.24405245, -32.93585537 ], [ -53.30900028, -33.00696783 ], [ -53.3581357, -33.00413928 ], [ -53.44757907, -33.05482983 ], [ -53.52172586, -33.15630104 ], [ -53.52302888, -33.25013997 ], [ -53.5056969, -33.35108065 ], [ -53.51067188, -33.45966249 ], [ -53.52358478, -33.5267768 ], [ -53.52356111, -33.54585213 ], [ -53.52605179, -33.55240464 ], [ -53.52353946, -33.56329578 ], [ -53.5235224, -33.57704031 ], [ -53.52662286, -33.58431321 ], [ -53.52412443, -33.59409279 ], [ -53.53427743, -33.59052076 ], [ -53.53660633, -33.59288132 ], [ -53.53519273, -33.59247382 ], [ -53.53432472, -33.59507356 ], [ -53.54086964, -33.60393123 ], [ -53.53969411, -33.60786727 ], [ -53.54067928, -33.61242591 ], [ -53.53892078, -33.6059637 ], [ -53.53810946, -33.61230694 ], [ -53.53401679, -33.60990368 ], [ -53.53227978, -33.60259874 ], [ -53.53091985, -33.6041684 ], [ -53.53292564, -33.61273021 ], [ -53.52774162, -33.61686016 ], [ -53.52831424, -33.6184552 ], [ -53.52625695, -33.61578691 ], [ -53.52804298, -33.61405795 ], [ -53.52098447, -33.61525848 ], [ -53.51738736, -33.60767861 ], [ -53.52065842, -33.60583402 ], [ -53.51851006, -33.60493996 ], [ -53.51538861, -33.60523966 ], [ -53.51210211, -33.60873005 ], [ -53.50789006, -33.60982659 ], [ -53.505415, -33.614945 ], [ -53.500061, -33.614291 ], [ -53.500418, -33.615897 ], [ -53.504998, -33.616611 ], [ -53.507497, -33.61899 ], [ -53.507675, -33.615242 ], [ -53.509698, -33.61435 ], [ -53.51291, -33.620715 ], [ -53.51761, -33.622381 ], [ -53.516598, -33.625653 ], [ -53.518264, -33.63755 ], [ -53.517074, -33.640703 ], [ -53.520604, -33.647347 ], [ -53.519275, -33.652303 ], [ -53.520524, -33.657359 ], [ -53.518026, -33.661999 ], [ -53.517491, -33.670208 ], [ -53.524688, -33.687459 ], [ -53.52293645, -33.68948155 ], [ -53.442936, -33.693001 ], [ -53.44097984, -33.69476142 ], [ -53.4432038, -33.69706381 ], [ -53.44223575, -33.69961244 ], [ -53.43963905, -33.69807214 ], [ -53.43646478, -33.70112836 ], [ -53.4387386, -33.70443362 ], [ -53.43676323, -33.70639133 ], [ -53.43867153, -33.71232416 ], [ -53.43499238, -33.71499044 ], [ -53.43508489, -33.71790917 ], [ -53.4333444, -33.71971761 ], [ -53.43595994, -33.72450783 ], [ -53.43168922, -33.72805982 ], [ -53.43191908, -33.73585136 ], [ -53.43055451, -33.73944128 ], [ -53.42600262, -33.73926801 ], [ -53.41648475, -33.74832148 ], [ -53.40274257, -33.74971158 ], [ -53.39870421, -33.74798312 ], [ -53.39771653, -33.75007392 ], [ -53.39479274, -33.75107802 ], [ -53.38687454, -33.74624178 ], [ -53.38063456, -33.74756619 ], [ -53.37221782, -33.74313732 ], [ -53.36992859, -33.74410193 ], [ -53.36699808, -33.74050634 ], [ -53.33992083, -33.72043143 ], [ -53.25730207, -33.66542474 ], [ -53.20513525, -33.62480505 ], [ -53.16745353, -33.59860818 ], [ -53.09059394, -33.53423681 ], [ -52.79303441, -33.29712987 ], [ -52.75246809, -33.25919457 ], [ -52.71037189, -33.21481584 ], [ -52.63860739, -33.12552314 ], [ -52.61980965, -33.09775483 ], [ -52.60208267, -33.06734532 ], [ -52.55137635, -32.96636099 ], [ -52.51251976, -32.90061649 ], [ -52.48908206, -32.85357454 ], [ -52.45806598, -32.76834172 ], [ -52.42329592, -32.62732349 ], [ -52.39382034, -32.54362595 ], [ -52.37305954, -32.49196191 ], [ -52.34652856, -32.43455741 ], [ -52.30845718, -32.36299512 ], [ -52.27736952, -32.31368674 ], [ -52.25160271, -32.28024594 ], [ -52.23065126, -32.25636781 ], [ -52.20327586, -32.22967049 ], [ -52.13887275, -32.17707748 ], [ -52.11504528, -32.16416554 ], [ -52.09776088, -32.1611579 ], [ -52.0995883, -32.15917819 ], [ -52.09949312, -32.15409566 ], [ -52.10206294, -32.15103092 ], [ -52.1030528, -32.13724908 ], [ -52.10535612, -32.13157644 ], [ -52.10261498, -32.13035816 ], [ -52.10244366, -32.12221088 ], [ -52.10467083, -32.1193936 ], [ -52.10486119, -32.10353687 ], [ -52.09964541, -32.0827499 ], [ -52.08580646, -32.06594139 ], [ -52.08592068, -32.06108729 ], [ -52.08923289, -32.0598119 ], [ -52.10355486, -32.06796393 ], [ -52.10883727, -32.0742695 ], [ -52.11281097, -32.08371596 ], [ -52.11661811, -32.08583368 ], [ -52.11954484, -32.09097332 ], [ -52.1352347, -32.09944721 ], [ -52.14920734, -32.11633665 ], [ -52.15365388, -32.11663752 ], [ -52.15683182, -32.11389647 ], [ -52.15509969, -32.11236281 ], [ -52.15773465, -32.1123188 ], [ -52.1536051, -32.10358677 ], [ -52.15662252, -32.09631053 ], [ -52.15370983, -32.09033201 ], [ -52.15434986, -32.08669435 ], [ -52.1526081, -32.07968446 ], [ -52.14856777, -32.07156098 ], [ -52.13975901, -32.0611675 ], [ -52.1346051, -32.05748409 ], [ -52.11950518, -32.05229915 ], [ -52.10750656, -32.05075507 ], [ -52.10545071, -32.04869921 ], [ -52.10310932, -32.04871825 ], [ -52.10185296, -32.0451205 ], [ -52.09962579, -32.04748093 ], [ -52.09383894, -32.04765225 ], [ -52.09250644, -32.04955582 ], [ -52.08972723, -32.04927028 ], [ -52.08652923, -32.05168782 ], [ -52.08801402, -32.05800766 ], [ -52.08395942, -32.04955582 ], [ -52.08030456, -32.05003171 ], [ -52.08211295, -32.05201142 ], [ -52.08190356, -32.05223985 ], [ -52.07914339, -32.0502411 ], [ -52.07293775, -32.0515165 ], [ -52.07236668, -32.0493845 ], [ -52.07590202, -32.03901223 ], [ -52.07336898, -32.03801928 ], [ -52.07069022, -32.04184816 ], [ -52.07188947, -32.04354233 ], [ -52.06777776, -32.04420858 ], [ -52.06562672, -32.04875811 ], [ -52.06448458, -32.04586469 ], [ -52.0669973, -32.03823138 ], [ -52.06966229, -32.03609938 ], [ -52.07011915, -32.029494 ], [ -52.075373, -32.0303506 ], [ -52.0734473, -32.03792891 ], [ -52.07593729, -32.03890499 ], [ -52.07769152, -32.03117805 ], [ -52.08057543, -32.02837981 ], [ -52.08837054, -32.03052132 ], [ -52.09720786, -32.02953622 ], [ -52.10471744, -32.02640961 ], [ -52.10513146, -32.02843691 ], [ -52.10528851, -32.02619546 ], [ -52.1084294, -32.02473923 ], [ -52.10924317, -32.02753748 ], [ -52.10995701, -32.0245108 ], [ -52.11165404, -32.02629635 ], [ -52.11074033, -32.02825703 ], [ -52.1177645, -32.03459591 ], [ -52.13656563, -32.04568325 ], [ -52.15008752, -32.0480006 ], [ -52.16484665, -32.0561216 ], [ -52.17171627, -32.0554022 ], [ -52.20338917, -32.07538567 ], [ -52.20642298, -32.07464803 ], [ -52.20639919, -32.07643263 ], [ -52.20731528, -32.07320846 ], [ -52.20449562, -32.07087659 ], [ -52.20758892, -32.07057916 ], [ -52.21069411, -32.07367246 ], [ -52.21055181, -32.0758587 ], [ -52.21285942, -32.07649212 ], [ -52.21317309, -32.08171598 ], [ -52.21956449, -32.08504914 ], [ -52.22723388, -32.08483697 ], [ -52.23053112, -32.08167212 ], [ -52.23346695, -32.08333376 ], [ -52.23915129, -32.07944421 ], [ -52.23772996, -32.07666112 ], [ -52.23192383, -32.07448508 ], [ -52.23207611, -32.07238163 ], [ -52.23446509, -32.07135371 ], [ -52.23253297, -32.0700688 ], [ -52.22708876, -32.06799391 ], [ -52.22305795, -32.0682378 ], [ -52.21506323, -32.07216323 ], [ -52.21386371, -32.06839009 ], [ -52.21475839, -32.06635327 ], [ -52.20966635, -32.0600239 ], [ -52.20206159, -32.05811082 ], [ -52.19490259, -32.05878698 ], [ -52.20223838, -32.03876395 ], [ -52.21397068, -32.03493971 ], [ -52.22863748, -32.03583508 ], [ -52.23515873, -32.04357952 ], [ -52.24430414, -32.04535029 ], [ -52.24665094, -32.04959586 ], [ -52.25126604, -32.05284776 ], [ -52.25245944, -32.05206602 ], [ -52.25281811, -32.04714123 ], [ -52.24959765, -32.0438544 ], [ -52.24967152, -32.03640586 ], [ -52.24686874, -32.03033117 ], [ -52.24390631, -32.02541758 ], [ -52.23652998, -32.02203874 ], [ -52.23493574, -32.01917149 ], [ -52.2360303, -32.01060543 ], [ -52.2386477, -32.00427607 ], [ -52.23702967, -32.00217024 ], [ -52.24057507, -31.99836311 ], [ -52.24227638, -31.9935447 ], [ -52.23968277, -31.98921408 ], [ -52.23981364, -31.9846931 ], [ -52.23011734, -31.97820907 ], [ -52.23009354, -31.97493731 ], [ -52.22369279, -31.97178453 ], [ -52.22005618, -31.95932542 ], [ -52.21380653, -31.95950662 ], [ -52.20736811, -31.96573155 ], [ -52.20219939, -31.96238312 ], [ -52.18868189, -31.96318407 ], [ -52.18856783, -31.95611383 ], [ -52.18566236, -31.94958218 ], [ -52.17571533, -31.95254025 ], [ -52.17239567, -31.94824612 ], [ -52.16902636, -31.94677561 ], [ -52.16702761, -31.9428495 ], [ -52.15665017, -31.94916618 ], [ -52.15097669, -31.950036 ], [ -52.14944865, -31.94612753 ], [ -52.15485608, -31.94063156 ], [ -52.15653825, -31.93410041 ], [ -52.15498548, -31.92959876 ], [ -52.15010925, -31.92716745 ], [ -52.14526187, -31.92840717 ], [ -52.14198387, -31.93828362 ], [ -52.14295984, -31.94175257 ], [ -52.14532661, -31.94163709 ], [ -52.14638309, -31.94370722 ], [ -52.14442718, -31.95053152 ], [ -52.14218767, -31.95121932 ], [ -52.1314001, -31.9486327 ], [ -52.12145541, -31.94326585 ], [ -52.12003963, -31.94522891 ], [ -52.1157685, -31.94502665 ], [ -52.11306796, -31.9471407 ], [ -52.11429338, -31.94952017 ], [ -52.11322262, -31.95274434 ], [ -52.11240171, -31.95032918 ], [ -52.11272294, -31.94692655 ], [ -52.1150667, -31.94173933 ], [ -52.1234435, -31.93335639 ], [ -52.12765019, -31.93287473 ], [ -52.13371353, -31.92289075 ], [ -52.13962415, -31.91815004 ], [ -52.17514947, -31.90851761 ], [ -52.19343976, -31.89957788 ], [ -52.20835825, -31.88740049 ], [ -52.21901196, -31.87405215 ], [ -52.2229084, -31.87148624 ], [ -52.23174954, -31.87410838 ], [ -52.23730518, -31.8782193 ], [ -52.23721143, -31.88176623 ], [ -52.22837805, -31.8840081 ], [ -52.22908616, -31.89453401 ], [ -52.23265203, -31.8948862 ], [ -52.23525982, -31.89333637 ], [ -52.2414284, -31.88302319 ], [ -52.24817149, -31.87785943 ], [ -52.25358166, -31.87058001 ], [ -52.25688882, -31.85730723 ], [ -52.25731375, -31.84840222 ], [ -52.25294866, -31.84016392 ], [ -52.24476347, -31.83723331 ], [ -52.2384579, -31.83803637 ], [ -52.22992159, -31.84255735 ], [ -52.22631743, -31.84821897 ], [ -52.22258738, -31.84084987 ], [ -52.22270783, -31.81882184 ], [ -52.23600051, -31.804321 ], [ -52.23244893, -31.80595093 ], [ -52.22837529, -31.80501818 ], [ -52.22378168, -31.81317075 ], [ -52.21911586, -31.80339539 ], [ -52.21616533, -31.80425199 ], [ -52.21685537, -31.80558449 ], [ -52.21571323, -31.805989 ], [ -52.21721229, -31.80670284 ], [ -52.21547528, -31.8082019 ], [ -52.21735506, -31.81155694 ], [ -52.21325941, -31.80729176 ], [ -52.21620174, -31.79795099 ], [ -52.22088406, -31.79279446 ], [ -52.21623912, -31.79395385 ], [ -52.22232886, -31.79219241 ], [ -52.22266602, -31.78709762 ], [ -52.22012614, -31.78357673 ], [ -52.22668164, -31.76750118 ], [ -52.22734256, -31.75960973 ], [ -52.22576604, -31.75252263 ], [ -52.2208027, -31.74628507 ], [ -52.1954325, -31.72383193 ], [ -52.15907128, -31.70459184 ], [ -52.1547178, -31.70156893 ], [ -52.15609208, -31.70044455 ], [ -52.15562213, -31.69942138 ], [ -52.15482025, -31.7010373 ], [ -52.13153843, -31.6913501 ], [ -52.10405444, -31.68400954 ], [ -52.07537104, -31.6813436 ], [ -52.0694062, -31.6771872 ], [ -52.07161748, -31.67424683 ], [ -52.06921423, -31.67649542 ], [ -52.06923802, -31.673069 ], [ -52.07124867, -31.67005898 ], [ -52.07938267, -31.66913736 ], [ -52.08282215, -31.66710485 ], [ -52.07802731, -31.66057544 ], [ -52.07735815, -31.65600427 ], [ -52.07670362, -31.65568184 ], [ -52.08028709, -31.65369737 ], [ -52.07563596, -31.65609015 ], [ -52.07197158, -31.65233061 ], [ -52.06730784, -31.65066498 ], [ -52.06696074, -31.64756383 ], [ -52.06336559, -31.64511538 ], [ -52.05921119, -31.6388296 ], [ -52.05621147, -31.63828936 ], [ -52.05552256, -31.63389809 ], [ -52.05915838, -31.63111888 ], [ -52.05824466, -31.62550335 ], [ -52.05969137, -31.6264361 ], [ -52.05972945, -31.62171525 ], [ -52.0615188, -31.61996396 ], [ -52.06020534, -31.61343472 ], [ -52.0601292, -31.61861243 ], [ -52.05942488, -31.61946904 ], [ -52.05872055, -31.61552865 ], [ -52.05712156, -31.62342846 ], [ -52.05952005, -31.61983071 ], [ -52.05891091, -31.62371399 ], [ -52.05636013, -31.6237711 ], [ -52.05813045, -31.61075069 ], [ -52.05689327, -31.59780915 ], [ -52.05949481, -31.5978923 ], [ -52.0621836, -31.60093801 ], [ -52.06599074, -31.60950407 ], [ -52.06775154, -31.61866499 ], [ -52.07258185, -31.62359048 ], [ -52.09373525, -31.63022917 ], [ -52.10049292, -31.627469 ], [ -52.10258685, -31.62397119 ], [ -52.09966587, -31.62336008 ], [ -52.10001703, -31.62106825 ], [ -52.10691747, -31.61566687 ], [ -52.11391308, -31.60217533 ], [ -52.11750607, -31.56931497 ], [ -52.1151742, -31.56536507 ], [ -52.10644158, -31.56441328 ], [ -52.10489492, -31.56241453 ], [ -52.11048666, -31.559464 ], [ -52.10939211, -31.55522856 ], [ -52.11112911, -31.55532374 ], [ -52.11141465, -31.55368191 ], [ -52.10698885, -31.55489544 ], [ -52.10361002, -31.55246839 ], [ -52.09251816, -31.54951964 ], [ -52.08083025, -31.54885339 ], [ -52.07386318, -31.55127092 ], [ -52.07195962, -31.5534981 ], [ -52.05191504, -31.55886616 ], [ -52.04403426, -31.56372026 ], [ -52.04268273, -31.56360605 ], [ -52.04428173, -31.56219741 ], [ -52.04197841, -31.56164537 ], [ -52.04201648, -31.55998927 ], [ -52.03944666, -31.55905652 ], [ -52.0381903, -31.56019866 ], [ -52.03590602, -31.56826979 ], [ -52.04015098, -31.57108708 ], [ -52.04253044, -31.56903122 ], [ -52.04182612, -31.56804137 ], [ -52.04367258, -31.56809847 ], [ -52.04224491, -31.56697537 ], [ -52.04648868, -31.56739998 ], [ -52.04731673, -31.57283943 ], [ -52.04640302, -31.57389591 ], [ -52.04438999, -31.5729822 ], [ -52.0428472, -31.57523167 ], [ -52.0524635, -31.58622985 ], [ -52.05457528, -31.59530154 ], [ -52.05050045, -31.60850755 ], [ -52.0418749, -31.6228438 ], [ -52.03954313, -31.63496853 ], [ -52.03839488, -31.63655336 ], [ -52.03930685, -31.62734353 ], [ -52.03627074, -31.63073355 ], [ -52.03677068, -31.63427055 ], [ -52.03361076, -31.63777311 ], [ -52.03321101, -31.64121857 ], [ -52.02767162, -31.64757649 ], [ -52.04180121, -31.6456122 ], [ -52.04187034, -31.64790149 ], [ -52.04199633, -31.64543136 ], [ -52.03859846, -31.64538853 ], [ -52.0436096, -31.64390374 ], [ -52.04493297, -31.64811248 ], [ -52.04856663, -31.64928437 ], [ -52.04962012, -31.65172741 ], [ -52.04715024, -31.65511101 ], [ -52.04442059, -31.65558782 ], [ -52.04516577, -31.6630239 ], [ -52.04052582, -31.66471332 ], [ -52.0451572, -31.66824635 ], [ -52.04885869, -31.66860136 ], [ -52.04984855, -31.67065722 ], [ -52.0478498, -31.67183743 ], [ -52.04842563, -31.67277969 ], [ -52.05314053, -31.67188026 ], [ -52.0546157, -31.66856985 ], [ -52.05350459, -31.66845383 ], [ -52.0562838, -31.66819685 ], [ -52.05896783, -31.67034789 ], [ -52.05913916, -31.67383142 ], [ -52.05738905, -31.68251754 ], [ -52.03684368, -31.69498054 ], [ -52.03345199, -31.69540283 ], [ -52.03104615, -31.69315258 ], [ -52.02021634, -31.65816971 ], [ -52.01407025, -31.61995352 ], [ -52.01070926, -31.61290436 ], [ -52.01201797, -31.60457625 ], [ -52.01048525, -31.59941345 ], [ -52.01269655, -31.5970141 ], [ -52.01057883, -31.59320697 ], [ -52.01085798, -31.58964513 ], [ -52.01454614, -31.57408941 ], [ -52.01769893, -31.54752867 ], [ -52.01411211, -31.52089034 ], [ -52.01026197, -31.50491571 ], [ -52.00754686, -31.49953208 ], [ -52.00606888, -31.47639343 ], [ -51.999078, -31.43532429 ], [ -51.98795265, -31.39783432 ], [ -51.98087087, -31.38402242 ], [ -51.9758655, -31.38042515 ], [ -51.96834985, -31.3778388 ], [ -51.96146955, -31.37883979 ], [ -51.95513129, -31.37549725 ], [ -51.94695178, -31.37458273 ], [ -51.96088882, -31.3716351 ], [ -51.96253184, -31.3648617 ], [ -51.95992909, -31.35405282 ], [ -51.96285004, -31.35310309 ], [ -51.96047955, -31.35347417 ], [ -51.95814439, -31.35172194 ], [ -51.95529252, -31.34596212 ], [ -51.9489988, -31.33964794 ], [ -51.94434793, -31.33931712 ], [ -51.93887389, -31.3351078 ], [ -51.93174644, -31.33512326 ], [ -51.92287044, -31.33225751 ], [ -51.92077051, -31.32640617 ], [ -51.92735727, -31.32848741 ], [ -51.93134841, -31.32653189 ], [ -51.93007954, -31.32275305 ], [ -51.93107115, -31.32056667 ], [ -51.92549504, -31.31520314 ], [ -51.92265614, -31.31496988 ], [ -51.91973098, -31.31101867 ], [ -51.91388481, -31.30979815 ], [ -51.90615334, -31.31349784 ], [ -51.89276461, -31.31463305 ], [ -51.8859353, -31.31888515 ], [ -51.883698, -31.32275188 ], [ -51.87841639, -31.32430819 ], [ -51.88297958, -31.31412649 ], [ -51.87503963, -31.30903972 ], [ -51.87382238, -31.30333418 ], [ -51.87688623, -31.29880118 ], [ -51.8758439, -31.29651012 ], [ -51.86834006, -31.29421266 ], [ -51.86652566, -31.296455 ], [ -51.86684438, -31.2976365 ], [ -51.86692322, -31.29621345 ], [ -51.86974417, -31.29640167 ], [ -51.87327051, -31.29806523 ], [ -51.87172835, -31.29862572 ], [ -51.87356655, -31.29830387 ], [ -51.86012512, -31.30935236 ], [ -51.86167149, -31.30999718 ], [ -51.86255573, -31.30771681 ], [ -51.86327025, -31.30837076 ], [ -51.86345016, -31.30754435 ], [ -51.86604558, -31.30681029 ], [ -51.86792598, -31.30476805 ], [ -51.86862851, -31.30490182 ], [ -51.8656452, -31.3077673 ], [ -51.86328068, -31.30846905 ], [ -51.85749325, -31.31545824 ], [ -51.8577162, -31.32349025 ], [ -51.85957195, -31.32492005 ], [ -51.86054903, -31.32032355 ], [ -51.86079331, -31.32358659 ], [ -51.85756735, -31.33297645 ], [ -51.85456156, -31.32930039 ], [ -51.84442973, -31.32341801 ], [ -51.83515323, -31.30762592 ], [ -51.82800065, -31.30268815 ], [ -51.81896395, -31.29174055 ], [ -51.81231729, -31.28838745 ], [ -51.81382214, -31.28825609 ], [ -51.81302066, -31.28814002 ], [ -51.81327976, -31.28717458 ], [ -51.81476826, -31.2881653 ], [ -51.81244667, -31.28451523 ], [ -51.81035172, -31.28633958 ], [ -51.80908783, -31.28281487 ], [ -51.80445039, -31.27843908 ], [ -51.79409692, -31.27325468 ], [ -51.78246259, -31.27391351 ], [ -51.782069, -31.2726478 ], [ -51.77999905, -31.27442518 ], [ -51.77376161, -31.27487632 ], [ -51.76974257, -31.27788783 ], [ -51.76860381, -31.27631746 ], [ -51.76785858, -31.27893507 ], [ -51.7710644, -31.27918961 ], [ -51.77274519, -31.28209787 ], [ -51.77081977, -31.28318 ], [ -51.77088461, -31.28533252 ], [ -51.7686236, -31.28378395 ], [ -51.7697989, -31.28536447 ], [ -51.77193439, -31.28576828 ], [ -51.77055942, -31.28610829 ], [ -51.76727317, -31.28400978 ], [ -51.76800032, -31.28681857 ], [ -51.76725963, -31.28695982 ], [ -51.76057701, -31.28234146 ], [ -51.75628049, -31.28745728 ], [ -51.74684975, -31.2881409 ], [ -51.74236304, -31.28631222 ], [ -51.74322194, -31.28471222 ], [ -51.73825778, -31.28120768 ], [ -51.73132854, -31.28076784 ], [ -51.73420277, -31.27954157 ], [ -51.72958897, -31.27749461 ], [ -51.72802349, -31.27832317 ], [ -51.72626164, -31.27323056 ], [ -51.72017906, -31.2696104 ], [ -51.72722739, -31.27317807 ], [ -51.7280546, -31.2731962 ], [ -51.72900209, -31.27241009 ], [ -51.72716389, -31.27301555 ], [ -51.71424014, -31.26539758 ], [ -51.70152569, -31.26571872 ], [ -51.68480248, -31.26878687 ], [ -51.65532528, -31.26999402 ], [ -51.6210905, -31.26805469 ], [ -51.61595658, -31.27096481 ], [ -51.61947727, -31.26131028 ], [ -51.62357433, -31.25965308 ], [ -51.62412636, -31.26114224 ], [ -51.62185993, -31.26079511 ], [ -51.62040264, -31.26230563 ], [ -51.6222576, -31.26254848 ], [ -51.6200027, -31.26272896 ], [ -51.62597887, -31.26505867 ], [ -51.63417345, -31.25725538 ], [ -51.63786136, -31.24805011 ], [ -51.64267453, -31.22673891 ], [ -51.64352448, -31.20902694 ], [ -51.64131025, -31.18767788 ], [ -51.63483944, -31.17174079 ], [ -51.63560087, -31.16997999 ], [ -51.63943587, -31.16885725 ], [ -51.64142603, -31.16609441 ], [ -51.63442466, -31.17020569 ], [ -51.6299365, -31.15637716 ], [ -51.63295838, -31.1533256 ], [ -51.62964819, -31.15587277 ], [ -51.62089235, -31.14183899 ], [ -51.60670138, -31.13300883 ], [ -51.59619963, -31.12933159 ], [ -51.5850989, -31.1301574 ], [ -51.58092418, -31.12720138 ], [ -51.58253645, -31.12843282 ], [ -51.58331077, -31.12965149 ], [ -51.56808682, -31.12833359 ], [ -51.55828473, -31.1171337 ], [ -51.55103312, -31.11264172 ], [ -51.54477651, -31.11182462 ], [ -51.53713366, -31.11446136 ], [ -51.53298422, -31.11137098 ], [ -51.51574818, -31.1055754 ], [ -51.46833497, -31.0977366 ], [ -51.45584315, -31.09167062 ], [ -51.4420177, -31.08799673 ], [ -51.45275383, -31.0820576 ], [ -51.46512687, -31.06578094 ], [ -51.4743403, -31.05042028 ], [ -51.48797196, -31.01856102 ], [ -51.50002896, -30.97182907 ], [ -51.50053881, -30.92947308 ], [ -51.49750673, -30.91600691 ], [ -51.48765576, -30.89968381 ], [ -51.47528257, -30.88807204 ], [ -51.45853116, -30.87669822 ], [ -51.44477788, -30.87017849 ], [ -51.44024679, -30.86968084 ], [ -51.43833222, -30.87209691 ], [ -51.43427782, -30.87331938 ], [ -51.39025228, -30.87892725 ], [ -51.38091314, -30.87759021 ], [ -51.36998541, -30.87336193 ], [ -51.37905767, -30.86480488 ], [ -51.38738579, -30.84767276 ], [ -51.395799, -30.81918697 ], [ -51.39581116, -30.80773736 ], [ -51.40658926, -30.80574579 ], [ -51.39583658, -30.80712006 ], [ -51.40270952, -30.78333213 ], [ -51.40426069, -30.78236672 ], [ -51.40414909, -30.76654503 ], [ -51.40576713, -30.75617058 ], [ -51.4045298, -30.73918123 ], [ -51.39990054, -30.71225101 ], [ -51.40283371, -30.71392826 ], [ -51.40398294, -30.71391064 ], [ -51.40560688, -30.71243273 ], [ -51.40591243, -30.71108359 ], [ -51.40289907, -30.71384011 ], [ -51.39886669, -30.71086565 ], [ -51.39247267, -30.68188381 ], [ -51.39371818, -30.6792229 ], [ -51.39222665, -30.67824189 ], [ -51.39241736, -30.6709607 ], [ -51.38974806, -30.66777316 ], [ -51.38749286, -30.66784499 ], [ -51.39188837, -30.66678324 ], [ -51.39016455, -30.66535535 ], [ -51.38749286, -30.66675044 ], [ -51.38934884, -30.66518 ], [ -51.38715057, -30.66165176 ], [ -51.39322834, -30.6624224 ], [ -51.39544124, -30.66166692 ], [ -51.39588739, -30.66077462 ], [ -51.39335326, -30.66219635 ], [ -51.3868742, -30.66146939 ], [ -51.38696145, -30.65292974 ], [ -51.37910923, -30.640735 ], [ -51.37203033, -30.63550018 ], [ -51.35995457, -30.63181202 ], [ -51.35067467, -30.63097921 ], [ -51.33633842, -30.63288278 ], [ -51.32798336, -30.63721336 ], [ -51.31908732, -30.64507752 ], [ -51.31670786, -30.65298922 ], [ -51.31926579, -30.66233136 ], [ -51.31701715, -30.67391043 ], [ -51.317411, -30.67752305 ], [ -51.31973334, -30.68014008 ], [ -51.31371122, -30.68609072 ], [ -51.31676735, -30.69683079 ], [ -51.3144238, -30.69836858 ], [ -51.31551813, -30.70205077 ], [ -51.31410003, -30.70537771 ], [ -51.30623824, -30.71461726 ], [ -51.30148388, -30.72468549 ], [ -51.30195521, -30.72669303 ], [ -51.29761767, -30.73279572 ], [ -51.29655395, -30.75011923 ], [ -51.29297274, -30.76791719 ], [ -51.3006465, -30.78034987 ], [ -51.30519064, -30.78367301 ], [ -51.31692931, -30.78354964 ], [ -51.32644583, -30.78058782 ], [ -51.31177048, -30.78736928 ], [ -51.29428145, -30.79290153 ], [ -51.28738189, -30.79738786 ], [ -51.28448339, -30.80063227 ], [ -51.28619612, -30.80836367 ], [ -51.29725525, -30.815594 ], [ -51.29865653, -30.81500927 ], [ -51.29554838, -30.81846515 ], [ -51.2984598, -30.81838346 ], [ -51.29898435, -30.81390038 ], [ -51.3002114, -30.81724031 ], [ -51.29897977, -30.8191682 ], [ -51.29650444, -30.81952367 ], [ -51.28553693, -30.81705306 ], [ -51.28274106, -30.81163979 ], [ -51.28207516, -30.80316101 ], [ -51.29457888, -30.75013072 ], [ -51.2940435, -30.70599172 ], [ -51.30249058, -30.63865297 ], [ -51.30443814, -30.59901883 ], [ -51.30080452, -30.56581871 ], [ -51.2845764, -30.52218886 ], [ -51.26412153, -30.47718921 ], [ -51.25913091, -30.47126567 ], [ -51.25877399, -30.46609035 ], [ -51.25266045, -30.46052176 ], [ -51.25063791, -30.46037304 ], [ -51.24985441, -30.45186378 ], [ -51.24571226, -30.44777 ], [ -51.24742547, -30.44619955 ], [ -51.24576588, -30.44308451 ], [ -51.2318638, -30.42949574 ], [ -51.23003161, -30.42383262 ], [ -51.22315497, -30.41890713 ], [ -51.20830714, -30.41329161 ], [ -51.20664151, -30.41031728 ], [ -51.20144924, -30.40788831 ], [ -51.17573231, -30.40805679 ], [ -51.16485818, -30.4097938 ], [ -51.15131676, -30.41474148 ], [ -51.14213432, -30.42556962 ], [ -51.14206294, -30.42859154 ], [ -51.14448999, -30.43061408 ], [ -51.14332406, -30.4327318 ], [ -51.13770853, -30.43454019 ], [ -51.13575571, -30.43678612 ], [ -51.13349492, -30.43628593 ], [ -51.12874235, -30.43332429 ], [ -51.12548724, -30.42757551 ], [ -51.12832118, -30.42305834 ], [ -51.12643665, -30.41397832 ], [ -51.12131605, -30.40832472 ], [ -51.12186965, -30.39431436 ], [ -51.10486725, -30.3758298 ], [ -51.10190524, -30.37360335 ], [ -51.10068602, -30.3756832 ], [ -51.09907488, -30.3755171 ], [ -51.1023328, -30.37196933 ] ], [ [ -49.94211889, -29.05959402 ], [ -49.94418079, -29.05739984 ], [ -49.94688747, -29.05813597 ], [ -49.94714231, -29.05966161 ], [ -49.95519205, -29.06296087 ], [ -49.95656583, -29.06670767 ], [ -49.96542432, -29.06638104 ], [ -49.96982357, -29.06914748 ], [ -49.96808279, -29.06518607 ], [ -49.97779106, -29.06883549 ], [ -49.98692275, -29.06860688 ], [ -49.98623463, -29.07008733 ], [ -49.98405299, -29.06903583 ], [ -49.98334359, -29.07065309 ], [ -49.98644362, -29.07364327 ], [ -49.98663943, -29.07980565 ], [ -49.99172793, -29.07017158 ], [ -50.00266419, -29.07319413 ], [ -50.00768556, -29.07184771 ], [ -49.99645247, -29.06746911 ], [ -49.99365719, -29.06401864 ], [ -49.98971984, -29.06458506 ], [ -49.98978886, -29.06297589 ], [ -49.9938026, -29.06138719 ], [ -49.99664893, -29.06475223 ], [ -49.99926634, -29.06479982 ], [ -50.00188374, -29.06175411 ], [ -50.00269276, -29.06484741 ], [ -50.00578606, -29.06508535 ], [ -50.011879, -29.07197767 ], [ -50.00812879, -29.07357758 ], [ -50.0058878, -29.0776682 ], [ -50.00623098, -29.08156303 ], [ -50.00324677, -29.08376165 ], [ -50.00182175, -29.08212728 ], [ -49.99605381, -29.08538809 ], [ -49.99966317, -29.08867544 ], [ -49.99939807, -29.09181336 ], [ -50.00260419, -29.09375797 ], [ -50.00611274, -29.09212867 ], [ -50.00492945, -29.09497138 ], [ -50.00730892, -29.10058691 ], [ -50.0034066, -29.10720181 ], [ -50.00949802, -29.10972404 ], [ -50.0131148, -29.11410225 ], [ -50.01768336, -29.10953368 ], [ -50.02215675, -29.11229386 ], [ -50.02344166, -29.10753494 ], [ -50.03075052, -29.1064136 ], [ -50.03396279, -29.1033203 ], [ -50.03420074, -29.09987008 ], [ -50.04765496, -29.10182005 ], [ -50.05124478, -29.10173087 ], [ -50.05395026, -29.09951316 ], [ -50.07209365, -29.0997511 ], [ -50.07824308, -29.11097414 ], [ -50.08389452, -29.11393568 ], [ -50.0842289, -29.1196196 ], [ -50.09368726, -29.1222965 ], [ -50.09344931, -29.12812618 ], [ -50.09701851, -29.13026769 ], [ -50.0996954, -29.13579994 ], [ -50.10029027, -29.14234346 ], [ -50.1044436, -29.15207075 ], [ -50.11339037, -29.15440262 ], [ -50.13175981, -29.16277833 ], [ -50.1287141, -29.16972635 ], [ -50.1296183, -29.17358108 ], [ -50.13204535, -29.17396179 ], [ -50.13166463, -29.17553224 ], [ -50.12281304, -29.17191546 ], [ -50.1234317, -29.17805446 ], [ -50.12795267, -29.17881589 ], [ -50.12814303, -29.18114776 ], [ -50.13994471, -29.18720801 ], [ -50.14505201, -29.18411136 ], [ -50.15321806, -29.18677564 ], [ -50.15690079, -29.18566462 ], [ -50.16141582, -29.1909464 ], [ -50.16624835, -29.1906781 ], [ -50.1733052, -29.18733436 ], [ -50.17825448, -29.19394926 ], [ -50.18201403, -29.1950914 ], [ -50.18244233, -29.19965997 ], [ -50.19124634, -29.21308013 ], [ -50.18586875, -29.21355602 ], [ -50.18382242, -29.21227111 ], [ -50.17972974, -29.21369879 ], [ -50.18486938, -29.21560236 ], [ -50.1839176, -29.22550092 ], [ -50.18643982, -29.22788038 ], [ -50.18686813, -29.23068814 ], [ -50.18415554, -29.23187787 ], [ -50.18425072, -29.2291177 ], [ -50.18182367, -29.22811832 ], [ -50.17211547, -29.22921288 ], [ -50.16174102, -29.23863554 ], [ -50.1614079, -29.24049152 ], [ -50.16483432, -29.24172884 ], [ -50.16730896, -29.23863554 ], [ -50.17321002, -29.24030116 ], [ -50.17278172, -29.24382277 ], [ -50.19032562, -29.25207606 ], [ -50.18976929, -29.25356514 ], [ -50.18608539, -29.25455762 ], [ -50.17403323, -29.25442252 ], [ -50.17117788, -29.25128163 ], [ -50.16741833, -29.25204305 ], [ -50.16813216, -29.25570742 ], [ -50.15899503, -29.26403554 ], [ -50.16066066, -29.26712884 ], [ -50.15880468, -29.27022214 ], [ -50.16332565, -29.27602802 ], [ -50.15613968, -29.27769364 ], [ -50.15928057, -29.28445131 ], [ -50.15571138, -29.28749702 ], [ -50.15680593, -29.29411192 ], [ -50.15423611, -29.2968721 ], [ -50.15806273, -29.29967936 ], [ -50.17531382, -29.29961987 ], [ -50.17715791, -29.30521161 ], [ -50.18341225, -29.30708549 ], [ -50.18416656, -29.31420601 ], [ -50.18892548, -29.32001189 ], [ -50.19197119, -29.31858422 ], [ -50.19534121, -29.30738367 ], [ -50.19806335, -29.30488798 ], [ -50.21234843, -29.30650125 ], [ -50.21909591, -29.31104129 ], [ -50.22462815, -29.30711518 ], [ -50.23186609, -29.30527164 ], [ -50.23269073, -29.3012698 ], [ -50.2354866, -29.29883085 ], [ -50.24710899, -29.3022512 ], [ -50.2536891, -29.30577758 ], [ -50.25608829, -29.31169131 ], [ -50.26707813, -29.31576763 ], [ -50.27244828, -29.32445342 ], [ -50.27723963, -29.32891157 ], [ -50.27708823, -29.33109211 ], [ -50.27895938, -29.3312762 ], [ -50.2791773, -29.33400308 ], [ -50.28274649, -29.3348359 ], [ -50.28406298, -29.33684333 ], [ -50.28319147, -29.34236228 ], [ -50.27322864, -29.34601936 ], [ -50.27346659, -29.35434748 ], [ -50.26531693, -29.3582141 ], [ -50.2606175, -29.36457916 ], [ -50.26030979, -29.36762301 ], [ -50.25143576, -29.37450605 ], [ -50.25074127, -29.37985736 ], [ -50.24509247, -29.38733315 ], [ -50.24571828, -29.39091599 ], [ -50.24191114, -29.39365237 ], [ -50.24057054, -29.39688034 ], [ -50.23359251, -29.40057411 ], [ -50.23301575, -29.40580332 ], [ -50.24828651, -29.40484135 ], [ -50.25470752, -29.40841337 ], [ -50.25797928, -29.40752107 ], [ -50.26148899, -29.40561751 ], [ -50.2682464, -29.39393152 ], [ -50.27351363, -29.39379554 ], [ -50.27986679, -29.38858452 ], [ -50.28479228, -29.38682372 ], [ -50.29516673, -29.38530086 ], [ -50.30309033, -29.3877993 ], [ -50.31193953, -29.39746878 ], [ -50.31827451, -29.39473218 ], [ -50.32940717, -29.40243298 ], [ -50.3367835, -29.40183812 ], [ -50.34568552, -29.40494333 ], [ -50.35141593, -29.40879269 ], [ -50.35284623, -29.41866542 ], [ -50.34845151, -29.42410947 ], [ -50.34744024, -29.42886839 ], [ -50.35208018, -29.43398424 ], [ -50.35200951, -29.43783437 ], [ -50.34893795, -29.43938847 ], [ -50.34874447, -29.44154668 ], [ -50.34309044, -29.44269798 ], [ -50.34449107, -29.44714578 ], [ -50.34903909, -29.44936047 ], [ -50.34357361, -29.45569682 ], [ -50.34648117, -29.46078188 ], [ -50.34130584, -29.46232853 ], [ -50.34410171, -29.47142997 ], [ -50.34778987, -29.47505865 ], [ -50.34963395, -29.48017449 ], [ -50.35273454, -29.47996732 ], [ -50.35410273, -29.48163294 ], [ -50.35071199, -29.48639186 ], [ -50.35000166, -29.49779179 ], [ -50.34717352, -29.50003224 ], [ -50.34874166, -29.50111374 ], [ -50.34963395, -29.4986748 ], [ -50.35195393, -29.49885326 ], [ -50.35683182, -29.50557523 ], [ -50.3529092, -29.513656 ], [ -50.35052514, -29.52479946 ], [ -50.34475606, -29.52580065 ], [ -50.34390929, -29.53091998 ], [ -50.3423766, -29.53085701 ], [ -50.34273352, -29.53377185 ], [ -50.340592, -29.53555644 ], [ -50.34047303, -29.54340866 ], [ -50.35546363, -29.55155832 ], [ -50.35290651, -29.55424429 ], [ -50.3542739, -29.55637673 ], [ -50.3520729, -29.56006489 ], [ -50.3498719, -29.57356833 ], [ -50.34216729, -29.58342269 ], [ -50.34238099, -29.58527691 ], [ -50.34584011, -29.58692798 ], [ -50.34658029, -29.59073474 ], [ -50.34871855, -29.59110358 ], [ -50.3463622, -29.5975414 ], [ -50.3436853, -29.59926651 ], [ -50.33779613, -29.59730345 ], [ -50.3370318, -29.60026886 ], [ -50.33285072, -29.59981685 ], [ -50.33074134, -29.60147422 ], [ -50.33480943, -29.60222757 ], [ -50.33522377, -29.60411094 ], [ -50.33214491, -29.60920076 ], [ -50.34332838, -29.60854641 ], [ -50.3414843, -29.61241303 ], [ -50.34340559, -29.61302502 ], [ -50.34414722, -29.61555474 ], [ -50.34320941, -29.62044371 ], [ -50.34802782, -29.62026525 ], [ -50.34838474, -29.62306112 ], [ -50.35040728, -29.62407239 ], [ -50.35350058, -29.62246625 ], [ -50.35522569, -29.62847439 ], [ -50.35944923, -29.63079437 ], [ -50.35659388, -29.6363861 ], [ -50.3542739, -29.63614815 ], [ -50.35416512, -29.64181792 ], [ -50.34846559, -29.64618876 ], [ -50.35350058, -29.64935416 ], [ -50.3498719, -29.65429154 ], [ -50.35183495, -29.66006174 ], [ -50.34975293, -29.66321452 ], [ -50.34832525, -29.66303606 ], [ -50.34606476, -29.66142993 ], [ -50.3467786, -29.65905047 ], [ -50.34505349, -29.65667101 ], [ -50.3392833, -29.65363719 ], [ -50.33755819, -29.6549459 ], [ -50.33815305, -29.66095403 ], [ -50.33636846, -29.66392836 ], [ -50.3286947, -29.66601039 ], [ -50.32542294, -29.66232222 ], [ -50.31566715, -29.66261966 ], [ -50.31358512, -29.6681519 ], [ -50.31388255, -29.67421953 ], [ -50.31566715, -29.67749129 ], [ -50.31293077, -29.68266662 ], [ -50.31328769, -29.68748502 ], [ -50.31150309, -29.685403 ], [ -50.30115244, -29.68409429 ], [ -50.29746427, -29.68831784 ], [ -50.29413303, -29.68831784 ], [ -50.29234843, -29.68748502 ], [ -50.29258638, -29.68468916 ], [ -50.28764899, -29.68379686 ], [ -50.28372288, -29.68790143 ], [ -50.27664399, -29.68825835 ], [ -50.27723885, -29.69099473 ], [ -50.27545426, -29.69361214 ], [ -50.27819064, -29.69462341 ], [ -50.27848807, -29.69658646 ], [ -50.28158137, -29.69664595 ], [ -50.27884499, -29.70223768 ], [ -50.27557323, -29.70283255 ], [ -50.27426453, -29.70765096 ], [ -50.26349747, -29.70800788 ], [ -50.26034468, -29.71092271 ], [ -50.25154068, -29.70973298 ], [ -50.24321256, -29.71270731 ], [ -50.23054193, -29.70771044 ], [ -50.22590198, -29.71068477 ], [ -50.22697274, -29.71770418 ], [ -50.22590198, -29.72305797 ], [ -50.22304663, -29.72609178 ], [ -50.2315532, -29.73334913 ], [ -50.22982809, -29.74268852 ], [ -50.23060142, -29.74709052 ], [ -50.23339728, -29.75089766 ], [ -50.23690699, -29.74715001 ], [ -50.24148745, -29.74917255 ], [ -50.24737662, -29.74726898 ], [ -50.24838789, -29.75214688 ], [ -50.25386065, -29.75410993 ], [ -50.2562996, -29.75880937 ], [ -50.25403911, -29.76981437 ], [ -50.25041043, -29.77510867 ], [ -50.25733903, -29.78541962 ], [ -50.25315118, -29.79084479 ], [ -50.25429332, -29.79403327 ], [ -50.25310359, -29.80459808 ], [ -50.25900465, -29.80807209 ], [ -50.26257384, -29.80835763 ], [ -50.25862394, -29.81540083 ], [ -50.26214554, -29.8194935 ], [ -50.26438223, -29.82667948 ], [ -50.27232963, -29.83110527 ], [ -50.26214554, -29.84019481 ], [ -50.26728517, -29.84614347 ], [ -50.26462018, -29.85718417 ], [ -50.26136323, -29.85990776 ], [ -50.25724385, -29.85937327 ], [ -50.26147929, -29.86989049 ], [ -50.27182234, -29.87671681 ], [ -50.29260264, -29.88292993 ], [ -50.29788504, -29.88245404 ], [ -50.30530896, -29.87836137 ], [ -50.30878298, -29.88231127 ], [ -50.31934778, -29.87874208 ], [ -50.32077546, -29.88154985 ], [ -50.32848491, -29.88454797 ], [ -50.3338149, -29.8804077 ], [ -50.33733651, -29.88802198 ], [ -50.34390382, -29.88935448 ], [ -50.34966211, -29.88621359 ], [ -50.35323131, -29.87826619 ], [ -50.35732398, -29.87940833 ], [ -50.3660328, -29.87855172 ], [ -50.3744561, -29.872032 ], [ -50.37695645, -29.86746547 ], [ -50.37582171, -29.86035379 ], [ -50.3807234, -29.86102004 ], [ -50.38457813, -29.85949719 ], [ -50.38652929, -29.86197182 ], [ -50.39414356, -29.85925924 ], [ -50.39923561, -29.85359612 ], [ -50.40965765, -29.8536913 ], [ -50.41674844, -29.85626112 ], [ -50.42369647, -29.86197182 ], [ -50.42874092, -29.86049656 ], [ -50.43116797, -29.8625429 ], [ -50.4372118, -29.86349468 ], [ -50.43882984, -29.86630244 ], [ -50.44306528, -29.8581171 ], [ -50.45548607, -29.85145461 ], [ -50.45962014, -29.87252565 ], [ -50.46941613, -29.86953645 ], [ -50.47033197, -29.8770796 ], [ -50.46807149, -29.88273082 ], [ -50.47294938, -29.88249288 ], [ -50.47485295, -29.87987547 ], [ -50.48680974, -29.8934384 ], [ -50.48663128, -29.89736451 ], [ -50.4900815, -29.90200446 ], [ -50.49067637, -29.90545467 ], [ -50.4891892, -29.91092744 ], [ -50.4834785, -29.91408022 ], [ -50.48477459, -29.91749126 ], [ -50.49596757, -29.92497228 ], [ -50.49899424, -29.92411568 ], [ -50.50209778, -29.91979093 ], [ -50.50400135, -29.92032631 ], [ -50.50263316, -29.92859493 ], [ -50.50757054, -29.93603075 ], [ -50.50620235, -29.945965 ], [ -50.51048538, -29.94810651 ], [ -50.51927083, -29.94469779 ], [ -50.52194968, -29.94637896 ], [ -50.52315601, -29.9512593 ], [ -50.52785544, -29.95738641 ], [ -50.53981223, -29.96059868 ], [ -50.54587986, -29.96535761 ], [ -50.55087673, -29.96654733 ], [ -50.55593308, -29.97273393 ], [ -50.56206019, -29.97666004 ], [ -50.5721729, -29.97779029 ], [ -50.57437391, -29.98016975 ], [ -50.57455236, -29.98564251 ], [ -50.57758618, -29.98855735 ], [ -50.58246407, -29.99069886 ], [ -50.59400446, -29.99194808 ], [ -50.59311216, -29.99718289 ], [ -50.59681865, -29.99835486 ], [ -50.59921714, -30.00292342 ], [ -50.60504206, -30.00646406 ], [ -50.61035302, -30.0084057 ], [ -50.61916715, -30.00755527 ], [ -50.62422181, -30.01408029 ], [ -50.63594355, -30.01710247 ], [ -50.64789034, -30.02548011 ], [ -50.65461213, -30.02574864 ], [ -50.6585221, -30.02980606 ], [ -50.67542668, -30.03370504 ], [ -50.69245076, -30.04377442 ], [ -50.70811338, -30.04942606 ], [ -50.71613824, -30.05728255 ], [ -50.71132306, -30.05846747 ], [ -50.71179895, -30.06013309 ], [ -50.72337736, -30.0599006 ], [ -50.73260464, -30.06339384 ], [ -50.76429847, -30.06772682 ], [ -50.7650718, -30.07052268 ], [ -50.77535669, -30.07774402 ], [ -50.77180968, -30.07975019 ], [ -50.77442709, -30.08343836 ], [ -50.79167818, -30.08433065 ], [ -50.79947091, -30.08849471 ], [ -50.79286791, -30.09444336 ], [ -50.79286791, -30.10033253 ], [ -50.79619915, -30.10140329 ], [ -50.79840015, -30.10419915 ], [ -50.7955448, -30.11544211 ], [ -50.80651578, -30.12107794 ], [ -50.81182674, -30.13381282 ], [ -50.82336237, -30.13564024 ], [ -50.83678253, -30.13421257 ], [ -50.8406087, -30.13741056 ], [ -50.85402886, -30.14009459 ], [ -50.8670476, -30.14583972 ], [ -50.87912337, -30.14667253 ], [ -50.88227615, -30.15214529 ], [ -50.89614359, -30.15334365 ], [ -50.90769704, -30.15894658 ], [ -50.91552718, -30.15981143 ], [ -50.92076894, -30.16600445 ], [ -50.92846565, -30.16991993 ], [ -50.93088597, -30.17479215 ], [ -50.93812196, -30.17887873 ], [ -50.93985057, -30.1897533 ], [ -50.94809264, -30.19646625 ], [ -50.95516924, -30.19945348 ], [ -50.96270089, -30.19963491 ], [ -50.97013764, -30.20311027 ], [ -50.96376199, -30.20610365 ], [ -50.96100154, -30.2107085 ], [ -50.95867695, -30.21784957 ], [ -50.96395073, -30.2216927 ], [ -50.96337966, -30.2265468 ], [ -50.96080985, -30.23111537 ], [ -50.95385963, -30.23341606 ], [ -50.95130171, -30.23787755 ], [ -50.95493039, -30.24227955 ], [ -50.95469245, -30.24656258 ], [ -50.95207504, -30.24941793 ], [ -50.95207504, -30.25179739 ], [ -50.95670746, -30.25302044 ], [ -50.95784008, -30.25592338 ], [ -50.96540002, -30.25923321 ], [ -50.96658975, -30.26381367 ], [ -50.98098549, -30.2628024 ], [ -50.98395982, -30.2676803 ], [ -50.98526852, -30.27493765 ], [ -50.98503057, -30.277793 ], [ -50.98158036, -30.28207603 ], [ -50.98324598, -30.28600214 ], [ -50.97997422, -30.28832212 ], [ -50.9747394, -30.30027891 ], [ -50.96486464, -30.30349118 ], [ -50.96337748, -30.306525 ], [ -50.976524, -30.3118193 ], [ -50.98419776, -30.31033213 ], [ -50.98431674, -30.31277108 ], [ -50.99175255, -30.3193146 ], [ -50.99698737, -30.31753 ], [ -51.0029955, -30.32431147 ], [ -51.00680264, -30.33757696 ], [ -51.01352462, -30.33948053 ], [ -51.01673689, -30.33727953 ], [ -51.01947327, -30.34078923 ], [ -51.02304246, -30.33240163 ], [ -51.02399425, -30.34221691 ], [ -51.01893789, -30.34739224 ], [ -51.01941378, -30.34947427 ], [ -51.02274503, -30.35381678 ], [ -51.02631422, -30.35268654 ], [ -51.03321466, -30.35720751 ], [ -51.03815204, -30.35839725 ], [ -51.02970495, -30.36262079 ], [ -51.03232236, -30.37124633 ], [ -51.03827101, -30.37606474 ], [ -51.04344634, -30.38469029 ], [ -51.04778886, -30.38498772 ], [ -51.05314264, -30.38855691 ], [ -51.05946015, -30.38596512 ], [ -51.0540693, -30.39193497 ], [ -51.04805369, -30.39094407 ], [ -51.04615768, -30.38848072 ], [ -51.04179565, -30.38949454 ], [ -51.03957004, -30.38581075 ], [ -51.0322383, -30.38583918 ], [ -51.0163316, -30.388409 ], [ -51.00276868, -30.3928348 ], [ -50.97431853, -30.40629468 ], [ -50.9320593, -30.43270669 ], [ -50.90650362, -30.44124682 ], [ -50.90499096, -30.43979749 ], [ -50.92274629, -30.43513866 ], [ -50.92812402, -30.43133816 ], [ -50.93572367, -30.4123861 ], [ -50.93905491, -30.38640238 ], [ -50.93642709, -30.36060639 ], [ -50.93214183, -30.34627842 ], [ -50.92459526, -30.33305869 ], [ -50.91238271, -30.32330948 ], [ -50.89843179, -30.3203984 ], [ -50.88699611, -30.32074717 ], [ -50.88505402, -30.32228551 ], [ -50.87985276, -30.32192269 ], [ -50.88018499, -30.32031134 ], [ -50.87832798, -30.31973659 ], [ -50.87758232, -30.32181314 ], [ -50.8612187, -30.32126421 ], [ -50.86155689, -30.31872249 ], [ -50.86012921, -30.32001691 ], [ -50.85908225, -30.31832274 ], [ -50.85645532, -30.31845599 ], [ -50.85326852, -30.32123027 ], [ -50.84475005, -30.31913635 ], [ -50.84075256, -30.32037367 ], [ -50.83718337, -30.32403804 ], [ -50.81681518, -30.32822589 ], [ -50.81481643, -30.33146196 ], [ -50.81072376, -30.3334607 ], [ -50.80724975, -30.33279445 ], [ -50.8047646, -30.33503302 ], [ -50.79944244, -30.33635107 ], [ -50.78740504, -30.33588775 ], [ -50.7818371, -30.33227097 ], [ -50.78169433, -30.32927285 ], [ -50.78776573, -30.33176275 ], [ -50.78790675, -30.33308378 ], [ -50.79090487, -30.33160851 ], [ -50.79535244, -30.31518644 ], [ -50.79023862, -30.29594039 ], [ -50.7850276, -30.28478072 ], [ -50.77300842, -30.28873672 ], [ -50.77186152, -30.29611781 ], [ -50.76419014, -30.29132081 ], [ -50.75178404, -30.29436972 ], [ -50.75127008, -30.29722507 ], [ -50.74873833, -30.29564511 ], [ -50.73488569, -30.29508501 ], [ -50.72454397, -30.29910961 ], [ -50.72024169, -30.29923577 ], [ -50.71413606, -30.29825558 ], [ -50.7161005, -30.29831 ], [ -50.71714118, -30.29522503 ], [ -50.70960096, -30.29979489 ], [ -50.70617453, -30.29800554 ], [ -50.70950578, -30.29823397 ], [ -50.70733571, -30.29663497 ], [ -50.70821135, -30.29515018 ], [ -50.70647911, -30.29655883 ], [ -50.69235327, -30.2963988 ], [ -50.69058997, -30.29713488 ], [ -50.69047009, -30.29969971 ], [ -50.67956264, -30.29663497 ], [ -50.67871016, -30.29792976 ], [ -50.67046358, -30.2965969 ], [ -50.6684458, -30.29140015 ], [ -50.65824072, -30.28678749 ], [ -50.65503328, -30.28350801 ], [ -50.65496617, -30.28146894 ], [ -50.6629742, -30.27027727 ], [ -50.66668927, -30.25702396 ], [ -50.66946239, -30.2546445 ], [ -50.66973841, -30.25204613 ], [ -50.6752302, -30.25027581 ], [ -50.6772004, -30.25361657 ], [ -50.67771436, -30.25215082 ], [ -50.67891361, -30.25167493 ], [ -50.67679113, -30.25509184 ], [ -50.67944661, -30.25271714 ], [ -50.68066831, -30.24687255 ], [ -50.67961024, -30.24595953 ], [ -50.68492833, -30.23899961 ], [ -50.68621324, -30.23450243 ], [ -50.68407173, -30.23400274 ], [ -50.6877123, -30.22308101 ], [ -50.68762066, -30.21655168 ], [ -50.68628817, -30.21526677 ], [ -50.68794633, -30.21376904 ], [ -50.68727326, -30.20664837 ], [ -50.68591697, -30.20867567 ], [ -50.68324721, -30.20910397 ], [ -50.68170663, -30.21645148 ], [ -50.67903267, -30.2186655 ], [ -50.6713097, -30.2178823 ], [ -50.66811261, -30.22023804 ], [ -50.66911042, -30.2311246 ], [ -50.67345531, -30.23431308 ], [ -50.67166596, -30.23724458 ], [ -50.67343152, -30.24007376 ], [ -50.6736659, -30.24872667 ], [ -50.67495675, -30.24892297 ], [ -50.66981686, -30.25119638 ], [ -50.66838875, -30.246507 ], [ -50.67057334, -30.24084182 ], [ -50.66987889, -30.23607072 ], [ -50.66736634, -30.23502573 ], [ -50.66895749, -30.23457237 ], [ -50.66506188, -30.22856398 ], [ -50.66415707, -30.22054831 ], [ -50.66137371, -30.21446567 ], [ -50.66199832, -30.20586987 ], [ -50.65967835, -30.19834483 ], [ -50.65566301, -30.19480538 ], [ -50.6447902, -30.19181141 ], [ -50.63045866, -30.19563482 ], [ -50.62500022, -30.19451503 ], [ -50.62638446, -30.19666283 ], [ -50.62426379, -30.19731372 ], [ -50.61771551, -30.19499137 ], [ -50.6152028, -30.19797997 ], [ -50.61380288, -30.19065679 ], [ -50.60167953, -30.19160857 ], [ -50.59807465, -30.1932385 ], [ -50.59266851, -30.19948459 ], [ -50.59377258, -30.19984626 ], [ -50.59207841, -30.20334883 ], [ -50.5871672, -30.20806968 ], [ -50.58878523, -30.21041107 ], [ -50.58691973, -30.21048721 ], [ -50.58330295, -30.21482735 ], [ -50.58457835, -30.21996699 ], [ -50.58021917, -30.22405966 ], [ -50.58140928, -30.22685882 ], [ -50.57939588, -30.23056986 ], [ -50.57508311, -30.23277087 ], [ -50.57814666, -30.23538827 ], [ -50.57276313, -30.23973079 ], [ -50.57312005, -30.24127744 ], [ -50.5693724, -30.24282409 ], [ -50.55948205, -30.25214443 ], [ -50.55992616, -30.25050535 ], [ -50.55444389, -30.25177598 ], [ -50.553143, -30.2495736 ], [ -50.54904727, -30.24786415 ], [ -50.54769098, -30.25034831 ], [ -50.5456777, -30.25010255 ], [ -50.54576361, -30.25150473 ], [ -50.54335959, -30.25238206 ], [ -50.53972097, -30.26088356 ], [ -50.54009861, -30.2702998 ], [ -50.53838805, -30.2720308 ], [ -50.53843989, -30.27509065 ], [ -50.5374812, -30.27612948 ], [ -50.5344617, -30.27366089 ], [ -50.53385494, -30.27502115 ], [ -50.53433083, -30.27972059 ], [ -50.5384354, -30.28849485 ], [ -50.53659132, -30.29456247 ], [ -50.53751336, -30.29851833 ], [ -50.53870309, -30.29726911 ], [ -50.5376393, -30.29954754 ], [ -50.54031648, -30.31076803 ], [ -50.54137999, -30.31184331 ], [ -50.54402714, -30.31017769 ], [ -50.54545481, -30.31237869 ], [ -50.54447328, -30.31505558 ], [ -50.54566302, -30.31678069 ], [ -50.54253997, -30.31889246 ], [ -50.54289689, -30.32121244 ], [ -50.5457225, -30.32112321 ], [ -50.54628762, -30.32287806 ], [ -50.54358099, -30.32382984 ], [ -50.54432457, -30.33423999 ], [ -50.54185588, -30.33995069 ], [ -50.54126101, -30.35571462 ], [ -50.54726915, -30.36784987 ], [ -50.5521173, -30.372817 ], [ -50.56344219, -30.40089086 ], [ -50.56368013, -30.40457902 ], [ -50.56052735, -30.41373995 ], [ -50.56302578, -30.45680819 ], [ -50.56820111, -30.46543374 ], [ -50.568953, -30.47398658 ], [ -50.57249333, -30.47619137 ], [ -50.57520038, -30.48350758 ], [ -50.58093579, -30.48943159 ], [ -50.58595645, -30.49066891 ], [ -50.59866277, -30.49005025 ], [ -50.61736533, -30.48257875 ], [ -50.63669565, -30.46496379 ], [ -50.65216035, -30.4425615 ], [ -50.65383825, -30.4424489 ], [ -50.652535, -30.44041784 ], [ -50.65518369, -30.43336597 ], [ -50.65568069, -30.42527874 ], [ -50.6517399, -30.41004738 ], [ -50.64853379, -30.41111321 ], [ -50.65028244, -30.41320705 ], [ -50.64443277, -30.41205714 ], [ -50.64203244, -30.40930485 ], [ -50.63157134, -30.40582569 ], [ -50.62645418, -30.40851868 ], [ -50.62697234, -30.41084764 ], [ -50.625, -30.41210103 ], [ -50.62127779, -30.41158706 ], [ -50.61950747, -30.40964542 ], [ -50.64252024, -30.39608253 ], [ -50.64760969, -30.39561676 ], [ -50.64879127, -30.39350473 ], [ -50.64785024, -30.39122843 ], [ -50.65275627, -30.389543 ], [ -50.65828416, -30.38387508 ], [ -50.66471322, -30.38023869 ], [ -50.67844237, -30.36721296 ], [ -50.68389178, -30.35984017 ], [ -50.68333215, -30.36262755 ], [ -50.68632425, -30.35682808 ], [ -50.69502275, -30.35022062 ], [ -50.70117448, -30.34975222 ], [ -50.70781532, -30.3590699 ], [ -50.7190083, -30.36586564 ], [ -50.72489033, -30.36403821 ], [ -50.72934171, -30.36723875 ], [ -50.72950866, -30.37284188 ], [ -50.72477004, -30.38386172 ], [ -50.71023497, -30.40359732 ], [ -50.70182451, -30.41941146 ], [ -50.69449401, -30.44474232 ], [ -50.68370992, -30.51562142 ], [ -50.68323573, -30.55189184 ], [ -50.67836261, -30.59561568 ], [ -50.68024985, -30.64719147 ], [ -50.68822539, -30.69774242 ], [ -50.69428099, -30.71492326 ], [ -50.69346887, -30.71635804 ], [ -50.69538286, -30.71722178 ], [ -50.69564688, -30.72317566 ], [ -50.69666114, -30.72296164 ], [ -50.695991, -30.72411982 ], [ -50.70060376, -30.73397384 ], [ -50.70103359, -30.73763369 ], [ -50.69968883, -30.73809277 ], [ -50.701698, -30.73902392 ], [ -50.69965685, -30.74028248 ], [ -50.70130952, -30.74521035 ], [ -50.70677023, -30.75687996 ], [ -50.70922142, -30.75888873 ], [ -50.71088527, -30.75812559 ], [ -50.71370693, -30.76684613 ], [ -50.71287325, -30.76827677 ], [ -50.71591754, -30.76998634 ], [ -50.72202548, -30.78427667 ], [ -50.73234366, -30.79644578 ], [ -50.73475353, -30.80245482 ], [ -50.74099245, -30.80918551 ], [ -50.7448812, -30.81026647 ], [ -50.74389903, -30.81255197 ], [ -50.74591373, -30.81149078 ], [ -50.74908198, -30.81575946 ], [ -50.75006598, -30.81483513 ], [ -50.75445939, -30.81782684 ], [ -50.75319029, -30.81983517 ], [ -50.75619379, -30.81871382 ], [ -50.75710029, -30.81977509 ], [ -50.75547494, -30.82016308 ], [ -50.75727189, -30.81994301 ], [ -50.75943418, -30.82107481 ], [ -50.7577474, -30.82083523 ], [ -50.75933783, -30.8229739 ], [ -50.76279552, -30.82254301 ], [ -50.77153086, -30.82754642 ], [ -50.78832083, -30.82923637 ], [ -50.81333172, -30.84114519 ], [ -50.81737572, -30.84137302 ], [ -50.82099988, -30.8456735 ], [ -50.82103987, -30.85025988 ], [ -50.82263948, -30.85190027 ], [ -50.82501307, -30.85336074 ], [ -50.82703656, -30.85237758 ], [ -50.82456002, -30.85226955 ], [ -50.82462045, -30.85039599 ], [ -50.82519008, -30.8495563 ], [ -50.82585447, -30.84946541 ], [ -50.82637657, -30.85171752 ], [ -50.82877147, -30.85078408 ], [ -50.82776802, -30.85175175 ], [ -50.83017686, -30.85184999 ], [ -50.83165886, -30.85476146 ], [ -50.8323676, -30.85344549 ], [ -50.83762982, -30.85563128 ], [ -50.83543956, -30.85848022 ], [ -50.83752542, -30.8562995 ], [ -50.83988518, -30.85686273 ], [ -50.8582282, -30.86711738 ], [ -50.87975668, -30.89027125 ], [ -50.88118513, -30.88979905 ], [ -50.89051988, -30.89887262 ], [ -50.90307622, -30.90444018 ], [ -50.91492753, -30.90674741 ], [ -50.93793583, -30.90501538 ], [ -50.9618759, -30.89819193 ], [ -50.96282852, -30.90218031 ], [ -50.9640222, -30.9020297 ], [ -50.96323954, -30.9000822 ], [ -50.96478617, -30.90069838 ], [ -50.96534334, -30.90981128 ], [ -50.95536451, -30.94111408 ], [ -50.95597893, -30.94409638 ], [ -50.95351682, -30.94893019 ], [ -50.95453098, -30.9514984 ], [ -50.95154878, -30.95769427 ], [ -50.95371845, -30.97047865 ], [ -50.95217051, -30.97181165 ], [ -50.95263872, -30.97318054 ], [ -50.9527001, -30.97186198 ], [ -50.95368956, -30.97125865 ], [ -50.95245922, -30.98391222 ], [ -50.95397253, -30.98528939 ], [ -50.95483709, -30.98919774 ], [ -50.95361107, -30.98884126 ], [ -50.95666226, -30.99747496 ], [ -50.95421227, -30.9998714 ], [ -50.95599493, -30.99897315 ], [ -50.95876462, -31.00105755 ], [ -50.95729412, -31.00372731 ], [ -50.96507953, -31.01742925 ], [ -50.96735029, -31.01902022 ], [ -50.96978115, -31.02440556 ], [ -50.96945755, -31.02737513 ], [ -50.97115172, -31.02849824 ], [ -50.97046644, -31.02977363 ], [ -50.97223935, -31.03023635 ], [ -50.97260056, -31.03317516 ], [ -50.97559478, -31.0339105 ], [ -50.97846143, -31.03929147 ], [ -50.9972427, -31.04779382 ], [ -51.00422924, -31.04824432 ], [ -51.00388678, -31.04499025 ], [ -51.00479364, -31.04737474 ], [ -51.00878531, -31.04949353 ], [ -51.00772263, -31.04511922 ], [ -51.01031886, -31.04914236 ], [ -51.02254197, -31.05160912 ], [ -51.04666424, -31.06189728 ], [ -51.06004332, -31.07134953 ], [ -51.0661469, -31.07330663 ], [ -51.06671871, -31.0756118 ], [ -51.07366244, -31.07882348 ], [ -51.07548755, -31.08144137 ], [ -51.08157189, -31.08395496 ], [ -51.0878897, -31.09024236 ], [ -51.0974763, -31.09566368 ], [ -51.09746425, -31.09731713 ], [ -51.10608742, -31.09958238 ], [ -51.12751481, -31.09722151 ], [ -51.14702813, -31.08771289 ], [ -51.15486089, -31.08275686 ], [ -51.16435494, -31.07364352 ], [ -51.16640127, -31.06650514 ], [ -51.16428355, -31.0680042 ], [ -51.16578737, -31.06503463 ], [ -51.16488599, -31.06330202 ], [ -51.16872662, -31.06445564 ], [ -51.16890933, -31.06750298 ], [ -51.17253552, -31.07041221 ], [ -51.1750664, -31.07789798 ], [ -51.17848617, -31.09743528 ], [ -51.17927216, -31.13939487 ], [ -51.16294905, -31.19829248 ], [ -51.15747629, -31.23990331 ], [ -51.15646369, -31.26827755 ], [ -51.16030045, -31.30089028 ], [ -51.16335844, -31.30706703 ], [ -51.16669943, -31.32452179 ], [ -51.18002728, -31.36885045 ], [ -51.18139335, -31.36835228 ], [ -51.18160938, -31.37132946 ], [ -51.18250236, -31.37087706 ], [ -51.18113799, -31.37227751 ], [ -51.18350513, -31.3728155 ], [ -51.18250663, -31.37308761 ], [ -51.18459303, -31.37805674 ], [ -51.20246872, -31.41145842 ], [ -51.23372889, -31.45327745 ], [ -51.26833863, -31.48649238 ], [ -51.28154464, -31.49675381 ], [ -51.29957653, -31.5073418 ], [ -51.33268673, -31.52127949 ], [ -51.3429779, -31.52779922 ], [ -51.35711784, -31.53171343 ], [ -51.36409561, -31.53195138 ], [ -51.39268866, -31.52334061 ], [ -51.41437031, -31.51150041 ], [ -51.42248356, -31.50001438 ], [ -51.42132142, -31.48854361 ], [ -51.42274776, -31.48824051 ], [ -51.43091083, -31.49487688 ], [ -51.43252652, -31.49899792 ], [ -51.43797457, -31.50436203 ], [ -51.4393261, -31.50344832 ], [ -51.43747964, -31.50160186 ], [ -51.43837431, -31.50104982 ], [ -51.44037306, -31.50419071 ], [ -51.44054438, -31.50769328 ], [ -51.45542942, -31.52994104 ], [ -51.46134833, -31.54320653 ], [ -51.46152679, -31.54659726 ], [ -51.46033706, -31.54850083 ], [ -51.46111038, -31.54466395 ], [ -51.45215766, -31.53068462 ], [ -51.44841001, -31.52732363 ], [ -51.44677413, -31.52848362 ], [ -51.44626849, -31.53571123 ], [ -51.45628308, -31.54755507 ], [ -51.45828182, -31.55393203 ], [ -51.46113718, -31.5571205 ], [ -51.46084269, -31.570957 ], [ -51.46197294, -31.5713734 ], [ -51.46039654, -31.57208724 ], [ -51.45073179, -31.59496542 ], [ -51.445378, -31.600111 ], [ -51.43574119, -31.61590467 ], [ -51.433923, -31.622412 ], [ -51.436156, -31.625661 ], [ -51.432806, -31.628301 ], [ -51.432806, -31.632666 ], [ -51.428846, -31.633884 ], [ -51.424887, -31.638859 ], [ -51.43443, -31.633681 ], [ -51.44377187, -31.61596416 ], [ -51.44722209, -31.60611914 ], [ -51.46955928, -31.5888383 ], [ -51.46982696, -31.58548921 ], [ -51.47139741, -31.58477537 ], [ -51.4696842, -31.58206279 ], [ -51.47410999, -31.58099203 ], [ -51.47340329, -31.57193039 ], [ -51.47553073, -31.56918682 ], [ -51.4744305, -31.56664859 ], [ -51.47549422, -31.56630713 ], [ -51.49806936, -31.58287413 ], [ -51.50163557, -31.59014764 ], [ -51.50713807, -31.59089122 ], [ -51.50927959, -31.59695884 ], [ -51.52376456, -31.61462634 ], [ -51.52540044, -31.61465609 ], [ -51.52486506, -31.61623248 ], [ -51.52813682, -31.62000987 ], [ -51.53030807, -31.62051551 ], [ -51.53105451, -31.62443453 ], [ -51.54229075, -31.64094236 ], [ -51.54472732, -31.64688149 ], [ -51.54339902, -31.64746938 ], [ -51.54317773, -31.64552774 ], [ -51.52349721, -31.6263826 ], [ -51.52125576, -31.62622555 ], [ -51.53277711, -31.64231547 ], [ -51.54286365, -31.64971083 ], [ -51.54453503, -31.64920751 ], [ -51.54608168, -31.65084934 ], [ -51.54643284, -31.64785485 ], [ -51.54704674, -31.65059599 ], [ -51.56137171, -31.66851272 ], [ -51.5628089, -31.67221516 ], [ -51.57251712, -31.68159984 ], [ -51.57294541, -31.68445511 ], [ -51.58529005, -31.69846537 ], [ -51.59173363, -31.70355742 ], [ -51.59855792, -31.71508353 ], [ -51.6014799, -31.71601628 ], [ -51.60370708, -31.71977583 ], [ -51.61024584, -31.72447764 ], [ -51.61355686, -31.72990876 ], [ -51.61815873, -31.73117463 ], [ -51.62461183, -31.73911252 ], [ -51.63151583, -31.74293877 ], [ -51.63387149, -31.74673639 ], [ -51.64710124, -31.75579045 ], [ -51.64811702, -31.75883593 ], [ -51.65352427, -31.76100678 ], [ -51.65564533, -31.76464806 ], [ -51.65914569, -31.76576384 ], [ -51.66399983, -31.77059626 ], [ -51.67143367, -31.7715694 ], [ -51.67309622, -31.77427468 ], [ -51.67978228, -31.77496245 ], [ -51.68069483, -31.7759458 ], [ -51.67737074, -31.77533335 ], [ -51.68699994, -31.77837537 ], [ -51.69029916, -31.78163731 ], [ -51.69925439, -31.7818749 ], [ -51.70880083, -31.78487751 ], [ -51.7257738, -31.78545027 ], [ -51.73336452, -31.78695357 ], [ -51.73474213, -31.78870247 ], [ -51.74953157, -31.78906265 ], [ -51.75377353, -31.78725974 ], [ -51.75619567, -31.78870742 ], [ -51.7595005, -31.78701684 ], [ -51.77391745, -31.78579621 ], [ -51.79241778, -31.78845851 ], [ -51.80113471, -31.78818913 ], [ -51.81834365, -31.79703093 ], [ -51.84052361, -31.80194684 ], [ -51.82789082, -31.80202962 ], [ -51.79666841, -31.81301997 ], [ -51.79459562, -31.81236898 ], [ -51.79633713, -31.80861804 ], [ -51.79551046, -31.80511433 ], [ -51.79121083, -31.80393082 ], [ -51.7876104, -31.80565129 ], [ -51.78787959, -31.80827334 ], [ -51.79277639, -31.81472773 ], [ -51.8007814, -31.81345963 ], [ -51.80487489, -31.81477224 ], [ -51.80252489, -31.83081399 ], [ -51.80464097, -31.83785416 ], [ -51.81052783, -31.84436905 ], [ -51.85857227, -31.86968384 ], [ -51.87809177, -31.8733091 ], [ -51.89850755, -31.87145313 ], [ -51.90864405, -31.86895469 ], [ -51.92788199, -31.861852 ], [ -51.9446215, -31.85025213 ], [ -51.96778555, -31.83958025 ], [ -51.98113433, -31.8296222 ], [ -51.98274047, -31.83001481 ], [ -51.99298405, -31.82380442 ], [ -52.00466078, -31.81899673 ], [ -52.01930629, -31.81600794 ], [ -52.0205912, -31.81612692 ], [ -52.0210314, -31.81644814 ], [ -52.01303284, -31.81776161 ], [ -52.01491262, -31.81852303 ], [ -52.03044812, -31.81501095 ], [ -52.05868756, -31.81484677 ], [ -52.06687529, -31.81747369 ], [ -52.07687377, -31.82518903 ], [ -52.09690171, -31.83480687 ], [ -52.09787098, -31.83857013 ], [ -52.09686268, -31.83739408 ], [ -52.09391215, -31.84014473 ], [ -52.09426431, -31.83704192 ], [ -52.09267483, -31.838955 ], [ -52.09220227, -31.84273048 ], [ -52.08822857, -31.8492502 ], [ -52.0883404, -31.85711194 ], [ -52.08380039, -31.86359359 ], [ -52.06651198, -31.87761684 ], [ -52.05799771, -31.88174938 ], [ -52.04909853, -31.88857843 ], [ -52.0447917, -31.89547887 ], [ -52.04452635, -31.90177818 ], [ -52.03242084, -31.90606121 ], [ -52.02319396, -31.91384169 ], [ -52.0181887, -31.92108044 ], [ -52.01476823, -31.9223594 ], [ -52.0125738, -31.92805369 ], [ -52.01014675, -31.92981449 ], [ -52.01097956, -31.93245569 ], [ -52.00964706, -31.93250328 ], [ -52.00617682, -31.93904519 ], [ -52.00470079, -31.94493172 ], [ -52.00554312, -31.95145621 ], [ -52.00836992, -31.9518274 ], [ -52.00719923, -31.95641024 ], [ -52.01613642, -31.96706352 ], [ -52.02089534, -31.96626045 ], [ -52.02178764, -31.96881837 ], [ -52.02467274, -31.97045425 ], [ -52.03502339, -31.97191167 ], [ -52.0385331, -31.97075168 ], [ -52.04058538, -31.9737855 ], [ -52.0438274, -31.97396396 ], [ -52.05301806, -31.97866339 ], [ -52.05474317, -31.98166746 ], [ -52.04616327, -32.00331365 ], [ -52.04261034, -32.00739168 ], [ -52.04489815, -32.01370095 ], [ -52.0391577, -32.03129112 ], [ -52.03945514, -32.03865555 ], [ -52.04187029, -32.04566306 ], [ -52.04543948, -32.04985092 ], [ -52.0488659, -32.0752774 ], [ -52.0507484, -32.07813495 ], [ -52.05316219, -32.07766867 ], [ -52.05831236, -32.08026638 ], [ -52.05976978, -32.08505504 ], [ -52.05736058, -32.08761296 ], [ -52.06235745, -32.0916283 ], [ -52.06393384, -32.09579236 ], [ -52.0624836, -32.0972782 ], [ -52.06630977, -32.09696411 ], [ -52.06892314, -32.09874612 ], [ -52.07339177, -32.10744067 ], [ -52.07664687, -32.11023892 ], [ -52.07568961, -32.1140526 ], [ -52.08032238, -32.11890287 ], [ -52.08389194, -32.11899031 ], [ -52.08245752, -32.1218602 ], [ -52.08377188, -32.12480447 ], [ -52.08574954, -32.12703818 ], [ -52.09138886, -32.12735941 ], [ -52.08944012, -32.13051741 ], [ -52.0802792, -32.13325379 ], [ -52.07830425, -32.1372037 ], [ -52.08049335, -32.1389645 ], [ -52.08552378, -32.133917 ], [ -52.08589473, -32.13520495 ], [ -52.08815521, -32.13361071 ], [ -52.09117713, -32.13477665 ], [ -52.09384213, -32.13361071 ], [ -52.09192424, -32.1318209 ], [ -52.09456544, -32.13335565 ], [ -52.08471447, -32.13838821 ], [ -52.07858813, -32.14438997 ], [ -52.08102707, -32.15001145 ], [ -52.0815922, -32.14653149 ], [ -52.08254398, -32.14730481 ], [ -52.08266628, -32.15650908 ], [ -52.08418914, -32.15874578 ], [ -52.08212418, -32.15979173 ], [ -52.08133732, -32.15427322 ], [ -52.0776047, -32.14702537 ], [ -52.07766083, -32.14333044 ], [ -52.0, -32.06172945 ], [ -51.96549283, -32.02775075 ], [ -51.91285795, -31.98020861 ], [ -51.85585679, -31.93577262 ], [ -51.81080614, -31.90551525 ], [ -51.75404649, -31.87271342 ], [ -51.68602563, -31.83777096 ], [ -51.60769799, -31.80039439 ], [ -51.49448332, -31.7372542 ], [ -51.41687724, -31.68776335 ], [ -51.29914166, -31.60209689 ], [ -51.24024084, -31.55561164 ], [ -51.23262344, -31.54727058 ], [ -51.20362195, -31.52239166 ], [ -51.1109016, -31.42814108 ], [ -51.039438, -31.35966069 ], [ -50.89504579, -31.24037885 ], [ -50.82730137, -31.17429637 ], [ -50.76354633, -31.10376856 ], [ -50.66177015, -30.95301802 ], [ -50.54806719, -30.80345738 ], [ -50.46386492, -30.67870549 ], [ -50.36414515, -30.54796904 ], [ -50.33145844, -30.49571059 ], [ -50.30402411, -30.44077852 ], [ -50.29045898, -30.4074284 ], [ -50.26276946, -30.33032615 ], [ -50.18164589, -30.12266292 ], [ -50.11000318, -29.9561954 ], [ -50.04404926, -29.82009642 ], [ -49.97635746, -29.69449495 ], [ -49.9346418, -29.62474815 ], [ -49.91021982, -29.58726791 ], [ -49.80679952, -29.44660815 ], [ -49.73764645, -29.3604915 ], [ -49.73104676, -29.3576097 ], [ -49.72954692, -29.35335004 ], [ -49.73074776, -29.34972917 ], [ -49.71637024, -29.33345341 ], [ -49.71336197, -29.3278824 ], [ -49.71310213, -29.32579063 ], [ -49.72193165, -29.32639139 ], [ -49.73037648, -29.32922326 ], [ -49.73651086, -29.32528347 ], [ -49.74166713, -29.32917619 ], [ -49.74548726, -29.32813715 ], [ -49.74679042, -29.32506977 ], [ -49.74415576, -29.32053818 ], [ -49.73008486, -29.31753207 ], [ -49.73345164, -29.31478915 ], [ -49.73523719, -29.31069503 ], [ -49.73790322, -29.31046179 ], [ -49.73769752, -29.31525255 ], [ -49.74425401, -29.31057099 ], [ -49.7446712, -29.30728515 ], [ -49.74064321, -29.30672787 ], [ -49.74249863, -29.3021114 ], [ -49.73872257, -29.30175417 ], [ -49.74089212, -29.2993734 ], [ -49.74947179, -29.29741304 ], [ -49.76248046, -29.30027055 ], [ -49.76865347, -29.29968692 ], [ -49.77629874, -29.29729253 ], [ -49.77916544, -29.29125219 ], [ -49.79099294, -29.28569885 ], [ -49.79565974, -29.28944744 ], [ -49.79933955, -29.28740622 ], [ -49.81126118, -29.28629406 ], [ -49.81177028, -29.28352001 ], [ -49.8171161, -29.28572218 ], [ -49.82261768, -29.28252921 ], [ -49.82403836, -29.27810921 ], [ -49.82632018, -29.27909597 ], [ -49.82911732, -29.27598673 ], [ -49.83276421, -29.27729953 ], [ -49.83651373, -29.27467699 ], [ -49.83870534, -29.27925192 ], [ -49.84075284, -29.27643906 ], [ -49.84349983, -29.27780836 ], [ -49.84456478, -29.27381071 ], [ -49.84781141, -29.27276391 ], [ -49.84290972, -29.2719073 ], [ -49.84494654, -29.26871882 ], [ -49.84164535, -29.26042126 ], [ -49.85477635, -29.25698795 ], [ -49.8547621, -29.25493012 ], [ -49.85215949, -29.25362981 ], [ -49.85312945, -29.24991147 ], [ -49.85040183, -29.24914307 ], [ -49.84906383, -29.25039921 ], [ -49.84871897, -29.24699156 ], [ -49.85240191, -29.24440684 ], [ -49.85723415, -29.24524663 ], [ -49.8585071, -29.24155041 ], [ -49.85559159, -29.24014621 ], [ -49.85769483, -29.23465834 ], [ -49.85694369, -29.23311219 ], [ -49.86906122, -29.22438312 ], [ -49.87728199, -29.22495706 ], [ -49.87805251, -29.22165051 ], [ -49.8817173, -29.21936057 ], [ -49.88253584, -29.22065499 ], [ -49.88775526, -29.21869333 ], [ -49.88990544, -29.21953149 ], [ -49.89749789, -29.21429707 ], [ -49.90073847, -29.21530176 ], [ -49.90390618, -29.21418543 ], [ -49.91280483, -29.20790471 ], [ -49.92952293, -29.20670546 ], [ -49.93342238, -29.20303064 ], [ -49.94172515, -29.2044415 ], [ -49.94564188, -29.20145387 ], [ -49.94808531, -29.20228212 ], [ -49.94997728, -29.20078454 ], [ -49.95436443, -29.20129998 ], [ -49.96268929, -29.19920475 ], [ -49.9676244, -29.20348276 ], [ -49.97079053, -29.20408977 ], [ -49.96992679, -29.20887249 ], [ -49.97121081, -29.21358263 ], [ -49.976401, -29.21531903 ], [ -49.97972939, -29.21939516 ], [ -49.99627549, -29.22810655 ], [ -49.99791732, -29.22637906 ], [ -50.00133173, -29.22754213 ], [ -50.00470082, -29.22545321 ], [ -50.00987351, -29.22542053 ], [ -50.03489865, -29.23285602 ], [ -50.03655994, -29.23762157 ], [ -50.03986764, -29.23803861 ], [ -50.04194159, -29.24039764 ], [ -50.04638716, -29.2389405 ], [ -50.05126009, -29.24201481 ], [ -50.05488051, -29.24048263 ], [ -50.06176693, -29.24153149 ], [ -50.06348363, -29.24272177 ], [ -50.06302978, -29.24651783 ], [ -50.06517829, -29.24946948 ], [ -50.06704137, -29.24931815 ], [ -50.06853383, -29.24559186 ], [ -50.07109332, -29.2485945 ], [ -50.07910488, -29.25114311 ], [ -50.08306471, -29.25004791 ], [ -50.08776519, -29.25393362 ], [ -50.09493495, -29.25141518 ], [ -50.10127297, -29.25571074 ], [ -50.10757242, -29.25352292 ], [ -50.10835546, -29.2544666 ], [ -50.10618155, -29.25593752 ], [ -50.10704156, -29.25717391 ], [ -50.11109224, -29.25862248 ], [ -50.11446772, -29.25780828 ], [ -50.11534014, -29.2625581 ], [ -50.11264969, -29.26708919 ], [ -50.11395149, -29.26807638 ], [ -50.10853471, -29.27595659 ], [ -50.10798111, -29.28000311 ], [ -50.10091476, -29.28377701 ], [ -50.09996469, -29.28791386 ], [ -50.09196817, -29.29383569 ], [ -50.09248162, -29.29704275 ], [ -50.08806262, -29.29835693 ], [ -50.0858646, -29.30140262 ], [ -50.07950275, -29.30422954 ], [ -50.07261384, -29.31008655 ], [ -50.06895638, -29.3116629 ], [ -50.06419773, -29.31083003 ], [ -50.06220162, -29.31266353 ], [ -50.0623831, -29.3148418 ], [ -50.05481751, -29.31966258 ], [ -50.05130714, -29.32383646 ], [ -50.05027116, -29.3315485 ], [ -50.04423328, -29.33598024 ], [ -50.04166483, -29.34223056 ], [ -50.03546232, -29.34728591 ], [ -50.03861323, -29.34983663 ], [ -50.03827278, -29.34782616 ], [ -50.04477503, -29.3456371 ], [ -50.05034, -29.35232046 ], [ -50.04916242, -29.34767611 ], [ -50.04473532, -29.3443293 ], [ -50.05029177, -29.34033647 ], [ -50.05989307, -29.34547337 ], [ -50.06592226, -29.35083695 ], [ -50.05950884, -29.34120307 ], [ -50.05625036, -29.33966894 ], [ -50.06874583, -29.34260661 ], [ -50.06616503, -29.33906506 ], [ -50.06080204, -29.33780673 ], [ -50.06022355, -29.33534926 ], [ -50.06659106, -29.33538013 ], [ -50.05991065, -29.33093454 ], [ -50.05932278, -29.32796533 ], [ -50.07713531, -29.32921896 ], [ -50.06638566, -29.32291134 ], [ -50.07449689, -29.32466894 ], [ -50.07355491, -29.32169004 ], [ -50.07823645, -29.32175503 ], [ -50.08898593, -29.32730632 ], [ -50.08631561, -29.31574103 ], [ -50.09068217, -29.31145402 ], [ -50.09263062, -29.31250118 ], [ -50.1002632, -29.31132309 ], [ -50.10356827, -29.30987337 ], [ -50.10411569, -29.30712172 ], [ -50.11379575, -29.30602468 ], [ -50.10757397, -29.30126101 ], [ -50.10720936, -29.29860063 ], [ -50.11427711, -29.30002652 ], [ -50.12124892, -29.29749494 ], [ -50.11886948, -29.29272814 ], [ -50.12370301, -29.28716815 ], [ -50.12246612, -29.28457717 ], [ -50.12478337, -29.28175306 ], [ -50.12700067, -29.28171712 ], [ -50.12773995, -29.28453496 ], [ -50.12989465, -29.28564898 ], [ -50.12725742, -29.28923673 ], [ -50.12945375, -29.29216579 ], [ -50.12757936, -29.2972184 ], [ -50.13023924, -29.30058137 ], [ -50.12873637, -29.30355425 ], [ -50.13406698, -29.30216252 ], [ -50.13293766, -29.29948008 ], [ -50.13593224, -29.29976863 ], [ -50.13900956, -29.29095019 ], [ -50.14493278, -29.29359431 ], [ -50.14109064, -29.28889572 ], [ -50.14240224, -29.28691006 ], [ -50.14557334, -29.28669248 ], [ -50.1454928, -29.2848661 ], [ -50.14034898, -29.28146094 ], [ -50.14486896, -29.28195812 ], [ -50.15213459, -29.28615523 ], [ -50.1497646, -29.28012623 ], [ -50.14494609, -29.2744494 ], [ -50.14698651, -29.2692047 ], [ -50.14383381, -29.26484502 ], [ -50.1476358, -29.26463791 ], [ -50.14562561, -29.25755997 ], [ -50.14023072, -29.25685404 ], [ -50.13843037, -29.25482106 ], [ -50.14724538, -29.25522442 ], [ -50.15069069, -29.25749784 ], [ -50.15206531, -29.25504976 ], [ -50.15036361, -29.24962741 ], [ -50.16124594, -29.25479309 ], [ -50.16025805, -29.25331978 ], [ -50.16210563, -29.25247657 ], [ -50.15827364, -29.25052659 ], [ -50.15970534, -29.24881931 ], [ -50.17418897, -29.24961261 ], [ -50.17750912, -29.24852129 ], [ -50.15190795, -29.24319482 ], [ -50.1413713, -29.23816223 ], [ -50.13965922, -29.23388107 ], [ -50.14162042, -29.23065713 ], [ -50.1459442, -29.22908634 ], [ -50.15123255, -29.23015522 ], [ -50.15048527, -29.22618056 ], [ -50.14528257, -29.2241207 ], [ -50.14928879, -29.22547413 ], [ -50.15066892, -29.22457273 ], [ -50.14855762, -29.22072183 ], [ -50.14975707, -29.21869309 ], [ -50.14369159, -29.21918093 ], [ -50.14343684, -29.21691743 ], [ -50.13473655, -29.21507172 ], [ -50.13705893, -29.21206966 ], [ -50.1343303, -29.20854804 ], [ -50.13969329, -29.20726369 ], [ -50.13925085, -29.20509704 ], [ -50.14306485, -29.20509724 ], [ -50.1409089, -29.20315555 ], [ -50.14276435, -29.20142307 ], [ -50.14751633, -29.20432523 ], [ -50.147619, -29.20167314 ], [ -50.14897632, -29.20156432 ], [ -50.15131155, -29.20510475 ], [ -50.15241129, -29.20262117 ], [ -50.16154764, -29.20394193 ], [ -50.14481929, -29.19746434 ], [ -50.14010621, -29.19420846 ], [ -50.13716345, -29.18974901 ], [ -50.1381652, -29.19704084 ], [ -50.13650244, -29.19848045 ], [ -50.13303561, -29.19734909 ], [ -50.13018471, -29.19831509 ], [ -50.13006641, -29.19599926 ], [ -50.12512303, -29.19698894 ], [ -50.12166617, -29.19503185 ], [ -50.12275364, -29.19713814 ], [ -50.11988911, -29.19663487 ], [ -50.12054085, -29.19801215 ], [ -50.12746214, -29.20070275 ], [ -50.11526701, -29.20154159 ], [ -50.11966769, -29.20386624 ], [ -50.11724447, -29.20535825 ], [ -50.11046142, -29.20463026 ], [ -50.11505049, -29.20636662 ], [ -50.11552365, -29.20882109 ], [ -50.11114621, -29.20779042 ], [ -50.10756968, -29.21100958 ], [ -50.09505583, -29.211393 ], [ -50.09327532, -29.21278079 ], [ -50.09826533, -29.21841471 ], [ -50.09717424, -29.22277982 ], [ -50.10161264, -29.2264718 ], [ -50.10957202, -29.2228121 ], [ -50.11236541, -29.2239486 ], [ -50.10936962, -29.22933156 ], [ -50.10601779, -29.22941492 ], [ -50.11222808, -29.23961812 ], [ -50.10848481, -29.2348999 ], [ -50.09306139, -29.22256536 ], [ -50.09240989, -29.22676242 ], [ -50.09856704, -29.23553245 ], [ -50.09515664, -29.2373142 ], [ -50.09393668, -29.23389833 ], [ -50.08481011, -29.2268356 ], [ -50.0889976, -29.2235466 ], [ -50.08638838, -29.21663723 ], [ -50.09216572, -29.2217908 ], [ -50.09386293, -29.22132957 ], [ -50.09210198, -29.21877491 ], [ -50.09151256, -29.21297148 ], [ -50.08711151, -29.20591253 ], [ -50.08784903, -29.20316337 ], [ -50.08614938, -29.19863138 ], [ -50.09035946, -29.20127968 ], [ -50.09690182, -29.20029178 ], [ -50.08654864, -29.19424972 ], [ -50.0886539, -29.19456198 ], [ -50.08913938, -29.1925146 ], [ -50.09278906, -29.19605304 ], [ -50.09703318, -29.1966847 ], [ -50.09138409, -29.18976844 ], [ -50.09182542, -29.18862498 ], [ -50.09674501, -29.18841702 ], [ -50.08905371, -29.18373737 ], [ -50.09172932, -29.18327081 ], [ -50.09150072, -29.18056073 ], [ -50.10027969, -29.18285048 ], [ -50.10040978, -29.18146022 ], [ -50.09455064, -29.17864604 ], [ -50.09422769, -29.17699848 ], [ -50.09761835, -29.17455392 ], [ -50.09632048, -29.17178619 ], [ -50.10002909, -29.17356825 ], [ -50.09656193, -29.16653579 ], [ -50.1019354, -29.16435876 ], [ -50.09966497, -29.15980965 ], [ -50.08628653, -29.1600565 ], [ -50.08128071, -29.15839475 ], [ -50.07982168, -29.15536477 ], [ -50.06260382, -29.1553667 ], [ -50.06795854, -29.15746198 ], [ -50.06247805, -29.15822227 ], [ -50.06176756, -29.16004777 ], [ -50.05715513, -29.15794896 ], [ -50.05714383, -29.1596311 ], [ -50.06093269, -29.16136548 ], [ -50.06254151, -29.16131469 ], [ -50.06282453, -29.15937146 ], [ -50.07832163, -29.15764643 ], [ -50.07983091, -29.15832984 ], [ -50.07660782, -29.15991227 ], [ -50.0905473, -29.16504402 ], [ -50.09294044, -29.16782113 ], [ -50.09328843, -29.17102567 ], [ -50.08432658, -29.17068467 ], [ -50.09018362, -29.17324337 ], [ -50.09007351, -29.17509237 ], [ -50.07776122, -29.17494226 ], [ -50.08037962, -29.17841322 ], [ -50.08538907, -29.17891644 ], [ -50.08244314, -29.17964519 ], [ -50.08106496, -29.18224196 ], [ -50.07447917, -29.1808139 ], [ -50.07393182, -29.18239629 ], [ -50.07781828, -29.18506395 ], [ -50.07555065, -29.18800682 ], [ -50.07060669, -29.18538528 ], [ -50.06506172, -29.1783091 ], [ -50.05917201, -29.17473669 ], [ -50.05858949, -29.17598239 ], [ -50.06424085, -29.18675229 ], [ -50.06012409, -29.18584774 ], [ -50.04989449, -29.17922497 ], [ -50.05083472, -29.18408902 ], [ -50.04625488, -29.18160491 ], [ -50.04327872, -29.18319058 ], [ -50.03471323, -29.17504429 ], [ -50.02904026, -29.17769391 ], [ -50.0285884, -29.18016636 ], [ -50.02267342, -29.17893474 ], [ -50.02057742, -29.17434744 ], [ -50.02925219, -29.17177339 ], [ -50.02450019, -29.16686064 ], [ -50.02720681, -29.1637517 ], [ -50.02305707, -29.16342232 ], [ -50.01972771, -29.1659695 ], [ -50.01928803, -29.15904243 ], [ -50.02066989, -29.15796237 ], [ -50.02106193, -29.15100346 ], [ -50.01797274, -29.15367608 ], [ -50.01530531, -29.15346337 ], [ -50.0092886, -29.15655449 ], [ -50.01067854, -29.14985267 ], [ -50.00664059, -29.15035426 ], [ -50.0091268, -29.14495801 ], [ -50.00540428, -29.14175216 ], [ -50.00978148, -29.1385688 ], [ -50.00686176, -29.13695602 ], [ -50.00753778, -29.13435371 ], [ -50.0138872, -29.12955515 ], [ -50.01951325, -29.12940287 ], [ -50.01914102, -29.12786841 ], [ -50.01408729, -29.12698984 ], [ -50.00792424, -29.1212242 ], [ -50.00461634, -29.12008778 ], [ -50.00928491, -29.1263282 ], [ -50.00831575, -29.12779701 ], [ -50.0016574, -29.12713823 ], [ -49.9968021, -29.13150228 ], [ -49.99012857, -29.12901877 ], [ -49.98926605, -29.13645835 ], [ -49.98680131, -29.13630816 ], [ -49.98453488, -29.13263502 ], [ -49.98743616, -29.1284382 ], [ -49.98697353, -29.12584393 ], [ -49.99214747, -29.12283824 ], [ -49.99295558, -29.11771816 ], [ -49.98736255, -29.11839484 ], [ -49.9834411, -29.11653716 ], [ -49.98147476, -29.11899818 ], [ -49.9774296, -29.11603253 ], [ -49.97422599, -29.11849816 ], [ -49.96893247, -29.1160249 ], [ -49.96733264, -29.11695667 ], [ -49.96811755, -29.12028825 ], [ -49.9632143, -29.11784473 ], [ -49.96436191, -29.11522178 ], [ -49.96752013, -29.11593467 ], [ -49.96827736, -29.11477694 ], [ -49.96830315, -29.10918333 ], [ -49.97082807, -29.10268417 ], [ -49.97084589, -29.10100682 ], [ -49.96572664, -29.09902507 ], [ -49.96838544, -29.09509672 ], [ -49.96688616, -29.09209942 ], [ -49.96825946, -29.08422049 ], [ -49.96523353, -29.08195102 ], [ -49.95615514, -29.08492498 ], [ -49.95497335, -29.07710561 ], [ -49.95903554, -29.07494085 ], [ -49.96055322, -29.07077625 ], [ -49.95759056, -29.06823806 ], [ -49.9523201, -29.06780923 ], [ -49.95302129, -29.06425449 ], [ -49.95111192, -29.06140026 ], [ -49.94325984, -29.06354073 ], [ -49.94506808, -29.06122794 ], [ -49.94211889, -29.05959402 ] ] ] ] } },
{ "type": "Feature", "properties": { "GmlID": "limite_regioes_hidrograficas.3", "OBJECTID": 3, "Regiao": "Uruguai", "st_area_shape_": 11.72965527, "st_perimeter_shape_": 34.65080665 }, "geometry": { "type": "MultiPolygon", "coordinates": [ [ [ [ -53.03183437, -27.15947219 ], [ -53.03755013, -27.1577479 ], [ -53.04119838, -27.15292459 ], [ -53.04419626, -27.144062 ], [ -53.04477735, -27.13392583 ], [ -53.04139386, -27.12490552 ], [ -53.03827444, -27.12091721 ], [ -53.02033105, -27.10455044 ], [ -53.01718373, -27.09524925 ], [ -53.02043941, -27.08752269 ], [ -53.02734758, -27.08318241 ], [ -53.03433796, -27.08231503 ], [ -53.0482135, -27.0836504 ], [ -53.05904226, -27.08824537 ], [ -53.06414069, -27.09214577 ], [ -53.07297197, -27.10196211 ], [ -53.07829215, -27.11130993 ], [ -53.07904528, -27.11847355 ], [ -53.07176978, -27.13454895 ], [ -53.06971119, -27.14873523 ], [ -53.07123991, -27.15696974 ], [ -53.07747875, -27.16311584 ], [ -53.10741973, -27.17028614 ], [ -53.12699316, -27.17936825 ], [ -53.13218309, -27.1802287 ], [ -53.13817352, -27.17744572 ], [ -53.1403447, -27.17441938 ], [ -53.14621733, -27.15224719 ], [ -53.1502847, -27.14378231 ], [ -53.15459286, -27.14061687 ], [ -53.16239891, -27.14069762 ], [ -53.16950175, -27.14418568 ], [ -53.17236217, -27.14802093 ], [ -53.17463948, -27.16911633 ], [ -53.17748956, -27.18083776 ], [ -53.18113673, -27.18826788 ], [ -53.18599655, -27.19159387 ], [ -53.19721636, -27.19265272 ], [ -53.2320857, -27.17111166 ], [ -53.24165919, -27.17163568 ], [ -53.26247289, -27.18474193 ], [ -53.29306698, -27.19691935 ], [ -53.30117929, -27.20526405 ], [ -53.30784924, -27.21654172 ], [ -53.31099159, -27.21872855 ], [ -53.31584165, -27.2188451 ], [ -53.32060357, -27.21624344 ], [ -53.32258175, -27.21150493 ], [ -53.32072702, -27.19823828 ], [ -53.30901725, -27.18161096 ], [ -53.29598289, -27.15153755 ], [ -53.29293691, -27.14080889 ], [ -53.29425244, -27.13555239 ], [ -53.29923732, -27.12870039 ], [ -53.3122408, -27.119688 ], [ -53.32139724, -27.11837906 ], [ -53.33723172, -27.12145741 ], [ -53.34814078, -27.12002253 ], [ -53.35330467, -27.11538074 ], [ -53.36498235, -27.09434789 ], [ -53.37063944, -27.09110311 ], [ -53.37638997, -27.09146561 ], [ -53.38404138, -27.09700178 ], [ -53.39318971, -27.1087938 ], [ -53.40013224, -27.12757592 ], [ -53.40621463, -27.1365442 ], [ -53.41793825, -27.14444451 ], [ -53.43183178, -27.14622838 ], [ -53.44905941, -27.15492628 ], [ -53.45761576, -27.15715189 ], [ -53.46547942, -27.1538596 ], [ -53.47504668, -27.1403073 ], [ -53.48200971, -27.1349544 ], [ -53.49119551, -27.13232508 ], [ -53.50436421, -27.13564148 ], [ -53.50706556, -27.13940351 ], [ -53.50825624, -27.14576545 ], [ -53.50514961, -27.16145008 ], [ -53.50119387, -27.16751387 ], [ -53.4917069, -27.17669181 ], [ -53.48890073, -27.18350421 ], [ -53.48833303, -27.19544713 ], [ -53.49046188, -27.20104143 ], [ -53.49308063, -27.20347847 ], [ -53.50747891, -27.20421236 ], [ -53.51824902, -27.20217782 ], [ -53.5307406, -27.19454664 ], [ -53.54819363, -27.17606161 ], [ -53.55400286, -27.173178 ], [ -53.56173115, -27.17241485 ], [ -53.57111192, -27.17566276 ], [ -53.59144179, -27.1874727 ], [ -53.5996069, -27.18935633 ], [ -53.6118652, -27.18604763 ], [ -53.61823193, -27.18733644 ], [ -53.63072581, -27.21337862 ], [ -53.63806969, -27.21887275 ], [ -53.64386934, -27.2197443 ], [ -53.64750492, -27.21890027 ], [ -53.65081923, -27.21550738 ], [ -53.64791911, -27.19130848 ], [ -53.65012579, -27.17882211 ], [ -53.66104279, -27.16645413 ], [ -53.6677923, -27.16201948 ], [ -53.67505039, -27.16068249 ], [ -53.68621906, -27.16360147 ], [ -53.70089899, -27.1700094 ], [ -53.71626245, -27.18164958 ], [ -53.7273864, -27.18777135 ], [ -53.74514496, -27.19250288 ], [ -53.75105792, -27.18902311 ], [ -53.76203331, -27.15712368 ], [ -53.7650661, -27.15249631 ], [ -53.77032644, -27.14866762 ], [ -53.77786559, -27.14814578 ], [ -53.80814856, -27.17236575 ], [ -53.81484664, -27.17588981 ], [ -53.81965482, -27.17565358 ], [ -53.83358898, -27.17058306 ], [ -53.84202779, -27.16338732 ], [ -53.84821214, -27.15405249 ], [ -53.86060804, -27.12834103 ], [ -53.86630696, -27.12590756 ], [ -53.87394017, -27.12598829 ], [ -53.87743109, -27.12684956 ], [ -53.88400233, -27.13346175 ], [ -53.88852375, -27.15549941 ], [ -53.8969494, -27.16931074 ], [ -53.9034901, -27.17524321 ], [ -53.90901968, -27.17673763 ], [ -53.9159951, -27.17539966 ], [ -53.93067982, -27.15729762 ], [ -53.94132783, -27.1523539 ], [ -53.94918091, -27.15231792 ], [ -53.95776773, -27.15775158 ], [ -53.9599081, -27.16138205 ], [ -53.95712718, -27.18126726 ], [ -53.95915995, -27.1914656 ], [ -53.96307787, -27.19704375 ], [ -53.96844602, -27.19841316 ], [ -53.97982295, -27.19607325 ], [ -53.99987297, -27.19607648 ], [ -54.0079626, -27.19895031 ], [ -54.01315088, -27.20628536 ], [ -54.01556387, -27.21326886 ], [ -54.01547481, -27.23286888 ], [ -54.02050529, -27.248252 ], [ -54.02829271, -27.25542901 ], [ -54.04513441, -27.25914079 ], [ -54.05435934, -27.26389824 ], [ -54.06198205, -27.27354668 ], [ -54.07198348, -27.291438 ], [ -54.07818733, -27.29741121 ], [ -54.0900557, -27.30148257 ], [ -54.10557423, -27.30323707 ], [ -54.13072596, -27.30156178 ], [ -54.15412484, -27.2968604 ], [ -54.15736364, -27.2946331 ], [ -54.15886737, -27.29066543 ], [ -54.15432405, -27.27350058 ], [ -54.15603294, -27.26325914 ], [ -54.16405379, -27.25478644 ], [ -54.16914631, -27.25408398 ], [ -54.17422344, -27.25622417 ], [ -54.18411089, -27.26438178 ], [ -54.18741758, -27.26964018 ], [ -54.19315269, -27.29120904 ], [ -54.19154608, -27.29797987 ], [ -54.19268947, -27.30960985 ], [ -54.20625343, -27.33217089 ], [ -54.21172255, -27.3459163 ], [ -54.21319192, -27.36062605 ], [ -54.21134546, -27.37357561 ], [ -54.21233303, -27.37937411 ], [ -54.21767731, -27.38633998 ], [ -54.22629416, -27.39135208 ], [ -54.25419683, -27.39447056 ], [ -54.26502396, -27.40142697 ], [ -54.26631174, -27.40479414 ], [ -54.26463061, -27.4165814 ], [ -54.26714964, -27.4272756 ], [ -54.26619492, -27.43502813 ], [ -54.27997386, -27.44699476 ], [ -54.28895642, -27.44731317 ], [ -54.29446934, -27.44508107 ], [ -54.30591076, -27.42461297 ], [ -54.3168213, -27.41419183 ], [ -54.33304447, -27.40314256 ], [ -54.33882257, -27.4031098 ], [ -54.34264717, -27.4086102 ], [ -54.33967289, -27.42990642 ], [ -54.33436589, -27.44833323 ], [ -54.33554433, -27.45718833 ], [ -54.34278103, -27.46563404 ], [ -54.35348109, -27.46583794 ], [ -54.35661712, -27.46451296 ], [ -54.36802074, -27.45312727 ], [ -54.38310838, -27.42839358 ], [ -54.39660598, -27.412735 ], [ -54.40372056, -27.407701 ], [ -54.41071825, -27.40575166 ], [ -54.41466983, -27.40726971 ], [ -54.4322829, -27.42143062 ], [ -54.43916622, -27.42456535 ], [ -54.4536607, -27.42249142 ], [ -54.4636066, -27.42276838 ], [ -54.47101406, -27.42877582 ], [ -54.47052099, -27.43397124 ], [ -54.46620044, -27.44038622 ], [ -54.44242241, -27.4620101 ], [ -54.44216875, -27.46835564 ], [ -54.44644947, -27.47306562 ], [ -54.45384066, -27.47754593 ], [ -54.47200392, -27.48155357 ], [ -54.49324505, -27.47974154 ], [ -54.5031116, -27.48139916 ], [ -54.50946247, -27.48466427 ], [ -54.51259294, -27.48830135 ], [ -54.51977088, -27.50246719 ], [ -54.5295225, -27.50698578 ], [ -54.53495431, -27.50593621 ], [ -54.54519114, -27.4838191 ], [ -54.56799632, -27.45637764 ], [ -54.5770036, -27.45275298 ], [ -54.5839245, -27.45429937 ], [ -54.58763845, -27.45694856 ], [ -54.59065251, -27.46307439 ], [ -54.59256877, -27.48268289 ], [ -54.59570725, -27.49060787 ], [ -54.60647396, -27.50672257 ], [ -54.61541248, -27.53323359 ], [ -54.62438494, -27.54341459 ], [ -54.63771418, -27.54622679 ], [ -54.6427497, -27.54435769 ], [ -54.64802263, -27.53679016 ], [ -54.65514047, -27.51516117 ], [ -54.66153503, -27.50832744 ], [ -54.66697191, -27.50540153 ], [ -54.67204923, -27.50537199 ], [ -54.67780596, -27.50970846 ], [ -54.67919854, -27.53213613 ], [ -54.6727636, -27.55064875 ], [ -54.67191, -27.56685258 ], [ -54.67641589, -27.57271538 ], [ -54.68303701, -27.574747 ], [ -54.72333214, -27.56373803 ], [ -54.73946048, -27.56136923 ], [ -54.74500772, -27.56334466 ], [ -54.74886785, -27.56739408 ], [ -54.75831325, -27.5820037 ], [ -54.76970244, -27.58622144 ], [ -54.77634514, -27.58529663 ], [ -54.78102345, -27.58320673 ], [ -54.78385442, -27.57976906 ], [ -54.78956555, -27.5687765 ], [ -54.79328478, -27.54110019 ], [ -54.79590291, -27.53667206 ], [ -54.8043182, -27.53050198 ], [ -54.8094858, -27.53064054 ], [ -54.81336982, -27.53261119 ], [ -54.82115235, -27.54599875 ], [ -54.83013147, -27.56654547 ], [ -54.84168846, -27.611427 ], [ -54.84628089, -27.61871731 ], [ -54.85278815, -27.6260766 ], [ -54.85788681, -27.62858262 ], [ -54.86419013, -27.62867986 ], [ -54.8760236, -27.62559535 ], [ -54.89116985, -27.62754565 ], [ -54.89702595, -27.63084361 ], [ -54.90497078, -27.63831564 ], [ -54.90680275, -27.64789643 ], [ -54.90194505, -27.69369893 ], [ -54.90341427, -27.72531968 ], [ -54.90564934, -27.73194411 ], [ -54.92385912, -27.74786512 ], [ -54.92797396, -27.75354021 ], [ -54.93105357, -27.76418695 ], [ -54.93754087, -27.77224988 ], [ -54.94673256, -27.77679919 ], [ -54.95430502, -27.7784014 ], [ -54.96203654, -27.77840107 ], [ -54.9801016, -27.77356618 ], [ -54.98929313, -27.77473178 ], [ -54.99316328, -27.77799711 ], [ -54.99935031, -27.79190148 ], [ -55.00919114, -27.79650948 ], [ -55.01879547, -27.79636103 ], [ -55.02586535, -27.79382621 ], [ -55.04354192, -27.77470824 ], [ -55.05302269, -27.77054415 ], [ -55.061833, -27.76994779 ], [ -55.07093666, -27.77268863 ], [ -55.07847289, -27.77777723 ], [ -55.0823208, -27.78247252 ], [ -55.08509613, -27.78955975 ], [ -55.08167677, -27.79713415 ], [ -55.07336044, -27.80137563 ], [ -55.0537019, -27.81559651 ], [ -55.02915842, -27.82647658 ], [ -55.02476034, -27.83352318 ], [ -55.02408601, -27.84583422 ], [ -55.03020639, -27.85595515 ], [ -55.03689304, -27.85782203 ], [ -55.04797659, -27.85446057 ], [ -55.05530284, -27.85418945 ], [ -55.08295336, -27.84741327 ], [ -55.09966764, -27.84508927 ], [ -55.10968258, -27.8481519 ], [ -55.12065593, -27.85377399 ], [ -55.12563111, -27.86066127 ], [ -55.12625941, -27.86536902 ], [ -55.12361624, -27.88589237 ], [ -55.12813635, -27.89496496 ], [ -55.13374845, -27.89712952 ], [ -55.15546178, -27.88106071 ], [ -55.16376797, -27.87045822 ], [ -55.17822178, -27.858386 ], [ -55.18980105, -27.85676147 ], [ -55.19839933, -27.8576772 ], [ -55.21831715, -27.87094473 ], [ -55.22751962, -27.88006081 ], [ -55.23440962, -27.88868832 ], [ -55.25110428, -27.91657389 ], [ -55.26210126, -27.92772403 ], [ -55.27345504, -27.93193584 ], [ -55.28119667, -27.9320327 ], [ -55.29078263, -27.92974503 ], [ -55.30638643, -27.92220103 ], [ -55.3167724, -27.92232837 ], [ -55.32119788, -27.92404441 ], [ -55.32952979, -27.93188257 ], [ -55.33575883, -27.95957789 ], [ -55.33990972, -27.96622238 ], [ -55.34469398, -27.97052452 ], [ -55.37424728, -27.97565548 ], [ -55.3818553, -27.97981961 ], [ -55.38374697, -27.98228237 ], [ -55.38409851, -27.98699455 ], [ -55.37351224, -27.99353966 ], [ -55.36541146, -28.00890542 ], [ -55.36423506, -28.01435413 ], [ -55.36808209, -28.02824244 ], [ -55.37140562, -28.03290391 ], [ -55.38301136, -28.04109395 ], [ -55.40890344, -28.05165251 ], [ -55.41697386, -28.05786785 ], [ -55.4266824, -28.06982222 ], [ -55.43295541, -28.09045581 ], [ -55.43660029, -28.09397862 ], [ -55.44818043, -28.09899784 ], [ -55.45760389, -28.09866886 ], [ -55.46429882, -28.09493559 ], [ -55.47471141, -28.0835908 ], [ -55.48077907, -28.07918883 ], [ -55.4899697, -28.07654169 ], [ -55.49642399, -28.07779087 ], [ -55.50278908, -28.08962869 ], [ -55.50683838, -28.10435671 ], [ -55.51176887, -28.11413062 ], [ -55.53240723, -28.1175879 ], [ -55.53588096, -28.11946292 ], [ -55.5452565, -28.1312812 ], [ -55.5482546, -28.13659924 ], [ -55.54825462, -28.14937696 ], [ -55.55063838, -28.16037932 ], [ -55.55744222, -28.16587024 ], [ -55.56360759, -28.16405061 ], [ -55.58746897, -28.14697633 ], [ -55.58874256, -28.13768904 ], [ -55.58402349, -28.12934932 ], [ -55.58444228, -28.12329597 ], [ -55.58667144, -28.12052203 ], [ -55.59641737, -28.11624986 ], [ -55.60876989, -28.11693804 ], [ -55.61478337, -28.12182758 ], [ -55.62033777, -28.13335963 ], [ -55.62029424, -28.14829669 ], [ -55.62379597, -28.15569912 ], [ -55.62615776, -28.17028435 ], [ -55.63008679, -28.1761973 ], [ -55.65672883, -28.18590135 ], [ -55.69102786, -28.21668388 ], [ -55.70001014, -28.22178395 ], [ -55.71528619, -28.22749756 ], [ -55.72965805, -28.22905032 ], [ -55.74755174, -28.23372886 ], [ -55.76928785, -28.24160492 ], [ -55.77622429, -28.24574513 ], [ -55.78088225, -28.25201886 ], [ -55.78147124, -28.25759891 ], [ -55.77874648, -28.26730306 ], [ -55.77466591, -28.27153044 ], [ -55.76701745, -28.27712132 ], [ -55.73905711, -28.28315025 ], [ -55.73209328, -28.2866632 ], [ -55.71731811, -28.29693167 ], [ -55.71108973, -28.30324893 ], [ -55.70587203, -28.30558224 ], [ -55.69867169, -28.31263178 ], [ -55.68385084, -28.31740877 ], [ -55.66882561, -28.33420079 ], [ -55.66841636, -28.34204793 ], [ -55.67140304, -28.34775258 ], [ -55.67438365, -28.36126221 ], [ -55.69023412, -28.39062663 ], [ -55.68995706, -28.41150221 ], [ -55.6932947, -28.42173145 ], [ -55.70288271, -28.42708667 ], [ -55.70971114, -28.42685316 ], [ -55.71499605, -28.42469073 ], [ -55.73234921, -28.38314468 ], [ -55.7404598, -28.37582518 ], [ -55.76069712, -28.36754466 ], [ -55.79528255, -28.36697361 ], [ -55.81993682, -28.364573 ], [ -55.84539535, -28.35689363 ], [ -55.8605631, -28.35508819 ], [ -55.86837962, -28.35615892 ], [ -55.87887299, -28.36276195 ], [ -55.88897384, -28.3806079 ], [ -55.89982419, -28.39274315 ], [ -55.90212205, -28.40681195 ], [ -55.90178858, -28.41310838 ], [ -55.8909012, -28.43871435 ], [ -55.88135998, -28.46663649 ], [ -55.88103762, -28.47327488 ], [ -55.88299032, -28.47903346 ], [ -55.91724828, -28.48278552 ], [ -55.94923345, -28.49500705 ], [ -55.9919807, -28.49864106 ], [ -56.00667066, -28.50426024 ], [ -56.01553047, -28.51109905 ], [ -56.02428189, -28.52787273 ], [ -56.02579789, -28.5343462 ], [ -56.02506712, -28.54147137 ], [ -56.02203327, -28.55050146 ], [ -56.00500826, -28.57416515 ], [ -56.00010657, -28.5885371 ], [ -56.00310468, -28.59986332 ], [ -56.01084173, -28.61089447 ], [ -56.03004087, -28.62123778 ], [ -56.05076639, -28.62547524 ], [ -56.0667213, -28.63799775 ], [ -56.09209235, -28.66211342 ], [ -56.13001565, -28.69129999 ], [ -56.15158541, -28.72225017 ], [ -56.16542206, -28.74707455 ], [ -56.18106147, -28.76642185 ], [ -56.19154855, -28.77374828 ], [ -56.21829498, -28.77697288 ], [ -56.25008805, -28.77743618 ], [ -56.26855804, -28.78083772 ], [ -56.28480019, -28.78966288 ], [ -56.29191754, -28.79602685 ], [ -56.29716836, -28.80280742 ], [ -56.30015019, -28.81102007 ], [ -56.29578318, -28.86010633 ], [ -56.29872182, -28.87631178 ], [ -56.29874604, -28.89186437 ], [ -56.30064684, -28.8974327 ], [ -56.32349344, -28.93000657 ], [ -56.34672267, -28.94159175 ], [ -56.37261079, -28.94604514 ], [ -56.39250284, -28.96059028 ], [ -56.39602382, -28.96849872 ], [ -56.39603275, -28.97238328 ], [ -56.38786336, -28.99042571 ], [ -56.38948751, -29.00150432 ], [ -56.39883386, -29.02444469 ], [ -56.4095897, -29.03872135 ], [ -56.41597056, -29.06774031 ], [ -56.41949731, -29.07418728 ], [ -56.42337506, -29.07700511 ], [ -56.43921373, -29.08197215 ], [ -56.50676406, -29.08947231 ], [ -56.51443302, -29.09259803 ], [ -56.52941111, -29.10227791 ], [ -56.53896404, -29.11257316 ], [ -56.54354122, -29.11468319 ], [ -56.55161136, -29.11627611 ], [ -56.57607245, -29.11320764 ], [ -56.5830416, -29.11776061 ], [ -56.59325561, -29.12099816 ], [ -56.59762565, -29.13018147 ], [ -56.59663533, -29.13863021 ], [ -56.6005065, -29.14396226 ], [ -56.60409799, -29.14529744 ], [ -56.6108079, -29.16324244 ], [ -56.63632724, -29.19247666 ], [ -56.64555845, -29.19952567 ], [ -56.65112569, -29.21456169 ], [ -56.65376284, -29.22772537 ], [ -56.65388968, -29.23405283 ], [ -56.64910335, -29.25455229 ], [ -56.64989942, -29.26506301 ], [ -56.65949139, -29.2886163 ], [ -56.67248489, -29.31078368 ], [ -56.68169259, -29.33121922 ], [ -56.69740895, -29.35749884 ], [ -56.70654664, -29.36675246 ], [ -56.71322632, -29.36994428 ], [ -56.73537998, -29.37134063 ], [ -56.75686046, -29.37504929 ], [ -56.76382152, -29.37695311 ], [ -56.76678602, -29.37986112 ], [ -56.77750536, -29.40641028 ], [ -56.77833509, -29.41381969 ], [ -56.7749543, -29.43184315 ], [ -56.77450739, -29.4489163 ], [ -56.77610115, -29.45480263 ], [ -56.7810829, -29.46052532 ], [ -56.80901475, -29.48317215 ], [ -56.85649523, -29.50601835 ], [ -56.88342851, -29.5240179 ], [ -56.90310737, -29.53470979 ], [ -56.93352209, -29.56878431 ], [ -56.94001163, -29.57476019 ], [ -56.9452715, -29.57611357 ], [ -56.95306939, -29.58193968 ], [ -56.96111324, -29.59506023 ], [ -56.96500477, -29.59666161 ], [ -56.97195585, -29.61207817 ], [ -56.97142789, -29.6197513 ], [ -56.96725062, -29.63122204 ], [ -56.96770409, -29.63690682 ], [ -56.97054213, -29.64096226 ], [ -56.97349109, -29.64268762 ], [ -56.98685484, -29.6443709 ], [ -57.0052044, -29.65493246 ], [ -57.01069015, -29.66205331 ], [ -57.01806173, -29.67918741 ], [ -57.03340618, -29.69581175 ], [ -57.05376785, -29.70857948 ], [ -57.07649736, -29.72676523 ], [ -57.08931751, -29.73940222 ], [ -57.11218926, -29.75539011 ], [ -57.12120307, -29.76515761 ], [ -57.13273439, -29.77070103 ], [ -57.17122368, -29.78044583 ], [ -57.18285921, -29.78108831 ], [ -57.21576719, -29.77816155 ], [ -57.23297069, -29.78101691 ], [ -57.29090273, -29.82827778 ], [ -57.29550296, -29.83269883 ], [ -57.32676905, -29.88009766 ], [ -57.32848226, -29.89251844 ], [ -57.32528841, -29.91832645 ], [ -57.32626934, -29.95897681 ], [ -57.32820035, -29.97041669 ], [ -57.33783083, -29.99250017 ], [ -57.34482918, -30.0000939 ], [ -57.35603641, -30.00873135 ], [ -57.38094938, -30.01736876 ], [ -57.39758177, -30.02514957 ], [ -57.42543846, -30.0481207 ], [ -57.44405268, -30.06769436 ], [ -57.45161937, -30.08025792 ], [ -57.45468883, -30.09367812 ], [ -57.4602568, -30.10424289 ], [ -57.46479238, -30.10916941 ], [ -57.49188918, -30.12995677 ], [ -57.53292557, -30.15635312 ], [ -57.54803717, -30.16409928 ], [ -57.57818288, -30.1744846 ], [ -57.59267381, -30.17726855 ], [ -57.60566568, -30.17755408 ], [ -57.63086416, -30.17448455 ], [ -57.63614657, -30.17534118 ], [ -57.64371326, -30.1787676 ], [ -57.64798038, -30.18726632 ], [ -57.64838785, -30.19295027 ], [ -57.6289694, -30.18677787 ], [ -57.61070016, -30.18912107 ], [ -57.57256632, -30.20450401 ], [ -57.5694735, -30.20937535 ], [ -57.56405446, -30.2090903 ], [ -57.56005936, -30.21249962 ], [ -57.55733364, -30.22280492 ], [ -57.55972184, -30.23670199 ], [ -57.5632831, -30.24187415 ], [ -57.5678601, -30.25659777 ], [ -57.56528245, -30.25991438 ], [ -57.55505107, -30.26495509 ], [ -57.54991389, -30.27376412 ], [ -57.52486628, -30.28533404 ], [ -57.50890064, -30.28556279 ], [ -57.5000885, -30.28897 ], [ -57.49729869, -30.28620449 ], [ -57.49090567, -30.27109988 ], [ -57.48788858, -30.26746292 ], [ -57.46642493, -30.26576898 ], [ -57.4614679, -30.26681703 ], [ -57.45591995, -30.27411783 ], [ -57.45225378, -30.27591475 ], [ -57.42981121, -30.27466735 ], [ -57.4158701, -30.27840957 ], [ -57.41520111, -30.28214796 ], [ -57.41935395, -30.28499938 ], [ -57.42152846, -30.2903336 ], [ -57.42186919, -30.29907283 ], [ -57.42050222, -30.30218398 ], [ -57.41222456, -30.30030254 ], [ -57.40436821, -30.30058959 ], [ -57.39788696, -30.30435152 ], [ -57.39297325, -30.30464393 ], [ -57.39010463, -30.30310898 ], [ -57.3887625, -30.2950967 ], [ -57.37946316, -30.28059803 ], [ -57.36960948, -30.273064 ], [ -57.36270572, -30.27117914 ], [ -57.35850298, -30.27314269 ], [ -57.3577701, -30.28215717 ], [ -57.35634591, -30.28408109 ], [ -57.35258999, -30.28479969 ], [ -57.34434187, -30.2785256 ], [ -57.32013357, -30.27054026 ], [ -57.3164535, -30.25872474 ], [ -57.31351372, -30.25779538 ], [ -57.31051666, -30.25878135 ], [ -57.30494758, -30.2649493 ], [ -57.30062722, -30.27505349 ], [ -57.29193113, -30.28782848 ], [ -57.28288177, -30.29421825 ], [ -57.27928354, -30.29361061 ], [ -57.27433022, -30.28708193 ], [ -57.26901092, -30.28429672 ], [ -57.2699816, -30.27879137 ], [ -57.26863552, -30.27217056 ], [ -57.25949141, -30.26683288 ], [ -57.25309717, -30.27295443 ], [ -57.25487528, -30.28320807 ], [ -57.24949161, -30.28926184 ], [ -57.21872951, -30.28907046 ], [ -57.20923116, -30.28478441 ], [ -57.20312929, -30.28500225 ], [ -57.1957285, -30.26440278 ], [ -57.17747514, -30.25154583 ], [ -57.16855601, -30.24948751 ], [ -57.16713011, -30.24760789 ], [ -57.16863808, -30.24297896 ], [ -57.16696538, -30.24147024 ], [ -57.16381548, -30.24295227 ], [ -57.16135805, -30.24214012 ], [ -57.15581843, -30.23494466 ], [ -57.15577856, -30.23195411 ], [ -57.16331645, -30.22751876 ], [ -57.16536293, -30.22419016 ], [ -57.16259347, -30.21886911 ], [ -57.1677181, -30.21758021 ], [ -57.16446404, -30.2127436 ], [ -57.1683227, -30.20841037 ], [ -57.16710188, -30.20526659 ], [ -57.16805548, -30.19774234 ], [ -57.16004734, -30.19375522 ], [ -57.15843486, -30.19131118 ], [ -57.15829269, -30.18462775 ], [ -57.14523849, -30.17291936 ], [ -57.14435478, -30.16613675 ], [ -57.13552437, -30.15825862 ], [ -57.12987276, -30.14164393 ], [ -57.12494428, -30.14062708 ], [ -57.11937952, -30.14508 ], [ -57.11589873, -30.14550262 ], [ -57.1114596, -30.14275421 ], [ -57.10635742, -30.1355439 ], [ -57.10714135, -30.13259251 ], [ -57.1048263, -30.12562985 ], [ -57.10805786, -30.12534437 ], [ -57.10999638, -30.12854136 ], [ -57.11433115, -30.1267039 ], [ -57.11657622, -30.1200844 ], [ -57.11621308, -30.11420442 ], [ -57.10836302, -30.11646795 ], [ -57.09589122, -30.11451045 ], [ -57.09517468, -30.12108024 ], [ -57.08911744, -30.12055036 ], [ -57.08549577, -30.11611499 ], [ -57.08456413, -30.11146191 ], [ -57.08621821, -30.11061578 ], [ -57.09058613, -30.11311716 ], [ -57.09214551, -30.1104978 ], [ -57.08767685, -30.10654669 ], [ -57.08716002, -30.10090264 ], [ -57.08120548, -30.09350656 ], [ -57.07299567, -30.0894132 ], [ -57.06952925, -30.08590401 ], [ -57.06644098, -30.0852844 ], [ -57.06157952, -30.0882461 ], [ -57.06238402, -30.08983903 ], [ -57.06701659, -30.09085243 ], [ -57.06864607, -30.10045644 ], [ -57.06544574, -30.10114923 ], [ -57.05730131, -30.09866306 ], [ -57.05161508, -30.10059996 ], [ -57.04478994, -30.10558205 ], [ -57.03044279, -30.10110694 ], [ -57.02899486, -30.09249401 ], [ -57.02293892, -30.08744487 ], [ -57.00571442, -30.08774314 ], [ -56.99358175, -30.08577193 ], [ -56.98308177, -30.0882857 ], [ -56.9769565, -30.09745187 ], [ -56.96843878, -30.09752228 ], [ -56.95566339, -30.10102839 ], [ -56.93173853, -30.09396808 ], [ -56.91731662, -30.0963139 ], [ -56.91119632, -30.10183865 ], [ -56.91523359, -30.11019101 ], [ -56.91250605, -30.11072787 ], [ -56.91009824, -30.10836746 ], [ -56.90592599, -30.10738171 ], [ -56.90487132, -30.10916051 ], [ -56.90658957, -30.1119994 ], [ -56.90514695, -30.11345752 ], [ -56.89447554, -30.10410432 ], [ -56.89063338, -30.09788838 ], [ -56.88888919, -30.08934241 ], [ -56.88497737, -30.08723846 ], [ -56.88033263, -30.08855243 ], [ -56.87419017, -30.08650027 ], [ -56.87381232, -30.09218963 ], [ -56.87129939, -30.09385422 ], [ -56.86469123, -30.09029764 ], [ -56.85838477, -30.08916585 ], [ -56.84194045, -30.09029293 ], [ -56.82369987, -30.09604611 ], [ -56.81733316, -30.1068057 ], [ -56.81347458, -30.10750008 ], [ -56.80973485, -30.10311046 ], [ -56.80788833, -30.10326792 ], [ -56.80409874, -30.10709025 ], [ -56.80083929, -30.12114553 ], [ -56.78072498, -30.12610296 ], [ -56.7797335, -30.12753806 ], [ -56.77804877, -30.13377847 ], [ -56.78037468, -30.14269748 ], [ -56.7847451, -30.15127117 ], [ -56.78202995, -30.15853948 ], [ -56.77714882, -30.16311126 ], [ -56.77280635, -30.16431313 ], [ -56.75932709, -30.16066266 ], [ -56.73647846, -30.17069986 ], [ -56.73103334, -30.17114047 ], [ -56.71914659, -30.18007764 ], [ -56.71257095, -30.17645901 ], [ -56.70576385, -30.1761945 ], [ -56.70475652, -30.17975599 ], [ -56.70815216, -30.18877788 ], [ -56.70072138, -30.1971063 ], [ -56.6972812, -30.20482314 ], [ -56.68161214, -30.19442467 ], [ -56.67875209, -30.20021415 ], [ -56.66296452, -30.19746649 ], [ -56.65157357, -30.20727732 ], [ -56.64639226, -30.20410354 ], [ -56.64565012, -30.20795339 ], [ -56.64940911, -30.21149378 ], [ -56.65811196, -30.21304004 ], [ -56.66716672, -30.21690849 ], [ -56.66811578, -30.21893651 ], [ -56.66491908, -30.2216614 ], [ -56.65130945, -30.21989157 ], [ -56.64653363, -30.22313482 ], [ -56.64273087, -30.23334591 ], [ -56.62462325, -30.24590781 ], [ -56.62459609, -30.24876899 ], [ -56.63148395, -30.25529549 ], [ -56.64048258, -30.25496678 ], [ -56.63835956, -30.25994178 ], [ -56.62849367, -30.26674839 ], [ -56.61486681, -30.26153738 ], [ -56.60971999, -30.26940655 ], [ -56.60742426, -30.28221396 ], [ -56.61165763, -30.28838357 ], [ -56.62108806, -30.29301076 ], [ -56.61885312, -30.30136115 ], [ -56.61342823, -30.30049669 ], [ -56.60535354, -30.29276695 ], [ -56.59653482, -30.29566712 ], [ -56.58562165, -30.2904984 ], [ -56.57729378, -30.28894571 ], [ -56.57447751, -30.29155371 ], [ -56.57622585, -30.30312346 ], [ -56.5622114, -30.31238998 ], [ -56.55708046, -30.31977317 ], [ -56.55352473, -30.31900331 ], [ -56.54688902, -30.31138484 ], [ -56.54195949, -30.31284498 ], [ -56.54090881, -30.32682645 ], [ -56.53769262, -30.33058874 ], [ -56.53707161, -30.3342222 ], [ -56.55172279, -30.34116548 ], [ -56.55128309, -30.34578254 ], [ -56.54436329, -30.3525388 ], [ -56.54701819, -30.3597252 ], [ -56.54374155, -30.36127503 ], [ -56.5378994, -30.35931258 ], [ -56.51956262, -30.35983399 ], [ -56.51690812, -30.36395968 ], [ -56.50522262, -30.37097685 ], [ -56.50714742, -30.38162342 ], [ -56.49714373, -30.38650495 ], [ -56.49086231, -30.39820046 ], [ -56.48356581, -30.39870069 ], [ -56.47981296, -30.39181027 ], [ -56.47615925, -30.38911847 ], [ -56.46685574, -30.38532315 ], [ -56.46120206, -30.38516804 ], [ -56.45603406, -30.39178298 ], [ -56.45380279, -30.4023271 ], [ -56.44565739, -30.40995376 ], [ -56.4445142, -30.41314774 ], [ -56.44500691, -30.41565079 ], [ -56.45348572, -30.42058117 ], [ -56.45381941, -30.42248413 ], [ -56.44672431, -30.42514373 ], [ -56.44002226, -30.43232252 ], [ -56.42783253, -30.43533423 ], [ -56.42350401, -30.43209967 ], [ -56.41603211, -30.43151314 ], [ -56.41485576, -30.4381538 ], [ -56.4078762, -30.44707162 ], [ -56.39828359, -30.44835782 ], [ -56.40027424, -30.45936146 ], [ -56.40722835, -30.45985057 ], [ -56.40639454, -30.46878341 ], [ -56.40241015, -30.47455321 ], [ -56.39657753, -30.47184896 ], [ -56.39737917, -30.47791648 ], [ -56.39549881, -30.48501639 ], [ -56.38758451, -30.4868793 ], [ -56.38729311, -30.48984684 ], [ -56.38386927, -30.49308164 ], [ -56.38869895, -30.49205613 ], [ -56.38928457, -30.49313094 ], [ -56.38319702, -30.49902069 ], [ -56.37860343, -30.50128717 ], [ -56.36754156, -30.50309364 ], [ -56.3609289, -30.50047753 ], [ -56.35964855, -30.49766584 ], [ -56.3604116, -30.495531 ], [ -56.36426218, -30.49753767 ], [ -56.36483313, -30.49247569 ], [ -56.35755286, -30.49170167 ], [ -56.35500238, -30.49284574 ], [ -56.35063625, -30.49677132 ], [ -56.35117739, -30.50013878 ], [ -56.34847076, -30.50463596 ], [ -56.33941146, -30.51035249 ], [ -56.33624922, -30.51081777 ], [ -56.33372659, -30.51455234 ], [ -56.33467877, -30.51765637 ], [ -56.33726689, -30.51897685 ], [ -56.33652721, -30.52286667 ], [ -56.33340103, -30.52439497 ], [ -56.33063844, -30.529656 ], [ -56.32620551, -30.5282426 ], [ -56.323132, -30.53185297 ], [ -56.31563813, -30.53002457 ], [ -56.31210358, -30.53135443 ], [ -56.30734278, -30.53063224 ], [ -56.30262381, -30.52817548 ], [ -56.30143684, -30.5257208 ], [ -56.29676078, -30.52611965 ], [ -56.29374114, -30.52365358 ], [ -56.29432298, -30.5207909 ], [ -56.29208756, -30.52048213 ], [ -56.28721317, -30.52759699 ], [ -56.29013041, -30.52959961 ], [ -56.28854477, -30.54057934 ], [ -56.28530388, -30.54632393 ], [ -56.27912748, -30.55220014 ], [ -56.28182337, -30.56005029 ], [ -56.27623584, -30.56069206 ], [ -56.2663383, -30.55452914 ], [ -56.25842024, -30.5617781 ], [ -56.25632414, -30.56665569 ], [ -56.26183967, -30.57101267 ], [ -56.25990417, -30.58050569 ], [ -56.26201, -30.58144796 ], [ -56.26215545, -30.58444503 ], [ -56.25553889, -30.5878177 ], [ -56.2491094, -30.57702954 ], [ -56.24512474, -30.57383843 ], [ -56.23310228, -30.57483347 ], [ -56.22973278, -30.57783607 ], [ -56.22591348, -30.57844691 ], [ -56.22394449, -30.58454197 ], [ -56.22581473, -30.5861234 ], [ -56.23452565, -30.5871395 ], [ -56.23424732, -30.59362991 ], [ -56.22468324, -30.59691151 ], [ -56.22018388, -30.6069983 ], [ -56.21405535, -30.60847379 ], [ -56.19243249, -30.60396798 ], [ -56.18748681, -30.60476078 ], [ -56.17834664, -30.61206012 ], [ -56.17094033, -30.61448168 ], [ -56.17032384, -30.61649233 ], [ -56.172166, -30.61946031 ], [ -56.17907436, -30.62120863 ], [ -56.18241367, -30.62408666 ], [ -56.18286712, -30.62637925 ], [ -56.18031861, -30.63033139 ], [ -56.18124396, -30.63139535 ], [ -56.17451166, -30.63391983 ], [ -56.16477912, -30.64236425 ], [ -56.16999798, -30.65392282 ], [ -56.16630104, -30.66437463 ], [ -56.16122193, -30.67079214 ], [ -56.1517101, -30.68060572 ], [ -56.14551088, -30.68111997 ], [ -56.14313919, -30.67964102 ], [ -56.13765939, -30.68327139 ], [ -56.13872842, -30.68789732 ], [ -56.15023962, -30.69378477 ], [ -56.14957301, -30.70147966 ], [ -56.15091618, -30.70469466 ], [ -56.13812594, -30.71052426 ], [ -56.13602726, -30.70976046 ], [ -56.13412841, -30.71380796 ], [ -56.1299839, -30.71639137 ], [ -56.12836589, -30.72032345 ], [ -56.13129193, -30.72355464 ], [ -56.13290441, -30.73171194 ], [ -56.13059038, -30.73276485 ], [ -56.12798485, -30.73984371 ], [ -56.12274409, -30.73952251 ], [ -56.11863924, -30.73698189 ], [ -56.1170448, -30.73311684 ], [ -56.10650196, -30.73207477 ], [ -56.10271334, -30.74426115 ], [ -56.09762868, -30.74650275 ], [ -56.09607978, -30.75344349 ], [ -56.08812017, -30.75737563 ], [ -56.07369044, -30.74522282 ], [ -56.06712557, -30.74764263 ], [ -56.06313365, -30.75322746 ], [ -56.06439152, -30.76103739 ], [ -56.0668641, -30.76455901 ], [ -56.06256021, -30.77450298 ], [ -56.05705474, -30.77310988 ], [ -56.04981763, -30.77698585 ], [ -56.04713335, -30.77404659 ], [ -56.03981547, -30.77525996 ], [ -56.0379595, -30.77652109 ], [ -56.03877526, -30.77884772 ], [ -56.03612217, -30.78449708 ], [ -56.03031609, -30.78426126 ], [ -56.02361279, -30.78635456 ], [ -56.0210594, -30.79088856 ], [ -56.02477784, -30.79488612 ], [ -56.02507472, -30.79908621 ], [ -56.01547894, -30.80294432 ], [ -56.0123892, -30.80708456 ], [ -56.01620466, -30.81096309 ], [ -56.01718301, -30.8184437 ], [ -56.00911544, -30.81987146 ], [ -56.00806977, -30.82535509 ], [ -56.00399882, -30.83101122 ], [ -56.00510482, -30.832941 ], [ -56.00431917, -30.83980014 ], [ -55.99353849, -30.84597388 ], [ -55.99153006, -30.84883882 ], [ -55.9926768, -30.85310442 ], [ -55.98962371, -30.85875703 ], [ -55.99112838, -30.86767804 ], [ -55.99810434, -30.87416774 ], [ -56.00070573, -30.88241597 ], [ -56.00827403, -30.894425 ], [ -56.00648806, -30.89792111 ], [ -56.00766507, -30.90540761 ], [ -56.01128106, -30.91198404 ], [ -56.0054185, -30.92175817 ], [ -56.01065659, -30.92883668 ], [ -56.01044747, -30.93804618 ], [ -56.01532906, -30.94471909 ], [ -56.00972051, -30.94746648 ], [ -56.01268945, -30.95445544 ], [ -56.01024824, -30.95848499 ], [ -56.01120291, -30.96862168 ], [ -56.00588508, -30.97317049 ], [ -56.01092905, -30.97833743 ], [ -56.00734506, -30.98425806 ], [ -56.01313143, -30.99025395 ], [ -56.01291256, -30.99440823 ], [ -56.01748052, -31.00261921 ], [ -56.01650028, -31.0060074 ], [ -56.01814742, -31.01052909 ], [ -56.01426002, -31.02093916 ], [ -56.01757527, -31.03188591 ], [ -56.01839047, -31.04774728 ], [ -56.01537593, -31.05134778 ], [ -56.01254086, -31.06263395 ], [ -56.00721519, -31.07433308 ], [ -56.01112341, -31.08157782 ], [ -55.99163153, -31.08407964 ], [ -55.98916208, -31.07668879 ], [ -55.97938016, -31.07315821 ], [ -55.94322249, -31.0825363 ], [ -55.93898298, -31.08590321 ], [ -55.93326367, -31.08719785 ], [ -55.93007324, -31.08598178 ], [ -55.92553297, -31.07632291 ], [ -55.91905752, -31.0742361 ], [ -55.91121319, -31.07481913 ], [ -55.89811381, -31.0670887 ], [ -55.89505062, -31.07297786 ], [ -55.8889872, -31.07639194 ], [ -55.88367596, -31.0766325 ], [ -55.87036361, -31.07011871 ], [ -55.86959183, -31.0665671 ], [ -55.85612412, -31.04546124 ], [ -55.84714293, -31.0428522 ], [ -55.83078278, -31.04374805 ], [ -55.81479284, -31.0250931 ], [ -55.81261798, -31.02030373 ], [ -55.81335233, -31.01586713 ], [ -55.78106614, -31.01700542 ], [ -55.77995481, -31.01503748 ], [ -55.77527251, -31.01489763 ], [ -55.76654599, -31.010279 ], [ -55.76750119, -31.00381022 ], [ -55.77410994, -30.99970643 ], [ -55.77311142, -30.99712054 ], [ -55.76671066, -30.99733468 ], [ -55.76295112, -30.99964276 ], [ -55.75219831, -30.99818876 ], [ -55.7498403, -30.99131466 ], [ -55.74610455, -30.98631781 ], [ -55.74748467, -30.98051189 ], [ -55.74622352, -30.97920321 ], [ -55.73958606, -30.97909941 ], [ -55.73361358, -30.98126469 ], [ -55.72827162, -30.97966134 ], [ -55.73109416, -30.97435174 ], [ -55.72899743, -30.97024779 ], [ -55.72488246, -30.96715204 ], [ -55.72512247, -30.96221507 ], [ -55.72228616, -30.95741808 ], [ -55.72439913, -30.9529637 ], [ -55.72110119, -30.94535183 ], [ -55.7233105, -30.94274123 ], [ -55.71707631, -30.94245571 ], [ -55.71555345, -30.94697667 ], [ -55.711437, -30.94952272 ], [ -55.70927168, -30.95435301 ], [ -55.70398931, -30.95494789 ], [ -55.70022974, -30.94942756 ], [ -55.69287719, -30.94400236 ], [ -55.68887971, -30.94466862 ], [ -55.68853405, -30.95200971 ], [ -55.6757213, -30.95597106 ], [ -55.67220251, -30.95555033 ], [ -55.67029195, -30.95350163 ], [ -55.66709636, -30.95424453 ], [ -55.66433719, -30.9509934 ], [ -55.66439115, -30.94711496 ], [ -55.66168283, -30.94768372 ], [ -55.65847819, -30.94412952 ], [ -55.66297383, -30.93532448 ], [ -55.6622754, -30.93178914 ], [ -55.65521948, -30.92546167 ], [ -55.64828021, -30.92272052 ], [ -55.64251183, -30.91159821 ], [ -55.64956089, -30.90438533 ], [ -55.6486695, -30.9018218 ], [ -55.65089159, -30.90129118 ], [ -55.65157128, -30.89703965 ], [ -55.65392608, -30.8965104 ], [ -55.65331313, -30.88967489 ], [ -55.65485657, -30.88539411 ], [ -55.65293706, -30.88331931 ], [ -55.65875092, -30.87857298 ], [ -55.6603224, -30.87503244 ], [ -55.66064019, -30.86899204 ], [ -55.65813702, -30.86431397 ], [ -55.649366, -30.86530501 ], [ -55.64540304, -30.85858699 ], [ -55.645736, -30.853257 ], [ -55.636647, -30.846238 ], [ -55.632744, -30.845476 ], [ -55.62860403, -30.84761798 ], [ -55.62410703, -30.84542902 ], [ -55.622013, -30.841931 ], [ -55.618682, -30.84186 ], [ -55.61299502, -30.84290601 ], [ -55.61074099, -30.847797 ], [ -55.604928, -30.849331 ], [ -55.591199, -30.841027 ], [ -55.58670202, -30.84074099 ], [ -55.58696302, -30.838528 ], [ -55.58446502, -30.835887 ], [ -55.57861478, -30.83290224 ], [ -55.57704377, -30.83705985 ], [ -55.57925341, -30.84009571 ], [ -55.57742741, -30.84317991 ], [ -55.57522783, -30.84232171 ], [ -55.57189863, -30.84596395 ], [ -55.56727751, -30.84544557 ], [ -55.56525359, -30.85266389 ], [ -55.56260549, -30.855022 ], [ -55.56473267, -30.85675755 ], [ -55.56353726, -30.85851289 ], [ -55.56462645, -30.86299548 ], [ -55.56356022, -30.86866117 ], [ -55.5545627, -30.87282016 ], [ -55.55180108, -30.87675898 ], [ -55.55184337, -30.88265712 ], [ -55.54590848, -30.89054409 ], [ -55.5337438, -30.89725578 ], [ -55.53252666, -30.90237217 ], [ -55.52498656, -30.89797751 ], [ -55.51696881, -30.89870847 ], [ -55.51017446, -30.90175576 ], [ -55.50811408, -30.90431563 ], [ -55.51041463, -30.90615699 ], [ -55.51014881, -30.91134145 ], [ -55.50467891, -30.92384487 ], [ -55.49902528, -30.92687157 ], [ -55.49342879, -30.92456825 ], [ -55.48847951, -30.92540582 ], [ -55.48632848, -30.92818503 ], [ -55.48943131, -30.93351503 ], [ -55.48990719, -30.93960646 ], [ -55.48733738, -30.94215722 ], [ -55.4865569, -30.94775372 ], [ -55.47831444, -30.95365475 ], [ -55.47452635, -30.95247457 ], [ -55.46889177, -30.95460654 ], [ -55.46359986, -30.95001897 ], [ -55.45727998, -30.95131336 ], [ -55.4526163, -30.9570812 ], [ -55.45206424, -30.96037438 ], [ -55.44405025, -30.95869924 ], [ -55.44109968, -30.9599556 ], [ -55.43801589, -30.9721194 ], [ -55.43323794, -30.97229073 ], [ -55.43148666, -30.97828697 ], [ -55.42639698, -30.9815513 ], [ -55.42508353, -30.98489207 ], [ -55.42918096, -30.98680516 ], [ -55.42903817, -30.99004601 ], [ -55.43226473, -30.9927015 ], [ -55.43619089, -30.99244451 ], [ -55.43734723, -30.99398637 ], [ -55.43456331, -31.0005537 ], [ -55.4369475, -31.00459397 ], [ -55.43132244, -31.0076492 ], [ -55.43068658, -31.01001259 ], [ -55.42511208, -31.01186088 ], [ -55.42384145, -31.01734316 ], [ -55.41531822, -31.01440215 ], [ -55.40725182, -31.01888509 ], [ -55.40832259, -31.02124072 ], [ -55.40593841, -31.02241137 ], [ -55.40489618, -31.02722269 ], [ -55.40002784, -31.02837908 ], [ -55.39254678, -31.0255523 ], [ -55.38665052, -31.02046977 ], [ -55.38014027, -31.02345362 ], [ -55.37551463, -31.02176898 ], [ -55.37390132, -31.01949895 ], [ -55.37158849, -31.02338223 ], [ -55.37341591, -31.02845048 ], [ -55.36921854, -31.03444673 ], [ -55.3640646, -31.03570307 ], [ -55.36276544, -31.0387583 ], [ -55.35913915, -31.04020028 ], [ -55.35160101, -31.03778749 ], [ -55.34997346, -31.03902957 ], [ -55.34882921, -31.04286905 ], [ -55.35005195, -31.04830915 ], [ -55.35305724, -31.0535062 ], [ -55.35317146, -31.05731815 ], [ -55.35626952, -31.06174389 ], [ -55.35906777, -31.06297172 ], [ -55.35962456, -31.06746889 ], [ -55.35238622, -31.07028138 ], [ -55.35004481, -31.06765445 ], [ -55.34967362, -31.07202319 ], [ -55.33890897, -31.08501503 ], [ -55.32761603, -31.08832721 ], [ -55.32944343, -31.09189646 ], [ -55.32871535, -31.09362389 ], [ -55.33184197, -31.09515153 ], [ -55.33351235, -31.09869217 ], [ -55.3339882, -31.10485022 ], [ -55.32896282, -31.1103325 ], [ -55.33105671, -31.11286421 ], [ -55.330124, -31.11672849 ], [ -55.33695781, -31.11986938 ], [ -55.33937534, -31.12704583 ], [ -55.33851874, -31.13007251 ], [ -55.33996545, -31.13142404 ], [ -55.33846163, -31.133537 ], [ -55.33193237, -31.1338035 ], [ -55.3267166, -31.13776291 ], [ -55.32092973, -31.13599258 ], [ -55.31818859, -31.13985688 ], [ -55.31872158, -31.14495843 ], [ -55.31234468, -31.14714752 ], [ -55.30551085, -31.14111321 ], [ -55.2980679, -31.14440638 ], [ -55.29110084, -31.14263606 ], [ -55.29064398, -31.14983155 ], [ -55.28529495, -31.15643693 ], [ -55.28986348, -31.15894964 ], [ -55.2907011, -31.16346112 ], [ -55.28837871, -31.16565017 ], [ -55.28445735, -31.16494587 ], [ -55.28030759, -31.16978092 ], [ -55.27621489, -31.17130381 ], [ -55.2740639, -31.17040913 ], [ -55.27082783, -31.17632923 ], [ -55.27137985, -31.17842314 ], [ -55.27659088, -31.17864682 ], [ -55.28211126, -31.18416716 ], [ -55.28527115, -31.18517608 ], [ -55.28243486, -31.19366594 ], [ -55.27847542, -31.19488427 ], [ -55.27392585, -31.1940657 ], [ -55.270785, -31.19589316 ], [ -55.26279, -31.19471292 ], [ -55.25702218, -31.19815841 ], [ -55.25471888, -31.20272697 ], [ -55.25018834, -31.20600113 ], [ -55.25369097, -31.21091231 ], [ -55.25085463, -31.21525246 ], [ -55.24830385, -31.2143768 ], [ -55.24767565, -31.21612805 ], [ -55.24857035, -31.21806973 ], [ -55.2471617, -31.22353296 ], [ -55.24872261, -31.2269023 ], [ -55.24662871, -31.23360285 ], [ -55.24877973, -31.24195 ], [ -55.24799928, -31.24832696 ], [ -55.24649544, -31.25207695 ], [ -55.24036597, -31.25365695 ], [ -55.23958551, -31.26062401 ], [ -55.23794841, -31.26157579 ], [ -55.23501694, -31.25870141 ], [ -55.213716, -31.26315573 ], [ -55.20187584, -31.26218491 ], [ -55.19873494, -31.26435498 ], [ -55.18407744, -31.2653639 ], [ -55.17964211, -31.2702751 ], [ -55.1736078, -31.26831443 ], [ -55.16945802, -31.26949464 ], [ -55.16909635, -31.27183602 ], [ -55.16325236, -31.27790841 ], [ -55.16300493, -31.27964067 ], [ -55.16572704, -31.2812587 ], [ -55.16348079, -31.28575111 ], [ -55.16045418, -31.28453284 ], [ -55.15664698, -31.28535136 ], [ -55.15226881, -31.28934887 ], [ -55.15224975, -31.29321309 ], [ -55.15082212, -31.29435524 ], [ -55.14718628, -31.29452657 ], [ -55.13629786, -31.30120811 ], [ -55.12525713, -31.3028642 ], [ -55.1223685, -31.30492482 ], [ -55.12147619, -31.31271752 ], [ -55.11350501, -31.31114708 ], [ -55.10868659, -31.30801812 ], [ -55.10245241, -31.31493045 ], [ -55.09900221, -31.31472817 ], [ -55.09206606, -31.31764304 ], [ -55.09035282, -31.32055784 ], [ -55.08804477, -31.31979645 ], [ -55.0733635, -31.33245518 ], [ -55.06574341, -31.33038713 ], [ -55.06342106, -31.33196707 ], [ -55.05732964, -31.33185286 ], [ -55.06144135, -31.32486676 ], [ -55.05759613, -31.32225886 ], [ -55.05704411, -31.31938449 ], [ -55.05974717, -31.31550121 ], [ -55.05287529, -31.31378799 ], [ -55.05228518, -31.31100878 ], [ -55.04733591, -31.30733488 ], [ -55.04314805, -31.30824861 ], [ -55.04339555, -31.30505065 ], [ -55.04000716, -31.30284245 ], [ -55.03654267, -31.29204924 ], [ -55.03347792, -31.29144007 ], [ -55.03305914, -31.28789947 ], [ -55.04136703, -31.27461482 ], [ -55.03650354, -31.2756319 ], [ -55.03252559, -31.27356946 ], [ -55.03158224, -31.26993908 ], [ -55.02193699, -31.26919125 ], [ -55.01993824, -31.26724009 ], [ -55.00923067, -31.26980991 ], [ -55.00573286, -31.26733527 ], [ -55.00221126, -31.26921505 ], [ -55.00095014, -31.28230208 ], [ -54.99485872, -31.28323007 ], [ -54.99502529, -31.28851247 ], [ -54.98929078, -31.29186752 ], [ -54.98874351, -31.29400903 ], [ -54.98538847, -31.29262894 ], [ -54.9821524, -31.29653126 ], [ -54.98020124, -31.3038362 ], [ -54.98248553, -31.31140289 ], [ -54.9786308, -31.31678047 ], [ -54.97496643, -31.31694703 ], [ -54.95876244, -31.32343355 ], [ -54.95340851, -31.33179487 ], [ -54.9530278, -31.33902843 ], [ -54.95842917, -31.33948053 ], [ -54.96021377, -31.34193137 ], [ -54.95969029, -31.3519965 ], [ -54.95669217, -31.35192511 ], [ -54.95593074, -31.3537573 ], [ -54.95338472, -31.35437596 ], [ -54.95143356, -31.35178234 ], [ -54.94881615, -31.35401904 ], [ -54.93829893, -31.35432837 ], [ -54.93557801, -31.35599806 ], [ -54.93672426, -31.3638103 ], [ -54.93370574, -31.36829614 ], [ -54.93705773, -31.37018775 ], [ -54.93941863, -31.37416352 ], [ -54.93838444, -31.37693915 ], [ -54.94072712, -31.38048503 ], [ -54.93272564, -31.38510547 ], [ -54.93138526, -31.38381421 ], [ -54.92803563, -31.38433288 ], [ -54.91984626, -31.37875895 ], [ -54.91439121, -31.38090412 ], [ -54.91237976, -31.37978312 ], [ -54.90720478, -31.38133113 ], [ -54.9048791, -31.38384195 ], [ -54.89865719, -31.38142041 ], [ -54.89998041, -31.37746138 ], [ -54.89844783, -31.37583252 ], [ -54.89299929, -31.37468348 ], [ -54.88983795, -31.37723756 ], [ -54.88612648, -31.37752008 ], [ -54.88726034, -31.38318239 ], [ -54.87808528, -31.39780328 ], [ -54.85818605, -31.40787732 ], [ -54.86158218, -31.41762316 ], [ -54.85728092, -31.41831496 ], [ -54.85496709, -31.42338329 ], [ -54.85071601, -31.42511649 ], [ -54.83708932, -31.44164005 ], [ -54.82817888, -31.43695498 ], [ -54.81194986, -31.43465026 ], [ -54.81151616, -31.43175525 ], [ -54.80521341, -31.42948433 ], [ -54.79939057, -31.43212882 ], [ -54.7963143, -31.43038156 ], [ -54.78945322, -31.43455888 ], [ -54.76877854, -31.42613429 ], [ -54.76099853, -31.42678604 ], [ -54.75224382, -31.42469238 ], [ -54.75042353, -31.42708374 ], [ -54.74089379, -31.42515638 ], [ -54.73543293, -31.42958217 ], [ -54.72454689, -31.42972494 ], [ -54.71976418, -31.43818393 ], [ -54.71448177, -31.43707748 ], [ -54.70916368, -31.43968299 ], [ -54.70291759, -31.438755 ], [ -54.70163268, -31.43536426 ], [ -54.69902224, -31.43610638 ], [ -54.69655845, -31.43818193 ], [ -54.69538493, -31.44337743 ], [ -54.69336652, -31.44544167 ], [ -54.68852634, -31.44644737 ], [ -54.68478043, -31.44477135 ], [ -54.6807776, -31.44789222 ], [ -54.67685625, -31.44749247 ], [ -54.67580929, -31.45109022 ], [ -54.67027874, -31.45398302 ], [ -54.58583, -31.456062 ], [ -54.586089, -31.461821 ], [ -54.58338404, -31.46296588 ], [ -54.58273715, -31.46629438 ], [ -54.58013956, -31.46695825 ], [ -54.57476301, -31.48274123 ], [ -54.57069026, -31.48243207 ], [ -54.56705456, -31.48701954 ], [ -54.56038065, -31.48735193 ], [ -54.55940983, -31.48899375 ], [ -54.56098028, -31.49010734 ], [ -54.56062233, -31.49214954 ], [ -54.55734108, -31.49482916 ], [ -54.55398953, -31.49166246 ], [ -54.5476792, -31.49592646 ], [ -54.54645139, -31.49852483 ], [ -54.53247635, -31.50167591 ], [ -54.5278994, -31.50571845 ], [ -54.52447257, -31.50498292 ], [ -54.52378274, -31.51028077 ], [ -54.5208148, -31.50854051 ], [ -54.51877774, -31.51078327 ], [ -54.51540659, -31.51040802 ], [ -54.51007078, -31.52153698 ], [ -54.50305259, -31.52710559 ], [ -54.50322251, -31.52941256 ], [ -54.50131305, -31.53136515 ], [ -54.50243448, -31.53265977 ], [ -54.50148375, -31.53734286 ], [ -54.49626409, -31.54043975 ], [ -54.49008242, -31.55105635 ], [ -54.49355517, -31.55804835 ], [ -54.48871735, -31.5645261 ], [ -54.48350147, -31.56635571 ], [ -54.48117427, -31.56972136 ], [ -54.47293252, -31.57047747 ], [ -54.46935923, -31.58274683 ], [ -54.47012781, -31.58821029 ], [ -54.46848064, -31.59304383 ], [ -54.46492376, -31.5910044 ], [ -54.46413402, -31.58805088 ], [ -54.46233992, -31.59292531 ], [ -54.45780952, -31.59457117 ], [ -54.45858285, -31.59783103 ], [ -54.45275386, -31.59950105 ], [ -54.4527326, -31.60302198 ], [ -54.45747386, -31.60133802 ], [ -54.4561348, -31.60432227 ], [ -54.45691299, -31.60676668 ], [ -54.46028416, -31.60567136 ], [ -54.46206347, -31.60855906 ], [ -54.46499883, -31.60891914 ], [ -54.46669645, -31.61282234 ], [ -54.46327482, -31.61424291 ], [ -54.46475777, -31.61859386 ], [ -54.46302086, -31.62141161 ], [ -54.46029494, -31.62207028 ], [ -54.46117781, -31.62640951 ], [ -54.45803964, -31.62897931 ], [ -54.45382118, -31.62951763 ], [ -54.45516221, -31.63536213 ], [ -54.45156863, -31.64012194 ], [ -54.45632101, -31.65170791 ], [ -54.28445602, -31.78024955 ], [ -54.28276158, -31.77678656 ], [ -54.28343211, -31.76840029 ], [ -54.28028818, -31.76400476 ], [ -54.26436958, -31.75436794 ], [ -54.26013414, -31.74960902 ], [ -54.25473277, -31.7483479 ], [ -54.23914934, -31.74918004 ], [ -54.23607514, -31.75530754 ], [ -54.23234381, -31.75875745 ], [ -54.2271802, -31.75299663 ], [ -54.22390844, -31.75168792 ], [ -54.2205167, -31.74276665 ], [ -54.22052702, -31.73846846 ], [ -54.21292566, -31.73083001 ], [ -54.21312848, -31.7270979 ], [ -54.2059544, -31.72306471 ], [ -54.20620424, -31.71710416 ], [ -54.20238521, -31.71646171 ], [ -54.1979951, -31.71142915 ], [ -54.19189178, -31.71039408 ], [ -54.18992873, -31.70714612 ], [ -54.1917465, -31.70030967 ], [ -54.19039272, -31.69907975 ], [ -54.17985153, -31.69916229 ], [ -54.18050606, -31.69725946 ], [ -54.17528116, -31.67979422 ], [ -54.16797622, -31.66608852 ], [ -54.16210161, -31.66677228 ], [ -54.16197159, -31.66052385 ], [ -54.1566014, -31.65466171 ], [ -54.15302746, -31.6428008 ], [ -54.14542003, -31.64400709 ], [ -54.132333, -31.64150865 ], [ -54.12456597, -31.6380583 ], [ -54.12215676, -31.63448911 ], [ -54.11632708, -31.63109837 ], [ -54.11463172, -31.62910558 ], [ -54.11552402, -31.62565536 ], [ -54.11439377, -31.62288923 ], [ -54.10785025, -31.62315692 ], [ -54.10701744, -31.62104515 ], [ -54.10889127, -31.61697032 ], [ -54.10008726, -31.61036732 ], [ -54.09910573, -31.60156331 ], [ -54.10047392, -31.59939206 ], [ -54.09886779, -31.59620953 ], [ -54.089112, -31.58844654 ], [ -54.08940943, -31.58499632 ], [ -54.08738689, -31.5819625 ], [ -54.07801776, -31.57521078 ], [ -54.07302089, -31.56920265 ], [ -54.07242603, -31.56700164 ], [ -54.0754301, -31.56441398 ], [ -54.07156942, -31.55903491 ], [ -54.06551369, -31.55775 ], [ -54.05908915, -31.55275313 ], [ -54.05828608, -31.54903523 ], [ -54.0480663, -31.54665725 ], [ -54.04762015, -31.54207679 ], [ -54.0451812, -31.5407086 ], [ -54.04083868, -31.52985231 ], [ -54.04164175, -31.52211906 ], [ -54.03343261, -31.51718168 ], [ -54.03542541, -31.51420735 ], [ -54.02846549, -31.50570078 ], [ -54.03046423, -31.50127349 ], [ -54.02722222, -31.50023248 ], [ -54.02612172, -31.49803148 ], [ -54.0239802, -31.49318333 ], [ -54.02460481, -31.4891085 ], [ -54.01803155, -31.4873239 ], [ -54.01306442, -31.4798286 ], [ -54.00729423, -31.48095885 ], [ -53.99768716, -31.47795478 ], [ -53.99489129, -31.47512917 ], [ -53.98787188, -31.47670556 ], [ -53.98349962, -31.47486148 ], [ -53.97746174, -31.47602146 ], [ -53.97184026, -31.47979886 ], [ -53.96253062, -31.47908502 ], [ -53.95768247, -31.4829219 ], [ -53.95333995, -31.48223781 ], [ -53.95000871, -31.4849147 ], [ -53.94652875, -31.48476598 ], [ -53.93965805, -31.4807209 ], [ -53.93656475, -31.47694351 ], [ -53.93186532, -31.46445134 ], [ -53.92431053, -31.46471903 ], [ -53.92267465, -31.46213136 ], [ -53.92223337, -31.45344555 ], [ -53.91244804, -31.45328175 ], [ -53.90915867, -31.4492005 ], [ -53.90530585, -31.44775379 ], [ -53.90429378, -31.44355296 ], [ -53.89842705, -31.44644614 ], [ -53.87579974, -31.44364219 ], [ -53.86613318, -31.43891301 ], [ -53.84939205, -31.43726033 ], [ -53.85001396, -31.43097518 ], [ -53.84794383, -31.42916678 ], [ -53.84637339, -31.4233609 ], [ -53.84173344, -31.4180547 ], [ -53.84133918, -31.41000182 ], [ -53.83291588, -31.40619468 ], [ -53.82860906, -31.40155473 ], [ -53.81733168, -31.40578335 ], [ -53.81314383, -31.40278523 ], [ -53.81096513, -31.39644821 ], [ -53.81200186, -31.39293821 ], [ -53.80692792, -31.38975966 ], [ -53.80548121, -31.38161238 ], [ -53.80807006, -31.37485471 ], [ -53.80353957, -31.36973411 ], [ -53.80287332, -31.36547012 ], [ -53.80397739, -31.35905509 ], [ -53.8067566, -31.35739899 ], [ -53.81006881, -31.3464154 ], [ -53.80796117, -31.34065543 ], [ -53.79892903, -31.33998197 ], [ -53.78482394, -31.34443388 ], [ -53.77722972, -31.33529022 ], [ -53.77298444, -31.33419053 ], [ -53.76989114, -31.33090687 ], [ -53.76970079, -31.32886053 ], [ -53.77307962, -31.32391126 ], [ -53.77131882, -31.3201993 ], [ -53.77484042, -31.31739153 ], [ -53.77750691, -31.31808239 ], [ -53.77944875, -31.31482563 ], [ -53.78352695, -31.31329967 ], [ -53.7890211, -31.30453962 ], [ -53.7970124, -31.30268705 ], [ -53.7987732, -31.30097383 ], [ -53.80340839, -31.30171623 ], [ -53.80689173, -31.29731352 ], [ -53.81277812, -31.29996135 ], [ -53.82151493, -31.30004409 ], [ -53.82725876, -31.30230826 ], [ -53.84509655, -31.30103094 ], [ -53.84499425, -31.29630816 ], [ -53.85878919, -31.29122819 ], [ -53.87708724, -31.27873602 ], [ -53.87757064, -31.26663215 ], [ -53.88447187, -31.25442444 ], [ -53.90115258, -31.2527457 ], [ -53.91116942, -31.25938561 ], [ -53.91006297, -31.25288969 ], [ -53.91433122, -31.25222011 ], [ -53.91772195, -31.24832374 ], [ -53.93672789, -31.2474017 ], [ -53.94428268, -31.25135755 ], [ -53.95769689, -31.25019757 ], [ -53.96358606, -31.25424265 ], [ -53.96974679, -31.25367754 ], [ -53.97250597, -31.25519183 ], [ -53.97994774, -31.25239 ], [ -53.98162526, -31.25495982 ], [ -53.98176803, -31.25970684 ], [ -53.98665782, -31.2638471 ], [ -53.98933387, -31.25989324 ], [ -53.99407901, -31.26036161 ], [ -53.99734839, -31.26277438 ], [ -54.00063205, -31.26106117 ], [ -53.99927575, -31.25746342 ], [ -54.0006606, -31.25449386 ], [ -54.01255983, -31.24608209 ], [ -54.01852318, -31.2490512 ], [ -54.03183055, -31.25026964 ], [ -54.03992839, -31.24840206 ], [ -54.04376489, -31.24382394 ], [ -54.05116581, -31.24488189 ], [ -54.04998161, -31.23824584 ], [ -54.05781361, -31.2306658 ], [ -54.06529953, -31.2272849 ], [ -54.07218058, -31.22726043 ], [ -54.07713683, -31.22526168 ], [ -54.08020633, -31.21944636 ], [ -54.07767221, -31.21855406 ], [ -54.07927834, -31.21423534 ], [ -54.07799343, -31.21145137 ], [ -54.07449563, -31.20938124 ], [ -54.07531654, -31.20638312 ], [ -54.08598842, -31.20545513 ], [ -54.09058176, -31.20699815 ], [ -54.10280922, -31.19987058 ], [ -54.11423063, -31.19633113 ], [ -54.13698422, -31.19707471 ], [ -54.150101, -31.1918399 ], [ -54.15081484, -31.18868711 ], [ -54.15089734, -31.19189314 ], [ -54.15846403, -31.19402038 ], [ -54.16553974, -31.17620882 ], [ -54.16776205, -31.16658929 ], [ -54.16633941, -31.1644869 ], [ -54.1696623, -31.15798376 ], [ -54.16761791, -31.14718199 ], [ -54.16965071, -31.14475759 ], [ -54.17380158, -31.12177011 ], [ -54.1768629, -31.11574683 ], [ -54.18303332, -31.11313485 ], [ -54.18944654, -31.10734463 ], [ -54.19786389, -31.09633962 ], [ -54.19445312, -31.08123514 ], [ -54.19575211, -31.07804751 ], [ -54.1916178, -31.07531113 ], [ -54.1914096, -31.06561483 ], [ -54.18665068, -31.04063049 ], [ -54.18703734, -31.03465209 ], [ -54.17965574, -31.01980454 ], [ -54.16124466, -31.01338 ], [ -54.14988274, -30.99969809 ], [ -54.13941311, -30.99110229 ], [ -54.13453521, -30.98964487 ], [ -54.12653428, -30.98009728 ], [ -54.1251066, -30.97795577 ], [ -54.12590967, -30.96941945 ], [ -54.11924718, -30.94723098 ], [ -54.11008625, -30.94407819 ], [ -54.10752833, -30.94131207 ], [ -54.10071712, -30.93000963 ], [ -54.09577974, -30.92522096 ], [ -54.09399515, -30.91647645 ], [ -54.10021149, -30.8994633 ], [ -54.09711793, -30.89310905 ], [ -54.10090195, -30.88348477 ], [ -54.09996424, -30.88013853 ], [ -54.10126218, -30.87372307 ], [ -54.10880351, -30.86366489 ], [ -54.11485334, -30.85952079 ], [ -54.1147604, -30.85646737 ], [ -54.11720568, -30.85325159 ], [ -54.1266008, -30.84554312 ], [ -54.12879904, -30.83421966 ], [ -54.1318287, -30.82866494 ], [ -54.13264723, -30.82156462 ], [ -54.13580026, -30.81377923 ], [ -54.13481142, -30.80784832 ], [ -54.13890998, -30.80473708 ], [ -54.14458261, -30.80374722 ], [ -54.15505437, -30.79493654 ], [ -54.15881015, -30.79391705 ], [ -54.15563637, -30.79007513 ], [ -54.15920635, -30.78347661 ], [ -54.15851873, -30.77839413 ], [ -54.15424798, -30.77073458 ], [ -54.14326189, -30.76166035 ], [ -54.14242483, -30.7593215 ], [ -54.15283076, -30.75441489 ], [ -54.17338435, -30.74827185 ], [ -54.1855196, -30.73209152 ], [ -54.19503972, -30.73350187 ], [ -54.19710485, -30.73076796 ], [ -54.20043609, -30.72962582 ], [ -54.21166715, -30.73200528 ], [ -54.21376107, -30.72572351 ], [ -54.23397272, -30.71904206 ], [ -54.23803784, -30.71410477 ], [ -54.24208292, -30.71196325 ], [ -54.26650214, -30.7073233 ], [ -54.27368514, -30.69649675 ], [ -54.27655885, -30.69735156 ], [ -54.27962324, -30.69583973 ], [ -54.2866348, -30.68320073 ], [ -54.2857425, -30.67653824 ], [ -54.28348201, -30.67308802 ], [ -54.28443379, -30.66999473 ], [ -54.28943066, -30.66725834 ], [ -54.29127474, -30.66945935 ], [ -54.2954388, -30.6657117 ], [ -54.29478445, -30.65450919 ], [ -54.28972809, -30.6447534 ], [ -54.29698545, -30.63511659 ], [ -54.29865107, -30.62940588 ], [ -54.29654767, -30.61263769 ], [ -54.29403695, -30.6093869 ], [ -54.30224609, -30.60421157 ], [ -54.31741515, -30.60149899 ], [ -54.32358985, -30.60253405 ], [ -54.32655228, -30.59957162 ], [ -54.33194057, -30.59785841 ], [ -54.33393337, -30.5906308 ], [ -54.34743002, -30.57523269 ], [ -54.35569865, -30.57213939 ], [ -54.37770866, -30.57563006 ], [ -54.39557132, -30.56575279 ], [ -54.39934039, -30.56569568 ], [ -54.40164093, -30.56358822 ], [ -54.40481751, -30.56430206 ], [ -54.40631657, -30.56205347 ], [ -54.41113498, -30.56001903 ], [ -54.41434725, -30.56219624 ], [ -54.41508636, -30.5672615 ], [ -54.41698993, -30.56696407 ], [ -54.42073758, -30.56232412 ], [ -54.42496113, -30.56161028 ], [ -54.42930365, -30.56488204 ], [ -54.43650151, -30.56398974 ], [ -54.44081186, -30.56529495 ], [ -54.44369938, -30.57047377 ], [ -54.44649525, -30.56369231 ], [ -54.45922537, -30.55905236 ], [ -54.46312898, -30.55547352 ], [ -54.47617903, -30.55570208 ], [ -54.47747245, -30.55051023 ], [ -54.48277381, -30.54781014 ], [ -54.48345909, -30.54290997 ], [ -54.49134809, -30.54196069 ], [ -54.49706018, -30.53754693 ], [ -54.49677464, -30.52995169 ], [ -54.50311352, -30.52481205 ], [ -54.50522648, -30.52504048 ], [ -54.50688259, -30.52772451 ], [ -54.51282272, -30.52804084 ], [ -54.52628817, -30.5230946 ], [ -54.53193939, -30.51696749 ], [ -54.53434859, -30.51104858 ], [ -54.53217733, -30.50340456 ], [ -54.53259374, -30.4968313 ], [ -54.53640088, -30.49293494 ], [ -54.54794126, -30.48686731 ], [ -54.54594846, -30.47966944 ], [ -54.54669204, -30.47086544 ], [ -54.54148697, -30.46262655 ], [ -54.53756086, -30.45188923 ], [ -54.54829818, -30.44106269 ], [ -54.54857413, -30.43613416 ], [ -54.54570998, -30.43491751 ], [ -54.54337127, -30.43702136 ], [ -54.53257225, -30.44023873 ], [ -54.53037125, -30.44255871 ], [ -54.52745641, -30.44249922 ], [ -54.52629899, -30.43920856 ], [ -54.5271556, -30.43361207 ], [ -54.5255566, -30.43207018 ], [ -54.51984589, -30.43281257 ], [ -54.51747041, -30.43107157 ], [ -54.51651941, -30.41936386 ], [ -54.51452066, -30.41811464 ], [ -54.49799461, -30.42030229 ], [ -54.48785987, -30.41991523 ], [ -54.47807434, -30.42259212 ], [ -54.47419214, -30.42159961 ], [ -54.47735951, -30.41754929 ], [ -54.47751656, -30.40978273 ], [ -54.48585419, -30.40036007 ], [ -54.48623225, -30.39818176 ], [ -54.47933181, -30.39211414 ], [ -54.47314521, -30.39479103 ], [ -54.46707759, -30.39419616 ], [ -54.47006935, -30.38610197 ], [ -54.46974813, -30.38296108 ], [ -54.47288902, -30.3815334 ], [ -54.47178257, -30.37842821 ], [ -54.45697042, -30.38103371 ], [ -54.45172371, -30.37685776 ], [ -54.44926097, -30.37018337 ], [ -54.44609996, -30.36790316 ], [ -54.44882549, -30.3605242 ], [ -54.45419414, -30.35619896 ], [ -54.45554275, -30.35248018 ], [ -54.45297293, -30.35012452 ], [ -54.44686961, -30.35237311 ], [ -54.43919585, -30.35016021 ], [ -54.4405466, -30.34190751 ], [ -54.43899995, -30.33833832 ], [ -54.4405466, -30.33221121 ], [ -54.44756601, -30.32721434 ], [ -54.44635327, -30.32202546 ], [ -54.44188515, -30.31676599 ], [ -54.44280709, -30.30722686 ], [ -54.43960127, -30.30076388 ], [ -54.44678157, -30.29033104 ], [ -54.44888739, -30.2803373 ], [ -54.45202828, -30.27473367 ], [ -54.4506363, -30.27173555 ], [ -54.45466948, -30.26841621 ], [ -54.45477656, -30.26159905 ], [ -54.46701861, -30.25616849 ], [ -54.46481872, -30.25269957 ], [ -54.45979806, -30.25134328 ], [ -54.45877489, -30.24822618 ], [ -54.45480119, -30.24752424 ], [ -54.45572918, -30.2428724 ], [ -54.45277984, -30.23844261 ], [ -54.44909049, -30.23866075 ], [ -54.44353445, -30.23461567 ], [ -54.42692087, -30.24053218 ], [ -54.42549651, -30.24470653 ], [ -54.42022791, -30.24294 ], [ -54.40880621, -30.24700076 ], [ -54.40148937, -30.24414541 ], [ -54.39372003, -30.24413212 ], [ -54.39117278, -30.25172594 ], [ -54.38599745, -30.25458129 ], [ -54.36993609, -30.24452807 ], [ -54.36577204, -30.24387372 ], [ -54.36137003, -30.24631266 ], [ -54.35726547, -30.24274347 ], [ -54.34679584, -30.24191066 ], [ -54.3428615, -30.23236175 ], [ -54.3436057, -30.22762847 ], [ -54.33704342, -30.22067914 ], [ -54.32584486, -30.21566333 ], [ -54.32975143, -30.21364051 ], [ -54.33083676, -30.21071928 ], [ -54.33445247, -30.20828712 ], [ -54.33644517, -30.20166519 ], [ -54.34348285, -30.19870777 ], [ -54.34685531, -30.1999377 ], [ -54.3543863, -30.19925955 ], [ -54.35563552, -30.19797464 ], [ -54.35500498, -30.19325068 ], [ -54.35982339, -30.19283428 ], [ -54.36148901, -30.19075225 ], [ -54.36029928, -30.18855125 ], [ -54.35673009, -30.18718306 ], [ -54.35292295, -30.17867649 ], [ -54.34718845, -30.17822356 ], [ -54.348283, -30.17290629 ], [ -54.35203065, -30.16951556 ], [ -54.34491331, -30.15941739 ], [ -54.34300975, -30.14814826 ], [ -54.33613246, -30.13240533 ], [ -54.33929779, -30.12658083 ], [ -54.33729904, -30.12414426 ], [ -54.33714675, -30.11991834 ], [ -54.34066835, -30.11692974 ], [ -54.33986886, -30.11409342 ], [ -54.33634725, -30.1109906 ], [ -54.33895514, -30.10718346 ], [ -54.33644243, -30.104271 ], [ -54.33520511, -30.09777983 ], [ -54.34017343, -30.09273538 ], [ -54.3333051, -30.08848203 ], [ -54.33564293, -30.08175178 ], [ -54.33512897, -30.07883932 ], [ -54.33122665, -30.07588879 ], [ -54.33368226, -30.07465147 ], [ -54.33391864, -30.07023973 ], [ -54.32693254, -30.06926891 ], [ -54.32746554, -30.06766992 ], [ -54.32449598, -30.06688945 ], [ -54.32377262, -30.06458613 ], [ -54.3170911, -30.0621686 ], [ -54.31094257, -30.06500492 ], [ -54.29756048, -30.06511913 ], [ -54.29375991, -30.06189213 ], [ -54.28931994, -30.06384442 ], [ -54.2855366, -30.05899032 ], [ -54.28871318, -30.05549252 ], [ -54.28909391, -30.05018559 ], [ -54.29058107, -30.04893638 ], [ -54.28903442, -30.04031083 ], [ -54.28344269, -30.03686061 ], [ -54.28719034, -30.03025761 ], [ -54.28635753, -30.02698585 ], [ -54.28796366, -30.02127514 ], [ -54.29319848, -30.01937158 ], [ -54.29730305, -30.01407728 ], [ -54.29058107, -30.00134716 ], [ -54.2895341, -29.99356704 ], [ -54.29420974, -29.99171106 ], [ -54.29910237, -29.99462998 ], [ -54.30835371, -29.99392566 ], [ -54.30894101, -29.98960211 ], [ -54.30669624, -29.98607387 ], [ -54.30865548, -29.98484319 ], [ -54.31569627, -29.97108114 ], [ -54.32270379, -29.97053314 ], [ -54.3271058, -29.96488192 ], [ -54.33138883, -29.96511987 ], [ -54.33424418, -29.96238349 ], [ -54.33310761, -29.95723651 ], [ -54.32859296, -29.95583997 ], [ -54.32978008, -29.95003141 ], [ -54.32756858, -29.94508652 ], [ -54.32235756, -29.94377782 ], [ -54.32026089, -29.93919547 ], [ -54.32475606, -29.93720099 ], [ -54.32459286, -29.93087675 ], [ -54.32929419, -29.92732788 ], [ -54.3228103, -29.92174246 ], [ -54.31053743, -29.91788848 ], [ -54.3085496, -29.91437623 ], [ -54.30917022, -29.90836782 ], [ -54.30617538, -29.90484864 ], [ -54.30601856, -29.90674609 ], [ -54.30121648, -29.9080634 ], [ -54.2934554, -29.91377143 ], [ -54.29048603, -29.91346425 ], [ -54.28820159, -29.90817156 ], [ -54.2819555, -29.90704132 ], [ -54.29062526, -29.89646268 ], [ -54.28240165, -29.88726205 ], [ -54.2795463, -29.89005792 ], [ -54.27309201, -29.89130713 ], [ -54.26880898, -29.88404978 ], [ -54.26425826, -29.88366312 ], [ -54.26199777, -29.88161083 ], [ -54.26173008, -29.87646525 ], [ -54.25938036, -29.8744427 ], [ -54.25872029, -29.86968578 ], [ -54.25219478, -29.86592699 ], [ -54.25186029, -29.85875861 ], [ -54.25409759, -29.85585739 ], [ -54.25338375, -29.85157436 ], [ -54.24659424, -29.84632625 ], [ -54.24735109, -29.83917945 ], [ -54.24354853, -29.83078837 ], [ -54.24302505, -29.8248873 ], [ -54.24184241, -29.82301158 ], [ -54.23814447, -29.8230863 ], [ -54.23130352, -29.81755405 ], [ -54.23859926, -29.7931215 ], [ -54.2359825, -29.78862646 ], [ -54.22955462, -29.78834617 ], [ -54.225015, -29.78590891 ], [ -54.22828043, -29.77685929 ], [ -54.23310875, -29.76956375 ], [ -54.23675131, -29.75497468 ], [ -54.23951838, -29.75215023 ], [ -54.23937461, -29.74824129 ], [ -54.21638902, -29.73540648 ], [ -54.21343533, -29.73779135 ], [ -54.21059847, -29.7358594 ], [ -54.20186955, -29.73531368 ], [ -54.20045615, -29.73685557 ], [ -54.18924293, -29.73514427 ], [ -54.16856414, -29.74071882 ], [ -54.16354077, -29.74346841 ], [ -54.16039675, -29.74881761 ], [ -54.15706901, -29.75096785 ], [ -54.15553312, -29.75014871 ], [ -54.15630174, -29.74586681 ], [ -54.1502373, -29.74169923 ], [ -54.14827176, -29.74367945 ], [ -54.14867189, -29.74056105 ], [ -54.14378246, -29.7384721 ], [ -54.13968026, -29.7395381 ], [ -54.13710863, -29.74262799 ], [ -54.1148125, -29.74776326 ], [ -54.10503498, -29.74687701 ], [ -54.09931746, -29.74972394 ], [ -54.08922854, -29.74627848 ], [ -54.08462943, -29.7421268 ], [ -54.0768284, -29.74136262 ], [ -54.06388729, -29.73274315 ], [ -54.05844553, -29.73454714 ], [ -54.0605253, -29.72987395 ], [ -54.04998063, -29.72089846 ], [ -54.04561197, -29.72818631 ], [ -54.04278636, -29.72830528 ], [ -54.0352735, -29.72342435 ], [ -54.03506871, -29.72122292 ], [ -54.04040689, -29.71762745 ], [ -54.04306915, -29.70805815 ], [ -54.04885124, -29.70551689 ], [ -54.04705737, -29.70078873 ], [ -54.03733991, -29.6971755 ], [ -54.03624059, -29.6977894 ], [ -54.03691146, -29.70165246 ], [ -54.0287753, -29.69182588 ], [ -54.02342544, -29.69217592 ], [ -54.0187601, -29.69493594 ], [ -54.01714724, -29.69364789 ], [ -54.010213, -29.69368687 ], [ -54.00439024, -29.69676418 ], [ -54.00194154, -29.69364662 ], [ -54.0008005, -29.68843604 ], [ -53.99876078, -29.68687431 ], [ -53.99443492, -29.68678865 ], [ -53.98603881, -29.69170359 ], [ -53.97866277, -29.68796875 ], [ -53.97003455, -29.68693515 ], [ -53.9617938, -29.68037773 ], [ -53.96611619, -29.66909086 ], [ -53.96504301, -29.66504428 ], [ -53.95902114, -29.65952794 ], [ -53.96030689, -29.65461889 ], [ -53.95616509, -29.65147115 ], [ -53.94707411, -29.64961581 ], [ -53.94191451, -29.64439624 ], [ -53.93076857, -29.64220631 ], [ -53.93065549, -29.63755078 ], [ -53.92684016, -29.63075942 ], [ -53.92284687, -29.62932592 ], [ -53.91245406, -29.63577663 ], [ -53.90892153, -29.63429195 ], [ -53.90610575, -29.62768765 ], [ -53.89502183, -29.62705922 ], [ -53.8898346, -29.62329967 ], [ -53.88657474, -29.62677368 ], [ -53.88285543, -29.62773098 ], [ -53.88315286, -29.62999147 ], [ -53.88047597, -29.63278734 ], [ -53.87137453, -29.63052685 ], [ -53.86233258, -29.63183555 ], [ -53.85691931, -29.62975353 ], [ -53.85269576, -29.63201401 ], [ -53.84615225, -29.62654125 ], [ -53.84163127, -29.6298725 ], [ -53.8388354, -29.62362641 ], [ -53.83413597, -29.62124695 ], [ -53.82919859, -29.62386436 ], [ -53.82235764, -29.62398333 ], [ -53.81640898, -29.61696392 ], [ -53.81075776, -29.6130973 ], [ -53.80587987, -29.60036718 ], [ -53.79862251, -29.59780926 ], [ -53.79707492, -29.5928805 ], [ -53.79344495, -29.5905038 ], [ -53.79418625, -29.58579446 ], [ -53.78337033, -29.58523998 ], [ -53.78540222, -29.57369598 ], [ -53.78275626, -29.5654916 ], [ -53.77902526, -29.56337864 ], [ -53.76857467, -29.56225553 ], [ -53.76381269, -29.55967817 ], [ -53.75617491, -29.54630552 ], [ -53.68341698, -29.48970656 ], [ -53.68809655, -29.48159163 ], [ -53.68732323, -29.46660103 ], [ -53.69600826, -29.45910572 ], [ -53.69654364, -29.45696421 ], [ -53.69541339, -29.45428732 ], [ -53.68791809, -29.45381142 ], [ -53.68678785, -29.45053967 ], [ -53.68363506, -29.44851712 ], [ -53.68353825, -29.44478796 ], [ -53.68035162, -29.44293792 ], [ -53.67184771, -29.41970376 ], [ -53.67311835, -29.41783615 ], [ -53.67221365, -29.41413391 ], [ -53.67037955, -29.41058469 ], [ -53.66819836, -29.40993211 ], [ -53.66791964, -29.40761073 ], [ -53.66915032, -29.39424451 ], [ -53.67235582, -29.39461148 ], [ -53.67447414, -29.38932803 ], [ -53.67358184, -29.38486654 ], [ -53.67006468, -29.38324218 ], [ -53.67051438, -29.37778164 ], [ -53.67514472, -29.38159472 ], [ -53.67958998, -29.38022659 ], [ -53.68077971, -29.37802559 ], [ -53.67857871, -29.37552716 ], [ -53.67923306, -29.37267181 ], [ -53.68785861, -29.36892415 ], [ -53.68923645, -29.36560389 ], [ -53.6869712, -29.3544109 ], [ -53.67369576, -29.34238694 ], [ -53.67567756, -29.33075823 ], [ -53.68137458, -29.32829486 ], [ -53.68097254, -29.32290798 ], [ -53.68588575, -29.31584972 ], [ -53.68423073, -29.31188665 ], [ -53.68130883, -29.31216788 ], [ -53.66870113, -29.2945521 ], [ -53.66771968, -29.28952989 ], [ -53.66959743, -29.28097093 ], [ -53.66727884, -29.2673632 ], [ -53.66428731, -29.26755052 ], [ -53.66215635, -29.26317145 ], [ -53.65951763, -29.26196517 ], [ -53.65990251, -29.25953554 ], [ -53.65667725, -29.25915527 ], [ -53.65588656, -29.25449577 ], [ -53.64904622, -29.24859002 ], [ -53.64273683, -29.24672501 ], [ -53.64247039, -29.24340759 ], [ -53.65942405, -29.2398384 ], [ -53.66055429, -29.23811329 ], [ -53.65847226, -29.23543639 ], [ -53.67881665, -29.23192669 ], [ -53.68190995, -29.22978517 ], [ -53.68458685, -29.22562112 ], [ -53.68440839, -29.21788787 ], [ -53.68881039, -29.20908386 ], [ -53.6865499, -29.20069626 ], [ -53.68934577, -29.19516402 ], [ -53.69315414, -29.19174166 ], [ -53.69898382, -29.19019501 ], [ -53.7013038, -29.18728017 ], [ -53.7061222, -29.18811298 ], [ -53.71807899, -29.18014179 ], [ -53.72551481, -29.17758387 ], [ -53.73979158, -29.16146302 ], [ -53.74282539, -29.15396771 ], [ -53.75168888, -29.1536108 ], [ -53.76007648, -29.15771537 ], [ -53.76227748, -29.16170096 ], [ -53.76766, -29.160919 ], [ -53.775179, -29.156203 ], [ -53.780382, -29.145881 ], [ -53.77685168, -29.14195144 ], [ -53.78122738, -29.14011706 ], [ -53.784144, -29.133312 ], [ -53.793053, -29.126506 ], [ -53.796251, -29.113501 ], [ -53.79509039, -29.10348122 ], [ -53.79705031, -29.10001368 ], [ -53.80253, -29.098572 ], [ -53.814346, -29.090013 ], [ -53.834314, -29.085433 ], [ -53.836801, -29.075172 ], [ -53.84624, -29.06952 ], [ -53.8487228, -29.07064619 ], [ -53.84824993, -29.06861385 ], [ -53.84249504, -29.06493686 ], [ -53.83975866, -29.05773899 ], [ -53.8307167, -29.04661501 ], [ -53.82607676, -29.04375966 ], [ -53.82399473, -29.03691871 ], [ -53.80983694, -29.01657431 ], [ -53.80156831, -29.01175591 ], [ -53.78901665, -29.00051295 ], [ -53.78943306, -28.99515917 ], [ -53.79603606, -28.99337457 ], [ -53.79740425, -28.98885359 ], [ -53.79466787, -28.98457056 ], [ -53.79354916, -28.97524848 ], [ -53.78736801, -28.97505274 ], [ -53.78653479, -28.97231652 ], [ -53.78373872, -28.97071084 ], [ -53.78617688, -28.96583264 ], [ -53.77826514, -28.96488209 ], [ -53.77767013, -28.96387092 ], [ -53.78028713, -28.9614911 ], [ -53.77933511, -28.95982565 ], [ -53.76714009, -28.95685324 ], [ -53.76374972, -28.95887627 ], [ -53.76422674, -28.96625241 ], [ -53.7615501, -28.96768048 ], [ -53.75304248, -28.96006763 ], [ -53.75249192, -28.95518422 ], [ -53.75768117, -28.95227429 ], [ -53.75915442, -28.94364383 ], [ -53.76284258, -28.9420377 ], [ -53.7640918, -28.93977721 ], [ -53.75600163, -28.92103896 ], [ -53.74184384, -28.89653051 ], [ -53.7431566, -28.88666387 ], [ -53.74131239, -28.88571238 ], [ -53.73750551, -28.88702165 ], [ -53.73232972, -28.88351279 ], [ -53.73268291, -28.88052863 ], [ -53.72588338, -28.86849758 ], [ -53.72703169, -28.86541905 ], [ -53.72602042, -28.85899451 ], [ -53.71959588, -28.85298637 ], [ -53.72060715, -28.84781104 ], [ -53.71590771, -28.84430134 ], [ -53.71602668, -28.84061317 ], [ -53.71186263, -28.82883484 ], [ -53.70067916, -28.81009659 ], [ -53.70381689, -28.80405906 ], [ -53.70406091, -28.79803627 ], [ -53.69953987, -28.79714468 ], [ -53.69095306, -28.79058282 ], [ -53.68741367, -28.78124562 ], [ -53.6766466, -28.7742857 ], [ -53.67361279, -28.76994318 ], [ -53.66885387, -28.7680991 ], [ -53.66647441, -28.76209096 ], [ -53.65493402, -28.75459566 ], [ -53.64898537, -28.75328695 ], [ -53.64369107, -28.74834957 ], [ -53.64339364, -28.74002146 ], [ -53.6380807, -28.7288646 ], [ -53.62933504, -28.72059744 ], [ -53.62362302, -28.71149701 ], [ -53.62356318, -28.70917708 ], [ -53.62710537, -28.70760589 ], [ -53.62881944, -28.70444852 ], [ -53.62864098, -28.69844038 ], [ -53.6126391, -28.67762009 ], [ -53.60407304, -28.64650864 ], [ -53.60232245, -28.6442047 ], [ -53.59482112, -28.6408325 ], [ -53.59765937, -28.63536245 ], [ -53.59669672, -28.63342161 ], [ -53.59122395, -28.63133958 ], [ -53.58914193, -28.62574784 ], [ -53.58007579, -28.62277313 ], [ -53.57847361, -28.61774806 ], [ -53.57297175, -28.61720148 ], [ -53.56802421, -28.61926381 ], [ -53.56362221, -28.61515924 ], [ -53.55327155, -28.61456438 ], [ -53.55095158, -28.61611103 ], [ -53.54488395, -28.61331516 ], [ -53.53310562, -28.60231015 ], [ -53.53149948, -28.58624879 ], [ -53.52513442, -28.58226319 ], [ -53.52210061, -28.5751843 ], [ -53.5150812, -28.57458943 ], [ -53.51240431, -28.5703064 ], [ -53.50110187, -28.56685618 ], [ -53.49622397, -28.56352494 ], [ -53.48961715, -28.56671038 ], [ -53.48509999, -28.56685618 ], [ -53.47605804, -28.55781423 ], [ -53.47415447, -28.55382864 ], [ -53.47100169, -28.55287685 ], [ -53.46814633, -28.55472093 ], [ -53.45773619, -28.55186558 ], [ -53.45690338, -28.54746358 ], [ -53.46219768, -28.54199082 ], [ -53.46392279, -28.53663703 ], [ -53.46326844, -28.527952 ], [ -53.45785517, -28.52117053 ], [ -53.44940809, -28.51486497 ], [ -53.44893219, -28.51266396 ], [ -53.44946757, -28.50974912 ], [ -53.45589211, -28.50243228 ], [ -53.45517827, -28.49922001 ], [ -53.45987771, -28.49214111 ], [ -53.46118641, -28.4873227 ], [ -53.45125216, -28.48393197 ], [ -53.44387583, -28.47685307 ], [ -53.44161534, -28.47221312 ], [ -53.43507183, -28.46870342 ], [ -53.43394158, -28.47126134 ], [ -53.42656525, -28.47423566 ], [ -53.42394785, -28.47958945 ], [ -53.42180633, -28.48066021 ], [ -53.4029491, -28.47905407 ], [ -53.40045067, -28.47756691 ], [ -53.39807121, -28.4723321 ], [ -53.38379444, -28.46911982 ], [ -53.37621005, -28.47342122 ], [ -53.3751689, -28.4692388 ], [ -53.36993408, -28.4674542 ], [ -53.365889, -28.46079171 ], [ -53.36600797, -28.45508838 ], [ -53.36386646, -28.44919184 ], [ -53.36166545, -28.44895389 ], [ -53.35910753, -28.45234462 ], [ -53.35208812, -28.45169027 ], [ -53.34631793, -28.44728827 ], [ -53.33566984, -28.44467086 ], [ -53.3323386, -28.44092321 ], [ -53.32466484, -28.441875 ], [ -53.32121462, -28.43723505 ], [ -53.32145256, -28.43110793 ], [ -53.31937054, -28.42688439 ], [ -53.3128865, -28.42819309 ], [ -53.30818707, -28.42236341 ], [ -53.30289277, -28.42646799 ], [ -53.29474311, -28.42486185 ], [ -53.2873073, -28.42825258 ], [ -53.28034737, -28.42908539 ], [ -53.27451769, -28.41022816 ], [ -53.26993723, -28.40570719 ], [ -53.26880699, -28.4003534 ], [ -53.25744506, -28.39053812 ], [ -53.25030668, -28.38726637 ], [ -53.24483392, -28.3813772 ], [ -53.24483392, -28.37911671 ], [ -53.25054462, -28.37358446 ], [ -53.25381638, -28.3676953 ], [ -53.25928914, -28.36561327 ], [ -53.26160912, -28.3606164 ], [ -53.27826535, -28.34324634 ], [ -53.27826535, -28.33682179 ], [ -53.28504681, -28.32302092 ], [ -53.28534424, -28.3129677 ], [ -53.28135865, -28.30356882 ], [ -53.27005621, -28.28834027 ], [ -53.26273936, -28.28274854 ], [ -53.25268614, -28.27073226 ], [ -53.25119898, -28.2639508 ], [ -53.25203179, -28.25395706 ], [ -53.24774876, -28.24800841 ], [ -53.24548827, -28.23819313 ], [ -53.24156216, -28.2348024 ], [ -53.24370368, -28.2312927 ], [ -53.24287086, -28.22088255 ], [ -53.24483392, -28.2145175 ], [ -53.24191908, -28.21154317 ], [ -53.23906373, -28.20196584 ], [ -53.23323405, -28.19756384 ], [ -53.23287713, -28.19328081 ], [ -53.22942691, -28.18923572 ], [ -53.22538182, -28.17656509 ], [ -53.22103931, -28.17495896 ], [ -53.21330606, -28.16596842 ], [ -53.21316541, -28.16239597 ], [ -53.21109416, -28.15843437 ], [ -53.2118078, -28.16188616 ], [ -53.20895245, -28.16255241 ], [ -53.19752942, -28.15452233 ], [ -53.19360331, -28.15487925 ], [ -53.18981997, -28.1520239 ], [ -53.17275923, -28.14973961 ], [ -53.16876174, -28.14659873 ], [ -53.1605526, -28.14410029 ], [ -53.157031, -28.1396388 ], [ -53.14804853, -28.13850856 ], [ -53.1446578, -28.14065007 ], [ -53.14328961, -28.14487362 ], [ -53.13579431, -28.14421926 ], [ -53.12907233, -28.14701513 ], [ -53.10819256, -28.14267262 ], [ -53.08915687, -28.15314224 ], [ -53.08249438, -28.16224368 ], [ -53.07410678, -28.16111344 ], [ -53.06762275, -28.15575965 ], [ -53.0510855, -28.15855552 ], [ -53.04828623, -28.16494657 ], [ -53.05144241, -28.17562815 ], [ -53.05078806, -28.18217167 ], [ -53.04454198, -28.19192746 ], [ -53.04198406, -28.20031506 ], [ -53.03454824, -28.2058473 ], [ -53.03306108, -28.2098329 ], [ -53.02627961, -28.21709026 ], [ -53.02229402, -28.22976089 ], [ -53.01497717, -28.23814849 ], [ -53.01384693, -28.2535555 ], [ -53.02163967, -28.25313909 ], [ -53.02265094, -28.25635136 ], [ -53.01288967, -28.27168387 ], [ -53.01974252, -28.27859382 ], [ -53.01844791, -28.28058221 ], [ -53.00736451, -28.27776591 ], [ -53.00646032, -28.28143028 ], [ -53.0087446, -28.28571331 ], [ -53.00469952, -28.28890179 ], [ -52.99796403, -28.28823614 ], [ -52.99379997, -28.28038392 ], [ -52.989279, -28.28252544 ], [ -52.98576929, -28.28103827 ], [ -52.96607925, -28.28169262 ], [ -52.96393774, -28.27776651 ], [ -52.95965471, -28.27877778 ], [ -52.95578808, -28.2747327 ], [ -52.951743, -28.27401886 ], [ -52.94573486, -28.27550603 ], [ -52.93455139, -28.28544028 ], [ -52.9305658, -28.28508336 ], [ -52.92289203, -28.28906895 ], [ -52.91759773, -28.29555298 ], [ -52.91343368, -28.29573144 ], [ -52.90070356, -28.30066883 ], [ -52.88969855, -28.29085355 ], [ -52.88095403, -28.28776025 ], [ -52.87964533, -28.28115725 ], [ -52.87066286, -28.28080033 ], [ -52.86132348, -28.27241273 ], [ -52.85715942, -28.27366194 ], [ -52.85347126, -28.27978906 ], [ -52.84871234, -28.28210903 ], [ -52.84425085, -28.280027 ], [ -52.83140466, -28.279197 ], [ -52.82866229, -28.28133496 ], [ -52.82818948, -28.28466695 ], [ -52.82324182, -28.2853326 ], [ -52.82087264, -28.29049663 ], [ -52.81831472, -28.29234071 ], [ -52.81867164, -28.29775399 ], [ -52.81302042, -28.29936012 ], [ -52.80808304, -28.30370264 ], [ -52.80415693, -28.30400007 ], [ -52.7989816, -28.30162061 ], [ -52.79749444, -28.29477966 ], [ -52.79338987, -28.28859306 ], [ -52.78077873, -28.27949162 ], [ -52.7681081, -28.2738404 ], [ -52.75728155, -28.27610089 ], [ -52.75508055, -28.28282287 ], [ -52.74648041, -28.28162064 ], [ -52.73797627, -28.28698856 ], [ -52.72427057, -28.28042125 ], [ -52.71736062, -28.28059257 ], [ -52.70628185, -28.28367635 ], [ -52.7026841, -28.28304817 ], [ -52.68976434, -28.27663627 ], [ -52.68601669, -28.27830189 ], [ -52.68322082, -28.27776651 ], [ -52.67994907, -28.28038392 ], [ -52.67049071, -28.28353671 ], [ -52.6629954, -28.2915079 ], [ -52.66400668, -28.29632631 ], [ -52.65990211, -28.29983601 ], [ -52.65264475, -28.30108523 ], [ -52.64967042, -28.30530877 ], [ -52.64163974, -28.30858053 ], [ -52.6387249, -28.30750978 ], [ -52.63176498, -28.30953232 ], [ -52.62795784, -28.30745029 ], [ -52.62111689, -28.30864002 ], [ -52.61641746, -28.31173332 ], [ -52.61082031, -28.30690409 ], [ -52.60761345, -28.30173958 ], [ -52.59577563, -28.29888423 ], [ -52.59357463, -28.29561247 ], [ -52.58512754, -28.29567196 ], [ -52.58375935, -28.29323301 ], [ -52.57555021, -28.28972331 ], [ -52.56561596, -28.29043714 ], [ -52.56127345, -28.29311404 ], [ -52.55657401, -28.29097252 ], [ -52.55217201, -28.28609463 ], [ -52.55211252, -28.28395311 ], [ -52.55563341, -28.27779432 ], [ -52.5579748, -28.27653797 ], [ -52.55826034, -28.27419658 ], [ -52.55139868, -28.27419732 ], [ -52.54723463, -28.2663451 ], [ -52.54199981, -28.26688048 ], [ -52.53979881, -28.26212156 ], [ -52.52819894, -28.26087234 ], [ -52.52421334, -28.26372769 ], [ -52.51987083, -28.26372769 ], [ -52.51761034, -28.26081285 ], [ -52.51350577, -28.26122926 ], [ -52.5085089, -28.25908774 ], [ -52.49904358, -28.26426003 ], [ -52.49684954, -28.26253796 ], [ -52.49256651, -28.26307334 ], [ -52.48959218, -28.26057491 ], [ -52.48869989, -28.2548642 ], [ -52.48578505, -28.24945093 ], [ -52.48751016, -28.24088487 ], [ -52.48001485, -28.23725619 ], [ -52.47705832, -28.23224102 ], [ -52.47705165, -28.22813075 ], [ -52.47252856, -28.22489737 ], [ -52.46879734, -28.22745637 ], [ -52.45532036, -28.22684796 ], [ -52.44887474, -28.23205995 ], [ -52.43768187, -28.23428852 ], [ -52.43211083, -28.23861887 ], [ -52.42288066, -28.25071209 ], [ -52.41624196, -28.25613726 ], [ -52.41260139, -28.2568511 ], [ -52.40789005, -28.26555993 ], [ -52.39675418, -28.266131 ], [ -52.38911611, -28.26905773 ], [ -52.37955067, -28.27883732 ], [ -52.36812926, -28.28633262 ], [ -52.34949808, -28.29161502 ], [ -52.34250246, -28.29661189 ], [ -52.33920631, -28.29720737 ], [ -52.33495142, -28.29656767 ], [ -52.33165951, -28.28613195 ], [ -52.3242282, -28.27976531 ], [ -52.30822415, -28.27487842 ], [ -52.30954776, -28.26655224 ], [ -52.30396258, -28.26494523 ], [ -52.29825188, -28.25774974 ], [ -52.28976642, -28.25353861 ], [ -52.282319, -28.25375225 ], [ -52.26764511, -28.24537957 ], [ -52.26349882, -28.24969667 ], [ -52.25528968, -28.25029153 ], [ -52.24571235, -28.25612121 ], [ -52.23607553, -28.25635916 ], [ -52.21799163, -28.26450881 ], [ -52.20448819, -28.26201038 ], [ -52.20121643, -28.2627837 ], [ -52.20276308, -28.27158771 ], [ -52.19806364, -28.27319385 ], [ -52.19663596, -28.27765534 ], [ -52.19449445, -28.27908301 ], [ -52.18289458, -28.28068915 ], [ -52.17908744, -28.28616191 ], [ -52.17224649, -28.29109929 ], [ -52.17260341, -28.29841613 ], [ -52.17064035, -28.2999033 ], [ -52.16492965, -28.29776178 ], [ -52.16005175, -28.30186635 ], [ -52.15469796, -28.2994274 ], [ -52.1466078, -28.3021043 ], [ -52.14059966, -28.30133097 ], [ -52.13346127, -28.30763654 ], [ -52.12899979, -28.30329403 ], [ -52.12138551, -28.30329403 ], [ -52.09782885, -28.31067036 ], [ -52.09342684, -28.3104919 ], [ -52.08944125, -28.30573298 ], [ -52.08432541, -28.30418633 ], [ -52.08408746, -28.29972484 ], [ -52.08069673, -28.29562027 ], [ -52.06820456, -28.29401413 ], [ -52.06606304, -28.29734538 ], [ -52.06659842, -28.30174738 ], [ -52.0640405, -28.30394838 ], [ -52.05148884, -28.30686322 ], [ -52.04018641, -28.31412058 ], [ -52.03417827, -28.3135852 ], [ -52.03340494, -28.310016 ], [ -52.02335172, -28.3095996 ], [ -52.02311377, -28.30168789 ], [ -52.01662974, -28.29972484 ], [ -52.01377439, -28.2932408 ], [ -52.01401234, -28.28907675 ], [ -52.01193031, -28.28788702 ], [ -52.00675498, -28.29234851 ], [ -51.99997958, -28.28965108 ], [ -51.98522086, -28.28788702 ], [ -51.97540558, -28.28961213 ], [ -51.96463852, -28.28866034 ], [ -51.95928473, -28.2897311 ], [ -51.95690527, -28.29133724 ], [ -51.95399043, -28.29865408 ], [ -51.95036175, -28.30049816 ], [ -51.9519084, -28.31132471 ], [ -51.94946946, -28.31519133 ], [ -51.94482951, -28.31126522 ], [ -51.94048699, -28.31007549 ], [ -51.93537115, -28.3051976 ], [ -51.93192093, -28.30466222 ], [ -51.92305744, -28.30710117 ], [ -51.91770365, -28.30299659 ], [ -51.90872119, -28.30638733 ], [ -51.90223716, -28.30543554 ], [ -51.89474185, -28.30656579 ], [ -51.89016139, -28.30192584 ], [ -51.88385582, -28.29996278 ], [ -51.88278506, -28.29526335 ], [ -51.87636052, -28.29681 ], [ -51.87814511, -28.29187261 ], [ -51.87493284, -28.29002853 ], [ -51.86803241, -28.29294337 ], [ -51.86577192, -28.29550129 ], [ -51.85863354, -28.29330029 ], [ -51.8526254, -28.29681 ], [ -51.84733109, -28.29544181 ], [ -51.83379957, -28.29930116 ], [ -51.8261129, -28.29654095 ], [ -51.82297201, -28.29964615 ], [ -51.81986681, -28.29989599 ], [ -51.81699297, -28.29621513 ], [ -51.81211507, -28.29526335 ], [ -51.80705872, -28.29199159 ], [ -51.80009879, -28.29234851 ], [ -51.79165171, -28.29044494 ], [ -51.78713073, -28.28907675 ], [ -51.78487024, -28.28651883 ], [ -51.77261602, -28.28711369 ], [ -51.77142629, -28.28378245 ], [ -51.77481702, -28.27634663 ], [ -51.76964169, -28.27069541 ], [ -51.76922529, -28.26510368 ], [ -51.76303869, -28.26088014 ], [ -51.75952898, -28.26218884 ], [ -51.75048703, -28.27283693 ], [ -51.74346762, -28.27593023 ], [ -51.73466362, -28.27634663 ], [ -51.73055905, -28.27819071 ], [ -51.72330169, -28.28925521 ], [ -51.71723407, -28.2928244 ], [ -51.71320539, -28.29348455 ], [ -51.70676444, -28.2897311 ], [ -51.70057784, -28.29109929 ], [ -51.69694916, -28.29318132 ], [ -51.69403432, -28.29823767 ], [ -51.68891848, -28.30275865 ], [ -51.68594416, -28.30228276 ], [ -51.68148267, -28.29663154 ], [ -51.67523658, -28.2963341 ], [ -51.67107252, -28.29859459 ], [ -51.66185211, -28.29895151 ], [ -51.65721216, -28.30156892 ], [ -51.65643884, -28.305614 ], [ -51.65162043, -28.31227649 ], [ -51.64174567, -28.30698219 ], [ -51.63692726, -28.3021043 ], [ -51.62752839, -28.30501914 ], [ -51.62800428, -28.30026021 ], [ -51.6252679, -28.29829716 ], [ -51.61438187, -28.29799973 ], [ -51.61111011, -28.30055765 ], [ -51.60641067, -28.30026021 ], [ -51.60397173, -28.30371043 ], [ -51.59302621, -28.30394838 ], [ -51.58475758, -28.30722014 ], [ -51.57833303, -28.30490016 ], [ -51.57613203, -28.29728589 ], [ -51.56720905, -28.29954638 ], [ -51.56066553, -28.29704794 ], [ -51.55923786, -28.29805921 ], [ -51.55870248, -28.30269916 ], [ -51.55388407, -28.30614938 ], [ -51.55144512, -28.30620887 ], [ -51.54811388, -28.3025207 ], [ -51.54365239, -28.30269916 ], [ -51.53859604, -28.30406735 ], [ -51.5347889, -28.30912371 ], [ -51.53223098, -28.30965909 ], [ -51.51628859, -28.30008176 ], [ -51.51129172, -28.30263968 ], [ -51.50224977, -28.30186635 ], [ -51.49588471, -28.30424581 ], [ -51.49166117, -28.29841613 ], [ -51.48559354, -28.29609616 ], [ -51.48041821, -28.29752383 ], [ -51.47292291, -28.30353197 ], [ -51.47125729, -28.30888576 ], [ -51.46798553, -28.31144368 ], [ -51.46643888, -28.3025207 ], [ -51.46372231, -28.30332993 ], [ -51.45638566, -28.30115251 ], [ -51.4522216, -28.29686948 ], [ -51.44317965, -28.29805921 ], [ -51.44050276, -28.29294337 ], [ -51.42902186, -28.28758958 ], [ -51.4239655, -28.27961839 ], [ -51.41569688, -28.28407988 ], [ -51.40873695, -28.27634663 ], [ -51.39761297, -28.27408614 ], [ -51.38868999, -28.26076116 ], [ -51.39077202, -28.25350381 ], [ -51.38720283, -28.25094589 ], [ -51.38863051, -28.24392648 ], [ -51.38232494, -28.23839423 ], [ -51.38042137, -28.24017883 ], [ -51.36804817, -28.23803731 ], [ -51.36507384, -28.23916755 ], [ -51.36180209, -28.23405171 ], [ -51.35710265, -28.23256455 ], [ -51.34764429, -28.23488452 ], [ -51.34026796, -28.24047626 ], [ -51.33806696, -28.24041677 ], [ -51.33705569, -28.23714501 ], [ -51.33122601, -28.23482504 ], [ -51.33318907, -28.23024458 ], [ -51.3272999, -28.2275082 ], [ -51.32468249, -28.21769292 ], [ -51.31796052, -28.21686011 ], [ -51.3123093, -28.2102571 ], [ -51.30273197, -28.20377307 ], [ -51.2950582, -28.19009117 ], [ -51.28351782, -28.18824709 ], [ -51.276082, -28.18491584 ], [ -51.27275076, -28.18087076 ], [ -51.26811081, -28.18194152 ], [ -51.2619837, -28.18063281 ], [ -51.24627926, -28.20067977 ], [ -51.24288852, -28.20109618 ], [ -51.23604757, -28.19699161 ], [ -51.23420349, -28.19806237 ], [ -51.23271633, -28.2058551 ], [ -51.22819535, -28.2058551 ], [ -51.21838008, -28.20228591 ], [ -51.2045792, -28.20401102 ], [ -51.20130744, -28.20537921 ], [ -51.2005936, -28.21067351 ], [ -51.19827363, -28.20882943 ], [ -51.19880901, -28.20466537 ], [ -51.19720287, -28.20282129 ], [ -51.18334251, -28.20139361 ], [ -51.16930369, -28.19294653 ], [ -51.1684114, -28.1855702 ], [ -51.15651409, -28.18515379 ], [ -51.15324233, -28.17765849 ], [ -51.15086287, -28.17724208 ], [ -51.14033376, -28.18545122 ], [ -51.13854916, -28.18479687 ], [ -51.13765686, -28.18152511 ], [ -51.13188667, -28.18146563 ], [ -51.13221231, -28.18422997 ], [ -51.13569381, -28.18848504 ], [ -51.13688354, -28.19574239 ], [ -51.134861, -28.19669418 ], [ -51.1290908, -28.19324396 ], [ -51.12564058, -28.19443369 ], [ -51.11915655, -28.20014439 ], [ -51.11517096, -28.20127464 ], [ -51.11183971, -28.20924583 ], [ -51.10630746, -28.20728278 ], [ -51.09345838, -28.2089484 ], [ -51.09887165, -28.20139361 ], [ -51.09815781, -28.19937107 ], [ -51.08013339, -28.20204796 ], [ -51.07894366, -28.20305923 ], [ -51.07941956, -28.20633099 ], [ -51.08447591, -28.21329092 ], [ -51.08114467, -28.22031033 ], [ -51.08643897, -28.2310179 ], [ -51.08019288, -28.23869166 ], [ -51.06097873, -28.25427713 ], [ -51.05199627, -28.25469354 ], [ -51.05294805, -28.25951195 ], [ -51.04777273, -28.26290268 ], [ -51.04122921, -28.26320011 ], [ -51.04051537, -28.26563906 ], [ -51.03587542, -28.26843492 ], [ -51.03528055, -28.27331282 ], [ -51.02296684, -28.28550756 ], [ -51.01945714, -28.28479372 ], [ -51.01047467, -28.27432409 ], [ -51.00434756, -28.27105233 ], [ -50.99482972, -28.27134976 ], [ -50.9895949, -28.27771482 ], [ -50.99292615, -28.28378245 ], [ -50.9922718, -28.28943367 ], [ -50.98888107, -28.29264594 ], [ -50.99078464, -28.30269916 ], [ -50.99018977, -28.30954011 ], [ -51.00000505, -28.31483441 ], [ -50.99935069, -28.32470918 ], [ -51.0094634, -28.33220448 ], [ -51.01541206, -28.33904543 ], [ -51.01321105, -28.33934286 ], [ -51.01106954, -28.3444587 ], [ -51.01285414, -28.35082376 ], [ -51.01838638, -28.35938982 ], [ -51.01410335, -28.37830653 ], [ -51.01993303, -28.38645619 ], [ -51.01898125, -28.38919257 ], [ -51.01559051, -28.38978743 ], [ -51.01041519, -28.38782438 ], [ -51.00755983, -28.38490954 ], [ -51.00256297, -28.38467159 ], [ -51.00541832, -28.38669413 ], [ -51.00601318, -28.39050127 ], [ -51.0019681, -28.39817503 ], [ -50.99548407, -28.40561085 ], [ -50.99346153, -28.41602099 ], [ -50.99899377, -28.41679432 ], [ -50.99941018, -28.42488448 ], [ -50.99500818, -28.42660959 ], [ -50.9860852, -28.42619319 ], [ -50.98471701, -28.43059519 ], [ -50.97626992, -28.43577052 ], [ -50.97734068, -28.44344428 ], [ -50.97067819, -28.44540733 ], [ -50.96633567, -28.45272418 ], [ -50.971511, -28.46325329 ], [ -50.96627619, -28.47747057 ], [ -50.96050599, -28.48157514 ], [ -50.95574707, -28.49376988 ], [ -50.95949472, -28.50025391 ], [ -50.95711526, -28.50632153 ], [ -50.95669886, -28.51286505 ], [ -50.94373079, -28.51917062 ], [ -50.93671138, -28.5245839 ], [ -50.93480782, -28.52375109 ], [ -50.93117914, -28.51702911 ], [ -50.92707457, -28.52309673 ], [ -50.9242787, -28.52309673 ], [ -50.92100694, -28.52041984 ], [ -50.90036512, -28.51232967 ], [ -50.89530876, -28.51179429 ], [ -50.88692116, -28.51500657 ], [ -50.87746281, -28.51108046 ], [ -50.87157364, -28.51072354 ], [ -50.86806394, -28.5069164 ], [ -50.8668742, -28.49888572 ], [ -50.86015223, -28.49484063 ], [ -50.84456676, -28.49638728 ], [ -50.83927246, -28.5025144 ], [ -50.83243151, -28.50667845 ], [ -50.82695875, -28.51976549 ], [ -50.81327685, -28.52208546 ], [ -50.81042149, -28.52345365 ], [ -50.80185543, -28.53344739 ], [ -50.79257554, -28.53457763 ], [ -50.78936327, -28.5373735 ], [ -50.78799507, -28.54225139 ], [ -50.78847097, -28.55581432 ], [ -50.78531818, -28.56396398 ], [ -50.77960747, -28.57276798 ], [ -50.76717479, -28.58674731 ], [ -50.74385607, -28.60036973 ], [ -50.74564067, -28.60691325 ], [ -50.74141713, -28.61304036 ], [ -50.7459381, -28.61791825 ], [ -50.74570016, -28.62095207 ], [ -50.74290429, -28.6252351 ], [ -50.73725307, -28.62797148 ], [ -50.73564693, -28.63284937 ], [ -50.72922239, -28.63374167 ], [ -50.72601012, -28.63879802 ], [ -50.71750354, -28.63850059 ], [ -50.70965132, -28.63386064 ], [ -50.70346472, -28.63255194 ], [ -50.69234074, -28.63374167 ], [ -50.68538082, -28.63856008 ], [ -50.67062816, -28.63707291 ], [ -50.66610719, -28.6349314 ], [ -50.6607534, -28.63873854 ], [ -50.66069391, -28.64141543 ], [ -50.65694626, -28.64296208 ], [ -50.66093186, -28.64885125 ], [ -50.65837394, -28.65099276 ], [ -50.65165196, -28.64754254 ], [ -50.6457628, -28.64926765 ], [ -50.64231258, -28.64670973 ], [ -50.63303268, -28.6468287 ], [ -50.627203, -28.64938662 ], [ -50.62149229, -28.64938662 ], [ -50.60965448, -28.64522257 ], [ -50.60120739, -28.64581743 ], [ -50.59555617, -28.64302157 ], [ -50.591868, -28.64843484 ], [ -50.58919111, -28.66146239 ], [ -50.58330195, -28.6640798 ], [ -50.57931635, -28.66913615 ], [ -50.57071086, -28.6707798 ], [ -50.56390934, -28.66854128 ], [ -50.5561166, -28.66824385 ], [ -50.5512982, -28.66330647 ], [ -50.54612287, -28.66259263 ], [ -50.53529632, -28.65527579 ], [ -50.53006151, -28.65616809 ], [ -50.52720615, -28.65129019 ], [ -50.52173339, -28.64974354 ], [ -50.52054366, -28.64557949 ], [ -50.51733139, -28.64325951 ], [ -50.51060941, -28.6437354 ], [ -50.50305462, -28.64201029 ], [ -50.49425062, -28.63356321 ], [ -50.494786, -28.62898275 ], [ -50.49002708, -28.62749558 ], [ -50.49008656, -28.62220128 ], [ -50.49335832, -28.61839414 ], [ -50.49175218, -28.61690698 ], [ -50.46974217, -28.61428958 ], [ -50.45457311, -28.61732339 ], [ -50.45290749, -28.6190485 ], [ -50.4532644, -28.62208231 ], [ -50.44856497, -28.62291512 ], [ -50.44969521, -28.61625263 ], [ -50.45255351, -28.61140796 ], [ -50.45146847, -28.60880007 ], [ -50.44969816, -28.60878103 ], [ -50.43563352, -28.63065111 ], [ -50.4232832, -28.62892326 ], [ -50.4122187, -28.63588318 ], [ -50.41043411, -28.63915494 ], [ -50.41174281, -28.64433027 ], [ -50.40817362, -28.64962457 ], [ -50.4026185, -28.65379137 ], [ -50.39101863, -28.65492162 ], [ -50.37323215, -28.64962732 ], [ -50.36793785, -28.65206626 ], [ -50.36357087, -28.65979597 ], [ -50.35948804, -28.65946285 ], [ -50.34975785, -28.66217623 ], [ -50.34642661, -28.66104598 ], [ -50.34444068, -28.6580744 ], [ -50.33974124, -28.65908567 ], [ -50.33758364, -28.66132155 ], [ -50.33714671, -28.66532901 ], [ -50.3398236, -28.67169407 ], [ -50.33619492, -28.68198524 ], [ -50.32649862, -28.6834724 ], [ -50.32354364, -28.68903473 ], [ -50.32465454, -28.69417998 ], [ -50.32179918, -28.69507227 ], [ -50.31971716, -28.69852249 ], [ -50.31526338, -28.69971642 ], [ -50.31215545, -28.70349773 ], [ -50.3125559, -28.70804308 ], [ -50.30777685, -28.70708031 ], [ -50.30535803, -28.71262355 ], [ -50.30357343, -28.71226663 ], [ -50.29899297, -28.70608003 ], [ -50.29393662, -28.70554465 ], [ -50.29274688, -28.70376005 ], [ -50.28316955, -28.69983394 ], [ -50.27728039, -28.69977446 ], [ -50.26978509, -28.6956104 ], [ -50.25319861, -28.69749256 ], [ -50.24809647, -28.70169788 ], [ -50.2471436, -28.70702907 ], [ -50.2449426, -28.70964647 ], [ -50.23551379, -28.71720579 ], [ -50.22519307, -28.72213864 ], [ -50.22035932, -28.72131988 ], [ -50.21624721, -28.71702555 ], [ -50.21424755, -28.71964021 ], [ -50.20645481, -28.72017559 ], [ -50.20407535, -28.72404221 ], [ -50.1981267, -28.72172224 ], [ -50.19164267, -28.72529143 ], [ -50.18569402, -28.72511297 ], [ -50.17611669, -28.71964021 ], [ -50.16573377, -28.71052489 ], [ -50.15387415, -28.70916293 ], [ -50.1227344, -28.72981515 ], [ -50.11726164, -28.73558534 ], [ -50.10928997, -28.7367085 ], [ -50.10771171, -28.73422251 ], [ -50.10907538, -28.72356632 ], [ -50.10812359, -28.72178172 ], [ -50.10241288, -28.71868842 ], [ -50.09215832, -28.71851271 ], [ -50.07229828, -28.73431342 ], [ -50.06386562, -28.73177546 ], [ -50.05637031, -28.73356006 ], [ -50.05256318, -28.73784309 ], [ -50.04792323, -28.73837846 ], [ -50.04911296, -28.74069844 ], [ -50.04795983, -28.74355654 ], [ -50.03041726, -28.7552159 ], [ -50.0178537, -28.76820776 ], [ -50.01581184, -28.76783197 ], [ -50.01092261, -28.76193513 ], [ -50.00241604, -28.75735467 ], [ -49.97719375, -28.75194139 ], [ -49.96916307, -28.7545588 ], [ -49.95946677, -28.74974039 ], [ -49.95518374, -28.75087063 ], [ -49.95470785, -28.7545588 ], [ -49.94988944, -28.75122755 ], [ -49.94353944, -28.75222431 ], [ -49.93623866, -28.75686319 ], [ -49.93502999, -28.75529726 ], [ -49.92759327, -28.75376702 ], [ -49.92882109, -28.74970467 ], [ -49.92174371, -28.74554259 ], [ -49.92252415, -28.74380835 ], [ -49.92457428, -28.74367302 ], [ -49.92551962, -28.74031137 ], [ -49.92754736, -28.74166845 ], [ -49.93112312, -28.73837911 ], [ -49.93217137, -28.73575722 ], [ -49.92885479, -28.73287411 ], [ -49.93282394, -28.73077812 ], [ -49.93467785, -28.7256765 ], [ -49.92604066, -28.71831281 ], [ -49.91663697, -28.71737859 ], [ -49.90608397, -28.70767332 ], [ -49.90494574, -28.70761345 ], [ -49.90586077, -28.71226542 ], [ -49.9136573, -28.7244772 ], [ -49.90486084, -28.71847844 ], [ -49.89753613, -28.72130928 ], [ -49.89655306, -28.72597911 ], [ -49.88255409, -28.71738752 ], [ -49.88106349, -28.72228787 ], [ -49.8846681, -28.7258241 ], [ -49.89105775, -28.73820811 ], [ -49.89573091, -28.73927137 ], [ -49.88658456, -28.73959614 ], [ -49.8883829, -28.74666496 ], [ -49.87479313, -28.74463196 ], [ -49.87814122, -28.74373023 ], [ -49.88009867, -28.74128945 ], [ -49.87821957, -28.73675573 ], [ -49.88331875, -28.73769903 ], [ -49.87518328, -28.72812637 ], [ -49.87112469, -28.72725516 ], [ -49.87397259, -28.72676546 ], [ -49.86801984, -28.72195852 ], [ -49.87503439, -28.72253392 ], [ -49.86896233, -28.71604387 ], [ -49.87291888, -28.71636292 ], [ -49.86874393, -28.70965608 ], [ -49.87180593, -28.70298693 ], [ -49.86937771, -28.70101519 ], [ -49.86320472, -28.70029761 ], [ -49.86370106, -28.7029312 ], [ -49.85504955, -28.70335341 ], [ -49.85423604, -28.70471848 ], [ -49.85211454, -28.70388804 ], [ -49.85299944, -28.70617241 ], [ -49.8476143, -28.70379021 ], [ -49.84630491, -28.70446104 ], [ -49.84738954, -28.70914768 ], [ -49.84337935, -28.70838566 ], [ -49.84470007, -28.71400489 ], [ -49.84203612, -28.71416863 ], [ -49.83635071, -28.70833399 ], [ -49.84256695, -28.70730073 ], [ -49.84014365, -28.70098012 ], [ -49.83777109, -28.7007169 ], [ -49.83541864, -28.69775253 ], [ -49.83486653, -28.6939265 ], [ -49.8286829, -28.69218307 ], [ -49.82193549, -28.69322089 ], [ -49.81349863, -28.68704552 ], [ -49.82261853, -28.68824889 ], [ -49.8245301, -28.68689964 ], [ -49.83801059, -28.69002617 ], [ -49.83653856, -28.6863324 ], [ -49.84029859, -28.68587386 ], [ -49.83638221, -28.67891439 ], [ -49.84132627, -28.67685972 ], [ -49.83817358, -28.67166461 ], [ -49.83917666, -28.66654177 ], [ -49.83446274, -28.66567896 ], [ -49.82874731, -28.66810898 ], [ -49.82829358, -28.66594704 ], [ -49.8240798, -28.66495722 ], [ -49.82332696, -28.6591698 ], [ -49.81654448, -28.65873737 ], [ -49.81003915, -28.65225484 ], [ -49.82274829, -28.65454224 ], [ -49.81328531, -28.64755679 ], [ -49.8165051, -28.64718964 ], [ -49.81539462, -28.64294204 ], [ -49.81900217, -28.64287201 ], [ -49.81661651, -28.63814426 ], [ -49.81401274, -28.63550446 ], [ -49.80880722, -28.63533941 ], [ -49.80798004, -28.62877813 ], [ -49.80402209, -28.62837496 ], [ -49.79819235, -28.62401624 ], [ -49.79807062, -28.61766986 ], [ -49.79552407, -28.61727846 ], [ -49.79507639, -28.61499012 ], [ -49.79059411, -28.6138306 ], [ -49.79112456, -28.6154124 ], [ -49.78677914, -28.61118086 ], [ -49.78255764, -28.60980022 ], [ -49.78134346, -28.61172523 ], [ -49.78437026, -28.6177013 ], [ -49.7846288, -28.62253336 ], [ -49.7843437, -28.62437953 ], [ -49.77997355, -28.62625913 ], [ -49.77890393, -28.62948025 ], [ -49.77201125, -28.62746975 ], [ -49.76562138, -28.62138606 ], [ -49.76541146, -28.61932291 ], [ -49.76327837, -28.61804816 ], [ -49.76196632, -28.61917288 ], [ -49.75736355, -28.61541386 ], [ -49.7562599, -28.61727582 ], [ -49.75703288, -28.6217776 ], [ -49.75503189, -28.62338861 ], [ -49.7569944, -28.62732962 ], [ -49.74998998, -28.62755762 ], [ -49.75009542, -28.62890968 ], [ -49.74499004, -28.62432 ], [ -49.73377975, -28.62362693 ], [ -49.73425122, -28.62534438 ], [ -49.72754814, -28.62422055 ], [ -49.72342447, -28.62617144 ], [ -49.71594685, -28.6237925 ], [ -49.71456671, -28.62543369 ], [ -49.70764021, -28.62675382 ], [ -49.7058225, -28.62810233 ], [ -49.70791358, -28.63024333 ], [ -49.70548441, -28.63034871 ], [ -49.69366508, -28.62555384 ], [ -49.69167703, -28.62283193 ], [ -49.69332589, -28.61643627 ], [ -49.69692372, -28.6143957 ], [ -49.69923613, -28.60593599 ], [ -49.71034633, -28.60417953 ], [ -49.70871915, -28.5965131 ], [ -49.71291103, -28.59355847 ], [ -49.70808307, -28.58215075 ], [ -49.70918157, -28.57859362 ], [ -49.71249136, -28.57695679 ], [ -49.71227235, -28.57228389 ], [ -49.71397388, -28.57250061 ], [ -49.71396589, -28.57449209 ], [ -49.71743375, -28.57709888 ], [ -49.72054835, -28.57695704 ], [ -49.72073316, -28.57433401 ], [ -49.72599413, -28.56956204 ], [ -49.73110943, -28.55101716 ], [ -49.73738833, -28.55071138 ], [ -49.73903797, -28.54733042 ], [ -49.74484147, -28.54967513 ], [ -49.74863215, -28.54774303 ], [ -49.74971669, -28.54317985 ], [ -49.74673777, -28.5352146 ], [ -49.735579, -28.52352992 ], [ -49.72664231, -28.51809517 ], [ -49.72857833, -28.5156258 ], [ -49.73634356, -28.5132891 ], [ -49.7388238, -28.50855803 ], [ -49.74655377, -28.50688025 ], [ -49.74536693, -28.50355851 ], [ -49.73931619, -28.50016996 ], [ -49.74312452, -28.49527767 ], [ -49.74849294, -28.4939418 ], [ -49.75385248, -28.49784881 ], [ -49.76419374, -28.50130259 ], [ -49.77097714, -28.49427166 ], [ -49.76998508, -28.48774786 ], [ -49.76478647, -28.48338264 ], [ -49.76769401, -28.47685102 ], [ -49.76433859, -28.4621871 ], [ -49.76636838, -28.4588908 ], [ -49.77202347, -28.46307317 ], [ -49.77306778, -28.46802963 ], [ -49.78073527, -28.47120617 ], [ -49.78162203, -28.47290595 ], [ -49.77823361, -28.47742848 ], [ -49.7861935, -28.48789721 ], [ -49.78513407, -28.49256815 ], [ -49.78069618, -28.49501192 ], [ -49.78248753, -28.49652737 ], [ -49.79112039, -28.49630566 ], [ -49.79542507, -28.48870456 ], [ -49.80346213, -28.48475021 ], [ -49.80879631, -28.4692652 ], [ -49.81157932, -28.46773348 ], [ -49.81732386, -28.46970641 ], [ -49.8163588, -28.47858865 ], [ -49.81098772, -28.48253098 ], [ -49.81067649, -28.48432389 ], [ -49.81880126, -28.48346941 ], [ -49.82633254, -28.47849079 ], [ -49.82844903, -28.48475842 ], [ -49.83248147, -28.48716371 ], [ -49.83583883, -28.49375341 ], [ -49.83874967, -28.49616908 ], [ -49.84145671, -28.49628255 ], [ -49.84465174, -28.49489865 ], [ -49.84547613, -28.49242143 ], [ -49.83976475, -28.48721352 ], [ -49.84067444, -28.48549277 ], [ -49.84457148, -28.48523589 ], [ -49.85456516, -28.48845893 ], [ -49.86423534, -28.48939689 ], [ -49.86705623, -28.48823344 ], [ -49.86937838, -28.48186234 ], [ -49.8634401, -28.4730752 ], [ -49.86347321, -28.46331784 ], [ -49.87484178, -28.4586404 ], [ -49.87797025, -28.45478364 ], [ -49.87130633, -28.45063765 ], [ -49.85875036, -28.44954663 ], [ -49.85485967, -28.44624619 ], [ -49.85478503, -28.4440677 ], [ -49.85974947, -28.44226441 ], [ -49.87235447, -28.44171186 ], [ -49.88383624, -28.44759379 ], [ -49.88850914, -28.44159891 ], [ -49.89373198, -28.44054944 ], [ -49.89850138, -28.44488602 ], [ -49.89333772, -28.45019674 ], [ -49.88883258, -28.45899715 ], [ -49.89247986, -28.46282558 ], [ -49.9009945, -28.46478517 ], [ -49.91658723, -28.45940745 ], [ -49.92488718, -28.45184001 ], [ -49.92906352, -28.45133604 ], [ -49.93853934, -28.45857292 ], [ -49.92920773, -28.46624262 ], [ -49.92878734, -28.4717068 ], [ -49.94402797, -28.48272738 ], [ -49.9464369, -28.48111543 ], [ -49.94647898, -28.47601079 ], [ -49.95146393, -28.46743264 ], [ -49.95291032, -28.44994364 ], [ -49.95844938, -28.44958481 ], [ -49.96748065, -28.45592248 ], [ -49.96940469, -28.45304219 ], [ -49.97083856, -28.44028197 ], [ -49.97225598, -28.43897181 ], [ -49.97704694, -28.43909821 ], [ -49.98919598, -28.44574786 ], [ -49.98962517, -28.44815586 ], [ -49.9863868, -28.45432892 ], [ -49.98897198, -28.45694418 ], [ -50.00239375, -28.45798582 ], [ -50.01391611, -28.45078388 ], [ -50.01868897, -28.45105565 ], [ -50.02393497, -28.45908015 ], [ -50.02578671, -28.47287879 ], [ -50.03879039, -28.47971854 ], [ -50.04284666, -28.47979318 ], [ -50.05087717, -28.47620092 ], [ -50.05998165, -28.4758987 ], [ -50.065851, -28.47694869 ], [ -50.07274151, -28.48082043 ], [ -50.08133422, -28.47394249 ], [ -50.086107, -28.472596 ], [ -50.09081754, -28.47522794 ], [ -50.097637, -28.484616 ], [ -50.101297, -28.48621 ], [ -50.10719629, -28.47322827 ], [ -50.123173, -28.476374 ], [ -50.126422, -28.474073 ], [ -50.12679931, -28.46312213 ], [ -50.1145054, -28.45306725 ], [ -50.111407, -28.443923 ], [ -50.11532323, -28.43756325 ], [ -50.12822665, -28.4289211 ], [ -50.130444, -28.431251 ], [ -50.12666972, -28.43683105 ], [ -50.12695382, -28.43945115 ], [ -50.13854333, -28.44286523 ], [ -50.146146, -28.44780145 ], [ -50.14823877, -28.46073714 ], [ -50.15646584, -28.45814641 ], [ -50.16056382, -28.45961124 ], [ -50.15958374, -28.46418403 ], [ -50.145589, -28.477612 ], [ -50.142794, -28.488044 ], [ -50.139228, -28.493982 ], [ -50.139729, -28.495442 ], [ -50.144896, -28.494852 ], [ -50.156789, -28.497868 ], [ -50.162638, -28.495152 ], [ -50.162115, -28.479964 ], [ -50.164443, -28.472467 ], [ -50.170088, -28.462051 ], [ -50.17778048, -28.45253579 ], [ -50.188489, -28.453429 ], [ -50.198577, -28.445208 ], [ -50.203366, -28.443597 ], [ -50.210516, -28.454759 ], [ -50.21705034, -28.46126623 ], [ -50.222658, -28.463203 ], [ -50.2355744, -28.45729692 ], [ -50.241578, -28.439616 ], [ -50.24225313, -28.43251887 ], [ -50.24673543, -28.42821722 ], [ -50.264587, -28.443598 ], [ -50.262585, -28.446132 ], [ -50.251544, -28.44665 ], [ -50.25117, -28.449021 ], [ -50.25821529, -28.45012237 ], [ -50.27300578, -28.45698899 ], [ -50.29322512, -28.4507542 ], [ -50.30005, -28.440305 ], [ -50.303337, -28.437964 ], [ -50.31348247, -28.43799305 ], [ -50.32359, -28.433661 ], [ -50.33034067, -28.43443021 ], [ -50.33989665, -28.44027877 ], [ -50.336869, -28.458076 ], [ -50.34002627, -28.46160748 ], [ -50.345722, -28.463502 ], [ -50.350423, -28.459945 ], [ -50.352191, -28.455939 ], [ -50.34755949, -28.43133778 ], [ -50.35119822, -28.42451579 ], [ -50.35916688, -28.41998239 ], [ -50.364452, -28.420054 ], [ -50.36981009, -28.42245314 ], [ -50.37636063, -28.43347178 ], [ -50.37654016, -28.44365845 ], [ -50.37892035, -28.44630219 ], [ -50.382202, -28.446965 ], [ -50.38997126, -28.44355802 ], [ -50.39267521, -28.43593582 ], [ -50.396195, -28.432979 ], [ -50.407556, -28.434407 ], [ -50.41527196, -28.43258146 ], [ -50.42959, -28.433244 ], [ -50.43683027, -28.43063835 ], [ -50.44871, -28.422507 ], [ -50.457337, -28.410705 ], [ -50.471103, -28.41481899 ], [ -50.489387, -28.412434 ], [ -50.498795, -28.413042 ], [ -50.51287576, -28.40493837 ], [ -50.522818, -28.403197 ], [ -50.52910191, -28.40419298 ], [ -50.53171474, -28.40703926 ], [ -50.528474, -28.425127 ], [ -50.531556, -28.428347 ], [ -50.538506, -28.429317 ], [ -50.54561982, -28.42660949 ], [ -50.55039949, -28.42031435 ], [ -50.564581, -28.413564 ], [ -50.56883434, -28.40778538 ], [ -50.569905, -28.402277 ], [ -50.57587, -28.394847 ], [ -50.591729, -28.381895 ], [ -50.59973814, -28.38156931 ], [ -50.604454, -28.38821 ], [ -50.611255, -28.393084 ], [ -50.624302, -28.392555 ], [ -50.6330631, -28.37836508 ], [ -50.628143, -28.367579 ], [ -50.628612, -28.363991 ], [ -50.65261027, -28.3429301 ], [ -50.66526532, -28.33789709 ], [ -50.66572313, -28.33589269 ], [ -50.658877, -28.32644 ], [ -50.65889099, -28.32332635 ], [ -50.66422014, -28.31366344 ], [ -50.67277524, -28.30465029 ], [ -50.69560673, -28.28765948 ], [ -50.6963803, -28.28510019 ], [ -50.694335, -28.275839 ], [ -50.69668943, -28.26801477 ], [ -50.699741, -28.266217 ], [ -50.71054067, -28.26667041 ], [ -50.716515, -28.262179 ], [ -50.73176988, -28.25633304 ], [ -50.738821, -28.251169 ], [ -50.74941142, -28.24872202 ], [ -50.75292116, -28.2459643 ], [ -50.754053, -28.242775 ], [ -50.752889, -28.232557 ], [ -50.75645436, -28.21451921 ], [ -50.75997621, -28.20709608 ], [ -50.76148538, -28.19314104 ], [ -50.764395, -28.189233 ], [ -50.768201, -28.188963 ], [ -50.77212664, -28.19604526 ], [ -50.777499, -28.200048 ], [ -50.783953, -28.200841 ], [ -50.78882206, -28.19833505 ], [ -50.78918924, -28.18918914 ], [ -50.784097, -28.181902 ], [ -50.782816, -28.175983 ], [ -50.79050903, -28.1663919 ], [ -50.792708, -28.157847 ], [ -50.791303, -28.154026 ], [ -50.78680121, -28.15056177 ], [ -50.78465896, -28.1465276 ], [ -50.786105, -28.141725 ], [ -50.79407608, -28.13864043 ], [ -50.81378678, -28.14156018 ], [ -50.81983557, -28.14044846 ], [ -50.82291536, -28.13645784 ], [ -50.82593707, -28.12171289 ], [ -50.82846944, -28.1185444 ], [ -50.83240042, -28.11750819 ], [ -50.83675774, -28.11940002 ], [ -50.858991, -28.139706 ], [ -50.86552, -28.140782 ], [ -50.871969, -28.13742 ], [ -50.87477101, -28.13245893 ], [ -50.87499815, -28.12857698 ], [ -50.869184, -28.116421 ], [ -50.868793, -28.111452 ], [ -50.87006, -28.105945 ], [ -50.87591879, -28.09507543 ], [ -50.884353, -28.089699 ], [ -50.89936, -28.089656 ], [ -50.902933, -28.088472 ], [ -50.90393634, -28.08584442 ], [ -50.89848138, -28.07551599 ], [ -50.887479, -28.072585 ], [ -50.88138737, -28.06725643 ], [ -50.875429, -28.054423 ], [ -50.8754, -28.0402 ], [ -50.89233612, -28.02115603 ], [ -50.907998, -28.014855 ], [ -50.92323842, -28.01198778 ], [ -50.923973, -28.008662 ], [ -50.92060137, -28.00062496 ], [ -50.92632832, -27.99454014 ], [ -50.92787116, -27.99058246 ], [ -50.923234, -27.979606 ], [ -50.92396809, -27.97165489 ], [ -50.92568143, -27.96938883 ], [ -50.930855, -27.967592 ], [ -50.94028332, -27.96866704 ], [ -50.94704371, -27.96724248 ], [ -50.95869745, -27.96003941 ], [ -50.97357765, -27.95445932 ], [ -50.976927, -27.95196802 ], [ -50.98030987, -27.94264726 ], [ -50.98425422, -27.9403043 ], [ -50.990431, -27.942778 ], [ -50.99362881, -27.94600693 ], [ -51.00225798, -27.96421297 ], [ -51.005078, -27.965227 ], [ -51.011207, -27.962954 ], [ -51.018956, -27.957048 ], [ -51.021401, -27.95127 ], [ -51.02078893, -27.94228491 ], [ -51.016273, -27.933286 ], [ -51.01645797, -27.92550839 ], [ -51.019908, -27.922488 ], [ -51.05097939, -27.90765947 ], [ -51.05596622, -27.90367043 ], [ -51.058279, -27.896839 ], [ -51.052991, -27.869788 ], [ -51.05713825, -27.86602813 ], [ -51.072161, -27.864512 ], [ -51.078594, -27.861598 ], [ -51.07951399, -27.85584967 ], [ -51.07656427, -27.84184537 ], [ -51.08222989, -27.83392645 ], [ -51.089525, -27.829762 ], [ -51.098272, -27.827418 ], [ -51.10859771, -27.82839799 ], [ -51.12104, -27.832575 ], [ -51.128923, -27.832048 ], [ -51.131558, -27.828521 ], [ -51.12930504, -27.82289292 ], [ -51.13229229, -27.80737214 ], [ -51.13460645, -27.80365708 ], [ -51.15779178, -27.8028892 ], [ -51.18663893, -27.77849731 ], [ -51.191282, -27.776151 ], [ -51.209377, -27.77747 ], [ -51.21814198, -27.77068847 ], [ -51.221938, -27.769607 ], [ -51.22663606, -27.77133749 ], [ -51.23335684, -27.77886342 ], [ -51.236303, -27.779769 ], [ -51.24119826, -27.77831287 ], [ -51.245599, -27.770273 ], [ -51.24554744, -27.76144849 ], [ -51.246863, -27.759634 ], [ -51.256782, -27.754428 ], [ -51.27048276, -27.75230728 ], [ -51.27409982, -27.74991322 ], [ -51.27477216, -27.74243605 ], [ -51.27273401, -27.73216312 ], [ -51.27533006, -27.72452832 ], [ -51.28218092, -27.72267243 ], [ -51.294031, -27.725351 ], [ -51.302919, -27.722881 ], [ -51.31003586, -27.71808944 ], [ -51.309627, -27.71191 ], [ -51.302001, -27.70256 ], [ -51.30832717, -27.69866116 ], [ -51.31264539, -27.69326975 ], [ -51.313394, -27.678758 ], [ -51.31510604, -27.67507007 ], [ -51.31926713, -27.67284838 ], [ -51.33087, -27.67094 ], [ -51.34012473, -27.67415801 ], [ -51.349694, -27.679929 ], [ -51.35479081, -27.68001506 ], [ -51.361562, -27.678088 ], [ -51.37346639, -27.6689869 ], [ -51.37793446, -27.66002387 ], [ -51.371066, -27.644702 ], [ -51.37010899, -27.636671 ], [ -51.382759, -27.624572 ], [ -51.38924636, -27.62381435 ], [ -51.40529083, -27.63186102 ], [ -51.40910063, -27.63770522 ], [ -51.41264771, -27.64896184 ], [ -51.419153, -27.654639 ], [ -51.427281, -27.656195 ], [ -51.435204, -27.654399 ], [ -51.438001, -27.647327 ], [ -51.435718, -27.634326 ], [ -51.43660617, -27.62984977 ], [ -51.44422999, -27.61978799 ], [ -51.457684, -27.607114 ], [ -51.462328, -27.604584 ], [ -51.47193, -27.602913 ], [ -51.47676401, -27.59877495 ], [ -51.477381, -27.572586 ], [ -51.48523226, -27.56185232 ], [ -51.4928159, -27.55833541 ], [ -51.504314, -27.555992 ], [ -51.5130743, -27.55659225 ], [ -51.53297553, -27.56257918 ], [ -51.547738, -27.559079 ], [ -51.55175468, -27.56045686 ], [ -51.554876, -27.563992 ], [ -51.555981, -27.573525 ], [ -51.55889, -27.581069 ], [ -51.56187237, -27.58359514 ], [ -51.56712751, -27.58432926 ], [ -51.57170928, -27.58262411 ], [ -51.57789, -27.577436 ], [ -51.58563546, -27.56960562 ], [ -51.587383, -27.565627 ], [ -51.57781713, -27.5319054 ], [ -51.579971, -27.523618 ], [ -51.58660968, -27.52219819 ], [ -51.593921, -27.524406 ], [ -51.600746, -27.530164 ], [ -51.608328, -27.541372 ], [ -51.61498373, -27.54538906 ], [ -51.62349349, -27.54606445 ], [ -51.62788226, -27.54445679 ], [ -51.631893, -27.539305 ], [ -51.63194349, -27.53267651 ], [ -51.619494, -27.500282 ], [ -51.621616, -27.494645 ], [ -51.63040951, -27.4891415 ], [ -51.637204, -27.488812 ], [ -51.64364263, -27.49255636 ], [ -51.64690451, -27.50085787 ], [ -51.64743269, -27.51633188 ], [ -51.65116524, -27.51951721 ], [ -51.65559005, -27.51980499 ], [ -51.664718, -27.517267 ], [ -51.675576, -27.508284 ], [ -51.67757798, -27.50298058 ], [ -51.673582, -27.49612 ], [ -51.673248, -27.488046 ], [ -51.677553, -27.483186 ], [ -51.68656122, -27.47901197 ], [ -51.69964983, -27.47906421 ], [ -51.70630388, -27.48374021 ], [ -51.71053152, -27.48937476 ], [ -51.71668274, -27.51034006 ], [ -51.722101, -27.513788 ], [ -51.727732, -27.512474 ], [ -51.734441, -27.507732 ], [ -51.73926, -27.503144 ], [ -51.74665721, -27.49093624 ], [ -51.75417511, -27.48616901 ], [ -51.78229484, -27.49122748 ], [ -51.79663513, -27.48968409 ], [ -51.80200795, -27.49473598 ], [ -51.802026, -27.503351 ], [ -51.79310268, -27.51274497 ], [ -51.78903975, -27.51480831 ], [ -51.78473668, -27.52187877 ], [ -51.78669457, -27.52245666 ], [ -51.78633724, -27.52885398 ], [ -51.79213071, -27.53089723 ], [ -51.8010638, -27.52933572 ], [ -51.808062, -27.52455 ], [ -51.81798869, -27.51392113 ], [ -51.82260578, -27.51276618 ], [ -51.83026229, -27.51442743 ], [ -51.83707399, -27.52251703 ], [ -51.841486, -27.524889 ], [ -51.84688, -27.525983 ], [ -51.85108638, -27.52475529 ], [ -51.85439714, -27.51987277 ], [ -51.85492699, -27.514905 ], [ -51.847024, -27.499989 ], [ -51.84314026, -27.48889926 ], [ -51.84337213, -27.48369199 ], [ -51.84622586, -27.4794668 ], [ -51.85047079, -27.47696332 ], [ -51.86307504, -27.47535544 ], [ -51.87467958, -27.48036235 ], [ -51.87987385, -27.48857518 ], [ -51.87982299, -27.49619176 ], [ -51.87407153, -27.51038631 ], [ -51.875181, -27.517363 ], [ -51.880225, -27.520874 ], [ -51.89134312, -27.51993477 ], [ -51.894774, -27.516607 ], [ -51.902398, -27.493565 ], [ -51.899447, -27.47343965 ], [ -51.900278, -27.463586 ], [ -51.90189509, -27.46190035 ], [ -51.90789407, -27.45814333 ], [ -51.917788, -27.458483 ], [ -51.95099347, -27.47626373 ], [ -51.95840603, -27.47423978 ], [ -51.963204, -27.469436 ], [ -51.96398924, -27.46325572 ], [ -51.94847445, -27.45443286 ], [ -51.94037289, -27.44760585 ], [ -51.93362169, -27.43850307 ], [ -51.93524501, -27.429321 ], [ -51.95203076, -27.41684718 ], [ -51.96294447, -27.41165638 ], [ -51.99958227, -27.40973903 ], [ -52.007797, -27.403897 ], [ -52.00860805, -27.39878357 ], [ -52.006575, -27.39503 ], [ -52.00059, -27.391489 ], [ -51.990943, -27.389092 ], [ -51.978697, -27.388904 ], [ -51.960266, -27.39456 ], [ -51.95234209, -27.39498866 ], [ -51.949487, -27.389778 ], [ -51.950272, -27.38428101 ], [ -51.95334147, -27.37949837 ], [ -51.963407, -27.374002 ], [ -51.97341245, -27.37233828 ], [ -51.99043522, -27.3779244 ], [ -51.996708, -27.378229 ], [ -52.006447, -27.374626 ], [ -52.01713423, -27.36783891 ], [ -52.02289, -27.362154 ], [ -52.023217, -27.35588 ], [ -52.02068995, -27.35249978 ], [ -52.010832, -27.346605 ], [ -52.0072, -27.339326 ], [ -52.0081091, -27.33367609 ], [ -52.015005, -27.330896 ], [ -52.01985175, -27.33194615 ], [ -52.03836965, -27.34420339 ], [ -52.04475154, -27.34655345 ], [ -52.050328, -27.346097 ], [ -52.066057, -27.339537 ], [ -52.0740932, -27.33835321 ], [ -52.082194, -27.340174 ], [ -52.093762, -27.348069 ], [ -52.103287, -27.346696 ], [ -52.1087999, -27.34118517 ], [ -52.11112147, -27.33540297 ], [ -52.10574098, -27.32280987 ], [ -52.105687, -27.31335 ], [ -52.107655, -27.309702 ], [ -52.11433112, -27.30501918 ], [ -52.1263285, -27.30252346 ], [ -52.14193448, -27.30603833 ], [ -52.161289, -27.314288 ], [ -52.16800524, -27.31227081 ], [ -52.16836425, -27.30558136 ], [ -52.15930545, -27.28156357 ], [ -52.16090402, -27.27611706 ], [ -52.16657573, -27.27142742 ], [ -52.17378399, -27.27204701 ], [ -52.182915, -27.279893 ], [ -52.19107211, -27.29180935 ], [ -52.20562613, -27.32738644 ], [ -52.209438, -27.330522 ], [ -52.215884, -27.332529 ], [ -52.22113852, -27.33199647 ], [ -52.22718, -27.329001 ], [ -52.23480093, -27.31065812 ], [ -52.24113731, -27.30427086 ], [ -52.25053326, -27.30214314 ], [ -52.272979, -27.304385 ], [ -52.27771929, -27.30022432 ], [ -52.27789525, -27.29492241 ], [ -52.26799112, -27.28324864 ], [ -52.25976034, -27.27893789 ], [ -52.24177254, -27.27606553 ], [ -52.236857, -27.273769 ], [ -52.234607, -27.270622 ], [ -52.234208, -27.265926 ], [ -52.236979, -27.263068 ], [ -52.254544, -27.256359 ], [ -52.278255, -27.261181 ], [ -52.293957, -27.256651 ], [ -52.29876611, -27.25750707 ], [ -52.30467072, -27.26263037 ], [ -52.30625164, -27.26795536 ], [ -52.30470251, -27.27669232 ], [ -52.291046, -27.306834 ], [ -52.292109, -27.314283 ], [ -52.2964927, -27.31809095 ], [ -52.30486216, -27.31805345 ], [ -52.31308401, -27.30926601 ], [ -52.32913747, -27.30216487 ], [ -52.34028738, -27.29105937 ], [ -52.345259, -27.288278 ], [ -52.3502253, -27.28824325 ], [ -52.355387, -27.291213 ], [ -52.36106, -27.299499 ], [ -52.36748, -27.30452 ], [ -52.374963, -27.30509 ], [ -52.37850336, -27.30268378 ], [ -52.38149822, -27.29467179 ], [ -52.38332748, -27.2812906 ], [ -52.381139, -27.260818 ], [ -52.385772, -27.253516 ], [ -52.392952, -27.251439 ], [ -52.39969, -27.25657 ], [ -52.39974183, -27.26326501 ], [ -52.393659, -27.285146 ], [ -52.395376, -27.290672 ], [ -52.39806022, -27.29257596 ], [ -52.40359709, -27.2915343 ], [ -52.41560885, -27.28525814 ], [ -52.43908531, -27.26440486 ], [ -52.44199347, -27.25822037 ], [ -52.442075, -27.250513 ], [ -52.438438, -27.239032 ], [ -52.431774, -27.227991 ], [ -52.43013136, -27.22244959 ], [ -52.43254322, -27.21784116 ], [ -52.440478, -27.21624 ], [ -52.44783, -27.218188 ], [ -52.462452, -27.22921 ], [ -52.475407, -27.232697 ], [ -52.479815, -27.235543 ], [ -52.48156112, -27.24664211 ], [ -52.476392, -27.260578 ], [ -52.477741, -27.264088 ], [ -52.481736, -27.266917 ], [ -52.49301829, -27.2671533 ], [ -52.534644, -27.261036 ], [ -52.53810789, -27.25719932 ], [ -52.54386007, -27.24108495 ], [ -52.549813, -27.238338 ], [ -52.552887, -27.239283 ], [ -52.55905698, -27.24625711 ], [ -52.56360008, -27.24891609 ], [ -52.58749943, -27.24689014 ], [ -52.593571, -27.250289 ], [ -52.60536263, -27.26109131 ], [ -52.61128489, -27.26406939 ], [ -52.617889, -27.265706 ], [ -52.63322, -27.265481 ], [ -52.646196, -27.260612 ], [ -52.653709, -27.243618 ], [ -52.65878, -27.23863 ], [ -52.66378313, -27.23705727 ], [ -52.672026, -27.240522 ], [ -52.676399, -27.245736 ], [ -52.67743787, -27.26282628 ], [ -52.683478, -27.277863 ], [ -52.69064748, -27.28386667 ], [ -52.69741939, -27.28390713 ], [ -52.70645495, -27.27568756 ], [ -52.70676132, -27.25550429 ], [ -52.71305588, -27.23904493 ], [ -52.71569537, -27.23683744 ], [ -52.72298072, -27.23549324 ], [ -52.72970141, -27.23848239 ], [ -52.7348447, -27.24536125 ], [ -52.73767082, -27.25333285 ], [ -52.74236963, -27.25821777 ], [ -52.7514602, -27.26025356 ], [ -52.75833367, -27.25723002 ], [ -52.76194485, -27.25238458 ], [ -52.76406873, -27.24473987 ], [ -52.76258821, -27.23556442 ], [ -52.7580731, -27.22365688 ], [ -52.75812985, -27.21706505 ], [ -52.75975566, -27.21395318 ], [ -52.76349675, -27.21183932 ], [ -52.77053247, -27.20914757 ], [ -52.81298944, -27.20266781 ], [ -52.81968584, -27.20425989 ], [ -52.83442104, -27.21191915 ], [ -52.84369407, -27.21002519 ], [ -52.84603134, -27.20793116 ], [ -52.84713258, -27.20344626 ], [ -52.84641339, -27.18962429 ], [ -52.84323691, -27.17963636 ], [ -52.84492233, -27.17516559 ], [ -52.84963546, -27.17126085 ], [ -52.85814486, -27.17046061 ], [ -52.87508662, -27.17705527 ], [ -52.88374316, -27.1824603 ], [ -52.89466519, -27.19419576 ], [ -52.90283788, -27.19991171 ], [ -52.91001065, -27.20230301 ], [ -52.92931144, -27.20407635 ], [ -52.93594951, -27.20155307 ], [ -52.93760119, -27.19835452 ], [ -52.93606693, -27.17803643 ], [ -52.93832146, -27.17080512 ], [ -52.94669786, -27.16398659 ], [ -52.95669226, -27.16325785 ], [ -52.96145283, -27.16860953 ], [ -52.96612971, -27.1807047 ], [ -52.96819415, -27.21110289 ], [ -52.96982474, -27.21621889 ], [ -52.97711893, -27.22087764 ], [ -52.9843663, -27.22147228 ], [ -52.99171897, -27.21765335 ], [ -52.9957304, -27.21316744 ], [ -52.99997724, -27.20670015 ], [ -53.00256437, -27.19762271 ], [ -53.00050431, -27.18515219 ], [ -52.98514455, -27.17048814 ], [ -52.98285327, -27.1649948 ], [ -52.98372565, -27.15650297 ], [ -52.99166362, -27.14096667 ], [ -52.99663328, -27.13609351 ], [ -53.00300566, -27.13561463 ], [ -53.02124289, -27.15550924 ], [ -53.02615257, -27.15862249 ], [ -53.03183437, -27.15947219 ] ] ] ] } }
]
}
