{"type":"FeatureCollection","features":[{"type":"Feature","properties":{"Ambiente":"NÃO INFORMADO","Startup":"!nsect Protein","Estágio":"Crescimento","Segmento":"Meio Ambiente e Sustentabilidade","Vertical":"AgTech","Relação com o Mercado":"B2B","Modelo de Negócio":"E-commerce","Cidade":"Campo Bom","Região":"Metropolitana e Litoral Norte","Link":"https://insectprotein.com.br/"},"geometry":{"type":"Point","coordinates":[-51.0613111,-29.6747831]}},{"type":"Feature","properties":{"Ambiente":"TECNOPUC","Startup":"+ Abelhas","Estágio":"Validação","Segmento":"Meio Ambiente e Sustentabilidade","Vertical":"Agtech","Relação com o Mercado":"B2C","Modelo de Negócio":"Custo por Aquisição","Cidade":"Porto Alegre","Região":"Metropolitana e Litoral Norte","Link":"http://www.maisabelhas.com.br"},"geometry":{"type":"Point","coordinates":[-51.2089887,-30.0368176]}},{"type":"Feature","properties":{"Ambiente":"TECNOPUC","Startup":"+ Controle Inteligência Financeira","Estágio":"Crescimento","Segmento":"Financeiro","Vertical":"FinTech","Relação com o Mercado":"B2B","Modelo de Negócio":"Assinatura","Cidade":"Porto Alegre","Região":"Metropolitana e Litoral Norte","Link":"https://www.maiscontrolebpo.com.br"},"geometry":{"type":"Point","coordinates":[-51.2089887,-30.0368176]}},{"type":"Feature","properties":{"Ambiente":"NÃO INFORMADO","Startup":"1App","Estágio":"Validação","Segmento":"TI (Tecnologia da Informação)","Vertical":"ITTech","Relação com o Mercado":"B2C","Modelo de Negócio":"Não Informado","Cidade":"Caxias do Sul","Região":"Serra Gaúcha","Link":"https://www.ucs.br/site/tecnoucs/itec/tecnoucs-empresas-graduadas/"},"geometry":{"type":"Point","coordinates":[-51.1812032,-29.1740137]}},{"type":"Feature","properties":{"Ambiente":"NÃO INFORMADO","Startup":"21 MOBILE","Estágio":"Validação","Segmento":"Marketing e Publicidade","Vertical":"MarTech","Relação com o Mercado":"B2B","Modelo de Negócio":"Assinatura","Cidade":"Porto Alegre","Região":"Metropolitana e Litoral Norte","Link":"http://21sms.com.br/"},"geometry":{"type":"Point","coordinates":[-51.2089887,-30.0368176]}},{"type":"Feature","properties":{"Ambiente":"CRIATEC UNIJUÍ","Startup":"22 PERFORMANCE","Estágio":"Escala","Segmento":"Marketing e Publicidade","Vertical":"MarTech","Relação com o Mercado":"B2B","Modelo de Negócio":"Pay-per-use","Cidade":"Santa Rosa","Região":"Noroeste e Missões","Link":"https://22performance.com.br/"},"geometry":{"type":"Point","coordinates":[-54.4797042,-27.8700347]}},{"type":"Feature","properties":{"Ambiente":"PAMPATEC","Startup":"2Day IT Solutions","Estágio":"Crescimento","Segmento":"Software e Cloud","Vertical":"ITTech","Relação com o Mercado":"B2B","Modelo de Negócio":"Assinatura","Cidade":"Alegrete","Região":"Campanha e Fronteira Oeste","Link":"https://www.2dayitsolutions.com/"},"geometry":{"type":"Point","coordinates":[-55.7936527,-29.7837672]}},{"type":"Feature","properties":{"Ambiente":"NÃO INFORMADO","Startup":"3 FOLIOTECH","Estágio":"Ideação","Segmento":"Biotecnologia","Vertical":"AgTech","Relação com o Mercado":"B2B","Modelo de Negócio":"Não Informado","Cidade":"Alto Alegre","Região":"Produção e Norte","Link":"https://3foliotech.com.br/"},"geometry":{"type":"Point","coordinates":[-52.9921661,-28.7758067]}},{"type":"Feature","properties":{"Ambiente":"NÃO INFORMADO","Startup":"3035tech","Estágio":"Validação","Segmento":"TI (Tecnologia da Informação)","Vertical":"ITTech","Relação com o Mercado":"B2B2C","Modelo de Negócio":"Não Informado","Cidade":"Campo Bom","Região":"Metropolitana e Litoral Norte","Link":"https://www.3035tech.com/"},"geometry":{"type":"Point","coordinates":[-51.0613111,-29.6747831]}},{"type":"Feature","properties":{"Ambiente":"TECNOVATES","Startup":"3D Cap","Estágio":"Validação","Segmento":"Automotivo","Vertical":"AutoTech","Relação com o Mercado":"B2B e B2C","Modelo de Negócio":"Transação","Cidade":"Estrela","Região":"Região dos Vales","Link":"https://www.univates.br/tecnovates/inovates/empresas"},"geometry":{"type":"Point","coordinates":[-51.9543602,-29.4870271]}},{"type":"Feature","properties":{"Ambiente":"NÃO INFORMADO","Startup":"3D Protos","Estágio":"Crescimento","Segmento":"Saúde e Bem-Estar","Vertical":"HealthTech","Relação com o Mercado":"B2B","Modelo de Negócio":"Não Informado","Cidade":"Porto Alegre","Região":"Metropolitana e Litoral Norte","Link":"https://www.linkedin.com/company/3dprotos/"},"geometry":{"type":"Point","coordinates":[-51.2089887,-30.0368176]}},{"type":"Feature","properties":{"Ambiente":"NÃO INFORMADO","Startup":"3S","Estágio":"Escala","Segmento":"Energia","Vertical":"EnergyTech","Relação com o Mercado":"B2B","Modelo de Negócio":"Não Informado","Cidade":"São Leopoldo","Região":"Metropolitana e Litoral Norte","Link":"https://energia3s.com.br/"},"geometry":{"type":"Point","coordinates":[-51.1480174,-29.7607417]}},{"type":"Feature","properties":{"Ambiente":"NÃO INFORMADO","Startup":"4 Software","Estágio":"Crescimento","Segmento":"TI (Tecnologia da Informação)","Vertical":"ITTech","Relação com o Mercado":"B2B e B2C","Modelo de Negócio":"Não Informado","Cidade":"Garibaldi","Região":"Serra Gaúcha","Link":"https://www.4software.com.br/"},"geometry":{"type":"Point","coordinates":[-51.5232019,-29.2575131]}},{"type":"Feature","properties":{"Ambiente":"NÃO INFORMADO","Startup":"4.eSG Solutions","Estágio":"Escala","Segmento":"Consultorias e Treinamentos","Vertical":"EsgTech","Relação com o Mercado":"B2B","Modelo de Negócio":"Não Informado","Cidade":"São Leopoldo","Região":"Metropolitana e Litoral Norte","Link":"https://4esgsolutions.com/"},"geometry":{"type":"Point","coordinates":[-51.1480174,-29.7607417]}},{"type":"Feature","properties":{"Ambiente":"NÃO INFORMADO","Startup":"404 DIGITAL","Estágio":"Crescimento","Segmento":"Marketing e Publicidade","Vertical":"MarTech","Relação com o Mercado":"B2B","Modelo de Negócio":"Não Informado","Cidade":"Porto Alegre","Região":"Metropolitana e Litoral Norte","Link":"https://404digitalmedia.com/"},"geometry":{"type":"Point","coordinates":[-51.2089887,-30.0368176]}},{"type":"Feature","properties":{"Ambiente":"NÃO INFORMADO","Startup":"46graus","Estágio":"Validação","Segmento":"Mídia e Comunicação","Vertical":"MarTech","Relação com o Mercado":"B2C","Modelo de Negócio":"Assinatura","Cidade":"Porto Alegre","Região":"Metropolitana e Litoral Norte","Link":"https://46graus.com/"},"geometry":{"type":"Point","coordinates":[-51.2089887,-30.0368176]}},{"type":"Feature","properties":{"Ambiente":"NÃO INFORMADO","Startup":"4all","Estágio":"Escala","Segmento":"Financeiro","Vertical":"FinTech","Relação com o Mercado":"B2B","Modelo de Negócio":"Não Informado","Cidade":"Porto Alegre","Região":"Metropolitana e Litoral Norte","Link":"https://4all.com/"},"geometry":{"type":"Point","coordinates":[-51.2089887,-30.0368176]}},{"type":"Feature","properties":{"Ambiente":"TECNOUNISC","Startup":"4Care Technology","Estágio":"Escala","Segmento":"Saúde e Bem-Estar","Vertical":"MedTech","Relação com o Mercado":"B2B","Modelo de Negócio":"Assinatura","Cidade":"Santa Cruz do Sul","Região":"Região dos Vales","Link":"https://www.instagram.com/mariangelagaedke/"},"geometry":{"type":"Point","coordinates":[-52.4358285,-29.7240622]}},{"type":"Feature","properties":{"Ambiente":"TECNOSINOS","Startup":"4Cast Software","Estágio":"Validação","Segmento":"TI (Tecnologia da Informação)","Vertical":"IndTech","Relação com o Mercado":"B2B","Modelo de Negócio":"Não Informado","Cidade":"São Leopoldo","Região":"Metropolitana e Litoral Norte","Link":"https://4cast.com.br/"},"geometry":{"type":"Point","coordinates":[-51.1480174,-29.7607417]}},{"type":"Feature","properties":{"Ambiente":"TECNOPUC","Startup":"4lugo","Estágio":"Validação","Segmento":"Mobilidade","Vertical":"MobTech","Relação com o Mercado":"P2P","Modelo de Negócio":"SaaS","Cidade":"Porto Alegre","Região":"Metropolitana e Litoral Norte","Link":"https://4lugo.com.br/"},"geometry":{"type":"Point","coordinates":[-51.2089887,-30.0368176]}},{"type":"Feature","properties":{"Ambiente":"NÃO INFORMADO","Startup":"4SC","Estágio":"Validação","Segmento":"Marketing e Publicidade","Vertical":"MarTech","Relação com o Mercado":"B2B","Modelo de Negócio":"Transação","Cidade":"Santa Maria","Região":"Central","Link":""},"geometry":{"type":"Point","coordinates":[-53.7923441,-29.6894984]}},{"type":"Feature","properties":{"Ambiente":"NÃO INFORMADO","Startup":"4show - Full Live Commerce","Estágio":"Validação","Segmento":"TI (Tecnologia da Informação)","Vertical":"MarTech","Relação com o Mercado":"B2B","Modelo de Negócio":"Não Informado","Cidade":"Campo Bom","Região":"Metropolitana e Litoral Norte","Link":"https://www.4show.live/"},"geometry":{"type":"Point","coordinates":[-51.0613111,-29.6747831]}},{"type":"Feature","properties":{"Ambiente":"NÃO INFORMADO","Startup":"5HUB","Estágio":"Crescimento","Segmento":"Marketing e Publicidade","Vertical":"MarTech","Relação com o Mercado":"B2C","Modelo de Negócio":"Assinatura","Cidade":"Caxias do Sul","Região":"Serra Gaúcha","Link":"https://crmpiperun.com/crm-de-atendimento/"},"geometry":{"type":"Point","coordinates":[-51.1812032,-29.1740137]}},{"type":"Feature","properties":{"Ambiente":"NÃO INFORMADO","Startup":"91 Seguros","Estágio":"Validação","Segmento":"Financeiro","Vertical":"InsurTech","Relação com o Mercado":"B2B e B2C","Modelo de Negócio":"E-commerce","Cidade":"Caxias do Sul","Região":"Serra Gaúcha","Link":"https://91seguros.com.br/"},"geometry":{"type":"Point","coordinates":[-51.1812032,-29.1740137]}},{"type":"Feature","properties":{"Ambiente":"NÃO INFORMADO","Startup":"99% RECICLADO","Estágio":"Crescimento","Segmento":"Comércio e Varejo","Vertical":"GreenTech","Relação com o Mercado":"B2C e B2G","Modelo de Negócio":"Custo por Aquisição","Cidade":"Porto Alegre","Região":"Metropolitana e Litoral Norte","Link":"https://rscriativo.rs.gov.br/99-reciclado"},"geometry":{"type":"Point","coordinates":[-51.2089887,-30.0368176]}},{"type":"Feature","properties":{"Ambiente":"NÃO INFORMADO","Startup":"A00s","Estágio":"Ideação","Segmento":"Financeiro","Vertical":"FinTech","Relação com o Mercado":"B2G","Modelo de Negócio":"Assinatura","Cidade":"Nova Prata","Região":"Serra Gaúcha","Link":"https://portal.a00s.com/"},"geometry":{"type":"Point","coordinates":[-51.6084482,-28.7839458]}},{"type":"Feature","properties":{"Ambiente":"NÃO INFORMADO","Startup":"ABACONTROL","Estágio":"Crescimento","Segmento":"Software e Cloud","Vertical":"AutoTech","Relação com o Mercado":"B2B","Modelo de Negócio":"Assinatura","Cidade":"Ijuí","Região":"Noroeste e Missões","Link":"https://abacontrol.com.br"},"geometry":{"type":"Point","coordinates":[-53.9220126,-28.3891409]}},{"type":"Feature","properties":{"Ambiente":"CEI UFRGS","Startup":"Abalô Conexões Plurais","Estágio":"Crescimento","Segmento":"Comércio e Varejo","Vertical":"Impacto Socioambiental","Relação com o Mercado":"B2B e B2C","Modelo de Negócio":"Marketplace","Cidade":"Porto Alegre","Região":"Metropolitana e Litoral Norte","Link":"https://abaloconexoesplurais.com.br/"},"geometry":{"type":"Point","coordinates":[-51.2089887,-30.0368176]}},{"type":"Feature","properties":{"Ambiente":"NÃO INFORMADO","Startup":"Abbraccio Mercatto","Estágio":"Validação","Segmento":"Alimentos e Bebidas","Vertical":"RetailTech","Relação com o Mercado":"B2B","Modelo de Negócio":"Transação","Cidade":"Santa Maria","Região":"Central","Link":""},"geometry":{"type":"Point","coordinates":[-53.7923441,-29.6894984]}},{"type":"Feature","properties":{"Ambiente":"NÃO INFORMADO","Startup":"ABM - Agrobiomateriais","Estágio":"Crescimento","Segmento":"Agronegócio","Vertical":"AgTech","Relação com o Mercado":"B2B","Modelo de Negócio":"Não Informado","Cidade":"Caxias do Sul","Região":"Serra Gaúcha","Link":"https://www.ucs.br/site/tecnoucs/itec/tecnoucs-empresas-graduadas/"},"geometry":{"type":"Point","coordinates":[-51.1812032,-29.1740137]}},{"type":"Feature","properties":{"Ambiente":"NÃO INFORMADO","Startup":"AC Pozzer Indústria Eletrônica","Estágio":"Validação","Segmento":"Engenharia e Indústria Geral","Vertical":"IndTech","Relação com o Mercado":"B2G","Modelo de Negócio":"Não Informado","Cidade":"Caxias do Sul","Região":"Serra Gaúcha","Link":"https://www.ucs.br/site/tecnoucs/itec/tecnoucs-empresas-graduadas/"},"geometry":{"type":"Point","coordinates":[-51.1812032,-29.1740137]}},{"type":"Feature","properties":{"Ambiente":"INSTITUTO CALDEIRA","Startup":"ACAO WEB SITES E MARKETING DIGITAL","Estágio":"Não Informado","Segmento":"Comércio e Varejo","Vertical":"RetailTech","Relação com o Mercado":"B2B","Modelo de Negócio":"Não Informado","Cidade":"Novo Hamburgo","Região":"Metropolitana e Litoral Norte","Link":"https://acaoweb.com.br/"},"geometry":{"type":"Point","coordinates":[-51.1337471,-29.683463]}},{"type":"Feature","properties":{"Ambiente":"HESTIA UFRGS","Startup":"Accore Automação - Projeto ByCrop","Estágio":"Crescimento","Segmento":"Engenharia e Indústria Geral","Vertical":"IndTech","Relação com o Mercado":"B2B","Modelo de Negócio":"Transação","Cidade":"Fazenda Vilanova","Região":"Região dos Vales","Link":"https://accore.com.br"},"geometry":{"type":"Point","coordinates":[-51.8244491,-29.590856]}},{"type":"Feature","properties":{"Ambiente":"NÃO INFORMADO","Startup":"AceleraDR","Estágio":"Validação","Segmento":"Consultorias e Treinamentos","Vertical":"HealthTech","Relação com o Mercado":"B2B","Modelo de Negócio":"Assinatura","Cidade":"Porto Alegre","Região":"Metropolitana e Litoral Norte","Link":"https://aceleradr.com/"},"geometry":{"type":"Point","coordinates":[-51.2089887,-30.0368176]}},{"type":"Feature","properties":{"Ambiente":"TECNOSINOS","Startup":"ACID","Estágio":"Escala","Segmento":"TI (Tecnologia da Informação)","Vertical":"ITTech","Relação com o Mercado":"B2B","Modelo de Negócio":"Não Informado","Cidade":"São Leopoldo","Região":"Metropolitana e Litoral Norte","Link":"https://www.linkedin.com/company/acidtecnologia/"},"geometry":{"type":"Point","coordinates":[-51.1480174,-29.7607417]}},{"type":"Feature","properties":{"Ambiente":"SETREM","Startup":"ACOBIO","Estágio":"Validação","Segmento":"Agronegócio","Vertical":"BioTech","Relação com o Mercado":"B2B2C","Modelo de Negócio":"Assinatura","Cidade":"Três de Maio","Região":"Noroeste e Missões","Link":"https://www.instagram.com/acobio3demaio/"},"geometry":{"type":"Point","coordinates":[-54.2344607,-27.7841041]}},{"type":"Feature","properties":{"Ambiente":"NÃO INFORMADO","Startup":"Acordos Brasil","Estágio":"Validação","Segmento":"Outros","Vertical":"LegalTech","Relação com o Mercado":"B2C","Modelo de Negócio":"Transação","Cidade":"Passo Fundo","Região":"Produção e Norte","Link":"https://acordosbr.com/"},"geometry":{"type":"Point","coordinates":[-52.4102752,-28.2622705]}},{"type":"Feature","properties":{"Ambiente":"IECBIOT UFRGS","Startup":"ACTGene Análises Moleculares Ltda.","Estágio":"Crescimento","Segmento":"Biotecnologia","Vertical":"BioTech","Relação com o Mercado":"B2C","Modelo de Negócio":"Transação","Cidade":"Porto Alegre","Região":"Metropolitana e Litoral Norte","Link":"https://actgene.com.br/"},"geometry":{"type":"Point","coordinates":[-51.2089887,-30.0368176]}},{"type":"Feature","properties":{"Ambiente":"NÃO INFORMADO","Startup":"Adapte","Estágio":"Validação","Segmento":"Impacto Socioambiental","Vertical":"EdTech","Relação com o Mercado":"B2B","Modelo de Negócio":"Assinatura","Cidade":"Porto Alegre","Região":"Metropolitana e Litoral Norte","Link":"https://www.adapte.com.vc/"},"geometry":{"type":"Point","coordinates":[-51.2089887,-30.0368176]}},{"type":"Feature","properties":{"Ambiente":"INSTITUTO CALDEIRA","Startup":"aDoc","Estágio":"Crescimento","Segmento":"Produtividade","Vertical":"LawTech","Relação com o Mercado":"B2B2C","Modelo de Negócio":"Serviços Baseados em Taxas","Cidade":"Porto Alegre","Região":"Metropolitana e Litoral Norte","Link":"https://adoc.com.br/"},"geometry":{"type":"Point","coordinates":[-51.2089887,-30.0368176]}},{"type":"Feature","properties":{"Ambiente":"TECNOPUC","Startup":"aDoc","Estágio":"Crescimento","Segmento":"Produtividade","Vertical":"LawTech","Relação com o Mercado":"B2B2C","Modelo de Negócio":"Serviços Baseados em Taxas","Cidade":"Porto Alegre","Região":"Metropolitana e Litoral Norte","Link":"https://adoc.com.br/"},"geometry":{"type":"Point","coordinates":[-51.2089887,-30.0368176]}},{"type":"Feature","properties":{"Ambiente":"NÃO INFORMADO","Startup":"AdTools","Estágio":"Validação","Segmento":"TI (Tecnologia da Informação)","Vertical":"ITTech","Relação com o Mercado":"B2B","Modelo de Negócio":"Assinatura","Cidade":"São Leopoldo","Região":"Metropolitana e Litoral Norte","Link":"https://www.adtools.com.br/#contact"},"geometry":{"type":"Point","coordinates":[-51.1480174,-29.7607417]}},{"type":"Feature","properties":{"Ambiente":"SMICT GRAVATAÍ","Startup":"Aegis Lanternas Táticas","Estágio":"Crescimento","Segmento":"Segurança","Vertical":"SecurityTech","Relação com o Mercado":"B2B e B2G","Modelo de Negócio":"Outro","Cidade":"Gravataí","Região":"Metropolitana e Litoral Norte","Link":"https://www.aegis.com.br/"},"geometry":{"type":"Point","coordinates":[-50.9947529,-29.9398869]}},{"type":"Feature","properties":{"Ambiente":"NÃO INFORMADO","Startup":"AEGRO INFORMATICA LIMITADA","Estágio":"Escala","Segmento":"TI (Tecnologia da Informação)","Vertical":"AgTech","Relação com o Mercado":"B2B e B2C","Modelo de Negócio":"Assinatura","Cidade":"Porto Alegre","Região":"Metropolitana e Litoral Norte","Link":"https://aegro.com.br/"},"geometry":{"type":"Point","coordinates":[-51.2089887,-30.0368176]}},{"type":"Feature","properties":{"Ambiente":"CRIATEC UNIJUÍ","Startup":"AERO TOPOGRAFIA","Estágio":"Escala","Segmento":"Agronegócio","Vertical":"AgTech","Relação com o Mercado":"B2B2C","Modelo de Negócio":"Pay-per-use","Cidade":"Santa Rosa","Região":"Noroeste e Missões","Link":"https://aerotopografia.com.br/"},"geometry":{"type":"Point","coordinates":[-54.4797042,-27.8700347]}},{"type":"Feature","properties":{"Ambiente":"NÃO INFORMADO","Startup":"AFK Imunotech","Estágio":"Crescimento","Segmento":"Biotecnologia","Vertical":"BioTech","Relação com o Mercado":"B2C","Modelo de Negócio":"Transação","Cidade":"Passo Fundo","Região":"Produção e Norte","Link":"https://www.afkimunotech.com.br/"},"geometry":{"type":"Point","coordinates":[-52.4102752,-28.2622705]}},{"type":"Feature","properties":{"Ambiente":"TECNOVATES","Startup":"Agcontrol - Solucoes Biologicas","Estágio":"Validação","Segmento":"Agronegócio","Vertical":"AgTech","Relação com o Mercado":"B2B e B2C","Modelo de Negócio":"Negócio Socioambiental","Cidade":"Lajeado","Região":"Região dos Vales","Link":"https://www.agcontrolbio.com.br/"},"geometry":{"type":"Point","coordinates":[-51.9679026,-29.4606311]}},{"type":"Feature","properties":{"Ambiente":"HORIZONTE FAHOR","Startup":"AgedCare","Estágio":"Ideação","Segmento":"Saúde e Bem-Estar","Vertical":"HealthTech","Relação com o Mercado":"B2C","Modelo de Negócio":"Assinatura","Cidade":"Horizontina","Região":"Noroeste e Missões","Link":""},"geometry":{"type":"Point","coordinates":[-54.3059728,-27.628239]}},{"type":"Feature","properties":{"Ambiente":"PAMPATEC","Startup":"Agendei Tecnologias e Cia Ltda","Estágio":"Crescimento","Segmento":"Software e Cloud","Vertical":"SportsTech","Relação com o Mercado":"B2B","Modelo de Negócio":"SaaS","Cidade":"Alegrete","Região":"Campanha e Fronteira Oeste","Link":"https://www.agendeiquadras.com.br/"},"geometry":{"type":"Point","coordinates":[-55.7936527,-29.7837672]}},{"type":"Feature","properties":{"Ambiente":"NÃO INFORMADO","Startup":"ageof","Estágio":"Crescimento","Segmento":"Marketing e Publicidade","Vertical":"Outras","Relação com o Mercado":"B2B","Modelo de Negócio":"Assinatura","Cidade":"Flores da Cunha","Região":"Serra Gaúcha","Link":"https://www.ageof.com.br"},"geometry":{"type":"Point","coordinates":[-51.1814301,-29.0293699]}},{"type":"Feature","properties":{"Ambiente":"INSTITUTO CALDEIRA","Startup":"Agidesk","Estágio":"Não Informado","Segmento":"TI (Tecnologia da Informação)","Vertical":"ITTech","Relação com o Mercado":"B2B","Modelo de Negócio":"Assinatura","Cidade":"Porto Alegre","Região":"Metropolitana e Litoral Norte","Link":"https://agidesk.com/br"},"geometry":{"type":"Point","coordinates":[-51.2089887,-30.0368176]}},{"type":"Feature","properties":{"Ambiente":"NÃO INFORMADO","Startup":"AGIL MED","Estágio":"Crescimento","Segmento":"Saúde e Bem-Estar","Vertical":"HealthTech","Relação com o Mercado":"B2C","Modelo de Negócio":"Transação","Cidade":"Porto Alegre","Região":"Metropolitana e Litoral Norte","Link":"https://www.agilmedrs.com.br/"},"geometry":{"type":"Point","coordinates":[-51.2089887,-30.0368176]}},{"type":"Feature","properties":{"Ambiente":"NÃO INFORMADO","Startup":"AgilizAI","Estágio":"Crescimento","Segmento":"IA (Inteligência Artificial)","Vertical":"ITTech","Relação com o Mercado":"Não Informado","Modelo de Negócio":"Assinatura","Cidade":"Novo Hamburgo","Região":"Metropolitana e Litoral Norte","Link":"https://agilizai.tech/"},"geometry":{"type":"Point","coordinates":[-51.1337471,-29.683463]}},{"type":"Feature","properties":{"Ambiente":"NÃO INFORMADO","Startup":"Agimob","Estágio":"Validação","Segmento":"Financeiro","Vertical":"PropTech","Relação com o Mercado":"B2B e B2C","Modelo de Negócio":"Transação","Cidade":"Porto Alegre","Região":"Metropolitana e Litoral Norte","Link":"https://www.agimob.app/"},"geometry":{"type":"Point","coordinates":[-51.2089887,-30.0368176]}},{"type":"Feature","properties":{"Ambiente":"NÃO INFORMADO","Startup":"AGmais","Estágio":"Validação","Segmento":"Agronegócio","Vertical":"AgTech","Relação com o Mercado":"B2B","Modelo de Negócio":"Não Informado","Cidade":"Rosário do Sul","Região":"Campanha e Fronteira Oeste","Link":"https://www.agmais.agr.br/"},"geometry":{"type":"Point","coordinates":[-54.9168741,-30.2506438]}},{"type":"Feature","properties":{"Ambiente":"UPF PARQUE","Startup":"AGRARE TECNOLOGIA E GESTAO","Estágio":"Crescimento","Segmento":"Agronegócio","Vertical":"AgTech","Relação com o Mercado":"B2B2C","Modelo de Negócio":"Não Informado","Cidade":"Passo Fundo","Região":"Produção e Norte","Link":"https://www.agrare.com.br/"},"geometry":{"type":"Point","coordinates":[-52.4102752,-28.2622705]}},{"type":"Feature","properties":{"Ambiente":"IECBIOT UFRGS","Startup":"Agrega Pesquisa e Desenvolvimento em Biotecnologia","Estágio":"Validação","Segmento":"Biotecnologia","Vertical":"BioTech","Relação com o Mercado":"B2C","Modelo de Negócio":"Não Informado","Cidade":"Porto Alegre","Região":"Metropolitana e Litoral Norte","Link":"https://www.agregabiotec.com/"},"geometry":{"type":"Point","coordinates":[-51.2089887,-30.0368176]}},{"type":"Feature","properties":{"Ambiente":"CRIATEC UNIJUÍ","Startup":"Agricon Business","Estágio":"Escala","Segmento":"Blockchain","Vertical":"AgTech","Relação com o Mercado":"B2B","Modelo de Negócio":"Transação","Cidade":"Ijuí","Região":"Noroeste e Missões","Link":"https://www.agriconbusiness.com/"},"geometry":{"type":"Point","coordinates":[-53.9220126,-28.3891409]}},{"type":"Feature","properties":{"Ambiente":"NÃO INFORMADO","Startup":"AGRIGOLDEN","Estágio":"Crescimento","Segmento":"Meio Ambiente e Sustentabilidade","Vertical":"AgTech","Relação com o Mercado":"B2B","Modelo de Negócio":"Transação","Cidade":"Porto Alegre","Região":"Metropolitana e Litoral Norte","Link":"https://www.agrigolden.com.br/"},"geometry":{"type":"Point","coordinates":[-51.2089887,-30.0368176]}},{"type":"Feature","properties":{"Ambiente":"NÃO INFORMADO","Startup":"AGRITEK","Estágio":"Validação","Segmento":"Marketing e Publicidade","Vertical":"AgTech","Relação com o Mercado":"B2B","Modelo de Negócio":"Não Informado","Cidade":"Ijuí","Região":"Noroeste e Missões","Link":"http://www.agritek.com.br/"},"geometry":{"type":"Point","coordinates":[-53.9220126,-28.3891409]}},{"type":"Feature","properties":{"Ambiente":"CRIATEC UNIJUÍ","Startup":"Agro Instrumentos","Estágio":"Crescimento","Segmento":"Engenharia e Indústria Geral","Vertical":"ITTech","Relação com o Mercado":"B2B2C","Modelo de Negócio":"Custo por Aquisição","Cidade":"Ijuí","Região":"Noroeste e Missões","Link":"https://www.instagram.com/agroinstrumentos/"},"geometry":{"type":"Point","coordinates":[-53.9220126,-28.3891409]}},{"type":"Feature","properties":{"Ambiente":"NÃO INFORMADO","Startup":"AgroBI","Estágio":"Crescimento","Segmento":"TI (Tecnologia da Informação)","Vertical":"AgTech","Relação com o Mercado":"B2B","Modelo de Negócio":"Software House","Cidade":"Não-Me-Toque","Região":"Central","Link":"https://agrobi.net/"},"geometry":{"type":"Point","coordinates":[-52.8208556,-28.460032]}},{"type":"Feature","properties":{"Ambiente":"NÃO INFORMADO","Startup":"AgroCloud","Estágio":"Validação","Segmento":"Agronegócio","Vertical":"AgTech","Relação com o Mercado":"B2B","Modelo de Negócio":"Software House","Cidade":"Santa Maria","Região":"Central","Link":"https://agrodtech.com.br/"},"geometry":{"type":"Point","coordinates":[-53.7923441,-29.6894984]}},{"type":"Feature","properties":{"Ambiente":"NÃO INFORMADO","Startup":"Agroclube","Estágio":"Validação","Segmento":"Agronegócio","Vertical":"AgTech","Relação com o Mercado":"B2B","Modelo de Negócio":"Assinatura","Cidade":"Santa Maria","Região":"Central","Link":""},"geometry":{"type":"Point","coordinates":[-53.7923441,-29.6894984]}},{"type":"Feature","properties":{"Ambiente":"UPF PARQUE","Startup":"AGROFINDER INTERMEDIAÇÃO E AGENCIAMENTO DE NEGÓCIOS LTDA","Estágio":"Crescimento","Segmento":"Agronegócio","Vertical":"AgTech","Relação com o Mercado":"B2B2C","Modelo de Negócio":"Não Informado","Cidade":"Passo Fundo","Região":"Produção e Norte","Link":"https://www.agrofinder.com.br/"},"geometry":{"type":"Point","coordinates":[-52.4102752,-28.2622705]}},{"type":"Feature","properties":{"Ambiente":"NÃO INFORMADO","Startup":"AgroKAIZEN","Estágio":"Crescimento","Segmento":"Agronegócio","Vertical":"AgTech","Relação com o Mercado":"B2B","Modelo de Negócio":"Não Informado","Cidade":"Porto Alegre","Região":"Metropolitana e Litoral Norte","Link":"https://agrokaizen.com.br/"},"geometry":{"type":"Point","coordinates":[-51.2089887,-30.0368176]}},{"type":"Feature","properties":{"Ambiente":"NÃO INFORMADO","Startup":"AgroKapital","Estágio":"Validação","Segmento":"Consultorias e Treinamentos","Vertical":"AgTech","Relação com o Mercado":"B2B","Modelo de Negócio":"Transação","Cidade":"Santa Maria","Região":"Central","Link":""},"geometry":{"type":"Point","coordinates":[-53.7923441,-29.6894984]}},{"type":"Feature","properties":{"Ambiente":"TECNOPUC","Startup":"AGROPAGO","Estágio":"Crescimento","Segmento":"Agronegócio","Vertical":"AgTech","Relação com o Mercado":"B2B","Modelo de Negócio":"SaaS","Cidade":"Porto Alegre","Região":"Metropolitana e Litoral Norte","Link":"https://www.agropago.com.br/"},"geometry":{"type":"Point","coordinates":[-51.2089887,-30.0368176]}},{"type":"Feature","properties":{"Ambiente":"VENTIUR","Startup":"AGROPAGO","Estágio":"Crescimento","Segmento":"Agronegócio","Vertical":"AgTech","Relação com o Mercado":"B2B","Modelo de Negócio":"SaaS","Cidade":"Porto Alegre","Região":"Metropolitana e Litoral Norte","Link":"https://www.agropago.com.br/"},"geometry":{"type":"Point","coordinates":[-51.2089887,-30.0368176]}},{"type":"Feature","properties":{"Ambiente":"NÃO INFORMADO","Startup":"AGROtags","Estágio":"Validação","Segmento":"Agronegócio","Vertical":"AgTech","Relação com o Mercado":"B2B2C","Modelo de Negócio":"Outro","Cidade":"Pelotas","Região":"Sul","Link":"https://agrotags.webnode.page/"},"geometry":{"type":"Point","coordinates":[-52.3313342,-31.7700081]}},{"type":"Feature","properties":{"Ambiente":"NÃO INFORMADO","Startup":"Agroteams - Escola do Campo","Estágio":"Crescimento","Segmento":"Consultorias e Treinamentos","Vertical":"AgTech","Relação com o Mercado":"B2B e B2C","Modelo de Negócio":"Não Informado","Cidade":"Santana do Livramento","Região":"Campanha e Fronteira Oeste","Link":"https://www.linkedin.com/company/agroteams/"},"geometry":{"type":"Point","coordinates":[-55.5264082,-30.8880817]}},{"type":"Feature","properties":{"Ambiente":"NÃO INFORMADO","Startup":"AgroVantagens","Estágio":"Validação","Segmento":"Agronegócio","Vertical":"AgTech","Relação com o Mercado":"B2B","Modelo de Negócio":"Não Informado","Cidade":"Caxias do Sul","Região":"Serra Gaúcha","Link":"https://agrovantagens.com/"},"geometry":{"type":"Point","coordinates":[-51.1812032,-29.1740137]}},{"type":"Feature","properties":{"Ambiente":"ALIANÇA EMPRESARIAL","Startup":"ÁGUA CONECTADA","Estágio":"Validação","Segmento":"Meio Ambiente e Sustentabilidade","Vertical":"SustenTech","Relação com o Mercado":"B2C e B2G","Modelo de Negócio":"Custo por Aquisição","Cidade":"Passo Fundo","Região":"Produção e Norte","Link":"https://aguaconectada.com.br/"},"geometry":{"type":"Point","coordinates":[-52.4102752,-28.2622705]}},{"type":"Feature","properties":{"Ambiente":"TECNOPUC","Startup":"ÁGUA CONECTADA","Estágio":"Validação","Segmento":"Meio Ambiente e Sustentabilidade","Vertical":"SustenTech","Relação com o Mercado":"B2C e B2G","Modelo de Negócio":"Custo por Aquisição","Cidade":"Passo Fundo","Região":"Produção e Norte","Link":"https://aguaconectada.com.br/"},"geometry":{"type":"Point","coordinates":[-52.4102752,-28.2622705]}},{"type":"Feature","properties":{"Ambiente":"NÃO INFORMADO","Startup":"Águia Assessoria Comercial","Estágio":"Crescimento","Segmento":"Consultorias e Treinamentos","Vertical":"RegTech","Relação com o Mercado":"B2B","Modelo de Negócio":"Não Informado","Cidade":"Porto Alegre","Região":"Metropolitana e Litoral Norte","Link":"https://www.aguiassessoria.com.br/"},"geometry":{"type":"Point","coordinates":[-51.2089887,-30.0368176]}},{"type":"Feature","properties":{"Ambiente":"NÃO INFORMADO","Startup":"AI Managers","Estágio":"Crescimento","Segmento":"IA (Inteligência Artificial)","Vertical":"MarTech","Relação com o Mercado":"B2B","Modelo de Negócio":"Assinatura","Cidade":"Santa Maria","Região":"Central","Link":"https://www.aimanagers.club/"},"geometry":{"type":"Point","coordinates":[-53.7923441,-29.6894984]}},{"type":"Feature","properties":{"Ambiente":"TECNOPUC","Startup":"Aidron","Estágio":"Validação","Segmento":"IA (Inteligência Artificial)","Vertical":"ITTech","Relação com o Mercado":"B2B","Modelo de Negócio":"SaaS","Cidade":"Porto Alegre","Região":"Metropolitana e Litoral Norte","Link":"https://aidron.ai"},"geometry":{"type":"Point","coordinates":[-51.2089887,-30.0368176]}},{"type":"Feature","properties":{"Ambiente":"TECNOPUC","Startup":"AIO","Estágio":"Crescimento","Segmento":"Outros","Vertical":"Outras","Relação com o Mercado":"B2B","Modelo de Negócio":"Outro","Cidade":"Porto Alegre","Região":"Metropolitana e Litoral Norte","Link":"http://aio.company"},"geometry":{"type":"Point","coordinates":[-51.2089887,-30.0368176]}},{"type":"Feature","properties":{"Ambiente":"NÃO INFORMADO","Startup":"AIOHUB ","Estágio":"Escala","Segmento":"TI (Tecnologia da Informação)","Vertical":"RetailTech","Relação com o Mercado":"B2B","Modelo de Negócio":"Não Informado","Cidade":"São Leopoldo","Região":"Metropolitana e Litoral Norte","Link":"https://www.aiohub.com.br/"},"geometry":{"type":"Point","coordinates":[-51.1480174,-29.7607417]}},{"type":"Feature","properties":{"Ambiente":"NÃO INFORMADO","Startup":"AIORIA SOFTWARE HOUSE","Estágio":"Crescimento","Segmento":"Software e Cloud","Vertical":"ITTech","Relação com o Mercado":"B2B","Modelo de Negócio":"Não Informado","Cidade":"Porto Alegre","Região":"Metropolitana e Litoral Norte","Link":"https://aioria.com.br/"},"geometry":{"type":"Point","coordinates":[-51.2089887,-30.0368176]}},{"type":"Feature","properties":{"Ambiente":"INSTITUTO CALDEIRA","Startup":"AIR ROBOTICS LOCACAO DE DRONES LTDA","Estágio":"Não Informado","Segmento":"Robótica","Vertical":"Outras","Relação com o Mercado":"B2B","Modelo de Negócio":"Não Informado","Cidade":"Porto Alegre","Região":"Metropolitana e Litoral Norte","Link":"https://airrobotics.com.br/"},"geometry":{"type":"Point","coordinates":[-51.2089887,-30.0368176]}},{"type":"Feature","properties":{"Ambiente":"NÃO INFORMADO","Startup":"Airgo","Estágio":"Validação","Segmento":"Marketing e Publicidade","Vertical":"MarTech","Relação com o Mercado":"B2C","Modelo de Negócio":"Transação","Cidade":"Porto Alegre","Região":"Metropolitana e Litoral Norte","Link":"https://www.airgo.com.br/"},"geometry":{"type":"Point","coordinates":[-51.2089887,-30.0368176]}},{"type":"Feature","properties":{"Ambiente":"INSTITUTO CALDEIRA","Startup":"AIRLOCKER","Estágio":"Não Informado","Segmento":"Software e Cloud","Vertical":"Outras","Relação com o Mercado":"B2B","Modelo de Negócio":"Assinatura","Cidade":"Porto Alegre","Região":"Metropolitana e Litoral Norte","Link":"https://www.airlocker.com.br/"},"geometry":{"type":"Point","coordinates":[-51.2089887,-30.0368176]}},{"type":"Feature","properties":{"Ambiente":"TECNOPUC","Startup":"Akademus Redação","Estágio":"Crescimento","Segmento":"Educação e Ensino","Vertical":"EdTech","Relação com o Mercado":"B2B","Modelo de Negócio":"Custo por Aquisição","Cidade":"Porto Alegre","Região":"Metropolitana e Litoral Norte","Link":"https://www.cursoakademus.com/"},"geometry":{"type":"Point","coordinates":[-51.2089887,-30.0368176]}},{"type":"Feature","properties":{"Ambiente":"NÃO INFORMADO","Startup":"AKVO ESG","Estágio":"Validação","Segmento":"Meio Ambiente e Sustentabilidade","Vertical":"GreenTech","Relação com o Mercado":"B2B","Modelo de Negócio":"Não Informado","Cidade":"Erechim","Região":"Produção e Norte","Link":"https://www.akvo-esg.com/"},"geometry":{"type":"Point","coordinates":[-52.2747035,-27.6347491]}},{"type":"Feature","properties":{"Ambiente":"NÃO INFORMADO","Startup":"Alana AI","Estágio":"Validação","Segmento":"TI (Tecnologia da Informação)","Vertical":"ITTech","Relação com o Mercado":"B2B","Modelo de Negócio":"Não Informado","Cidade":"Porto Alegre","Região":"Metropolitana e Litoral Norte","Link":"https://alana.ai/"},"geometry":{"type":"Point","coordinates":[-51.2089887,-30.0368176]}},{"type":"Feature","properties":{"Ambiente":"IFFAR URUGUAIANA","Startup":"Alerta.AÍ","Estágio":"Crescimento","Segmento":"Meio Ambiente e Sustentabilidade","Vertical":"GovTech","Relação com o Mercado":"B2G","Modelo de Negócio":"Pay-per-use","Cidade":"Uruguaiana","Região":"Campanha e Fronteira Oeste","Link":"https://baseconsultoria.com.br/alertaai/cidade/uruguaiana"},"geometry":{"type":"Point","coordinates":[-57.0863393,-29.7584058]}},{"type":"Feature","properties":{"Ambiente":"PRADOTECH","Startup":"ALERTACAR","Estágio":"Crescimento","Segmento":"Automotivo","Vertical":"AutoTech","Relação com o Mercado":"B2B e B2C","Modelo de Negócio":"SaaS","Cidade":"Gravataí","Região":"Metropolitana e Litoral Norte","Link":"https://alertacar.com.br/"},"geometry":{"type":"Point","coordinates":[-50.9947529,-29.9398869]}},{"type":"Feature","properties":{"Ambiente":"SMICT GRAVATAÍ","Startup":"ALERTACAR","Estágio":"Crescimento","Segmento":"Automotivo","Vertical":"AutoTech","Relação com o Mercado":"B2B e B2C","Modelo de Negócio":"SaaS","Cidade":"Gravataí","Região":"Metropolitana e Litoral Norte","Link":"https://alertacar.com.br/"},"geometry":{"type":"Point","coordinates":[-50.9947529,-29.9398869]}},{"type":"Feature","properties":{"Ambiente":"UPF PARQUE","Startup":"ALFA REALIDADE VIRTUAL LTDA","Estágio":"Validação","Segmento":"IA (Inteligência Artificial)","Vertical":"VR/AR Tech","Relação com o Mercado":"B2B2C","Modelo de Negócio":"Não Informado","Cidade":"Passo Fundo","Região":"Produção e Norte","Link":"https://bento.me/alfarealidadevirtualpf"},"geometry":{"type":"Point","coordinates":[-52.4102752,-28.2622705]}},{"type":"Feature","properties":{"Ambiente":"NÃO INFORMADO","Startup":"Alfa Sistemas","Estágio":"Crescimento","Segmento":"Software e Cloud","Vertical":"Outras","Relação com o Mercado":"B2B","Modelo de Negócio":"SaaS","Cidade":"Anta Gorda","Região":"Região dos Vales","Link":"https://alfasistemas.com.br"},"geometry":{"type":"Point","coordinates":[-52.0053823,-28.9723369]}},{"type":"Feature","properties":{"Ambiente":"INSTITUTO CALDEIRA","Startup":"ALFABETIZE-SE EDUCACAO EM SAUDE","Estágio":"Não Informado","Segmento":"Software e Cloud","Vertical":"HealthTech","Relação com o Mercado":"B2B e B2C","Modelo de Negócio":"Não Informado","Cidade":"Porto Alegre","Região":"Metropolitana e Litoral Norte","Link":"http://www.rssaude.com.br/"},"geometry":{"type":"Point","coordinates":[-51.2089887,-30.0368176]}},{"type":"Feature","properties":{"Ambiente":"NÃO INFORMADO","Startup":"AlgaSul Biotecologia de Microalgas","Estágio":"Crescimento","Segmento":"Saúde e Bem-Estar","Vertical":"BioTech","Relação com o Mercado":"B2B","Modelo de Negócio":"Outro","Cidade":"Rio Grande","Região":"Sul","Link":"https://www.algasul.com.br/"},"geometry":{"type":"Point","coordinates":[-52.1016953,-32.0407893]}},{"type":"Feature","properties":{"Ambiente":"NÃO INFORMADO","Startup":"ALGEN TRATAMENTO DE EFLUENTES","Estágio":"Ideação","Segmento":"Meio Ambiente e Sustentabilidade","Vertical":"GreenTech","Relação com o Mercado":"B2B e B2G","Modelo de Negócio":"Não Informado","Cidade":"Santa Cruz do Sul","Região":"Região dos Vales","Link":"https://www.facebook.com/algenefluentes/"},"geometry":{"type":"Point","coordinates":[-52.4358285,-29.7240622]}},{"type":"Feature","properties":{"Ambiente":"NÃO INFORMADO","Startup":"Aliagro","Estágio":"Validação","Segmento":"Agronegócio","Vertical":"AgTech","Relação com o Mercado":"B2B","Modelo de Negócio":"Não Informado","Cidade":"Santa Maria","Região":"Central","Link":""},"geometry":{"type":"Point","coordinates":[-53.7923441,-29.6894984]}},{"type":"Feature","properties":{"Ambiente":"NÃO INFORMADO","Startup":"aliainclui","Estágio":"Crescimento","Segmento":"Acessibilidade e Inclusão","Vertical":"Inovação Social","Relação com o Mercado":"B2B","Modelo de Negócio":"Não Informado","Cidade":"Caxias do Sul","Região":"Serra Gaúcha","Link":"https://www.aliainclui.com.br/"},"geometry":{"type":"Point","coordinates":[-51.1812032,-29.1740137]}},{"type":"Feature","properties":{"Ambiente":"NÃO INFORMADO","Startup":"ALL PROTEIN","Estágio":"Crescimento","Segmento":"Alimentos e Bebidas","Vertical":"Foodtech","Relação com o Mercado":"B2C","Modelo de Negócio":"E-commerce","Cidade":"Porto Alegre","Região":"Metropolitana e Litoral Norte","Link":"https://loja.allprotein.com.br/"},"geometry":{"type":"Point","coordinates":[-51.2089887,-30.0368176]}},{"type":"Feature","properties":{"Ambiente":"VENTIUR","Startup":"Allexo","Estágio":"Crescimento","Segmento":"Engenharia e Indústria Geral","Vertical":"IndTech","Relação com o Mercado":"B2B","Modelo de Negócio":"SaaS","Cidade":"Porto Alegre","Região":"Metropolitana e Litoral Norte","Link":"http://allexo.com.br/"},"geometry":{"type":"Point","coordinates":[-51.2089887,-30.0368176]}},{"type":"Feature","properties":{"Ambiente":"HORIZONTE FAHOR","Startup":"AllMenu","Estágio":"Ideação","Segmento":"Alimentos e Bebidas","Vertical":"FoodTech","Relação com o Mercado":"B2C","Modelo de Negócio":"Assinatura","Cidade":"Horizontina","Região":"Noroeste e Missões","Link":""},"geometry":{"type":"Point","coordinates":[-54.3059728,-27.628239]}},{"type":"Feature","properties":{"Ambiente":"VENTIUR","Startup":"Alloy","Estágio":"Crescimento","Segmento":"Comércio e Varejo","Vertical":"FoodTech","Relação com o Mercado":"B2B","Modelo de Negócio":"SaaS","Cidade":"Santa Maria","Região":"Central","Link":"https://www.alloy.al/"},"geometry":{"type":"Point","coordinates":[-53.7923441,-29.6894984]}},{"type":"Feature","properties":{"Ambiente":"NÃO INFORMADO","Startup":"Allps","Estágio":"Crescimento","Segmento":"Serviços","Vertical":"Foodtech","Relação com o Mercado":"B2B","Modelo de Negócio":"Não Informado","Cidade":"Caxias do Sul","Região":"Serra Gaúcha","Link":"https://www.allps.com.br/"},"geometry":{"type":"Point","coordinates":[-51.1812032,-29.1740137]}},{"type":"Feature","properties":{"Ambiente":"NÃO INFORMADO","Startup":"ALLTO DIGITAL","Estágio":"Crescimento","Segmento":"Software e Cloud","Vertical":"ITTech","Relação com o Mercado":"B2B","Modelo de Negócio":"Não Informado","Cidade":"Novo Hamburgo","Região":"Metropolitana e Litoral Norte","Link":"https://allto.digital/"},"geometry":{"type":"Point","coordinates":[-51.1337471,-29.683463]}},{"type":"Feature","properties":{"Ambiente":"STARTS-HCPA","Startup":"ALORA","Estágio":"Validação","Segmento":"Saúde e Bem-Estar","Vertical":"HealthTech","Relação com o Mercado":"B2B2C","Modelo de Negócio":"Custo por Aquisição","Cidade":"Porto Alegre","Região":"Metropolitana e Litoral Norte","Link":"https://www.aloracosmeticos.com.br/"},"geometry":{"type":"Point","coordinates":[-51.2089887,-30.0368176]}},{"type":"Feature","properties":{"Ambiente":"TECNOPUC","Startup":"ALORA","Estágio":"Validação","Segmento":"Saúde e Bem-Estar","Vertical":"HealthTech","Relação com o Mercado":"B2B2C","Modelo de Negócio":"Custo por Aquisição","Cidade":"Porto Alegre","Região":"Metropolitana e Litoral Norte","Link":"https://www.aloracosmeticos.com.br"},"geometry":{"type":"Point","coordinates":[-51.2089887,-30.0368176]}},{"type":"Feature","properties":{"Ambiente":"IECBIOT UFRGS","Startup":"Alostérica Biotecnologia Ltda.","Estágio":"Validação","Segmento":"Biotecnologia","Vertical":"BioTech","Relação com o Mercado":"B2C","Modelo de Negócio":"Não Informado","Cidade":"Porto Alegre","Região":"Metropolitana e Litoral Norte","Link":""},"geometry":{"type":"Point","coordinates":[-51.2089887,-30.0368176]}},{"type":"Feature","properties":{"Ambiente":"ALIANÇA EMPRESARIAL","Startup":"ALPHUB","Estágio":"Ideação","Segmento":"Serviços","Vertical":"ITTech","Relação com o Mercado":"B2B","Modelo de Negócio":"Não Informado","Cidade":"Passo Fundo","Região":"Produção e Norte","Link":"https://alphub.com.br/"},"geometry":{"type":"Point","coordinates":[-52.4102752,-28.2622705]}},{"type":"Feature","properties":{"Ambiente":"NÃO INFORMADO","Startup":"Alright AdTech Company","Estágio":"Escala","Segmento":"Marketing e Publicidade","Vertical":"MarTech","Relação com o Mercado":"B2B","Modelo de Negócio":"Não Informado","Cidade":"Porto Alegre","Região":"Metropolitana e Litoral Norte","Link":"https://alright.com.br/"},"geometry":{"type":"Point","coordinates":[-51.2089887,-30.0368176]}},{"type":"Feature","properties":{"Ambiente":"NÃO INFORMADO","Startup":"Altervision","Estágio":"Crescimento","Segmento":"Comércio e Varejo","Vertical":"MarTech","Relação com o Mercado":"B2B","Modelo de Negócio":"Não Informado","Cidade":"Porto Alegre","Região":"Metropolitana e Litoral Norte","Link":"https://www.altervision.com.br/"},"geometry":{"type":"Point","coordinates":[-51.2089887,-30.0368176]}},{"type":"Feature","properties":{"Ambiente":"ALIANÇA EMPRESARIAL","Startup":"ALUGA MAIS","Estágio":"Escala","Segmento":"Serviços","Vertical":"PropTech","Relação com o Mercado":"B2B2C","Modelo de Negócio":"Não Informado","Cidade":"Passo Fundo","Região":"Produção e Norte","Link":"https://www.alugamaisapp.com.br/"},"geometry":{"type":"Point","coordinates":[-52.4102752,-28.2622705]}},{"type":"Feature","properties":{"Ambiente":"TECNOVATES","Startup":"ALVAP ENGENHARIA LTDA","Estágio":"Crescimento","Segmento":"Engenharia e Indústria Geral","Vertical":"Outras","Relação com o Mercado":"B2B e B2C","Modelo de Negócio":"Transação","Cidade":"Lajeado","Região":"Região dos Vales","Link":"https://www.alvap.com.br/"},"geometry":{"type":"Point","coordinates":[-51.9679026,-29.4606311]}},{"type":"Feature","properties":{"Ambiente":"NÃO INFORMADO","Startup":"ALVO DIGITAL","Estágio":"Escala","Segmento":"TI (Tecnologia da Informação)","Vertical":"ITTech","Relação com o Mercado":"B2B","Modelo de Negócio":"Não Informado","Cidade":"São Leopoldo","Região":"Metropolitana e Litoral Norte","Link":"https://grupoalvodigital.com/"},"geometry":{"type":"Point","coordinates":[-51.1480174,-29.7607417]}},{"type":"Feature","properties":{"Ambiente":"NÃO INFORMADO","Startup":"Ambiotec - Meio Ambiente e Tecnologia","Estágio":"Validação","Segmento":"Meio Ambiente e Sustentabilidade","Vertical":"GreenTech","Relação com o Mercado":"B2B","Modelo de Negócio":"Transação","Cidade":"Porto Alegre","Região":"Metropolitana e Litoral Norte","Link":"https://contatoambiotec.wixsite.com/ambiotec"},"geometry":{"type":"Point","coordinates":[-51.2089887,-30.0368176]}},{"type":"Feature","properties":{"Ambiente":"TECNOPUC","Startup":"Amparo App","Estágio":"Validação","Segmento":"Saúde e Bem-Estar","Vertical":"HealthTech","Relação com o Mercado":"B2B2C","Modelo de Negócio":"Serviços Baseados em Taxas","Cidade":"Porto Alegre","Região":"Metropolitana e Litoral Norte","Link":"http://www.amparoapp.com.br"},"geometry":{"type":"Point","coordinates":[-51.2089887,-30.0368176]}},{"type":"Feature","properties":{"Ambiente":"NÃO INFORMADO","Startup":"Ana Cris Consultoria","Estágio":"Validação","Segmento":"Consultorias e Treinamentos","Vertical":"MarTech","Relação com o Mercado":"B2B","Modelo de Negócio":"Não Informado","Cidade":"Caxias do Sul","Região":"Serra Gaúcha","Link":"https://www.linkedin.com/in/ana-cristina-paulus/"},"geometry":{"type":"Point","coordinates":[-51.1812032,-29.1740137]}},{"type":"Feature","properties":{"Ambiente":"NÃO INFORMADO","Startup":"AnaLu","Estágio":"Validação","Segmento":"Serviços","Vertical":"Outras","Relação com o Mercado":"B2B","Modelo de Negócio":"Não Informado","Cidade":"Cachoeirinha","Região":"Metropolitana e Litoral Norte","Link":"https://analuparcerias.com/"},"geometry":{"type":"Point","coordinates":[-51.0989724,-29.9457416]}},{"type":"Feature","properties":{"Ambiente":"SMICT GRAVATAÍ","Startup":"Anexo Tecnologia","Estágio":"Crescimento","Segmento":"Software e Cloud","Vertical":"ITTech","Relação com o Mercado":"B2B","Modelo de Negócio":"Não Informado","Cidade":"Gravataí","Região":"Metropolitana e Litoral Norte","Link":"https://anexotecnologia.com.br/"},"geometry":{"type":"Point","coordinates":[-50.9947529,-29.9398869]}},{"type":"Feature","properties":{"Ambiente":"NÃO INFORMADO","Startup":"Anima Pocket","Estágio":"Validação","Segmento":"Marketing e Publicidade","Vertical":"MarTech","Relação com o Mercado":"B2C","Modelo de Negócio":"Transação","Cidade":"Porto Alegre","Região":"Metropolitana e Litoral Norte","Link":"https://www.animadomapocket.com.br/"},"geometry":{"type":"Point","coordinates":[-51.2089887,-30.0368176]}},{"type":"Feature","properties":{"Ambiente":"NÃO INFORMADO","Startup":"Anota.AI","Estágio":"Validação","Segmento":"TI (Tecnologia da Informação)","Vertical":"ITTech","Relação com o Mercado":"B2B","Modelo de Negócio":"Transação","Cidade":"Rio Grande","Região":"Sul","Link":"https://anota.ai/home/"},"geometry":{"type":"Point","coordinates":[-52.1016953,-32.0407893]}},{"type":"Feature","properties":{"Ambiente":"NÃO INFORMADO","Startup":"Any3 Gestão","Estágio":"Validação","Segmento":"Financeiro","Vertical":"FinTech","Relação com o Mercado":"B2B e B2C","Modelo de Negócio":"SaaS","Cidade":"Santa Maria","Região":"Central","Link":"https://www.any3.com.br/"},"geometry":{"type":"Point","coordinates":[-53.7923441,-29.6894984]}},{"type":"Feature","properties":{"Ambiente":"CRIATEC UNIJUÍ","Startup":"APC INOVA","Estágio":"Escala","Segmento":"TI (Tecnologia da Informação)","Vertical":"RoboticsTech","Relação com o Mercado":"B2B","Modelo de Negócio":"Custo por Aquisição","Cidade":"Sapiranga","Região":"Metropolitana e Litoral Norte","Link":"https://apcinova.com.br/"},"geometry":{"type":"Point","coordinates":[-51.0024075,-29.6345528]}},{"type":"Feature","properties":{"Ambiente":"NÃO INFORMADO","Startup":"APECATUS","Estágio":"Ideação","Segmento":"Educação e Ensino","Vertical":"EdTech","Relação com o Mercado":"B2G","Modelo de Negócio":"Transação","Cidade":"Santa Cruz do Sul","Região":"Região dos Vales","Link":"https://www.apecatus.com"},"geometry":{"type":"Point","coordinates":[-52.4358285,-29.7240622]}},{"type":"Feature","properties":{"Ambiente":"TECNOUNISC","Startup":"Aplicare","Estágio":"Crescimento","Segmento":"Saúde e Bem-Estar","Vertical":"MedTech","Relação com o Mercado":"B2B","Modelo de Negócio":"SaaS","Cidade":"Santa Cruz do Sul","Região":"Região dos Vales","Link":"https://www.instagram.com/koeppjanine/"},"geometry":{"type":"Point","coordinates":[-52.4358285,-29.7240622]}},{"type":"Feature","properties":{"Ambiente":"NÃO INFORMADO","Startup":"APOIA.se","Estágio":"Validação","Segmento":"Financeiro","Vertical":"FinTech","Relação com o Mercado":"B2B e B2C","Modelo de Negócio":"Assinatura","Cidade":"Porto Alegre","Região":"Metropolitana e Litoral Norte","Link":"https://apoia.se/"},"geometry":{"type":"Point","coordinates":[-51.2089887,-30.0368176]}},{"type":"Feature","properties":{"Ambiente":"NÃO INFORMADO","Startup":"App Consultas","Estágio":"Validação","Segmento":"Saúde e Bem-Estar","Vertical":"HealthTech","Relação com o Mercado":"B2B e B2C","Modelo de Negócio":"Assinatura","Cidade":"Passo Fundo","Região":"Produção e Norte","Link":"https://www.appconsultas.com.br/"},"geometry":{"type":"Point","coordinates":[-52.4102752,-28.2622705]}},{"type":"Feature","properties":{"Ambiente":"NÃO INFORMADO","Startup":"APP MINHA ESCOLA","Estágio":"Ideação","Segmento":"Software e Cloud","Vertical":"EdTech","Relação com o Mercado":"B2B e B2G","Modelo de Negócio":"Não Informado","Cidade":"Caxias do Sul","Região":"Serra Gaúcha","Link":"https://www.appminhaescola.com/"},"geometry":{"type":"Point","coordinates":[-51.1812032,-29.1740137]}},{"type":"Feature","properties":{"Ambiente":"INSTITUTO CALDEIRA","Startup":"APPMAX","Estágio":"Não Informado","Segmento":"Financeiro","Vertical":"FinTech","Relação com o Mercado":"B2B","Modelo de Negócio":"Transação","Cidade":"Porto Alegre","Região":"Metropolitana e Litoral Norte","Link":"https://appmax.com.br/"},"geometry":{"type":"Point","coordinates":[-51.2089887,-30.0368176]}},{"type":"Feature","properties":{"Ambiente":"INSTITUTO CALDEIRA","Startup":"APRIX INDUSTRY SOLUTIONS","Estágio":"Não Informado","Segmento":"Software e Cloud","Vertical":"ITTech","Relação com o Mercado":"B2B","Modelo de Negócio":"Não Informado","Cidade":"Porto Alegre","Região":"Metropolitana e Litoral Norte","Link":"http://www.aprix.com.br"},"geometry":{"type":"Point","coordinates":[-51.2089887,-30.0368176]}},{"type":"Feature","properties":{"Ambiente":"NÃO INFORMADO","Startup":"Aprogend","Estágio":"Ideação","Segmento":"Saúde e Bem-Estar","Vertical":"HealthTech","Relação com o Mercado":"B2C","Modelo de Negócio":"Assinatura","Cidade":"Quaraí","Região":"Campanha e Fronteira Oeste","Link":"https://www.aprogend.com.br/"},"geometry":{"type":"Point","coordinates":[-56.4521532,-30.3799194]}},{"type":"Feature","properties":{"Ambiente":"NÃO INFORMADO","Startup":"Aproveita+","Estágio":"Crescimento","Segmento":"Meio Ambiente e Sustentabilidade","Vertical":"GreenTech","Relação com o Mercado":"B2C","Modelo de Negócio":"Não Informado","Cidade":"Santa Maria","Região":"Central","Link":"https://aproveitamais.lapinf.ufn.edu.br/"},"geometry":{"type":"Point","coordinates":[-53.7923441,-29.6894984]}},{"type":"Feature","properties":{"Ambiente":"NÃO INFORMADO","Startup":"Áquila Saneantes","Estágio":"Escala","Segmento":"Agronegócio","Vertical":"CleanTech","Relação com o Mercado":"B2C","Modelo de Negócio":"Não Informado","Cidade":"Caxias do Sul","Região":"Serra Gaúcha","Link":"https://www.linkedin.com/company/aquilla-saneantes/about/"},"geometry":{"type":"Point","coordinates":[-51.1812032,-29.1740137]}},{"type":"Feature","properties":{"Ambiente":"IECBIOT UFRGS","Startup":"Arborea Biotech Ltda.","Estágio":"Validação","Segmento":"Biotecnologia","Vertical":"BioTech","Relação com o Mercado":"B2B","Modelo de Negócio":"Não Informado","Cidade":"Porto Alegre","Região":"Metropolitana e Litoral Norte","Link":"https://www.arboreabiotech.com/home"},"geometry":{"type":"Point","coordinates":[-51.2089887,-30.0368176]}},{"type":"Feature","properties":{"Ambiente":"ITEC PARK UFN","Startup":"Arbosana","Estágio":"Crescimento","Segmento":"Estética e Beleza","Vertical":"HealthTech","Relação com o Mercado":"B2B e B2C","Modelo de Negócio":"Negócio Socioambiental","Cidade":"Santa Maria","Região":"Central","Link":"https://www.arbosananaturalcare.com.br/"},"geometry":{"type":"Point","coordinates":[-53.7923441,-29.6894984]}},{"type":"Feature","properties":{"Ambiente":"CEI UFRGS","Startup":"ARBRA","Estágio":"Crescimento","Segmento":"Engenharia e Indústria Geral","Vertical":"IndTech","Relação com o Mercado":"B2B","Modelo de Negócio":"Custo por Aquisição","Cidade":"Porto Alegre","Região":"Metropolitana e Litoral Norte","Link":"http://www.arbra.com.br/"},"geometry":{"type":"Point","coordinates":[-51.2089887,-30.0368176]}},{"type":"Feature","properties":{"Ambiente":"TECNOVATES","Startup":"Archipro","Estágio":"Validação","Segmento":"Educação e Ensino","Vertical":"EdTech","Relação com o Mercado":"B2C","Modelo de Negócio":"Assinatura","Cidade":"Lajeado","Região":"Região dos Vales","Link":"https://archipro.com.br/"},"geometry":{"type":"Point","coordinates":[-51.9679026,-29.4606311]}},{"type":"Feature","properties":{"Ambiente":"INSTITUTO CALDEIRA","Startup":"ARCO - ACOES PARA RECICLAGEM E COMPOSTAGEM","Estágio":"Não Informado","Segmento":"Meio Ambiente e Sustentabilidade","Vertical":"EsgTech","Relação com o Mercado":"B2B","Modelo de Negócio":"Não Informado","Cidade":"Porto Alegre","Região":"Metropolitana e Litoral Norte","Link":"https://arcoresiduos.com.br/"},"geometry":{"type":"Point","coordinates":[-51.2089887,-30.0368176]}},{"type":"Feature","properties":{"Ambiente":"NÃO INFORMADO","Startup":"Arion Mais","Estágio":"Ideação","Segmento":"Software e Cloud","Vertical":"AgTech","Relação com o Mercado":"B2G","Modelo de Negócio":"Não Informado","Cidade":"Santa Maria","Região":"Central","Link":""},"geometry":{"type":"Point","coordinates":[-53.7923441,-29.6894984]}},{"type":"Feature","properties":{"Ambiente":"NÃO INFORMADO","Startup":"Arla Marketing","Estágio":"Validação","Segmento":"Marketing e Publicidade","Vertical":"MarTech","Relação com o Mercado":"B2C","Modelo de Negócio":"Não Informado","Cidade":"Campo Bom","Região":"Metropolitana e Litoral Norte","Link":"https://alramarketing.com.br/"},"geometry":{"type":"Point","coordinates":[-51.0613111,-29.6747831]}},{"type":"Feature","properties":{"Ambiente":"TECNOUNISC","Startup":"Armazém.LZ","Estágio":"Crescimento","Segmento":"Meio Ambiente e Sustentabilidade","Vertical":"Impacto Socioambiental","Relação com o Mercado":"B2C","Modelo de Negócio":"Pay-per-use","Cidade":"Santa Cruz do Sul","Região":"Região dos Vales","Link":"https://www.instagram.com/armazem.lz/"},"geometry":{"type":"Point","coordinates":[-52.4358285,-29.7240622]}},{"type":"Feature","properties":{"Ambiente":"NÃO INFORMADO","Startup":"Arnstronic","Estágio":"Ideação","Segmento":"Agronegócio","Vertical":"AgTech","Relação com o Mercado":"B2G","Modelo de Negócio":"Não Informado","Cidade":"Uruguaiana","Região":"Campanha e Fronteira Oeste","Link":"https://arnstronic.com/"},"geometry":{"type":"Point","coordinates":[-57.0863393,-29.7584058]}},{"type":"Feature","properties":{"Ambiente":"NÃO INFORMADO","Startup":"Arpac","Estágio":"Validação","Segmento":"Agronegócio","Vertical":"AgTech","Relação com o Mercado":"B2B","Modelo de Negócio":"Não Informado","Cidade":"Porto Alegre","Região":"Metropolitana e Litoral Norte","Link":"https://arpacdrones.com.br/"},"geometry":{"type":"Point","coordinates":[-51.2089887,-30.0368176]}},{"type":"Feature","properties":{"Ambiente":"NÃO INFORMADO","Startup":"Arquitetos Voluntários","Estágio":"Crescimento","Segmento":"Meio Ambiente e Sustentabilidade","Vertical":"Impacto Socioambiental","Relação com o Mercado":"B2B","Modelo de Negócio":"Não Informado","Cidade":"Porto Alegre","Região":"Metropolitana e Litoral Norte","Link":"https://arquitetosvoluntarios.com.br/"},"geometry":{"type":"Point","coordinates":[-51.2089887,-30.0368176]}},{"type":"Feature","properties":{"Ambiente":"NÃO INFORMADO","Startup":"Arrow Mobility","Estágio":"Escala","Segmento":"Automotivo","Vertical":"AutoTech","Relação com o Mercado":"B2B","Modelo de Negócio":"Transação","Cidade":"Caxias do Sul","Região":"Serra Gaúcha","Link":"https://www.arrowmobility.com.br/"},"geometry":{"type":"Point","coordinates":[-51.1812032,-29.1740137]}},{"type":"Feature","properties":{"Ambiente":"NÃO INFORMADO","Startup":"Artisan Media Display","Estágio":"Validação","Segmento":"Software e Cloud","Vertical":"MarTech","Relação com o Mercado":"B2B e B2C","Modelo de Negócio":"Não Informado","Cidade":"Pelotas","Região":"Sul","Link":"http://www.artisan.app"},"geometry":{"type":"Point","coordinates":[-52.3313342,-31.7700081]}},{"type":"Feature","properties":{"Ambiente":"STARTS-HCPA","Startup":"Artpsy","Estágio":"Ideação","Segmento":"IA (Inteligência Artificial)","Vertical":"HealthTech","Relação com o Mercado":"B2B","Modelo de Negócio":"Assinatura","Cidade":"Porto Alegre","Região":"Metropolitana e Litoral Norte","Link":""},"geometry":{"type":"Point","coordinates":[-51.2089887,-30.0368176]}},{"type":"Feature","properties":{"Ambiente":"NÃO INFORMADO","Startup":"Aschei Soluções Sustentáveis","Estágio":"Ideação","Segmento":"Meio Ambiente e Sustentabilidade","Vertical":"AgTech","Relação com o Mercado":"B2G","Modelo de Negócio":"Não Informado","Cidade":"Porto Alegre","Região":"Metropolitana e Litoral Norte","Link":"https://www.aschei.com.br/"},"geometry":{"type":"Point","coordinates":[-51.2089887,-30.0368176]}},{"type":"Feature","properties":{"Ambiente":"NÃO INFORMADO","Startup":"Astrobranding","Estágio":"Validação","Segmento":"Marketing e Publicidade","Vertical":"MarTech","Relação com o Mercado":"B2B","Modelo de Negócio":"Não Informado","Cidade":"Novo Hamburgo","Região":"Metropolitana e Litoral Norte","Link":"https://www.astrobranding.com.br/"},"geometry":{"type":"Point","coordinates":[-51.1337471,-29.683463]}},{"type":"Feature","properties":{"Ambiente":"NÃO INFORMADO","Startup":"Atendare","Estágio":"Crescimento","Segmento":"Software e Cloud","Vertical":"SalesTech","Relação com o Mercado":"B2B","Modelo de Negócio":"Assinatura","Cidade":"Três de Maio","Região":"Noroeste e Missões","Link":"https://atendare.com/"},"geometry":{"type":"Point","coordinates":[-54.2344607,-27.7841041]}},{"type":"Feature","properties":{"Ambiente":"NÃO INFORMADO","Startup":"Atendo","Estágio":"Crescimento","Segmento":"TI (Tecnologia da Informação)","Vertical":"MarTech","Relação com o Mercado":"B2B","Modelo de Negócio":"SaaS","Cidade":"Porto Alegre","Região":"Metropolitana e Litoral Norte","Link":"https://www.atendo.com"},"geometry":{"type":"Point","coordinates":[-51.2089887,-30.0368176]}},{"type":"Feature","properties":{"Ambiente":"NÃO INFORMADO","Startup":"Athena Agro","Estágio":"Ideação","Segmento":"Agronegócio","Vertical":"AgTech","Relação com o Mercado":"B2G","Modelo de Negócio":"Não Informado","Cidade":"Passo Fundo","Região":"Produção e Norte","Link":"https://alpina.digital/athena-agro/"},"geometry":{"type":"Point","coordinates":[-52.4102752,-28.2622705]}},{"type":"Feature","properties":{"Ambiente":"NÃO INFORMADO","Startup":"Atlas Technologies","Estágio":"Validação","Segmento":"RH e Coaching","Vertical":"ITTech","Relação com o Mercado":"B2B e B2C","Modelo de Negócio":"Não Informado","Cidade":"Pelotas","Região":"Sul","Link":"https://www.inhire.com.br/carreiras/atlastechnol/"},"geometry":{"type":"Point","coordinates":[-52.3313342,-31.7700081]}},{"type":"Feature","properties":{"Ambiente":"PULSAR","Startup":"Auftek","Estágio":"Crescimento","Segmento":"Hardware e Eletrônicos","Vertical":"DeepTech","Relação com o Mercado":"B2B e B2G","Modelo de Negócio":"Transação","Cidade":"Santa Maria","Região":"Central","Link":"https://auftek.com/"},"geometry":{"type":"Point","coordinates":[-53.7923441,-29.6894984]}},{"type":"Feature","properties":{"Ambiente":"INSTITUTO CALDEIRA","Startup":"AUGEN ENGENHARIA S.A.","Estágio":"Não Informado","Segmento":"Engenharia e Indústria Geral","Vertical":"HardTech","Relação com o Mercado":"B2B","Modelo de Negócio":"Não Informado","Cidade":"Rio Grande","Região":"Sul","Link":"https://augenengenharia.com/"},"geometry":{"type":"Point","coordinates":[-52.1016953,-32.0407893]}},{"type":"Feature","properties":{"Ambiente":"NÃO INFORMADO","Startup":"Aulalivre","Estágio":"Crescimento","Segmento":"Educação e Ensino","Vertical":"EdTech","Relação com o Mercado":"B2B e B2C","Modelo de Negócio":"Transação","Cidade":"Porto Alegre","Região":"Metropolitana e Litoral Norte","Link":"https://aulalivre.net/"},"geometry":{"type":"Point","coordinates":[-51.2089887,-30.0368176]}},{"type":"Feature","properties":{"Ambiente":"NÃO INFORMADO","Startup":"Auratech","Estágio":"Ideação","Segmento":"Eventos","Vertical":"EventsTech","Relação com o Mercado":"Não Informado","Modelo de Negócio":"Pay-per-use","Cidade":"Nova Hartz","Região":"Metropolitana e Litoral Norte","Link":""},"geometry":{"type":"Point","coordinates":[-50.903423,-29.5846755]}},{"type":"Feature","properties":{"Ambiente":"NÃO INFORMADO","Startup":"Aurea Tecnologia","Estágio":"Crescimento","Segmento":"Marketing e Publicidade","Vertical":"SalesTech","Relação com o Mercado":"B2B e B2C","Modelo de Negócio":"Não Informado","Cidade":"Porto Alegre","Região":"Metropolitana e Litoral Norte","Link":"https://useaurea.com/"},"geometry":{"type":"Point","coordinates":[-51.2089887,-30.0368176]}},{"type":"Feature","properties":{"Ambiente":"NÃO INFORMADO","Startup":"AuRos Robotics","Estágio":"Ideação","Segmento":"IA (Inteligência Artificial)","Vertical":"AgTech","Relação com o Mercado":"B2G","Modelo de Negócio":"Não Informado","Cidade":"Rio Grande","Região":"Sul","Link":"https://www.linkedin.com/company/auros-robotics/"},"geometry":{"type":"Point","coordinates":[-52.1016953,-32.0407893]}},{"type":"Feature","properties":{"Ambiente":"PULSAR","Startup":"Auster","Estágio":"Crescimento","Segmento":"Agronegócio","Vertical":"AgTech","Relação com o Mercado":"B2C","Modelo de Negócio":"Pay-per-use","Cidade":"Santa Maria","Região":"Central","Link":"https://www.austertecnologia.com/"},"geometry":{"type":"Point","coordinates":[-53.7923441,-29.6894984]}},{"type":"Feature","properties":{"Ambiente":"NÃO INFORMADO","Startup":"Autentique","Estágio":"Crescimento","Segmento":"Outros","Vertical":"RegTech","Relação com o Mercado":"B2B e B2C","Modelo de Negócio":"Não Informado","Cidade":"Erechim","Região":"Produção e Norte","Link":"https://www.autentique.com.br/en"},"geometry":{"type":"Point","coordinates":[-52.2747035,-27.6347491]}},{"type":"Feature","properties":{"Ambiente":"BASE ESPM","Startup":"Autfit","Estágio":"Crescimento","Segmento":"Design","Vertical":"PetTech","Relação com o Mercado":"B2B e B2C","Modelo de Negócio":"E-commerce","Cidade":"Porto Alegre","Região":"Metropolitana e Litoral Norte","Link":"https://www.instagram.com/autfit.eco"},"geometry":{"type":"Point","coordinates":[-51.2089887,-30.0368176]}},{"type":"Feature","properties":{"Ambiente":"NÃO INFORMADO","Startup":"Autofarm (Raptor Advanced Agriculture)","Estágio":"Crescimento","Segmento":"Robótica","Vertical":"AgTech","Relação com o Mercado":"B2B","Modelo de Negócio":"Não Informado","Cidade":"Caxias do Sul","Região":"Serra Gaúcha","Link":"https://www.autofarm.com.br/"},"geometry":{"type":"Point","coordinates":[-51.1812032,-29.1740137]}},{"type":"Feature","properties":{"Ambiente":"ALIANÇA EMPRESARIAL","Startup":"AUTOMASENSOR","Estágio":"Crescimento","Segmento":"Serviços","Vertical":"ITTech","Relação com o Mercado":"B2B","Modelo de Negócio":"Não Informado","Cidade":"Passo Fundo","Região":"Produção e Norte","Link":"https://www.automasensor.com.br/"},"geometry":{"type":"Point","coordinates":[-52.4102752,-28.2622705]}},{"type":"Feature","properties":{"Ambiente":"HORIZONTE FAHOR","Startup":"Automatech","Estágio":"Validação","Segmento":"Outros","Vertical":"IndTech","Relação com o Mercado":"B2G","Modelo de Negócio":"Economia Circular","Cidade":"Horizontina","Região":"Noroeste e Missões","Link":"https://www.instagram.com/automatech_solution/"},"geometry":{"type":"Point","coordinates":[-54.3059728,-27.628239]}},{"type":"Feature","properties":{"Ambiente":"NÃO INFORMADO","Startup":"Autoridade Fitness","Estágio":"Escala","Segmento":"Saúde e Bem-Estar","Vertical":"HealthTech","Relação com o Mercado":"B2B e B2C","Modelo de Negócio":"Assinatura","Cidade":"Porto Alegre","Região":"Metropolitana e Litoral Norte","Link":"http://espaco.autoridadefitness.com/google31/m/"},"geometry":{"type":"Point","coordinates":[-51.2089887,-30.0368176]}},{"type":"Feature","properties":{"Ambiente":"LAB FECOMÉRCIO-RS","Startup":"Avaloki Desenvolvimento Humano","Estágio":"Ideação","Segmento":"Consultorias e Treinamentos","Vertical":"HRTech","Relação com o Mercado":"B2B","Modelo de Negócio":"Não Informado","Cidade":"Nova Petrópolis","Região":"Serra Gaúcha","Link":"https://potenciologia.com.br/"},"geometry":{"type":"Point","coordinates":[-51.1118952,-29.3766026]}},{"type":"Feature","properties":{"Ambiente":"CRIATEC UNIJUÍ","Startup":"Avansee","Estágio":"Ideação","Segmento":"Hardware e Eletrônicos","Vertical":"AgTech","Relação com o Mercado":"B2B2C","Modelo de Negócio":"Custo por Aquisição","Cidade":"Santa Rosa","Região":"Noroeste e Missões","Link":"https://www.facebook.com/avansee.com.br/"},"geometry":{"type":"Point","coordinates":[-54.4797042,-27.8700347]}},{"type":"Feature","properties":{"Ambiente":"NÃO INFORMADO","Startup":"Avant Solar","Estágio":"Validação","Segmento":"Energia","Vertical":"EnergyTech","Relação com o Mercado":"B2B","Modelo de Negócio":"Não Informado","Cidade":"Porto Alegre","Região":"Metropolitana e Litoral Norte","Link":"https://avantsolar.com.br/"},"geometry":{"type":"Point","coordinates":[-51.2089887,-30.0368176]}},{"type":"Feature","properties":{"Ambiente":"NÃO INFORMADO","Startup":"Avantinfo de Software Ltda (Plenus ERP)","Estágio":"Escala","Segmento":"Software e Cloud","Vertical":"Tech Consultancies","Relação com o Mercado":"B2C","Modelo de Negócio":"Não Informado","Cidade":"Caxias do Sul","Região":"Serra Gaúcha","Link":"https://www.plenuserp.com.br/"},"geometry":{"type":"Point","coordinates":[-51.1812032,-29.1740137]}},{"type":"Feature","properties":{"Ambiente":"NÃO INFORMADO","Startup":"AVELA PUBLIC AFFAIRS","Estágio":"Validação","Segmento":"Agronegócio","Vertical":"AgTech","Relação com o Mercado":"B2B","Modelo de Negócio":"Não Informado","Cidade":"Porto Alegre","Região":"Metropolitana e Litoral Norte","Link":"http://observatorio.com.br/"},"geometry":{"type":"Point","coordinates":[-51.2089887,-30.0368176]}},{"type":"Feature","properties":{"Ambiente":"TECNOSINOS","Startup":"AVIWA","Estágio":"Crescimento","Segmento":"Comércio e Varejo","Vertical":"Outras","Relação com o Mercado":"B2B e B2C","Modelo de Negócio":"Transação","Cidade":"São Leopoldo","Região":"Metropolitana e Litoral Norte","Link":"https://www.aviwa.com.br/"},"geometry":{"type":"Point","coordinates":[-51.1480174,-29.7607417]}},{"type":"Feature","properties":{"Ambiente":"NÃO INFORMADO","Startup":"Avus","Estágio":"Crescimento","Segmento":"Saúde e Bem-Estar","Vertical":"HealthTech","Relação com o Mercado":"B2B e B2C","Modelo de Negócio":"Não Informado","Cidade":"Porto Alegre","Região":"Metropolitana e Litoral Norte","Link":"https://www.avus.com.br/avus"},"geometry":{"type":"Point","coordinates":[-51.2089887,-30.0368176]}},{"type":"Feature","properties":{"Ambiente":"INOVABENTO","Startup":"Awin Produtora","Estágio":"Crescimento","Segmento":"Mídia e Comunicação","Vertical":"AdTech","Relação com o Mercado":"B2B2C","Modelo de Negócio":"Outro","Cidade":"Bento Gonçalves","Região":"Serra Gaúcha","Link":"https://www.instagram.com/awinfilm?igsh=MTcxODB4eHNycWJ2dA=="},"geometry":{"type":"Point","coordinates":[-51.5169861,-29.1667089]}},{"type":"Feature","properties":{"Ambiente":"NÃO INFORMADO","Startup":"AWISE","Estágio":"Validação","Segmento":"Software e Cloud","Vertical":"RetailTech","Relação com o Mercado":"B2B","Modelo de Negócio":"Assinatura","Cidade":"Santa Cruz do Sul","Região":"Região dos Vales","Link":"https://www.useawise.com/"},"geometry":{"type":"Point","coordinates":[-52.4358285,-29.7240622]}},{"type":"Feature","properties":{"Ambiente":"NÃO INFORMADO","Startup":"AYGA","Estágio":"Escala","Segmento":"IoT (Internet das Coisas)","Vertical":"ITTech","Relação com o Mercado":"B2B","Modelo de Negócio":"Não Informado","Cidade":"São Leopoldo","Região":"Metropolitana e Litoral Norte","Link":"https://www.ayga.com.br/"},"geometry":{"type":"Point","coordinates":[-51.1480174,-29.7607417]}},{"type":"Feature","properties":{"Ambiente":"NÃO INFORMADO","Startup":"AZ.LEADS","Estágio":"Crescimento","Segmento":"Serviços","Vertical":"MarTech","Relação com o Mercado":"B2B","Modelo de Negócio":"Assinatura","Cidade":"Campo Bom","Região":"Metropolitana e Litoral Norte","Link":"https://www.azleads.com.br/"},"geometry":{"type":"Point","coordinates":[-51.0613111,-29.6747831]}},{"type":"Feature","properties":{"Ambiente":"INSTITUTO CALDEIRA","Startup":"AZAPE","Estágio":"Validação","Segmento":"Blockchain","Vertical":"ITTech","Relação com o Mercado":"B2C","Modelo de Negócio":"Assinatura","Cidade":"Porto Alegre","Região":"Metropolitana e Litoral Norte","Link":"https://azape.co/"},"geometry":{"type":"Point","coordinates":[-51.2089887,-30.0368176]}},{"type":"Feature","properties":{"Ambiente":"PRADOTECH","Startup":"AZAPE","Estágio":"Validação","Segmento":"Blockchain","Vertical":"ITTech","Relação com o Mercado":"B2C","Modelo de Negócio":"Assinatura","Cidade":"Porto Alegre","Região":"Metropolitana e Litoral Norte","Link":"https://azape.co/"},"geometry":{"type":"Point","coordinates":[-51.2089887,-30.0368176]}},{"type":"Feature","properties":{"Ambiente":"NÃO INFORMADO","Startup":"AZU TECNOLOGIA","Estágio":"Validação","Segmento":"Serviços","Vertical":"ITTech","Relação com o Mercado":"B2B e B2C","Modelo de Negócio":"Não Informado","Cidade":"Pelotas","Região":"Sul","Link":"https://azu.digital/"},"geometry":{"type":"Point","coordinates":[-52.3313342,-31.7700081]}},{"type":"Feature","properties":{"Ambiente":"NÃO INFORMADO","Startup":"B2 Inteligência em Cobrança","Estágio":"Escala","Segmento":"Financeiro","Vertical":"FinTech","Relação com o Mercado":"B2B2C","Modelo de Negócio":"SaaS","Cidade":"Santa Maria","Região":"Central","Link":"https://www.linkedin.com/company/b2cobrancas/"},"geometry":{"type":"Point","coordinates":[-53.7923441,-29.6894984]}},{"type":"Feature","properties":{"Ambiente":"NÃO INFORMADO","Startup":"B2B RESERV@S","Estágio":"Crescimento","Segmento":"Software e Cloud","Vertical":"TravelTech","Relação com o Mercado":"B2B","Modelo de Negócio":"Não Informado","Cidade":"Porto Alegre","Região":"Metropolitana e Litoral Norte","Link":"https://www.b2breservas.com.br/"},"geometry":{"type":"Point","coordinates":[-51.2089887,-30.0368176]}},{"type":"Feature","properties":{"Ambiente":"NÃO INFORMADO","Startup":"Baby Click","Estágio":"Crescimento","Segmento":"Saúde e Bem-Estar","Vertical":"HealthTech","Relação com o Mercado":"B2B","Modelo de Negócio":"Não Informado","Cidade":"Porto Alegre","Região":"Metropolitana e Litoral Norte","Link":"https://www.babyclick.com.br/"},"geometry":{"type":"Point","coordinates":[-51.2089887,-30.0368176]}},{"type":"Feature","properties":{"Ambiente":"NÃO INFORMADO","Startup":"Baby On","Estágio":"Validação","Segmento":"Saúde e Bem-Estar","Vertical":"HealthTech","Relação com o Mercado":"B2B","Modelo de Negócio":"Não Informado","Cidade":"Porto Alegre","Região":"Metropolitana e Litoral Norte","Link":"http://www.babyon.io/#/pregnant"},"geometry":{"type":"Point","coordinates":[-51.2089887,-30.0368176]}},{"type":"Feature","properties":{"Ambiente":"NÃO INFORMADO","Startup":"Bae","Estágio":"Validação","Segmento":"TI (Tecnologia da Informação)","Vertical":"ITTech","Relação com o Mercado":"B2C","Modelo de Negócio":"Não Informado","Cidade":"Campo Bom","Região":"Metropolitana e Litoral Norte","Link":"https://baedigital.com.br/"},"geometry":{"type":"Point","coordinates":[-51.0613111,-29.6747831]}},{"type":"Feature","properties":{"Ambiente":"NÃO INFORMADO","Startup":"Balcão Balcão","Estágio":"Crescimento","Segmento":"Logística","Vertical":"LogTech","Relação com o Mercado":"B2B","Modelo de Negócio":"Não Informado","Cidade":"Caxias do Sul","Região":"Serra Gaúcha","Link":"https://www.balcaobalcao.com.br/"},"geometry":{"type":"Point","coordinates":[-51.1812032,-29.1740137]}},{"type":"Feature","properties":{"Ambiente":"NÃO INFORMADO","Startup":"Banco tuo","Estágio":"Crescimento","Segmento":"Financeiro","Vertical":"FinTech","Relação com o Mercado":"B2B","Modelo de Negócio":"Não Informado","Cidade":"Santa Maria","Região":"Central","Link":"https://bancotuo.com.br/"},"geometry":{"type":"Point","coordinates":[-53.7923441,-29.6894984]}},{"type":"Feature","properties":{"Ambiente":"CIDICA","Startup":"BANKBOOK","Estágio":"Crescimento","Segmento":"Educação e Ensino","Vertical":"EdTech","Relação com o Mercado":"B2B e B2C","Modelo de Negócio":"Assinatura","Cidade":"Porto Alegre","Região":"Metropolitana e Litoral Norte","Link":"https://www.bankbook.com.br/"},"geometry":{"type":"Point","coordinates":[-51.2089887,-30.0368176]}},{"type":"Feature","properties":{"Ambiente":"ITACA UFRGS","Startup":"Barriguinha Saudável","Estágio":"Validação","Segmento":"Alimentos e Bebidas","Vertical":"FoodTech","Relação com o Mercado":"B2B","Modelo de Negócio":"Não Informado","Cidade":"Porto Alegre","Região":"Metropolitana e Litoral Norte","Link":"https://www.instagram.com/barriguinha.saudavel/"},"geometry":{"type":"Point","coordinates":[-51.2089887,-30.0368176]}},{"type":"Feature","properties":{"Ambiente":"NÃO INFORMADO","Startup":"BarumTech","Estágio":"Crescimento","Segmento":"Consultorias e Treinamentos","Vertical":"AdTech","Relação com o Mercado":"B2B e B2C","Modelo de Negócio":"Advertising","Cidade":"Porto Alegre","Região":"Metropolitana e Litoral Norte","Link":"https://www.instagram.com/barumtech"},"geometry":{"type":"Point","coordinates":[-51.2089887,-30.0368176]}},{"type":"Feature","properties":{"Ambiente":"NÃO INFORMADO","Startup":"Base Agro Soluções com Drones","Estágio":"Crescimento","Segmento":"Agronegócio","Vertical":"HardTech","Relação com o Mercado":"B2B e B2G","Modelo de Negócio":"Assinatura","Cidade":"Cachoeirinha","Região":"Metropolitana e Litoral Norte","Link":"https://www.instagram.com/baseagro_rs/"},"geometry":{"type":"Point","coordinates":[-51.0989724,-29.9457416]}},{"type":"Feature","properties":{"Ambiente":"LAB FECOMÉRCIO-RS","Startup":"Basic","Estágio":"Ideação","Segmento":"Serviços","Vertical":"Não Informado","Relação com o Mercado":"B2B","Modelo de Negócio":"Não Informado","Cidade":"São Leopoldo","Região":"Metropolitana e Litoral Norte","Link":"https://www.instagram.com/basic.femtech"},"geometry":{"type":"Point","coordinates":[-51.1480174,-29.7607417]}},{"type":"Feature","properties":{"Ambiente":"NÃO INFORMADO","Startup":"Bazk","Estágio":"Crescimento","Segmento":"Software e Cloud","Vertical":"FinTech","Relação com o Mercado":"B2B2C","Modelo de Negócio":"Não Informado","Cidade":"Porto Alegre","Região":"Metropolitana e Litoral Norte","Link":"https://www.bazk.com/pt/home"},"geometry":{"type":"Point","coordinates":[-51.2089887,-30.0368176]}},{"type":"Feature","properties":{"Ambiente":"INSTITUTO CALDEIRA","Startup":"BE220","Estágio":"Não Informado","Segmento":"Software e Cloud","Vertical":"ITTech","Relação com o Mercado":"B2B","Modelo de Negócio":"Não Informado","Cidade":"Porto Alegre","Região":"Metropolitana e Litoral Norte","Link":"https://be220.com/"},"geometry":{"type":"Point","coordinates":[-51.2089887,-30.0368176]}},{"type":"Feature","properties":{"Ambiente":"TECNOPUC","Startup":"Beasybox","Estágio":"Validação","Segmento":"TI (Tecnologia da Informação)","Vertical":"ITTech","Relação com o Mercado":"B2B","Modelo de Negócio":"SaaS","Cidade":"Porto Alegre","Região":"Metropolitana e Litoral Norte","Link":"https://beasybox.com/"},"geometry":{"type":"Point","coordinates":[-51.2089887,-30.0368176]}},{"type":"Feature","properties":{"Ambiente":"NÃO INFORMADO","Startup":"BEE FREE APP","Estágio":"Validação","Segmento":"Saúde e Bem-Estar","Vertical":"BeautyTech","Relação com o Mercado":"B2B e B2C","Modelo de Negócio":"Não Informado","Cidade":"Porto Alegre","Região":"Metropolitana e Litoral Norte","Link":"https://jinn.com.br/project/beefree-app/"},"geometry":{"type":"Point","coordinates":[-51.2089887,-30.0368176]}},{"type":"Feature","properties":{"Ambiente":"NÃO INFORMADO","Startup":"Bee Touch","Estágio":"Escala","Segmento":"Saúde e Bem-Estar","Vertical":"HealthTech","Relação com o Mercado":"B2B2C","Modelo de Negócio":"Não Informado","Cidade":"Porto Alegre","Região":"Metropolitana e Litoral Norte","Link":"https://beetouch.com.br/"},"geometry":{"type":"Point","coordinates":[-51.2089887,-30.0368176]}},{"type":"Feature","properties":{"Ambiente":"INSTITUTO CALDEIRA","Startup":"BEEFLOW","Estágio":"Escala","Segmento":"Bigdata","Vertical":"ITTech","Relação com o Mercado":"B2B","Modelo de Negócio":"SaaS","Cidade":"São Leopoldo","Região":"Metropolitana e Litoral Norte","Link":"https://www.beeflow.io/"},"geometry":{"type":"Point","coordinates":[-51.1480174,-29.7607417]}},{"type":"Feature","properties":{"Ambiente":"TECNOSINOS","Startup":"BEEFLOW","Estágio":"Escala","Segmento":"Bigdata","Vertical":"ITTech","Relação com o Mercado":"B2B","Modelo de Negócio":"SaaS","Cidade":"São Leopoldo","Região":"Metropolitana e Litoral Norte","Link":"https://www.beeflow.io/"},"geometry":{"type":"Point","coordinates":[-51.1480174,-29.7607417]}},{"type":"Feature","properties":{"Ambiente":"NÃO INFORMADO","Startup":"beeIT","Estágio":"Validação","Segmento":"TI (Tecnologia da Informação)","Vertical":"HealthTech","Relação com o Mercado":"B2C","Modelo de Negócio":"Não Informado","Cidade":"Porto Alegre","Região":"Metropolitana e Litoral Norte","Link":"https://www.beeit.com.br/"},"geometry":{"type":"Point","coordinates":[-51.2089887,-30.0368176]}},{"type":"Feature","properties":{"Ambiente":"NÃO INFORMADO","Startup":"Beemob","Estágio":"Crescimento","Segmento":"Software e Cloud","Vertical":"PropTech","Relação com o Mercado":"B2B","Modelo de Negócio":"Marketplace","Cidade":"Porto Alegre","Região":"Metropolitana e Litoral Norte","Link":"https://beemob.app/"},"geometry":{"type":"Point","coordinates":[-51.2089887,-30.0368176]}},{"type":"Feature","properties":{"Ambiente":"IECBIOT UFRGS","Startup":"Befer Agroindustrial e Comercial Ltda.","Estágio":"Validação","Segmento":"Biotecnologia","Vertical":"BioTech","Relação com o Mercado":"B2B","Modelo de Negócio":"Não Informado","Cidade":"Porto Alegre","Região":"Metropolitana e Litoral Norte","Link":"https://befer.eco.br/"},"geometry":{"type":"Point","coordinates":[-51.2089887,-30.0368176]}},{"type":"Feature","properties":{"Ambiente":"PAMPATEC","Startup":"Beleza TI","Estágio":"Validação","Segmento":"Estética e Beleza","Vertical":"BeautyTech","Relação com o Mercado":"B2C","Modelo de Negócio":"Assinatura","Cidade":"Alegrete","Região":"Campanha e Fronteira Oeste","Link":"https://belezati.com/"},"geometry":{"type":"Point","coordinates":[-55.7936527,-29.7837672]}},{"type":"Feature","properties":{"Ambiente":"TECNOPUC","Startup":"Bem na Venda","Estágio":"Crescimento","Segmento":"Outros","Vertical":"Outras","Relação com o Mercado":"B2B","Modelo de Negócio":"Outro","Cidade":"Porto Alegre","Região":"Metropolitana e Litoral Norte","Link":"https://www.bemnavenda.com.br/"},"geometry":{"type":"Point","coordinates":[-51.2089887,-30.0368176]}},{"type":"Feature","properties":{"Ambiente":"INSTITUTO CALDEIRA","Startup":"BEMP","Estágio":"Não Informado","Segmento":"Saúde e Bem-Estar","Vertical":"BeautyTech","Relação com o Mercado":"B2B","Modelo de Negócio":"Assinatura","Cidade":"Porto Alegre","Região":"Metropolitana e Litoral Norte","Link":"https://bemp.com.br/"},"geometry":{"type":"Point","coordinates":[-51.2089887,-30.0368176]}},{"type":"Feature","properties":{"Ambiente":"TECNOUNISC","Startup":"Bene Sole","Estágio":"Escala","Segmento":"Alimentos e Bebidas","Vertical":"FoodTech","Relação com o Mercado":"B2C","Modelo de Negócio":"Outro","Cidade":"Vale do Sol","Região":"Região dos Vales","Link":"https://www.instagram.com/benesolebioalimentos/"},"geometry":{"type":"Point","coordinates":[-52.6868467,-29.6044536]}},{"type":"Feature","properties":{"Ambiente":"CIEMSUL","Startup":"BENJOY","Estágio":"Validação","Segmento":"Serviços","Vertical":"Outras","Relação com o Mercado":"B2B","Modelo de Negócio":"Outro","Cidade":"Pelotas","Região":"Sul","Link":""},"geometry":{"type":"Point","coordinates":[-52.3313342,-31.7700081]}},{"type":"Feature","properties":{"Ambiente":"NÃO INFORMADO","Startup":"Benkin Solutions","Estágio":"Ideação","Segmento":"Software e Cloud","Vertical":"Fintech","Relação com o Mercado":"B2B e B2C","Modelo de Negócio":"Não Informado","Cidade":"Santa Maria","Região":"Central","Link":"https://www.benkin.com.br/"},"geometry":{"type":"Point","coordinates":[-53.7923441,-29.6894984]}},{"type":"Feature","properties":{"Ambiente":"NÃO INFORMADO","Startup":"Bertic","Estágio":"Validação","Segmento":"Indústria 4.0","Vertical":"IndTech","Relação com o Mercado":"B2B","Modelo de Negócio":"SaaS","Cidade":"Campo Bom","Região":"Metropolitana e Litoral Norte","Link":"https://www.bertic.com"},"geometry":{"type":"Point","coordinates":[-51.0613111,-29.6747831]}},{"type":"Feature","properties":{"Ambiente":"PRADOTECH","Startup":"BESTLINK","Estágio":"Escala","Segmento":"Comércio e Varejo","Vertical":"RetailTech","Relação com o Mercado":"B2B","Modelo de Negócio":"E-commerce","Cidade":"Gravataí","Região":"Metropolitana e Litoral Norte","Link":"https://bestlink.app/"},"geometry":{"type":"Point","coordinates":[-50.9947529,-29.9398869]}},{"type":"Feature","properties":{"Ambiente":"SMICT GRAVATAÍ","Startup":"BESTLINK","Estágio":"Escala","Segmento":"Comércio e Varejo","Vertical":"RetailTech","Relação com o Mercado":"B2B","Modelo de Negócio":"E-commerce","Cidade":"Gravataí","Região":"Metropolitana e Litoral Norte","Link":"https://bestlink.app/"},"geometry":{"type":"Point","coordinates":[-50.9947529,-29.9398869]}},{"type":"Feature","properties":{"Ambiente":"NÃO INFORMADO","Startup":"Beyond Domotics","Estágio":"Crescimento","Segmento":"IOT (Internet das Coisas)","Vertical":"ITTech","Relação com o Mercado":"B2B e B2C","Modelo de Negócio":"Não Informado","Cidade":"Porto Alegre","Região":"Metropolitana e Litoral Norte","Link":"https://www.beyond.dm/"},"geometry":{"type":"Point","coordinates":[-51.2089887,-30.0368176]}},{"type":"Feature","properties":{"Ambiente":"NÃO INFORMADO","Startup":"Bi Machine","Estágio":"Escala","Segmento":"IA (Inteligência Artificial)","Vertical":"ITTech","Relação com o Mercado":"B2B","Modelo de Negócio":"Não Informado","Cidade":"Lajeado","Região":"Região dos Vales","Link":"https://www.bimachine.com.br/"},"geometry":{"type":"Point","coordinates":[-51.9679026,-29.4606311]}},{"type":"Feature","properties":{"Ambiente":"UALL","Startup":"Bíblia-IA: Inteligência Abençoada","Estágio":"Validação","Segmento":"Educação e Ensino","Vertical":"EdTech","Relação com o Mercado":"B2C","Modelo de Negócio":"Assinatura","Cidade":"Bagé","Região":"Campanha e Fronteira Oeste","Link":"https://biblia-ia.com/site/"},"geometry":{"type":"Point","coordinates":[-54.1065079,-31.3332251]}},{"type":"Feature","properties":{"Ambiente":"NÃO INFORMADO","Startup":"Biblioteca Católica","Estágio":"Validação","Segmento":"Comércio e Varejo","Vertical":"EDTech","Relação com o Mercado":"B2B","Modelo de Negócio":"Assinatura","Cidade":"Dois Irmãos","Região":"Metropolitana e Litoral Norte","Link":"https://clube.bibliotecacatolica.com.br/"},"geometry":{"type":"Point","coordinates":[-51.0877223,-29.5883462]}},{"type":"Feature","properties":{"Ambiente":"CRIATEC UNIJUÍ","Startup":"Bicho Natural","Estágio":"Escala","Segmento":"Agronegócio","Vertical":"PetTech","Relação com o Mercado":"B2C","Modelo de Negócio":"Pay-per-use","Cidade":"Santa Rosa","Região":"Noroeste e Missões","Link":"https://www.instagram.com/bichonatural_/"},"geometry":{"type":"Point","coordinates":[-54.4797042,-27.8700347]}},{"type":"Feature","properties":{"Ambiente":"TECNOURI","Startup":"BIGRIVER TECHNOLOGIES LTDA","Estágio":"Crescimento","Segmento":"TI (Tecnologia da Informação)","Vertical":"ITTech","Relação com o Mercado":"B2B2C","Modelo de Negócio":"Advertising","Cidade":"Santo Ângelo","Região":"Noroeste e Missões","Link":"https://bigriver.com.br/"},"geometry":{"type":"Point","coordinates":[-54.2658317,-28.3001866]}},{"type":"Feature","properties":{"Ambiente":"NÃO INFORMADO","Startup":"Bio Ativado Solucoes Ambientais","Estágio":"Crescimento","Segmento":"Meio Ambiente e Sustentabilidade","Vertical":"GreenTech","Relação com o Mercado":"B2B","Modelo de Negócio":"Não Informado","Cidade":"Novo Hamburgo","Região":"Metropolitana e Litoral Norte","Link":"https://www.bioativado.com.br/"},"geometry":{"type":"Point","coordinates":[-51.1337471,-29.683463]}},{"type":"Feature","properties":{"Ambiente":"ITACA UFRGS","Startup":"Bioaddera","Estágio":"Crescimento","Segmento":"Biotecnologia","Vertical":"BioTech","Relação com o Mercado":"B2B","Modelo de Negócio":"E-commerce","Cidade":"Porto Alegre","Região":"Metropolitana e Litoral Norte","Link":"https://www.instagram.com/bioaddera"},"geometry":{"type":"Point","coordinates":[-51.2089887,-30.0368176]}},{"type":"Feature","properties":{"Ambiente":"NÃO INFORMADO","Startup":"BioData - Ciência de Dados","Estágio":"Validação","Segmento":"Agronegócio","Vertical":"AgTech","Relação com o Mercado":"B2B","Modelo de Negócio":"Não Informado","Cidade":"Bagé","Região":"Campanha e Fronteira Oeste","Link":"http://www.biodatascience.com.br/"},"geometry":{"type":"Point","coordinates":[-54.1065079,-31.3332251]}},{"type":"Feature","properties":{"Ambiente":"PULSAR","Startup":"Biodos","Estágio":"Validação","Segmento":"Hardware e Eletrônicos","Vertical":"DeepTech","Relação com o Mercado":"B2B e B2G","Modelo de Negócio":"Outro","Cidade":"Santa Maria","Região":"Central","Link":"https://webapp.biodos.com.br/home"},"geometry":{"type":"Point","coordinates":[-53.7923441,-29.6894984]}},{"type":"Feature","properties":{"Ambiente":"NÃO INFORMADO","Startup":"BioFact74","Estágio":"Crescimento","Segmento":"Agronegócio","Vertical":"BioTech","Relação com o Mercado":"B2B2C","Modelo de Negócio":"Transação","Cidade":"Uruguaiana","Região":"Campanha e Fronteira Oeste","Link":"https://www.instagram.com/biofact_74/"},"geometry":{"type":"Point","coordinates":[-57.0863393,-29.7584058]}},{"type":"Feature","properties":{"Ambiente":"UPF PARQUE","Startup":"BIOFERTAL PESQUISA \nE DESENVOLVIMENTO EXPERIMENTAL LTDA","Estágio":"Validação","Segmento":"Biotecnologia","Vertical":"AgTech","Relação com o Mercado":"B2B2C","Modelo de Negócio":"Não Informado","Cidade":"Passo Fundo","Região":"Produção e Norte","Link":"https://www.instagram.com/biofertal/"},"geometry":{"type":"Point","coordinates":[-52.4102752,-28.2622705]}},{"type":"Feature","properties":{"Ambiente":"NÃO INFORMADO","Startup":"BIOGEN Soluções Biotecnológicas","Estágio":"Crescimento","Segmento":"Meio Ambiente e Sustentabilidade","Vertical":"BioTech","Relação com o Mercado":"B2B2C","Modelo de Negócio":"Outro","Cidade":"Santa Cruz do Sul","Região":"Região dos Vales","Link":"https://www.instagram.com/biogen.solucoesbiotec/"},"geometry":{"type":"Point","coordinates":[-52.4358285,-29.7240622]}},{"type":"Feature","properties":{"Ambiente":"VENTIUR","Startup":"Bioin","Estágio":"Validação","Segmento":"Agronegócio","Vertical":"AgTech","Relação com o Mercado":"B2B","Modelo de Negócio":"Custo por Aquisição","Cidade":"Porto Alegre","Região":"Metropolitana e Litoral Norte","Link":"http://www.bioinagro.com.br/"},"geometry":{"type":"Point","coordinates":[-51.2089887,-30.0368176]}},{"type":"Feature","properties":{"Ambiente":"PULSAR","Startup":"Bionfarm","Estágio":"Validação","Segmento":"Biotecnologia","Vertical":"BioTech","Relação com o Mercado":"B2B","Modelo de Negócio":"Pay-per-use","Cidade":"Santa Maria","Região":"Central","Link":"https://www.bionfarm.com/"},"geometry":{"type":"Point","coordinates":[-53.7923441,-29.6894984]}},{"type":"Feature","properties":{"Ambiente":"PULSAR","Startup":"Bio'on","Estágio":"Validação","Segmento":"Biotecnologia","Vertical":"BioTech","Relação com o Mercado":"B2C","Modelo de Negócio":"E-commerce","Cidade":"Santa Maria","Região":"Central","Link":""},"geometry":{"type":"Point","coordinates":[-53.7923441,-29.6894984]}},{"type":"Feature","properties":{"Ambiente":"IECBIOT UFRGS","Startup":"Bioplix PD&I - Soluções em Transformação Ltda.","Estágio":"Validação","Segmento":"Biotecnologia","Vertical":"BioTech","Relação com o Mercado":"B2B","Modelo de Negócio":"Não Informado","Cidade":"Porto Alegre","Região":"Metropolitana e Litoral Norte","Link":"https://www.bioplix.com.br/"},"geometry":{"type":"Point","coordinates":[-51.2089887,-30.0368176]}},{"type":"Feature","properties":{"Ambiente":"NÃO INFORMADO","Startup":"Bioproduto Multifuncional","Estágio":"Crescimento","Segmento":"Agronegócio","Vertical":"BioTech","Relação com o Mercado":"B2B","Modelo de Negócio":"Não Informado","Cidade":"Pelotas","Região":"Sul","Link":"https://pelotasparquetecnologico.com.br/ecossistema/ecossistema-conectar/"},"geometry":{"type":"Point","coordinates":[-52.3313342,-31.7700081]}},{"type":"Feature","properties":{"Ambiente":"CONECTAR","Startup":"BIOSCIENT","Estágio":"Validação","Segmento":"Biotecnologia","Vertical":"BioTech","Relação com o Mercado":"B2B","Modelo de Negócio":"SaaS","Cidade":"Pelotas","Região":"Sul","Link":"https://www.bioscient.com.br/"},"geometry":{"type":"Point","coordinates":[-52.3313342,-31.7700081]}},{"type":"Feature","properties":{"Ambiente":"TECNOSINOS","Startup":"BioSens","Estágio":"Validação","Segmento":"Saúde e Bem-Estar","Vertical":"HealthTech","Relação com o Mercado":"B2B","Modelo de Negócio":"Assinatura","Cidade":"São Leopoldo","Região":"Metropolitana e Litoral Norte","Link":"https://www.biosens.tech/"},"geometry":{"type":"Point","coordinates":[-51.1480174,-29.7607417]}},{"type":"Feature","properties":{"Ambiente":"VENTIUR","Startup":"BioSens","Estágio":"Validação","Segmento":"Saúde e Bem-Estar","Vertical":"HealthTech","Relação com o Mercado":"B2B","Modelo de Negócio":"Assinatura","Cidade":"São Leopoldo","Região":"Metropolitana e Litoral Norte","Link":"https://www.biosens.tech/"},"geometry":{"type":"Point","coordinates":[-51.1480174,-29.7607417]}},{"type":"Feature","properties":{"Ambiente":"NÃO INFORMADO","Startup":"BIOSETA SAUDE AMBIENTAL","Estágio":"Escala","Segmento":"Consultorias e Treinamentos","Vertical":"GreenTech","Relação com o Mercado":"B2B e B2C","Modelo de Negócio":"Não Informado","Cidade":"Esteio","Região":"Metropolitana e Litoral Norte","Link":"https://bioseta.com.br/"},"geometry":{"type":"Point","coordinates":[-51.1745813,-29.8464418]}},{"type":"Feature","properties":{"Ambiente":"ITEC/UCS","Startup":"Biosink","Estágio":"Não Informado","Segmento":"Biotecnologia","Vertical":"BioTech","Relação com o Mercado":"B2B","Modelo de Negócio":"Não Informado","Cidade":"Caxias do Sul","Região":"Serra Gaúcha","Link":"https://www.biosink.com.br/"},"geometry":{"type":"Point","coordinates":[-51.1812032,-29.1740137]}},{"type":"Feature","properties":{"Ambiente":"NÃO INFORMADO","Startup":"BIOSYS GERENCIAMENTO DE RESÍDUOS","Estágio":"Escala","Segmento":"Meio Ambiente e Sustentabilidade","Vertical":"GreenTech","Relação com o Mercado":"B2B","Modelo de Negócio":"Não Informado","Cidade":"São Sebastião do Caí","Região":"Metropolitana e Litoral Norte","Link":"https://www.biosysambiental.com.br/"},"geometry":{"type":"Point","coordinates":[-51.3760941,-29.5910554]}},{"type":"Feature","properties":{"Ambiente":"CRIATEC UNIJUÍ","Startup":"BIOTECNO","Estágio":"Escala","Segmento":"Saúde e Bem-Estar","Vertical":"HealthTech","Relação com o Mercado":"B2B","Modelo de Negócio":"Pay-per-use","Cidade":"Santa Rosa","Região":"Noroeste e Missões","Link":"https://www.biotecno.com.br/"},"geometry":{"type":"Point","coordinates":[-54.4797042,-27.8700347]}},{"type":"Feature","properties":{"Ambiente":"NÃO INFORMADO","Startup":"Biscoint.io","Estágio":"Crescimento","Segmento":"Financeiro","Vertical":"FinTech","Relação com o Mercado":"B2B e B2C","Modelo de Negócio":"Não Informado","Cidade":"Porto Alegre","Região":"Metropolitana e Litoral Norte","Link":"https://biscoint.io/"},"geometry":{"type":"Point","coordinates":[-51.2089887,-30.0368176]}},{"type":"Feature","properties":{"Ambiente":"NÃO INFORMADO","Startup":"BL2 LGPD","Estágio":"Crescimento","Segmento":"Consultorias e Treinamentos","Vertical":"RegTech","Relação com o Mercado":"B2B","Modelo de Negócio":"Não Informado","Cidade":"Santa Maria","Região":"Central","Link":"https://www.bl2.org/"},"geometry":{"type":"Point","coordinates":[-53.7923441,-29.6894984]}},{"type":"Feature","properties":{"Ambiente":"NÃO INFORMADO","Startup":"Blaxp","Estágio":"Crescimento","Segmento":"Impacto Socioambiental","Vertical":"Edtech","Relação com o Mercado":"B2B2C","Modelo de Negócio":"Assinatura","Cidade":"Canoas","Região":"Metropolitana e Litoral Norte","Link":"https://www.blaxp.com/"},"geometry":{"type":"Point","coordinates":[-51.1847036,-29.9077898]}},{"type":"Feature","properties":{"Ambiente":"NÃO INFORMADO","Startup":"Bling","Estágio":"Crescimento","Segmento":"Software e Cloud","Vertical":"RetailTech","Relação com o Mercado":"B2B e B2C","Modelo de Negócio":"Assinatura","Cidade":"Bento Gonçalves","Região":"Serra Gaúcha","Link":"https://www.bling.com.br/"},"geometry":{"type":"Point","coordinates":[-51.5169861,-29.1667089]}},{"type":"Feature","properties":{"Ambiente":"NÃO INFORMADO","Startup":"Blix","Estágio":"Validação","Segmento":"TI (Tecnologia da Informação)","Vertical":"ITTech","Relação com o Mercado":"B2B","Modelo de Negócio":"Assinatura","Cidade":"Porto Alegre","Região":"Metropolitana e Litoral Norte","Link":"https://blixtecnologia.com.br/"},"geometry":{"type":"Point","coordinates":[-51.2089887,-30.0368176]}},{"type":"Feature","properties":{"Ambiente":"NÃO INFORMADO","Startup":"Block4connect","Estágio":"Validação","Segmento":"Blockchain","Vertical":"AgTech","Relação com o Mercado":"B2B","Modelo de Negócio":"Não Informado","Cidade":"Caxias do Sul","Região":"Serra Gaúcha","Link":"http://www.b4ch.com.br"},"geometry":{"type":"Point","coordinates":[-51.1812032,-29.1740137]}},{"type":"Feature","properties":{"Ambiente":"TECNOPUC","Startup":"Bmodal Innovative","Estágio":"Crescimento","Segmento":"Serviços","Vertical":"Tech Consultancies","Relação com o Mercado":"B2B","Modelo de Negócio":"Outro","Cidade":"Porto Alegre","Região":"Metropolitana e Litoral Norte","Link":"http://www.bmodal.com.br/"},"geometry":{"type":"Point","coordinates":[-51.2089887,-30.0368176]}},{"type":"Feature","properties":{"Ambiente":"NÃO INFORMADO","Startup":"Boomatech","Estágio":"Escala","Segmento":"Engenharia e Indústria Geral","Vertical":"GreenTech","Relação com o Mercado":"B2B","Modelo de Negócio":"Não Informado","Cidade":"São Marcos","Região":"Serra Gaúcha","Link":"https://boomatech.com.br/"},"geometry":{"type":"Point","coordinates":[-51.0710475,-28.9689549]}},{"type":"Feature","properties":{"Ambiente":"NÃO INFORMADO","Startup":"BOREO","Estágio":"Crescimento","Segmento":"Software e Cloud","Vertical":"ConstruTech","Relação com o Mercado":"B2B","Modelo de Negócio":"Não Informado","Cidade":"São Leopoldo","Região":"Metropolitana e Litoral Norte","Link":"https://www.boreo.com.br/"},"geometry":{"type":"Point","coordinates":[-51.1480174,-29.7607417]}},{"type":"Feature","properties":{"Ambiente":"NÃO INFORMADO","Startup":"Brainex","Estágio":"Validação","Segmento":"Marketing e Publicidade","Vertical":"MarTech","Relação com o Mercado":"B2B","Modelo de Negócio":"Não Informado","Cidade":"Porto Alegre","Região":"Metropolitana e Litoral Norte","Link":"https://brainex.com.br/"},"geometry":{"type":"Point","coordinates":[-51.2089887,-30.0368176]}},{"type":"Feature","properties":{"Ambiente":"NÃO INFORMADO","Startup":"BrewInBox","Estágio":"Crescimento","Segmento":"Engenharia e Indústria Geral","Vertical":"IndTech","Relação com o Mercado":"B2B","Modelo de Negócio":"Não Informado","Cidade":"Porto Alegre","Região":"Metropolitana e Litoral Norte","Link":"https://www.instagram.com/brew.in.box/"},"geometry":{"type":"Point","coordinates":[-51.2089887,-30.0368176]}},{"type":"Feature","properties":{"Ambiente":"NÃO INFORMADO","Startup":"Broto Club","Estágio":"Crescimento","Segmento":"Agronegócio","Vertical":"AgTech","Relação com o Mercado":"B2B e B2C","Modelo de Negócio":"Não Informado","Cidade":"Canoas","Região":"Metropolitana e Litoral Norte","Link":"https://www.clubedobroto.com.br/"},"geometry":{"type":"Point","coordinates":[-51.1847036,-29.9077898]}},{"type":"Feature","properties":{"Ambiente":"NÃO INFORMADO","Startup":"BTi Estratégia","Estágio":"Crescimento","Segmento":"Indústria 4.0","Vertical":"AutoTech","Relação com o Mercado":"B2C","Modelo de Negócio":"Não Informado","Cidade":"Caxias do Sul","Região":"Serra Gaúcha","Link":"https://www.btiestrategica.com.br/"},"geometry":{"type":"Point","coordinates":[-51.1812032,-29.1740137]}},{"type":"Feature","properties":{"Ambiente":"APEME COLAB","Startup":"BUBUYOG","Estágio":"Escala","Segmento":"Engenharia e Indústria Geral","Vertical":"IndTech","Relação com o Mercado":"B2B","Modelo de Negócio":"Marketplace","Cidade":"Garibaldi","Região":"Serra Gaúcha","Link":"https://www.bubuyog.com.br/"},"geometry":{"type":"Point","coordinates":[-51.5232019,-29.2575131]}},{"type":"Feature","properties":{"Ambiente":"INSTITUTO CALDEIRA","Startup":"BUBUYOG","Estágio":"Escala","Segmento":"Engenharia e Indústria Geral","Vertical":"IndTech","Relação com o Mercado":"B2B","Modelo de Negócio":"Marketplace","Cidade":"Garibaldi","Região":"Serra Gaúcha","Link":"https://www.bubuyog.com.br/"},"geometry":{"type":"Point","coordinates":[-51.5232019,-29.2575131]}},{"type":"Feature","properties":{"Ambiente":"IFFAR JAGUARI","Startup":"Buena Onda Agroflorestal","Estágio":"Crescimento","Segmento":"Agronegócio","Vertical":"Climate Tech","Relação com o Mercado":"B2B e B2C","Modelo de Negócio":"Negócio Socioambiental","Cidade":"Jaguari","Região":"Central","Link":"https://www.instagram.com/buenaondaagroflorestal/"},"geometry":{"type":"Point","coordinates":[-54.6856513,-29.4991993]}},{"type":"Feature","properties":{"Ambiente":"NÃO INFORMADO","Startup":"BUENO ELÉTRICA E ENGENHARIA","Estágio":"Crescimento","Segmento":"Consultorias e Treinamentos","Vertical":"EsgTech","Relação com o Mercado":"B2B e B2C","Modelo de Negócio":"Não Informado","Cidade":"Passo Fundo","Região":"Produção e Norte","Link":"https://buenoeletricaeengenharia.com.br/"},"geometry":{"type":"Point","coordinates":[-52.4102752,-28.2622705]}},{"type":"Feature","properties":{"Ambiente":"TECNOPUC","Startup":"Bulzai","Estágio":"Ideação","Segmento":"IA (Inteligência Artificial)","Vertical":"GovTech","Relação com o Mercado":"B2B e B2G","Modelo de Negócio":"Assinatura","Cidade":"Porto Alegre","Região":"Metropolitana e Litoral Norte","Link":"https://www.bulzai.com.br/"},"geometry":{"type":"Point","coordinates":[-51.2089887,-30.0368176]}},{"type":"Feature","properties":{"Ambiente":"NÃO INFORMADO","Startup":"Bunny Box","Estágio":"Crescimento","Segmento":"Educação e Ensino","Vertical":"EdTech","Relação com o Mercado":"B2C","Modelo de Negócio":"E-commerce","Cidade":"Canela","Região":"Serra Gaúcha","Link":""},"geometry":{"type":"Point","coordinates":[-50.8114104,-29.3637682]}},{"type":"Feature","properties":{"Ambiente":"NÃO INFORMADO","Startup":"Buskaki","Estágio":"Crescimento","Segmento":"Logística","Vertical":"LogTech","Relação com o Mercado":"B2B e B2C","Modelo de Negócio":"Transação","Cidade":"Santa Rosa","Região":"Noroeste e Missões","Link":"https://www.facebook.com/buskakientregas/"},"geometry":{"type":"Point","coordinates":[-54.4797042,-27.8700347]}},{"type":"Feature","properties":{"Ambiente":"NÃO INFORMADO","Startup":"Butterfly","Estágio":"Crescimento","Segmento":"Mobilidade","Vertical":"MobTech","Relação com o Mercado":"B2C","Modelo de Negócio":"Não Informado","Cidade":"Caxias do Sul","Região":"Serra Gaúcha","Link":"https://www.instagram.com/butterflypatineteseletricos/"},"geometry":{"type":"Point","coordinates":[-51.1812032,-29.1740137]}},{"type":"Feature","properties":{"Ambiente":"SMICT GRAVATAÍ","Startup":"By Keller","Estágio":"Validação","Segmento":"Consultorias e Treinamentos","Vertical":"IndTech","Relação com o Mercado":"B2B","Modelo de Negócio":"Outro","Cidade":"Gravataí","Região":"Metropolitana e Litoral Norte","Link":"https://bykeller.com/"},"geometry":{"type":"Point","coordinates":[-50.9947529,-29.9398869]}},{"type":"Feature","properties":{"Ambiente":"NÃO INFORMADO","Startup":"ByCrop","Estágio":"Validação","Segmento":"IA (Inteligência Artificial)","Vertical":"AgTech","Relação com o Mercado":"B2B","Modelo de Negócio":"Não Informado","Cidade":"Porto Alegre","Região":"Metropolitana e Litoral Norte","Link":"https://www.bycrop.com.br/"},"geometry":{"type":"Point","coordinates":[-51.2089887,-30.0368176]}},{"type":"Feature","properties":{"Ambiente":"NÃO INFORMADO","Startup":"ByJobs","Estágio":"Validação","Segmento":"Serviços","Vertical":"ImobTech","Relação com o Mercado":"B2B2C","Modelo de Negócio":"Economia Compartilhada","Cidade":"Porto Alegre","Região":"Metropolitana e Litoral Norte","Link":"https://www.byjobs.com.br/ "},"geometry":{"type":"Point","coordinates":[-51.2089887,-30.0368176]}},{"type":"Feature","properties":{"Ambiente":"NÃO INFORMADO","Startup":"C&G Soluções Ambientais","Estágio":"Validação","Segmento":"Meio Ambiente e Sustentabilidade","Vertical":"GreenTech","Relação com o Mercado":"B2B","Modelo de Negócio":"Não Informado","Cidade":"Santa Maria","Região":"Central","Link":""},"geometry":{"type":"Point","coordinates":[-53.7923441,-29.6894984]}},{"type":"Feature","properties":{"Ambiente":"NÃO INFORMADO","Startup":"C3 Conciliar","Estágio":"Crescimento","Segmento":"Financeiro","Vertical":"RegTech","Relação com o Mercado":"B2B e B2C","Modelo de Negócio":"Não Informado","Cidade":"Porto Alegre","Região":"Metropolitana e Litoral Norte","Link":"https://c3conciliar.com/"},"geometry":{"type":"Point","coordinates":[-51.2089887,-30.0368176]}},{"type":"Feature","properties":{"Ambiente":"SMICT GRAVATAÍ","Startup":"Cadastrapet","Estágio":"Validação","Segmento":"Saúde e Bem-Estar","Vertical":"PetTech","Relação com o Mercado":"B2B e B2C","Modelo de Negócio":"Outro","Cidade":"Gravataí","Região":"Metropolitana e Litoral Norte","Link":"https://cadastrapet.vercel.app/links"},"geometry":{"type":"Point","coordinates":[-50.9947529,-29.9398869]}},{"type":"Feature","properties":{"Ambiente":"NÃO INFORMADO","Startup":"CADE MEU FEEDBACK","Estágio":"Crescimento","Segmento":"RH e Coaching","Vertical":"HRTech","Relação com o Mercado":"B2B","Modelo de Negócio":"Não Informado","Cidade":"Torres","Região":"Metropolitana e Litoral Norte","Link":"https://cademeufeedback.com.br/"},"geometry":{"type":"Point","coordinates":[-49.728226,-29.3383976]}},{"type":"Feature","properties":{"Ambiente":"NÃO INFORMADO","Startup":"Cailun","Estágio":"Crescimento","Segmento":"IA (Inteligência Artificial)","Vertical":"ITTech","Relação com o Mercado":"B2B","Modelo de Negócio":"Não Informado","Cidade":"Santo Antônio da Patrulha","Região":"Metropolitana e Litoral Norte","Link":"https://www.cailun.com.br/"},"geometry":{"type":"Point","coordinates":[-50.5236775,-29.8310156]}},{"type":"Feature","properties":{"Ambiente":"NÃO INFORMADO","Startup":"Cake ERP","Estágio":"Crescimento","Segmento":"Software e Cloud","Vertical":"RetailTech","Relação com o Mercado":"B2B","Modelo de Negócio":"Assinatura","Cidade":"Caxias do Sul","Região":"Serra Gaúcha","Link":"https://cakeerp.com/"},"geometry":{"type":"Point","coordinates":[-51.1812032,-29.1740137]}},{"type":"Feature","properties":{"Ambiente":"TECNOUNISC","Startup":"Canabem","Estágio":"Validação","Segmento":"Biotecnologia","Vertical":"BioTech","Relação com o Mercado":"B2B","Modelo de Negócio":"Outro","Cidade":"Santa Cruz do Sul","Região":"Região dos Vales","Link":"https://www.instagram.com/thomas_mschmidt/"},"geometry":{"type":"Point","coordinates":[-52.4358285,-29.7240622]}},{"type":"Feature","properties":{"Ambiente":"NÃO INFORMADO","Startup":"Cange","Estágio":"Crescimento","Segmento":"Produtividade","Vertical":"ITTech","Relação com o Mercado":"B2B e B2G","Modelo de Negócio":"SaaS","Cidade":"Porto Alegre","Região":"Metropolitana e Litoral Norte","Link":"https://www.cange.me/"},"geometry":{"type":"Point","coordinates":[-51.2089887,-30.0368176]}},{"type":"Feature","properties":{"Ambiente":"NÃO INFORMADO","Startup":"Cap Rate","Estágio":"Crescimento","Segmento":"Software e Cloud","Vertical":"FinTech","Relação com o Mercado":"P2P","Modelo de Negócio":"Crowdfunding","Cidade":"Porto Alegre","Região":"Metropolitana e Litoral Norte","Link":"https://caprate.com.br/"},"geometry":{"type":"Point","coordinates":[-51.2089887,-30.0368176]}},{"type":"Feature","properties":{"Ambiente":"NÃO INFORMADO","Startup":"Capataz Gestão da Pecuária Sustentável","Estágio":"Crescimento","Segmento":"Software e Cloud","Vertical":"AgTech","Relação com o Mercado":"B2C","Modelo de Negócio":"Não Informado","Cidade":"Alegrete","Região":"Campanha e Fronteira Oeste","Link":"https://capataz.com.br/"},"geometry":{"type":"Point","coordinates":[-55.7936527,-29.7837672]}},{"type":"Feature","properties":{"Ambiente":"NÃO INFORMADO","Startup":"Capittalx","Estágio":"Crescimento","Segmento":"Financeiro","Vertical":"FinTech","Relação com o Mercado":"B2C","Modelo de Negócio":"Não Informado","Cidade":"Porto Alegre","Região":"Metropolitana e Litoral Norte","Link":"https://capittalx.com/"},"geometry":{"type":"Point","coordinates":[-51.2089887,-30.0368176]}},{"type":"Feature","properties":{"Ambiente":"NÃO INFORMADO","Startup":"Captar TI","Estágio":"Crescimento","Segmento":"Consultorias e Treinamentos","Vertical":"Tech Consultancies","Relação com o Mercado":"B2C","Modelo de Negócio":"Não Informado","Cidade":"Santa Rosa","Região":"Noroeste e Missões","Link":"https://www.linkedin.com/company/captar-ti/"},"geometry":{"type":"Point","coordinates":[-54.4797042,-27.8700347]}},{"type":"Feature","properties":{"Ambiente":"PELOTAS PARQUE","Startup":"Captur","Estágio":"Crescimento","Segmento":"Energia","Vertical":"FinTech","Relação com o Mercado":"B2B","Modelo de Negócio":"Marketplace","Cidade":"Pelotas","Região":"Sul","Link":"https://captur.vc/"},"geometry":{"type":"Point","coordinates":[-52.3313342,-31.7700081]}},{"type":"Feature","properties":{"Ambiente":"VENTIUR","Startup":"Captur","Estágio":"Crescimento","Segmento":"Energia","Vertical":"FinTech","Relação com o Mercado":"B2B","Modelo de Negócio":"Marketplace","Cidade":"Pelotas","Região":"Sul","Link":"https://captur.vc/"},"geometry":{"type":"Point","coordinates":[-52.3313342,-31.7700081]}},{"type":"Feature","properties":{"Ambiente":"NÃO INFORMADO","Startup":"CardioBreath Respiração & Saúde","Estágio":"Ideação","Segmento":"Software e Cloud","Vertical":"HealthTech","Relação com o Mercado":"B2B2C","Modelo de Negócio":"Não Informado","Cidade":"Porto Alegre","Região":"Metropolitana e Litoral Norte","Link":"https://cardiobreath.com/"},"geometry":{"type":"Point","coordinates":[-51.2089887,-30.0368176]}},{"type":"Feature","properties":{"Ambiente":"NÃO INFORMADO","Startup":"CARDUME DIGITAL","Estágio":"Crescimento","Segmento":"Software e Cloud","Vertical":"ITTech","Relação com o Mercado":"B2B e B2C","Modelo de Negócio":"Não Informado","Cidade":"Nova Prata","Região":"Serra Gaúcha","Link":"https://cardume.digital/"},"geometry":{"type":"Point","coordinates":[-51.6084482,-28.7839458]}},{"type":"Feature","properties":{"Ambiente":"INSTITUTO CALDEIRA","Startup":"CARE INTELLIGENCE","Estágio":"Não Informado","Segmento":"Analytics","Vertical":"HealthTech","Relação com o Mercado":"B2B","Modelo de Negócio":"Não Informado","Cidade":"Porto Alegre","Região":"Metropolitana e Litoral Norte","Link":"https://careintelligence.ai/"},"geometry":{"type":"Point","coordinates":[-51.2089887,-30.0368176]}},{"type":"Feature","properties":{"Ambiente":"VENTIUR","Startup":"CargoBank","Estágio":"Escala","Segmento":"Financeiro","Vertical":"FinTech","Relação com o Mercado":"Não Informado","Modelo de Negócio":"Transação","Cidade":"Porto Alegre","Região":"Metropolitana e Litoral Norte","Link":"https://www.cargobank.digital/"},"geometry":{"type":"Point","coordinates":[-51.2089887,-30.0368176]}},{"type":"Feature","properties":{"Ambiente":"SMICT GRAVATAÍ","Startup":"Carimbado","Estágio":"Escala","Segmento":"Jurídico","Vertical":"LegalTech","Relação com o Mercado":"B2B e B2G","Modelo de Negócio":"SaaS","Cidade":"Porto Alegre","Região":"Metropolitana e Litoral Norte","Link":"https://www.carimbado.com/"},"geometry":{"type":"Point","coordinates":[-51.2089887,-30.0368176]}},{"type":"Feature","properties":{"Ambiente":"CIEMSUL","Startup":"CARRINHO PRESSURIZADOR DE BOLAS","Estágio":"Ideação","Segmento":"Engenharia e Indústria Geral","Vertical":"Outras","Relação com o Mercado":"B2B","Modelo de Negócio":"Outro","Cidade":"Pelotas","Região":"Sul","Link":""},"geometry":{"type":"Point","coordinates":[-52.3313342,-31.7700081]}},{"type":"Feature","properties":{"Ambiente":"NÃO INFORMADO","Startup":"Cash2pay","Estágio":"Crescimento","Segmento":"Financeiro","Vertical":"Fintech","Relação com o Mercado":"B2B","Modelo de Negócio":"Não Informado","Cidade":"Guaporé","Região":"Serra Gaúcha","Link":"https://cashtf.com/"},"geometry":{"type":"Point","coordinates":[-51.8901486,-28.8478808]}},{"type":"Feature","properties":{"Ambiente":"BASE ESPM","Startup":"Catalina","Estágio":"Validação","Segmento":"Eventos","Vertical":"Outras","Relação com o Mercado":"B2C","Modelo de Negócio":"E-commerce","Cidade":"Porto Alegre","Região":"Metropolitana e Litoral Norte","Link":"https://www.instagram.com/catalina.com.br/ "},"geometry":{"type":"Point","coordinates":[-51.2089887,-30.0368176]}},{"type":"Feature","properties":{"Ambiente":"NÃO INFORMADO","Startup":"Catavento Meteorologia e Meio Ambiente Ltda","Estágio":"Crescimento","Segmento":"Consultorias e Treinamentos","Vertical":"Climate Tech","Relação com o Mercado":"Não Informado","Modelo de Negócio":"Não Informado","Cidade":"Rio Grande","Região":"Sul","Link":"https://www.cataventometeorologia.com.br/"},"geometry":{"type":"Point","coordinates":[-52.1016953,-32.0407893]}},{"type":"Feature","properties":{"Ambiente":"NÃO INFORMADO","Startup":"CaTECH - Centro de Automações Técnicas","Estágio":"Validação","Segmento":"Indústria 4.0","Vertical":"ITTech","Relação com o Mercado":"B2B e B2C","Modelo de Negócio":"Não Informado","Cidade":"Caxias do Sul","Região":"Serra Gaúcha","Link":""},"geometry":{"type":"Point","coordinates":[-51.1812032,-29.1740137]}},{"type":"Feature","properties":{"Ambiente":"NÃO INFORMADO","Startup":"Catfish Engenharia","Estágio":"Crescimento","Segmento":"Agronegócio","Vertical":"AgTech","Relação com o Mercado":"B2B","Modelo de Negócio":"Não Informado","Cidade":"Vale Verde","Região":"Região dos Vales","Link":"https://www.catfish.eng.br/"},"geometry":{"type":"Point","coordinates":[-52.1860978,-29.7829162]}},{"type":"Feature","properties":{"Ambiente":"BASE ESPM","Startup":"Cedro Grande","Estágio":"Validação","Segmento":"Meio Ambiente e Sustentabilidade","Vertical":"Climate Tech","Relação com o Mercado":"B2B","Modelo de Negócio":"Outro","Cidade":"Porto Alegre","Região":"Metropolitana e Litoral Norte","Link":"https://cedrogrande.com/"},"geometry":{"type":"Point","coordinates":[-51.2089887,-30.0368176]}},{"type":"Feature","properties":{"Ambiente":"INSTITUTO CALDEIRA","Startup":"CELLVA INGREDIENTS LTDA","Estágio":"Não Informado","Segmento":"Meio Ambiente e Sustentabilidade","Vertical":"GreenTech","Relação com o Mercado":"B2B","Modelo de Negócio":"Não Informado","Cidade":"Porto Alegre","Região":"Metropolitana e Litoral Norte","Link":"http://www.cellva.com/"},"geometry":{"type":"Point","coordinates":[-51.2089887,-30.0368176]}},{"type":"Feature","properties":{"Ambiente":"NÃO INFORMADO","Startup":"Central do Boi","Estágio":"Validação","Segmento":"Agronegócio","Vertical":"AgTech","Relação com o Mercado":"B2B2C","Modelo de Negócio":"Não Informado","Cidade":"Porto Alegre","Região":"Metropolitana e Litoral Norte","Link":"https://centraldoboi.com/"},"geometry":{"type":"Point","coordinates":[-51.2089887,-30.0368176]}},{"type":"Feature","properties":{"Ambiente":"PULSAR","Startup":"Chartei","Estágio":"Validação","Segmento":"Educação e Ensino","Vertical":"EdTech","Relação com o Mercado":"B2B","Modelo de Negócio":"Assinatura","Cidade":"Santa Maria","Região":"Central","Link":"https://chartei.com/software-para-quadras"},"geometry":{"type":"Point","coordinates":[-53.7923441,-29.6894984]}},{"type":"Feature","properties":{"Ambiente":"NÃO INFORMADO","Startup":"CHARTPAY","Estágio":"Validação","Segmento":"Financeiro","Vertical":"FinTech","Relação com o Mercado":"B2B","Modelo de Negócio":"Não Informado","Cidade":"Gravataí","Região":"Metropolitana e Litoral Norte","Link":"https://chartpay.com.br"},"geometry":{"type":"Point","coordinates":[-50.9947529,-29.9398869]}},{"type":"Feature","properties":{"Ambiente":"NÃO INFORMADO","Startup":"ChatLabs","Estágio":"Crescimento","Segmento":"Mídia e Comunicação","Vertical":"MarTech","Relação com o Mercado":"B2B","Modelo de Negócio":"Pay-per-use","Cidade":"Pelotas","Região":"Sul","Link":"https://www.chatlabs.com.br/"},"geometry":{"type":"Point","coordinates":[-52.3313342,-31.7700081]}},{"type":"Feature","properties":{"Ambiente":"NÃO INFORMADO","Startup":"Chopp Fácil","Estágio":"Crescimento","Segmento":"Eventos","Vertical":"FoodTech","Relação com o Mercado":"B2B2C","Modelo de Negócio":"Marketplace","Cidade":"Porto Alegre","Região":"Metropolitana e Litoral Norte","Link":"https://choppfacil.com.br/"},"geometry":{"type":"Point","coordinates":[-51.2089887,-30.0368176]}},{"type":"Feature","properties":{"Ambiente":"NÃO INFORMADO","Startup":"Ci Inspire e Captalent","Estágio":"Validação","Segmento":"Estética e Beleza","Vertical":"BeautyTech","Relação com o Mercado":"B2B","Modelo de Negócio":"Não Informado","Cidade":"Porto Alegre","Região":"Metropolitana e Litoral Norte","Link":"https://ciinspire.com.br/"},"geometry":{"type":"Point","coordinates":[-51.2089887,-30.0368176]}},{"type":"Feature","properties":{"Ambiente":"VERSO HABITAT","Startup":"Ciano App","Estágio":"Crescimento","Segmento":"Eventos","Vertical":"EventsTech","Relação com o Mercado":"B2B","Modelo de Negócio":"Assinatura","Cidade":"Gramado","Região":"Serra Gaúcha","Link":"https://ciano.app"},"geometry":{"type":"Point","coordinates":[-50.876435,-29.3745686]}},{"type":"Feature","properties":{"Ambiente":"VENTIUR","Startup":"Ciclano","Estágio":"Escala","Segmento":"Marketing e Publicidade","Vertical":"MediaTech","Relação com o Mercado":"B2B","Modelo de Negócio":"Assinatura","Cidade":"Santa Maria","Região":"Central","Link":"https://ciclano.io/"},"geometry":{"type":"Point","coordinates":[-53.7923441,-29.6894984]}},{"type":"Feature","properties":{"Ambiente":"SMICT GRAVATAÍ","Startup":"Ciclo Gestão de Resíduos","Estágio":"Crescimento","Segmento":"Logística","Vertical":"GreenTech","Relação com o Mercado":"B2B e B2C","Modelo de Negócio":"Assinatura","Cidade":"Gravataí","Região":"Metropolitana e Litoral Norte","Link":"https://ciclo.eco/"},"geometry":{"type":"Point","coordinates":[-50.9947529,-29.9398869]}},{"type":"Feature","properties":{"Ambiente":"VIBEE UNIMED","Startup":"Cíngulo","Estágio":"Escala","Segmento":"Saúde e Bem-Estar","Vertical":"HealthTech","Relação com o Mercado":"B2B e B2C","Modelo de Negócio":"Assinatura","Cidade":"Porto Alegre","Região":"Metropolitana e Litoral Norte","Link":"https://www.cingulo.com/para-voce/"},"geometry":{"type":"Point","coordinates":[-51.2089887,-30.0368176]}},{"type":"Feature","properties":{"Ambiente":"NÃO INFORMADO","Startup":"Claudir Padia Consultoria","Estágio":"Crescimento","Segmento":"Agronegócio","Vertical":"Tech Consultancies","Relação com o Mercado":"B2B","Modelo de Negócio":"Outro","Cidade":"Santa Maria","Região":"Central","Link":""},"geometry":{"type":"Point","coordinates":[-53.7923441,-29.6894984]}},{"type":"Feature","properties":{"Ambiente":"INSTITUTO CALDEIRA","Startup":"CLICK ONLINE","Estágio":"Não Informado","Segmento":"Turismo e Lazer","Vertical":"TurisTech","Relação com o Mercado":"B2B e B2C","Modelo de Negócio":"Não Informado","Cidade":"Porto Alegre","Região":"Metropolitana e Litoral Norte","Link":""},"geometry":{"type":"Point","coordinates":[-51.2089887,-30.0368176]}},{"type":"Feature","properties":{"Ambiente":"NÃO INFORMADO","Startup":"Click Profissional","Estágio":"Crescimento","Segmento":"RH e Coaching","Vertical":"HRTech","Relação com o Mercado":"B2B","Modelo de Negócio":"Não Informado","Cidade":"Passo Fundo","Região":"Produção e Norte","Link":"https://clickprofissional.com.br/"},"geometry":{"type":"Point","coordinates":[-52.4102752,-28.2622705]}},{"type":"Feature","properties":{"Ambiente":"NÃO INFORMADO","Startup":"CLINIA","Estágio":"Validação","Segmento":"IA (Inteligência Artificial)","Vertical":"HealthTech","Relação com o Mercado":"B2B","Modelo de Negócio":"Não Informado","Cidade":"São Leopoldo","Região":"Metropolitana e Litoral Norte","Link":"https://www.clinia.io/"},"geometry":{"type":"Point","coordinates":[-51.1480174,-29.7607417]}},{"type":"Feature","properties":{"Ambiente":"INSTITUTO CALDEIRA","Startup":"CLINICA EXPERTS LTDA","Estágio":"Não Informado","Segmento":"Saúde e Bem-Estar","Vertical":"HealthTech","Relação com o Mercado":"B2B","Modelo de Negócio":"Não Informado","Cidade":"Lajeado","Região":"Região dos Vales","Link":"https://clinicaexperts.com.br/"},"geometry":{"type":"Point","coordinates":[-51.9679026,-29.4606311]}},{"type":"Feature","properties":{"Ambiente":"NÃO INFORMADO","Startup":"Clinica total","Estágio":"Crescimento","Segmento":"Software e Cloud","Vertical":"HealthTech","Relação com o Mercado":"B2B","Modelo de Negócio":"Assinatura","Cidade":"Canoas","Região":"Metropolitana e Litoral Norte","Link":"https://www.clinicatotal.com.br/"},"geometry":{"type":"Point","coordinates":[-51.1847036,-29.9077898]}},{"type":"Feature","properties":{"Ambiente":"NÃO INFORMADO","Startup":"CLIQUE EMPREGOS SERVICOS DE INFORMACAO LTDA","Estágio":"Crescimento","Segmento":"RH e Coaching","Vertical":"Inovação Social","Relação com o Mercado":"B2B","Modelo de Negócio":"SaaS","Cidade":"Caxias do Sul","Região":"Serra Gaúcha","Link":"https://www.cliqueempregos.com.br/"},"geometry":{"type":"Point","coordinates":[-51.1812032,-29.1740137]}},{"type":"Feature","properties":{"Ambiente":"ITEC/UCS","Startup":"CLL Dados Pesquisas e Projetos","Estágio":"Não Informado","Segmento":"Pesquisa","Vertical":"ITTech","Relação com o Mercado":"B2B","Modelo de Negócio":"Não Informado","Cidade":"Bento Gonçalves","Região":"Serra Gaúcha","Link":"https://www.citylifelab.com.br/"},"geometry":{"type":"Point","coordinates":[-51.5169861,-29.1667089]}},{"type":"Feature","properties":{"Ambiente":"UALL","Startup":"Cloud Tickets","Estágio":"Crescimento","Segmento":"Eventos","Vertical":"EventsTech","Relação com o Mercado":"B2C","Modelo de Negócio":"E-commerce","Cidade":"Bagé","Região":"Campanha e Fronteira Oeste","Link":"http://www.cloudticket.com.br/"},"geometry":{"type":"Point","coordinates":[-54.1065079,-31.3332251]}},{"type":"Feature","properties":{"Ambiente":"NÃO INFORMADO","Startup":"Clube Pet","Estágio":"Crescimento","Segmento":"Comércio e Varejo","Vertical":"PetTech","Relação com o Mercado":"B2B e B2C","Modelo de Negócio":"Assinatura","Cidade":"Santa Maria","Região":"Central","Link":"https://queroclubepet.com.br/"},"geometry":{"type":"Point","coordinates":[-53.7923441,-29.6894984]}},{"type":"Feature","properties":{"Ambiente":"NÃO INFORMADO","Startup":"CLUBE SHARE","Estágio":"Validação","Segmento":"Educação e Ensino","Vertical":"Edtech","Relação com o Mercado":"B2B","Modelo de Negócio":"Assinatura","Cidade":"Porto Alegre","Região":"Metropolitana e Litoral Norte","Link":"https://tudodeshare.com.br/clube-share/"},"geometry":{"type":"Point","coordinates":[-51.2089887,-30.0368176]}},{"type":"Feature","properties":{"Ambiente":"TECNOUNISC","Startup":"Clubo Telefonia Móvel Ltda","Estágio":"Escala","Segmento":"Telecomunicação","Vertical":"MobTech","Relação com o Mercado":"B2C","Modelo de Negócio":"Serviços Baseados em Taxas","Cidade":"Santa Cruz do Sul","Região":"Região dos Vales","Link":"https://www.instagram.com/clubo_tel/"},"geometry":{"type":"Point","coordinates":[-52.4358285,-29.7240622]}},{"type":"Feature","properties":{"Ambiente":"IATI-FEMA","Startup":"Code Rocket","Estágio":"Crescimento","Segmento":"Software e Cloud","Vertical":"ITTech","Relação com o Mercado":"B2B","Modelo de Negócio":"SaaS","Cidade":"Santa Rosa","Região":"Noroeste e Missões","Link":"https://www.facebook.com/coderocketdev"},"geometry":{"type":"Point","coordinates":[-54.4797042,-27.8700347]}},{"type":"Feature","properties":{"Ambiente":"UPF PARQUE","Startup":"CODE SCRIPT TECNOLOGIA LTDA","Estágio":"Escala","Segmento":"TI (Tecnologia da Informação)","Vertical":"ITTech","Relação com o Mercado":"B2B","Modelo de Negócio":"Não Informado","Cidade":"Passo Fundo","Região":"Produção e Norte","Link":"https://codescript.tech/"},"geometry":{"type":"Point","coordinates":[-52.4102752,-28.2622705]}},{"type":"Feature","properties":{"Ambiente":"NÃO INFORMADO","Startup":"CODEX REMOTE","Estágio":"Validação","Segmento":"TI (Tecnologia da Informação)","Vertical":"ITTech","Relação com o Mercado":"B2B","Modelo de Negócio":"Não Informado","Cidade":"Porto Alegre","Região":"Metropolitana e Litoral Norte","Link":"https://codex.com.br/"},"geometry":{"type":"Point","coordinates":[-51.2089887,-30.0368176]}},{"type":"Feature","properties":{"Ambiente":"NÃO INFORMADO","Startup":"Codifica Edu","Estágio":"Validação","Segmento":"Educação e Ensino","Vertical":"EdTech","Relação com o Mercado":"B2B","Modelo de Negócio":"Não Informado","Cidade":"Porto Alegre","Região":"Metropolitana e Litoral Norte","Link":"https://www.codificaedu.com.br/"},"geometry":{"type":"Point","coordinates":[-51.2089887,-30.0368176]}},{"type":"Feature","properties":{"Ambiente":"NÃO INFORMADO","Startup":"Coera sustentabilidade","Estágio":"Crescimento","Segmento":"Consultorias e Treinamentos","Vertical":"EsgTech","Relação com o Mercado":"B2B","Modelo de Negócio":"Não Informado","Cidade":"Porto Alegre","Região":"Metropolitana e Litoral Norte","Link":"https://www.coera.com.br/"},"geometry":{"type":"Point","coordinates":[-51.2089887,-30.0368176]}},{"type":"Feature","properties":{"Ambiente":"NÃO INFORMADO","Startup":"CogniApp","Estágio":"Crescimento","Segmento":"Saúde e Bem-Estar","Vertical":"HealthTech","Relação com o Mercado":"B2B","Modelo de Negócio":"Assinatura","Cidade":"Porto Alegre","Região":"Metropolitana e Litoral Norte","Link":"https://cogniapp.com/pt-BR/profissional"},"geometry":{"type":"Point","coordinates":[-51.2089887,-30.0368176]}},{"type":"Feature","properties":{"Ambiente":"NÃO INFORMADO","Startup":"Cognitiva Brasil","Estágio":"Escala","Segmento":"Educação e Ensino","Vertical":"ITTech","Relação com o Mercado":"B2B","Modelo de Negócio":"Não Informado","Cidade":"Porto Alegre","Região":"Metropolitana e Litoral Norte","Link":"https://cognitivabrasil.com.br/"},"geometry":{"type":"Point","coordinates":[-51.2089887,-30.0368176]}},{"type":"Feature","properties":{"Ambiente":"PULSAR","Startup":"Colina Desenvolvimento Infantil","Estágio":"Validação","Segmento":"Educação e Ensino","Vertical":"EdTech","Relação com o Mercado":"B2C","Modelo de Negócio":"Franquia","Cidade":"Santa Maria","Região":"Central","Link":""},"geometry":{"type":"Point","coordinates":[-53.7923441,-29.6894984]}},{"type":"Feature","properties":{"Ambiente":"TECNOUNISC","Startup":"Collab Eduação e Acessibilidade Ltda","Estágio":"Crescimento","Segmento":"Software e Cloud","Vertical":"EdTech","Relação com o Mercado":"B2C","Modelo de Negócio":"Assinatura","Cidade":"Santa Cruz do Sul","Região":"Região dos Vales","Link":"https://collablanguage.com/"},"geometry":{"type":"Point","coordinates":[-52.4358285,-29.7240622]}},{"type":"Feature","properties":{"Ambiente":"INOVABENTO","Startup":"Collab Inspira","Estágio":"Crescimento","Segmento":"Marketing e Publicidade","Vertical":"AdTech","Relação com o Mercado":"B2B","Modelo de Negócio":"Outro","Cidade":"Bento Gonçalves","Região":"Serra Gaúcha","Link":"https://www.instagram.com/tacielemonteiro/"},"geometry":{"type":"Point","coordinates":[-51.5169861,-29.1667089]}},{"type":"Feature","properties":{"Ambiente":"TECNOPUC","Startup":"Colocker","Estágio":"Validação","Segmento":"Mobilidade","Vertical":"LogTech","Relação com o Mercado":"B2B2C","Modelo de Negócio":"Serviços Baseados em Taxas","Cidade":"Porto Alegre","Região":"Metropolitana e Litoral Norte","Link":"https://www.colocker.com.br/"},"geometry":{"type":"Point","coordinates":[-51.2089887,-30.0368176]}},{"type":"Feature","properties":{"Ambiente":"TECNOVATES","Startup":"Colono Forte","Estágio":"Validação","Segmento":"Agronegócio","Vertical":"AgTech","Relação com o Mercado":"B2C","Modelo de Negócio":"Transação","Cidade":"Arroio do Meio","Região":"Região dos Vales","Link":"https://www.instagram.com/colono.forte/"},"geometry":{"type":"Point","coordinates":[-51.9430739,-29.4027118]}},{"type":"Feature","properties":{"Ambiente":"NÃO INFORMADO","Startup":"Compliance Bpo Gestao Financeira","Estágio":"Validação","Segmento":"Financeiro","Vertical":"FinTech","Relação com o Mercado":"B2B","Modelo de Negócio":"Não Informado","Cidade":"Porto Alegre","Região":"Metropolitana e Litoral Norte","Link":"https://compliancebpo.com.br/"},"geometry":{"type":"Point","coordinates":[-51.2089887,-30.0368176]}},{"type":"Feature","properties":{"Ambiente":"NÃO INFORMADO","Startup":"Composta SãoLou Compostagem Urbana","Estágio":"Crescimento","Segmento":"Meio Ambiente e Sustentabilidade","Vertical":"SustenTech","Relação com o Mercado":"B2B e B2C","Modelo de Negócio":"Assinatura","Cidade":"São Lourenço do Sul","Região":"Sul","Link":"https://www.compostasaolou.com/"},"geometry":{"type":"Point","coordinates":[-51.9800095,-31.3660507]}},{"type":"Feature","properties":{"Ambiente":"NÃO INFORMADO","Startup":"Compratri Serviços Digitais Ltda","Estágio":"Validação","Segmento":"Marketing e Publicidade","Vertical":"Buyable Startup","Relação com o Mercado":"B2B e B2C","Modelo de Negócio":"Transação","Cidade":"Nova Prata","Região":"Serra Gaúcha","Link":"https://www.compratri.com.br/"},"geometry":{"type":"Point","coordinates":[-51.6084482,-28.7839458]}},{"type":"Feature","properties":{"Ambiente":"VENTIUR","Startup":"Concede","Estágio":"Crescimento","Segmento":"Construção Civil","Vertical":"ConstruTech","Relação com o Mercado":"B2C","Modelo de Negócio":"Transação","Cidade":"Porto Alegre","Região":"Metropolitana e Litoral Norte","Link":"https://www.concede.vc/"},"geometry":{"type":"Point","coordinates":[-51.2089887,-30.0368176]}},{"type":"Feature","properties":{"Ambiente":"NÃO INFORMADO","Startup":"CONCEPTU PROTOTIPOS E SISTEMAS","Estágio":"Crescimento","Segmento":"Pesquisa","Vertical":"Tech Consultancies","Relação com o Mercado":"B2B","Modelo de Negócio":"Não Informado","Cidade":"Porto Alegre","Região":"Metropolitana e Litoral Norte","Link":"https://www.conceptu.ind.br/"},"geometry":{"type":"Point","coordinates":[-51.2089887,-30.0368176]}},{"type":"Feature","properties":{"Ambiente":"PELOTAS PARQUE","Startup":"CONECTA - ALEXANDER DE ANDRADE CARVALHO","Estágio":"Ideação","Segmento":"Educação e Ensino","Vertical":"EdTech","Relação com o Mercado":"Não Informado","Modelo de Negócio":"Não Informado","Cidade":"Pelotas","Região":"Sul","Link":""},"geometry":{"type":"Point","coordinates":[-52.3313342,-31.7700081]}},{"type":"Feature","properties":{"Ambiente":"ALIANÇA EMPRESARIAL","Startup":"CONECTA CRIAÇÕES","Estágio":"Crescimento","Segmento":"IA (Inteligência Artificial)","Vertical":"VR/AR Tech","Relação com o Mercado":"B2B","Modelo de Negócio":"Não Informado","Cidade":"Passo Fundo","Região":"Produção e Norte","Link":"https://www.instagram.com/conectacriacoes/"},"geometry":{"type":"Point","coordinates":[-52.4102752,-28.2622705]}},{"type":"Feature","properties":{"Ambiente":"ALIANÇA EMPRESARIAL","Startup":"CONFERENCE","Estágio":"Crescimento","Segmento":"Eventos","Vertical":"EventsTech","Relação com o Mercado":"B2B","Modelo de Negócio":"Não Informado","Cidade":"Passo Fundo","Região":"Produção e Norte","Link":"https://www.conferencesoftware.com.br/"},"geometry":{"type":"Point","coordinates":[-52.4102752,-28.2622705]}},{"type":"Feature","properties":{"Ambiente":"PELOTAS PARQUE","Startup":"CONLAB - ROGER PULS FRANZ","Estágio":"Ideação","Segmento":"Serviços","Vertical":"ImobTech","Relação com o Mercado":"Não Informado","Modelo de Negócio":"Não Informado","Cidade":"Pelotas","Região":"Sul","Link":""},"geometry":{"type":"Point","coordinates":[-52.3313342,-31.7700081]}},{"type":"Feature","properties":{"Ambiente":"PULSAR","Startup":"Connect Sust","Estágio":"Crescimento","Segmento":"Meio Ambiente e Sustentabilidade","Vertical":"EsgTech","Relação com o Mercado":"B2B","Modelo de Negócio":"SaaS","Cidade":"Santa Maria","Região":"Central","Link":""},"geometry":{"type":"Point","coordinates":[-53.7923441,-29.6894984]}},{"type":"Feature","properties":{"Ambiente":"INSTITUTO CALDEIRA","Startup":"ConnectBe","Estágio":"Crescimento","Segmento":"Financeiro","Vertical":"FinTech","Relação com o Mercado":"B2B","Modelo de Negócio":"Assinatura","Cidade":"Porto Alegre","Região":"Metropolitana e Litoral Norte","Link":"https://connectbe.digital"},"geometry":{"type":"Point","coordinates":[-51.2089887,-30.0368176]}},{"type":"Feature","properties":{"Ambiente":"TECNOPUC","Startup":"ConnectBe","Estágio":"Crescimento","Segmento":"Financeiro","Vertical":"FinTech","Relação com o Mercado":"B2B","Modelo de Negócio":"Assinatura","Cidade":"Porto Alegre","Região":"Metropolitana e Litoral Norte","Link":"https://connectbe.digital"},"geometry":{"type":"Point","coordinates":[-51.2089887,-30.0368176]}},{"type":"Feature","properties":{"Ambiente":"TECNOUNISC","Startup":"ConnectBio Soluções Biotecnológicas Ltda","Estágio":"Escala","Segmento":"Biotecnologia","Vertical":"BioTech","Relação com o Mercado":"B2B","Modelo de Negócio":"Outro","Cidade":"Porto Alegre","Região":"Metropolitana e Litoral Norte","Link":"https://www.instagram.com/connectbio/"},"geometry":{"type":"Point","coordinates":[-51.2089887,-30.0368176]}},{"type":"Feature","properties":{"Ambiente":"NÃO INFORMADO","Startup":"ConnectFarm","Estágio":"Crescimento","Segmento":"Meio Ambiente e Sustentabilidade","Vertical":"AgTech","Relação com o Mercado":"B2C","Modelo de Negócio":"Não Informado","Cidade":"Porto Alegre","Região":"Metropolitana e Litoral Norte","Link":"https://www.connectfarm.com.br/"},"geometry":{"type":"Point","coordinates":[-51.2089887,-30.0368176]}},{"type":"Feature","properties":{"Ambiente":"NÃO INFORMADO","Startup":"ConnectSust","Estágio":"Crescimento","Segmento":"Meio Ambiente e Sustentabilidade","Vertical":"EsgTech","Relação com o Mercado":"B2B","Modelo de Negócio":"Não Informado","Cidade":"Santa Maria","Região":"Central","Link":"https://www.linkedin.com/company/connect-sust/about/"},"geometry":{"type":"Point","coordinates":[-53.7923441,-29.6894984]}},{"type":"Feature","properties":{"Ambiente":"NÃO INFORMADO","Startup":"ConsignadoAPP","Estágio":"Validação","Segmento":"Financeiro","Vertical":"FinTech","Relação com o Mercado":"B2B","Modelo de Negócio":"SaaS","Cidade":"Santa Maria","Região":"Central","Link":"https://consignadoapp.com.br/"},"geometry":{"type":"Point","coordinates":[-53.7923441,-29.6894984]}},{"type":"Feature","properties":{"Ambiente":"SMICT GRAVATAÍ","Startup":"Constituir Saberes","Estágio":"Ideação","Segmento":"Educação e Ensino","Vertical":"EdTech","Relação com o Mercado":"B2B2C","Modelo de Negócio":"Serviços Baseados em Taxas","Cidade":"Gravataí","Região":"Metropolitana e Litoral Norte","Link":"https://www.constituirsaberes.com/"},"geometry":{"type":"Point","coordinates":[-50.9947529,-29.9398869]}},{"type":"Feature","properties":{"Ambiente":"TECNOSINOS","Startup":"CONSTRUCT-IN","Estágio":"Escala","Segmento":"Construção Civil","Vertical":"ConstruTech","Relação com o Mercado":"B2B","Modelo de Negócio":"Não Informado","Cidade":"São Leopoldo","Região":"Metropolitana e Litoral Norte","Link":"https://constructin.com.br/"},"geometry":{"type":"Point","coordinates":[-51.1480174,-29.7607417]}},{"type":"Feature","properties":{"Ambiente":"NÃO INFORMADO","Startup":"Consultório Online","Estágio":"Ideação","Segmento":"Saúde e Bem-Estar","Vertical":"HealthTech","Relação com o Mercado":"B2C","Modelo de Negócio":"Transação","Cidade":"São Leopoldo","Região":"Metropolitana e Litoral Norte","Link":"https://www.consultorioonline.me/"},"geometry":{"type":"Point","coordinates":[-51.1480174,-29.7607417]}},{"type":"Feature","properties":{"Ambiente":"VENTIUR","Startup":"ContaÁgil","Estágio":"Crescimento","Segmento":"Financeiro","Vertical":"FinTech","Relação com o Mercado":"B2B","Modelo de Negócio":"Assinatura","Cidade":"Canoas","Região":"Metropolitana e Litoral Norte","Link":"https://www.contaagil.com/"},"geometry":{"type":"Point","coordinates":[-51.1847036,-29.9077898]}},{"type":"Feature","properties":{"Ambiente":"LAB FECOMÉRCIO-RS","Startup":"CONTABILE DIGITAL","Estágio":"Escala","Segmento":"Tributário","Vertical":"RegTech","Relação com o Mercado":"B2B e B2C","Modelo de Negócio":"Assinatura","Cidade":"Soledade","Região":"Produção e Norte","Link":"https://contabile.digital/"},"geometry":{"type":"Point","coordinates":[-52.5133554,-28.8302898]}},{"type":"Feature","properties":{"Ambiente":"ITEC PARK UFN","Startup":"ContDigital","Estágio":"Escala","Segmento":"Financeiro","Vertical":"FinTech","Relação com o Mercado":"B2B","Modelo de Negócio":"Assinatura","Cidade":"Santa Maria","Região":"Central","Link":"https://contdigital.com.br/home"},"geometry":{"type":"Point","coordinates":[-53.7923441,-29.6894984]}},{"type":"Feature","properties":{"Ambiente":"NÃO INFORMADO","Startup":"CONTEL TELECOM","Estágio":"Crescimento","Segmento":"Telecomunicação","Vertical":"ITTech","Relação com o Mercado":"B2B","Modelo de Negócio":"Assinatura","Cidade":"Santa Cruz do Sul","Região":"Região dos Vales","Link":"https://www.conteltelecom.com.br/"},"geometry":{"type":"Point","coordinates":[-52.4358285,-29.7240622]}},{"type":"Feature","properties":{"Ambiente":"NÃO INFORMADO","Startup":"Contus","Estágio":"Validação","Segmento":"Financeiro","Vertical":"Tech Consultancies","Relação com o Mercado":"B2B","Modelo de Negócio":"Não Informado","Cidade":"Passo Fundo","Região":"Produção e Norte","Link":"https://www.contus.com.br/"},"geometry":{"type":"Point","coordinates":[-52.4102752,-28.2622705]}},{"type":"Feature","properties":{"Ambiente":"NÃO INFORMADO","Startup":"Conversas Sustentáveis","Estágio":"Validação","Segmento":"Consultorias e Treinamentos","Vertical":"SustenTech","Relação com o Mercado":"B2B","Modelo de Negócio":"Não Informado","Cidade":"Porto Alegre","Região":"Metropolitana e Litoral Norte","Link":"https://conversassustentaveis.com/"},"geometry":{"type":"Point","coordinates":[-51.2089887,-30.0368176]}},{"type":"Feature","properties":{"Ambiente":"NÃO INFORMADO","Startup":"Conviver Health","Estágio":"Crescimento","Segmento":"Saúde e Bem-Estar","Vertical":"HealthTech","Relação com o Mercado":"B2B","Modelo de Negócio":"Não Informado","Cidade":"Porto Alegre","Região":"Metropolitana e Litoral Norte","Link":"https://conviverhealth.com.br/"},"geometry":{"type":"Point","coordinates":[-51.2089887,-30.0368176]}},{"type":"Feature","properties":{"Ambiente":"NÃO INFORMADO","Startup":"Cookbox","Estágio":"Crescimento","Segmento":"Alimentos e Bebidas","Vertical":"FoodTech","Relação com o Mercado":"B2B","Modelo de Negócio":"Não Informado","Cidade":"Campo Bom","Região":"Metropolitana e Litoral Norte","Link":"https://cookbox.com.br/"},"geometry":{"type":"Point","coordinates":[-51.0613111,-29.6747831]}},{"type":"Feature","properties":{"Ambiente":"ITEC/UCS","Startup":"Cool Tea Company","Estágio":"Não Informado","Segmento":"Saúde e Bem-Estar","Vertical":"FoodTech","Relação com o Mercado":"B2C","Modelo de Negócio":"Transação","Cidade":"Dois Irmãos","Região":"Metropolitana e Litoral Norte","Link":"https://coolteacompany.com.br/"},"geometry":{"type":"Point","coordinates":[-51.0877223,-29.5883462]}},{"type":"Feature","properties":{"Ambiente":"TECNOPUC","Startup":"Cope Soluções","Estágio":"Validação","Segmento":"Financeiro","Vertical":"FinTech","Relação com o Mercado":"B2B","Modelo de Negócio":"SaaS","Cidade":"Porto Alegre","Região":"Metropolitana e Litoral Norte","Link":"https://planos.somoscope.com.br/#about"},"geometry":{"type":"Point","coordinates":[-51.2089887,-30.0368176]}},{"type":"Feature","properties":{"Ambiente":"NÃO INFORMADO","Startup":"Corujas","Estágio":"Validação","Segmento":"Eventos","Vertical":"EventsTech","Relação com o Mercado":"B2B2C","Modelo de Negócio":"Transação","Cidade":"Lajeado","Região":"Região dos Vales","Link":"https://corujasapp.com/"},"geometry":{"type":"Point","coordinates":[-51.9679026,-29.4606311]}},{"type":"Feature","properties":{"Ambiente":"NÃO INFORMADO","Startup":"Cota Agro","Estágio":"Crescimento","Segmento":"Agronegócio","Vertical":"AgTech","Relação com o Mercado":"B2B","Modelo de Negócio":"Não Informado","Cidade":"Santa Maria","Região":"Central","Link":"https://cotaagro.com/"},"geometry":{"type":"Point","coordinates":[-53.7923441,-29.6894984]}},{"type":"Feature","properties":{"Ambiente":"NÃO INFORMADO","Startup":"Cowmed","Estágio":"Crescimento","Segmento":"Agronegócio","Vertical":"AgTech","Relação com o Mercado":"B2B e B2C","Modelo de Negócio":"SaaS","Cidade":"Santa Maria","Região":"Central","Link":""},"geometry":{"type":"Point","coordinates":[-53.7923441,-29.6894984]}},{"type":"Feature","properties":{"Ambiente":"TECNOPUC","Startup":"Creatus","Estágio":"Crescimento","Segmento":"TI (Tecnologia da Informação)","Vertical":"ITTech","Relação com o Mercado":"B2B e B2C","Modelo de Negócio":"SaaS","Cidade":"Porto Alegre","Região":"Metropolitana e Litoral Norte","Link":"https://creatusdev.com/"},"geometry":{"type":"Point","coordinates":[-51.2089887,-30.0368176]}},{"type":"Feature","properties":{"Ambiente":"NÃO INFORMADO","Startup":"Criação.cc","Estágio":"Crescimento","Segmento":"Mídia e Comunicação","Vertical":"MarTech","Relação com o Mercado":"B2B","Modelo de Negócio":"Não Informado","Cidade":"Lajeado","Região":"Região dos Vales","Link":"https://criacao.cc"},"geometry":{"type":"Point","coordinates":[-51.9679026,-29.4606311]}},{"type":"Feature","properties":{"Ambiente":"NÃO INFORMADO","Startup":"Criatecno","Estágio":"Crescimento","Segmento":"Robótica","Vertical":"EdTech","Relação com o Mercado":"B2C","Modelo de Negócio":"Transação","Cidade":"Novo Hamburgo","Região":"Metropolitana e Litoral Norte","Link":"https://www.criatecno.com.br/"},"geometry":{"type":"Point","coordinates":[-51.1337471,-29.683463]}},{"type":"Feature","properties":{"Ambiente":"VENTIUR","Startup":"Criativando","Estágio":"Validação","Segmento":"Construção Civil","Vertical":"ConstruTech","Relação com o Mercado":"B2B","Modelo de Negócio":"Marketplace","Cidade":"Novo Hamburgo","Região":"Metropolitana e Litoral Norte","Link":"https://criativando.com.br/"},"geometry":{"type":"Point","coordinates":[-51.1337471,-29.683463]}},{"type":"Feature","properties":{"Ambiente":"SMICT GRAVATAÍ","Startup":"Cripto Host","Estágio":"Validação","Segmento":"Blockchain","Vertical":"FinTech","Relação com o Mercado":"B2C","Modelo de Negócio":"Assinatura","Cidade":"Gravataí","Região":"Metropolitana e Litoral Norte","Link":"https://cripto.host/"},"geometry":{"type":"Point","coordinates":[-50.9947529,-29.9398869]}},{"type":"Feature","properties":{"Ambiente":"NÃO INFORMADO","Startup":"CRM PIPERUN","Estágio":"Escala","Segmento":"Software e Cloud","Vertical":"SalesTech","Relação com o Mercado":"B2B","Modelo de Negócio":"Assinatura","Cidade":"Porto Alegre","Região":"Metropolitana e Litoral Norte","Link":"https://crmpiperun.com/"},"geometry":{"type":"Point","coordinates":[-51.2089887,-30.0368176]}},{"type":"Feature","properties":{"Ambiente":"NÃO INFORMADO","Startup":"Crops Team","Estágio":"Validação","Segmento":"Agronegócio","Vertical":"AgTech","Relação com o Mercado":"B2B","Modelo de Negócio":"Não Informado","Cidade":"Santa Maria","Região":"Central","Link":"https://www.cropsteam.com/"},"geometry":{"type":"Point","coordinates":[-53.7923441,-29.6894984]}},{"type":"Feature","properties":{"Ambiente":"UALL","Startup":"CSC Agrotech","Estágio":"Crescimento","Segmento":"Agronegócio","Vertical":"AgTech","Relação com o Mercado":"B2B2C","Modelo de Negócio":"Economia de API","Cidade":"Bagé","Região":"Campanha e Fronteira Oeste","Link":"https://cscagrotech.com"},"geometry":{"type":"Point","coordinates":[-54.1065079,-31.3332251]}},{"type":"Feature","properties":{"Ambiente":"INSTITUTO CALDEIRA","Startup":"CTA SMART","Estágio":"Não Informado","Segmento":"Engenharia e Indústria Geral","Vertical":"Outras","Relação com o Mercado":"B2B","Modelo de Negócio":"Não Informado","Cidade":"Porto Alegre","Região":"Metropolitana e Litoral Norte","Link":"https://site.ctasmart.com.br/"},"geometry":{"type":"Point","coordinates":[-51.2089887,-30.0368176]}},{"type":"Feature","properties":{"Ambiente":"NÃO INFORMADO","Startup":"CTE Brasil","Estágio":"Validação","Segmento":"Financeiro","Vertical":"MobTech","Relação com o Mercado":"B2B","Modelo de Negócio":"Assinatura","Cidade":"Caxias do Sul","Região":"Serra Gaúcha","Link":"https://www.ctebrasil.com.br/"},"geometry":{"type":"Point","coordinates":[-51.1812032,-29.1740137]}},{"type":"Feature","properties":{"Ambiente":"PRADOTECH","Startup":"CUBIC","Estágio":"Validação","Segmento":"Meio Ambiente e Sustentabilidade","Vertical":"SustenTech","Relação com o Mercado":"B2B","Modelo de Negócio":"Economia Circular","Cidade":"Gravataí","Região":"Metropolitana e Litoral Norte","Link":"https://www.cubicauto.com.br/"},"geometry":{"type":"Point","coordinates":[-50.9947529,-29.9398869]}},{"type":"Feature","properties":{"Ambiente":"SMICT GRAVATAÍ","Startup":"CUBIC","Estágio":"Validação","Segmento":"Meio Ambiente e Sustentabilidade","Vertical":"SustenTech","Relação com o Mercado":"B2B","Modelo de Negócio":"Economia Circular","Cidade":"Gravataí","Região":"Metropolitana e Litoral Norte","Link":"https://www.cubicauto.com.br/"},"geometry":{"type":"Point","coordinates":[-50.9947529,-29.9398869]}},{"type":"Feature","properties":{"Ambiente":"VIBEE UNIMED","Startup":"Cuidador.net.br","Estágio":"Validação","Segmento":"Saúde e Bem-Estar","Vertical":"HealthTech","Relação com o Mercado":"B2C","Modelo de Negócio":"Assinatura","Cidade":"Porto Alegre","Região":"Metropolitana e Litoral Norte","Link":"https://cuidador.net.br/"},"geometry":{"type":"Point","coordinates":[-51.2089887,-30.0368176]}},{"type":"Feature","properties":{"Ambiente":"NÃO INFORMADO","Startup":"CuidadosConecta","Estágio":"Escala","Segmento":"Software e Cloud","Vertical":"HealthTech","Relação com o Mercado":"B2B2C","Modelo de Negócio":"Marketplace","Cidade":"Ijuí","Região":"Noroeste e Missões","Link":"https://cuidadosconecta.com.br/"},"geometry":{"type":"Point","coordinates":[-53.9220126,-28.3891409]}},{"type":"Feature","properties":{"Ambiente":"TECNOPUC","Startup":"Dada","Estágio":"Validação","Segmento":"Saúde e Bem-Estar","Vertical":"HealthTech","Relação com o Mercado":"P2P","Modelo de Negócio":"Serviços Baseados em Taxas","Cidade":"Porto Alegre","Região":"Metropolitana e Litoral Norte","Link":"https://querofalarcomdada.wixsite.com/dada"},"geometry":{"type":"Point","coordinates":[-51.2089887,-30.0368176]}},{"type":"Feature","properties":{"Ambiente":"NÃO INFORMADO","Startup":"daGinga","Estágio":"Crescimento","Segmento":"Software e Cloud","Vertical":"RetailTech","Relação com o Mercado":"B2B2C","Modelo de Negócio":"Marketplace","Cidade":"Canoas","Região":"Metropolitana e Litoral Norte","Link":"https://institucional.daginga.com.br/"},"geometry":{"type":"Point","coordinates":[-51.1847036,-29.9077898]}},{"type":"Feature","properties":{"Ambiente":"NÃO INFORMADO","Startup":"Daime Intermediação de Alimentos e Bebidas Ltda.","Estágio":"Escala","Segmento":"Alimentos e Bebidas","Vertical":"FoodTech","Relação com o Mercado":"B2C","Modelo de Negócio":"Marketplace","Cidade":"Porto Alegre","Região":"Metropolitana e Litoral Norte","Link":"https://www.instagram.com/daimebier/"},"geometry":{"type":"Point","coordinates":[-51.2089887,-30.0368176]}},{"type":"Feature","properties":{"Ambiente":"NÃO INFORMADO","Startup":"Dalassul Gestoria Digital","Estágio":"Ideação","Segmento":"TI (Tecnologia da Informação)","Vertical":"AdTech","Relação com o Mercado":"B2B e B2C","Modelo de Negócio":"Outro","Cidade":"Porto Alegre","Região":"Metropolitana e Litoral Norte","Link":""},"geometry":{"type":"Point","coordinates":[-51.2089887,-30.0368176]}},{"type":"Feature","properties":{"Ambiente":"TECNOVATES","Startup":"Damaros","Estágio":"Crescimento","Segmento":"Alimentos e Bebidas","Vertical":"FoodTech","Relação com o Mercado":"B2C","Modelo de Negócio":"Transação","Cidade":"Lajeado","Região":"Região dos Vales","Link":"https://www.facebook.com/damarosnatural/"},"geometry":{"type":"Point","coordinates":[-51.9679026,-29.4606311]}},{"type":"Feature","properties":{"Ambiente":"NÃO INFORMADO","Startup":"Dancefloor","Estágio":"Crescimento","Segmento":"Eventos","Vertical":"Funtech","Relação com o Mercado":"B2C","Modelo de Negócio":"Não Informado","Cidade":"Carazinho","Região":"Produção e Norte","Link":"https://dancefloor.app/"},"geometry":{"type":"Point","coordinates":[-52.7976024,-28.2954326]}},{"type":"Feature","properties":{"Ambiente":"NÃO INFORMADO","Startup":"Dandara Black","Estágio":"Validação","Segmento":"Saúde e Bem-Estar","Vertical":"BeautyTech","Relação com o Mercado":"B2C","Modelo de Negócio":"Transação","Cidade":"Porto Alegre","Região":"Metropolitana e Litoral Norte","Link":"https://www.dandarablack.com.br/"},"geometry":{"type":"Point","coordinates":[-51.2089887,-30.0368176]}},{"type":"Feature","properties":{"Ambiente":"SMICT GRAVATAÍ","Startup":"Data Mundo","Estágio":"Crescimento","Segmento":"Outros","Vertical":"EdTech","Relação com o Mercado":"B2B e B2C","Modelo de Negócio":"Outro","Cidade":"Gravataí","Região":"Metropolitana e Litoral Norte","Link":"https://www.linkedin.com/company/data-mundo/about/"},"geometry":{"type":"Point","coordinates":[-50.9947529,-29.9398869]}},{"type":"Feature","properties":{"Ambiente":"NÃO INFORMADO","Startup":"Data science brigade","Estágio":"Ideação","Segmento":"Consultorias e Treinamentos","Vertical":"ITTech","Relação com o Mercado":"B2C","Modelo de Negócio":"Não Informado","Cidade":"Porto Alegre","Região":"Metropolitana e Litoral Norte","Link":"https://dsbrigade.com/"},"geometry":{"type":"Point","coordinates":[-51.2089887,-30.0368176]}},{"type":"Feature","properties":{"Ambiente":"INSTITUTO CALDEIRA","Startup":"DATA4COMPANY","Estágio":"Validação","Segmento":"Financeiro","Vertical":"FinTech","Relação com o Mercado":"B2B","Modelo de Negócio":"Assinatura","Cidade":"Santa Cruz do Sul","Região":"Região dos Vales","Link":"https://www.data4company.com.br/"},"geometry":{"type":"Point","coordinates":[-52.4358285,-29.7240622]}},{"type":"Feature","properties":{"Ambiente":"VENTIUR","Startup":"DATA4COMPANY","Estágio":"Validação","Segmento":"Financeiro","Vertical":"FinTech","Relação com o Mercado":"B2B","Modelo de Negócio":"Assinatura","Cidade":"Santa Cruz do Sul","Região":"Região dos Vales","Link":"https://www.data4company.com.br/"},"geometry":{"type":"Point","coordinates":[-52.4358285,-29.7240622]}},{"type":"Feature","properties":{"Ambiente":"NÃO INFORMADO","Startup":"Dataglass","Estágio":"Crescimento","Segmento":"Bigdata","Vertical":"HealthTech","Relação com o Mercado":"B2B","Modelo de Negócio":"Não Informado","Cidade":"Porto Alegre","Região":"Metropolitana e Litoral Norte","Link":"https://dataglass.co/"},"geometry":{"type":"Point","coordinates":[-51.2089887,-30.0368176]}},{"type":"Feature","properties":{"Ambiente":"UPF PARQUE","Startup":"DATAINTEGRA CONSULTORIA EM TECNOLOGIA \nDA INFORMAÇÃO LTDA","Estágio":"Crescimento","Segmento":"TI (Tecnologia da Informação)","Vertical":"ITTech","Relação com o Mercado":"B2B","Modelo de Negócio":"Não Informado","Cidade":"Passo Fundo","Região":"Produção e Norte","Link":"https://www.dataintegra.com.br/"},"geometry":{"type":"Point","coordinates":[-52.4102752,-28.2622705]}},{"type":"Feature","properties":{"Ambiente":"NÃO INFORMADO","Startup":"DatamappingLGPD","Estágio":"Validação","Segmento":"Software e Cloud","Vertical":"RegTech","Relação com o Mercado":"B2B","Modelo de Negócio":"Assinatura","Cidade":"Porto Alegre","Região":"Metropolitana e Litoral Norte","Link":"https://datamappinglgpd.com.br/"},"geometry":{"type":"Point","coordinates":[-51.2089887,-30.0368176]}},{"type":"Feature","properties":{"Ambiente":"NÃO INFORMADO","Startup":"Datamon","Estágio":"Ideação","Segmento":"Software e Cloud","Vertical":"ITTech","Relação com o Mercado":"B2B","Modelo de Negócio":"Assinatura","Cidade":"Caxias do Sul","Região":"Serra Gaúcha","Link":"https://www.datamon.com.br/"},"geometry":{"type":"Point","coordinates":[-51.1812032,-29.1740137]}},{"type":"Feature","properties":{"Ambiente":"ITEC/UCS","Startup":"d-Block Pesquisa em Nanotecnologia Ltda.","Estágio":"Não Informado","Segmento":"Nanotecnologia","Vertical":"ITTech","Relação com o Mercado":"B2B","Modelo de Negócio":"Não Informado","Cidade":"Caxias do Sul","Região":"Serra Gaúcha","Link":"https://dblocknano.com/wordpress/"},"geometry":{"type":"Point","coordinates":[-51.1812032,-29.1740137]}},{"type":"Feature","properties":{"Ambiente":"TECNOPUC","Startup":"Decola","Estágio":"Ideação","Segmento":"RH e Coaching","Vertical":"HRTech","Relação com o Mercado":"B2B","Modelo de Negócio":"Custo por Aquisição","Cidade":"Porto Alegre","Região":"Metropolitana e Litoral Norte","Link":"https://rhdecola.com.br/"},"geometry":{"type":"Point","coordinates":[-51.2089887,-30.0368176]}},{"type":"Feature","properties":{"Ambiente":"NÃO INFORMADO","Startup":"DEEP PIXEL","Estágio":"Crescimento","Segmento":"IA (Inteligência Artificial)","Vertical":"ITTech","Relação com o Mercado":"B2C","Modelo de Negócio":"Não Informado","Cidade":"Rio Grande","Região":"Sul","Link":"https://deeppixel.com.br/"},"geometry":{"type":"Point","coordinates":[-52.1016953,-32.0407893]}},{"type":"Feature","properties":{"Ambiente":"PULSAR","Startup":"Defii","Estágio":"Escala","Segmento":"Software e Cloud","Vertical":"ITTech","Relação com o Mercado":"B2B e B2C","Modelo de Negócio":"Não Informado","Cidade":"Santa Maria","Região":"Central","Link":"http://defii.com.br/index.html"},"geometry":{"type":"Point","coordinates":[-53.7923441,-29.6894984]}},{"type":"Feature","properties":{"Ambiente":"INSTITUTO CALDEIRA","Startup":"DEGRAU DIGITAL LTDA","Estágio":"Não Informado","Segmento":"Financeiro","Vertical":"FinTech","Relação com o Mercado":"B2B e B2C","Modelo de Negócio":"Não Informado","Cidade":"Guaíba","Região":"Metropolitana e Litoral Norte","Link":"https://degraudigital.com.br/"},"geometry":{"type":"Point","coordinates":[-51.3216111,-30.1165868]}},{"type":"Feature","properties":{"Ambiente":"NÃO INFORMADO","Startup":"DeliveryVip","Estágio":"Crescimento","Segmento":"Comércio e Varejo","Vertical":"FoodTech","Relação com o Mercado":"B2B","Modelo de Negócio":"SaaS","Cidade":"Santa Maria","Região":"Central","Link":"https://deliveryvip.com.br/"},"geometry":{"type":"Point","coordinates":[-53.7923441,-29.6894984]}},{"type":"Feature","properties":{"Ambiente":"TECNOUNISC","Startup":"Delphos Engenharia e Consultoria em Energia Renováveis Ltda","Estágio":"Escala","Segmento":"Energia","Vertical":"EnergyTech","Relação com o Mercado":"B2C","Modelo de Negócio":"Serviços Baseados em Taxas","Cidade":"Santa Cruz do Sul","Região":"Região dos Vales","Link":"https://www.instagram.com/delphos_consultoria/"},"geometry":{"type":"Point","coordinates":[-52.4358285,-29.7240622]}},{"type":"Feature","properties":{"Ambiente":"NÃO INFORMADO","Startup":"Delta Global","Estágio":"Crescimento","Segmento":"Software e Cloud","Vertical":"ITTech","Relação com o Mercado":"B2C","Modelo de Negócio":"Não Informado","Cidade":"Porto Alegre","Região":"Metropolitana e Litoral Norte","Link":"https://www.deltaglobal.com.br/"},"geometry":{"type":"Point","coordinates":[-51.2089887,-30.0368176]}},{"type":"Feature","properties":{"Ambiente":"NÃO INFORMADO","Startup":"Demander - Gestão Comercial","Estágio":"Escala","Segmento":"Software e Cloud","Vertical":"SalesTech","Relação com o Mercado":"B2B","Modelo de Negócio":"E-commerce","Cidade":"Lajeado","Região":"Região dos Vales","Link":"https://www.demander.com.br/"},"geometry":{"type":"Point","coordinates":[-51.9679026,-29.4606311]}},{"type":"Feature","properties":{"Ambiente":"NÃO INFORMADO","Startup":"Demetec Agro","Estágio":"Validação","Segmento":"Agronegócio","Vertical":"AgTech","Relação com o Mercado":"B2B2C","Modelo de Negócio":"Não Informado","Cidade":"Pelotas","Região":"Sul","Link":"https://www.linkedin.com/company/demetec-agro/about/"},"geometry":{"type":"Point","coordinates":[-52.3313342,-31.7700081]}},{"type":"Feature","properties":{"Ambiente":"NÃO INFORMADO","Startup":"Dentiflex","Estágio":"Crescimento","Segmento":"Saúde e Bem-Estar","Vertical":"HealthTech","Relação com o Mercado":"B2B","Modelo de Negócio":"Assinatura","Cidade":"Porto Alegre","Região":"Metropolitana e Litoral Norte","Link":"https://www.dentiflex.com.br/"},"geometry":{"type":"Point","coordinates":[-51.2089887,-30.0368176]}},{"type":"Feature","properties":{"Ambiente":"INSTITUTO CALDEIRA","Startup":"DESCOMPLICA VET","Estágio":"Não Informado","Segmento":"Saúde e Bem-Estar","Vertical":"HealthTech","Relação com o Mercado":"B2B","Modelo de Negócio":"Não Informado","Cidade":"Porto Alegre","Região":"Metropolitana e Litoral Norte","Link":"https://www.descomplicavet.com.br/"},"geometry":{"type":"Point","coordinates":[-51.2089887,-30.0368176]}},{"type":"Feature","properties":{"Ambiente":"NÃO INFORMADO","Startup":"Desenvolve Conhecimento Aplicado","Estágio":"Ideação","Segmento":"Educação e Ensino","Vertical":"EdTech","Relação com o Mercado":"B2B","Modelo de Negócio":"Assinatura","Cidade":"Porto Alegre","Região":"Metropolitana e Litoral Norte","Link":"https://desenvolve.info/"},"geometry":{"type":"Point","coordinates":[-51.2089887,-30.0368176]}},{"type":"Feature","properties":{"Ambiente":"NÃO INFORMADO","Startup":"designMidia","Estágio":"Validação","Segmento":"Mídia e Comunicação","Vertical":"ITTech","Relação com o Mercado":"B2B e B2C","Modelo de Negócio":"Não Informado","Cidade":"Júlio de Castilhos","Região":"Central","Link":"https://designmidia.com.br/"},"geometry":{"type":"Point","coordinates":[-53.6827015,-29.2293516]}},{"type":"Feature","properties":{"Ambiente":"INSTITUTO CALDEIRA","Startup":"DESKBEE","Estágio":"Não Informado","Segmento":"Produtividade","Vertical":"Outras","Relação com o Mercado":"B2B","Modelo de Negócio":"Não Informado","Cidade":"Porto Alegre","Região":"Metropolitana e Litoral Norte","Link":"https://br.deskbee.co/"},"geometry":{"type":"Point","coordinates":[-51.2089887,-30.0368176]}},{"type":"Feature","properties":{"Ambiente":"VENTIUR","Startup":"Deskfy","Estágio":"Escala","Segmento":"Marketing e Publicidade","Vertical":"MediaTech","Relação com o Mercado":"B2B","Modelo de Negócio":"SaaS","Cidade":"São Leopoldo","Região":"Metropolitana e Litoral Norte","Link":"https://deskfy.io/"},"geometry":{"type":"Point","coordinates":[-51.1480174,-29.7607417]}},{"type":"Feature","properties":{"Ambiente":"NÃO INFORMADO","Startup":"DESMONTE VIRTUAL","Estágio":"Crescimento","Segmento":"Automotivo","Vertical":"Autotech","Relação com o Mercado":"B2B e B2C","Modelo de Negócio":"Marketplace","Cidade":"Cachoeirinha","Região":"Metropolitana e Litoral Norte","Link":"https://www.desmontevirtual.com.br/"},"geometry":{"type":"Point","coordinates":[-51.0989724,-29.9457416]}},{"type":"Feature","properties":{"Ambiente":"NÃO INFORMADO","Startup":"Destine Aqui","Estágio":"Validação","Segmento":"Meio Ambiente e Sustentabilidade","Vertical":"GreenTech","Relação com o Mercado":"B2B","Modelo de Negócio":"Não Informado","Cidade":"Pelotas","Região":"Sul","Link":"https://destineaqui.com/"},"geometry":{"type":"Point","coordinates":[-52.3313342,-31.7700081]}},{"type":"Feature","properties":{"Ambiente":"CRIATEC UNIJUÍ","Startup":"DeuFísica","Estágio":"Validação","Segmento":"Educação e Ensino","Vertical":"EdTech","Relação com o Mercado":"B2B2C","Modelo de Negócio":"Marketplace","Cidade":"Ijuí","Região":"Noroeste e Missões","Link":"https://deufisica.com.br/"},"geometry":{"type":"Point","coordinates":[-53.9220126,-28.3891409]}},{"type":"Feature","properties":{"Ambiente":"NÃO INFORMADO","Startup":"DEv Pampa","Estágio":"Validação","Segmento":"Software e Cloud","Vertical":"SportsTech","Relação com o Mercado":"B2B e B2C","Modelo de Negócio":"Não Informado","Cidade":"Alegrete","Região":"Campanha e Fronteira Oeste","Link":"https://devpampa.com/"},"geometry":{"type":"Point","coordinates":[-55.7936527,-29.7837672]}},{"type":"Feature","properties":{"Ambiente":"NÃO INFORMADO","Startup":"Develoci","Estágio":"Crescimento","Segmento":"Software e Cloud","Vertical":"Buyable Startup","Relação com o Mercado":"B2B e B2C","Modelo de Negócio":"E-commerce","Cidade":"Canoas","Região":"Metropolitana e Litoral Norte","Link":"https://www.develoci.com.br/"},"geometry":{"type":"Point","coordinates":[-51.1847036,-29.9077898]}},{"type":"Feature","properties":{"Ambiente":"NÃO INFORMADO","Startup":"DÊVI","Estágio":"Crescimento","Segmento":"Alimentos e Bebidas","Vertical":"Foodtech","Relação com o Mercado":"B2C","Modelo de Negócio":"Transação","Cidade":"Porto Alegre","Região":"Metropolitana e Litoral Norte","Link":"https://www.bebadevi.com.br/"},"geometry":{"type":"Point","coordinates":[-51.2089887,-30.0368176]}},{"type":"Feature","properties":{"Ambiente":"NÃO INFORMADO","Startup":"DEVICE","Estágio":"Escala","Segmento":"Engenharia e Indústria Geral","Vertical":"IndTech","Relação com o Mercado":"B2B","Modelo de Negócio":"Não Informado","Cidade":"São Leopoldo","Região":"Metropolitana e Litoral Norte","Link":"https://device.com.br/"},"geometry":{"type":"Point","coordinates":[-51.1480174,-29.7607417]}},{"type":"Feature","properties":{"Ambiente":"TECNOPUC","Startup":"DGM Soluções Financeiras","Estágio":"Crescimento","Segmento":"Financeiro","Vertical":"FinTech","Relação com o Mercado":"B2B2C","Modelo de Negócio":"Outro","Cidade":"Porto Alegre","Região":"Metropolitana e Litoral Norte","Link":"https://www.dgmfinanceira.com.br"},"geometry":{"type":"Point","coordinates":[-51.2089887,-30.0368176]}},{"type":"Feature","properties":{"Ambiente":"NÃO INFORMADO","Startup":"Diário Escola","Estágio":"Validação","Segmento":"Educação e Ensino","Vertical":"EdTech","Relação com o Mercado":"B2B","Modelo de Negócio":"Não Informado","Cidade":"Canoas","Região":"Metropolitana e Litoral Norte","Link":"https://diarioescola.com.br/"},"geometry":{"type":"Point","coordinates":[-51.1847036,-29.9077898]}},{"type":"Feature","properties":{"Ambiente":"NÃO INFORMADO","Startup":"Didati","Estágio":"Crescimento","Segmento":"Software e Cloud","Vertical":"EdTech","Relação com o Mercado":"B2B e B2G","Modelo de Negócio":"Não Informado","Cidade":"Porto Alegre","Região":"Metropolitana e Litoral Norte","Link":"https://www.didati.com.br/"},"geometry":{"type":"Point","coordinates":[-51.2089887,-30.0368176]}},{"type":"Feature","properties":{"Ambiente":"HORIZONTE FAHOR","Startup":"Diego Wiprich","Estágio":"Ideação","Segmento":"Serviços","Vertical":"EnergyTech","Relação com o Mercado":"B2B2C","Modelo de Negócio":"Economia de Recorrência","Cidade":"Horizontina","Região":"Noroeste e Missões","Link":""},"geometry":{"type":"Point","coordinates":[-54.3059728,-27.628239]}},{"type":"Feature","properties":{"Ambiente":"PULSAR","Startup":"Diferencial AGR (+SOJA)","Estágio":"Crescimento","Segmento":"Educação e Ensino","Vertical":"AgTech","Relação com o Mercado":"B2B e B2C","Modelo de Negócio":"Assinatura","Cidade":"Santa Maria","Região":"Central","Link":"https://maissoja.com.br/"},"geometry":{"type":"Point","coordinates":[-53.7923441,-29.6894984]}},{"type":"Feature","properties":{"Ambiente":"TECNOURI","Startup":"Diferencial AGR (+SOJA)","Estágio":"Crescimento","Segmento":"Educação e Ensino","Vertical":"AgTech","Relação com o Mercado":"B2B e B2C","Modelo de Negócio":"Assinatura","Cidade":"Santa Maria","Região":"Central","Link":"https://maissoja.com.br/"},"geometry":{"type":"Point","coordinates":[-53.7923441,-29.6894984]}},{"type":"Feature","properties":{"Ambiente":"NÃO INFORMADO","Startup":"DIGCAP Consultoria","Estágio":"Crescimento","Segmento":"Jurídico","Vertical":"LawTech","Relação com o Mercado":"B2B","Modelo de Negócio":"Não Informado","Cidade":"Porto Alegre","Região":"Metropolitana e Litoral Norte","Link":"https://www.digcap.com.br"},"geometry":{"type":"Point","coordinates":[-51.2089887,-30.0368176]}},{"type":"Feature","properties":{"Ambiente":"INSTITUTO CALDEIRA","Startup":"DIGIFARMZ","Estágio":"Escala","Segmento":"Agronegócio","Vertical":"AgTech","Relação com o Mercado":"B2B","Modelo de Negócio":"Assinatura","Cidade":"Porto Alegre","Região":"Metropolitana e Litoral Norte","Link":"https://digifarmz.com"},"geometry":{"type":"Point","coordinates":[-51.2089887,-30.0368176]}},{"type":"Feature","properties":{"Ambiente":"VENTIUR","Startup":"DIGIFARMZ","Estágio":"Escala","Segmento":"Agronegócio","Vertical":"AgTech","Relação com o Mercado":"B2B","Modelo de Negócio":"Assinatura","Cidade":"Porto Alegre","Região":"Metropolitana e Litoral Norte","Link":"https://www.digifarmz.com/"},"geometry":{"type":"Point","coordinates":[-51.2089887,-30.0368176]}},{"type":"Feature","properties":{"Ambiente":"NÃO INFORMADO","Startup":"Digimun","Estágio":"Crescimento","Segmento":"Alimentos e Bebidas","Vertical":"ITTech","Relação com o Mercado":"B2B","Modelo de Negócio":"Não Informado","Cidade":"Bento Gonçalves","Região":"Serra Gaúcha","Link":"https://www.digimun.com.br/delivery/"},"geometry":{"type":"Point","coordinates":[-51.5169861,-29.1667089]}},{"type":"Feature","properties":{"Ambiente":"NÃO INFORMADO","Startup":"DigiSinan","Estágio":"Crescimento","Segmento":"Software e Cloud","Vertical":"HealthTech","Relação com o Mercado":"B2B e B2G","Modelo de Negócio":"SaaS","Cidade":"Porto Alegre","Região":"Metropolitana e Litoral Norte","Link":"https://digisinan.com.br/"},"geometry":{"type":"Point","coordinates":[-51.2089887,-30.0368176]}},{"type":"Feature","properties":{"Ambiente":"CRIATEC UNIJUÍ","Startup":"Digit Company","Estágio":"Crescimento","Segmento":"Marketing e Publicidade","Vertical":"Social Network","Relação com o Mercado":"B2B","Modelo de Negócio":"Assinatura","Cidade":"Ijuí","Região":"Noroeste e Missões","Link":"https://www.instagram.com/digitcompany_/"},"geometry":{"type":"Point","coordinates":[-53.9220126,-28.3891409]}},{"type":"Feature","properties":{"Ambiente":"NÃO INFORMADO","Startup":"DigitalHealt","Estágio":"Crescimento","Segmento":"Indústria 4.0","Vertical":"Tech Consultancies","Relação com o Mercado":"B2B e B2G","Modelo de Negócio":"Outro","Cidade":"Porto Alegre","Região":"Metropolitana e Litoral Norte","Link":""},"geometry":{"type":"Point","coordinates":[-51.2089887,-30.0368176]}},{"type":"Feature","properties":{"Ambiente":"TECNOUNISC","Startup":"Digitalis Marketing Ltda","Estágio":"Crescimento","Segmento":"Marketing e Publicidade","Vertical":"MarTech","Relação com o Mercado":"B2B2C","Modelo de Negócio":"Assinatura","Cidade":"Santa Cruz do Sul","Região":"Região dos Vales","Link":"https://digitalismarketing.com.br/"},"geometry":{"type":"Point","coordinates":[-52.4358285,-29.7240622]}},{"type":"Feature","properties":{"Ambiente":"NÃO INFORMADO","Startup":"Digitalliza Solucoes Corporativas","Estágio":"Crescimento","Segmento":"TI (Tecnologia da Informação)","Vertical":"ITTech","Relação com o Mercado":"B2B","Modelo de Negócio":"Não Informado","Cidade":"Campo Bom","Região":"Metropolitana e Litoral Norte","Link":"https://www.digitalliza.com.br/"},"geometry":{"type":"Point","coordinates":[-51.0613111,-29.6747831]}},{"type":"Feature","properties":{"Ambiente":"NÃO INFORMADO","Startup":"Dimensio","Estágio":"Crescimento","Segmento":"Software e Cloud","Vertical":"VR/AR Tech","Relação com o Mercado":"B2B e B2G","Modelo de Negócio":"Outro","Cidade":"Pelotas","Região":"Sul","Link":"https://dimensio.pro/"},"geometry":{"type":"Point","coordinates":[-52.3313342,-31.7700081]}},{"type":"Feature","properties":{"Ambiente":"NÃO INFORMADO","Startup":"DivTec","Estágio":"Validação","Segmento":"TI (Tecnologia da Informação)","Vertical":"ITTech","Relação com o Mercado":"B2B","Modelo de Negócio":"Outro","Cidade":"Santa Rosa","Região":"Noroeste e Missões","Link":"https://www.divtec.com.br/"},"geometry":{"type":"Point","coordinates":[-54.4797042,-27.8700347]}},{"type":"Feature","properties":{"Ambiente":"NÃO INFORMADO","Startup":"doc9","Estágio":"Ideação","Segmento":"Jurídico","Vertical":"RegTech","Relação com o Mercado":"B2B2C","Modelo de Negócio":"Não Informado","Cidade":"Porto Alegre","Região":"Metropolitana e Litoral Norte","Link":"https://doc9.com.br/"},"geometry":{"type":"Point","coordinates":[-51.2089887,-30.0368176]}},{"type":"Feature","properties":{"Ambiente":"NÃO INFORMADO","Startup":"DoctorCondo","Estágio":"Ideação","Segmento":"Software e Cloud","Vertical":"PropTech","Relação com o Mercado":"B2B2C","Modelo de Negócio":"Não Informado","Cidade":"Canoas","Região":"Metropolitana e Litoral Norte","Link":"https://www.doctorcondo.com.br/"},"geometry":{"type":"Point","coordinates":[-51.1847036,-29.9077898]}},{"type":"Feature","properties":{"Ambiente":"NÃO INFORMADO","Startup":"Dois Atitude Criativa","Estágio":"Crescimento","Segmento":"Comunicação","Vertical":"EdTech","Relação com o Mercado":"B2B e B2C","Modelo de Negócio":"Outro","Cidade":"Santa Maria","Região":"Central","Link":"http://www.doisac.com"},"geometry":{"type":"Point","coordinates":[-53.7923441,-29.6894984]}},{"type":"Feature","properties":{"Ambiente":"NÃO INFORMADO","Startup":"DokaLab CX","Estágio":"Crescimento","Segmento":"Consultorias e Treinamentos","Vertical":"Inovação Social","Relação com o Mercado":"B2B","Modelo de Negócio":"Pay-per-use","Cidade":"Vera Cruz","Região":"Região dos Vales","Link":"https://www.instagram.com/dokalabcx/"},"geometry":{"type":"Point","coordinates":[-52.501301,-29.712065]}},{"type":"Feature","properties":{"Ambiente":"CRIATEC UNIJUÍ","Startup":"Doled","Estágio":"Crescimento","Segmento":"Engenharia e Indústria Geral","Vertical":"EnergyTech","Relação com o Mercado":"A2A","Modelo de Negócio":"Assinatura","Cidade":"Ijuí","Região":"Noroeste e Missões","Link":"https://www.doled.net.br/"},"geometry":{"type":"Point","coordinates":[-53.9220126,-28.3891409]}},{"type":"Feature","properties":{"Ambiente":"NÃO INFORMADO","Startup":"Dona job","Estágio":"Validação","Segmento":"Marketing e Publicidade","Vertical":"MarTech","Relação com o Mercado":"B2B e B2C","Modelo de Negócio":"Assinatura","Cidade":"Sapucaia do Sul","Região":"Metropolitana e Litoral Norte","Link":"https://www.instagram.com/donajobagencia/"},"geometry":{"type":"Point","coordinates":[-51.146738,-29.8236495]}},{"type":"Feature","properties":{"Ambiente":"NÃO INFORMADO","Startup":"Donamaid","Estágio":"Escala","Segmento":"Serviços","Vertical":"CleanTech","Relação com o Mercado":"B2B e B2C","Modelo de Negócio":"Assinatura","Cidade":"Pelotas","Região":"Sul","Link":"https://www.donamaid.com"},"geometry":{"type":"Point","coordinates":[-52.3313342,-31.7700081]}},{"type":"Feature","properties":{"Ambiente":"UPF PARQUE","Startup":"DONNASAFE","Estágio":"Ideação","Segmento":"Saúde e Bem-Estar","Vertical":"HealthTech","Relação com o Mercado":"B2B2C","Modelo de Negócio":"Não Informado","Cidade":"Passo Fundo","Região":"Produção e Norte","Link":"https://www.donnasafe.com.br/"},"geometry":{"type":"Point","coordinates":[-52.4102752,-28.2622705]}},{"type":"Feature","properties":{"Ambiente":"NÃO INFORMADO","Startup":"Dootax","Estágio":"Validação","Segmento":"Financeiro","Vertical":"Fintech","Relação com o Mercado":"B2B","Modelo de Negócio":"Não Informado","Cidade":"Porto Alegre","Região":"Metropolitana e Litoral Norte","Link":"https://dootax.com.br/"},"geometry":{"type":"Point","coordinates":[-51.2089887,-30.0368176]}},{"type":"Feature","properties":{"Ambiente":"NÃO INFORMADO","Startup":"Dorak","Estágio":"Crescimento","Segmento":"Software e Cloud","Vertical":"CyberSecurity","Relação com o Mercado":"B2B","Modelo de Negócio":"Não Informado","Cidade":"Dois Irmãos","Região":"Metropolitana e Litoral Norte","Link":"https://dorak.com.br/"},"geometry":{"type":"Point","coordinates":[-51.0877223,-29.5883462]}},{"type":"Feature","properties":{"Ambiente":"NÃO INFORMADO","Startup":"Dream Success","Estágio":"Escala","Segmento":"Consultorias e Treinamentos","Vertical":"Tech Consultancies","Relação com o Mercado":"B2B","Modelo de Negócio":"Custo por Aquisição","Cidade":"São Marcos","Região":"Serra Gaúcha","Link":"https://www.dmsuccess.com.br/"},"geometry":{"type":"Point","coordinates":[-51.0710475,-28.9689549]}},{"type":"Feature","properties":{"Ambiente":"TECNOPUC","Startup":"Drexfy","Estágio":"Validação","Segmento":"Financeiro","Vertical":"FinTech","Relação com o Mercado":"B2B","Modelo de Negócio":"Outro","Cidade":"Porto Alegre","Região":"Metropolitana e Litoral Norte","Link":"https://www.drexfy.com"},"geometry":{"type":"Point","coordinates":[-51.2089887,-30.0368176]}},{"type":"Feature","properties":{"Ambiente":"UPF PARQUE","Startup":"DRONE KIDS","Estágio":"Crescimento","Segmento":"Educação e Ensino","Vertical":"EdTech","Relação com o Mercado":"B2B2C","Modelo de Negócio":"Não Informado","Cidade":"Passo Fundo","Região":"Produção e Norte","Link":"https://www.instagram.com/dronekids.passofundo/"},"geometry":{"type":"Point","coordinates":[-52.4102752,-28.2622705]}},{"type":"Feature","properties":{"Ambiente":"NÃO INFORMADO","Startup":"Drones for Agro","Estágio":"Crescimento","Segmento":"Agronegócio","Vertical":"AgTech","Relação com o Mercado":"B2B","Modelo de Negócio":"Não Informado","Cidade":"Não-Me-Toque","Região":"Central","Link":"https://www.linkedin.com/company/dronesforagro/?originalSubdomain=br"},"geometry":{"type":"Point","coordinates":[-52.8208556,-28.460032]}},{"type":"Feature","properties":{"Ambiente":"NÃO INFORMADO","Startup":"DSB LABS","Estágio":"Crescimento","Segmento":"TI (Tecnologia da Informação)","Vertical":"ITTech","Relação com o Mercado":"B2B","Modelo de Negócio":"Não Informado","Cidade":"Porto Alegre","Região":"Metropolitana e Litoral Norte","Link":"https://dsbrigade.com/"},"geometry":{"type":"Point","coordinates":[-51.2089887,-30.0368176]}},{"type":"Feature","properties":{"Ambiente":"NÃO INFORMADO","Startup":"Dublauto Gaúcha","Estágio":"Escala","Segmento":"Saúde e Bem-Estar","Vertical":"RetailTech","Relação com o Mercado":"B2B","Modelo de Negócio":"Não Informado","Cidade":"Campo Bom","Região":"Metropolitana e Litoral Norte","Link":"https://gaucha.dublauto.com.br/home"},"geometry":{"type":"Point","coordinates":[-51.0613111,-29.6747831]}},{"type":"Feature","properties":{"Ambiente":"TECNOPUC","Startup":"DX.CO","Estágio":"Crescimento","Segmento":"Marketing e Publicidade","Vertical":"MarTech","Relação com o Mercado":"B2B","Modelo de Negócio":"Custo por Aquisição","Cidade":"Porto Alegre","Região":"Metropolitana e Litoral Norte","Link":"https://marketing.4all.com/dxco"},"geometry":{"type":"Point","coordinates":[-51.2089887,-30.0368176]}},{"type":"Feature","properties":{"Ambiente":"IATI-FEMA","Startup":"É de Casa - Lavanderia Express","Estágio":"Crescimento","Segmento":"Serviços","Vertical":"Outras","Relação com o Mercado":"B2C","Modelo de Negócio":"SaaS","Cidade":"Santa Rosa","Região":"Noroeste e Missões","Link":"https://www.instagram.com/edecasa_lavanderiaexpress/"},"geometry":{"type":"Point","coordinates":[-54.4797042,-27.8700347]}},{"type":"Feature","properties":{"Ambiente":"SMICT GRAVATAÍ","Startup":"Eagle Care","Estágio":"Crescimento","Segmento":"Saúde e Bem-Estar","Vertical":"HealthTech","Relação com o Mercado":"B2B e B2G","Modelo de Negócio":"SaaS","Cidade":"São Leopoldo","Região":"Metropolitana e Litoral Norte","Link":"https://www.eaglecare.com.br/"},"geometry":{"type":"Point","coordinates":[-51.1480174,-29.7607417]}},{"type":"Feature","properties":{"Ambiente":"NÃO INFORMADO","Startup":"Eagles","Estágio":"Validação","Segmento":"Marketing e Publicidade","Vertical":"MarTech","Relação com o Mercado":"B2B","Modelo de Negócio":"Não Informado","Cidade":"Campo Bom","Região":"Metropolitana e Litoral Norte","Link":"https://www.eaglesx.com/"},"geometry":{"type":"Point","coordinates":[-51.0613111,-29.6747831]}},{"type":"Feature","properties":{"Ambiente":"TECNOPUC","Startup":"Easy Choose","Estágio":"Validação","Segmento":"Saúde e Bem-Estar","Vertical":"HealthTech","Relação com o Mercado":"B2B2C","Modelo de Negócio":"Assinatura","Cidade":"Porto Alegre","Região":"Metropolitana e Litoral Norte","Link":"https://www.easychoose.co/"},"geometry":{"type":"Point","coordinates":[-51.2089887,-30.0368176]}},{"type":"Feature","properties":{"Ambiente":"UALL","Startup":"Easy Mecânicas","Estágio":"Crescimento","Segmento":"Automotivo","Vertical":"AutoTech","Relação com o Mercado":"B2B2C","Modelo de Negócio":"Marketplace","Cidade":"Bagé","Região":"Campanha e Fronteira Oeste","Link":"https://easymecanicas.com.br/"},"geometry":{"type":"Point","coordinates":[-54.1065079,-31.3332251]}},{"type":"Feature","properties":{"Ambiente":"TECNOUNISC","Startup":"EasyAg Desenvolvimento de Software Ltda","Estágio":"Escala","Segmento":"Agronegócio","Vertical":"AgTech","Relação com o Mercado":"B2B","Modelo de Negócio":"Assinatura","Cidade":"Santa Cruz do Sul","Região":"Região dos Vales","Link":"https://www.instagram.com/luisaugustobennemannde/"},"geometry":{"type":"Point","coordinates":[-52.4358285,-29.7240622]}},{"type":"Feature","properties":{"Ambiente":"NÃO INFORMADO","Startup":"Easypro Tecnologia","Estágio":"Validação","Segmento":"TI (Tecnologia da Informação)","Vertical":"IndTech","Relação com o Mercado":"B2B","Modelo de Negócio":"Não Informado","Cidade":"Campo Bom","Região":"Metropolitana e Litoral Norte","Link":"https://www.easypro.com.br/"},"geometry":{"type":"Point","coordinates":[-51.0613111,-29.6747831]}},{"type":"Feature","properties":{"Ambiente":"NÃO INFORMADO","Startup":"EC PLUS","Estágio":"Crescimento","Segmento":"Software e Cloud","Vertical":"ITTech","Relação com o Mercado":"B2C","Modelo de Negócio":"Não Informado","Cidade":"Porto Alegre","Região":"Metropolitana e Litoral Norte","Link":"https://www.manu2b.com"},"geometry":{"type":"Point","coordinates":[-51.2089887,-30.0368176]}},{"type":"Feature","properties":{"Ambiente":"TECNOPUC","Startup":"Ecco Soma - SIC-PVDG Connect Energy","Estágio":"Crescimento","Segmento":"Energia","Vertical":"EnergyTech","Relação com o Mercado":"B2B","Modelo de Negócio":"Não Informado","Cidade":"Santa Cruz do Sul","Região":"Região dos Vales","Link":"http://sic-ecco.com.br/"},"geometry":{"type":"Point","coordinates":[-52.4358285,-29.7240622]}},{"type":"Feature","properties":{"Ambiente":"CRIATEC UNIJUÍ","Startup":"ECKO GESTÃO DE MARKETING","Estágio":"Validação","Segmento":"Mídia e Comunicação","Vertical":"MarTech","Relação com o Mercado":"B2B","Modelo de Negócio":"Pay-per-use","Cidade":"Santa Rosa","Região":"Noroeste e Missões","Link":"https://eckogm.com.br/bio/"},"geometry":{"type":"Point","coordinates":[-54.4797042,-27.8700347]}},{"type":"Feature","properties":{"Ambiente":"NÃO INFORMADO","Startup":"ECOBOTICA","Estágio":"Escala","Segmento":"Serviços","Vertical":"HealthTech","Relação com o Mercado":"B2C","Modelo de Negócio":"Transação","Cidade":"Porto Alegre","Região":"Metropolitana e Litoral Norte","Link":"https://www.ecobotica.com.br/"},"geometry":{"type":"Point","coordinates":[-51.2089887,-30.0368176]}},{"type":"Feature","properties":{"Ambiente":"NÃO INFORMADO","Startup":"Ecodash","Estágio":"Validação","Segmento":"Comércio e Varejo","Vertical":"FashionTech","Relação com o Mercado":"B2C","Modelo de Negócio":"Não Informado","Cidade":"Porto Alegre","Região":"Metropolitana e Litoral Norte","Link":"https://ecodash.lojavirtualnuvem.com.br/"},"geometry":{"type":"Point","coordinates":[-51.2089887,-30.0368176]}},{"type":"Feature","properties":{"Ambiente":"NÃO INFORMADO","Startup":"Ecominhocas","Estágio":"Crescimento","Segmento":"Agronegócio","Vertical":"AgTech","Relação com o Mercado":"B2B","Modelo de Negócio":"Não Informado","Cidade":"Rio Grande","Região":"Sul","Link":"https://linktr.ee/ecominhocas"},"geometry":{"type":"Point","coordinates":[-52.1016953,-32.0407893]}},{"type":"Feature","properties":{"Ambiente":"NÃO INFORMADO","Startup":"Ecommerce na Veia","Estágio":"Validação","Segmento":"Serviços","Vertical":"RetailTech","Relação com o Mercado":"B2B e B2C","Modelo de Negócio":"Não Informado","Cidade":"Porto Alegre","Região":"Metropolitana e Litoral Norte","Link":"https://www.ecommnaveia.com/"},"geometry":{"type":"Point","coordinates":[-51.2089887,-30.0368176]}},{"type":"Feature","properties":{"Ambiente":"NÃO INFORMADO","Startup":"E-conecta","Estágio":"Crescimento","Segmento":"Marketing e Publicidade","Vertical":"MarTech","Relação com o Mercado":"B2B e B2C","Modelo de Negócio":"SaaS","Cidade":"Porto Alegre","Região":"Metropolitana e Litoral Norte","Link":""},"geometry":{"type":"Point","coordinates":[-51.2089887,-30.0368176]}},{"type":"Feature","properties":{"Ambiente":"INSTITUTO CALDEIRA","Startup":"ECONODATA TECNOLOGIA DA INFORMACAO LTDA","Estágio":"Não Informado","Segmento":"Outros","Vertical":"ITTech","Relação com o Mercado":"B2B","Modelo de Negócio":"Não Informado","Cidade":"Caxias do Sul","Região":"Serra Gaúcha","Link":"https://www.econodata.com.br/"},"geometry":{"type":"Point","coordinates":[-51.1812032,-29.1740137]}},{"type":"Feature","properties":{"Ambiente":"ITEC/UCS","Startup":"Econoferta Soluções Econômica Ltda.","Estágio":"Não Informado","Segmento":"Software e Cloud","Vertical":"ITTech","Relação com o Mercado":"Não Informado","Modelo de Negócio":"Não Informado","Cidade":"Caxias do Sul","Região":"Serra Gaúcha","Link":"https://www.econodata.com.br/"},"geometry":{"type":"Point","coordinates":[-51.1812032,-29.1740137]}},{"type":"Feature","properties":{"Ambiente":"NÃO INFORMADO","Startup":"Ecooler","Estágio":"Validação","Segmento":"Software e Cloud","Vertical":"GreenTech","Relação com o Mercado":"B2B","Modelo de Negócio":"Não Informado","Cidade":"Carlos Barbosa","Região":"Serra Gaúcha","Link":"https://www.ecooler.com.br/"},"geometry":{"type":"Point","coordinates":[-51.5012456,-29.2953565]}},{"type":"Feature","properties":{"Ambiente":"ITEC PARK UFN","Startup":"Ecos Certificado Digital","Estágio":"Crescimento","Segmento":"Software e Cloud","Vertical":"RegTech","Relação com o Mercado":"B2B e B2C","Modelo de Negócio":"Transação","Cidade":"Santa Maria","Região":"Central","Link":"https://www.ecoscertificadodigital.com/"},"geometry":{"type":"Point","coordinates":[-53.7923441,-29.6894984]}},{"type":"Feature","properties":{"Ambiente":"NÃO INFORMADO","Startup":"ECOSANIPETS Produtos Sustentáveis Ecológicos","Estágio":"Ideação","Segmento":"Meio Ambiente e Sustentabilidade","Vertical":"PetTech","Relação com o Mercado":"B2B e B2C","Modelo de Negócio":"Não Informado","Cidade":"Porto Alegre","Região":"Metropolitana e Litoral Norte","Link":"https://www.instagram.com/ecosanipets/"},"geometry":{"type":"Point","coordinates":[-51.2089887,-30.0368176]}},{"type":"Feature","properties":{"Ambiente":"IECBIOT UFRGS","Startup":"Ecosynth","Estágio":"Ideação","Segmento":"Pesquisa","Vertical":"BioTech","Relação com o Mercado":"B2B","Modelo de Negócio":"Outro","Cidade":"Canoas","Região":"Metropolitana e Litoral Norte","Link":""},"geometry":{"type":"Point","coordinates":[-51.1847036,-29.9077898]}},{"type":"Feature","properties":{"Ambiente":"NÃO INFORMADO","Startup":"Educação com Inteligência Artificial","Estágio":"Ideação","Segmento":"IA (Inteligência Artificial)","Vertical":"EdTech","Relação com o Mercado":"B2B e B2C","Modelo de Negócio":"SaaS","Cidade":"Gravataí","Região":"Metropolitana e Litoral Norte","Link":"https://www.instagram.com/omilionarioia/"},"geometry":{"type":"Point","coordinates":[-50.9947529,-29.9398869]}},{"type":"Feature","properties":{"Ambiente":"NÃO INFORMADO","Startup":"EduFy","Estágio":"Validação","Segmento":"Software e Cloud","Vertical":"EdTech","Relação com o Mercado":"B2B","Modelo de Negócio":"Não Informado","Cidade":"Porto Alegre","Região":"Metropolitana e Litoral Norte","Link":"https://edufy.com.br/"},"geometry":{"type":"Point","coordinates":[-51.2089887,-30.0368176]}},{"type":"Feature","properties":{"Ambiente":"NÃO INFORMADO","Startup":"EFC SMART SOLUTIONS LTDA","Estágio":"Ideação","Segmento":"IoT (Internet das Coisas)","Vertical":"Smart City","Relação com o Mercado":"B2B","Modelo de Negócio":"Outro","Cidade":"Porto Alegre","Região":"Metropolitana e Litoral Norte","Link":"https://efcss.com.br/"},"geometry":{"type":"Point","coordinates":[-51.2089887,-30.0368176]}},{"type":"Feature","properties":{"Ambiente":"TECNOPUC","Startup":"Efetiva Portal","Estágio":"Validação","Segmento":"Financeiro","Vertical":"FinTech","Relação com o Mercado":"B2B","Modelo de Negócio":"Assinatura","Cidade":"Porto Alegre","Região":"Metropolitana e Litoral Norte","Link":"https://efetiva.cnt.br/wp/"},"geometry":{"type":"Point","coordinates":[-51.2089887,-30.0368176]}},{"type":"Feature","properties":{"Ambiente":"TECNOPUC","Startup":"efexHub","Estágio":"Validação","Segmento":"Financeiro","Vertical":"FinTech","Relação com o Mercado":"B2B","Modelo de Negócio":"Custo por Aquisição","Cidade":"Porto Alegre","Região":"Metropolitana e Litoral Norte","Link":"https://efexhub.com.br/"},"geometry":{"type":"Point","coordinates":[-51.2089887,-30.0368176]}},{"type":"Feature","properties":{"Ambiente":"NÃO INFORMADO","Startup":"egestor","Estágio":"Validação","Segmento":"Software e Cloud","Vertical":"EdTech","Relação com o Mercado":"B2B","Modelo de Negócio":"Não Informado","Cidade":"Santa Maria","Região":"Central","Link":"https://egestor.com.br/"},"geometry":{"type":"Point","coordinates":[-53.7923441,-29.6894984]}},{"type":"Feature","properties":{"Ambiente":"TECNOSINOS","Startup":"EHDOC TELEHEALTH","Estágio":"Crescimento","Segmento":"Não Informado","Vertical":"HealthTech","Relação com o Mercado":"Não Informado","Modelo de Negócio":"Não Informado","Cidade":"São Leopoldo","Região":"Metropolitana e Litoral Norte","Link":"https://www.ehdoc.com.br/"},"geometry":{"type":"Point","coordinates":[-51.1480174,-29.7607417]}},{"type":"Feature","properties":{"Ambiente":"TECNOPUC","Startup":"Eirene Solutions","Estágio":"Crescimento","Segmento":"Agronegócio","Vertical":"AgTech","Relação com o Mercado":"B2C","Modelo de Negócio":"Custo por Aquisição","Cidade":"Porto Alegre","Região":"Metropolitana e Litoral Norte","Link":"https://www.savefarm.com.br/"},"geometry":{"type":"Point","coordinates":[-51.2089887,-30.0368176]}},{"type":"Feature","properties":{"Ambiente":"CRIATEC UNIJUÍ","Startup":"ELEDE","Estágio":"Escala","Segmento":"TI (Tecnologia da Informação)","Vertical":"ITTech","Relação com o Mercado":"B2B","Modelo de Negócio":"Software House","Cidade":"Santa Rosa","Região":"Noroeste e Missões","Link":"https://elede.com.br/"},"geometry":{"type":"Point","coordinates":[-54.4797042,-27.8700347]}},{"type":"Feature","properties":{"Ambiente":"INSTITUTO CALDEIRA","Startup":"ELEGY","Estágio":"Não Informado","Segmento":"Meio Ambiente e Sustentabilidade","Vertical":"GreenTech","Relação com o Mercado":"B2B","Modelo de Negócio":"Não Informado","Cidade":"Porto Alegre","Região":"Metropolitana e Litoral Norte","Link":""},"geometry":{"type":"Point","coordinates":[-51.2089887,-30.0368176]}},{"type":"Feature","properties":{"Ambiente":"NÃO INFORMADO","Startup":"ELEVAGRO","Estágio":"Crescimento","Segmento":"Educação e Ensino","Vertical":"AgTech","Relação com o Mercado":"B2B","Modelo de Negócio":"Assinatura","Cidade":"Porto Alegre","Região":"Metropolitana e Litoral Norte","Link":"https://elevagro.com"},"geometry":{"type":"Point","coordinates":[-51.2089887,-30.0368176]}},{"type":"Feature","properties":{"Ambiente":"INSTITUTO CALDEIRA","Startup":"ELEVEN","Estágio":"Não Informado","Segmento":"RH e Coaching","Vertical":"HRTech","Relação com o Mercado":"B2B","Modelo de Negócio":"Não Informado","Cidade":"Esteio","Região":"Metropolitana e Litoral Norte","Link":"https://elevenp.com.br/"},"geometry":{"type":"Point","coordinates":[-51.1745813,-29.8464418]}},{"type":"Feature","properties":{"Ambiente":"TECNOUNISC","Startup":"Elis Vargas Libras e Comunicação Ltda","Estágio":"Escala","Segmento":"Comunicação","Vertical":"EdTech","Relação com o Mercado":"B2B2C","Modelo de Negócio":"Serviços Baseados em Taxas","Cidade":"Santa Cruz do Sul","Região":"Região dos Vales","Link":"https://www.instagram.com/elisandra94/"},"geometry":{"type":"Point","coordinates":[-52.4358285,-29.7240622]}},{"type":"Feature","properties":{"Ambiente":"NÃO INFORMADO","Startup":"Ella Hub","Estágio":"Crescimento","Segmento":"Gestão de Negócios e Projetos","Vertical":"Inovação Social","Relação com o Mercado":"B2B e B2G","Modelo de Negócio":"Não Informado","Cidade":"Caxias do Sul","Região":"Serra Gaúcha","Link":"https://ellahub.com/"},"geometry":{"type":"Point","coordinates":[-51.1812032,-29.1740137]}},{"type":"Feature","properties":{"Ambiente":"LAB FECOMÉRCIO-RS","Startup":"Ella Lidera","Estágio":"Ideação","Segmento":"Educação e Ensino","Vertical":"EdTech","Relação com o Mercado":"B2C","Modelo de Negócio":"Não Informado","Cidade":"Canoas","Região":"Metropolitana e Litoral Norte","Link":"https://ellalidera.com.br/"},"geometry":{"type":"Point","coordinates":[-51.1847036,-29.9077898]}},{"type":"Feature","properties":{"Ambiente":"VENTIUR","Startup":"Elysios","Estágio":"Crescimento","Segmento":"Agronegócio","Vertical":"AgTech","Relação com o Mercado":"B2B","Modelo de Negócio":"Assinatura","Cidade":"Porto Alegre","Região":"Metropolitana e Litoral Norte","Link":"https://elysios.com.br/"},"geometry":{"type":"Point","coordinates":[-51.2089887,-30.0368176]}},{"type":"Feature","properties":{"Ambiente":"NÃO INFORMADO","Startup":"EMA","Estágio":"Crescimento","Segmento":"Construção Civil","Vertical":"ConstruTech","Relação com o Mercado":"B2B2C","Modelo de Negócio":"Marketplace","Cidade":"Marau","Região":"Produção e Norte","Link":""},"geometry":{"type":"Point","coordinates":[-52.1994957,-28.4476297]}},{"type":"Feature","properties":{"Ambiente":"IATI-FEMA","Startup":"Empathy - Consultório de Enfermagem","Estágio":"Escala","Segmento":"Saúde e Bem-Estar","Vertical":"HealthTech","Relação com o Mercado":"B2C","Modelo de Negócio":"SaaS","Cidade":"Santa Rosa","Região":"Noroeste e Missões","Link":"https://www.instagram.com/enfermagem_empathy/"},"geometry":{"type":"Point","coordinates":[-54.4797042,-27.8700347]}},{"type":"Feature","properties":{"Ambiente":"TECNOPUC","Startup":"E-My Space","Estágio":"Validação","Segmento":"Serviços","Vertical":"PropTech","Relação com o Mercado":"B2B2C","Modelo de Negócio":"SaaS","Cidade":"Porto Alegre","Região":"Metropolitana e Litoral Norte","Link":"https://www.e-myspace.com.br"},"geometry":{"type":"Point","coordinates":[-51.2089887,-30.0368176]}},{"type":"Feature","properties":{"Ambiente":"HORIZONTE FAHOR","Startup":"Energeticos Naturais Abreu","Estágio":"Ideação","Segmento":"Alimentos e Bebidas","Vertical":"FoodTech","Relação com o Mercado":"B2C","Modelo de Negócio":"Economia Circular","Cidade":"Horizontina","Região":"Noroeste e Missões","Link":"Não Informado"},"geometry":{"type":"Point","coordinates":[-54.3059728,-27.628239]}},{"type":"Feature","properties":{"Ambiente":"TECNOPUC","Startup":"Energia das Coisas","Estágio":"Crescimento","Segmento":"Energia","Vertical":"EnergyTech","Relação com o Mercado":"B2B","Modelo de Negócio":"SaaS","Cidade":"Porto Alegre","Região":"Metropolitana e Litoral Norte","Link":"https://www.energiadascoisas.com.br/"},"geometry":{"type":"Point","coordinates":[-51.2089887,-30.0368176]}},{"type":"Feature","properties":{"Ambiente":"NÃO INFORMADO","Startup":"Enforce","Estágio":"Crescimento","Segmento":"Software e Cloud","Vertical":"ITTech","Relação com o Mercado":"B2B","Modelo de Negócio":"Assinatura","Cidade":"Caxias do Sul","Região":"Serra Gaúcha","Link":"https://www.enforce.com.br/"},"geometry":{"type":"Point","coordinates":[-51.1812032,-29.1740137]}},{"type":"Feature","properties":{"Ambiente":"PULSAR","Startup":"Engesa","Estágio":"Ideação","Segmento":"Aeroespacial","Vertical":"SpaceTech","Relação com o Mercado":"B2B e B2G","Modelo de Negócio":"Outro","Cidade":"Santa Maria","Região":"Central","Link":""},"geometry":{"type":"Point","coordinates":[-53.7923441,-29.6894984]}},{"type":"Feature","properties":{"Ambiente":"INSTITUTO CALDEIRA","Startup":"ENTER TECH EDU","Estágio":"Não Informado","Segmento":"Educação e Ensino","Vertical":"EdTech","Relação com o Mercado":"B2B e B2C","Modelo de Negócio":"SaaS","Cidade":"Porto Alegre","Região":"Metropolitana e Litoral Norte","Link":"https://entertechedu.com/"},"geometry":{"type":"Point","coordinates":[-51.2089887,-30.0368176]}},{"type":"Feature","properties":{"Ambiente":"NÃO INFORMADO","Startup":"Enttry - Guardian","Estágio":"Crescimento","Segmento":"Software e Cloud","Vertical":"ITTech","Relação com o Mercado":"B2B","Modelo de Negócio":"Não Informado","Cidade":"Caxias do Sul","Região":"Serra Gaúcha","Link":"https://enttry.com.br/"},"geometry":{"type":"Point","coordinates":[-51.1812032,-29.1740137]}},{"type":"Feature","properties":{"Ambiente":"NÃO INFORMADO","Startup":"Envolp soluções","Estágio":"Crescimento","Segmento":"Engenharia e Indústria Geral","Vertical":"IndTech","Relação com o Mercado":"B2B","Modelo de Negócio":"Transação","Cidade":"Passo Fundo","Região":"Produção e Norte","Link":"https://envolp.com/"},"geometry":{"type":"Point","coordinates":[-52.4102752,-28.2622705]}},{"type":"Feature","properties":{"Ambiente":"LAB FECOMÉRCIO-RS","Startup":"Epigenica Biosciences","Estágio":"Validação","Segmento":"Saúde e Bem-Estar","Vertical":"BioTech","Relação com o Mercado":"B2B e B2C","Modelo de Negócio":"Outro","Cidade":"Porto Alegre","Região":"Metropolitana e Litoral Norte","Link":"https://www.epigenica.com.br/"},"geometry":{"type":"Point","coordinates":[-51.2089887,-30.0368176]}},{"type":"Feature","properties":{"Ambiente":"NÃO INFORMADO","Startup":"ESG action","Estágio":"Validação","Segmento":"Consultorias e Treinamentos","Vertical":"RegTech","Relação com o Mercado":"B2B","Modelo de Negócio":"Não Informado","Cidade":"Porto Alegre","Região":"Metropolitana e Litoral Norte","Link":"https://www.esgaction.com.br/"},"geometry":{"type":"Point","coordinates":[-51.2089887,-30.0368176]}},{"type":"Feature","properties":{"Ambiente":"INSTITUTO CALDEIRA","Startup":"ESG Now","Estágio":"Crescimento","Segmento":"Meio Ambiente e Sustentabilidade","Vertical":"EsgTech","Relação com o Mercado":"B2B","Modelo de Negócio":"Assinatura","Cidade":"Taquara","Região":"Metropolitana e Litoral Norte","Link":"https://www.esgnow.co/"},"geometry":{"type":"Point","coordinates":[-50.7763602,-29.6516601]}},{"type":"Feature","properties":{"Ambiente":"VENTIUR","Startup":"ESG Now","Estágio":"Crescimento","Segmento":"Meio Ambiente e Sustentabilidade","Vertical":"EsgTech","Relação com o Mercado":"B2B","Modelo de Negócio":"Assinatura","Cidade":"Taquara","Região":"Metropolitana e Litoral Norte","Link":"https://www.esgnow.co/"},"geometry":{"type":"Point","coordinates":[-50.7763602,-29.6516601]}},{"type":"Feature","properties":{"Ambiente":"NÃO INFORMADO","Startup":"Essências do Éden","Estágio":"Ideação","Segmento":"Alimentos e Bebidas","Vertical":"Foodtech","Relação com o Mercado":"B2B","Modelo de Negócio":"Não Informado","Cidade":"Porto Alegre","Região":"Metropolitana e Litoral Norte","Link":"https://essenciasdoedenn.lojavirtualnuvem.com.br/"},"geometry":{"type":"Point","coordinates":[-51.2089887,-30.0368176]}},{"type":"Feature","properties":{"Ambiente":"MIRALABS","Startup":"Essent Agro Contabilidade Rural","Estágio":"Escala","Segmento":"Agronegócio","Vertical":"AgTech","Relação com o Mercado":"B2B2C","Modelo de Negócio":"SaaS","Cidade":"Horizontina","Região":"Noroeste e Missões","Link":"https://essentagro.com.br/"},"geometry":{"type":"Point","coordinates":[-54.3059728,-27.628239]}},{"type":"Feature","properties":{"Ambiente":"NÃO INFORMADO","Startup":"ESTAGIÔ","Estágio":"Crescimento","Segmento":"Serviços","Vertical":"HRTech","Relação com o Mercado":"B2B2C","Modelo de Negócio":"Pay-per-use","Cidade":"Passo Fundo","Região":"Produção e Norte","Link":""},"geometry":{"type":"Point","coordinates":[-52.4102752,-28.2622705]}},{"type":"Feature","properties":{"Ambiente":"PULSAR","Startup":"E-tics","Estágio":"Ideação","Segmento":"Educação e Ensino","Vertical":"EdTech","Relação com o Mercado":"B2B e B2G","Modelo de Negócio":"Assinatura","Cidade":"Santa Maria","Região":"Central","Link":""},"geometry":{"type":"Point","coordinates":[-53.7923441,-29.6894984]}},{"type":"Feature","properties":{"Ambiente":"NÃO INFORMADO","Startup":"Eurekka","Estágio":"Escala","Segmento":"Saúde e Bem-Estar","Vertical":"HealthTech","Relação com o Mercado":"B2B e B2C","Modelo de Negócio":"Não Informado","Cidade":"Porto Alegre","Região":"Metropolitana e Litoral Norte","Link":"https://eurekka.me/"},"geometry":{"type":"Point","coordinates":[-51.2089887,-30.0368176]}},{"type":"Feature","properties":{"Ambiente":"INSTITUTO CALDEIRA","Startup":"EvcomX","Estágio":"Não Informado","Segmento":"Software e Cloud","Vertical":"ITTech","Relação com o Mercado":"B2B","Modelo de Negócio":"Não Informado","Cidade":"Roca Sales","Região":"Região dos Vales","Link":"https://evcomx.com.br/"},"geometry":{"type":"Point","coordinates":[-51.87413,-29.2869142]}},{"type":"Feature","properties":{"Ambiente":"NÃO INFORMADO","Startup":"EVO","Estágio":"Crescimento","Segmento":"Pesquisa","Vertical":"DeepTech","Relação com o Mercado":"B2B2C","Modelo de Negócio":"SaaS","Cidade":"Porto Alegre","Região":"Metropolitana e Litoral Norte","Link":"https://www.linkedin.com/company/evo-deeptech/"},"geometry":{"type":"Point","coordinates":[-51.2089887,-30.0368176]}},{"type":"Feature","properties":{"Ambiente":"NÃO INFORMADO","Startup":"Evolut Inteligência em Engenharia","Estágio":"Ideação","Segmento":"Engenharia e Indústria Geral","Vertical":"Tech Consultancies","Relação com o Mercado":"B2B","Modelo de Negócio":"Não Informado","Cidade":"Caxias do Sul","Região":"Serra Gaúcha","Link":"http://www.evolutengenharia.com.br/sobre"},"geometry":{"type":"Point","coordinates":[-51.1812032,-29.1740137]}},{"type":"Feature","properties":{"Ambiente":"NÃO INFORMADO","Startup":"evove erp","Estágio":"Escala","Segmento":"Software e Cloud","Vertical":"ITTech","Relação com o Mercado":"B2B","Modelo de Negócio":"Não Informado","Cidade":"Lajeado","Região":"Região dos Vales","Link":"https://www.evoveerp.com.br/"},"geometry":{"type":"Point","coordinates":[-51.9679026,-29.4606311]}},{"type":"Feature","properties":{"Ambiente":"NÃO INFORMADO","Startup":"Exactor Sindicos Profissionais Ltda","Estágio":"Escala","Segmento":"Construção Civil","Vertical":"PropTech","Relação com o Mercado":"B2B2C","Modelo de Negócio":"SaaS","Cidade":"Porto Alegre","Região":"Metropolitana e Litoral Norte","Link":"https://www.exactorsindicos.com/"},"geometry":{"type":"Point","coordinates":[-51.2089887,-30.0368176]}},{"type":"Feature","properties":{"Ambiente":"INSTITUTO CALDEIRA","Startup":"ExperMed","Estágio":"Não Informado","Segmento":"Saúde e Bem-Estar","Vertical":"HealthTech","Relação com o Mercado":"B2B","Modelo de Negócio":"Não Informado","Cidade":"Porto Alegre","Região":"Metropolitana e Litoral Norte","Link":"https://expermed.com.br/"},"geometry":{"type":"Point","coordinates":[-51.2089887,-30.0368176]}},{"type":"Feature","properties":{"Ambiente":"NÃO INFORMADO","Startup":"EZDocs","Estágio":"Validação","Segmento":"Jurídico","Vertical":"LawTech","Relação com o Mercado":"B2B","Modelo de Negócio":"Não Informado","Cidade":"Porto Alegre","Região":"Metropolitana e Litoral Norte","Link":"https://www.ezdocs.com.br/"},"geometry":{"type":"Point","coordinates":[-51.2089887,-30.0368176]}},{"type":"Feature","properties":{"Ambiente":"TECNOPUC","Startup":"eZenplo","Estágio":"Ideação","Segmento":"Saúde e Bem-Estar","Vertical":"Inovação Social","Relação com o Mercado":"B2B","Modelo de Negócio":"Custo por Aquisição","Cidade":"Porto Alegre","Região":"Metropolitana e Litoral Norte","Link":"https://ezenplo.com/"},"geometry":{"type":"Point","coordinates":[-51.2089887,-30.0368176]}},{"type":"Feature","properties":{"Ambiente":"SMICT GRAVATAÍ","Startup":"Ezmaker","Estágio":"Ideação","Segmento":"Educação e Ensino","Vertical":"EdTech","Relação com o Mercado":"B2B e B2C","Modelo de Negócio":"Outro","Cidade":"Gravataí","Região":"Metropolitana e Litoral Norte","Link":""},"geometry":{"type":"Point","coordinates":[-50.9947529,-29.9398869]}},{"type":"Feature","properties":{"Ambiente":"NÃO INFORMADO","Startup":"F22 Tech Factory","Estágio":"Ideação","Segmento":"Software e Cloud","Vertical":"ITTech","Relação com o Mercado":"B2C","Modelo de Negócio":"Não Informado","Cidade":"Porto Alegre","Região":"Metropolitana e Litoral Norte","Link":"https://www.f22.com.br/"},"geometry":{"type":"Point","coordinates":[-51.2089887,-30.0368176]}},{"type":"Feature","properties":{"Ambiente":"NÃO INFORMADO","Startup":"FABA","Estágio":"Crescimento","Segmento":"Alimentos e Bebidas","Vertical":"Foodtech","Relação com o Mercado":"B2B e B2C","Modelo de Negócio":"Não Informado","Cidade":"São Leopoldo","Região":"Metropolitana e Litoral Norte","Link":"https://www.instagram.com/faba.alimentos/"},"geometry":{"type":"Point","coordinates":[-51.1480174,-29.7607417]}},{"type":"Feature","properties":{"Ambiente":"CIEMSUL","Startup":"FÁBRICA-B","Estágio":"Validação","Segmento":"Saúde e Bem-Estar","Vertical":"MedTech","Relação com o Mercado":"B2B","Modelo de Negócio":"Outro","Cidade":"Pelotas","Região":"Sul","Link":"https://www.instagram.com/simuladores_academicos/"},"geometry":{"type":"Point","coordinates":[-52.3313342,-31.7700081]}},{"type":"Feature","properties":{"Ambiente":"PELOTAS PARQUE","Startup":"FÁCIL CONSULTA","Estágio":"Escala","Segmento":"Saúde e Bem-Estar","Vertical":"HealthTech","Relação com o Mercado":"B2G","Modelo de Negócio":"Assinatura","Cidade":"Pelotas","Região":"Sul","Link":"https://facilconsulta.com.br/"},"geometry":{"type":"Point","coordinates":[-52.3313342,-31.7700081]}},{"type":"Feature","properties":{"Ambiente":"TECNOUNISC","Startup":"Faksanto Entretenimento","Estágio":"Crescimento","Segmento":"Mídia e Comunicação","Vertical":"EventsTech","Relação com o Mercado":"B2B2C","Modelo de Negócio":"Serviços Baseados em Taxas","Cidade":"Santa Cruz do Sul","Região":"Região dos Vales","Link":"https://www.instagram.com/faksanto/"},"geometry":{"type":"Point","coordinates":[-52.4358285,-29.7240622]}},{"type":"Feature","properties":{"Ambiente":"NÃO INFORMADO","Startup":"Fala Cidadão","Estágio":"Crescimento","Segmento":"Software e Cloud","Vertical":"LegalTech","Relação com o Mercado":"B2B e B2G","Modelo de Negócio":"Assinatura","Cidade":"Novo Hamburgo","Região":"Metropolitana e Litoral Norte","Link":"https://www.falacidadaoapp.com.br/"},"geometry":{"type":"Point","coordinates":[-51.1337471,-29.683463]}},{"type":"Feature","properties":{"Ambiente":"TECNOPUC","Startup":"Faladoc.ai","Estágio":"Validação","Segmento":"Saúde e Bem-Estar","Vertical":"HealthTech","Relação com o Mercado":"B2B2C","Modelo de Negócio":"SaaS","Cidade":"Porto Alegre","Região":"Metropolitana e Litoral Norte","Link":"https://faladoc.ai"},"geometry":{"type":"Point","coordinates":[-51.2089887,-30.0368176]}},{"type":"Feature","properties":{"Ambiente":"PULSAR","Startup":"Farm 360","Estágio":"Validação","Segmento":"Agronegócio","Vertical":"AgTech","Relação com o Mercado":"B2B e B2G","Modelo de Negócio":"Advertising","Cidade":"Santa Maria","Região":"Central","Link":""},"geometry":{"type":"Point","coordinates":[-53.7923441,-29.6894984]}},{"type":"Feature","properties":{"Ambiente":"NÃO INFORMADO","Startup":"Farmbox","Estágio":"Ideação","Segmento":"Software e Cloud","Vertical":"AgTech","Relação com o Mercado":"B2B2C","Modelo de Negócio":"Não Informado","Cidade":"Pelotas","Região":"Sul","Link":"https://www.farmbox.com.br/"},"geometry":{"type":"Point","coordinates":[-52.3313342,-31.7700081]}},{"type":"Feature","properties":{"Ambiente":"NÃO INFORMADO","Startup":"Fast Robot","Estágio":"Validação","Segmento":"Construção Civil","Vertical":"ConstruTech","Relação com o Mercado":"B2B2C","Modelo de Negócio":"Pay-per-use","Cidade":"Novo Hamburgo","Região":"Metropolitana e Litoral Norte","Link":"https://fastrobot.com.br/"},"geometry":{"type":"Point","coordinates":[-51.1337471,-29.683463]}},{"type":"Feature","properties":{"Ambiente":"SMICT GRAVATAÍ","Startup":"Fatura Cliente","Estágio":"Ideação","Segmento":"Não Informado","Vertical":"Não Informado","Relação com o Mercado":"Não Informado","Modelo de Negócio":"Não Informado","Cidade":"Gravataí","Região":"Metropolitana e Litoral Norte","Link":""},"geometry":{"type":"Point","coordinates":[-50.9947529,-29.9398869]}},{"type":"Feature","properties":{"Ambiente":"CRIATEC UNIJUÍ","Startup":"FAXINOU","Estágio":"Crescimento","Segmento":"Customer Service","Vertical":"CleanTech","Relação com o Mercado":"B2B2C","Modelo de Negócio":"Serviços Baseados em Taxas","Cidade":"Ijuí","Região":"Noroeste e Missões","Link":"https://www.instagram.com/afaxinou/"},"geometry":{"type":"Point","coordinates":[-53.9220126,-28.3891409]}},{"type":"Feature","properties":{"Ambiente":"NÃO INFORMADO","Startup":"Faz Performance","Estágio":"Crescimento","Segmento":"Marketing e Publicidade","Vertical":"Inovação Social","Relação com o Mercado":"B2B","Modelo de Negócio":"SaaS","Cidade":"Porto Alegre","Região":"Metropolitana e Litoral Norte","Link":"https://www.fazperformance.com.br/"},"geometry":{"type":"Point","coordinates":[-51.2089887,-30.0368176]}},{"type":"Feature","properties":{"Ambiente":"INSTITUTO CALDEIRA","Startup":"FAZCOMEX","Estágio":"Não Informado","Segmento":"Logística","Vertical":"LogTech","Relação com o Mercado":"B2B","Modelo de Negócio":"Não Informado","Cidade":"São Leopoldo","Região":"Metropolitana e Litoral Norte","Link":"https://www.fazcomex.com.br/"},"geometry":{"type":"Point","coordinates":[-51.1480174,-29.7607417]}},{"type":"Feature","properties":{"Ambiente":"TECNOPUC","Startup":"FazGame","Estágio":"Crescimento","Segmento":"Educação e Ensino","Vertical":"EdTech","Relação com o Mercado":"B2B","Modelo de Negócio":"Outro","Cidade":"Porto Alegre","Região":"Metropolitana e Litoral Norte","Link":"https://www.fazgame.com.br/"},"geometry":{"type":"Point","coordinates":[-51.2089887,-30.0368176]}},{"type":"Feature","properties":{"Ambiente":"VENTIUR","Startup":"FeedLover","Estágio":"Escala","Segmento":"RH e Coaching","Vertical":"HRTech","Relação com o Mercado":"B2B","Modelo de Negócio":"SaaS","Cidade":"Caxias do Sul","Região":"Serra Gaúcha","Link":"https://www.feedlover.com.br/"},"geometry":{"type":"Point","coordinates":[-51.1812032,-29.1740137]}},{"type":"Feature","properties":{"Ambiente":"SMICT GRAVATAÍ","Startup":"Feedstok Solutions","Estágio":"Validação","Segmento":"Não Informado","Vertical":"Não Informado","Relação com o Mercado":"Não Informado","Modelo de Negócio":"Não Informado","Cidade":"Gravataí","Região":"Metropolitana e Litoral Norte","Link":""},"geometry":{"type":"Point","coordinates":[-50.9947529,-29.9398869]}},{"type":"Feature","properties":{"Ambiente":"NÃO INFORMADO","Startup":"Femini Driver","Estágio":"Validação","Segmento":"Mobilidade","Vertical":"MobTech","Relação com o Mercado":"B2B2C","Modelo de Negócio":"Não Informado","Cidade":"Porto Alegre","Região":"Metropolitana e Litoral Norte","Link":"https://feminidriver.com.br/"},"geometry":{"type":"Point","coordinates":[-51.2089887,-30.0368176]}},{"type":"Feature","properties":{"Ambiente":"TECNOVATES","Startup":"Fermenta Biotecnologia","Estágio":"Validação","Segmento":"Biotecnologia","Vertical":"BioTech","Relação com o Mercado":"B2B","Modelo de Negócio":"Transação","Cidade":"Lajeado","Região":"Região dos Vales","Link":"https://www.instagram.com/fermentabiotecnologia/"},"geometry":{"type":"Point","coordinates":[-51.9679026,-29.4606311]}},{"type":"Feature","properties":{"Ambiente":"ALIANÇA EMPRESARIAL","Startup":"FHILL","Estágio":"Crescimento","Segmento":"TI (Tecnologia da Informação)","Vertical":"ITTech","Relação com o Mercado":"B2B","Modelo de Negócio":"Não Informado","Cidade":"Passo Fundo","Região":"Produção e Norte","Link":""},"geometry":{"type":"Point","coordinates":[-52.4102752,-28.2622705]}},{"type":"Feature","properties":{"Ambiente":"NÃO INFORMADO","Startup":"FIDELIZOU.ME","Estágio":"Ideação","Segmento":"Software e Cloud","Vertical":"SalesTech","Relação com o Mercado":"B2B2C","Modelo de Negócio":"Não Informado","Cidade":"Porto Alegre","Região":"Metropolitana e Litoral Norte","Link":""},"geometry":{"type":"Point","coordinates":[-51.2089887,-30.0368176]}},{"type":"Feature","properties":{"Ambiente":"TECNOPUC","Startup":"Fiero","Estágio":"Validação","Segmento":"TI (Tecnologia da Informação)","Vertical":"ITTech","Relação com o Mercado":"B2B2C","Modelo de Negócio":"Custo por Aquisição","Cidade":"Porto Alegre","Região":"Metropolitana e Litoral Norte","Link":"https://www.instagram.com/fiero.app/?igsh=aHptNzl0YnNubWg3"},"geometry":{"type":"Point","coordinates":[-51.2089887,-30.0368176]}},{"type":"Feature","properties":{"Ambiente":"NÃO INFORMADO","Startup":"Fight Analytics","Estágio":"Ideação","Segmento":"Software e Cloud","Vertical":"SportsTech","Relação com o Mercado":"B2B2C","Modelo de Negócio":"Não Informado","Cidade":"Porto Alegre","Região":"Metropolitana e Litoral Norte","Link":"https://www.fightanalytics.cc/pt"},"geometry":{"type":"Point","coordinates":[-51.2089887,-30.0368176]}},{"type":"Feature","properties":{"Ambiente":"NÃO INFORMADO","Startup":"Filial Digital","Estágio":"Ideação","Segmento":"Software e Cloud","Vertical":"FoodTech","Relação com o Mercado":"B2B2C","Modelo de Negócio":"Não Informado","Cidade":"Lajeado","Região":"Região dos Vales","Link":"https://www.filialdigital.com/"},"geometry":{"type":"Point","coordinates":[-51.9679026,-29.4606311]}},{"type":"Feature","properties":{"Ambiente":"NÃO INFORMADO","Startup":"Financeiramente Tecnologia","Estágio":"Validação","Segmento":"Comércio e Varejo","Vertical":"ITTech","Relação com o Mercado":"B2B e B2C","Modelo de Negócio":"Assinatura","Cidade":"Santiago","Região":"Central","Link":"https://financeiramente.app/"},"geometry":{"type":"Point","coordinates":[-54.8656474,-29.1913279]}},{"type":"Feature","properties":{"Ambiente":"TECNOPUC","Startup":"Finor","Estágio":"Escala","Segmento":"Financeiro","Vertical":"FinTech","Relação com o Mercado":"B2B","Modelo de Negócio":"Outro","Cidade":"Porto Alegre","Região":"Metropolitana e Litoral Norte","Link":"https://www.finor.tech/"},"geometry":{"type":"Point","coordinates":[-51.2089887,-30.0368176]}},{"type":"Feature","properties":{"Ambiente":"SMICT GRAVATAÍ","Startup":"FK BPO e Consultoria Financeira","Estágio":"Crescimento","Segmento":"Financeiro","Vertical":"FinTech","Relação com o Mercado":"B2B","Modelo de Negócio":"Economia de Recorrência","Cidade":"Gravataí","Região":"Metropolitana e Litoral Norte","Link":"https://fkbpo.com/"},"geometry":{"type":"Point","coordinates":[-50.9947529,-29.9398869]}},{"type":"Feature","properties":{"Ambiente":"NÃO INFORMADO","Startup":"Flight Help Brasil","Estágio":"Validação","Segmento":"Software e Cloud","Vertical":"ITTech","Relação com o Mercado":"B2B","Modelo de Negócio":"Não Informado","Cidade":"Porto Alegre","Região":"Metropolitana e Litoral Norte","Link":"https://www.flighthelpbrasil.com/"},"geometry":{"type":"Point","coordinates":[-51.2089887,-30.0368176]}},{"type":"Feature","properties":{"Ambiente":"NÃO INFORMADO","Startup":"Flip Studio Processamento de Dados","Estágio":"Crescimento","Segmento":"Software e Cloud","Vertical":"ITTech","Relação com o Mercado":"B2B e B2C","Modelo de Negócio":"Não Informado","Cidade":"Caxias do Sul","Região":"Serra Gaúcha","Link":"https://www.ucs.br/site/tecnoucs/itec/tecnoucs-empresas-graduadas/"},"geometry":{"type":"Point","coordinates":[-51.1812032,-29.1740137]}},{"type":"Feature","properties":{"Ambiente":"NÃO INFORMADO","Startup":"FlokiSys","Estágio":"Validação","Segmento":"Software e Cloud","Vertical":"ITTech","Relação com o Mercado":"B2B e B2C","Modelo de Negócio":"Não Informado","Cidade":"Novo Hamburgo","Região":"Metropolitana e Litoral Norte","Link":"https://www.flokisys.com/"},"geometry":{"type":"Point","coordinates":[-51.1337471,-29.683463]}},{"type":"Feature","properties":{"Ambiente":"STARTS-HCPA","Startup":"Florence","Estágio":"Validação","Segmento":"IA (Inteligência Artificial)","Vertical":"HealthTech","Relação com o Mercado":"B2C","Modelo de Negócio":"Assinatura","Cidade":"Porto Alegre","Região":"Metropolitana e Litoral Norte","Link":"https://florencehealth.com.br/"},"geometry":{"type":"Point","coordinates":[-51.2089887,-30.0368176]}},{"type":"Feature","properties":{"Ambiente":"NÃO INFORMADO","Startup":"Flower","Estágio":"Crescimento","Segmento":"Educação e Ensino","Vertical":"EdTech","Relação com o Mercado":"B2B e B2C","Modelo de Negócio":"SaaS","Cidade":"Porto Alegre","Região":"Metropolitana e Litoral Norte","Link":"https://flower.education/"},"geometry":{"type":"Point","coordinates":[-51.2089887,-30.0368176]}},{"type":"Feature","properties":{"Ambiente":"NÃO INFORMADO","Startup":"Flowy data solution","Estágio":"Validação","Segmento":"Serviços","Vertical":"Fintech","Relação com o Mercado":"B2B","Modelo de Negócio":"Assinatura","Cidade":"Santa Cruz do Sul","Região":"Região dos Vales","Link":"https://flowy.cc/"},"geometry":{"type":"Point","coordinates":[-52.4358285,-29.7240622]}},{"type":"Feature","properties":{"Ambiente":"NÃO INFORMADO","Startup":"FLUID STATE","Estágio":"Escala","Segmento":"RH e Coaching","Vertical":"HRTech","Relação com o Mercado":"B2B","Modelo de Negócio":"Assinatura","Cidade":"Caxias do Sul","Região":"Serra Gaúcha","Link":"https://www.fluidstate.com.br"},"geometry":{"type":"Point","coordinates":[-51.1812032,-29.1740137]}},{"type":"Feature","properties":{"Ambiente":"UPF PARQUE","Startup":"FMS SOLUÇÕES LTDA - NV Envolp","Estágio":"Ideação","Segmento":"Engenharia e Indústria Geral","Vertical":"IndTech","Relação com o Mercado":"B2B2C","Modelo de Negócio":"Não Informado","Cidade":"Passo Fundo","Região":"Produção e Norte","Link":"https://envolp.com/"},"geometry":{"type":"Point","coordinates":[-52.4102752,-28.2622705]}},{"type":"Feature","properties":{"Ambiente":"TECNOPUC","Startup":"Focu Conexões Inteligentes","Estágio":"Validação","Segmento":"Indústria 4.0","Vertical":"SecurityTech","Relação com o Mercado":"B2B2C","Modelo de Negócio":"SaaS","Cidade":"Porto Alegre","Região":"Metropolitana e Litoral Norte","Link":"http://www.focu.com.br/"},"geometry":{"type":"Point","coordinates":[-51.2089887,-30.0368176]}},{"type":"Feature","properties":{"Ambiente":"CEI UFRGS","Startup":"Fokvs","Estágio":"Validação","Segmento":"Educação e Ensino","Vertical":"EdTech","Relação com o Mercado":"B2B e B2C","Modelo de Negócio":"Assinatura","Cidade":"Porto Alegre","Região":"Metropolitana e Litoral Norte","Link":"https://fokvs.com.br/"},"geometry":{"type":"Point","coordinates":[-51.2089887,-30.0368176]}},{"type":"Feature","properties":{"Ambiente":"NÃO INFORMADO","Startup":"Formula 3D","Estágio":"Crescimento","Segmento":"Saúde e Bem-Estar","Vertical":"DeepTech","Relação com o Mercado":"B2B","Modelo de Negócio":"Não Informado","Cidade":"Porto Alegre","Região":"Metropolitana e Litoral Norte","Link":"https://www.linkedin.com/company/formula3d/?originalSubdomain=br"},"geometry":{"type":"Point","coordinates":[-51.2089887,-30.0368176]}},{"type":"Feature","properties":{"Ambiente":"ITEC/UCS","Startup":"ForneceAi","Estágio":"Validação","Segmento":"Software e Cloud","Vertical":"FoodTech","Relação com o Mercado":"B2B","Modelo de Negócio":"Não Informado","Cidade":"Canela","Região":"Serra Gaúcha","Link":"https://www.forneceai.com.br/"},"geometry":{"type":"Point","coordinates":[-50.8114104,-29.3637682]}},{"type":"Feature","properties":{"Ambiente":"LAB FECOMÉRCIO-RS","Startup":"ForneceAi","Estágio":"Validação","Segmento":"Software e Cloud","Vertical":"FoodTech","Relação com o Mercado":"B2B","Modelo de Negócio":"Não Informado","Cidade":"Canela","Região":"Serra Gaúcha","Link":"https://www.forneceai.com.br/"},"geometry":{"type":"Point","coordinates":[-50.8114104,-29.3637682]}},{"type":"Feature","properties":{"Ambiente":"IATI-FEMA","Startup":"Forno das Missões","Estágio":"Crescimento","Segmento":"Comércio e Varejo","Vertical":"FoodTech","Relação com o Mercado":"B2C","Modelo de Negócio":"Outro","Cidade":"Giruá","Região":"Noroeste e Missões","Link":"https://www.instagram.com/fornodasmissoes/"},"geometry":{"type":"Point","coordinates":[-54.3508179,-28.0283749]}},{"type":"Feature","properties":{"Ambiente":"NÃO INFORMADO","Startup":"Fourge","Estágio":"Escala","Segmento":"Consultorias e Treinamentos","Vertical":"HRTech","Relação com o Mercado":"B2B","Modelo de Negócio":"Não Informado","Cidade":"Porto Alegre","Região":"Metropolitana e Litoral Norte","Link":"https://www.fourge.com.br/"},"geometry":{"type":"Point","coordinates":[-51.2089887,-30.0368176]}},{"type":"Feature","properties":{"Ambiente":"PULSAR","Startup":"FoxIoT","Estágio":"Escala","Segmento":"IoT (Internet das Coisas)","Vertical":"EnergyTech","Relação com o Mercado":"B2B","Modelo de Negócio":"Transação","Cidade":"Santa Maria","Região":"Central","Link":""},"geometry":{"type":"Point","coordinates":[-53.7923441,-29.6894984]}},{"type":"Feature","properties":{"Ambiente":"NÃO INFORMADO","Startup":"Freecash","Estágio":"Crescimento","Segmento":"Comércio e Varejo","Vertical":"Impacto Socioambiental","Relação com o Mercado":"Não Informado","Modelo de Negócio":"Marketplace","Cidade":"Rio Grande","Região":"Sul","Link":"https://app.freecash.com.br/"},"geometry":{"type":"Point","coordinates":[-52.1016953,-32.0407893]}},{"type":"Feature","properties":{"Ambiente":"NÃO INFORMADO","Startup":"FreePix","Estágio":"Crescimento","Segmento":"Financeiro","Vertical":"FinTech","Relação com o Mercado":"B2B e B2C","Modelo de Negócio":"Transação","Cidade":"Passo Fundo","Região":"Produção e Norte","Link":"https://www.freepix.net.br/"},"geometry":{"type":"Point","coordinates":[-52.4102752,-28.2622705]}},{"type":"Feature","properties":{"Ambiente":"NÃO INFORMADO","Startup":"Freh organicos","Estágio":"Validação","Segmento":"Comércio e Varejo","Vertical":"FoodTech","Relação com o Mercado":"B2B e B2C","Modelo de Negócio":"Assinatura","Cidade":"Porto Alegre","Região":"Metropolitana e Litoral Norte","Link":"https://freshorganicos.com.br/"},"geometry":{"type":"Point","coordinates":[-51.2089887,-30.0368176]}},{"type":"Feature","properties":{"Ambiente":"INOVABENTO","Startup":"Frete Gestão","Estágio":"Crescimento","Segmento":"Logística","Vertical":"LogTech","Relação com o Mercado":"B2B","Modelo de Negócio":"Outro","Cidade":"Bento Gonçalves","Região":"Serra Gaúcha","Link":"https://www.fretegestao.com.br/"},"geometry":{"type":"Point","coordinates":[-51.5169861,-29.1667089]}},{"type":"Feature","properties":{"Ambiente":"IECBIOT UFRGS","Startup":"Fusiona Biotecnologia Ltda.","Estágio":"Validação","Segmento":"Biotecnologia","Vertical":"BioTech","Relação com o Mercado":"B2C","Modelo de Negócio":"Não Informado","Cidade":"Porto Alegre","Região":"Metropolitana e Litoral Norte","Link":"https://fusiona.com.br/"},"geometry":{"type":"Point","coordinates":[-51.2089887,-30.0368176]}},{"type":"Feature","properties":{"Ambiente":"PULSAR","Startup":"G2W Sistema","Estágio":"Crescimento","Segmento":"Indústria 4.0","Vertical":"IndTech","Relação com o Mercado":"B2B e B2G","Modelo de Negócio":"Transação","Cidade":"Santa Maria","Região":"Central","Link":""},"geometry":{"type":"Point","coordinates":[-53.7923441,-29.6894984]}},{"type":"Feature","properties":{"Ambiente":"NÃO INFORMADO","Startup":"Gabster","Estágio":"Crescimento","Segmento":"Comércio e Varejo","Vertical":"ConstruTech","Relação com o Mercado":"B2B","Modelo de Negócio":"SaaS","Cidade":"São Leopoldo","Região":"Metropolitana e Litoral Norte","Link":"https://gabster.com.br/"},"geometry":{"type":"Point","coordinates":[-51.1480174,-29.7607417]}},{"type":"Feature","properties":{"Ambiente":"ALIANÇA EMPRESARIAL","Startup":"GARUPA","Estágio":"Escala","Segmento":"Mobilidade","Vertical":"LogTech","Relação com o Mercado":"B2B e B2C","Modelo de Negócio":"Não Informado","Cidade":"Passo Fundo","Região":"Produção e Norte","Link":"https://garupa.co/"},"geometry":{"type":"Point","coordinates":[-52.4102752,-28.2622705]}},{"type":"Feature","properties":{"Ambiente":"INSTITUTO CALDEIRA","Startup":"GCONDO","Estágio":"Não Informado","Segmento":"Software e Cloud","Vertical":"ITTech","Relação com o Mercado":"B2B e B2C","Modelo de Negócio":"Não Informado","Cidade":"Canoas","Região":"Metropolitana e Litoral Norte","Link":"https://gcondo.com.br/"},"geometry":{"type":"Point","coordinates":[-51.1847036,-29.9077898]}},{"type":"Feature","properties":{"Ambiente":"NÃO INFORMADO","Startup":"Gelb Micromarket","Estágio":"Crescimento","Segmento":"Comércio e Varejo","Vertical":"RetailTech","Relação com o Mercado":"B2B","Modelo de Negócio":"Transação","Cidade":"Porto Alegre","Região":"Metropolitana e Litoral Norte","Link":"https://gelb.com.br/"},"geometry":{"type":"Point","coordinates":[-51.2089887,-30.0368176]}},{"type":"Feature","properties":{"Ambiente":"NÃO INFORMADO","Startup":"Generatur","Estágio":"Crescimento","Segmento":"Turismo e Lazer","Vertical":"TurisTech","Relação com o Mercado":"B2B2C","Modelo de Negócio":"Transação","Cidade":"Porto Alegre","Região":"Metropolitana e Litoral Norte","Link":"https://www.instagram.com/fugereurbemtbt?igsh=ZmV1OGo4MjExNnZ1"},"geometry":{"type":"Point","coordinates":[-51.2089887,-30.0368176]}},{"type":"Feature","properties":{"Ambiente":"ITEC/UCS","Startup":"Genesis Materiais Sinterizados Ltda","Estágio":"Não Informado","Segmento":"Não Informado","Vertical":"Não Informado","Relação com o Mercado":"Não Informado","Modelo de Negócio":"Não Informado","Cidade":"Caxias do Sul","Região":"Serra Gaúcha","Link":""},"geometry":{"type":"Point","coordinates":[-51.1812032,-29.1740137]}},{"type":"Feature","properties":{"Ambiente":"NÃO INFORMADO","Startup":"Genially","Estágio":"Validação","Segmento":"Software e Cloud","Vertical":"ITTech","Relação com o Mercado":"B2B","Modelo de Negócio":"Transação","Cidade":"Porto Alegre","Região":"Metropolitana e Litoral Norte","Link":"https://genial.ly/pt-br/"},"geometry":{"type":"Point","coordinates":[-51.2089887,-30.0368176]}},{"type":"Feature","properties":{"Ambiente":"TECNOPUC","Startup":"Genis","Estágio":"Validação","Segmento":"Saúde e Bem-Estar","Vertical":"HealthTech","Relação com o Mercado":"B2B2C","Modelo de Negócio":"Custo por Aquisição","Cidade":"Porto Alegre","Região":"Metropolitana e Litoral Norte","Link":"https://genisdna.com.br/"},"geometry":{"type":"Point","coordinates":[-51.2089887,-30.0368176]}},{"type":"Feature","properties":{"Ambiente":"NÃO INFORMADO","Startup":"GEniUS","Estágio":"Validação","Segmento":"Software e Cloud","Vertical":"ITTech","Relação com o Mercado":"B2B e B2C","Modelo de Negócio":"Não Informado","Cidade":"Gravataí","Região":"Metropolitana e Litoral Norte","Link":"https://www.geniustecnologia.com/"},"geometry":{"type":"Point","coordinates":[-50.9947529,-29.9398869]}},{"type":"Feature","properties":{"Ambiente":"NÃO INFORMADO","Startup":"GeoStein","Estágio":"Crescimento","Segmento":"Educação e Ensino","Vertical":"EdTech","Relação com o Mercado":"B2B","Modelo de Negócio":"Não Informado","Cidade":"Porto Alegre","Região":"Metropolitana e Litoral Norte","Link":"https://www.engenhariadeaprendizagem.com.br/"},"geometry":{"type":"Point","coordinates":[-51.2089887,-30.0368176]}},{"type":"Feature","properties":{"Ambiente":"LAB FECOMÉRCIO-RS","Startup":"Geração F5","Estágio":"Crescimento","Segmento":"RH e Coaching","Vertical":"HRTech","Relação com o Mercado":"B2B","Modelo de Negócio":"SaaS","Cidade":"Santa Maria","Região":"Central","Link":"https://www.instagram.com/geracaof5_/"},"geometry":{"type":"Point","coordinates":[-53.7923441,-29.6894984]}},{"type":"Feature","properties":{"Ambiente":"NÃO INFORMADO","Startup":"Gerador de Artes","Estágio":"Crescimento","Segmento":"Software e Cloud","Vertical":"ITTech","Relação com o Mercado":"B2B","Modelo de Negócio":"Não Informado","Cidade":"São José do Ouro","Região":"Produção e Norte","Link":"https://www.geradordeartes.com.br/"},"geometry":{"type":"Point","coordinates":[-51.5898993,-27.7735746]}},{"type":"Feature","properties":{"Ambiente":"CIEMSUL","Startup":"GESTA+","Estágio":"Ideação","Segmento":"Saúde e Bem-Estar","Vertical":"MedTech","Relação com o Mercado":"B2B e B2G","Modelo de Negócio":"Outro","Cidade":"Pelotas","Região":"Sul","Link":""},"geometry":{"type":"Point","coordinates":[-52.3313342,-31.7700081]}},{"type":"Feature","properties":{"Ambiente":"NÃO INFORMADO","Startup":"GESTALK TECNOLOGIA PARA INCLUSÃO SOCIAL LTDA","Estágio":"Crescimento","Segmento":"Acessibilidade e Inclusão","Vertical":"Inovação Social","Relação com o Mercado":"B2B","Modelo de Negócio":"SaaS","Cidade":"Glorinha","Região":"Metropolitana e Litoral Norte","Link":"https://gestalkconecta.com.br/"},"geometry":{"type":"Point","coordinates":[-50.7886827,-29.8791757]}},{"type":"Feature","properties":{"Ambiente":"NÃO INFORMADO","Startup":"Gestão boa","Estágio":"Validação","Segmento":"Produtividade","Vertical":"ITTech","Relação com o Mercado":"B2B","Modelo de Negócio":"SaaS","Cidade":"Rio Grande","Região":"Sul","Link":"https://www.gestaoboa.com.br/"},"geometry":{"type":"Point","coordinates":[-52.1016953,-32.0407893]}},{"type":"Feature","properties":{"Ambiente":"PULSAR","Startup":"GestFair","Estágio":"Ideação","Segmento":"Software e Cloud","Vertical":"ITTech","Relação com o Mercado":"B2C","Modelo de Negócio":"Não Informado","Cidade":"Santa Maria","Região":"Central","Link":""},"geometry":{"type":"Point","coordinates":[-53.7923441,-29.6894984]}},{"type":"Feature","properties":{"Ambiente":"NÃO INFORMADO","Startup":"Gestor RP Controles Pecuarios LTDA","Estágio":"Crescimento","Segmento":"Agronegócio","Vertical":"AgTech","Relação com o Mercado":"B2C","Modelo de Negócio":"Não Informado","Cidade":"Teutônia","Região":"Região dos Vales","Link":"https://www.appgestorrp.com.br/"},"geometry":{"type":"Point","coordinates":[-51.8086654,-29.4714489]}},{"type":"Feature","properties":{"Ambiente":"PULSAR","Startup":"Get Commerce","Estágio":"Escala","Segmento":"Comércio e Varejo","Vertical":"SalesTech","Relação com o Mercado":"B2B","Modelo de Negócio":"E-commerce","Cidade":"Santa Maria","Região":"Central","Link":""},"geometry":{"type":"Point","coordinates":[-53.7923441,-29.6894984]}},{"type":"Feature","properties":{"Ambiente":"NÃO INFORMADO","Startup":"Getmo","Estágio":"Validação","Segmento":"Software e Cloud","Vertical":"MarTech","Relação com o Mercado":"B2B e B2C","Modelo de Negócio":"Não Informado","Cidade":"Porto Alegre","Região":"Metropolitana e Litoral Norte","Link":"https://getmo.com.br/"},"geometry":{"type":"Point","coordinates":[-51.2089887,-30.0368176]}},{"type":"Feature","properties":{"Ambiente":"CRIATEC UNIJUÍ","Startup":"GIRO 3D Studio","Estágio":"Crescimento","Segmento":"TI (Tecnologia da Informação)","Vertical":"ITTech","Relação com o Mercado":"B2B","Modelo de Negócio":"Marketplace","Cidade":"Ijuí","Região":"Noroeste e Missões","Link":"https://www.giro3dstudio.com/"},"geometry":{"type":"Point","coordinates":[-53.9220126,-28.3891409]}},{"type":"Feature","properties":{"Ambiente":"NÃO INFORMADO","Startup":"GiroLend LTDA","Estágio":"Ideação","Segmento":"Financeiro","Vertical":"AgTech","Relação com o Mercado":"P2P","Modelo de Negócio":"Transação","Cidade":"Porto Alegre","Região":"Metropolitana e Litoral Norte","Link":"https://www.girolend.com.br/"},"geometry":{"type":"Point","coordinates":[-51.2089887,-30.0368176]}},{"type":"Feature","properties":{"Ambiente":"INOVABENTO","Startup":"GM Softwares","Estágio":"Crescimento","Segmento":"TI (Tecnologia da Informação)","Vertical":"IndTech","Relação com o Mercado":"B2B","Modelo de Negócio":"Software House","Cidade":"Bento Gonçalves","Região":"Serra Gaúcha","Link":""},"geometry":{"type":"Point","coordinates":[-51.5169861,-29.1667089]}},{"type":"Feature","properties":{"Ambiente":"NÃO INFORMADO","Startup":"Go Husky","Estágio":"Validação","Segmento":"Logística","Vertical":"FoodTech","Relação com o Mercado":"B2B e B2C","Modelo de Negócio":"Assinatura","Cidade":"Porto Alegre","Região":"Metropolitana e Litoral Norte","Link":"https://gohusky.net/"},"geometry":{"type":"Point","coordinates":[-51.2089887,-30.0368176]}},{"type":"Feature","properties":{"Ambiente":"NÃO INFORMADO","Startup":"GO! ENGLISH","Estágio":"Validação","Segmento":"Educação e Ensino","Vertical":"EdTech","Relação com o Mercado":"B2B e B2C","Modelo de Negócio":"Transação","Cidade":"Porto Alegre","Região":"Metropolitana e Litoral Norte","Link":"https://goenglish.com.br/"},"geometry":{"type":"Point","coordinates":[-51.2089887,-30.0368176]}},{"type":"Feature","properties":{"Ambiente":"NÃO INFORMADO","Startup":"Goclin","Estágio":"Crescimento","Segmento":"Saúde e Bem-Estar","Vertical":"HealthTech","Relação com o Mercado":"B2B e B2C","Modelo de Negócio":"SaaS","Cidade":"Novo Hamburgo","Região":"Metropolitana e Litoral Norte","Link":"https://goclin.com/inicio/"},"geometry":{"type":"Point","coordinates":[-51.1337471,-29.683463]}},{"type":"Feature","properties":{"Ambiente":"INSTITUTO CALDEIRA","Startup":"Gomining Mineradora de Ideias","Estágio":"Não Informado","Segmento":"IA (Inteligência Artificial)","Vertical":"Edtech","Relação com o Mercado":"B2B","Modelo de Negócio":"Não Informado","Cidade":"Caxias do Sul","Região":"Serra Gaúcha","Link":"https://gomining.com.br/"},"geometry":{"type":"Point","coordinates":[-51.1812032,-29.1740137]}},{"type":"Feature","properties":{"Ambiente":"CRIATEC UNIJUÍ","Startup":"GoTrampo","Estágio":"Validação","Segmento":"Consultorias e Treinamentos","Vertical":"Tech Consultancies","Relação com o Mercado":"B2B2C","Modelo de Negócio":"Assinatura","Cidade":"Ijuí","Região":"Noroeste e Missões","Link":"https://gotrampo.com/"},"geometry":{"type":"Point","coordinates":[-53.9220126,-28.3891409]}},{"type":"Feature","properties":{"Ambiente":"NÃO INFORMADO","Startup":"Goulmi","Estágio":"Validação","Segmento":"Customer Service","Vertical":"MarTech","Relação com o Mercado":"B2B","Modelo de Negócio":"Assinatura","Cidade":"Porto Alegre","Região":"Metropolitana e Litoral Norte","Link":"https://goulmi.com/about.php"},"geometry":{"type":"Point","coordinates":[-51.2089887,-30.0368176]}},{"type":"Feature","properties":{"Ambiente":"SMICT GRAVATAÍ","Startup":"GovTools","Estágio":"Validação","Segmento":"TI (Tecnologia da Informação)","Vertical":"GovTech","Relação com o Mercado":"B2B e B2G","Modelo de Negócio":"Assinatura","Cidade":"Gravataí","Região":"Metropolitana e Litoral Norte","Link":"https://www.govtools.app/"},"geometry":{"type":"Point","coordinates":[-50.9947529,-29.9398869]}},{"type":"Feature","properties":{"Ambiente":"VENTIUR","Startup":"Govtools","Estágio":"Validação","Segmento":"TI (Tecnologia da Informação)","Vertical":"GovTech","Relação com o Mercado":"B2B e B2G","Modelo de Negócio":"Assinatura","Cidade":"Gravataí","Região":"Metropolitana e Litoral Norte","Link":"https://govtools.app/"},"geometry":{"type":"Point","coordinates":[-50.9947529,-29.9398869]}},{"type":"Feature","properties":{"Ambiente":"NÃO INFORMADO","Startup":"Goya","Estágio":"Validação","Segmento":"Agronegócio","Vertical":"AgTech","Relação com o Mercado":"B2B","Modelo de Negócio":"Transação","Cidade":"Novo Hamburgo","Região":"Metropolitana e Litoral Norte","Link":"https://goyalab.com.br/"},"geometry":{"type":"Point","coordinates":[-51.1337471,-29.683463]}},{"type":"Feature","properties":{"Ambiente":"TECNOPUC","Startup":"Grana AI","Estágio":"Validação","Segmento":"Financeiro","Vertical":"FinTech","Relação com o Mercado":"B2B","Modelo de Negócio":"Serviços Baseados em Taxas","Cidade":"Porto Alegre","Região":"Metropolitana e Litoral Norte","Link":"https://www.grana.ai/"},"geometry":{"type":"Point","coordinates":[-51.2089887,-30.0368176]}},{"type":"Feature","properties":{"Ambiente":"NÃO INFORMADO","Startup":"Grano","Estágio":"Validação","Segmento":"Agronegócio","Vertical":"AgTech","Relação com o Mercado":"B2B","Modelo de Negócio":"Assinatura","Cidade":"Porto Alegre","Região":"Metropolitana e Litoral Norte","Link":"https://www.grano.app/"},"geometry":{"type":"Point","coordinates":[-51.2089887,-30.0368176]}},{"type":"Feature","properties":{"Ambiente":"NÃO INFORMADO","Startup":"Grappa","Estágio":"Crescimento","Segmento":"Turismo e Lazer","Vertical":"TravelTech","Relação com o Mercado":"B2C","Modelo de Negócio":"Transação","Cidade":"Farroupilha","Região":"Serra Gaúcha","Link":"https://grappaserragaucha.com.br/"},"geometry":{"type":"Point","coordinates":[-51.3456056,-29.2238257]}},{"type":"Feature","properties":{"Ambiente":"TECNOPUC","Startup":"Grazing","Estágio":"Validação","Segmento":"Agronegócio","Vertical":"AgTech","Relação com o Mercado":"B2B2C","Modelo de Negócio":"SaaS","Cidade":"Porto Alegre","Região":"Metropolitana e Litoral Norte","Link":"https://www.grazing.com.br/"},"geometry":{"type":"Point","coordinates":[-51.2089887,-30.0368176]}},{"type":"Feature","properties":{"Ambiente":"VENTIUR","Startup":"Grazing","Estágio":"Validação","Segmento":"Agronegócio","Vertical":"AgTech","Relação com o Mercado":"B2B2C","Modelo de Negócio":"SaaS","Cidade":"Porto Alegre","Região":"Metropolitana e Litoral Norte","Link":"https://www.grazing.com.br/"},"geometry":{"type":"Point","coordinates":[-51.2089887,-30.0368176]}},{"type":"Feature","properties":{"Ambiente":"VENTIUR","Startup":"Green Next","Estágio":"Validação","Segmento":"Hardware e Eletrônicos","Vertical":"AgTech","Relação com o Mercado":"B2B","Modelo de Negócio":"Assinatura","Cidade":"Rio Grande","Região":"Sul","Link":"https://greennext.com.br/"},"geometry":{"type":"Point","coordinates":[-52.1016953,-32.0407893]}},{"type":"Feature","properties":{"Ambiente":"NÃO INFORMADO","Startup":"Green Thinking","Estágio":"Crescimento","Segmento":"Meio Ambiente e Sustentabilidade","Vertical":"EdTech","Relação com o Mercado":"B2B e B2G","Modelo de Negócio":"SaaS","Cidade":"Porto Alegre","Região":"Metropolitana e Litoral Norte","Link":"https://www.greenthinking.com.br/"},"geometry":{"type":"Point","coordinates":[-51.2089887,-30.0368176]}},{"type":"Feature","properties":{"Ambiente":"UPF PARQUE","Startup":"GREENA SOLUÇÕES EM SUSTENTABILIDADE LTDA","Estágio":"Ideação","Segmento":"Meio Ambiente e Sustentabilidade","Vertical":"GreenTech","Relação com o Mercado":"B2B","Modelo de Negócio":"Não Informado","Cidade":"Passo Fundo","Região":"Produção e Norte","Link":"https://greenasolucoes.com.br/"},"geometry":{"type":"Point","coordinates":[-52.4102752,-28.2622705]}},{"type":"Feature","properties":{"Ambiente":"PRADOTECH","Startup":"GREENCLUB","Estágio":"Validação","Segmento":"Meio Ambiente e Sustentabilidade","Vertical":"EsgTech","Relação com o Mercado":"B2G","Modelo de Negócio":"Negócio Socioambiental","Cidade":"Gravataí","Região":"Metropolitana e Litoral Norte","Link":"https://www.instagram.com/greenclub.eco/"},"geometry":{"type":"Point","coordinates":[-50.9947529,-29.9398869]}},{"type":"Feature","properties":{"Ambiente":"LAB FECOMÉRCIO-RS","Startup":"GREENMOTOR","Estágio":"Crescimento","Segmento":"IA (Inteligência Artificial)","Vertical":"ITTech","Relação com o Mercado":"B2B","Modelo de Negócio":"Outro","Cidade":"Porto Alegre","Região":"Metropolitana e Litoral Norte","Link":"https://www.instagram.com/greenmotor.ai/"},"geometry":{"type":"Point","coordinates":[-51.2089887,-30.0368176]}},{"type":"Feature","properties":{"Ambiente":"TECNOPUC","Startup":"GREENMOTOR","Estágio":"Crescimento","Segmento":"IA (Inteligência Artificial)","Vertical":"ITTech","Relação com o Mercado":"B2B","Modelo de Negócio":"Outro","Cidade":"Porto Alegre","Região":"Metropolitana e Litoral Norte","Link":"http://www.greenmotor.ai/"},"geometry":{"type":"Point","coordinates":[-51.2089887,-30.0368176]}},{"type":"Feature","properties":{"Ambiente":"INSTITUTO CALDEIRA","Startup":"Grilo Mobilidade e Tecnologia","Estágio":"Não Informado","Segmento":"Mobilidade","Vertical":"AutoTech","Relação com o Mercado":"B2B","Modelo de Negócio":"Não Informado","Cidade":"Porto Alegre","Região":"Metropolitana e Litoral Norte","Link":"https://www.grilomobilidade.com/"},"geometry":{"type":"Point","coordinates":[-51.2089887,-30.0368176]}},{"type":"Feature","properties":{"Ambiente":"TECNOPUC","Startup":"Ground","Estágio":"Crescimento","Segmento":"Esportes","Vertical":"MarTech","Relação com o Mercado":"B2B2C","Modelo de Negócio":"Assinatura","Cidade":"Porto Alegre","Região":"Metropolitana e Litoral Norte","Link":"https://marketing.4all.com/ground"},"geometry":{"type":"Point","coordinates":[-51.2089887,-30.0368176]}},{"type":"Feature","properties":{"Ambiente":"NÃO INFORMADO","Startup":"Group Sistemas de Gestão","Estágio":"Validação","Segmento":"Software e Cloud","Vertical":"ITTech","Relação com o Mercado":"B2B","Modelo de Negócio":"Não Informado","Cidade":"Bento Gonçalves","Região":"Serra Gaúcha","Link":"https://www.groupsistemas.com.br/"},"geometry":{"type":"Point","coordinates":[-51.5169861,-29.1667089]}},{"type":"Feature","properties":{"Ambiente":"NÃO INFORMADO","Startup":"Growdev Tecnologia","Estágio":"Crescimento","Segmento":"Educação e Ensino","Vertical":"EdTech","Relação com o Mercado":"B2B e B2C","Modelo de Negócio":"Outro","Cidade":"Campo Bom","Região":"Metropolitana e Litoral Norte","Link":"https://www.growdev.com.br/"},"geometry":{"type":"Point","coordinates":[-51.0613111,-29.6747831]}},{"type":"Feature","properties":{"Ambiente":"NÃO INFORMADO","Startup":"Growth.buy","Estágio":"Ideação","Segmento":"Marketing e Publicidade","Vertical":"MarTech","Relação com o Mercado":"B2B2C","Modelo de Negócio":"Assinatura","Cidade":"Caxias do Sul","Região":"Serra Gaúcha","Link":"https://www.growthbuy.com.br/blog"},"geometry":{"type":"Point","coordinates":[-51.1812032,-29.1740137]}},{"type":"Feature","properties":{"Ambiente":"NÃO INFORMADO","Startup":"GROWTH4STARTUPS","Estágio":"Escala","Segmento":"Consultorias e Treinamentos","Vertical":"SalesTech","Relação com o Mercado":"B2B","Modelo de Negócio":"Não Informado","Cidade":"Santa Maria","Região":"Central","Link":"https://growth4startups.com.br"},"geometry":{"type":"Point","coordinates":[-53.7923441,-29.6894984]}},{"type":"Feature","properties":{"Ambiente":"NÃO INFORMADO","Startup":"Grupo My House","Estágio":"Validação","Segmento":"Educação e Ensino","Vertical":"Funtech","Relação com o Mercado":"B2C","Modelo de Negócio":"Não Informado","Cidade":"Porto Alegre","Região":"Metropolitana e Litoral Norte","Link":"https://www.grupomyhouse.com.br/"},"geometry":{"type":"Point","coordinates":[-51.2089887,-30.0368176]}},{"type":"Feature","properties":{"Ambiente":"NÃO INFORMADO","Startup":"GRUPO PARVIN | FARMCONT","Estágio":"Validação","Segmento":"Software e Cloud","Vertical":"AgTech","Relação com o Mercado":"B2C","Modelo de Negócio":"Assinatura","Cidade":"Santa Maria","Região":"Central","Link":"https://farmcont.com.br/"},"geometry":{"type":"Point","coordinates":[-53.7923441,-29.6894984]}},{"type":"Feature","properties":{"Ambiente":"NÃO INFORMADO","Startup":"Grupo RPH","Estágio":"Crescimento","Segmento":"Saúde e Bem-Estar","Vertical":"HealthTech","Relação com o Mercado":"B2B","Modelo de Negócio":"Não Informado","Cidade":"Porto Alegre","Região":"Metropolitana e Litoral Norte","Link":"https://www.gruporph.com.br/sobre-nos/"},"geometry":{"type":"Point","coordinates":[-51.2089887,-30.0368176]}},{"type":"Feature","properties":{"Ambiente":"NÃO INFORMADO","Startup":"GRUPO STAKECARE","Estágio":"Validação","Segmento":"Saúde e Bem-Estar","Vertical":"HealthTech","Relação com o Mercado":"B2C","Modelo de Negócio":"Não Informado","Cidade":"Campo Bom","Região":"Metropolitana e Litoral Norte","Link":"https://www.stakecare.com.br/"},"geometry":{"type":"Point","coordinates":[-51.0613111,-29.6747831]}},{"type":"Feature","properties":{"Ambiente":"CRIATEC UNIJUÍ","Startup":"Grupo V5","Estágio":"Ideação","Segmento":"Construção Civil","Vertical":"ConstruTech","Relação com o Mercado":"B2B2C","Modelo de Negócio":"Pay-per-use","Cidade":"Santa Rosa","Região":"Noroeste e Missões","Link":"https://www.instagram.com/grupov5.arq/"},"geometry":{"type":"Point","coordinates":[-54.4797042,-27.8700347]}},{"type":"Feature","properties":{"Ambiente":"NÃO INFORMADO","Startup":"GSR Projetos","Estágio":"Crescimento","Segmento":"Engenharia e Indústria Geral","Vertical":"IndTech","Relação com o Mercado":"B2C","Modelo de Negócio":"Não Informado","Cidade":"Caxias do Sul","Região":"Serra Gaúcha","Link":"https://www.ucs.br/site/tecnoucs/itec/tecnoucs-empresas-graduadas/"},"geometry":{"type":"Point","coordinates":[-51.1812032,-29.1740137]}},{"type":"Feature","properties":{"Ambiente":"NÃO INFORMADO","Startup":"Guia Muda Muda","Estágio":"Validação","Segmento":"Logística","Vertical":"LogTech","Relação com o Mercado":"B2B","Modelo de Negócio":"Não Informado","Cidade":"Porto Alegre","Região":"Metropolitana e Litoral Norte","Link":"https://mudamuda.com.br/empresas-de-mudancas/rs/porto-alegre"},"geometry":{"type":"Point","coordinates":[-51.2089887,-30.0368176]}},{"type":"Feature","properties":{"Ambiente":"NÃO INFORMADO","Startup":"Gustavo Bartelli - Soluções Baseadas na Natureza","Estágio":"Crescimento","Segmento":"Engenharia e Indústria Geral","Vertical":"GreenTech","Relação com o Mercado":"B2B e B2G","Modelo de Negócio":"Outro","Cidade":"Farroupilha","Região":"Serra Gaúcha","Link":"https://www.linkedin.com/in/gustavo-bartelli/"},"geometry":{"type":"Point","coordinates":[-51.3456056,-29.2238257]}},{"type":"Feature","properties":{"Ambiente":"SMICT GRAVATAÍ","Startup":"GWA - Green Way for Automotive","Estágio":"Crescimento","Segmento":"Meio Ambiente e Sustentabilidade","Vertical":"CleanTech","Relação com o Mercado":"B2B2C","Modelo de Negócio":"Economia Circular","Cidade":"Gravataí","Região":"Metropolitana e Litoral Norte","Link":"https://www.gwabrasil.com/"},"geometry":{"type":"Point","coordinates":[-50.9947529,-29.9398869]}},{"type":"Feature","properties":{"Ambiente":"CRIATEC UNIJUÍ","Startup":"HALITY","Estágio":"Crescimento","Segmento":"Saúde e Bem-Estar","Vertical":"HealthTech","Relação com o Mercado":"B2C","Modelo de Negócio":"Serviços Baseados em Taxas","Cidade":"Ijuí","Região":"Noroeste e Missões","Link":"https://www.instagram.com/halitysaude/"},"geometry":{"type":"Point","coordinates":[-53.9220126,-28.3891409]}},{"type":"Feature","properties":{"Ambiente":"NÃO INFORMADO","Startup":"Hanish Medical","Estágio":"Validação","Segmento":"Saúde e Bem-Estar","Vertical":"HealthTech","Relação com o Mercado":"B2C","Modelo de Negócio":"Transação","Cidade":"Portão","Região":"Metropolitana e Litoral Norte","Link":"https://www.plasticoshanisch.com.br/"},"geometry":{"type":"Point","coordinates":[-51.2326735,-29.6946397]}},{"type":"Feature","properties":{"Ambiente":"ALIANÇA EMPRESARIAL","Startup":"HAPY","Estágio":"Crescimento","Segmento":"Eventos","Vertical":"EventsTech","Relação com o Mercado":"B2C","Modelo de Negócio":"Não Informado","Cidade":"Passo Fundo","Região":"Produção e Norte","Link":"https://hapy.com.br"},"geometry":{"type":"Point","coordinates":[-52.4102752,-28.2622705]}},{"type":"Feature","properties":{"Ambiente":"LAB FECOMÉRCIO-RS","Startup":"HARPIA","Estágio":"Crescimento","Segmento":"Marketing e Publicidade","Vertical":"PropTech","Relação com o Mercado":"B2B e B2G","Modelo de Negócio":"Não Informado","Cidade":"Santa Cruz do Sul","Região":"Região dos Vales","Link":"https://www.linkedin.com/in/otniel-haancc700/"},"geometry":{"type":"Point","coordinates":[-52.4358285,-29.7240622]}},{"type":"Feature","properties":{"Ambiente":"NÃO INFORMADO","Startup":"Hausle","Estágio":"Validação","Segmento":"Marketing e Publicidade","Vertical":"Proptech","Relação com o Mercado":"B2B","Modelo de Negócio":"Não Informado","Cidade":"Passo Fundo","Região":"Produção e Norte","Link":"https://hausle.com.br/"},"geometry":{"type":"Point","coordinates":[-52.4102752,-28.2622705]}},{"type":"Feature","properties":{"Ambiente":"NÃO INFORMADO","Startup":"Hayde Health","Estágio":"Validação","Segmento":"Pesquisa","Vertical":"HealthTech","Relação com o Mercado":"B2B e B2C","Modelo de Negócio":"Não Informado","Cidade":"Bento Gonçalves","Região":"Serra Gaúcha","Link":"https://haydehealth.com/"},"geometry":{"type":"Point","coordinates":[-51.5169861,-29.1667089]}},{"type":"Feature","properties":{"Ambiente":"NÃO INFORMADO","Startup":"HEALTH ENGINEERING","Estágio":"Validação","Segmento":"Saúde e Bem-Estar","Vertical":"HealthTech","Relação com o Mercado":"B2C","Modelo de Negócio":"Não Informado","Cidade":"Porto Alegre","Região":"Metropolitana e Litoral Norte","Link":"https://www.herhealth.com.br/"},"geometry":{"type":"Point","coordinates":[-51.2089887,-30.0368176]}},{"type":"Feature","properties":{"Ambiente":"INSTITUTO CALDEIRA","Startup":"Health ID","Estágio":"Não Informado","Segmento":"Saúde e Bem-Estar","Vertical":"HealthTech","Relação com o Mercado":"B2B","Modelo de Negócio":"Transação","Cidade":"Porto Alegre","Região":"Metropolitana e Litoral Norte","Link":"https://www.clichealthid.com/"},"geometry":{"type":"Point","coordinates":[-51.2089887,-30.0368176]}},{"type":"Feature","properties":{"Ambiente":"TECNOPUC","Startup":"HealthPlay","Estágio":"Validação","Segmento":"Educação e Ensino","Vertical":"HealthTech","Relação com o Mercado":"B2B e B2C","Modelo de Negócio":"Assinatura","Cidade":"Porto Alegre","Região":"Metropolitana e Litoral Norte","Link":"https://www.healthplay.pro"},"geometry":{"type":"Point","coordinates":[-51.2089887,-30.0368176]}},{"type":"Feature","properties":{"Ambiente":"VENTIUR","Startup":"Helpbell","Estágio":"Crescimento","Segmento":"Saúde e Bem-Estar","Vertical":"HealthTech","Relação com o Mercado":"B2B","Modelo de Negócio":"SaaS","Cidade":"Porto Alegre","Região":"Metropolitana e Litoral Norte","Link":"https://www.helpbell.com.br/"},"geometry":{"type":"Point","coordinates":[-51.2089887,-30.0368176]}},{"type":"Feature","properties":{"Ambiente":"CONECTAR","Startup":"HELPER","Estágio":"Crescimento","Segmento":"Agronegócio","Vertical":"BioTech","Relação com o Mercado":"B2B","Modelo de Negócio":"Não Informado","Cidade":"Pelotas","Região":"Sul","Link":"https://www.helper.bio.br/"},"geometry":{"type":"Point","coordinates":[-52.3313342,-31.7700081]}},{"type":"Feature","properties":{"Ambiente":"PELOTAS PARQUE","Startup":"HELPER","Estágio":"Crescimento","Segmento":"Agronegócio","Vertical":"BioTech","Relação com o Mercado":"B2B","Modelo de Negócio":"Não Informado","Cidade":"Pelotas","Região":"Sul","Link":"https://www.helper.bio.br/"},"geometry":{"type":"Point","coordinates":[-52.3313342,-31.7700081]}},{"type":"Feature","properties":{"Ambiente":"NÃO INFORMADO","Startup":"Helplit Tecnologia em Educação Ltda","Estágio":"Validação","Segmento":"Educação e Ensino","Vertical":"EdTech","Relação com o Mercado":"B2B","Modelo de Negócio":"SaaS","Cidade":"Canoas","Região":"Metropolitana e Litoral Norte","Link":"https://www.linkedin.com/company/helplit/?originalSubdomain=br"},"geometry":{"type":"Point","coordinates":[-51.1847036,-29.9077898]}},{"type":"Feature","properties":{"Ambiente":"NÃO INFORMADO","Startup":"HEMAC SOLUCOES INTEGRADAS","Estágio":"Validação","Segmento":"Software e Cloud","Vertical":"AgTech","Relação com o Mercado":"B2C","Modelo de Negócio":"Não Informado","Cidade":"Passo Fundo","Região":"Produção e Norte","Link":"https://www.hemac.com.br/"},"geometry":{"type":"Point","coordinates":[-52.4102752,-28.2622705]}},{"type":"Feature","properties":{"Ambiente":"NÃO INFORMADO","Startup":"HERO Industrial Automation","Estágio":"Crescimento","Segmento":"Engenharia e Indústria Geral","Vertical":"IndTech","Relação com o Mercado":"B2B","Modelo de Negócio":"Não Informado","Cidade":"Porto Alegre","Região":"Metropolitana e Litoral Norte","Link":"http://hero-automation.com/"},"geometry":{"type":"Point","coordinates":[-51.2089887,-30.0368176]}},{"type":"Feature","properties":{"Ambiente":"CRIATEC UNIJUÍ","Startup":"Hex Sistemas","Estágio":"Ideação","Segmento":"Hardware e Eletrônicos","Vertical":"ITTech","Relação com o Mercado":"B2B","Modelo de Negócio":"Pay-per-use","Cidade":"Santa Rosa","Região":"Noroeste e Missões","Link":"http://hexcircuitos.com.br/contato"},"geometry":{"type":"Point","coordinates":[-54.4797042,-27.8700347]}},{"type":"Feature","properties":{"Ambiente":"INOVABENTO","Startup":"Hi! Mundo","Estágio":"Escala","Segmento":"Hardware e Eletrônicos","Vertical":"GreenTech","Relação com o Mercado":"B2B","Modelo de Negócio":"Outro","Cidade":"Bento Gonçalves","Região":"Serra Gaúcha","Link":"https://hi-mundosustentavel.com.br/"},"geometry":{"type":"Point","coordinates":[-51.5169861,-29.1667089]}},{"type":"Feature","properties":{"Ambiente":"CRIATEC UNIJUÍ","Startup":"Hibou Car Wash","Estágio":"Escala","Segmento":"Engenharia e Indústria Geral","Vertical":"CleanTech","Relação com o Mercado":"B2B","Modelo de Negócio":"Pay-per-use","Cidade":"Santa Rosa","Região":"Noroeste e Missões","Link":"https://www.instagram.com/hiboucarwash/"},"geometry":{"type":"Point","coordinates":[-54.4797042,-27.8700347]}},{"type":"Feature","properties":{"Ambiente":"NÃO INFORMADO","Startup":"HIGH LEVEL","Estágio":"Crescimento","Segmento":"Software e Cloud","Vertical":"ITTech","Relação com o Mercado":"B2B e B2C","Modelo de Negócio":"Não Informado","Cidade":"São Leopoldo","Região":"Metropolitana e Litoral Norte","Link":"https://www.linkedin.com/company/high-level-software---sap/?originalSubdomain=br"},"geometry":{"type":"Point","coordinates":[-51.1480174,-29.7607417]}},{"type":"Feature","properties":{"Ambiente":"NÃO INFORMADO","Startup":"HiPub","Estágio":"Crescimento","Segmento":"Eventos","Vertical":"Buyable Startup","Relação com o Mercado":"B2B e B2C","Modelo de Negócio":"Outro","Cidade":"Caxias do Sul","Região":"Serra Gaúcha","Link":"https://www.instagram.com/hipub.app/"},"geometry":{"type":"Point","coordinates":[-51.1812032,-29.1740137]}},{"type":"Feature","properties":{"Ambiente":"ALIANÇA EMPRESARIAL","Startup":"HISIGN","Estágio":"Escala","Segmento":"Software e Cloud","Vertical":"RegTech","Relação com o Mercado":"Não Informado","Modelo de Negócio":"Assinatura","Cidade":"Passo Fundo","Região":"Produção e Norte","Link":"https://www.hisign.com.br/"},"geometry":{"type":"Point","coordinates":[-52.4102752,-28.2622705]}},{"type":"Feature","properties":{"Ambiente":"NÃO INFORMADO","Startup":"Hive Data","Estágio":"Crescimento","Segmento":"Bigdata","Vertical":"IndTech","Relação com o Mercado":"B2B","Modelo de Negócio":"SaaS","Cidade":"Santa Cruz do Sul","Região":"Região dos Vales","Link":"https://hivedata.com.br/"},"geometry":{"type":"Point","coordinates":[-52.4358285,-29.7240622]}},{"type":"Feature","properties":{"Ambiente":"CRIATEC UNIJUÍ","Startup":"HOPE EDUCACIONAL","Estágio":"Crescimento","Segmento":"Educação e Ensino","Vertical":"EdTech","Relação com o Mercado":"B2B2C","Modelo de Negócio":"Pay-per-use","Cidade":"Santa Rosa","Região":"Noroeste e Missões","Link":"https://www.instagram.com/hopeconsultoriasr/"},"geometry":{"type":"Point","coordinates":[-54.4797042,-27.8700347]}},{"type":"Feature","properties":{"Ambiente":"TECNOPUC","Startup":"Hopeful","Estágio":"Validação","Segmento":"Educação e Ensino","Vertical":"EdTech","Relação com o Mercado":"B2B e B2G","Modelo de Negócio":"Custo por Aquisição","Cidade":"Porto Alegre","Região":"Metropolitana e Litoral Norte","Link":"https://www.hopeful.pro/"},"geometry":{"type":"Point","coordinates":[-51.2089887,-30.0368176]}},{"type":"Feature","properties":{"Ambiente":"INSTITUTO CALDEIRA","Startup":"Hortti","Estágio":"Validação","Segmento":"Indústria 4.0","Vertical":"AgTech","Relação com o Mercado":"B2B e B2C","Modelo de Negócio":"Custo por Aquisição","Cidade":"Porto Alegre","Região":"Metropolitana e Litoral Norte","Link":"https://hortti.com.br/"},"geometry":{"type":"Point","coordinates":[-51.2089887,-30.0368176]}},{"type":"Feature","properties":{"Ambiente":"TECNOPUC","Startup":"Hortti","Estágio":"Validação","Segmento":"Indústria 4.0","Vertical":"AgTech","Relação com o Mercado":"B2B e B2C","Modelo de Negócio":"Custo por Aquisição","Cidade":"Porto Alegre","Região":"Metropolitana e Litoral Norte","Link":"https://hortti.com.br/"},"geometry":{"type":"Point","coordinates":[-51.2089887,-30.0368176]}},{"type":"Feature","properties":{"Ambiente":"PULSAR","Startup":"Hórus","Estágio":"Ideação","Segmento":"IA (Inteligência Artificial)","Vertical":"SalesTech","Relação com o Mercado":"B2B e B2C","Modelo de Negócio":"Assinatura","Cidade":"Santa Maria","Região":"Central","Link":""},"geometry":{"type":"Point","coordinates":[-53.7923441,-29.6894984]}},{"type":"Feature","properties":{"Ambiente":"TECNOPUC","Startup":"How.ai","Estágio":"Crescimento","Segmento":"Pesquisa","Vertical":"HealthTech","Relação com o Mercado":"B2B","Modelo de Negócio":"SaaS","Cidade":"Porto Alegre","Região":"Metropolitana e Litoral Norte","Link":"https://howai.tech/"},"geometry":{"type":"Point","coordinates":[-51.2089887,-30.0368176]}},{"type":"Feature","properties":{"Ambiente":"TECNOVATES","Startup":"Hub - fábrica/bolsa de franquias","Estágio":"Crescimento","Segmento":"Outros","Vertical":"Outras","Relação com o Mercado":"B2B","Modelo de Negócio":"Transação","Cidade":"Lajeado","Região":"Região dos Vales","Link":""},"geometry":{"type":"Point","coordinates":[-51.9679026,-29.4606311]}},{"type":"Feature","properties":{"Ambiente":"NÃO INFORMADO","Startup":"Hub4skill","Estágio":"Crescimento","Segmento":"RH e Coaching","Vertical":"HRTech","Relação com o Mercado":"B2B e B2C","Modelo de Negócio":"Não Informado","Cidade":"Porto Alegre","Região":"Metropolitana e Litoral Norte","Link":"https://www.hub4skills.com.br/"},"geometry":{"type":"Point","coordinates":[-51.2089887,-30.0368176]}},{"type":"Feature","properties":{"Ambiente":"NÃO INFORMADO","Startup":"Hubble 360° - R.M. Guizzo & R.P. Aquino Ltda","Estágio":"Crescimento","Segmento":"IA (Inteligência Artificial)","Vertical":"MediaTech","Relação com o Mercado":"B2B","Modelo de Negócio":"Não Informado","Cidade":"Caxias do Sul","Região":"Serra Gaúcha","Link":"https://www.linkedin.com/company/hubble-ag%C3%AAncia-360%C2%BA/"},"geometry":{"type":"Point","coordinates":[-51.1812032,-29.1740137]}},{"type":"Feature","properties":{"Ambiente":"NÃO INFORMADO","Startup":"Hubchannel","Estágio":"Validação","Segmento":"Marketing e Publicidade","Vertical":"EdTech","Relação com o Mercado":"B2C","Modelo de Negócio":"Não Informado","Cidade":"Porto Alegre","Região":"Metropolitana e Litoral Norte","Link":"https://www.hubchannel.com.br/"},"geometry":{"type":"Point","coordinates":[-51.2089887,-30.0368176]}},{"type":"Feature","properties":{"Ambiente":"NÃO INFORMADO","Startup":"Hubrh","Estágio":"Validação","Segmento":"Outros","Vertical":"Buyable Startup","Relação com o Mercado":"B2B2C","Modelo de Negócio":"Assinatura","Cidade":"Porto Alegre","Região":"Metropolitana e Litoral Norte","Link":"https://www.instagram.com/_hubrh/"},"geometry":{"type":"Point","coordinates":[-51.2089887,-30.0368176]}},{"type":"Feature","properties":{"Ambiente":"NÃO INFORMADO","Startup":"Hulpi","Estágio":"Crescimento","Segmento":"Software e Cloud","Vertical":"ITTech","Relação com o Mercado":"B2B","Modelo de Negócio":"Não Informado","Cidade":"Porto Alegre","Região":"Metropolitana e Litoral Norte","Link":"https://hulpi.co/"},"geometry":{"type":"Point","coordinates":[-51.2089887,-30.0368176]}},{"type":"Feature","properties":{"Ambiente":"NÃO INFORMADO","Startup":"HUMAN CARE BRASIL","Estágio":"Validação","Segmento":"Saúde e Bem-Estar","Vertical":"HealthTech","Relação com o Mercado":"B2C","Modelo de Negócio":"Não Informado","Cidade":"Porto Alegre","Região":"Metropolitana e Litoral Norte","Link":"https://humancarebrasil.com.br/"},"geometry":{"type":"Point","coordinates":[-51.2089887,-30.0368176]}},{"type":"Feature","properties":{"Ambiente":"NÃO INFORMADO","Startup":"HunterCar","Estágio":"Crescimento","Segmento":"Software e Cloud","Vertical":"ITTech","Relação com o Mercado":"B2B","Modelo de Negócio":"Não Informado","Cidade":"Porto Alegre","Região":"Metropolitana e Litoral Norte","Link":"https://www.carfinder.tech/"},"geometry":{"type":"Point","coordinates":[-51.2089887,-30.0368176]}},{"type":"Feature","properties":{"Ambiente":"VENTIUR","Startup":"Husky","Estágio":"Validação","Segmento":"Logística","Vertical":"LogTech","Relação com o Mercado":"B2B","Modelo de Negócio":"SaaS","Cidade":"Porto Alegre","Região":"Metropolitana e Litoral Norte","Link":"https://gohusky.net/"},"geometry":{"type":"Point","coordinates":[-51.2089887,-30.0368176]}},{"type":"Feature","properties":{"Ambiente":"NÃO INFORMADO","Startup":"HUTTECH","Estágio":"Crescimento","Segmento":"Biotecnologia","Vertical":"HealthTech","Relação com o Mercado":"B2B","Modelo de Negócio":"Não Informado","Cidade":"Porto Alegre","Região":"Metropolitana e Litoral Norte","Link":"https://www.huttech.org/"},"geometry":{"type":"Point","coordinates":[-51.2089887,-30.0368176]}},{"type":"Feature","properties":{"Ambiente":"TECNOPUC","Startup":"Hygia","Estágio":"Validação","Segmento":"Saúde e Bem-Estar","Vertical":"HealthTech","Relação com o Mercado":"B2B2C","Modelo de Negócio":"SaaS","Cidade":"Porto Alegre","Região":"Metropolitana e Litoral Norte","Link":"https://www.hygiasaude.com.br"},"geometry":{"type":"Point","coordinates":[-51.2089887,-30.0368176]}},{"type":"Feature","properties":{"Ambiente":"NÃO INFORMADO","Startup":"Hypervisual","Estágio":"Crescimento","Segmento":"Software e Cloud","Vertical":"Inovação Social","Relação com o Mercado":"B2C","Modelo de Negócio":"Não Informado","Cidade":"Porto Alegre","Região":"Metropolitana e Litoral Norte","Link":"https://hypervisual.com.br/"},"geometry":{"type":"Point","coordinates":[-51.2089887,-30.0368176]}},{"type":"Feature","properties":{"Ambiente":"NÃO INFORMADO","Startup":"Hyven","Estágio":"Validação","Segmento":"Construção Civil","Vertical":"ConstruTech","Relação com o Mercado":"B2B e B2G","Modelo de Negócio":"Não Informado","Cidade":"Porto Alegre","Região":"Metropolitana e Litoral Norte","Link":"https://hyven.tech/"},"geometry":{"type":"Point","coordinates":[-51.2089887,-30.0368176]}},{"type":"Feature","properties":{"Ambiente":"HESTIA UFRGS","Startup":"Hyxxon Energia","Estágio":"Ideação","Segmento":"Energia","Vertical":"EnergyTech","Relação com o Mercado":"B2B","Modelo de Negócio":"Não Informado","Cidade":"Porto Alegre","Região":"Metropolitana e Litoral Norte","Link":"https://www.hyxxon.com/"},"geometry":{"type":"Point","coordinates":[-51.2089887,-30.0368176]}},{"type":"Feature","properties":{"Ambiente":"ALIANÇA EMPRESARIAL","Startup":"I98 INTELIGÊNCIA DE DADOS","Estágio":"Crescimento","Segmento":"Acessibilidade e Inclusão","Vertical":"ITTech","Relação com o Mercado":"B2B","Modelo de Negócio":"Não Informado","Cidade":"Passo Fundo","Região":"Produção e Norte","Link":"http://i98.com.br/"},"geometry":{"type":"Point","coordinates":[-52.4102752,-28.2622705]}},{"type":"Feature","properties":{"Ambiente":"CEI UFRGS","Startup":"i9access","Estágio":"Crescimento","Segmento":"Saúde e Bem-Estar","Vertical":"EdTech","Relação com o Mercado":"B2B","Modelo de Negócio":"Assinatura","Cidade":"Porto Alegre","Região":"Metropolitana e Litoral Norte","Link":"http://www.i9access.com.br/"},"geometry":{"type":"Point","coordinates":[-51.2089887,-30.0368176]}},{"type":"Feature","properties":{"Ambiente":"CONECTAR","Startup":"I9MAT INOVAÇÕES EM NANOTECNOLOGIA LTDA","Estágio":"Validação","Segmento":"Hardware e Eletrônicos","Vertical":"DeepTech","Relação com o Mercado":"B2B2C","Modelo de Negócio":"Outro","Cidade":"Pelotas","Região":"Sul","Link":"https://www.instagram.com/i9materiais/"},"geometry":{"type":"Point","coordinates":[-52.3313342,-31.7700081]}},{"type":"Feature","properties":{"Ambiente":"NÃO INFORMADO","Startup":"Iara Health","Estágio":"Crescimento","Segmento":"Saúde e Bem-Estar","Vertical":"HealthTech","Relação com o Mercado":"B2B","Modelo de Negócio":"Assinatura","Cidade":"Porto Alegre","Região":"Metropolitana e Litoral Norte","Link":"https://iarahealth.com/"},"geometry":{"type":"Point","coordinates":[-51.2089887,-30.0368176]}},{"type":"Feature","properties":{"Ambiente":"NÃO INFORMADO","Startup":"Ibiama","Estágio":"Crescimento","Segmento":"Educação e Ensino","Vertical":"VR/AR Tech","Relação com o Mercado":"B2B2C","Modelo de Negócio":"SaaS","Cidade":"Porto Alegre","Região":"Metropolitana e Litoral Norte","Link":"https://www.ibi.art.br/ibiama-repo/"},"geometry":{"type":"Point","coordinates":[-51.2089887,-30.0368176]}},{"type":"Feature","properties":{"Ambiente":"NÃO INFORMADO","Startup":"ICANEO IT","Estágio":"Escala","Segmento":"TI (Tecnologia da Informação)","Vertical":"SupplyTech","Relação com o Mercado":"B2B","Modelo de Negócio":"Outro","Cidade":"Pelotas","Região":"Sul","Link":"https://www.icaneoit.com.br/"},"geometry":{"type":"Point","coordinates":[-52.3313342,-31.7700081]}},{"type":"Feature","properties":{"Ambiente":"NÃO INFORMADO","Startup":"Icehot","Estágio":"Crescimento","Segmento":"Saúde e Bem-Estar","Vertical":"HealthTech","Relação com o Mercado":"B2B","Modelo de Negócio":"Não Informado","Cidade":"Bento Gonçalves","Região":"Serra Gaúcha","Link":"https://icehot.net.br/f/"},"geometry":{"type":"Point","coordinates":[-51.5169861,-29.1667089]}},{"type":"Feature","properties":{"Ambiente":"TECNOSINOS","Startup":"ICYBERSEC","Estágio":"Validação","Segmento":"Software e Cloud","Vertical":"CyberSecurity","Relação com o Mercado":"B2B","Modelo de Negócio":"Não Informado","Cidade":"São Leopoldo","Região":"Metropolitana e Litoral Norte","Link":"https://www.icybersec.com/"},"geometry":{"type":"Point","coordinates":[-51.1480174,-29.7607417]}},{"type":"Feature","properties":{"Ambiente":"TECNOPUC","Startup":"Ideia à vista","Estágio":"Validação","Segmento":"Indústria 4.0","Vertical":"GameTech","Relação com o Mercado":"B2B2C","Modelo de Negócio":"Licenciamento","Cidade":"Porto Alegre","Região":"Metropolitana e Litoral Norte","Link":"https://www.ideiaavista.com/"},"geometry":{"type":"Point","coordinates":[-51.2089887,-30.0368176]}},{"type":"Feature","properties":{"Ambiente":"NÃO INFORMADO","Startup":"IDIOMUS","Estágio":"Crescimento","Segmento":"Educação e Ensino","Vertical":"Edtech","Relação com o Mercado":"B2B","Modelo de Negócio":"Não Informado","Cidade":"Canoas","Região":"Metropolitana e Litoral Norte","Link":"https://www.idiomus.com"},"geometry":{"type":"Point","coordinates":[-51.1847036,-29.9077898]}},{"type":"Feature","properties":{"Ambiente":"TECNOPUC","Startup":"Igapó","Estágio":"Crescimento","Segmento":"Meio Ambiente e Sustentabilidade","Vertical":"GreenTech","Relação com o Mercado":"B2B","Modelo de Negócio":"Custo por Aquisição","Cidade":"Porto Alegre","Região":"Metropolitana e Litoral Norte","Link":"https://igapo.net/"},"geometry":{"type":"Point","coordinates":[-51.2089887,-30.0368176]}},{"type":"Feature","properties":{"Ambiente":"HESTIA UFRGS","Startup":"iGcon - Inovação na Gestão da Construção","Estágio":"Ideação","Segmento":"Construção Civil","Vertical":"ConstruTech","Relação com o Mercado":"B2B","Modelo de Negócio":"Não Informado","Cidade":"Porto Alegre","Região":"Metropolitana e Litoral Norte","Link":""},"geometry":{"type":"Point","coordinates":[-51.2089887,-30.0368176]}},{"type":"Feature","properties":{"Ambiente":"CONECTAR","Startup":"IGniS ANIMAL SCIENCE","Estágio":"Crescimento","Segmento":"Agronegócio","Vertical":"DeepTech","Relação com o Mercado":"B2B","Modelo de Negócio":"Outro","Cidade":"Pelotas","Região":"Sul","Link":"https://www.linkedin.com/company/ignis-animal-science"},"geometry":{"type":"Point","coordinates":[-52.3313342,-31.7700081]}},{"type":"Feature","properties":{"Ambiente":"NÃO INFORMADO","Startup":"IGOAL TECNOLOGIA","Estágio":"Validação","Segmento":"IOT (Internet das Coisas)","Vertical":"ITTech","Relação com o Mercado":"B2C","Modelo de Negócio":"Não Informado","Cidade":"Porto Alegre","Região":"Metropolitana e Litoral Norte","Link":"https://igoaltecnologia.com/"},"geometry":{"type":"Point","coordinates":[-51.2089887,-30.0368176]}},{"type":"Feature","properties":{"Ambiente":"INSTITUTO CALDEIRA","Startup":"IILEX SISTEMAS INTEGRADOS","Estágio":"Não Informado","Segmento":"Software e Cloud","Vertical":"ITTech","Relação com o Mercado":"B2B","Modelo de Negócio":"Não Informado","Cidade":"Porto Alegre","Região":"Metropolitana e Litoral Norte","Link":""},"geometry":{"type":"Point","coordinates":[-51.2089887,-30.0368176]}},{"type":"Feature","properties":{"Ambiente":"NÃO INFORMADO","Startup":"Ilar","Estágio":"Crescimento","Segmento":"Software e Cloud","Vertical":"ITTech","Relação com o Mercado":"B2B","Modelo de Negócio":"Não Informado","Cidade":"Caxias do Sul","Região":"Serra Gaúcha","Link":"https://www.ilar.com.br/"},"geometry":{"type":"Point","coordinates":[-51.1812032,-29.1740137]}},{"type":"Feature","properties":{"Ambiente":"TECNOPUC","Startup":"i-lite ERP 360","Estágio":"Validação","Segmento":"Financeiro","Vertical":"FinTech","Relação com o Mercado":"B2B","Modelo de Negócio":"Assinatura","Cidade":"Porto Alegre","Região":"Metropolitana e Litoral Norte","Link":"https://ilite.com.br/"},"geometry":{"type":"Point","coordinates":[-51.2089887,-30.0368176]}},{"type":"Feature","properties":{"Ambiente":"NÃO INFORMADO","Startup":"Imgnation","Estágio":"Validação","Segmento":"Software e Cloud","Vertical":"ITTech","Relação com o Mercado":"B2C","Modelo de Negócio":"Não Informado","Cidade":"Santa Maria","Região":"Central","Link":""},"geometry":{"type":"Point","coordinates":[-53.7923441,-29.6894984]}},{"type":"Feature","properties":{"Ambiente":"PAMPATEC","Startup":"Imobi-k - Kabongo Grupo","Estágio":"Crescimento","Segmento":"TI (Tecnologia da Informação)","Vertical":"ImobTech","Relação com o Mercado":"B2B","Modelo de Negócio":"Economia de Recorrência","Cidade":"Alegrete","Região":"Campanha e Fronteira Oeste","Link":"https://www.imobik.com.br/"},"geometry":{"type":"Point","coordinates":[-55.7936527,-29.7837672]}},{"type":"Feature","properties":{"Ambiente":"INSTITUTO CALDEIRA","Startup":"IMPARE","Estágio":"Não Informado","Segmento":"Educação e Ensino","Vertical":"EdTech","Relação com o Mercado":"B2B e B2C","Modelo de Negócio":"Não Informado","Cidade":"São João do Polêsine","Região":"Central","Link":"https://www.impare.com.br/"},"geometry":{"type":"Point","coordinates":[-53.4462085,-29.6161466]}},{"type":"Feature","properties":{"Ambiente":"NÃO INFORMADO","Startup":"Inconnect","Estágio":"Crescimento","Segmento":"TI (Tecnologia da Informação)","Vertical":"ITTech","Relação com o Mercado":"B2B","Modelo de Negócio":"Não Informado","Cidade":"Caxias do Sul","Região":"Serra Gaúcha","Link":"https://www.inconnect.com.br/"},"geometry":{"type":"Point","coordinates":[-51.1812032,-29.1740137]}},{"type":"Feature","properties":{"Ambiente":"NÃO INFORMADO","Startup":"inData","Estágio":"Validação","Segmento":"TI (Tecnologia da Informação)","Vertical":"ITTech","Relação com o Mercado":"B2B","Modelo de Negócio":"Não Informado","Cidade":"Porto Alegre","Região":"Metropolitana e Litoral Norte","Link":"https://indatadigital.com.br/"},"geometry":{"type":"Point","coordinates":[-51.2089887,-30.0368176]}},{"type":"Feature","properties":{"Ambiente":"TECNOPUC","Startup":"Indusmart","Estágio":"Crescimento","Segmento":"Indústria 4.0","Vertical":"Outras","Relação com o Mercado":"B2B2C","Modelo de Negócio":"Outro","Cidade":"Porto Alegre","Região":"Metropolitana e Litoral Norte","Link":"https://www.indusmart.com.br/"},"geometry":{"type":"Point","coordinates":[-51.2089887,-30.0368176]}},{"type":"Feature","properties":{"Ambiente":"CIEMSUL","Startup":"INEPHRO","Estágio":"Validação","Segmento":"Saúde e Bem-Estar","Vertical":"MedTech","Relação com o Mercado":"B2B e B2C","Modelo de Negócio":"Outro","Cidade":"Pelotas","Região":"Sul","Link":"https://www.instagram.com/franklincbarcellos.nefro/"},"geometry":{"type":"Point","coordinates":[-52.3313342,-31.7700081]}},{"type":"Feature","properties":{"Ambiente":"CRIATEC UNIJUÍ","Startup":"Infinitum TI","Estágio":"Crescimento","Segmento":"Software e Cloud","Vertical":"ITTech","Relação com o Mercado":"B2B","Modelo de Negócio":"Software House","Cidade":"Ijuí","Região":"Noroeste e Missões","Link":"https://infinitum-ti.com/"},"geometry":{"type":"Point","coordinates":[-53.9220126,-28.3891409]}},{"type":"Feature","properties":{"Ambiente":"NÃO INFORMADO","Startup":"INFINNITY NEUROBUSINESS SCHOOL","Estágio":"Escala","Segmento":"RH e Coaching","Vertical":"EdTech","Relação com o Mercado":"B2B2C","Modelo de Negócio":"Pay-per-use","Cidade":"Porto Alegre","Região":"Metropolitana e Litoral Norte","Link":"https://www.instagram.com/infiniy_neurobusiness/"},"geometry":{"type":"Point","coordinates":[-51.2089887,-30.0368176]}},{"type":"Feature","properties":{"Ambiente":"NÃO INFORMADO","Startup":"Infoguardian","Estágio":"Crescimento","Segmento":"Consultorias e Treinamentos","Vertical":"ITTech","Relação com o Mercado":"B2B","Modelo de Negócio":"Não Informado","Cidade":"Novo Hamburgo","Região":"Metropolitana e Litoral Norte","Link":"https://infoguardian.com.br/"},"geometry":{"type":"Point","coordinates":[-51.1337471,-29.683463]}},{"type":"Feature","properties":{"Ambiente":"NÃO INFORMADO","Startup":"Infratrack","Estágio":"Crescimento","Segmento":"Software e Cloud","Vertical":"LogTech","Relação com o Mercado":"B2B","Modelo de Negócio":"Não Informado","Cidade":"Três de Maio","Região":"Noroeste e Missões","Link":"https://www.infratrack.com.br/"},"geometry":{"type":"Point","coordinates":[-54.2344607,-27.7841041]}},{"type":"Feature","properties":{"Ambiente":"ALIANÇA EMPRESARIAL","Startup":"INNNOVA B","Estágio":"Crescimento","Segmento":"Jurídico","Vertical":"LawTech","Relação com o Mercado":"B2B e B2C","Modelo de Negócio":"Não Informado","Cidade":"Passo Fundo","Região":"Produção e Norte","Link":"https://innovab.com.br/"},"geometry":{"type":"Point","coordinates":[-52.4102752,-28.2622705]}},{"type":"Feature","properties":{"Ambiente":"CRIATEC UNIJUÍ","Startup":"Innoformula","Estágio":"Crescimento","Segmento":"Engenharia e Indústria Geral","Vertical":"BeautyTech","Relação com o Mercado":"B2B","Modelo de Negócio":"Licenciamento","Cidade":"Ijuí","Região":"Noroeste e Missões","Link":"https://www.innoformula.com.br/"},"geometry":{"type":"Point","coordinates":[-53.9220126,-28.3891409]}},{"type":"Feature","properties":{"Ambiente":"UPF PARQUE","Startup":"INNOVASUSTECH ENGENHARIA LTDA","Estágio":"Validação","Segmento":"Engenharia e Indústria Geral","Vertical":"ConstruTech","Relação com o Mercado":"B2B","Modelo de Negócio":"Não Informado","Cidade":"Passo Fundo","Região":"Produção e Norte","Link":""},"geometry":{"type":"Point","coordinates":[-52.4102752,-28.2622705]}},{"type":"Feature","properties":{"Ambiente":"NÃO INFORMADO","Startup":"iNNOVEA HUB","Estágio":"Validação","Segmento":"RH e Coaching","Vertical":"HRTech","Relação com o Mercado":"B2B2C","Modelo de Negócio":"Não Informado","Cidade":"Porto Alegre","Região":"Metropolitana e Litoral Norte","Link":"https://innovea.com.br/"},"geometry":{"type":"Point","coordinates":[-51.2089887,-30.0368176]}},{"type":"Feature","properties":{"Ambiente":"PULSAR","Startup":"Inocular","Estágio":"Crescimento","Segmento":"Agronegócio","Vertical":"AgTech","Relação com o Mercado":"B2B e B2C","Modelo de Negócio":"Custo por Aquisição","Cidade":"Santa Maria","Região":"Central","Link":"https://www.facebook.com/Inocular.solucoesagricolasltda/"},"geometry":{"type":"Point","coordinates":[-53.7923441,-29.6894984]}},{"type":"Feature","properties":{"Ambiente":"TECNOUNISC","Startup":"Inoculla Tech - Pesquisa e Desenvolvimento Experimental em Ciências Naturais Ltda","Estágio":"Escala","Segmento":"Biotecnologia","Vertical":"BioTech","Relação com o Mercado":"B2B2C","Modelo de Negócio":"Serviços Baseados em Taxas","Cidade":"Santa Cruz do Sul","Região":"Região dos Vales","Link":"https://www.instagram.com/inocullatech/"},"geometry":{"type":"Point","coordinates":[-52.4358285,-29.7240622]}},{"type":"Feature","properties":{"Ambiente":"INOVABENTO","Startup":"Inova & Cria","Estágio":"Crescimento","Segmento":"Educação e Ensino","Vertical":"EdTech","Relação com o Mercado":"B2C","Modelo de Negócio":"Outro","Cidade":"São Leopoldo","Região":"Metropolitana e Litoral Norte","Link":"https://www.instagram.com/inovaecriaa/"},"geometry":{"type":"Point","coordinates":[-51.1480174,-29.7607417]}},{"type":"Feature","properties":{"Ambiente":"INOVABENTO","Startup":"Inova KPI","Estágio":"Crescimento","Segmento":"TI (Tecnologia da Informação)","Vertical":"IndTech","Relação com o Mercado":"B2B","Modelo de Negócio":"Software House","Cidade":"Bento Gonçalves","Região":"Serra Gaúcha","Link":"https://www.instagram.com/inovakpi/"},"geometry":{"type":"Point","coordinates":[-51.5169861,-29.1667089]}},{"type":"Feature","properties":{"Ambiente":"TECNOUNISC","Startup":"Inovabee","Estágio":"Crescimento","Segmento":"Agronegócio","Vertical":"AgTech","Relação com o Mercado":"B2B","Modelo de Negócio":"E-commerce","Cidade":"Santa Cruz do Sul","Região":"Região dos Vales","Link":"http://www.inovabeebrazil.com"},"geometry":{"type":"Point","coordinates":[-52.4358285,-29.7240622]}},{"type":"Feature","properties":{"Ambiente":"TECNOVATES","Startup":"INOVAPICTOR","Estágio":"Crescimento","Segmento":"Jurídico","Vertical":"RegTech","Relação com o Mercado":"B2B e B2C","Modelo de Negócio":"Assinatura","Cidade":"Novo Hamburgo","Região":"Metropolitana e Litoral Norte","Link":"https://inovapictor.co/"},"geometry":{"type":"Point","coordinates":[-51.1337471,-29.683463]}},{"type":"Feature","properties":{"Ambiente":"TECNOURI","Startup":"INOVATEC UFSM 3D Soluções em Informática LTDA","Estágio":"Crescimento","Segmento":"Engenharia e Indústria Geral","Vertical":"RetailTech","Relação com o Mercado":"B2B2C","Modelo de Negócio":"Custo por Aquisição","Cidade":"Santo Ângelo","Região":"Noroeste e Missões","Link":"https://www.facebook.com/INOVATEC UFSM3d"},"geometry":{"type":"Point","coordinates":[-54.2658317,-28.3001866]}},{"type":"Feature","properties":{"Ambiente":"CEI UFRGS","Startup":"InPlace Design Automation","Estágio":"Crescimento","Segmento":"Hardware e Eletrônicos","Vertical":"EdTech","Relação com o Mercado":"B2B e B2C","Modelo de Negócio":"SaaS","Cidade":"Ivoti","Região":"Metropolitana e Litoral Norte","Link":"https://www.inplace-da.com/"},"geometry":{"type":"Point","coordinates":[-51.1637876,-29.6106737]}},{"type":"Feature","properties":{"Ambiente":"ALIANÇA EMPRESARIAL","Startup":"INSIGHT ACADEMY","Estágio":"Crescimento","Segmento":"Educação e Ensino","Vertical":"EdTech","Relação com o Mercado":"B2B e B2G","Modelo de Negócio":"Não Informado","Cidade":"Passo Fundo","Região":"Produção e Norte","Link":"https://www.insightacademyedu.com.br/"},"geometry":{"type":"Point","coordinates":[-52.4102752,-28.2622705]}},{"type":"Feature","properties":{"Ambiente":"NÃO INFORMADO","Startup":"INSIGHT Design Estratégico","Estágio":"Ideação","Segmento":"Consultorias e Treinamentos","Vertical":"Inovação Social","Relação com o Mercado":"B2B e B2G","Modelo de Negócio":"Outro","Cidade":"Caxias do Sul","Região":"Serra Gaúcha","Link":"https://www.linkedin.com/in/silvia-nunes/"},"geometry":{"type":"Point","coordinates":[-51.1812032,-29.1740137]}},{"type":"Feature","properties":{"Ambiente":"TECNOVATES","Startup":"Inspetor Caranga","Estágio":"Ideação","Segmento":"Automotivo","Vertical":"AutoTech","Relação com o Mercado":"B2C","Modelo de Negócio":"Marketplace","Cidade":"Lajeado","Região":"Região dos Vales","Link":"https://www.univates.br/tecnovates/inovates/empresas"},"geometry":{"type":"Point","coordinates":[-51.9679026,-29.4606311]}},{"type":"Feature","properties":{"Ambiente":"PULSAR","Startup":"Instabov","Estágio":"Crescimento","Segmento":"Agronegócio","Vertical":"AgTech","Relação com o Mercado":"B2B e B2C","Modelo de Negócio":"Custo por Aquisição","Cidade":"Santa Maria","Região":"Central","Link":"https://www.instabov.com.br/"},"geometry":{"type":"Point","coordinates":[-53.7923441,-29.6894984]}},{"type":"Feature","properties":{"Ambiente":"NÃO INFORMADO","Startup":"Instituto Campeão","Estágio":"Ideação","Segmento":"Educação e Ensino","Vertical":"EdTech","Relação com o Mercado":"B2B e B2C","Modelo de Negócio":"Não Informado","Cidade":"São Luiz Gonzaga","Região":"Noroeste e Missões","Link":"https://www.instagram.com/institutocampeao/"},"geometry":{"type":"Point","coordinates":[-54.9615193,-28.4081313]}},{"type":"Feature","properties":{"Ambiente":"NÃO INFORMADO","Startup":"Instor","Estágio":"Validação","Segmento":"Indústria 4.0","Vertical":"IndTech","Relação com o Mercado":"B2B","Modelo de Negócio":"Não Informado","Cidade":"Viamão","Região":"Metropolitana e Litoral Norte","Link":"https://instor.com.br/"},"geometry":{"type":"Point","coordinates":[-51.0340956,-30.0827721]}},{"type":"Feature","properties":{"Ambiente":"NÃO INFORMADO","Startup":"Insumo Fácil","Estágio":"Crescimento","Segmento":"Comércio e Varejo","Vertical":"AgTech","Relação com o Mercado":"B2B","Modelo de Negócio":"Não Informado","Cidade":"Monte Alegre dos Campos","Região":"Serra Gaúcha","Link":"https://www.instagram.com/insumo_facil/"},"geometry":{"type":"Point","coordinates":[-50.782348,-28.6834478]}},{"type":"Feature","properties":{"Ambiente":"NÃO INFORMADO","Startup":"Int6 Tecnologia","Estágio":"Ideação","Segmento":"Indústria 4.0","Vertical":"IndTech","Relação com o Mercado":"B2B","Modelo de Negócio":"Não Informado","Cidade":"Porto Alegre","Região":"Metropolitana e Litoral Norte","Link":"https://int6tech.com/"},"geometry":{"type":"Point","coordinates":[-51.2089887,-30.0368176]}},{"type":"Feature","properties":{"Ambiente":"NÃO INFORMADO","Startup":"INTERACT SOLUTIONS","Estágio":"Escala","Segmento":"Software e Cloud","Vertical":"ITTech","Relação com o Mercado":"B2B","Modelo de Negócio":"Não Informado","Cidade":"Lajeado","Região":"Região dos Vales","Link":"https://www.interactsolutions.com/"},"geometry":{"type":"Point","coordinates":[-51.9679026,-29.4606311]}},{"type":"Feature","properties":{"Ambiente":"NÃO INFORMADO","Startup":"INTRODUCE","Estágio":"Crescimento","Segmento":"Software e Cloud","Vertical":"ITTech","Relação com o Mercado":"B2C","Modelo de Negócio":"Não Informado","Cidade":"Caxias do Sul","Região":"Serra Gaúcha","Link":"https://introduce.com.br/"},"geometry":{"type":"Point","coordinates":[-51.1812032,-29.1740137]}},{"type":"Feature","properties":{"Ambiente":"CRIATEC UNIJUÍ","Startup":"INVENTUS","Estágio":"Validação","Segmento":"Automotivo","Vertical":"FunTech","Relação com o Mercado":"B2C","Modelo de Negócio":"Licenciamento","Cidade":"Santa Rosa","Região":"Noroeste e Missões","Link":"https://www.instagram.com/inventus_hud/"},"geometry":{"type":"Point","coordinates":[-54.4797042,-27.8700347]}},{"type":"Feature","properties":{"Ambiente":"NÃO INFORMADO","Startup":"Inverse VR","Estágio":"Não Informado","Segmento":"Não Informado","Vertical":"Não Informado","Relação com o Mercado":"Não Informado","Modelo de Negócio":"Não Informado","Cidade":"Santa Maria","Região":"Central","Link":""},"geometry":{"type":"Point","coordinates":[-53.7923441,-29.6894984]}},{"type":"Feature","properties":{"Ambiente":"PRADOTECH","Startup":"IPAY","Estágio":"Crescimento","Segmento":"Financeiro","Vertical":"FinTech","Relação com o Mercado":"B2B2C","Modelo de Negócio":"SaaS","Cidade":"Gravataí","Região":"Metropolitana e Litoral Norte","Link":"https://www.ipay.net.br/"},"geometry":{"type":"Point","coordinates":[-50.9947529,-29.9398869]}},{"type":"Feature","properties":{"Ambiente":"SMICT GRAVATAÍ","Startup":"IPAY","Estágio":"Crescimento","Segmento":"Financeiro","Vertical":"FinTech","Relação com o Mercado":"B2B2C","Modelo de Negócio":"SaaS","Cidade":"Gravataí","Região":"Metropolitana e Litoral Norte","Link":"https://www.ipay.net.br/"},"geometry":{"type":"Point","coordinates":[-50.9947529,-29.9398869]}},{"type":"Feature","properties":{"Ambiente":"NÃO INFORMADO","Startup":"iPORTO","Estágio":"Validação","Segmento":"Software e Cloud","Vertical":"MarTech","Relação com o Mercado":"B2C","Modelo de Negócio":"Não Informado","Cidade":"Porto Alegre","Região":"Metropolitana e Litoral Norte","Link":"https://iporto.com.br/"},"geometry":{"type":"Point","coordinates":[-51.2089887,-30.0368176]}},{"type":"Feature","properties":{"Ambiente":"UALL","Startup":"Ípsillon","Estágio":"Crescimento","Segmento":"TI (Tecnologia da Informação)","Vertical":"Inovação Social","Relação com o Mercado":"B2B2C","Modelo de Negócio":"Software House","Cidade":"Bagé","Região":"Campanha e Fronteira Oeste","Link":"https://ipsillon.cc/"},"geometry":{"type":"Point","coordinates":[-54.1065079,-31.3332251]}},{"type":"Feature","properties":{"Ambiente":"TECNOPUC","Startup":"Iris","Estágio":"Crescimento","Segmento":"Marketing e Publicidade","Vertical":"Outras","Relação com o Mercado":"B2B","Modelo de Negócio":"SaaS","Cidade":"Porto Alegre","Região":"Metropolitana e Litoral Norte","Link":"https://www.somosiris.com/"},"geometry":{"type":"Point","coordinates":[-51.2089887,-30.0368176]}},{"type":"Feature","properties":{"Ambiente":"NÃO INFORMADO","Startup":"iSend","Estágio":"Ideação","Segmento":"Marketing e Publicidade","Vertical":"MarTech","Relação com o Mercado":"B2C","Modelo de Negócio":"Não Informado","Cidade":"Porto Alegre","Região":"Metropolitana e Litoral Norte","Link":"https://www.isend.com.br/"},"geometry":{"type":"Point","coordinates":[-51.2089887,-30.0368176]}},{"type":"Feature","properties":{"Ambiente":"NÃO INFORMADO","Startup":"Isobio","Estágio":"Crescimento","Segmento":"Biotecnologia","Vertical":"BioTech","Relação com o Mercado":"B2B","Modelo de Negócio":"Outro","Cidade":"Porto Alegre","Região":"Metropolitana e Litoral Norte","Link":"https://www.isobio.com.br/"},"geometry":{"type":"Point","coordinates":[-51.2089887,-30.0368176]}},{"type":"Feature","properties":{"Ambiente":"NÃO INFORMADO","Startup":"Itineo","Estágio":"Validação","Segmento":"Software e Cloud","Vertical":"MobTech","Relação com o Mercado":"B2B","Modelo de Negócio":"Assinatura","Cidade":"Lajeado","Região":"Região dos Vales","Link":"https://itineo.com.br/"},"geometry":{"type":"Point","coordinates":[-51.9679026,-29.4606311]}},{"type":"Feature","properties":{"Ambiente":"NÃO INFORMADO","Startup":"iWEb","Estágio":"Validação","Segmento":"Financeiro","Vertical":"FinTech","Relação com o Mercado":"P2P","Modelo de Negócio":"Não Informado","Cidade":"Porto Alegre","Região":"Metropolitana e Litoral Norte","Link":"https://www.MyPhoneMyMoney.com.br"},"geometry":{"type":"Point","coordinates":[-51.2089887,-30.0368176]}},{"type":"Feature","properties":{"Ambiente":"ITEC/UCS","Startup":"Iwhere","Estágio":"Não Informado","Segmento":"Não Informado","Vertical":"Não Informado","Relação com o Mercado":"Não Informado","Modelo de Negócio":"Não Informado","Cidade":"Caxias do Sul","Região":"Serra Gaúcha","Link":""},"geometry":{"type":"Point","coordinates":[-51.1812032,-29.1740137]}},{"type":"Feature","properties":{"Ambiente":"NÃO INFORMADO","Startup":"iWill","Estágio":"Crescimento","Segmento":"Educação e Ensino","Vertical":"EdTech","Relação com o Mercado":"P2P","Modelo de Negócio":"SaaS","Cidade":"Porto Alegre","Região":"Metropolitana e Litoral Norte","Link":"https://iwill.app.br/web/login/perfil"},"geometry":{"type":"Point","coordinates":[-51.2089887,-30.0368176]}},{"type":"Feature","properties":{"Ambiente":"NÃO INFORMADO","Startup":"IZI CAKE","Estágio":"Validação","Segmento":"Alimentos e Bebidas","Vertical":"FoodTech","Relação com o Mercado":"B2C","Modelo de Negócio":"Assinatura","Cidade":"Porto Alegre","Região":"Metropolitana e Litoral Norte","Link":"https://www.izicake.com.br"},"geometry":{"type":"Point","coordinates":[-51.2089887,-30.0368176]}},{"type":"Feature","properties":{"Ambiente":"NÃO INFORMADO","Startup":"IZZA Compras Inteligentes","Estágio":"Escala","Segmento":"Comércio e Varejo","Vertical":"RetailTech","Relação com o Mercado":"B2B e B2G","Modelo de Negócio":"SaaS","Cidade":"Porto Alegre","Região":"Metropolitana e Litoral Norte","Link":"http://www.izzaweb.com.br"},"geometry":{"type":"Point","coordinates":[-51.2089887,-30.0368176]}},{"type":"Feature","properties":{"Ambiente":"PRADOTECH","Startup":"IZZIETech","Estágio":"Escala","Segmento":"Software e Cloud","Vertical":"ITTech","Relação com o Mercado":"B2B e B2C","Modelo de Negócio":"SaaS","Cidade":"Gravataí","Região":"Metropolitana e Litoral Norte","Link":"https://izzie-it.com/"},"geometry":{"type":"Point","coordinates":[-50.9947529,-29.9398869]}},{"type":"Feature","properties":{"Ambiente":"SMICT GRAVATAÍ","Startup":"IZZIETech","Estágio":"Escala","Segmento":"Software e Cloud","Vertical":"ITTech","Relação com o Mercado":"B2B e B2C","Modelo de Negócio":"SaaS","Cidade":"Gravataí","Região":"Metropolitana e Litoral Norte","Link":"https://izzie-it.com/"},"geometry":{"type":"Point","coordinates":[-50.9947529,-29.9398869]}},{"type":"Feature","properties":{"Ambiente":"NÃO INFORMADO","Startup":"Jahde","Estágio":"Não Informado","Segmento":"Indústria 4.0","Vertical":"ITTech","Relação com o Mercado":"Não Informado","Modelo de Negócio":"Não Informado","Cidade":"Lajeado","Região":"Região dos Vales","Link":"https://www.jahde.com.br/"},"geometry":{"type":"Point","coordinates":[-51.9679026,-29.4606311]}},{"type":"Feature","properties":{"Ambiente":"NÃO INFORMADO","Startup":"James Tip","Estágio":"Validação","Segmento":"Software e Cloud","Vertical":"SupplyTech","Relação com o Mercado":"B2B","Modelo de Negócio":"Não Informado","Cidade":"Porto Alegre","Região":"Metropolitana e Litoral Norte","Link":"https://jamestip.com/"},"geometry":{"type":"Point","coordinates":[-51.2089887,-30.0368176]}},{"type":"Feature","properties":{"Ambiente":"NÃO INFORMADO","Startup":"Job4ALL","Estágio":"Crescimento","Segmento":"RH e Coaching","Vertical":"HRTech","Relação com o Mercado":"B2B","Modelo de Negócio":"Assinatura","Cidade":"Porto Alegre","Região":"Metropolitana e Litoral Norte","Link":"https://job4all.com.br/"},"geometry":{"type":"Point","coordinates":[-51.2089887,-30.0368176]}},{"type":"Feature","properties":{"Ambiente":"HORIZONTE FAHOR","Startup":"Joga Junto","Estágio":"Ideação","Segmento":"Esportes","Vertical":"SportsTech","Relação com o Mercado":"B2P","Modelo de Negócio":"Assinatura","Cidade":"Horizontina","Região":"Noroeste e Missões","Link":"https://www.instagram.com/jogajunto.app/"},"geometry":{"type":"Point","coordinates":[-54.3059728,-27.628239]}},{"type":"Feature","properties":{"Ambiente":"NÃO INFORMADO","Startup":"Jou Lavanderia","Estágio":"Validação","Segmento":"Serviços","Vertical":"CleanTech","Relação com o Mercado":"B2C","Modelo de Negócio":"Assinatura","Cidade":"Porto Alegre","Região":"Metropolitana e Litoral Norte","Link":"https://joulavanderia.com.br/"},"geometry":{"type":"Point","coordinates":[-51.2089887,-30.0368176]}},{"type":"Feature","properties":{"Ambiente":"NÃO INFORMADO","Startup":"Joyz","Estágio":"Crescimento","Segmento":"Financeiro","Vertical":"Inovação Social","Relação com o Mercado":"B2C","Modelo de Negócio":"Transação","Cidade":"Porto Alegre","Região":"Metropolitana e Litoral Norte","Link":"https://www.instagram.com/joyz_app/"},"geometry":{"type":"Point","coordinates":[-51.2089887,-30.0368176]}},{"type":"Feature","properties":{"Ambiente":"NÃO INFORMADO","Startup":"Judice Office","Estágio":"Validação","Segmento":"Software e Cloud","Vertical":"LawTech","Relação com o Mercado":"B2B","Modelo de Negócio":"Não Informado","Cidade":"Porto Alegre","Região":"Metropolitana e Litoral Norte","Link":"https://officeadv.com.br/"},"geometry":{"type":"Point","coordinates":[-51.2089887,-30.0368176]}},{"type":"Feature","properties":{"Ambiente":"NÃO INFORMADO","Startup":"JusAPI","Estágio":"Validação","Segmento":"Software e Cloud","Vertical":"LawTech","Relação com o Mercado":"B2C","Modelo de Negócio":"Assinatura","Cidade":"Porto Alegre","Região":"Metropolitana e Litoral Norte","Link":"https://jusapi.com.br/"},"geometry":{"type":"Point","coordinates":[-51.2089887,-30.0368176]}},{"type":"Feature","properties":{"Ambiente":"NÃO INFORMADO","Startup":"Justmiine","Estágio":"Crescimento","Segmento":"Software e Cloud","Vertical":"HealthTech","Relação com o Mercado":"B2C","Modelo de Negócio":"Não Informado","Cidade":"Porto Alegre","Região":"Metropolitana e Litoral Norte","Link":"https://www.justmiine.com/"},"geometry":{"type":"Point","coordinates":[-51.2089887,-30.0368176]}},{"type":"Feature","properties":{"Ambiente":"HORIZONTE FAHOR","Startup":"Kaukazus","Estágio":"Validação","Segmento":"Comércio e Varejo","Vertical":"IndTech","Relação com o Mercado":"B2G","Modelo de Negócio":"Negócio Socioambiental","Cidade":"Horizontina","Região":"Noroeste e Missões","Link":""},"geometry":{"type":"Point","coordinates":[-54.3059728,-27.628239]}},{"type":"Feature","properties":{"Ambiente":"CRIATEC UNIJUÍ","Startup":"KB Engenharia","Estágio":"Validação","Segmento":"Construção Civil","Vertical":"ConstruTech","Relação com o Mercado":"B2B2C","Modelo de Negócio":"Pay-per-use","Cidade":"Santa Rosa","Região":"Noroeste e Missões","Link":"https://www.instagram.com/kanandadebairros.engenharia"},"geometry":{"type":"Point","coordinates":[-54.4797042,-27.8700347]}},{"type":"Feature","properties":{"Ambiente":"UPF PARQUE","Startup":"Kentech Assessoria e Consultoria LTDA","Estágio":"Ideação","Segmento":"Mobilidade","Vertical":"ImobTech","Relação com o Mercado":"B2C","Modelo de Negócio":"Não Informado","Cidade":"Passo Fundo","Região":"Produção e Norte","Link":""},"geometry":{"type":"Point","coordinates":[-52.4102752,-28.2622705]}},{"type":"Feature","properties":{"Ambiente":"TECNOUNISC","Startup":"Kinesens Biotecnologia","Estágio":"Crescimento","Segmento":"Saúde e Bem-Estar","Vertical":"MedTech","Relação com o Mercado":"B2C","Modelo de Negócio":"Outro","Cidade":"Santa Cruz do Sul","Região":"Região dos Vales","Link":"https://www.instagram.com/kinesens.bio/"},"geometry":{"type":"Point","coordinates":[-52.4358285,-29.7240622]}},{"type":"Feature","properties":{"Ambiente":"INSTITUTO CALDEIRA","Startup":"KLOOKS","Estágio":"Não Informado","Segmento":"TI (Tecnologia da Informação)","Vertical":"ITTech","Relação com o Mercado":"B2B","Modelo de Negócio":"Não Informado","Cidade":"Porto Alegre","Região":"Metropolitana e Litoral Norte","Link":"https://www.klooks.com.br/"},"geometry":{"type":"Point","coordinates":[-51.2089887,-30.0368176]}},{"type":"Feature","properties":{"Ambiente":"NÃO INFORMADO","Startup":"KOBE","Estágio":"Ideação","Segmento":"Software e Cloud","Vertical":"ITTech","Relação com o Mercado":"B2B e B2C","Modelo de Negócio":"SaaS","Cidade":"Porto Alegre","Região":"Metropolitana e Litoral Norte","Link":"https://www.kobe.io/"},"geometry":{"type":"Point","coordinates":[-51.2089887,-30.0368176]}},{"type":"Feature","properties":{"Ambiente":"NÃO INFORMADO","Startup":"Konecty","Estágio":"Validação","Segmento":"Software e Cloud","Vertical":"ITTech","Relação com o Mercado":"B2C","Modelo de Negócio":"Assinatura","Cidade":"Porto Alegre","Região":"Metropolitana e Litoral Norte","Link":"https://konecty.com/"},"geometry":{"type":"Point","coordinates":[-51.2089887,-30.0368176]}},{"type":"Feature","properties":{"Ambiente":"PULSAR","Startup":"Kreska","Estágio":"Validação","Segmento":"Educação e Ensino","Vertical":"EdTech","Relação com o Mercado":"A2A","Modelo de Negócio":"Assinatura","Cidade":"Santa Maria","Região":"Central","Link":"https://kreska.com.br/"},"geometry":{"type":"Point","coordinates":[-53.7923441,-29.6894984]}},{"type":"Feature","properties":{"Ambiente":"NÃO INFORMADO","Startup":"KRETOS","Estágio":"Crescimento","Segmento":"RH e Coaching","Vertical":"HRTech","Relação com o Mercado":"B2B","Modelo de Negócio":"Assinatura","Cidade":"Caxias do Sul","Região":"Serra Gaúcha","Link":"https://kretos.cc/"},"geometry":{"type":"Point","coordinates":[-51.1812032,-29.1740137]}},{"type":"Feature","properties":{"Ambiente":"NÃO INFORMADO","Startup":"KSI do Brasil (KSi Edge)","Estágio":"Validação","Segmento":"Agronegócio","Vertical":"AgTech","Relação com o Mercado":"B2B","Modelo de Negócio":"Transação","Cidade":"Campo Bom","Região":"Metropolitana e Litoral Norte","Link":"https://ksiedge.com.br/"},"geometry":{"type":"Point","coordinates":[-51.0613111,-29.6747831]}},{"type":"Feature","properties":{"Ambiente":"NÃO INFORMADO","Startup":"Kuri Saúde","Estágio":"Validação","Segmento":"IA (Inteligência Artificial)","Vertical":"HealthTech","Relação com o Mercado":"B2B","Modelo de Negócio":"SaaS","Cidade":"Porto Alegre","Região":"Metropolitana e Litoral Norte","Link":"https://www.kuri.ai/"},"geometry":{"type":"Point","coordinates":[-51.2089887,-30.0368176]}},{"type":"Feature","properties":{"Ambiente":"NÃO INFORMADO","Startup":"L7","Estágio":"Ideação","Segmento":"Software e Cloud","Vertical":"ITTech","Relação com o Mercado":"B2B e B2C","Modelo de Negócio":"Não Informado","Cidade":"São Leopoldo","Região":"Metropolitana e Litoral Norte","Link":"https://www.tecnosinos.com.br/company/l7-tecnologia-ltda/"},"geometry":{"type":"Point","coordinates":[-51.1480174,-29.7607417]}},{"type":"Feature","properties":{"Ambiente":"NÃO INFORMADO","Startup":"Laft21","Estágio":"Validação","Segmento":"Software e Cloud","Vertical":"Proptech","Relação com o Mercado":"B2B e B2C","Modelo de Negócio":"Assinatura","Cidade":"Santa Maria","Região":"Central","Link":""},"geometry":{"type":"Point","coordinates":[-53.7923441,-29.6894984]}},{"type":"Feature","properties":{"Ambiente":"NÃO INFORMADO","Startup":"LAGOM BRASIL","Estágio":"Validação","Segmento":"Construção Civil","Vertical":"Construtech","Relação com o Mercado":"B2B e B2C","Modelo de Negócio":"Não Informado","Cidade":"Sananduva","Região":"Produção e Norte","Link":"https://lagom.ind.br/pt-BR/sobre"},"geometry":{"type":"Point","coordinates":[-51.8146706,-27.9506523]}},{"type":"Feature","properties":{"Ambiente":"INSTITUTO CALDEIRA","Startup":"LATROMI","Estágio":"Não Informado","Segmento":"Software e Cloud","Vertical":"ITTech","Relação com o Mercado":"B2B","Modelo de Negócio":"Não Informado","Cidade":"Canoas","Região":"Metropolitana e Litoral Norte","Link":"https://latromi.com.br/"},"geometry":{"type":"Point","coordinates":[-51.1847036,-29.9077898]}},{"type":"Feature","properties":{"Ambiente":"ITEC PARK UFN","Startup":"Lauduz","Estágio":"Escala","Segmento":"Telemedicina","Vertical":"HealthTech","Relação com o Mercado":"B2B","Modelo de Negócio":"Assinatura","Cidade":"Santa Maria","Região":"Central","Link":"https://www.lauduz.com/"},"geometry":{"type":"Point","coordinates":[-53.7923441,-29.6894984]}},{"type":"Feature","properties":{"Ambiente":"CRIATEC UNIJUÍ","Startup":"LAVORO DESIGN","Estágio":"Crescimento","Segmento":"Marketing e Publicidade","Vertical":"MarTech","Relação com o Mercado":"B2C","Modelo de Negócio":"Serviços Baseados em Taxas","Cidade":"Ijuí","Região":"Noroeste e Missões","Link":"https://www.instagram.com/lavorodesign/"},"geometry":{"type":"Point","coordinates":[-53.9220126,-28.3891409]}},{"type":"Feature","properties":{"Ambiente":"NÃO INFORMADO","Startup":"LawClass","Estágio":"Validação","Segmento":"Educação e Ensino","Vertical":"LawTech","Relação com o Mercado":"B2B e B2C","Modelo de Negócio":"Transação","Cidade":"Porto Alegre","Região":"Metropolitana e Litoral Norte","Link":"https://lawclass.com.br/portal/"},"geometry":{"type":"Point","coordinates":[-51.2089887,-30.0368176]}},{"type":"Feature","properties":{"Ambiente":"TECNOPUC","Startup":"Leaf4All","Estágio":"Crescimento","Segmento":"Meio Ambiente e Sustentabilidade","Vertical":"CleanTech","Relação com o Mercado":"B2B e B2C","Modelo de Negócio":"Marketplace","Cidade":"Porto Alegre","Região":"Metropolitana e Litoral Norte","Link":"https://leaf4all.com/"},"geometry":{"type":"Point","coordinates":[-51.2089887,-30.0368176]}},{"type":"Feature","properties":{"Ambiente":"IATI-FEMA","Startup":"Leaper","Estágio":"Escala","Segmento":"IA (Inteligência Artificial)","Vertical":"SalesTech","Relação com o Mercado":"B2B","Modelo de Negócio":"SaaS","Cidade":"Santa Rosa","Região":"Noroeste e Missões","Link":"https://leaper.com.br/"},"geometry":{"type":"Point","coordinates":[-54.4797042,-27.8700347]}},{"type":"Feature","properties":{"Ambiente":"PRADOTECH","Startup":"LEEG LEGAL","Estágio":"Ideação","Segmento":"Jurídico","Vertical":"LegalTech","Relação com o Mercado":"B2B e B2C","Modelo de Negócio":"Assinatura","Cidade":"Gravataí","Região":"Metropolitana e Litoral Norte","Link":"https://www.leeg.com.br/"},"geometry":{"type":"Point","coordinates":[-50.9947529,-29.9398869]}},{"type":"Feature","properties":{"Ambiente":"SMICT GRAVATAÍ","Startup":"LEEG LEGAL","Estágio":"Ideação","Segmento":"Jurídico","Vertical":"LegalTech","Relação com o Mercado":"B2B e B2C","Modelo de Negócio":"Assinatura","Cidade":"Gravataí","Região":"Metropolitana e Litoral Norte","Link":"https://www.leeg.com.br/"},"geometry":{"type":"Point","coordinates":[-50.9947529,-29.9398869]}},{"type":"Feature","properties":{"Ambiente":"NÃO INFORMADO","Startup":"Legacy 360","Estágio":"Escala","Segmento":"Marketing e Publicidade","Vertical":"MarTech","Relação com o Mercado":"B2B","Modelo de Negócio":"Não Informado","Cidade":"Lajeado","Região":"Região dos Vales","Link":"https://www.linkedin.com/company/legacy360/"},"geometry":{"type":"Point","coordinates":[-51.9679026,-29.4606311]}},{"type":"Feature","properties":{"Ambiente":"INSTITUTO CALDEIRA","Startup":"LemonGO","Estágio":"Não Informado","Segmento":"IA (Inteligência Artificial)","Vertical":"ITTech","Relação com o Mercado":"B2C","Modelo de Negócio":"Não Informado","Cidade":"Caxias do Sul","Região":"Serra Gaúcha","Link":"https://www.lemonapp.com.br/"},"geometry":{"type":"Point","coordinates":[-51.1812032,-29.1740137]}},{"type":"Feature","properties":{"Ambiente":"NÃO INFORMADO","Startup":"Lenzi Engenharia","Estágio":"Crescimento","Segmento":"Indústria 4.0","Vertical":"ITTech","Relação com o Mercado":"B2B","Modelo de Negócio":"Não Informado","Cidade":"Caxias do Sul","Região":"Serra Gaúcha","Link":"https://www.lenziengenharia.com.br/"},"geometry":{"type":"Point","coordinates":[-51.1812032,-29.1740137]}},{"type":"Feature","properties":{"Ambiente":"TECNOPUC","Startup":"Let Me Trial","Estágio":"Crescimento","Segmento":"Saúde e Bem-Estar","Vertical":"HealthTech","Relação com o Mercado":"B2B e B2G","Modelo de Negócio":"SaaS","Cidade":"Porto Alegre","Região":"Metropolitana e Litoral Norte","Link":"https://haydehealth.com/"},"geometry":{"type":"Point","coordinates":[-51.2089887,-30.0368176]}},{"type":"Feature","properties":{"Ambiente":"TECNOPUC","Startup":"Letters.IO","Estágio":"Validação","Segmento":"Entretenimento, Jogos e Gamificação","Vertical":"GameTech","Relação com o Mercado":"B2C","Modelo de Negócio":"Assinatura","Cidade":"Porto Alegre","Região":"Metropolitana e Litoral Norte","Link":"https://apps.apple.com/us/app/letters-io-social-game/id6444529219"},"geometry":{"type":"Point","coordinates":[-51.2089887,-30.0368176]}},{"type":"Feature","properties":{"Ambiente":"NÃO INFORMADO","Startup":"LeV Compliance","Estágio":"Escala","Segmento":"Jurídico","Vertical":"LegalTech","Relação com o Mercado":"B2B2C","Modelo de Negócio":"Serviços Baseados em Taxas","Cidade":"Santa Rosa","Região":"Noroeste e Missões","Link":"https://www.levcompliance.com.br/"},"geometry":{"type":"Point","coordinates":[-54.4797042,-27.8700347]}},{"type":"Feature","properties":{"Ambiente":"MIRALABS","Startup":"Levidè Cosméticos Naturais","Estágio":"Validação","Segmento":"Estética e Beleza","Vertical":"BeautyTech","Relação com o Mercado":"B2C","Modelo de Negócio":"E-commerce","Cidade":"Horizontina","Região":"Noroeste e Missões","Link":"https://levide.com.br/"},"geometry":{"type":"Point","coordinates":[-54.3059728,-27.628239]}},{"type":"Feature","properties":{"Ambiente":"TECNOUNISC","Startup":"Libras em Primeiro Ltda","Estágio":"Crescimento","Segmento":"Software e Cloud","Vertical":"EdTech","Relação com o Mercado":"B2B","Modelo de Negócio":"Pay-per-use","Cidade":"Santa Cruz do Sul","Região":"Região dos Vales","Link":"https://www.instagram.com/maria.mertzani/"},"geometry":{"type":"Point","coordinates":[-52.4358285,-29.7240622]}},{"type":"Feature","properties":{"Ambiente":"ITEC PARK UFN","Startup":"Licitação Express","Estágio":"Validação","Segmento":"Consultorias e Treinamentos","Vertical":"SecurityTech","Relação com o Mercado":"B2G","Modelo de Negócio":"Não Informado","Cidade":"Santa Maria","Região":"Central","Link":""},"geometry":{"type":"Point","coordinates":[-53.7923441,-29.6894984]}},{"type":"Feature","properties":{"Ambiente":"TECNOPUC","Startup":"Ligero Smart","Estágio":"Crescimento","Segmento":"IA (Inteligência Artificial)","Vertical":"Outras","Relação com o Mercado":"B2B","Modelo de Negócio":"SaaS","Cidade":"Porto Alegre","Região":"Metropolitana e Litoral Norte","Link":"https://ligerosmart.ai/"},"geometry":{"type":"Point","coordinates":[-51.2089887,-30.0368176]}},{"type":"Feature","properties":{"Ambiente":"NÃO INFORMADO","Startup":"LIKIN.DO BRASIL","Estágio":"Crescimento","Segmento":"Não Informado","Vertical":"RetailTech","Relação com o Mercado":"B2C","Modelo de Negócio":"Não Informado","Cidade":"Bento Gonçalves","Região":"Serra Gaúcha","Link":"https://www.likin.do/"},"geometry":{"type":"Point","coordinates":[-51.5169861,-29.1667089]}},{"type":"Feature","properties":{"Ambiente":"TECNOUNISC","Startup":"LimbX","Estágio":"Validação","Segmento":"Saúde e Bem-Estar","Vertical":"HealthTech","Relação com o Mercado":"B2B","Modelo de Negócio":"Outro","Cidade":"Santa Cruz do Sul","Região":"Região dos Vales","Link":"https://www.instagram.com/limbx_oficial/"},"geometry":{"type":"Point","coordinates":[-52.4358285,-29.7240622]}},{"type":"Feature","properties":{"Ambiente":"VIBEE UNIMED","Startup":"LimbX","Estágio":"Validação","Segmento":"Saúde e Bem-Estar","Vertical":"HealthTech","Relação com o Mercado":"B2B","Modelo de Negócio":"Outro","Cidade":"Santa Cruz do Sul","Região":"Região dos Vales","Link":"https://www.instagram.com/limbx_oficial/"},"geometry":{"type":"Point","coordinates":[-52.4358285,-29.7240622]}},{"type":"Feature","properties":{"Ambiente":"TECNOUNISC","Startup":"Limit","Estágio":"Validação","Segmento":"Biotecnologia","Vertical":"BioTech","Relação com o Mercado":"B2B","Modelo de Negócio":"Outro","Cidade":"Venâncio Aires","Região":"Região dos Vales","Link":"https://www.instagram.com/thiagomachadomello/"},"geometry":{"type":"Point","coordinates":[-52.1928841,-29.610075]}},{"type":"Feature","properties":{"Ambiente":"NÃO INFORMADO","Startup":"LincolmLabs","Estágio":"Ideação","Segmento":"IA (Inteligência Artificial)","Vertical":"HealthTech","Relação com o Mercado":"B2B","Modelo de Negócio":"Assinatura","Cidade":"Porto Alegre","Região":"Metropolitana e Litoral Norte","Link":"https://www.linkedin.com/company/lincolmlabs"},"geometry":{"type":"Point","coordinates":[-51.2089887,-30.0368176]}},{"type":"Feature","properties":{"Ambiente":"CEI UFRGS","Startup":"Linear – Ilustração Científica","Estágio":"Crescimento","Segmento":"Pesquisa","Vertical":"MediaTech","Relação com o Mercado":"Não Informado","Modelo de Negócio":"Não Informado","Cidade":"Porto Alegre","Região":"Metropolitana e Litoral Norte","Link":"https://www.instagram.com/linear.ilustra/"},"geometry":{"type":"Point","coordinates":[-51.2089887,-30.0368176]}},{"type":"Feature","properties":{"Ambiente":"NÃO INFORMADO","Startup":"LinkMe","Estágio":"Ideação","Segmento":"Comércio e Varejo","Vertical":"MarTech","Relação com o Mercado":"B2B","Modelo de Negócio":"SaaS","Cidade":"Santo Ângelo","Região":"Noroeste e Missões","Link":"https://linkme.solutions/"},"geometry":{"type":"Point","coordinates":[-54.2658317,-28.3001866]}},{"type":"Feature","properties":{"Ambiente":"NÃO INFORMADO","Startup":"LinkmeTur","Estágio":"Crescimento","Segmento":"Marketing e Publicidade","Vertical":"TurisTech","Relação com o Mercado":"B2B","Modelo de Negócio":"SaaS","Cidade":"Santo Ângelo","Região":"Noroeste e Missões","Link":"https://linkmetur.com.br/"},"geometry":{"type":"Point","coordinates":[-54.2658317,-28.3001866]}},{"type":"Feature","properties":{"Ambiente":"INSTITUTO CALDEIRA","Startup":"LITTLE DEVIL ENTERTAINMENT","Estágio":"Não Informado","Segmento":"Entretenimento, Jogos e Gamificação","Vertical":"GameTech","Relação com o Mercado":"B2B e B2C","Modelo de Negócio":"Não Informado","Cidade":"Porto Alegre","Região":"Metropolitana e Litoral Norte","Link":"https://www.littledevilco.com/"},"geometry":{"type":"Point","coordinates":[-51.2089887,-30.0368176]}},{"type":"Feature","properties":{"Ambiente":"HORIZONTE FAHOR","Startup":"LocaAgro","Estágio":"Ideação","Segmento":"Software e Cloud","Vertical":"AgTech","Relação com o Mercado":"C2C","Modelo de Negócio":"Marketplace","Cidade":"Horizontina","Região":"Noroeste e Missões","Link":"https://www.locaagro.com.br"},"geometry":{"type":"Point","coordinates":[-54.3059728,-27.628239]}},{"type":"Feature","properties":{"Ambiente":"NÃO INFORMADO","Startup":"Lockeet","Estágio":"Validação","Segmento":"Software e Cloud","Vertical":"ITTech","Relação com o Mercado":"B2B","Modelo de Negócio":"Não Informado","Cidade":"Caxias do Sul","Região":"Serra Gaúcha","Link":"https://www.lockeet.com/"},"geometry":{"type":"Point","coordinates":[-51.1812032,-29.1740137]}},{"type":"Feature","properties":{"Ambiente":"CRIATEC UNIJUÍ","Startup":"Locomotiva de Ideias","Estágio":"Crescimento","Segmento":"Marketing e Publicidade","Vertical":"MarTech","Relação com o Mercado":"B2C","Modelo de Negócio":"Serviços Baseados em Taxas","Cidade":"Ijuí","Região":"Noroeste e Missões","Link":"https://www.instagram.com/locomotivadeideias/"},"geometry":{"type":"Point","coordinates":[-53.9220126,-28.3891409]}},{"type":"Feature","properties":{"Ambiente":"NÃO INFORMADO","Startup":"Lógica para Todos","Estágio":"Crescimento","Segmento":"Educação e Ensino","Vertical":"EdTech","Relação com o Mercado":"B2C","Modelo de Negócio":"Não Informado","Cidade":"Farroupilha","Região":"Serra Gaúcha","Link":"https://logicaparatodos.com/"},"geometry":{"type":"Point","coordinates":[-51.3456056,-29.2238257]}},{"type":"Feature","properties":{"Ambiente":"HORIZONTE FAHOR","Startup":"Lojão Agrícola","Estágio":"Validação","Segmento":"Comércio e Varejo","Vertical":"AgTech","Relação com o Mercado":"B2C","Modelo de Negócio":"Marketplace","Cidade":"Horizontina","Região":"Noroeste e Missões","Link":"https://www.lojaoagricola.com.br/"},"geometry":{"type":"Point","coordinates":[-54.3059728,-27.628239]}},{"type":"Feature","properties":{"Ambiente":"LAB FECOMÉRCIO-RS","Startup":"Lookfy","Estágio":"Crescimento","Segmento":"Comércio e Varejo","Vertical":"RetailTech","Relação com o Mercado":"B2B","Modelo de Negócio":"Marketplace","Cidade":"Canoas","Região":"Metropolitana e Litoral Norte","Link":"https://lookfy.com.br/ "},"geometry":{"type":"Point","coordinates":[-51.1847036,-29.9077898]}},{"type":"Feature","properties":{"Ambiente":"NÃO INFORMADO","Startup":"Ludwig Biotecnologia","Estágio":"Crescimento","Segmento":"Biotecnologia","Vertical":"BioTech","Relação com o Mercado":"B2B","Modelo de Negócio":"Não Informado","Cidade":"Alvorada","Região":"Metropolitana e Litoral Norte","Link":"https://ludwigbiotec.com.br/loja/"},"geometry":{"type":"Point","coordinates":[-51.0784875,-29.9999068]}},{"type":"Feature","properties":{"Ambiente":"LAB FECOMÉRCIO-RS","Startup":"Lumiar","Estágio":"Validação","Segmento":"Saúde e Bem-Estar","Vertical":"HealthTech","Relação com o Mercado":"Não Informado","Modelo de Negócio":"Não Informado","Cidade":"Porto Alegre","Região":"Metropolitana e Litoral Norte","Link":"https://openhealth.com.br/"},"geometry":{"type":"Point","coordinates":[-51.2089887,-30.0368176]}},{"type":"Feature","properties":{"Ambiente":"NÃO INFORMADO","Startup":"Luming Inteligência Energética","Estágio":"Validação","Segmento":"Meio Ambiente e Sustentabilidade","Vertical":"Impacto Socioambiental","Relação com o Mercado":"B2B","Modelo de Negócio":"Não Informado","Cidade":"Porto Alegre","Região":"Metropolitana e Litoral Norte","Link":"https://luming.com.br/"},"geometry":{"type":"Point","coordinates":[-51.2089887,-30.0368176]}},{"type":"Feature","properties":{"Ambiente":"NÃO INFORMADO","Startup":"Lumiun","Estágio":"Validação","Segmento":"Software e Cloud","Vertical":"CyberSecurity","Relação com o Mercado":"B2B","Modelo de Negócio":"Não Informado","Cidade":"Ijuí","Região":"Noroeste e Missões","Link":"https://www.lumiun.com/"},"geometry":{"type":"Point","coordinates":[-53.9220126,-28.3891409]}},{"type":"Feature","properties":{"Ambiente":"NÃO INFORMADO","Startup":"Lunix Tecnologias","Estágio":"Validação","Segmento":"Software e Cloud","Vertical":"RetailTech","Relação com o Mercado":"B2B","Modelo de Negócio":"Não Informado","Cidade":"Santa Maria","Região":"Central","Link":""},"geometry":{"type":"Point","coordinates":[-53.7923441,-29.6894984]}},{"type":"Feature","properties":{"Ambiente":"PULSAR","Startup":"Lupora","Estágio":"Validação","Segmento":"Agronegócio","Vertical":"AgTech","Relação com o Mercado":"B2C","Modelo de Negócio":"Assinatura","Cidade":"Santa Maria","Região":"Central","Link":"https://www.lupora.com.br/"},"geometry":{"type":"Point","coordinates":[-53.7923441,-29.6894984]}},{"type":"Feature","properties":{"Ambiente":"NÃO INFORMADO","Startup":"LUTHIER SAUDE","Estágio":"Validação","Segmento":"Saúde e Bem-Estar","Vertical":"HealthTech","Relação com o Mercado":"B2B","Modelo de Negócio":"Não Informado","Cidade":"Porto Alegre","Região":"Metropolitana e Litoral Norte","Link":"https://www.luthiersaude.com.br"},"geometry":{"type":"Point","coordinates":[-51.2089887,-30.0368176]}},{"type":"Feature","properties":{"Ambiente":"TECNOPUC","Startup":"Lydia","Estágio":"Crescimento","Segmento":"Marketing e Publicidade","Vertical":"MarTech","Relação com o Mercado":"B2B","Modelo de Negócio":"Outro","Cidade":"Porto Alegre","Região":"Metropolitana e Litoral Norte","Link":"https://www.lydia.com.br/"},"geometry":{"type":"Point","coordinates":[-51.2089887,-30.0368176]}},{"type":"Feature","properties":{"Ambiente":"NÃO INFORMADO","Startup":"LYDIANS","Estágio":"Crescimento","Segmento":"Software e Cloud","Vertical":"ITTech","Relação com o Mercado":"B2C","Modelo de Negócio":"Não Informado","Cidade":"São Leopoldo","Região":"Metropolitana e Litoral Norte","Link":"https://www.lydians.com.br/"},"geometry":{"type":"Point","coordinates":[-51.1480174,-29.7607417]}},{"type":"Feature","properties":{"Ambiente":"NÃO INFORMADO","Startup":"M3dmix","Estágio":"Crescimento","Segmento":"Software e Cloud","Vertical":"HealthTech","Relação com o Mercado":"B2C","Modelo de Negócio":"Não Informado","Cidade":"Porto Alegre","Região":"Metropolitana e Litoral Norte","Link":"https://www.m3dmix.com/"},"geometry":{"type":"Point","coordinates":[-51.2089887,-30.0368176]}},{"type":"Feature","properties":{"Ambiente":"TECNOVATES","Startup":"Macro Spaces","Estágio":"Validação","Segmento":"Design","Vertical":"ImobTech","Relação com o Mercado":"B2B e B2C","Modelo de Negócio":"Transação","Cidade":"Lajeado","Região":"Região dos Vales","Link":""},"geometry":{"type":"Point","coordinates":[-51.9679026,-29.4606311]}},{"type":"Feature","properties":{"Ambiente":"TECNOVATES","Startup":"Maestro","Estágio":"Ideação","Segmento":"Educação e Ensino","Vertical":"HealthTech","Relação com o Mercado":"B2C","Modelo de Negócio":"Transação","Cidade":"Lajeado","Região":"Região dos Vales","Link":""},"geometry":{"type":"Point","coordinates":[-51.9679026,-29.4606311]}},{"type":"Feature","properties":{"Ambiente":"INSTITUTO CALDEIRA","Startup":"MAFY MARCAS E PATENTES","Estágio":"Não Informado","Segmento":"Software e Cloud","Vertical":"ITTech","Relação com o Mercado":"B2B","Modelo de Negócio":"Não Informado","Cidade":"Porto Alegre","Região":"Metropolitana e Litoral Norte","Link":"https://mafyassessoria.com.br"},"geometry":{"type":"Point","coordinates":[-51.2089887,-30.0368176]}},{"type":"Feature","properties":{"Ambiente":"NÃO INFORMADO","Startup":"Magen","Estágio":"Validação","Segmento":"TI (Tecnologia da Informação)","Vertical":"ITTech","Relação com o Mercado":"B2B2C","Modelo de Negócio":"Não Informado","Cidade":"Pelotas","Região":"Sul","Link":"https://magen.in/"},"geometry":{"type":"Point","coordinates":[-52.3313342,-31.7700081]}},{"type":"Feature","properties":{"Ambiente":"NÃO INFORMADO","Startup":"Makadu","Estágio":"Crescimento","Segmento":"Saúde e Bem-Estar","Vertical":"HealthTech","Relação com o Mercado":"B2B","Modelo de Negócio":"Não Informado","Cidade":"Porto Alegre","Região":"Metropolitana e Litoral Norte","Link":"https://makadu.live/"},"geometry":{"type":"Point","coordinates":[-51.2089887,-30.0368176]}},{"type":"Feature","properties":{"Ambiente":"NÃO INFORMADO","Startup":"Mamãe Completa","Estágio":"Validação","Segmento":"Saúde e Bem-Estar","Vertical":"HealthTech","Relação com o Mercado":"B2B e B2C","Modelo de Negócio":"Não Informado","Cidade":"Porto Alegre","Região":"Metropolitana e Litoral Norte","Link":"https://mamaecompleta.com.br/"},"geometry":{"type":"Point","coordinates":[-51.2089887,-30.0368176]}},{"type":"Feature","properties":{"Ambiente":"NÃO INFORMADO","Startup":"Manp Tecnologia","Estágio":"Ideação","Segmento":"IOT (Internet das Coisas)","Vertical":"ITTech","Relação com o Mercado":"B2C","Modelo de Negócio":"Não Informado","Cidade":"Caxias do Sul","Região":"Serra Gaúcha","Link":"https://www.manptecnologia.com.br/"},"geometry":{"type":"Point","coordinates":[-51.1812032,-29.1740137]}},{"type":"Feature","properties":{"Ambiente":"NÃO INFORMADO","Startup":"Manu CMMS","Estágio":"Validação","Segmento":"Software e Cloud","Vertical":"ITTech","Relação com o Mercado":"B2B","Modelo de Negócio":"Assinatura","Cidade":"Porto Alegre","Região":"Metropolitana e Litoral Norte","Link":"https://manu2b.com/category/cmms/gestao-de-manutencao/"},"geometry":{"type":"Point","coordinates":[-51.2089887,-30.0368176]}},{"type":"Feature","properties":{"Ambiente":"NÃO INFORMADO","Startup":"Mapping Me","Estágio":"Crescimento","Segmento":"RH e Coaching","Vertical":"HRTech","Relação com o Mercado":"B2B","Modelo de Negócio":"Não Informado","Cidade":"Porto Alegre","Região":"Metropolitana e Litoral Norte","Link":"https://mappingme.ai/"},"geometry":{"type":"Point","coordinates":[-51.2089887,-30.0368176]}},{"type":"Feature","properties":{"Ambiente":"NÃO INFORMADO","Startup":"Mark","Estágio":"Crescimento","Segmento":"Software e Cloud","Vertical":"RetailTech","Relação com o Mercado":"B2B","Modelo de Negócio":"SaaS","Cidade":"Porto Alegre","Região":"Metropolitana e Litoral Norte","Link":"https://oimark.com.br/"},"geometry":{"type":"Point","coordinates":[-51.2089887,-30.0368176]}},{"type":"Feature","properties":{"Ambiente":"NÃO INFORMADO","Startup":"masima: Macunaíma Soluções em Imagens Médicas","Estágio":"Crescimento","Segmento":"Saúde e Bem-Estar","Vertical":"HealthTech","Relação com o Mercado":"B2B","Modelo de Negócio":"Outro","Cidade":"Porto Alegre","Região":"Metropolitana e Litoral Norte","Link":"https://masima.com.br/"},"geometry":{"type":"Point","coordinates":[-51.2089887,-30.0368176]}},{"type":"Feature","properties":{"Ambiente":"NÃO INFORMADO","Startup":"MatchPal","Estágio":"Validação","Segmento":"Software e Cloud","Vertical":"SportsTech","Relação com o Mercado":"B2B","Modelo de Negócio":"SaaS","Cidade":"Santa Maria","Região":"Central","Link":"https://matchpal.com.br/"},"geometry":{"type":"Point","coordinates":[-53.7923441,-29.6894984]}},{"type":"Feature","properties":{"Ambiente":"PELOTAS PARQUE","Startup":"MATEUS BUENO BENDJOUYA","Estágio":"Escala","Segmento":"TI (Tecnologia da Informação)","Vertical":"Social Network","Relação com o Mercado":"Não Informado","Modelo de Negócio":"Não Informado","Cidade":"Pelotas","Região":"Sul","Link":""},"geometry":{"type":"Point","coordinates":[-52.3313342,-31.7700081]}},{"type":"Feature","properties":{"Ambiente":"HORIZONTE FAHOR","Startup":"Mathin","Estágio":"Crescimento","Segmento":"Educação e Ensino","Vertical":"EdTech","Relação com o Mercado":"P2P","Modelo de Negócio":"Licenciamento","Cidade":"Horizontina","Região":"Noroeste e Missões","Link":"https://www.instagram.com/mathin.ak/"},"geometry":{"type":"Point","coordinates":[-54.3059728,-27.628239]}},{"type":"Feature","properties":{"Ambiente":"HORIZONTE FAHOR","Startup":"Maxwell","Estágio":"Ideação","Segmento":"Educação e Ensino","Vertical":"EdTech","Relação com o Mercado":"B2P","Modelo de Negócio":"Licenciamento","Cidade":"Horizontina","Região":"Noroeste e Missões","Link":""},"geometry":{"type":"Point","coordinates":[-54.3059728,-27.628239]}},{"type":"Feature","properties":{"Ambiente":"NÃO INFORMADO","Startup":"MCurie","Estágio":"Crescimento","Segmento":"Software e Cloud","Vertical":"HealthTech","Relação com o Mercado":"B2B","Modelo de Negócio":"Não Informado","Cidade":"Porto Alegre","Região":"Metropolitana e Litoral Norte","Link":"https://mcurie.com.br/"},"geometry":{"type":"Point","coordinates":[-51.2089887,-30.0368176]}},{"type":"Feature","properties":{"Ambiente":"NÃO INFORMADO","Startup":"MDR Agro","Estágio":"Ideação","Segmento":"Pesquisa","Vertical":"AgTech","Relação com o Mercado":"B2B","Modelo de Negócio":"Outro","Cidade":"Erechim","Região":"Produção e Norte","Link":""},"geometry":{"type":"Point","coordinates":[-52.2747035,-27.6347491]}},{"type":"Feature","properties":{"Ambiente":"PELOTAS PARQUE","Startup":"ME GUSTA","Estágio":"Escala","Segmento":"Marketing e Publicidade","Vertical":"AdTech","Relação com o Mercado":"B2C","Modelo de Negócio":"Não Informado","Cidade":"Pelotas","Região":"Sul","Link":"https://megusta.com.br/"},"geometry":{"type":"Point","coordinates":[-52.3313342,-31.7700081]}},{"type":"Feature","properties":{"Ambiente":"NÃO INFORMADO","Startup":"Mecânico Delivery","Estágio":"Crescimento","Segmento":"Automotivo","Vertical":"AutoTech","Relação com o Mercado":"B2C","Modelo de Negócio":"Marketplace","Cidade":"Porto Alegre","Região":"Metropolitana e Litoral Norte","Link":"https://www.mecanicodelivery.com/"},"geometry":{"type":"Point","coordinates":[-51.2089887,-30.0368176]}},{"type":"Feature","properties":{"Ambiente":"NÃO INFORMADO","Startup":"MEconecte","Estágio":"Validação","Segmento":"Consultorias e Treinamentos","Vertical":"ITTech","Relação com o Mercado":"B2B","Modelo de Negócio":"Não Informado","Cidade":"Porto Alegre","Região":"Metropolitana e Litoral Norte","Link":"https://meconectebr.com.br/"},"geometry":{"type":"Point","coordinates":[-51.2089887,-30.0368176]}},{"type":"Feature","properties":{"Ambiente":"NÃO INFORMADO","Startup":"MedBe","Estágio":"Validação","Segmento":"Saúde e Bem-Estar","Vertical":"HealthTech","Relação com o Mercado":"B2B","Modelo de Negócio":"Não Informado","Cidade":"Alegrete","Região":"Campanha e Fronteira Oeste","Link":"https://medbe.com.br/"},"geometry":{"type":"Point","coordinates":[-55.7936527,-29.7837672]}},{"type":"Feature","properties":{"Ambiente":"PELOTAS PARQUE","Startup":"Medeiros Ventures Inova Simples (I.S.)","Estágio":"Ideação","Segmento":"TI (Tecnologia da Informação)","Vertical":"Social Network","Relação com o Mercado":"Não Informado","Modelo de Negócio":"Não Informado","Cidade":"Pelotas","Região":"Sul","Link":""},"geometry":{"type":"Point","coordinates":[-52.3313342,-31.7700081]}},{"type":"Feature","properties":{"Ambiente":"NÃO INFORMADO","Startup":"Mediartech - Mediação Online","Estágio":"Validação","Segmento":"Software e Cloud","Vertical":"RegTech","Relação com o Mercado":"B2B","Modelo de Negócio":"Não Informado","Cidade":"Porto Alegre","Região":"Metropolitana e Litoral Norte","Link":"https://mediartech.com.br/"},"geometry":{"type":"Point","coordinates":[-51.2089887,-30.0368176]}},{"type":"Feature","properties":{"Ambiente":"NÃO INFORMADO","Startup":"Medida saúde","Estágio":"Validação","Segmento":"Saúde e Bem-Estar","Vertical":"HealthTech","Relação com o Mercado":"B2B","Modelo de Negócio":"Não Informado","Cidade":"São Leopoldo","Região":"Metropolitana e Litoral Norte","Link":"https://www.medidasaude.com.br/"},"geometry":{"type":"Point","coordinates":[-51.1480174,-29.7607417]}},{"type":"Feature","properties":{"Ambiente":"ATRION","Startup":"Medmonitor","Estágio":"Validação","Segmento":"Saúde e Bem-Estar","Vertical":"HealthTech","Relação com o Mercado":"B2B2C","Modelo de Negócio":"Assinatura","Cidade":"Porto Alegre","Região":"Metropolitana e Litoral Norte","Link":"http://www.medmonitor.com.br/"},"geometry":{"type":"Point","coordinates":[-51.2089887,-30.0368176]}},{"type":"Feature","properties":{"Ambiente":"TECNOPUC","Startup":"MedMonitor","Estágio":"Validação","Segmento":"Saúde e Bem-Estar","Vertical":"HealthTech","Relação com o Mercado":"B2B2C","Modelo de Negócio":"Assinatura","Cidade":"Porto Alegre","Região":"Metropolitana e Litoral Norte","Link":"http://www.medmonitor.com.br/"},"geometry":{"type":"Point","coordinates":[-51.2089887,-30.0368176]}},{"type":"Feature","properties":{"Ambiente":"NÃO INFORMADO","Startup":"MEEL NUTRI","Estágio":"Crescimento","Segmento":"IA (Inteligência Artificial)","Vertical":"HealthTech","Relação com o Mercado":"B2B e B2C","Modelo de Negócio":"SaaS","Cidade":"Viamão","Região":"Metropolitana e Litoral Norte","Link":"https://www.meelnutri.com/"},"geometry":{"type":"Point","coordinates":[-51.0340956,-30.0827721]}},{"type":"Feature","properties":{"Ambiente":"NÃO INFORMADO","Startup":"MEempresta","Estágio":"Crescimento","Segmento":"Financeiro","Vertical":"FinTech","Relação com o Mercado":"P2P","Modelo de Negócio":"Não Informado","Cidade":"Caxias do Sul","Região":"Serra Gaúcha","Link":"https://meempresta.com.br/"},"geometry":{"type":"Point","coordinates":[-51.1812032,-29.1740137]}},{"type":"Feature","properties":{"Ambiente":"VENTIUR","Startup":"Meerkat","Estágio":"Escala","Segmento":"IA (Inteligência Artificial)","Vertical":"DeepTech","Relação com o Mercado":"B2B","Modelo de Negócio":"SaaS","Cidade":"Porto Alegre","Região":"Metropolitana e Litoral Norte","Link":"https://meerkat.com.br/"},"geometry":{"type":"Point","coordinates":[-51.2089887,-30.0368176]}},{"type":"Feature","properties":{"Ambiente":"NÃO INFORMADO","Startup":"Mega Prosulutions Ltda","Estágio":"Crescimento","Segmento":"Software e Cloud","Vertical":"ITTech","Relação com o Mercado":"B2B","Modelo de Negócio":"SaaS","Cidade":"Santa Maria","Região":"Central","Link":"https://www.megaged.com.br/"},"geometry":{"type":"Point","coordinates":[-53.7923441,-29.6894984]}},{"type":"Feature","properties":{"Ambiente":"NÃO INFORMADO","Startup":"Megaged","Estágio":"Crescimento","Segmento":"Software e Cloud","Vertical":"ITTech","Relação com o Mercado":"B2B","Modelo de Negócio":"SaaS","Cidade":"Santa Maria","Região":"Central","Link":"https://www.megaged.com.br/"},"geometry":{"type":"Point","coordinates":[-53.7923441,-29.6894984]}},{"type":"Feature","properties":{"Ambiente":"BASE ESPM","Startup":"Mennu Mais Tecnologia","Estágio":"Validação","Segmento":"Alimentos e Bebidas","Vertical":"FoodTech","Relação com o Mercado":"B2B","Modelo de Negócio":"SaaS","Cidade":"Porto Alegre","Região":"Metropolitana e Litoral Norte","Link":""},"geometry":{"type":"Point","coordinates":[-51.2089887,-30.0368176]}},{"type":"Feature","properties":{"Ambiente":"UALL","Startup":"Menú","Estágio":"Crescimento","Segmento":"Alimentos e Bebidas","Vertical":"FoodTech","Relação com o Mercado":"B2B2C","Modelo de Negócio":"E-commerce","Cidade":"Bagé","Região":"Campanha e Fronteira Oeste","Link":"https://www.instagram.com/menu_br/"},"geometry":{"type":"Point","coordinates":[-54.1065079,-31.3332251]}},{"type":"Feature","properties":{"Ambiente":"INSTITUTO CALDEIRA","Startup":"MENVIE SOFTWARE","Estágio":"Não Informado","Segmento":"RH e Coaching","Vertical":"HRTech","Relação com o Mercado":"B2B","Modelo de Negócio":"Assinatura","Cidade":"Porto Alegre","Região":"Metropolitana e Litoral Norte","Link":"https://www.menvie.com.br/"},"geometry":{"type":"Point","coordinates":[-51.2089887,-30.0368176]}},{"type":"Feature","properties":{"Ambiente":"ALIANÇA EMPRESARIAL","Startup":"MERCADADOS","Estágio":"Crescimento","Segmento":"TI (Tecnologia da Informação)","Vertical":"ITTech","Relação com o Mercado":"B2B","Modelo de Negócio":"Não Informado","Cidade":"Passo Fundo","Região":"Produção e Norte","Link":"https://mercadados.com/"},"geometry":{"type":"Point","coordinates":[-52.4102752,-28.2622705]}},{"type":"Feature","properties":{"Ambiente":"NÃO INFORMADO","Startup":"Mercado Net Zero (MNZ)","Estágio":"Crescimento","Segmento":"Meio Ambiente e Sustentabilidade","Vertical":"CleanTech","Relação com o Mercado":"B2B e B2C","Modelo de Negócio":"Não Informado","Cidade":"Porto Alegre","Região":"Metropolitana e Litoral Norte","Link":"https://mercadonetzero.com.br/"},"geometry":{"type":"Point","coordinates":[-51.2089887,-30.0368176]}},{"type":"Feature","properties":{"Ambiente":"NÃO INFORMADO","Startup":"Mercadoedu","Estágio":"Crescimento","Segmento":"Analytics","Vertical":"EdTech","Relação com o Mercado":"B2B","Modelo de Negócio":"Venda de Dados","Cidade":"Porto Alegre","Região":"Metropolitana e Litoral Norte","Link":"https://www.mercadoedu.com.br/"},"geometry":{"type":"Point","coordinates":[-51.2089887,-30.0368176]}},{"type":"Feature","properties":{"Ambiente":"TECNOPUC","Startup":"Meta Safety","Estágio":"Validação","Segmento":"Educação e Ensino","Vertical":"VR/AR Tech","Relação com o Mercado":"B2B","Modelo de Negócio":"Custo por Aquisição","Cidade":"Porto Alegre","Região":"Metropolitana e Litoral Norte","Link":"https://metasafety.com.br/"},"geometry":{"type":"Point","coordinates":[-51.2089887,-30.0368176]}},{"type":"Feature","properties":{"Ambiente":"NÃO INFORMADO","Startup":"Métodoc","Estágio":"Escala","Segmento":"Consultorias e Treinamentos","Vertical":"Tech Consultancies","Relação com o Mercado":"B2B","Modelo de Negócio":"Assinatura","Cidade":"Gramado","Região":"Serra Gaúcha","Link":"https://www.metodoc.com.br/"},"geometry":{"type":"Point","coordinates":[-50.876435,-29.3745686]}},{"type":"Feature","properties":{"Ambiente":"NÃO INFORMADO","Startup":"Metries","Estágio":"Crescimento","Segmento":"TI (Tecnologia da Informação)","Vertical":"ITTech","Relação com o Mercado":"B2B","Modelo de Negócio":"Não Informado","Cidade":"Bento Gonçalves","Região":"Serra Gaúcha","Link":"https://metries.com.br/"},"geometry":{"type":"Point","coordinates":[-51.5169861,-29.1667089]}},{"type":"Feature","properties":{"Ambiente":"NÃO INFORMADO","Startup":"Meu Jurídico","Estágio":"Crescimento","Segmento":"Jurídico","Vertical":"LawTech","Relação com o Mercado":"B2C","Modelo de Negócio":"Não Informado","Cidade":"Santa Cruz do Sul","Região":"Região dos Vales","Link":"https://meujuridico.com/"},"geometry":{"type":"Point","coordinates":[-52.4358285,-29.7240622]}},{"type":"Feature","properties":{"Ambiente":"INSTITUTO CALDEIRA","Startup":"MEURESIDUO","Estágio":"Não Informado","Segmento":"Meio Ambiente e Sustentabilidade","Vertical":"GreenTech","Relação com o Mercado":"B2B","Modelo de Negócio":"Não Informado","Cidade":"Santa Cruz do Sul","Região":"Região dos Vales","Link":"https://www.meuresiduo.com/"},"geometry":{"type":"Point","coordinates":[-52.4358285,-29.7240622]}},{"type":"Feature","properties":{"Ambiente":"ITEC/UCS","Startup":"MGZ Manutenção de Máquinas e Equipamentos Industriais","Estágio":"Não Informado","Segmento":"Não Informado","Vertical":"Não Informado","Relação com o Mercado":"Não Informado","Modelo de Negócio":"Não Informado","Cidade":"Caxias do Sul","Região":"Serra Gaúcha","Link":""},"geometry":{"type":"Point","coordinates":[-51.1812032,-29.1740137]}},{"type":"Feature","properties":{"Ambiente":"TECNOUNISC","Startup":"Michele Regina Bartz Garcia","Estágio":"Ideação","Segmento":"Software e Cloud","Vertical":"Outras","Relação com o Mercado":"B2C","Modelo de Negócio":"Assinatura","Cidade":"Santa Cruz do Sul","Região":"Região dos Vales","Link":""},"geometry":{"type":"Point","coordinates":[-52.4358285,-29.7240622]}},{"type":"Feature","properties":{"Ambiente":"NÃO INFORMADO","Startup":"Miglia Motores Elétricos","Estágio":"Validação","Segmento":"Automotivo","Vertical":"AutoTech","Relação com o Mercado":"B2B e B2C","Modelo de Negócio":"Não Informado","Cidade":"Porto Alegre","Região":"Metropolitana e Litoral Norte","Link":"https://www.migliamotores.com.br/"},"geometry":{"type":"Point","coordinates":[-51.2089887,-30.0368176]}},{"type":"Feature","properties":{"Ambiente":"ATRION","Startup":"Mil Dias","Estágio":"Validação","Segmento":"Software e Cloud","Vertical":"HealthTech","Relação com o Mercado":"B2B e B2C","Modelo de Negócio":"Assinatura","Cidade":"Porto Alegre","Região":"Metropolitana e Litoral Norte","Link":"https://mildias.app/"},"geometry":{"type":"Point","coordinates":[-51.2089887,-30.0368176]}},{"type":"Feature","properties":{"Ambiente":"NÃO INFORMADO","Startup":"Mind City","Estágio":"Ideação","Segmento":"Educação e Ensino","Vertical":"EdTech","Relação com o Mercado":"B2B","Modelo de Negócio":"Assinatura","Cidade":"Uruguaiana","Região":"Campanha e Fronteira Oeste","Link":"https://www.instagram.com/mindcity_app/"},"geometry":{"type":"Point","coordinates":[-57.0863393,-29.7584058]}},{"type":"Feature","properties":{"Ambiente":"VENTIUR","Startup":"Minha Escola","Estágio":"Crescimento","Segmento":"Educação e Ensino","Vertical":"EdTech","Relação com o Mercado":"B2B","Modelo de Negócio":"SaaS","Cidade":"Caxias do sul","Região":"Serra Gaúcha","Link":"https://appminhaescola.com/"},"geometry":{"type":"Point","coordinates":[-51.1812032,-29.1740137]}},{"type":"Feature","properties":{"Ambiente":"NÃO INFORMADO","Startup":"Minha visita","Estágio":"Validação","Segmento":"Consultorias e Treinamentos","Vertical":"SalesTech","Relação com o Mercado":"B2B","Modelo de Negócio":"Assinatura","Cidade":"Novo Hamburgo","Região":"Metropolitana e Litoral Norte","Link":"https://minhavisita.app/"},"geometry":{"type":"Point","coordinates":[-51.1337471,-29.683463]}},{"type":"Feature","properties":{"Ambiente":"UPF PARQUE","Startup":"MIRABILE VISU STARTUP LTDA","Estágio":"Ideação","Segmento":"Saúde e Bem-Estar","Vertical":"HealthTech","Relação com o Mercado":"B2B2C","Modelo de Negócio":"Não Informado","Cidade":"Passo Fundo","Região":"Produção e Norte","Link":""},"geometry":{"type":"Point","coordinates":[-52.4102752,-28.2622705]}},{"type":"Feature","properties":{"Ambiente":"ALIANÇA EMPRESARIAL","Startup":"MISSÃO CRIATIVA","Estágio":"Crescimento","Segmento":"Educação e Ensino","Vertical":"EdTech","Relação com o Mercado":"B2B e B2C","Modelo de Negócio":"E-commerce","Cidade":"Passo Fundo","Região":"Produção e Norte","Link":"https://missaocriativaedu.com.br"},"geometry":{"type":"Point","coordinates":[-52.4102752,-28.2622705]}},{"type":"Feature","properties":{"Ambiente":"PULSAR","Startup":"Mobart","Estágio":"Crescimento","Segmento":"Software e Cloud","Vertical":"RetailTech","Relação com o Mercado":"B2C","Modelo de Negócio":"Não Informado","Cidade":"Santa Maria","Região":"Central","Link":""},"geometry":{"type":"Point","coordinates":[-53.7923441,-29.6894984]}},{"type":"Feature","properties":{"Ambiente":"NÃO INFORMADO","Startup":"Mobiltracker","Estágio":"Crescimento","Segmento":"Logística","Vertical":"LogTech","Relação com o Mercado":"B2B","Modelo de Negócio":"Assinatura","Cidade":"Porto Alegre","Região":"Metropolitana e Litoral Norte","Link":"https://www.mobiltracker.com.br/"},"geometry":{"type":"Point","coordinates":[-51.2089887,-30.0368176]}},{"type":"Feature","properties":{"Ambiente":"INOVABENTO","Startup":"Mobitech","Estágio":"Crescimento","Segmento":"TI (Tecnologia da Informação)","Vertical":"RetailTech","Relação com o Mercado":"B2B","Modelo de Negócio":"Outro","Cidade":"Caxias do Sul","Região":"Serra Gaúcha","Link":"https://mobtechtecnologia.com.br/"},"geometry":{"type":"Point","coordinates":[-51.1812032,-29.1740137]}},{"type":"Feature","properties":{"Ambiente":"INSTITUTO CALDEIRA","Startup":"MOBO CUPONS","Estágio":"Não Informado","Segmento":"Alimentos e Bebidas","Vertical":"FoodTech","Relação com o Mercado":"B2B e B2C","Modelo de Negócio":"Assinatura","Cidade":"Porto Alegre","Região":"Metropolitana e Litoral Norte","Link":"https://mobo.com.br/"},"geometry":{"type":"Point","coordinates":[-51.2089887,-30.0368176]}},{"type":"Feature","properties":{"Ambiente":"NÃO INFORMADO","Startup":"Moddo Consultoria e Assessoria","Estágio":"Validação","Segmento":"Consultorias e Treinamentos","Vertical":"ITTech","Relação com o Mercado":"B2C","Modelo de Negócio":"Não Informado","Cidade":"Caxias do Sul","Região":"Serra Gaúcha","Link":"https://www.ucs.br/site/tecnoucs/"},"geometry":{"type":"Point","coordinates":[-51.1812032,-29.1740137]}},{"type":"Feature","properties":{"Ambiente":"NÃO INFORMADO","Startup":"Modelo Vencedor","Estágio":"Validação","Segmento":"Consultorias e Treinamentos","Vertical":"ITTech","Relação com o Mercado":"B2B","Modelo de Negócio":"Não Informado","Cidade":"Caxias do Sul","Região":"Serra Gaúcha","Link":"https://www.modelovencedor.com.br/"},"geometry":{"type":"Point","coordinates":[-51.1812032,-29.1740137]}},{"type":"Feature","properties":{"Ambiente":"NÃO INFORMADO","Startup":"Moderniza","Estágio":"Validação","Segmento":"Comércio e Varejo","Vertical":"Retailtech","Relação com o Mercado":"B2B e B2C","Modelo de Negócio":"Não Informado","Cidade":"Caxias do Sul","Região":"Serra Gaúcha","Link":"https://moderniza.group/"},"geometry":{"type":"Point","coordinates":[-51.1812032,-29.1740137]}},{"type":"Feature","properties":{"Ambiente":"PULSAR","Startup":"Modum do Brasil","Estágio":"Validação","Segmento":"Aeroespacial","Vertical":"AgTech","Relação com o Mercado":"B2C","Modelo de Negócio":"Custo por Aquisição","Cidade":"Santa Maria","Região":"Central","Link":""},"geometry":{"type":"Point","coordinates":[-53.7923441,-29.6894984]}},{"type":"Feature","properties":{"Ambiente":"ITEC/UCS","Startup":"MomCar","Estágio":"Não Informado","Segmento":"Não Informado","Vertical":"Não Informado","Relação com o Mercado":"Não Informado","Modelo de Negócio":"Não Informado","Cidade":"Caxias do Sul","Região":"Serra Gaúcha","Link":"Não Informado"},"geometry":{"type":"Point","coordinates":[-51.1812032,-29.1740137]}},{"type":"Feature","properties":{"Ambiente":"PELOTAS PARQUE","Startup":"MONTE SIÃO CONSTRUÇÕES PARTICIPAÇÕES E SERVIÇOS","Estágio":"Escala","Segmento":"Engenharia e Indústria Geral","Vertical":"ConstruTech","Relação com o Mercado":"Não Informado","Modelo de Negócio":"Não Informado","Cidade":"Pelotas","Região":"Sul","Link":"https://sites.google.com/view/montesiaoempreendimento/in%C3%ADcio"},"geometry":{"type":"Point","coordinates":[-52.3313342,-31.7700081]}},{"type":"Feature","properties":{"Ambiente":"SMICT GRAVATAÍ","Startup":"MOPO","Estágio":"Escala","Segmento":"Construção Civil","Vertical":"ConstruTech","Relação com o Mercado":"B2B","Modelo de Negócio":"Outro","Cidade":"Gravataí","Região":"Metropolitana e Litoral Norte","Link":"https://mopo.com.br/"},"geometry":{"type":"Point","coordinates":[-50.9947529,-29.9398869]}},{"type":"Feature","properties":{"Ambiente":"HORIZONTE FAHOR","Startup":"Mora Aromas","Estágio":"Crescimento","Segmento":"Comércio e Varejo","Vertical":"Outras","Relação com o Mercado":"P2P","Modelo de Negócio":"Economia Circular","Cidade":"Santa Rosa","Região":"Noroeste e Missões","Link":"https://www.instagram.com/mora__aromas/"},"geometry":{"type":"Point","coordinates":[-54.4797042,-27.8700347]}},{"type":"Feature","properties":{"Ambiente":"BASE ESPM","Startup":"Morinel Studio","Estágio":"Ideação","Segmento":"Comunicação","Vertical":"AdTech","Relação com o Mercado":"B2B","Modelo de Negócio":"Advertising","Cidade":"Porto Alegre","Região":"Metropolitana e Litoral Norte","Link":"https://www.instagram.com/morinel.studio"},"geometry":{"type":"Point","coordinates":[-51.2089887,-30.0368176]}},{"type":"Feature","properties":{"Ambiente":"TECNOUNISC","Startup":"Motoreasy","Estágio":"Crescimento","Segmento":"Automotivo","Vertical":"Outras","Relação com o Mercado":"B2C","Modelo de Negócio":"Serviços Baseados em Taxas","Cidade":"Santa Cruz do Sul","Região":"Região dos Vales","Link":"https://www.instagram.com/thalesbsilveira/"},"geometry":{"type":"Point","coordinates":[-52.4358285,-29.7240622]}},{"type":"Feature","properties":{"Ambiente":"PULSAR","Startup":"MotorHub","Estágio":"Validação","Segmento":"Serviços","Vertical":"ITTech","Relação com o Mercado":"B2B","Modelo de Negócio":"Não Informado","Cidade":"Santa Maria","Região":"Central","Link":""},"geometry":{"type":"Point","coordinates":[-53.7923441,-29.6894984]}},{"type":"Feature","properties":{"Ambiente":"NÃO INFORMADO","Startup":"MOV WEB","Estágio":"Crescimento","Segmento":"Mídia e Comunicação","Vertical":"AdTech","Relação com o Mercado":"B2B","Modelo de Negócio":"Não Informado","Cidade":"Viamão","Região":"Metropolitana e Litoral Norte","Link":"https://www.linkedin.com/in/caroline-jaeger-drehmer-09031599"},"geometry":{"type":"Point","coordinates":[-51.0340956,-30.0827721]}},{"type":"Feature","properties":{"Ambiente":"TECNOUNISC","Startup":"Mova se - Cadeira de Roda com Escala dianteira removível","Estágio":"Validação","Segmento":"Acessibilidade e Inclusão","Vertical":"Outras","Relação com o Mercado":"B2B","Modelo de Negócio":"Licenciamento","Cidade":"Santa Cruz do Sul","Região":"Região dos Vales","Link":"https://www.instagram.com/petry.samuel/"},"geometry":{"type":"Point","coordinates":[-52.4358285,-29.7240622]}},{"type":"Feature","properties":{"Ambiente":"STARTS-HCPA","Startup":"Move Sapiens","Estágio":"Validação","Segmento":"Entretenimento, Jogos e Gamificação","Vertical":"HealthTech","Relação com o Mercado":"B2B","Modelo de Negócio":"Licenciamento","Cidade":"Porto Alegre","Região":"Metropolitana e Litoral Norte","Link":"https://www.instagram.com/movesapiens/"},"geometry":{"type":"Point","coordinates":[-51.2089887,-30.0368176]}},{"type":"Feature","properties":{"Ambiente":"NÃO INFORMADO","Startup":"MOVEIDEIAS","Estágio":"Validação","Segmento":"Logística","Vertical":"LogTech","Relação com o Mercado":"B2C","Modelo de Negócio":"SaaS","Cidade":"Porto Alegre","Região":"Metropolitana e Litoral Norte","Link":"https://www.moveideias.com.br"},"geometry":{"type":"Point","coordinates":[-51.2089887,-30.0368176]}},{"type":"Feature","properties":{"Ambiente":"VENTIUR","Startup":"Movestock","Estágio":"Validação","Segmento":"Engenharia e Indústria Geral","Vertical":"EsgTech","Relação com o Mercado":"B2B","Modelo de Negócio":"Marketplace","Cidade":"Caxias do Sul","Região":"Serra Gaúcha","Link":"https://movestock.com/"},"geometry":{"type":"Point","coordinates":[-51.1812032,-29.1740137]}},{"type":"Feature","properties":{"Ambiente":"NÃO INFORMADO","Startup":"MOVEV BRASIL MOBILIDADE ELETRICA","Estágio":"Crescimento","Segmento":"Automotivo","Vertical":"EnergyTech","Relação com o Mercado":"B2B e B2C","Modelo de Negócio":"E-commerce","Cidade":"Porto Alegre","Região":"Metropolitana e Litoral Norte","Link":""},"geometry":{"type":"Point","coordinates":[-51.2089887,-30.0368176]}},{"type":"Feature","properties":{"Ambiente":"TECNOSINOS","Startup":"MOVII","Estágio":"Crescimento","Segmento":"Não Informado","Vertical":"ITTech","Relação com o Mercado":"B2B e B2C","Modelo de Negócio":"Não Informado","Cidade":"São Leopoldo","Região":"Metropolitana e Litoral Norte","Link":""},"geometry":{"type":"Point","coordinates":[-51.1480174,-29.7607417]}},{"type":"Feature","properties":{"Ambiente":"NÃO INFORMADO","Startup":"Mt Gestao Contabil","Estágio":"Crescimento","Segmento":"Gestão de Negócios e Projetos","Vertical":"LegalTech","Relação com o Mercado":"B2B","Modelo de Negócio":"Não Informado","Cidade":"Sobradinho","Região":"Região dos Vales","Link":"https://www.instagram.com/mt_gestaocontabil/"},"geometry":{"type":"Point","coordinates":[-53.0285773,-29.4157766]}},{"type":"Feature","properties":{"Ambiente":"NÃO INFORMADO","Startup":"MULHERES DE PERFORMANCE","Estágio":"Crescimento","Segmento":"Bigdata","Vertical":"MarTech","Relação com o Mercado":"B2B","Modelo de Negócio":"Não Informado","Cidade":"Porto Alegre","Região":"Metropolitana e Litoral Norte","Link":"https://www.mulheresdeperformance.com.br/"},"geometry":{"type":"Point","coordinates":[-51.2089887,-30.0368176]}},{"type":"Feature","properties":{"Ambiente":"NÃO INFORMADO","Startup":"Mulheres em Convergência","Estágio":"Validação","Segmento":"Educação e Ensino","Vertical":"Inovação Social","Relação com o Mercado":"B2B","Modelo de Negócio":"SaaS","Cidade":"Alvorada","Região":"Metropolitana e Litoral Norte","Link":"https://www.instagram.com/mulheresemconvergencia/"},"geometry":{"type":"Point","coordinates":[-51.0784875,-29.9999068]}},{"type":"Feature","properties":{"Ambiente":"NÃO INFORMADO","Startup":"MURBI do Brasil","Estágio":"Crescimento","Segmento":"Logística","Vertical":"MobTech","Relação com o Mercado":"B2B2C","Modelo de Negócio":"Não Informado","Cidade":"Caxias do Sul","Região":"Serra Gaúcha","Link":"https://murbi.com.br/"},"geometry":{"type":"Point","coordinates":[-51.1812032,-29.1740137]}},{"type":"Feature","properties":{"Ambiente":"VENTIUR","Startup":"Mutuus Seguros","Estágio":"Escala","Segmento":"Analytics","Vertical":"SecurityTech","Relação com o Mercado":"B2B","Modelo de Negócio":"Serviços Baseados em Taxas","Cidade":"Canoas","Região":"Metropolitana e Litoral Norte","Link":"https://www.mutuus.net/"},"geometry":{"type":"Point","coordinates":[-51.1847036,-29.9077898]}},{"type":"Feature","properties":{"Ambiente":"VIBEE UNIMED","Startup":"Muv.technology","Estágio":"Validação","Segmento":"Saúde e Bem-Estar","Vertical":"HealthTech","Relação com o Mercado":"B2C","Modelo de Negócio":"Outro","Cidade":"Santa Cruz do Sul","Região":"Região dos Vales","Link":"https://www.instagram.com/muv.technology/"},"geometry":{"type":"Point","coordinates":[-52.4358285,-29.7240622]}},{"type":"Feature","properties":{"Ambiente":"BASE ESPM","Startup":"My Favorite Brownie","Estágio":"Crescimento","Segmento":"Alimentos e Bebidas","Vertical":"FoodTech","Relação com o Mercado":"B2B e B2C","Modelo de Negócio":"Marketplace","Cidade":"Porto Alegre","Região":"Metropolitana e Litoral Norte","Link":"https://www.instagram.com/myfavoritebrownie_/"},"geometry":{"type":"Point","coordinates":[-51.2089887,-30.0368176]}},{"type":"Feature","properties":{"Ambiente":"NÃO INFORMADO","Startup":"MY GROWLER","Estágio":"Crescimento","Segmento":"Alimentos e Bebidas","Vertical":"FoodTech","Relação com o Mercado":"B2C","Modelo de Negócio":"E-commerce","Cidade":"Porto Alegre","Região":"Metropolitana e Litoral Norte","Link":"http://shop.mygrowler.com.br/"},"geometry":{"type":"Point","coordinates":[-51.2089887,-30.0368176]}},{"type":"Feature","properties":{"Ambiente":"NÃO INFORMADO","Startup":"My Smart Clinic","Estágio":"Crescimento","Segmento":"Gestão de Negócios e Projetos","Vertical":"HealthTech","Relação com o Mercado":"B2B","Modelo de Negócio":"Assinatura","Cidade":"Caxias do Sul","Região":"Serra Gaúcha","Link":"https://mysmartclinic.com.br/"},"geometry":{"type":"Point","coordinates":[-51.1812032,-29.1740137]}},{"type":"Feature","properties":{"Ambiente":"NÃO INFORMADO","Startup":"MYDIGICARE","Estágio":"Validação","Segmento":"Telemedicina","Vertical":"HealthTech","Relação com o Mercado":"B2B2C","Modelo de Negócio":"Não Informado","Cidade":"Porto Alegre","Região":"Metropolitana e Litoral Norte","Link":"https://mydigicare.com.br/"},"geometry":{"type":"Point","coordinates":[-51.2089887,-30.0368176]}},{"type":"Feature","properties":{"Ambiente":"NÃO INFORMADO","Startup":"MyPhone MyMoney","Estágio":"Validação","Segmento":"TI (Tecnologia da Informação)","Vertical":"Fintech","Relação com o Mercado":"B2B","Modelo de Negócio":"Não Informado","Cidade":"Porto Alegre","Região":"Metropolitana e Litoral Norte","Link":"https://myphonemymoney.com.br/"},"geometry":{"type":"Point","coordinates":[-51.2089887,-30.0368176]}},{"type":"Feature","properties":{"Ambiente":"NÃO INFORMADO","Startup":"N1 Office","Estágio":"Crescimento","Segmento":"Serviços","Vertical":"ImobTech","Relação com o Mercado":"B2B","Modelo de Negócio":"Economia de Recorrência","Cidade":"Porto Alegre","Região":"Metropolitana e Litoral Norte","Link":"https://n1office.com/"},"geometry":{"type":"Point","coordinates":[-51.2089887,-30.0368176]}},{"type":"Feature","properties":{"Ambiente":"MIRALABS","Startup":"Nacity","Estágio":"Validação","Segmento":"Comércio e Varejo","Vertical":"Outras","Relação com o Mercado":"B2B2C","Modelo de Negócio":"Marketplace","Cidade":"Horizontina","Região":"Noroeste e Missões","Link":"https://nacity.com.br/"},"geometry":{"type":"Point","coordinates":[-54.3059728,-27.628239]}},{"type":"Feature","properties":{"Ambiente":"NÃO INFORMADO","Startup":"Nagô - RS Produção","Estágio":"Não Informado","Segmento":"Eventos","Vertical":"FunTech","Relação com o Mercado":"B2B e B2G","Modelo de Negócio":"Não Informado","Cidade":"Porto Alegre","Região":"Metropolitana e Litoral Norte","Link":""},"geometry":{"type":"Point","coordinates":[-51.2089887,-30.0368176]}},{"type":"Feature","properties":{"Ambiente":"SMICT GRAVATAÍ","Startup":"Nano Fabrica","Estágio":"Crescimento","Segmento":"Engenharia e Indústria Geral","Vertical":"IndTech","Relação com o Mercado":"B2B","Modelo de Negócio":"Transação","Cidade":"Gravataí","Região":"Metropolitana e Litoral Norte","Link":"https://www.nanofabrica.com.br/"},"geometry":{"type":"Point","coordinates":[-50.9947529,-29.9398869]}},{"type":"Feature","properties":{"Ambiente":"NÃO INFORMADO","Startup":"NanoCosmétics","Estágio":"Ideação","Segmento":"Nanotecnologia","Vertical":"BeautyTech","Relação com o Mercado":"B2B e B2C","Modelo de Negócio":"Não Informado","Cidade":"Santa Maria","Região":"Central","Link":"https://www.ufn.edu.br/site/inovacao/ambiente-de-inovacao/startups"},"geometry":{"type":"Point","coordinates":[-53.7923441,-29.6894984]}},{"type":"Feature","properties":{"Ambiente":"NÃO INFORMADO","Startup":"Nanolaw","Estágio":"Validação","Segmento":"Nanotecnologia","Vertical":"RegTech","Relação com o Mercado":"B2B","Modelo de Negócio":"Não Informado","Cidade":"São Leopoldo","Região":"Metropolitana e Litoral Norte","Link":"https://nanolaw.com.br/a-nanolaw/"},"geometry":{"type":"Point","coordinates":[-51.1480174,-29.7607417]}},{"type":"Feature","properties":{"Ambiente":"NÃO INFORMADO","Startup":"Narrative","Estágio":"Validação","Segmento":"Consultorias e Treinamentos","Vertical":"EdTech","Relação com o Mercado":"B2B","Modelo de Negócio":"Não Informado","Cidade":"Cachoeira do Sul","Região":"Central","Link":"https://www.linkedin.com/in/mirianmion/?originalSubdomain=br"},"geometry":{"type":"Point","coordinates":[-52.8943161,-30.0337419]}},{"type":"Feature","properties":{"Ambiente":"NÃO INFORMADO","Startup":"NativeIP","Estágio":"Validação","Segmento":"Comunicação","Vertical":"ITTech","Relação com o Mercado":"B2B2C","Modelo de Negócio":"Não Informado","Cidade":"Caxias do Sul","Região":"Serra Gaúcha","Link":"https://nativeip.com.br/"},"geometry":{"type":"Point","coordinates":[-51.1812032,-29.1740137]}},{"type":"Feature","properties":{"Ambiente":"NÃO INFORMADO","Startup":"Naturgotas","Estágio":"Crescimento","Segmento":"Saúde e Bem-Estar","Vertical":"BeautyTech","Relação com o Mercado":"B2C","Modelo de Negócio":"Transação","Cidade":"Vale do Sol","Região":"Região dos Vales","Link":"https://www.naturgotas.com.br/"},"geometry":{"type":"Point","coordinates":[-52.6868467,-29.6044536]}},{"type":"Feature","properties":{"Ambiente":"NÃO INFORMADO","Startup":"NAU25 EX/COLA DE EMPREENDEDORES","Estágio":"Escala","Segmento":"Consultorias e Treinamentos","Vertical":"EdTech","Relação com o Mercado":"B2B","Modelo de Negócio":"Não Informado","Cidade":"Porto Alegre","Região":"Metropolitana e Litoral Norte","Link":"https://nau25.com.br/"},"geometry":{"type":"Point","coordinates":[-51.2089887,-30.0368176]}},{"type":"Feature","properties":{"Ambiente":"NÃO INFORMADO","Startup":"NautiX Hub","Estágio":"Validação","Segmento":"Turismo e Lazer","Vertical":"SportsTech","Relação com o Mercado":"B2B2C","Modelo de Negócio":"E-commerce","Cidade":"Porto Alegre","Região":"Metropolitana e Litoral Norte","Link":"https://nautixhub.com/"},"geometry":{"type":"Point","coordinates":[-51.2089887,-30.0368176]}},{"type":"Feature","properties":{"Ambiente":"NÃO INFORMADO","Startup":"Naxia Digital","Estágio":"Validação","Segmento":"Saúde e Bem-Estar","Vertical":"HealthTech","Relação com o Mercado":"B2B e B2C","Modelo de Negócio":"Economia de Recorrência","Cidade":"Porto Alegre","Região":"Metropolitana e Litoral Norte","Link":"https://naxiadigital.com.br/"},"geometry":{"type":"Point","coordinates":[-51.2089887,-30.0368176]}},{"type":"Feature","properties":{"Ambiente":"PULSAR","Startup":"Nekto","Estágio":"Escala","Segmento":"RH e Coaching","Vertical":"HRTech","Relação com o Mercado":"B2B","Modelo de Negócio":"Não Informado","Cidade":"Santa Maria","Região":"Central","Link":"https://nekto.com.br/"},"geometry":{"type":"Point","coordinates":[-53.7923441,-29.6894984]}},{"type":"Feature","properties":{"Ambiente":"NÃO INFORMADO","Startup":"Neoglass","Estágio":"Crescimento","Segmento":"Comércio e Varejo","Vertical":"VR/AR Tech","Relação com o Mercado":"B2B","Modelo de Negócio":"Saas","Cidade":"Porto Alegre","Região":"Metropolitana e Litoral Norte","Link":"https://neoglass.com.br/"},"geometry":{"type":"Point","coordinates":[-51.2089887,-30.0368176]}},{"type":"Feature","properties":{"Ambiente":"NÃO INFORMADO","Startup":"Neoplot - Inteligência de Negócios","Estágio":"Crescimento","Segmento":"Analytics","Vertical":"Tech Consultancies","Relação com o Mercado":"B2B","Modelo de Negócio":"Saas","Cidade":"Gramado","Região":"Serra Gaúcha","Link":"https://neoplot.com.br/"},"geometry":{"type":"Point","coordinates":[-50.876435,-29.3745686]}},{"type":"Feature","properties":{"Ambiente":"NÃO INFORMADO","Startup":"Neovech","Estágio":"Crescimento","Segmento":"Biotecnologia","Vertical":"BioTech","Relação com o Mercado":"B2C","Modelo de Negócio":"Não Informado","Cidade":"Campo Bom","Região":"Metropolitana e Litoral Norte","Link":"https://neovech.com.br/"},"geometry":{"type":"Point","coordinates":[-51.0613111,-29.6747831]}},{"type":"Feature","properties":{"Ambiente":"TECNOUNISC","Startup":"Nervis Engenharia Ltda","Estágio":"Escala","Segmento":"Engenharia e Indústria Geral","Vertical":"ConstruTech","Relação com o Mercado":"B2B","Modelo de Negócio":"Serviços Baseados em Taxas","Cidade":"Santa Cruz do Sul","Região":"Região dos Vales","Link":"https://www.instagram.com/nervisengenharia/"},"geometry":{"type":"Point","coordinates":[-52.4358285,-29.7240622]}},{"type":"Feature","properties":{"Ambiente":"NÃO INFORMADO","Startup":"Nesos","Estágio":"Não Informado","Segmento":"Software e Cloud","Vertical":"ITTech","Relação com o Mercado":"B2B","Modelo de Negócio":"Saas","Cidade":"Pelotas","Região":"Sul","Link":"https://nesos.com.br/"},"geometry":{"type":"Point","coordinates":[-52.3313342,-31.7700081]}},{"type":"Feature","properties":{"Ambiente":"NÃO INFORMADO","Startup":"NESQV","Estágio":"Crescimento","Segmento":"Saúde e Bem-Estar","Vertical":"EdTech","Relação com o Mercado":"B2B e B2C","Modelo de Negócio":"E-commerce","Cidade":"Porto Alegre","Região":"Metropolitana e Litoral Norte","Link":"https://nesqv.com/"},"geometry":{"type":"Point","coordinates":[-51.2089887,-30.0368176]}},{"type":"Feature","properties":{"Ambiente":"NÃO INFORMADO","Startup":"NETHOMES","Estágio":"Validação","Segmento":"Serviços","Vertical":"PropTech","Relação com o Mercado":"B2B e B2C","Modelo de Negócio":"SaaS","Cidade":"Porto Alegre","Região":"Metropolitana e Litoral Norte","Link":"https://www.nethomes.com.br/"},"geometry":{"type":"Point","coordinates":[-51.2089887,-30.0368176]}},{"type":"Feature","properties":{"Ambiente":"NÃO INFORMADO","Startup":"NETSPACES","Estágio":"Validação","Segmento":"Blockchain","Vertical":"PropTech","Relação com o Mercado":"B2B2C","Modelo de Negócio":"SaaS","Cidade":"Porto Alegre","Região":"Metropolitana e Litoral Norte","Link":"https://www.netspaces.org/"},"geometry":{"type":"Point","coordinates":[-51.2089887,-30.0368176]}},{"type":"Feature","properties":{"Ambiente":"NÃO INFORMADO","Startup":"Neural Vision","Estágio":"Ideação","Segmento":"Consultorias e Treinamentos","Vertical":"IndTech","Relação com o Mercado":"B2B","Modelo de Negócio":"Não Informado","Cidade":"Porto Alegre","Região":"Metropolitana e Litoral Norte","Link":""},"geometry":{"type":"Point","coordinates":[-51.2089887,-30.0368176]}},{"type":"Feature","properties":{"Ambiente":"NÃO INFORMADO","Startup":"NewSeg","Estágio":"Não Informado","Segmento":"Bigdata","Vertical":"SecurityTech","Relação com o Mercado":"B2B e B2G","Modelo de Negócio":"Não Informado","Cidade":"Porto Alegre","Região":"Metropolitana e Litoral Norte","Link":"https://www.newseg.seg.br/newseg/"},"geometry":{"type":"Point","coordinates":[-51.2089887,-30.0368176]}},{"type":"Feature","properties":{"Ambiente":"NÃO INFORMADO","Startup":"NewSpine","Estágio":"Ideação","Segmento":"Saúde e Bem-Estar","Vertical":"HealthTech","Relação com o Mercado":"B2C e B2G","Modelo de Negócio":"Outro","Cidade":"Novo Hamburgo","Região":"Metropolitana e Litoral Norte","Link":""},"geometry":{"type":"Point","coordinates":[-51.1337471,-29.683463]}},{"type":"Feature","properties":{"Ambiente":"NÃO INFORMADO","Startup":"NexiDNA","Estágio":"Crescimento","Segmento":"Analytics","Vertical":"HealthTech","Relação com o Mercado":"B2B e B2C","Modelo de Negócio":"Não Informado","Cidade":"Porto Alegre","Região":"Metropolitana e Litoral Norte","Link":"https://www.linkedin.com/company/nexidna/about/"},"geometry":{"type":"Point","coordinates":[-51.2089887,-30.0368176]}},{"type":"Feature","properties":{"Ambiente":"NÃO INFORMADO","Startup":"Nexxa Hub","Estágio":"Crescimento","Segmento":"Consultorias e Treinamentos","Vertical":"EdTech","Relação com o Mercado":"B2B","Modelo de Negócio":"Pay-per-use","Cidade":"Porto Alegre","Região":"Metropolitana e Litoral Norte","Link":"https://www.instagram.com/nexxa.hub/"},"geometry":{"type":"Point","coordinates":[-51.2089887,-30.0368176]}},{"type":"Feature","properties":{"Ambiente":"NÃO INFORMADO","Startup":"Nexxo","Estágio":"Validação","Segmento":"Bigdata","Vertical":"DeepTech","Relação com o Mercado":"B2B","Modelo de Negócio":"Não Informado","Cidade":"Porto Alegre","Região":"Metropolitana e Litoral Norte","Link":"https://www.linkedin.com/company/nexxo-we-make-sense/"},"geometry":{"type":"Point","coordinates":[-51.2089887,-30.0368176]}},{"type":"Feature","properties":{"Ambiente":"BASE ESPM","Startup":"nightHive","Estágio":"Validação","Segmento":"Eventos","Vertical":"Inovação Social","Relação com o Mercado":"B2B e B2C","Modelo de Negócio":"Assinatura","Cidade":"Porto Alegre","Região":"Metropolitana e Litoral Norte","Link":""},"geometry":{"type":"Point","coordinates":[-51.2089887,-30.0368176]}},{"type":"Feature","properties":{"Ambiente":"NÃO INFORMADO","Startup":"NIKOLA","Estágio":"Ideação","Segmento":"IoT (Internet das Coisas)","Vertical":"HealthTech","Relação com o Mercado":"B2B e B2C","Modelo de Negócio":"Não Informado","Cidade":"São Leopoldo","Região":"Metropolitana e Litoral Norte","Link":"https://www.tecnosinos.com.br/news/tres-startups-sao-selecionadas-no-programa-de-incubacao-da-unitec/"},"geometry":{"type":"Point","coordinates":[-51.1480174,-29.7607417]}},{"type":"Feature","properties":{"Ambiente":"ALIANÇA EMPRESARIAL","Startup":"NIKOLA 369","Estágio":"Crescimento","Segmento":"Nanotecnologia","Vertical":"ITTech","Relação com o Mercado":"B2B","Modelo de Negócio":"Não Informado","Cidade":"Passo Fundo","Região":"Produção e Norte","Link":"ni"},"geometry":{"type":"Point","coordinates":[-52.4102752,-28.2622705]}},{"type":"Feature","properties":{"Ambiente":"NÃO INFORMADO","Startup":"NOC - No Ordinary Content","Estágio":"Crescimento","Segmento":"Marketing e Publicidade","Vertical":"MarTech","Relação com o Mercado":"B2B","Modelo de Negócio":"SaaS","Cidade":"Porto Alegre","Região":"Metropolitana e Litoral Norte","Link":"https://somosnoc.com/"},"geometry":{"type":"Point","coordinates":[-51.2089887,-30.0368176]}},{"type":"Feature","properties":{"Ambiente":"TECNOPUC","Startup":"NoHarm.ai","Estágio":"Crescimento","Segmento":"Saúde e Bem-Estar","Vertical":"HealthTech","Relação com o Mercado":"B2B","Modelo de Negócio":"SaaS","Cidade":"Porto Alegre","Região":"Metropolitana e Litoral Norte","Link":"https://noharm.ai/"},"geometry":{"type":"Point","coordinates":[-51.2089887,-30.0368176]}},{"type":"Feature","properties":{"Ambiente":"ITEC/UCS","Startup":"Nora Biotecnologia Ltda","Estágio":"Não Informado","Segmento":"Alimentos e Bebidas","Vertical":"BioTech","Relação com o Mercado":"B2B","Modelo de Negócio":"Não Informado","Cidade":"Farroupilha","Região":"Serra Gaúcha","Link":"https://www.linkedin.com/in/juliana-machado-fernandes-9632611a3/"},"geometry":{"type":"Point","coordinates":[-51.3456056,-29.2238257]}},{"type":"Feature","properties":{"Ambiente":"NÃO INFORMADO","Startup":"Norte Compliance","Estágio":"Crescimento","Segmento":"Consultorias e Treinamentos","Vertical":"LegalTech","Relação com o Mercado":"B2B","Modelo de Negócio":"Não Informado","Cidade":"Porto Alegre","Região":"Metropolitana e Litoral Norte","Link":"https://www.nortecompliance.com/"},"geometry":{"type":"Point","coordinates":[-51.2089887,-30.0368176]}},{"type":"Feature","properties":{"Ambiente":"NÃO INFORMADO","Startup":"Nosso Núcleo","Estágio":"Validação","Segmento":"Consultorias e Treinamentos","Vertical":"ITTech","Relação com o Mercado":"B2B","Modelo de Negócio":"Não Informado","Cidade":"Pelotas","Região":"Sul","Link":"https://www.instagram.com/nossonucleo/"},"geometry":{"type":"Point","coordinates":[-52.3313342,-31.7700081]}},{"type":"Feature","properties":{"Ambiente":"NÃO INFORMADO","Startup":"Nostra Gestão de Marcas","Estágio":"Validação","Segmento":"Marketing e Publicidade","Vertical":"MarTech","Relação com o Mercado":"B2B","Modelo de Negócio":"Não Informado","Cidade":"Passo Fundo","Região":"Produção e Norte","Link":"https://nostrabr.com/"},"geometry":{"type":"Point","coordinates":[-52.4102752,-28.2622705]}},{"type":"Feature","properties":{"Ambiente":"NÃO INFORMADO","Startup":"NOVA SOFTWARE","Estágio":"Crescimento","Segmento":"Software e Cloud","Vertical":"ITTech","Relação com o Mercado":"B2B","Modelo de Negócio":"SaaS","Cidade":"São Leopoldo","Região":"Metropolitana e Litoral Norte","Link":"https://www.nova.tec.br/"},"geometry":{"type":"Point","coordinates":[-51.1480174,-29.7607417]}},{"type":"Feature","properties":{"Ambiente":"NÃO INFORMADO","Startup":"NR Projetos","Estágio":"Crescimento","Segmento":"Engenharia e Indústria Geral","Vertical":"IndTech","Relação com o Mercado":"B2B","Modelo de Negócio":"Não Informado","Cidade":"Gravataí","Região":"Metropolitana e Litoral Norte","Link":"https://nrindustrial.com.br/group/"},"geometry":{"type":"Point","coordinates":[-50.9947529,-29.9398869]}},{"type":"Feature","properties":{"Ambiente":"NÃO INFORMADO","Startup":"NTG SOLUCOES EM TRANSPORTADORES","Estágio":"Validação","Segmento":"Engenharia e Indústria Geral","Vertical":"LogTech","Relação com o Mercado":"B2B","Modelo de Negócio":"Não Informado","Cidade":"Cachoeirinha","Região":"Metropolitana e Litoral Norte","Link":"https://conduire.com.br/"},"geometry":{"type":"Point","coordinates":[-51.0989724,-29.9457416]}},{"type":"Feature","properties":{"Ambiente":"NÃO INFORMADO","Startup":"Nubla","Estágio":"Crescimento","Segmento":"TI (Tecnologia da Informação)","Vertical":"RetailTech","Relação com o Mercado":"B2B","Modelo de Negócio":"Não Informado","Cidade":"Porto Alegre","Região":"Metropolitana e Litoral Norte","Link":"https://site.nubla.cloud/"},"geometry":{"type":"Point","coordinates":[-51.2089887,-30.0368176]}},{"type":"Feature","properties":{"Ambiente":"TECNOPUC","Startup":"Nubo Desenvolvimento de Software Ltda","Estágio":"Crescimento","Segmento":"TI (Tecnologia da Informação)","Vertical":"ITTech","Relação com o Mercado":"B2B","Modelo de Negócio":"SaaS","Cidade":"Porto Alegre","Região":"Metropolitana e Litoral Norte","Link":"https://nubo.solutions"},"geometry":{"type":"Point","coordinates":[-51.2089887,-30.0368176]}},{"type":"Feature","properties":{"Ambiente":"NÃO INFORMADO","Startup":"NUCLEO VITRO","Estágio":"Crescimento","Segmento":"Saúde e Bem-Estar","Vertical":"BioTech","Relação com o Mercado":"B2C","Modelo de Negócio":"Não Informado","Cidade":"Porto Alegre","Região":"Metropolitana e Litoral Norte","Link":"https://www.nucleovitro.com/"},"geometry":{"type":"Point","coordinates":[-51.2089887,-30.0368176]}},{"type":"Feature","properties":{"Ambiente":"CONECTAR","Startup":"NUI INSECT SCIENCE BIOINSUMOS E BIOTECNOLOGIA LTDA","Estágio":"Crescimento","Segmento":"Pesquisa","Vertical":"AgTech","Relação com o Mercado":"B2B2C","Modelo de Negócio":"Outro","Cidade":"Pelotas","Região":"Sul","Link":"https://www.instagram.com/nuinset/"},"geometry":{"type":"Point","coordinates":[-52.3313342,-31.7700081]}},{"type":"Feature","properties":{"Ambiente":"IECBIOT UFRGS","Startup":"NUN Tecnologia Sustentável","Estágio":"Validação","Segmento":"Biotecnologia","Vertical":"BioTech","Relação com o Mercado":"B2B","Modelo de Negócio":"Não Informado","Cidade":"Porto Alegre","Região":"Metropolitana e Litoral Norte","Link":"https://nuntecnologia.com.br/pt"},"geometry":{"type":"Point","coordinates":[-51.2089887,-30.0368176]}},{"type":"Feature","properties":{"Ambiente":"NÃO INFORMADO","Startup":"Nutrindo Soluções","Estágio":"Validação","Segmento":"Alimentos e Bebidas","Vertical":"RegTech","Relação com o Mercado":"B2B","Modelo de Negócio":"Não Informado","Cidade":"Porto Alegre","Região":"Metropolitana e Litoral Norte","Link":"https://nutrindosolucoes.com.br/"},"geometry":{"type":"Point","coordinates":[-51.2089887,-30.0368176]}},{"type":"Feature","properties":{"Ambiente":"NÃO INFORMADO","Startup":"Nutrition Thinking","Estágio":"Crescimento","Segmento":"Saúde e Bem-Estar","Vertical":"HealthTech","Relação com o Mercado":"B2C","Modelo de Negócio":"Não Informado","Cidade":"Porto Alegre","Região":"Metropolitana e Litoral Norte","Link":"https://www.instagram.com/nutritionthinking.co/"},"geometry":{"type":"Point","coordinates":[-51.2089887,-30.0368176]}},{"type":"Feature","properties":{"Ambiente":"NÃO INFORMADO","Startup":"Nutrório","Estágio":"Crescimento","Segmento":"Saúde e Bem-Estar","Vertical":"HealthTech","Relação com o Mercado":"B2B","Modelo de Negócio":"Assinatura","Cidade":"Porto Alegre","Região":"Metropolitana e Litoral Norte","Link":"https://nutrorio.com.br/"},"geometry":{"type":"Point","coordinates":[-51.2089887,-30.0368176]}},{"type":"Feature","properties":{"Ambiente":"NÃO INFORMADO","Startup":"Nuvem Sustentabilidade","Estágio":"Validação","Segmento":"Consultorias e Treinamentos","Vertical":"EsgTech","Relação com o Mercado":"B2B","Modelo de Negócio":"Não Informado","Cidade":"Porto Alegre","Região":"Metropolitana e Litoral Norte","Link":"https://www.linkedin.com/company/nuvem-sustentabilidade/about/"},"geometry":{"type":"Point","coordinates":[-51.2089887,-30.0368176]}},{"type":"Feature","properties":{"Ambiente":"NÃO INFORMADO","Startup":"O Agro","Estágio":"Crescimento","Segmento":"Software e Cloud","Vertical":"AgTech","Relação com o Mercado":"B2B e B2C","Modelo de Negócio":"SaaS","Cidade":"Erechim","Região":"Produção e Norte","Link":"https://www.oagro.com.br/"},"geometry":{"type":"Point","coordinates":[-52.2747035,-27.6347491]}},{"type":"Feature","properties":{"Ambiente":"NÃO INFORMADO","Startup":"O Encarregado","Estágio":"Crescimento","Segmento":"Jurídico","Vertical":"RegTech","Relação com o Mercado":"B2B","Modelo de Negócio":"Não Informado","Cidade":"Porto Alegre","Região":"Metropolitana e Litoral Norte","Link":"https://www.linkedin.com/company/o-encarregado/about/"},"geometry":{"type":"Point","coordinates":[-51.2089887,-30.0368176]}},{"type":"Feature","properties":{"Ambiente":"NÃO INFORMADO","Startup":"O Financeiro Online","Estágio":"Crescimento","Segmento":"Financeiro","Vertical":"Fintech","Relação com o Mercado":"B2B","Modelo de Negócio":"Não Informado","Cidade":"Caxias do Sul","Região":"Serra Gaúcha","Link":"https://www.ofinanceironline.com.br"},"geometry":{"type":"Point","coordinates":[-51.1812032,-29.1740137]}},{"type":"Feature","properties":{"Ambiente":"NÃO INFORMADO","Startup":"Obin Farm","Estágio":"Ideação","Segmento":"Agronegócio","Vertical":"AgTech","Relação com o Mercado":"B2C","Modelo de Negócio":"Não Informado","Cidade":"Porto Alegre","Região":"Metropolitana e Litoral Norte","Link":"https://www.linkedin.com/company/obinfarm/"},"geometry":{"type":"Point","coordinates":[-51.2089887,-30.0368176]}},{"type":"Feature","properties":{"Ambiente":"NÃO INFORMADO","Startup":"Obra.ai","Estágio":"Crescimento","Segmento":"Bigdata","Vertical":"ConstruTech","Relação com o Mercado":"B2B","Modelo de Negócio":"Assinatura","Cidade":"Porto Alegre","Região":"Metropolitana e Litoral Norte","Link":"https://obra.ai/"},"geometry":{"type":"Point","coordinates":[-51.2089887,-30.0368176]}},{"type":"Feature","properties":{"Ambiente":"TECNOSINOS","Startup":"OBSTCARE","Estágio":"Validação","Segmento":"Saúde e Bem-Estar","Vertical":"HealthTech","Relação com o Mercado":"B2B","Modelo de Negócio":"Freemium","Cidade":"São Leopoldo","Região":"Metropolitana e Litoral Norte","Link":"https://www.obstcare.com/"},"geometry":{"type":"Point","coordinates":[-51.1480174,-29.7607417]}},{"type":"Feature","properties":{"Ambiente":"NÃO INFORMADO","Startup":"odo.digital","Estágio":"Crescimento","Segmento":"Software e Cloud","Vertical":"SalesTech","Relação com o Mercado":"B2B","Modelo de Negócio":"E-commerce","Cidade":"Passo Fundo","Região":"Produção e Norte","Link":"https://www.odo.digital/conheca-a-odo-digital-ecommerce-loja-virtual-passo-fundo"},"geometry":{"type":"Point","coordinates":[-52.4102752,-28.2622705]}},{"type":"Feature","properties":{"Ambiente":"CEI UFRGS","Startup":"Oficina do Morro","Estágio":"Crescimento","Segmento":"Educação e Ensino","Vertical":"Impacto Socioambiental","Relação com o Mercado":"B2C","Modelo de Negócio":"Negócio Socioambiental","Cidade":"Porto Alegre","Região":"Metropolitana e Litoral Norte","Link":"https://coletivomdc.org/"},"geometry":{"type":"Point","coordinates":[-51.2089887,-30.0368176]}},{"type":"Feature","properties":{"Ambiente":"NÃO INFORMADO","Startup":"Oka Coliving","Estágio":"Crescimento","Segmento":"Serviços","Vertical":"PropTech","Relação com o Mercado":"B2C","Modelo de Negócio":"Leasing","Cidade":"Porto Alegre","Região":"Metropolitana e Litoral Norte","Link":"https://www.okacoliving.com.br/"},"geometry":{"type":"Point","coordinates":[-51.2089887,-30.0368176]}},{"type":"Feature","properties":{"Ambiente":"NÃO INFORMADO","Startup":"Olá Doutor","Estágio":"Crescimento","Segmento":"Telemedicina","Vertical":"HealthTech","Relação com o Mercado":"B2C","Modelo de Negócio":"Pay-per-use","Cidade":"Caxias do Sul","Região":"Serra Gaúcha","Link":"https://oladoutor.app/"},"geometry":{"type":"Point","coordinates":[-51.1812032,-29.1740137]}},{"type":"Feature","properties":{"Ambiente":"NÃO INFORMADO","Startup":"Oliar Cosméticos \n","Estágio":"Crescimento","Segmento":"Estética e Beleza","Vertical":"BeautyTech","Relação com o Mercado":"B2C","Modelo de Negócio":"Não Informado","Cidade":"Igrejinha","Região":"Metropolitana e Litoral Norte","Link":"https://www.linkedin.com/company/oliar-cosm%C3%A9ticos/"},"geometry":{"type":"Point","coordinates":[-50.7924981,-29.5734428]}},{"type":"Feature","properties":{"Ambiente":"TECNOUNISC","Startup":"Olímpia Educação","Estágio":"Validação","Segmento":"Educação e Ensino","Vertical":"EdTech","Relação com o Mercado":"B2B","Modelo de Negócio":"Assinatura","Cidade":"Santa Cruz do Sul","Região":"Região dos Vales","Link":""},"geometry":{"type":"Point","coordinates":[-52.4358285,-29.7240622]}},{"type":"Feature","properties":{"Ambiente":"NÃO INFORMADO","Startup":"Olist Vnda Ecommerce","Estágio":"Ideação","Segmento":"Comércio e Varejo","Vertical":"RetailTech","Relação com o Mercado":"B2B","Modelo de Negócio":"E-commerce","Cidade":"Porto Alegre","Região":"Metropolitana e Litoral Norte","Link":"https://www.vnda.com.br/"},"geometry":{"type":"Point","coordinates":[-51.2089887,-30.0368176]}},{"type":"Feature","properties":{"Ambiente":"NÃO INFORMADO","Startup":"OLIVE PLUS","Estágio":"Validação","Segmento":"Agronegócio","Vertical":"Foodtech","Relação com o Mercado":"B2B e B2C","Modelo de Negócio":"Não Informado","Cidade":"Santa Maria","Região":"Central","Link":"https://www.instagram.com/oliveeplus/"},"geometry":{"type":"Point","coordinates":[-53.7923441,-29.6894984]}},{"type":"Feature","properties":{"Ambiente":"PULSAR","Startup":"Olive+","Estágio":"Validação","Segmento":"Alimentos e Bebidas","Vertical":"FoodTech","Relação com o Mercado":"B2C","Modelo de Negócio":"Custo por Aquisição","Cidade":"Santa Maria","Região":"Central","Link":""},"geometry":{"type":"Point","coordinates":[-53.7923441,-29.6894984]}},{"type":"Feature","properties":{"Ambiente":"NÃO INFORMADO","Startup":"OMINE SOFTWARE E SERVIÇOS","Estágio":"Crescimento","Segmento":"Software e Cloud","Vertical":"ITTech","Relação com o Mercado":"B2B","Modelo de Negócio":"Não Informado","Cidade":"Porto Alegre","Região":"Metropolitana e Litoral Norte","Link":"https://ominesoftware.com.br/index.html"},"geometry":{"type":"Point","coordinates":[-51.2089887,-30.0368176]}},{"type":"Feature","properties":{"Ambiente":"NÃO INFORMADO","Startup":"onAgro","Estágio":"Validação","Segmento":"Produtividade","Vertical":"AgTech","Relação com o Mercado":"B2B","Modelo de Negócio":"Não Informado","Cidade":"Lajeado","Região":"Região dos Vales","Link":"https://onagro.com.br/"},"geometry":{"type":"Point","coordinates":[-51.9679026,-29.4606311]}},{"type":"Feature","properties":{"Ambiente":"CRIATEC UNIJUÍ","Startup":"ONCOSCAN","Estágio":"Validação","Segmento":"Saúde e Bem-Estar","Vertical":"HealthTech","Relação com o Mercado":"B2C","Modelo de Negócio":"SaaS","Cidade":"Ijuí","Região":"Noroeste e Missões","Link":"https://oncoscan.com.br/"},"geometry":{"type":"Point","coordinates":[-53.9220126,-28.3891409]}},{"type":"Feature","properties":{"Ambiente":"NÃO INFORMADO","Startup":"One Percent","Estágio":"Crescimento","Segmento":"Blockchain","Vertical":"ITTech","Relação com o Mercado":"B2B","Modelo de Negócio":"Não Informado","Cidade":"Novo Hamburgo","Região":"Metropolitana e Litoral Norte","Link":"https://www.onepercent.io/"},"geometry":{"type":"Point","coordinates":[-51.1337471,-29.683463]}},{"type":"Feature","properties":{"Ambiente":"ITEC PARK UFN","Startup":"OneBio","Estágio":"Validação","Segmento":"Consultorias e Treinamentos","Vertical":"Não Informado","Relação com o Mercado":"B2B","Modelo de Negócio":"Não Informado","Cidade":"Santa Maria","Região":"Central","Link":"https://www.instagram.com/onebiosegurancadotrabalho"},"geometry":{"type":"Point","coordinates":[-53.7923441,-29.6894984]}},{"type":"Feature","properties":{"Ambiente":"NÃO INFORMADO","Startup":"Onhere","Estágio":"Crescimento","Segmento":"Software e Cloud","Vertical":"LogTech","Relação com o Mercado":"B2B","Modelo de Negócio":"Não Informado","Cidade":"Canoas","Região":"Metropolitana e Litoral Norte","Link":"https://www.linkedin.com/company/onhere/about/"},"geometry":{"type":"Point","coordinates":[-51.1847036,-29.9077898]}},{"type":"Feature","properties":{"Ambiente":"NÃO INFORMADO","Startup":"ONMOTUS","Estágio":"Crescimento","Segmento":"Automotivo","Vertical":"AutoTech","Relação com o Mercado":"B2B e B2C","Modelo de Negócio":"E-commerce","Cidade":"Canoas","Região":"Metropolitana e Litoral Norte","Link":"https://www.onmotus.com.br/"},"geometry":{"type":"Point","coordinates":[-51.1847036,-29.9077898]}},{"type":"Feature","properties":{"Ambiente":"LAB FECOMÉRCIO-RS","Startup":"Onne","Estágio":"Validação","Segmento":"TI (Tecnologia da Informação)","Vertical":"CyberSecurity","Relação com o Mercado":"B2B2C","Modelo de Negócio":"SaaS","Cidade":"Porto Alegre","Região":"Metropolitana e Litoral Norte","Link":"https://onne.site/pt-br"},"geometry":{"type":"Point","coordinates":[-51.2089887,-30.0368176]}},{"type":"Feature","properties":{"Ambiente":"TECNOPUC","Startup":"Onne","Estágio":"Validação","Segmento":"TI (Tecnologia da Informação)","Vertical":"CyberSecurity","Relação com o Mercado":"B2B2C","Modelo de Negócio":"SaaS","Cidade":"Porto Alegre","Região":"Metropolitana e Litoral Norte","Link":"https://onne.site/pt-br"},"geometry":{"type":"Point","coordinates":[-51.2089887,-30.0368176]}},{"type":"Feature","properties":{"Ambiente":"INSTITUTO CALDEIRA","Startup":"OPDV","Estágio":"Não Informado","Segmento":"Gestão de Negócios e Projetos","Vertical":"SalesTech","Relação com o Mercado":"B2B","Modelo de Negócio":"Assinatura","Cidade":"Porto Alegre","Região":"Metropolitana e Litoral Norte","Link":"https://opdv.com.br"},"geometry":{"type":"Point","coordinates":[-51.2089887,-30.0368176]}},{"type":"Feature","properties":{"Ambiente":"NÃO INFORMADO","Startup":"Open Health","Estágio":"Crescimento","Segmento":"Saúde e Bem-Estar","Vertical":"HealthTech","Relação com o Mercado":"B2B","Modelo de Negócio":"Não Informado","Cidade":"Porto Alegre","Região":"Metropolitana e Litoral Norte","Link":"https://openhealth.com.br/"},"geometry":{"type":"Point","coordinates":[-51.2089887,-30.0368176]}},{"type":"Feature","properties":{"Ambiente":"CRIATEC UNIJUÍ","Startup":"Optimize Gestão de Processos","Estágio":"Escala","Segmento":"TI (Tecnologia da Informação)","Vertical":"ITTech","Relação com o Mercado":"B2B","Modelo de Negócio":"SaaS","Cidade":"Ijuí","Região":"Noroeste e Missões","Link":"https://www.optimizebpm.com.br/"},"geometry":{"type":"Point","coordinates":[-53.9220126,-28.3891409]}},{"type":"Feature","properties":{"Ambiente":"TECNOPUC","Startup":"Optix","Estágio":"Crescimento","Segmento":"Saúde e Bem-Estar","Vertical":"HealthTech","Relação com o Mercado":"B2B","Modelo de Negócio":"Assinatura","Cidade":"Porto Alegre","Região":"Metropolitana e Litoral Norte","Link":"http://optixpacs.com.br/"},"geometry":{"type":"Point","coordinates":[-51.2089887,-30.0368176]}},{"type":"Feature","properties":{"Ambiente":"LAB FECOMÉRCIO-RS","Startup":"Orça","Estágio":"Ideação","Segmento":"Produtividade","Vertical":"MarTech","Relação com o Mercado":"B2B","Modelo de Negócio":"SaaS","Cidade":"Pelotas","Região":"Sul","Link":"https://soucluster.com.br/orca-lp-v1/"},"geometry":{"type":"Point","coordinates":[-52.3313342,-31.7700081]}},{"type":"Feature","properties":{"Ambiente":"HORIZONTE FAHOR","Startup":"OrganoFoods","Estágio":"Ideação","Segmento":"Alimentos e Bebidas","Vertical":"FoodTech","Relação com o Mercado":"B2C","Modelo de Negócio":"Marketplace","Cidade":"Horizontina","Região":"Noroeste e Missões","Link":"https://www.organofoods.com.br/"},"geometry":{"type":"Point","coordinates":[-54.3059728,-27.628239]}},{"type":"Feature","properties":{"Ambiente":"NÃO INFORMADO","Startup":"Oriuz","Estágio":"Escala","Segmento":"Construção Civil","Vertical":"ConstruTech","Relação com o Mercado":"B2B e B2C","Modelo de Negócio":"Transação","Cidade":"Passo Fundo","Região":"Produção e Norte","Link":"https://www.oriuz.com.br/"},"geometry":{"type":"Point","coordinates":[-52.4102752,-28.2622705]}},{"type":"Feature","properties":{"Ambiente":"NÃO INFORMADO","Startup":"Orlla Energia","Estágio":"Crescimento","Segmento":"Meio Ambiente e Sustentabilidade","Vertical":"EnergyTech","Relação com o Mercado":"B2B2C","Modelo de Negócio":"Franquia","Cidade":"Porto Alegre","Região":"Metropolitana e Litoral Norte","Link":"https://orlla.com.br/"},"geometry":{"type":"Point","coordinates":[-51.2089887,-30.0368176]}},{"type":"Feature","properties":{"Ambiente":"INSTITUTO CALDEIRA","Startup":"Ornii","Estágio":"Não Informado","Segmento":"Software e Cloud","Vertical":"ITTech","Relação com o Mercado":"B2B","Modelo de Negócio":"Software House","Cidade":"Porto Alegre","Região":"Metropolitana e Litoral Norte","Link":"https://orni.com.br/"},"geometry":{"type":"Point","coordinates":[-51.2089887,-30.0368176]}},{"type":"Feature","properties":{"Ambiente":"NÃO INFORMADO","Startup":"Orpee Integrativa","Estágio":"Validação","Segmento":"IA (Inteligência Artificial)","Vertical":"Tech Consultancies","Relação com o Mercado":"B2B","Modelo de Negócio":"Não Informado","Cidade":"Rio Grande","Região":"Sul","Link":"https://www.jessefreitas.com.br/"},"geometry":{"type":"Point","coordinates":[-52.1016953,-32.0407893]}},{"type":"Feature","properties":{"Ambiente":"NÃO INFORMADO","Startup":"Órulo","Estágio":"Crescimento","Segmento":"Software e Cloud","Vertical":"ImobTech","Relação com o Mercado":"B2B","Modelo de Negócio":"SaaS","Cidade":"Porto Alegre","Região":"Metropolitana e Litoral Norte","Link":"https://www.orulo.com.br/"},"geometry":{"type":"Point","coordinates":[-51.2089887,-30.0368176]}},{"type":"Feature","properties":{"Ambiente":"IECBIOT UFRGS","Startup":"Ostera Soluções para Fertilização In Vitro","Estágio":"Validação","Segmento":"Biotecnologia","Vertical":"BioTech","Relação com o Mercado":"B2B","Modelo de Negócio":"Não Informado","Cidade":"Porto Alegre","Região":"Metropolitana e Litoral Norte","Link":"https://ostera.co/"},"geometry":{"type":"Point","coordinates":[-51.2089887,-30.0368176]}},{"type":"Feature","properties":{"Ambiente":"NÃO INFORMADO","Startup":"Oston","Estágio":"Crescimento","Segmento":"Telecomunicação","Vertical":"ITTech","Relação com o Mercado":"B2B","Modelo de Negócio":"Não Informado","Cidade":"Porto Alegre","Região":"Metropolitana e Litoral Norte","Link":"https://oston.io/#performance"},"geometry":{"type":"Point","coordinates":[-51.2089887,-30.0368176]}},{"type":"Feature","properties":{"Ambiente":"NÃO INFORMADO","Startup":"oSucateiro","Estágio":"Crescimento","Segmento":"Engenharia e Indústria Geral","Vertical":"CleanTech","Relação com o Mercado":"B2B e B2C","Modelo de Negócio":"Marketplace","Cidade":"Caxias do Sul","Região":"Serra Gaúcha","Link":"https://osucateiro.com/"},"geometry":{"type":"Point","coordinates":[-51.1812032,-29.1740137]}},{"type":"Feature","properties":{"Ambiente":"NÃO INFORMADO","Startup":"OTIMIZARE Soluções em Engenharia","Estágio":"Escala","Segmento":"Engenharia e Indústria Geral","Vertical":"IndTech","Relação com o Mercado":"B2B","Modelo de Negócio":"Não Informado","Cidade":"São Leopoldo","Região":"Metropolitana e Litoral Norte","Link":"https://www.otimizare.com/"},"geometry":{"type":"Point","coordinates":[-51.1480174,-29.7607417]}},{"type":"Feature","properties":{"Ambiente":"CEI UFRGS","Startup":"Otus Solutions","Estágio":"Crescimento","Segmento":"Saúde e Bem-Estar","Vertical":"HealthTech","Relação com o Mercado":"B2B","Modelo de Negócio":"Software House","Cidade":"Porto Alegre","Região":"Metropolitana e Litoral Norte","Link":"https://otus-solutions.com.br/"},"geometry":{"type":"Point","coordinates":[-51.2089887,-30.0368176]}},{"type":"Feature","properties":{"Ambiente":"STARTS-HCPA","Startup":"Otus Solutions","Estágio":"Crescimento","Segmento":"Saúde e Bem-Estar","Vertical":"HealthTech","Relação com o Mercado":"B2B","Modelo de Negócio":"Software House","Cidade":"Porto Alegre","Região":"Metropolitana e Litoral Norte","Link":"https://otus-solutions.com.br/"},"geometry":{"type":"Point","coordinates":[-51.2089887,-30.0368176]}},{"type":"Feature","properties":{"Ambiente":"NÃO INFORMADO","Startup":"Outsider. Beyond Marketing","Estágio":"Validação","Segmento":"Consultorias e Treinamentos","Vertical":"MarTech","Relação com o Mercado":"B2B","Modelo de Negócio":"Não Informado","Cidade":"Santa Maria","Região":"Central","Link":"https://www.linkedin.com/company/outsider-beyond-marketing"},"geometry":{"type":"Point","coordinates":[-53.7923441,-29.6894984]}},{"type":"Feature","properties":{"Ambiente":"TECNOPUC","Startup":"OvinoPro","Estágio":"Crescimento","Segmento":"Software e Cloud","Vertical":"AgTech","Relação com o Mercado":"B2B","Modelo de Negócio":"SaaS","Cidade":"Porto Alegre","Região":"Metropolitana e Litoral Norte","Link":"https://www.ovinopro.com.br/"},"geometry":{"type":"Point","coordinates":[-51.2089887,-30.0368176]}},{"type":"Feature","properties":{"Ambiente":"VENTIUR","Startup":"OvinoPro","Estágio":"Crescimento","Segmento":"Software e Cloud","Vertical":"AgTech","Relação com o Mercado":"B2B","Modelo de Negócio":"SaaS","Cidade":"Porto Alegre","Região":"Metropolitana e Litoral Norte","Link":"https://www.ovinopro.com.br/"},"geometry":{"type":"Point","coordinates":[-51.2089887,-30.0368176]}},{"type":"Feature","properties":{"Ambiente":"INSTITUTO CALDEIRA","Startup":"OVYVA","Estágio":"Não Informado","Segmento":"IA (Inteligência Artificial)","Vertical":"HealthTech","Relação com o Mercado":"B2B","Modelo de Negócio":"Não Informado","Cidade":"São Leopoldo","Região":"Metropolitana e Litoral Norte","Link":"https://ovyva.com.br/"},"geometry":{"type":"Point","coordinates":[-51.1480174,-29.7607417]}},{"type":"Feature","properties":{"Ambiente":"NÃO INFORMADO","Startup":"OZTRA","Estágio":"Validação","Segmento":"Construção Civil","Vertical":"ConstruTech","Relação com o Mercado":"B2B e B2C","Modelo de Negócio":"Marketplace","Cidade":"Alvorada","Região":"Metropolitana e Litoral Norte","Link":"https://www.oztra.com.br/"},"geometry":{"type":"Point","coordinates":[-51.0784875,-29.9999068]}},{"type":"Feature","properties":{"Ambiente":"NÃO INFORMADO","Startup":"PainelConstru","Estágio":"Crescimento","Segmento":"Comércio e Varejo","Vertical":"ConstruTech","Relação com o Mercado":"B2B e B2G","Modelo de Negócio":"Transação","Cidade":"Porto Alegre","Região":"Metropolitana e Litoral Norte","Link":"https://www.painelconstru.com.br/"},"geometry":{"type":"Point","coordinates":[-51.2089887,-30.0368176]}},{"type":"Feature","properties":{"Ambiente":"INSTITUTO CALDEIRA","Startup":"PAIPE SOFTWARE LTDA","Estágio":"Não Informado","Segmento":"Software e Cloud","Vertical":"ITTech","Relação com o Mercado":"B2B","Modelo de Negócio":"Não Informado","Cidade":"Campo Bom","Região":"Metropolitana e Litoral Norte","Link":"https://paipe.co/"},"geometry":{"type":"Point","coordinates":[-51.0613111,-29.6747831]}},{"type":"Feature","properties":{"Ambiente":"NÃO INFORMADO","Startup":"Palco Inteligência de Mercado","Estágio":"Crescimento","Segmento":"Consultorias e Treinamentos","Vertical":"MarTech","Relação com o Mercado":"B2B","Modelo de Negócio":"Outro","Cidade":"Porto Alegre","Região":"Metropolitana e Litoral Norte","Link":"https://palcointeligencia.com.br/"},"geometry":{"type":"Point","coordinates":[-51.2089887,-30.0368176]}},{"type":"Feature","properties":{"Ambiente":"TECNOPUC","Startup":"Palma Sistemas","Estágio":"Crescimento","Segmento":"Saúde e Bem-Estar","Vertical":"ITTech","Relação com o Mercado":"B2B","Modelo de Negócio":"Licenciamento","Cidade":"Porto Alegre","Região":"Metropolitana e Litoral Norte","Link":"http://www.palmasistemas.com.br/"},"geometry":{"type":"Point","coordinates":[-51.2089887,-30.0368176]}},{"type":"Feature","properties":{"Ambiente":"NÃO INFORMADO","Startup":"Papayas","Estágio":"Crescimento","Segmento":"Comércio e Varejo","Vertical":"FoodTech","Relação com o Mercado":"B2B","Modelo de Negócio":"Serviços Baseados em Taxas","Cidade":"Porto Alegre","Região":"Metropolitana e Litoral Norte","Link":"https://www.papayas.me/"},"geometry":{"type":"Point","coordinates":[-51.2089887,-30.0368176]}},{"type":"Feature","properties":{"Ambiente":"NÃO INFORMADO","Startup":"Paper On","Estágio":"Validação","Segmento":"Consultorias e Treinamentos","Vertical":"FinTech","Relação com o Mercado":"B2B","Modelo de Negócio":"Não Informado","Cidade":"Nova Hartz","Região":"Metropolitana e Litoral Norte","Link":""},"geometry":{"type":"Point","coordinates":[-50.903423,-29.5846755]}},{"type":"Feature","properties":{"Ambiente":"NÃO INFORMADO","Startup":"Parka","Estágio":"Crescimento","Segmento":"Marketing e Publicidade","Vertical":"ITTech","Relação com o Mercado":"B2C","Modelo de Negócio":"Transação","Cidade":"Porto Alegre","Região":"Metropolitana e Litoral Norte","Link":"https://digitalparka.com/"},"geometry":{"type":"Point","coordinates":[-51.2089887,-30.0368176]}},{"type":"Feature","properties":{"Ambiente":"CONECTAR","Startup":"PARTAMON SOLUÇÕES INTEGRADAS PARA MANEJO DE PRAGAS","Estágio":"Validação","Segmento":"Biotecnologia","Vertical":"AgTech","Relação com o Mercado":"B2B2C","Modelo de Negócio":"Outro","Cidade":"Pelotas","Região":"Sul","Link":"https://partamon.com/"},"geometry":{"type":"Point","coordinates":[-52.3313342,-31.7700081]}},{"type":"Feature","properties":{"Ambiente":"INOVABENTO","Startup":"Patty Pedrotty","Estágio":"Crescimento","Segmento":"Estética e Beleza","Vertical":"GreenTech","Relação com o Mercado":"B2C","Modelo de Negócio":"Negócio Socioambiental","Cidade":"Bento Gonçalves","Região":"Serra Gaúcha","Link":"https://www.instagram.com/pattypedrotti/"},"geometry":{"type":"Point","coordinates":[-51.5169861,-29.1667089]}},{"type":"Feature","properties":{"Ambiente":"TECNOPUC","Startup":"Payer","Estágio":"Crescimento","Segmento":"Financeiro","Vertical":"FinTech","Relação com o Mercado":"B2B","Modelo de Negócio":"Marketplace","Cidade":"Porto Alegre","Região":"Metropolitana e Litoral Norte","Link":"https://www.payer.com.br/"},"geometry":{"type":"Point","coordinates":[-51.2089887,-30.0368176]}},{"type":"Feature","properties":{"Ambiente":"VENTIUR","Startup":"Payer","Estágio":"Crescimento","Segmento":"Financeiro","Vertical":"FinTech","Relação com o Mercado":"B2B","Modelo de Negócio":"Marketplace","Cidade":"Porto Alegre","Região":"Metropolitana e Litoral Norte","Link":"https://www.payer.com.br/"},"geometry":{"type":"Point","coordinates":[-51.2089887,-30.0368176]}},{"type":"Feature","properties":{"Ambiente":"NÃO INFORMADO","Startup":"Paynow","Estágio":"Crescimento","Segmento":"Gestão de Negócios e Projetos","Vertical":"FinTech","Relação com o Mercado":"B2B","Modelo de Negócio":"Não Informado","Cidade":"Porto Alegre","Região":"Metropolitana e Litoral Norte","Link":"https://www.linkedin.com/company/paynowbrasil/"},"geometry":{"type":"Point","coordinates":[-51.2089887,-30.0368176]}},{"type":"Feature","properties":{"Ambiente":"NÃO INFORMADO","Startup":"PDM Desenvolvimento de Sistemas","Estágio":"Crescimento","Segmento":"Software e Cloud","Vertical":"ITTech","Relação com o Mercado":"B2B","Modelo de Negócio":"Não Informado","Cidade":"Porto Alegre","Região":"Metropolitana e Litoral Norte","Link":"https://pdm.dev/"},"geometry":{"type":"Point","coordinates":[-51.2089887,-30.0368176]}},{"type":"Feature","properties":{"Ambiente":"NÃO INFORMADO","Startup":"PEÃO DIGITAL","Estágio":"Crescimento","Segmento":"Agronegócio","Vertical":"AgTech","Relação com o Mercado":"B2B","Modelo de Negócio":"Não Informado","Cidade":"Ibirubá","Região":"Central","Link":"https://peao.digital"},"geometry":{"type":"Point","coordinates":[-53.0955785,-28.6307855]}},{"type":"Feature","properties":{"Ambiente":"ITEC PARK UFN","Startup":"Pegadas","Estágio":"Ideação","Segmento":"Outros","Vertical":"Não Informado","Relação com o Mercado":"Não Informado","Modelo de Negócio":"Não Informado","Cidade":"Santa Maria","Região":"Central","Link":""},"geometry":{"type":"Point","coordinates":[-53.7923441,-29.6894984]}},{"type":"Feature","properties":{"Ambiente":"MIRALABS","Startup":"PEI EMAGRECER","Estágio":"Crescimento","Segmento":"Saúde e Bem-Estar","Vertical":"HealthTech","Relação com o Mercado":"B2B2C","Modelo de Negócio":"Licenciamento","Cidade":"Três de Maio","Região":"Noroeste e Missões","Link":"https://peiemagrecer.com.br/ "},"geometry":{"type":"Point","coordinates":[-54.2344607,-27.7841041]}},{"type":"Feature","properties":{"Ambiente":"HORIZONTE FAHOR","Startup":"Pense Inovação","Estágio":"Validação","Segmento":"Gestão de Negócios e Projetos","Vertical":"Inovação Social","Relação com o Mercado":"B2B","Modelo de Negócio":"Economia de Recorrência","Cidade":"Santa Rosa","Região":"Noroeste e Missões","Link":"https://www.instagram.com/penseinovacao/"},"geometry":{"type":"Point","coordinates":[-54.4797042,-27.8700347]}},{"type":"Feature","properties":{"Ambiente":"IECBIOT UFRGS","Startup":"PEP Biolabs","Estágio":"Validação","Segmento":"Pesquisa","Vertical":"BioTech","Relação com o Mercado":"B2B","Modelo de Negócio":"Não Informado","Cidade":"Porto Alegre","Região":"Metropolitana e Litoral Norte","Link":"https://www.pepbiolabs.com/"},"geometry":{"type":"Point","coordinates":[-51.2089887,-30.0368176]}},{"type":"Feature","properties":{"Ambiente":"PULSAR","Startup":"Performance Vegetal","Estágio":"Validação","Segmento":"Agronegócio","Vertical":"AgTech","Relação com o Mercado":"A2A","Modelo de Negócio":"Assinatura","Cidade":"Santa Maria","Região":"Central","Link":"https://www.performancevegetal.com.br/"},"geometry":{"type":"Point","coordinates":[-53.7923441,-29.6894984]}},{"type":"Feature","properties":{"Ambiente":"NÃO INFORMADO","Startup":"Periferia Em Ação","Estágio":"Ideação","Segmento":"Educação e Ensino","Vertical":"Inovação Social","Relação com o Mercado":"B2B e B2C","Modelo de Negócio":"Não Informado","Cidade":"Porto Alegre","Região":"Metropolitana e Litoral Norte","Link":"https://www.instagram.com/periferia_em_acao_?igsh=MXI4b2dxdG1mMng1YQ%3D%3D"},"geometry":{"type":"Point","coordinates":[-51.2089887,-30.0368176]}},{"type":"Feature","properties":{"Ambiente":"NÃO INFORMADO","Startup":"Perimeter AI","Estágio":"Validação","Segmento":"IA (Inteligência Artificial)","Vertical":"Climate Tech","Relação com o Mercado":"B2B e B2G","Modelo de Negócio":"Assinatura","Cidade":"Taquara","Região":"Metropolitana e Litoral Norte","Link":""},"geometry":{"type":"Point","coordinates":[-50.7763602,-29.6516601]}},{"type":"Feature","properties":{"Ambiente":"NÃO INFORMADO","Startup":"PETIOS","Estágio":"Crescimento","Segmento":"Saúde e Bem-Estar","Vertical":"PetTech","Relação com o Mercado":"B2C","Modelo de Negócio":"Não Informado","Cidade":"Rio Grande","Região":"Sul","Link":"https://www.instagram.com/petios.br/"},"geometry":{"type":"Point","coordinates":[-52.1016953,-32.0407893]}},{"type":"Feature","properties":{"Ambiente":"NÃO INFORMADO","Startup":"petsgoclub","Estágio":"Crescimento","Segmento":"Estética e Beleza","Vertical":"PetTech","Relação com o Mercado":"B2C","Modelo de Negócio":"Transação","Cidade":"Porto Alegre","Região":"Metropolitana e Litoral Norte","Link":"https://www.instagram.com/petsgoclub/"},"geometry":{"type":"Point","coordinates":[-51.2089887,-30.0368176]}},{"type":"Feature","properties":{"Ambiente":"NÃO INFORMADO","Startup":"Petwatch","Estágio":"Ideação","Segmento":"Hardware e Eletrônicos","Vertical":"PetTech","Relação com o Mercado":"B2C","Modelo de Negócio":"Não Informado","Cidade":"Passo Fundo","Região":"Produção e Norte","Link":"https://www.instagram.com/petwatchbr/"},"geometry":{"type":"Point","coordinates":[-52.4102752,-28.2622705]}},{"type":"Feature","properties":{"Ambiente":"TECNOPUC","Startup":"Phi","Estágio":"Crescimento","Segmento":"Financeiro","Vertical":"FinTech","Relação com o Mercado":"B2B","Modelo de Negócio":"SaaS","Cidade":"São Leopoldo","Região":"Metropolitana e Litoral Norte","Link":"https://phihc.com/"},"geometry":{"type":"Point","coordinates":[-51.1480174,-29.7607417]}},{"type":"Feature","properties":{"Ambiente":"TECNOSINOS","Startup":"Phi","Estágio":"Crescimento","Segmento":"Financeiro","Vertical":"FinTech","Relação com o Mercado":"B2B","Modelo de Negócio":"SaaS","Cidade":"São Leopoldo","Região":"Metropolitana e Litoral Norte","Link":"https://phihc.com/"},"geometry":{"type":"Point","coordinates":[-51.1480174,-29.7607417]}},{"type":"Feature","properties":{"Ambiente":"NÃO INFORMADO","Startup":"PHYCEA COSMETICOS","Estágio":"Crescimento","Segmento":"Comércio e Varejo","Vertical":"BeautyTech","Relação com o Mercado":"B2B e B2C","Modelo de Negócio":"Não Informado","Cidade":"Campo Bom","Região":"Metropolitana e Litoral Norte","Link":"https://www.linkedin.com/company/phycea-cosm%C3%A9ticos/"},"geometry":{"type":"Point","coordinates":[-51.0613111,-29.6747831]}},{"type":"Feature","properties":{"Ambiente":"IATI-FEMA","Startup":"Pic nic Baby Shop","Estágio":"Crescimento","Segmento":"Comércio e Varejo","Vertical":"RetailTech","Relação com o Mercado":"B2C","Modelo de Negócio":"E-commerce","Cidade":"Santa Rosa","Região":"Noroeste e Missões","Link":"https://www.picnicbabyshop.com.br/"},"geometry":{"type":"Point","coordinates":[-54.4797042,-27.8700347]}},{"type":"Feature","properties":{"Ambiente":"INSTITUTO CALDEIRA","Startup":"Picnut","Estágio":"Não Informado","Segmento":"Marketing e Publicidade","Vertical":"MarTech","Relação com o Mercado":"B2B","Modelo de Negócio":"Assinatura","Cidade":"Porto Alegre","Região":"Metropolitana e Litoral Norte","Link":"https://picnut.com.br/"},"geometry":{"type":"Point","coordinates":[-51.2089887,-30.0368176]}},{"type":"Feature","properties":{"Ambiente":"NÃO INFORMADO","Startup":"Piipee","Estágio":"Crescimento","Segmento":"Meio Ambiente e Sustentabilidade","Vertical":"CleanTech","Relação com o Mercado":"B2C","Modelo de Negócio":"E-commerce","Cidade":"Caxias do Sul","Região":"Serra Gaúcha","Link":"https://www.piipee.com.br/"},"geometry":{"type":"Point","coordinates":[-51.1812032,-29.1740137]}},{"type":"Feature","properties":{"Ambiente":"NÃO INFORMADO","Startup":"PIPAC Brasil","Estágio":"Escala","Segmento":"IA (Inteligência Artificial)","Vertical":"HealthTech","Relação com o Mercado":"B2B","Modelo de Negócio":"Não Informado","Cidade":"Porto Alegre","Região":"Metropolitana e Litoral Norte","Link":"https://www.pipacbrasil.com.br/"},"geometry":{"type":"Point","coordinates":[-51.2089887,-30.0368176]}},{"type":"Feature","properties":{"Ambiente":"NÃO INFORMADO","Startup":"Pipar","Estágio":"Ideação","Segmento":"Consultorias e Treinamentos","Vertical":"SalesTech","Relação com o Mercado":"B2B","Modelo de Negócio":"Não Informado","Cidade":"Pelotas","Região":"Sul","Link":"https://pipar.com.br/"},"geometry":{"type":"Point","coordinates":[-52.3313342,-31.7700081]}},{"type":"Feature","properties":{"Ambiente":"INSTITUTO CALDEIRA","Startup":"PIPERUN","Estágio":"Não Informado","Segmento":"Software e Cloud","Vertical":"MarTech","Relação com o Mercado":"B2B","Modelo de Negócio":"Não Informado","Cidade":"Porto Alegre","Região":"Metropolitana e Litoral Norte","Link":"https://crmpiperun.com/"},"geometry":{"type":"Point","coordinates":[-51.2089887,-30.0368176]}},{"type":"Feature","properties":{"Ambiente":"INSTITUTO CALDEIRA","Startup":"PIPERZ","Estágio":"Não Informado","Segmento":"Engenharia e Indústria Geral","Vertical":"ConstruTech","Relação com o Mercado":"B2B","Modelo de Negócio":"SaaS","Cidade":"Porto Alegre","Região":"Metropolitana e Litoral Norte","Link":"https://piperz.io/"},"geometry":{"type":"Point","coordinates":[-51.2089887,-30.0368176]}},{"type":"Feature","properties":{"Ambiente":"TECNOPUC","Startup":"Pivot app","Estágio":"Validação","Segmento":"Esportes","Vertical":"ITTech","Relação com o Mercado":"B2B2C","Modelo de Negócio":"Assinatura","Cidade":"Porto Alegre","Região":"Metropolitana e Litoral Norte","Link":"http://www.pivotapp.com.br"},"geometry":{"type":"Point","coordinates":[-51.2089887,-30.0368176]}},{"type":"Feature","properties":{"Ambiente":"NÃO INFORMADO","Startup":"Pivot contabilidade","Estágio":"Crescimento","Segmento":"Consultorias e Treinamentos","Vertical":"RegTech","Relação com o Mercado":"B2B","Modelo de Negócio":"Não Informado","Cidade":"Santa Cruz do Sul","Região":"Região dos Vales","Link":"https://pivotcontabilidadedigital.com.br/"},"geometry":{"type":"Point","coordinates":[-52.4358285,-29.7240622]}},{"type":"Feature","properties":{"Ambiente":"INSTITUTO CALDEIRA","Startup":"Pix Force","Estágio":"Escala","Segmento":"IA (Inteligência Artificial)","Vertical":"IndTech","Relação com o Mercado":"B2B","Modelo de Negócio":"Assinatura","Cidade":"Porto Alegre","Região":"Metropolitana e Litoral Norte","Link":"https://pixforce.ai/"},"geometry":{"type":"Point","coordinates":[-51.2089887,-30.0368176]}},{"type":"Feature","properties":{"Ambiente":"VENTIUR","Startup":"Pix Force","Estágio":"Escala","Segmento":"IA (Inteligência Artificial)","Vertical":"IndTech","Relação com o Mercado":"B2B","Modelo de Negócio":"Assinatura","Cidade":"Porto Alegre","Região":"Metropolitana e Litoral Norte","Link":"https://pixforce.com.br/"},"geometry":{"type":"Point","coordinates":[-51.2089887,-30.0368176]}},{"type":"Feature","properties":{"Ambiente":"VENTIUR","Startup":"Pix Midia","Estágio":"Escala","Segmento":"Comunicação","Vertical":"HRTech","Relação com o Mercado":"B2B","Modelo de Negócio":"SaaS","Cidade":"Esteio","Região":"Metropolitana e Litoral Norte","Link":"https://pixmidia.com.br/"},"geometry":{"type":"Point","coordinates":[-51.1745813,-29.8464418]}},{"type":"Feature","properties":{"Ambiente":"NÃO INFORMADO","Startup":"PIXAPAY TECNOLOGIA DE PAGAMENTOS LTDA","Estágio":"Escala","Segmento":"Financeiro","Vertical":"FinTech","Relação com o Mercado":"B2B e B2C","Modelo de Negócio":"SaaS","Cidade":"Anta Gorda","Região":"Região dos Vales","Link":"https://www.linkedin.com/in/douglas-colombo-2a0718239/"},"geometry":{"type":"Point","coordinates":[-52.0053823,-28.9723369]}},{"type":"Feature","properties":{"Ambiente":"CRIATEC UNIJUÍ","Startup":"PLANATECH TECNOLOGIA","Estágio":"Escala","Segmento":"Agronegócio","Vertical":"AgTech","Relação com o Mercado":"B2B","Modelo de Negócio":"SaaS","Cidade":"Santa Rosa","Região":"Noroeste e Missões","Link":"https://planatech.com.br/"},"geometry":{"type":"Point","coordinates":[-54.4797042,-27.8700347]}},{"type":"Feature","properties":{"Ambiente":"CRIATEC UNIJUÍ","Startup":"Planejar Marketing de Resultados","Estágio":"Crescimento","Segmento":"Marketing e Publicidade","Vertical":"MarTech","Relação com o Mercado":"B2B","Modelo de Negócio":"Serviços Baseados em Taxas","Cidade":"Ijuí","Região":"Noroeste e Missões","Link":"https://planejarmkt.com.br/"},"geometry":{"type":"Point","coordinates":[-53.9220126,-28.3891409]}},{"type":"Feature","properties":{"Ambiente":"NÃO INFORMADO","Startup":"Planest","Estágio":"Ideação","Segmento":"Software e Cloud","Vertical":"Tech Consultancies","Relação com o Mercado":"B2B","Modelo de Negócio":"Não Informado","Cidade":"Flores da Cunha","Região":"Serra Gaúcha","Link":"https://www.planest.com.br/"},"geometry":{"type":"Point","coordinates":[-51.1814301,-29.0293699]}},{"type":"Feature","properties":{"Ambiente":"VERSO HABITAT","Startup":"Planne","Estágio":"Crescimento","Segmento":"Software e Cloud","Vertical":"TurisTech","Relação com o Mercado":"B2B e B2G","Modelo de Negócio":"SaaS","Cidade":"Gramado","Região":"Serra Gaúcha","Link":"https://www.planne.com.br/"},"geometry":{"type":"Point","coordinates":[-50.876435,-29.3745686]}},{"type":"Feature","properties":{"Ambiente":"TECNOUNISC","Startup":"Plantar Juntos","Estágio":"Crescimento","Segmento":"Agronegócio","Vertical":"AgTech","Relação com o Mercado":"B2C","Modelo de Negócio":"Economia Circular","Cidade":"Santa Cruz do Sul","Região":"Região dos Vales","Link":"https://www.instagram.com/plantar.juntos/"},"geometry":{"type":"Point","coordinates":[-52.4358285,-29.7240622]}},{"type":"Feature","properties":{"Ambiente":"INSTITUTO CALDEIRA","Startup":"PLANTON","Estágio":"Não Informado","Segmento":"Meio Ambiente e Sustentabilidade","Vertical":"EsgTech","Relação com o Mercado":"B2B","Modelo de Negócio":"Não Informado","Cidade":"Porto Alegre","Região":"Metropolitana e Litoral Norte","Link":"https://www.planton.eco.br/"},"geometry":{"type":"Point","coordinates":[-51.2089887,-30.0368176]}},{"type":"Feature","properties":{"Ambiente":"NÃO INFORMADO","Startup":"Plataforma 36z","Estágio":"Validação","Segmento":"TI (Tecnologia da Informação)","Vertical":"ImobTech","Relação com o Mercado":"B2B","Modelo de Negócio":"Não Informado","Cidade":"Porto Alegre","Região":"Metropolitana e Litoral Norte","Link":"https://www.plataforma36z.com.br/"},"geometry":{"type":"Point","coordinates":[-51.2089887,-30.0368176]}},{"type":"Feature","properties":{"Ambiente":"NÃO INFORMADO","Startup":"Plataforma Sintonia","Estágio":"Validação","Segmento":"Software e Cloud","Vertical":"HRTech","Relação com o Mercado":"B2B","Modelo de Negócio":"Não Informado","Cidade":"Ijuí","Região":"Noroeste e Missões","Link":"https://www.optimizebpm.com.br/solucoes/plataforma-sintonia"},"geometry":{"type":"Point","coordinates":[-53.9220126,-28.3891409]}},{"type":"Feature","properties":{"Ambiente":"NÃO INFORMADO","Startup":"Platformed","Estágio":"Não Informado","Segmento":"Não Informado","Vertical":"Não Informado","Relação com o Mercado":"Não Informado","Modelo de Negócio":"Não Informado","Cidade":"Santa Maria","Região":"Central","Link":""},"geometry":{"type":"Point","coordinates":[-53.7923441,-29.6894984]}},{"type":"Feature","properties":{"Ambiente":"NÃO INFORMADO","Startup":"Play Delivery","Estágio":"Escala","Segmento":"Comércio e Varejo","Vertical":"LogTech","Relação com o Mercado":"B2C","Modelo de Negócio":"Marketplace","Cidade":"Porto Alegre","Região":"Metropolitana e Litoral Norte","Link":"https://www.linkedin.com/company/play-delivery/"},"geometry":{"type":"Point","coordinates":[-51.2089887,-30.0368176]}},{"type":"Feature","properties":{"Ambiente":"IATI-FEMA","Startup":"Play2Make","Estágio":"Escala","Segmento":"Entretenimento, Jogos e Gamificação","Vertical":"VR/AR Tech","Relação com o Mercado":"B2B e B2C","Modelo de Negócio":"SaaS","Cidade":"Santa Rosa","Região":"Noroeste e Missões","Link":"https://www.play2make.com/"},"geometry":{"type":"Point","coordinates":[-54.4797042,-27.8700347]}},{"type":"Feature","properties":{"Ambiente":"NÃO INFORMADO","Startup":"PlenaSim","Estágio":"Validação","Segmento":"Saúde e Bem-Estar","Vertical":"HealthTech","Relação com o Mercado":"B2B e B2C","Modelo de Negócio":"Marketplace","Cidade":"Porto Alegre","Região":"Metropolitana e Litoral Norte","Link":"https://www.plenasim.com.br/"},"geometry":{"type":"Point","coordinates":[-51.2089887,-30.0368176]}},{"type":"Feature","properties":{"Ambiente":"NÃO INFORMADO","Startup":"Plick Soluções Contábeis","Estágio":"Crescimento","Segmento":"Software e Cloud","Vertical":"FinTech","Relação com o Mercado":"B2B","Modelo de Negócio":"Assinatura","Cidade":"Porto Alegre","Região":"Metropolitana e Litoral Norte","Link":"https://plicksolucoes.com.br/"},"geometry":{"type":"Point","coordinates":[-51.2089887,-30.0368176]}},{"type":"Feature","properties":{"Ambiente":"NÃO INFORMADO","Startup":"PLURAL CURSOS","Estágio":"Escala","Segmento":"RH e Coaching","Vertical":"EdTech","Relação com o Mercado":"B2B e B2C","Modelo de Negócio":"Não Informado","Cidade":"Porto Alegre","Região":"Metropolitana e Litoral Norte","Link":"https://www.pluraledu.com.br"},"geometry":{"type":"Point","coordinates":[-51.2089887,-30.0368176]}},{"type":"Feature","properties":{"Ambiente":"TECNOVATES","Startup":"PMETRIC SYSTEM","Estágio":"Validação","Segmento":"IoT (Internet das Coisas)","Vertical":"Smart City","Relação com o Mercado":"B2B","Modelo de Negócio":"Software House","Cidade":"Lajeado","Região":"Região dos Vales","Link":"https://pmetric.com.br/"},"geometry":{"type":"Point","coordinates":[-51.9679026,-29.4606311]}},{"type":"Feature","properties":{"Ambiente":"NÃO INFORMADO","Startup":"PMP Alimento Importa","Estágio":"Validação","Segmento":"Alimentos e Bebidas","Vertical":"Foodtech","Relação com o Mercado":"B2C","Modelo de Negócio":"Assinatura","Cidade":"Porto Alegre","Região":"Metropolitana e Litoral Norte","Link":"https://www.somospmp.com.br/quem-somos"},"geometry":{"type":"Point","coordinates":[-51.2089887,-30.0368176]}},{"type":"Feature","properties":{"Ambiente":"NÃO INFORMADO","Startup":"Podange Smart Wear","Estágio":"Crescimento","Segmento":"Comércio e Varejo","Vertical":"FashionTech","Relação com o Mercado":"B2C","Modelo de Negócio":"E-commerce","Cidade":"Lajeado","Região":"Região dos Vales","Link":"https://www.podange.com.br/"},"geometry":{"type":"Point","coordinates":[-51.9679026,-29.4606311]}},{"type":"Feature","properties":{"Ambiente":"TECNOPUC","Startup":"PolimiHealth","Estágio":"Ideação","Segmento":"Educação e Ensino","Vertical":"EdTech","Relação com o Mercado":"B2B e B2C","Modelo de Negócio":"Outro","Cidade":"Porto Alegre","Região":"Metropolitana e Litoral Norte","Link":"http://www.medmonitor.com.br/"},"geometry":{"type":"Point","coordinates":[-51.2089887,-30.0368176]}},{"type":"Feature","properties":{"Ambiente":"INSTITUTO CALDEIRA","Startup":"Postmetria","Estágio":"Escala","Segmento":"Marketing e Publicidade","Vertical":"MediaTech","Relação com o Mercado":"B2B","Modelo de Negócio":"Não Informado","Cidade":"Porto Alegre","Região":"Metropolitana e Litoral Norte","Link":"https://postmetria.com.br/"},"geometry":{"type":"Point","coordinates":[-51.2089887,-30.0368176]}},{"type":"Feature","properties":{"Ambiente":"VENTIUR","Startup":"Postmetria","Estágio":"Escala","Segmento":"Marketing e Publicidade","Vertical":"MediaTech","Relação com o Mercado":"B2B","Modelo de Negócio":"Não Informado","Cidade":"Porto Alegre","Região":"Metropolitana e Litoral Norte","Link":"https://postmetria.com.br/"},"geometry":{"type":"Point","coordinates":[-51.2089887,-30.0368176]}},{"type":"Feature","properties":{"Ambiente":"TECNOSINOS","Startup":"POTABIL","Estágio":"Validação","Segmento":"Biotecnologia","Vertical":"CleanTech","Relação com o Mercado":"B2B e B2C","Modelo de Negócio":"Não Informado","Cidade":"São Leopoldo","Região":"Metropolitana e Litoral Norte","Link":"https://www.linkedin.com/company/potabil/?originalSubdomain=br"},"geometry":{"type":"Point","coordinates":[-51.1480174,-29.7607417]}},{"type":"Feature","properties":{"Ambiente":"NÃO INFORMADO","Startup":"Potenciologia","Estágio":"Ideação","Segmento":"Produtividade","Vertical":"HRTech","Relação com o Mercado":"B2B e B2G","Modelo de Negócio":"SaaS","Cidade":"Nova Petrópolis","Região":"Serra Gaúcha","Link":"https://potenciologia.com.br/"},"geometry":{"type":"Point","coordinates":[-51.1118952,-29.3766026]}},{"type":"Feature","properties":{"Ambiente":"PRADOTECH","Startup":"PRAKARANGA","Estágio":"Crescimento","Segmento":"Automotivo","Vertical":"AutoTech","Relação com o Mercado":"B2B e B2C","Modelo de Negócio":"Marketplace","Cidade":"Gravataí","Região":"Metropolitana e Litoral Norte","Link":"https://prakaranga.com.br/"},"geometry":{"type":"Point","coordinates":[-50.9947529,-29.9398869]}},{"type":"Feature","properties":{"Ambiente":"SMICT GRAVATAÍ","Startup":"PRAKARANGA","Estágio":"Crescimento","Segmento":"Automotivo","Vertical":"AutoTech","Relação com o Mercado":"B2B e B2C","Modelo de Negócio":"Marketplace","Cidade":"Gravataí","Região":"Metropolitana e Litoral Norte","Link":"https://prakaranga.com.br/"},"geometry":{"type":"Point","coordinates":[-50.9947529,-29.9398869]}},{"type":"Feature","properties":{"Ambiente":"NÃO INFORMADO","Startup":"Pralike","Estágio":"Crescimento","Segmento":"Marketing e Publicidade","Vertical":"MarTech","Relação com o Mercado":"B2B","Modelo de Negócio":"Não Informado","Cidade":"Caxias do Sul","Região":"Serra Gaúcha","Link":"https://www.pralike.com.br/"},"geometry":{"type":"Point","coordinates":[-51.1812032,-29.1740137]}},{"type":"Feature","properties":{"Ambiente":"NÃO INFORMADO","Startup":"Prax","Estágio":"Ideação","Segmento":"Analytics","Vertical":"RetailTech","Relação com o Mercado":"B2B","Modelo de Negócio":"Assinatura","Cidade":"Porto Alegre","Região":"Metropolitana e Litoral Norte","Link":"https://www.prax.ai/"},"geometry":{"type":"Point","coordinates":[-51.2089887,-30.0368176]}},{"type":"Feature","properties":{"Ambiente":"VENTIUR","Startup":"Prediza","Estágio":"Crescimento","Segmento":"Agronegócio","Vertical":"AgTech","Relação com o Mercado":"B2B","Modelo de Negócio":"SaaS","Cidade":"Caxias do Sul","Região":"Serra Gaúcha","Link":"https://prediza.io/"},"geometry":{"type":"Point","coordinates":[-51.1812032,-29.1740137]}},{"type":"Feature","properties":{"Ambiente":"VENTIUR","Startup":"Prema Car","Estágio":"Validação","Segmento":"Automotivo","Vertical":"AutoTech","Relação com o Mercado":"B2C","Modelo de Negócio":"Assinatura","Cidade":"Porto Alegre","Região":"Metropolitana e Litoral Norte","Link":"https://premacar.com.br/"},"geometry":{"type":"Point","coordinates":[-51.2089887,-30.0368176]}},{"type":"Feature","properties":{"Ambiente":"NÃO INFORMADO","Startup":"Pressurizador de bolas de esporte de raquete","Estágio":"Ideação","Segmento":"Esportes","Vertical":"HardTech","Relação com o Mercado":"B2C","Modelo de Negócio":"Outro","Cidade":"Pelotas","Região":"Sul","Link":"https://www.linkedin.com/in/rodrigomadureira/"},"geometry":{"type":"Point","coordinates":[-52.3313342,-31.7700081]}},{"type":"Feature","properties":{"Ambiente":"ITEC/UCS","Startup":"Prevenir-se","Estágio":"Não Informado","Segmento":"Saúde e Bem-Estar","Vertical":"HealthTech","Relação com o Mercado":"B2G","Modelo de Negócio":"Não Informado","Cidade":"Caxias do Sul","Região":"Serra Gaúcha","Link":""},"geometry":{"type":"Point","coordinates":[-51.1812032,-29.1740137]}},{"type":"Feature","properties":{"Ambiente":"NÃO INFORMADO","Startup":"Previdenciarista","Estágio":"Escala","Segmento":"Software e Cloud","Vertical":"LawTech","Relação com o Mercado":"B2B e B2C","Modelo de Negócio":"Assinatura","Cidade":"Porto Alegre","Região":"Metropolitana e Litoral Norte","Link":"https://previdenciarista.com/"},"geometry":{"type":"Point","coordinates":[-51.2089887,-30.0368176]}},{"type":"Feature","properties":{"Ambiente":"INSTITUTO CALDEIRA","Startup":"PREVLAW","Estágio":"Não Informado","Segmento":"Jurídico","Vertical":"LawTech","Relação com o Mercado":"B2C","Modelo de Negócio":"Assinatura","Cidade":"Santa Maria","Região":"Central","Link":"https://www.prevlaw.com/"},"geometry":{"type":"Point","coordinates":[-53.7923441,-29.6894984]}},{"type":"Feature","properties":{"Ambiente":"NÃO INFORMADO","Startup":"Prime Tecnologia","Estágio":"Não Informado","Segmento":"Software e Cloud","Vertical":"GovTech","Relação com o Mercado":"B2G","Modelo de Negócio":"Não Informado","Cidade":"Taquara","Região":"Metropolitana e Litoral Norte","Link":"https://primetecnologia.net.br/"},"geometry":{"type":"Point","coordinates":[-50.7763602,-29.6516601]}},{"type":"Feature","properties":{"Ambiente":"NÃO INFORMADO","Startup":"Print Up 3d","Estágio":"Crescimento","Segmento":"Serviços","Vertical":"IndTech","Relação com o Mercado":"B2B","Modelo de Negócio":"Transação","Cidade":"Porto Alegre","Região":"Metropolitana e Litoral Norte","Link":"https://printup3d.com/"},"geometry":{"type":"Point","coordinates":[-51.2089887,-30.0368176]}},{"type":"Feature","properties":{"Ambiente":"NÃO INFORMADO","Startup":"Privacidade Oculta","Estágio":"Ideação","Segmento":"Consultorias e Treinamentos","Vertical":"Lawtech","Relação com o Mercado":"B2B e B2C","Modelo de Negócio":"Não Informado","Cidade":"Santa Maria","Região":"Central","Link":"https://www.ufn.edu.br/site/inovacao/ambiente-de-inovacao/startups"},"geometry":{"type":"Point","coordinates":[-53.7923441,-29.6894984]}},{"type":"Feature","properties":{"Ambiente":"NÃO INFORMADO","Startup":"Privacy Tools","Estágio":"Escala","Segmento":"Software e Cloud","Vertical":"RegTech","Relação com o Mercado":"B2B","Modelo de Negócio":"Não Informado","Cidade":"Porto Alegre","Região":"Metropolitana e Litoral Norte","Link":"https://www.privacytools.com.br/"},"geometry":{"type":"Point","coordinates":[-51.2089887,-30.0368176]}},{"type":"Feature","properties":{"Ambiente":"TECNOVATES","Startup":"Próbios Agroindústria de Derivados Lácteos","Estágio":"Crescimento","Segmento":"Alimentos e Bebidas","Vertical":"FoodTech","Relação com o Mercado":"B2B","Modelo de Negócio":"Transação","Cidade":"Lajeado","Região":"Região dos Vales","Link":"https://instagram.com/probioskefiresaude?igshid=YmMyMTA2M2Y="},"geometry":{"type":"Point","coordinates":[-51.9679026,-29.4606311]}},{"type":"Feature","properties":{"Ambiente":"UALL","Startup":"ProbY: Plataforma Global de Problemas Globais","Estágio":"Validação","Segmento":"TI (Tecnologia da Informação)","Vertical":"Inovação Social","Relação com o Mercado":"B2C","Modelo de Negócio":"Crowdfunding","Cidade":"Bagé","Região":"Campanha e Fronteira Oeste","Link":"https://proby.online"},"geometry":{"type":"Point","coordinates":[-54.1065079,-31.3332251]}},{"type":"Feature","properties":{"Ambiente":"NÃO INFORMADO","Startup":"ProdutivoApp","Estágio":"Crescimento","Segmento":"Software e Cloud","Vertical":"HRTech","Relação com o Mercado":"B2B","Modelo de Negócio":"Transação","Cidade":"Porto Alegre","Região":"Metropolitana e Litoral Norte","Link":"https://www.produtivoapp.com.br/index.html"},"geometry":{"type":"Point","coordinates":[-51.2089887,-30.0368176]}},{"type":"Feature","properties":{"Ambiente":"INSTITUTO CALDEIRA","Startup":"PROGUEST","Estágio":"Não Informado","Segmento":"Engenharia e Indústria Geral","Vertical":"ConstruTech","Relação com o Mercado":"B2B","Modelo de Negócio":"Não Informado","Cidade":"Porto Alegre","Região":"Metropolitana e Litoral Norte","Link":"https://www.vivermyway.com.br/reservas-corporativas/"},"geometry":{"type":"Point","coordinates":[-51.2089887,-30.0368176]}},{"type":"Feature","properties":{"Ambiente":"TECNOUNISC","Startup":"Projeto Viradeira Compacta","Estágio":"Ideação","Segmento":"Agronegócio","Vertical":"AgTech","Relação com o Mercado":"B2B","Modelo de Negócio":"Licenciamento","Cidade":"Montenegro","Região":"Metropolitana e Litoral Norte","Link":"https://online.unisc.br/seer/index.php/jovenspesquisadores/article/view/19236"},"geometry":{"type":"Point","coordinates":[-51.4680471,-29.6816904]}},{"type":"Feature","properties":{"Ambiente":"TECNOVATES","Startup":"Prontu","Estágio":"Validação","Segmento":"Saúde e Bem-Estar","Vertical":"HealthTech","Relação com o Mercado":"B2C","Modelo de Negócio":"SaaS","Cidade":"Lajeado","Região":"Região dos Vales","Link":""},"geometry":{"type":"Point","coordinates":[-51.9679026,-29.4606311]}},{"type":"Feature","properties":{"Ambiente":"VIBEE UNIMED","Startup":"Prontu Saúde","Estágio":"Validação","Segmento":"Saúde e Bem-Estar","Vertical":"HealthTech","Relação com o Mercado":"B2C","Modelo de Negócio":"Assinatura","Cidade":"Estrela","Região":"Região dos Vales","Link":"https://prontu.mydurable.com/unpublished"},"geometry":{"type":"Point","coordinates":[-51.9543602,-29.4870271]}},{"type":"Feature","properties":{"Ambiente":"NÃO INFORMADO","Startup":"Prontuário Verde","Estágio":"Crescimento","Segmento":"Software e Cloud","Vertical":"HealthTech","Relação com o Mercado":"B2B","Modelo de Negócio":"Não Informado","Cidade":"São Leopoldo","Região":"Metropolitana e Litoral Norte","Link":"https://prontuarioverde.com.br/"},"geometry":{"type":"Point","coordinates":[-51.1480174,-29.7607417]}},{"type":"Feature","properties":{"Ambiente":"TECNOPUC","Startup":"ProspectaBio","Estágio":"Crescimento","Segmento":"Biotecnologia","Vertical":"AgTech","Relação com o Mercado":"B2B","Modelo de Negócio":"Outro","Cidade":"Porto Alegre","Região":"Metropolitana e Litoral Norte","Link":"https://www.prospectabio.com.br/"},"geometry":{"type":"Point","coordinates":[-51.2089887,-30.0368176]}},{"type":"Feature","properties":{"Ambiente":"ITEC/UCS","Startup":"Protagonizza","Estágio":"Não Informado","Segmento":"Software e Cloud","Vertical":"Inovação Social","Relação com o Mercado":"B2C","Modelo de Negócio":"Não Informado","Cidade":"Caxias do Sul","Região":"Serra Gaúcha","Link":"https://www.ucs.br/site/noticias/aplicativo-desenvolvido-no-programa-startucs-inspira-o-protagonismo-feminino/"},"geometry":{"type":"Point","coordinates":[-51.1812032,-29.1740137]}},{"type":"Feature","properties":{"Ambiente":"LAB FECOMÉRCIO-RS","Startup":"Protege Química Comércio de EPIs LTDA","Estágio":"Crescimento","Segmento":"Agronegócio","Vertical":"AgTech","Relação com o Mercado":"B2B2C","Modelo de Negócio":"Outro","Cidade":"Santa Cruz do Sul","Região":"Região dos Vales","Link":"https://linktr.ee/protegequimica"},"geometry":{"type":"Point","coordinates":[-52.4358285,-29.7240622]}},{"type":"Feature","properties":{"Ambiente":"TECNOUNISC","Startup":"Protege Química Comércio de EPIs LTDA","Estágio":"Crescimento","Segmento":"Agronegócio","Vertical":"AgTech","Relação com o Mercado":"B2B2C","Modelo de Negócio":"Outro","Cidade":"Santa Cruz do Sul","Região":"Região dos Vales","Link":"https://www.instagram.com/protegequimica/"},"geometry":{"type":"Point","coordinates":[-52.4358285,-29.7240622]}},{"type":"Feature","properties":{"Ambiente":"NÃO INFORMADO","Startup":"ProtocoloDoc","Estágio":"Crescimento","Segmento":"Saúde e Bem-Estar","Vertical":"HealthTech","Relação com o Mercado":"B2B2C","Modelo de Negócio":"Advertising","Cidade":"Pelotas","Região":"Sul","Link":"https://protocolodoc.com.br/"},"geometry":{"type":"Point","coordinates":[-52.3313342,-31.7700081]}},{"type":"Feature","properties":{"Ambiente":"NÃO INFORMADO","Startup":"PSestudio","Estágio":"Crescimento","Segmento":"Entretenimento, Jogos e Gamificação","Vertical":"FunTech","Relação com o Mercado":"B2C","Modelo de Negócio":"Não Informado","Cidade":"Porto Alegre","Região":"Metropolitana e Litoral Norte","Link":"https://www.instagram.com/psestudio_/"},"geometry":{"type":"Point","coordinates":[-51.2089887,-30.0368176]}},{"type":"Feature","properties":{"Ambiente":"NÃO INFORMADO","Startup":"Psique Brasil","Estágio":"Validação","Segmento":"Saúde e Bem-Estar","Vertical":"HealthTech","Relação com o Mercado":"B2B e B2C","Modelo de Negócio":"Não Informado","Cidade":"Porto Alegre","Região":"Metropolitana e Litoral Norte","Link":"https://www.psiquers.com/"},"geometry":{"type":"Point","coordinates":[-51.2089887,-30.0368176]}},{"type":"Feature","properties":{"Ambiente":"VERSO HABITAT","Startup":"Pulga Mobi","Estágio":"Escala","Segmento":"Mobilidade","Vertical":"MobTech","Relação com o Mercado":"B2B e B2C","Modelo de Negócio":"Não Informado","Cidade":"Gramado","Região":"Serra Gaúcha","Link":"https://www.instagram.com/pulga.mobi/"},"geometry":{"type":"Point","coordinates":[-50.876435,-29.3745686]}},{"type":"Feature","properties":{"Ambiente":"NÃO INFORMADO","Startup":"PURA - Regenerative Cultures & Nature-based Solutions","Estágio":"Crescimento","Segmento":"Meio Ambiente e Sustentabilidade","Vertical":"AgTech","Relação com o Mercado":"B2B","Modelo de Negócio":"Não Informado","Cidade":"Porto Alegre","Região":"Metropolitana e Litoral Norte","Link":"https://www.linkedin.com/company/pura-regenerative-cultures-nature-based-solutions"},"geometry":{"type":"Point","coordinates":[-51.2089887,-30.0368176]}},{"type":"Feature","properties":{"Ambiente":"CIEMSUL","Startup":"PURE-AGUÁ MINERAL SUSTENTÁVEL","Estágio":"Ideação","Segmento":"Meio Ambiente e Sustentabilidade","Vertical":"SustenTech","Relação com o Mercado":"B2C","Modelo de Negócio":"Negócio Socioambiental","Cidade":"Pelotas","Região":"Sul","Link":"https://pelotasparquetecnologico.com.br/ecossistema/ecossistema-ciemsul/"},"geometry":{"type":"Point","coordinates":[-52.3313342,-31.7700081]}},{"type":"Feature","properties":{"Ambiente":"TECNOPUC","Startup":"PureAI","Estágio":"Validação","Segmento":"IA (Inteligência Artificial)","Vertical":"ITTech","Relação com o Mercado":"B2B","Modelo de Negócio":"SaaS","Cidade":"Porto Alegre","Região":"Metropolitana e Litoral Norte","Link":"https://www.psiquers.com/"},"geometry":{"type":"Point","coordinates":[-51.2089887,-30.0368176]}},{"type":"Feature","properties":{"Ambiente":"TECNOURI","Startup":"Pyp System LTDA","Estágio":"Validação","Segmento":"Software e Cloud","Vertical":"ITTech","Relação com o Mercado":"B2B2C","Modelo de Negócio":"Custo por Aquisição","Cidade":"Santo Ângelo","Região":"Noroeste e Missões","Link":"https://pypsystem.com"},"geometry":{"type":"Point","coordinates":[-54.2658317,-28.3001866]}},{"type":"Feature","properties":{"Ambiente":"PULSAR","Startup":"Qiron Education","Estágio":"Validação","Segmento":"Robótica","Vertical":"RoboticsTech","Relação com o Mercado":"B2B e B2G","Modelo de Negócio":"Assinatura","Cidade":"Santa Maria","Região":"Central","Link":"https://qironrobotics.com/"},"geometry":{"type":"Point","coordinates":[-53.7923441,-29.6894984]}},{"type":"Feature","properties":{"Ambiente":"TECNOVATES","Startup":"QODO SOLUCOES SUSTENTAVEIS","Estágio":"Validação","Segmento":"Meio Ambiente e Sustentabilidade","Vertical":"CleanTech","Relação com o Mercado":"B2B","Modelo de Negócio":"Negócio Socioambiental","Cidade":"Lajeado","Região":"Região dos Vales","Link":""},"geometry":{"type":"Point","coordinates":[-51.9679026,-29.4606311]}},{"type":"Feature","properties":{"Ambiente":"PULSAR","Startup":"QP Mudas","Estágio":"Crescimento","Segmento":"Agronegócio","Vertical":"AgTech","Relação com o Mercado":"A2A","Modelo de Negócio":"Custo por Aquisição","Cidade":"Santa Maria","Região":"Central","Link":"https://www.qpmudas.com.br/catalog/"},"geometry":{"type":"Point","coordinates":[-53.7923441,-29.6894984]}},{"type":"Feature","properties":{"Ambiente":"NÃO INFORMADO","Startup":"Q-PRO - QMD Pessoal","Estágio":"Crescimento","Segmento":"Pesquisa","Vertical":"HRTech","Relação com o Mercado":"B2B e B2C","Modelo de Negócio":"Assinatura","Cidade":"Porto Alegre","Região":"Metropolitana e Litoral Norte","Link":"https://www.maturidadedigitalpessoal.com/"},"geometry":{"type":"Point","coordinates":[-51.2089887,-30.0368176]}},{"type":"Feature","properties":{"Ambiente":"CIDICA","Startup":"QR CASA","Estágio":"Escala","Segmento":"Marketing e Publicidade","Vertical":"ImobTech","Relação com o Mercado":"B2B e B2C","Modelo de Negócio":"Pay-per-use","Cidade":"Canela","Região":"Serra Gaúcha","Link":"https://www.facebook.com/Qrcasa"},"geometry":{"type":"Point","coordinates":[-50.8114104,-29.3637682]}},{"type":"Feature","properties":{"Ambiente":"ITEC/UCS","Startup":"Qualicookies","Estágio":"Não Informado","Segmento":"Gestão de Negócios e Projetos","Vertical":"RegTech","Relação com o Mercado":"B2B","Modelo de Negócio":"Assinatura","Cidade":"Caxias do Sul","Região":"Serra Gaúcha","Link":"https://www.qualicookies.com.br/"},"geometry":{"type":"Point","coordinates":[-51.1812032,-29.1740137]}},{"type":"Feature","properties":{"Ambiente":"NÃO INFORMADO","Startup":"Qualy Vida Temperos","Estágio":"Escala","Segmento":"Alimentos e Bebidas","Vertical":"FoodTech","Relação com o Mercado":"B2B e B2C","Modelo de Negócio":"Transação","Cidade":"Lajeado","Região":"Região dos Vales","Link":"https://www.instagram.com/qualyvidatemperos/"},"geometry":{"type":"Point","coordinates":[-51.9679026,-29.4606311]}},{"type":"Feature","properties":{"Ambiente":"NÃO INFORMADO","Startup":"QualyFull - Autocontrole Digital","Estágio":"Escala","Segmento":"Agronegócio","Vertical":"IndTech","Relação com o Mercado":"B2C e B2G","Modelo de Negócio":"SaaS","Cidade":"Vera Cruz","Região":"Região dos Vales","Link":"https://www.instagram.com/qualyfull/"},"geometry":{"type":"Point","coordinates":[-52.501301,-29.712065]}},{"type":"Feature","properties":{"Ambiente":"NÃO INFORMADO","Startup":"Quero Chef","Estágio":"Validação","Segmento":"Software e Cloud","Vertical":"Foodtech","Relação com o Mercado":"B2B","Modelo de Negócio":"Não Informado","Cidade":"Santa Maria","Região":"Central","Link":""},"geometry":{"type":"Point","coordinates":[-53.7923441,-29.6894984]}},{"type":"Feature","properties":{"Ambiente":"CRIATEC UNIJUÍ","Startup":"Quimea Inteligência Ambiental","Estágio":"Escala","Segmento":"Meio Ambiente e Sustentabilidade","Vertical":"CleanTech","Relação com o Mercado":"B2B","Modelo de Negócio":"SaaS","Cidade":"Santa Rosa","Região":"Noroeste e Missões","Link":"https://quimea.com.br/franquia/santa-rosa"},"geometry":{"type":"Point","coordinates":[-54.4797042,-27.8700347]}},{"type":"Feature","properties":{"Ambiente":"LAB FECOMÉRCIO-RS","Startup":"Quiper Agro","Estágio":"Validação","Segmento":"Agronegócio","Vertical":"AgTech","Relação com o Mercado":"B2B","Modelo de Negócio":"Outro","Cidade":"Porto Alegre","Região":"Metropolitana e Litoral Norte","Link":"https://www.linkedin.com/company/86841098"},"geometry":{"type":"Point","coordinates":[-51.2089887,-30.0368176]}},{"type":"Feature","properties":{"Ambiente":"TECNOPUC","Startup":"Quiper Agro","Estágio":"Validação","Segmento":"Agronegócio","Vertical":"AgTech","Relação com o Mercado":"B2B","Modelo de Negócio":"Outro","Cidade":"Porto Alegre","Região":"Metropolitana e Litoral Norte","Link":"https://www.linkedin.com/company/qu%C3%ADper-agro/?originalSubdomain=br"},"geometry":{"type":"Point","coordinates":[-51.2089887,-30.0368176]}},{"type":"Feature","properties":{"Ambiente":"VENTIUR","Startup":"Quiper Agro","Estágio":"Validação","Segmento":"Agronegócio","Vertical":"AgTech","Relação com o Mercado":"B2B","Modelo de Negócio":"Outro","Cidade":"Porto Alegre","Região":"Metropolitana e Litoral Norte","Link":"https://www.linkedin.com/company/qu%C3%ADper-agro/?originalSubdomain=br"},"geometry":{"type":"Point","coordinates":[-51.2089887,-30.0368176]}},{"type":"Feature","properties":{"Ambiente":"NÃO INFORMADO","Startup":"Quiper Fresh","Estágio":"Crescimento","Segmento":"Agronegócio","Vertical":"FoodTech","Relação com o Mercado":"B2B e B2C","Modelo de Negócio":"Não Informado","Cidade":"Porto Alegre","Região":"Metropolitana e Litoral Norte","Link":"https://www.morangoazul.com.br/"},"geometry":{"type":"Point","coordinates":[-51.2089887,-30.0368176]}},{"type":"Feature","properties":{"Ambiente":"NÃO INFORMADO","Startup":"Quiq S.A","Estágio":"Validação","Segmento":"Software e Cloud","Vertical":"RetailTech","Relação com o Mercado":"B2B","Modelo de Negócio":"Não Informado","Cidade":"Porto Alegre","Região":"Metropolitana e Litoral Norte","Link":"https://www.linkedin.com/company/somosquiq/about/"},"geometry":{"type":"Point","coordinates":[-51.2089887,-30.0368176]}},{"type":"Feature","properties":{"Ambiente":"NÃO INFORMADO","Startup":"QUIRES","Estágio":"Crescimento","Segmento":"Comércio e Varejo","Vertical":"PropTech","Relação com o Mercado":"B2B","Modelo de Negócio":"Assinatura","Cidade":"Pelotas","Região":"Sul","Link":"https://site.quires.com.br/"},"geometry":{"type":"Point","coordinates":[-52.3313342,-31.7700081]}},{"type":"Feature","properties":{"Ambiente":"MIRALABS","Startup":"Quita Boletos","Estágio":"Crescimento","Segmento":"Financeiro","Vertical":"FinTech","Relação com o Mercado":"B2C","Modelo de Negócio":"Pay-per-use","Cidade":"Horizontina","Região":"Noroeste e Missões","Link":"https://quitaboletos.com.br/"},"geometry":{"type":"Point","coordinates":[-54.3059728,-27.628239]}},{"type":"Feature","properties":{"Ambiente":"NÃO INFORMADO","Startup":"R4 DIGITAL S.A","Estágio":"Validação","Segmento":"Logística","Vertical":"Fintech","Relação com o Mercado":"B2B","Modelo de Negócio":"Não Informado","Cidade":"Porto Alegre","Região":"Metropolitana e Litoral Norte","Link":"https://www.randoncorp.com/pt/blog/empresas-randon-e-4all-apresentam-fintech-r4-digital/"},"geometry":{"type":"Point","coordinates":[-51.2089887,-30.0368176]}},{"type":"Feature","properties":{"Ambiente":"NÃO INFORMADO","Startup":"RACIONAL TECNOLOGIA","Estágio":"Crescimento","Segmento":"IoT (Internet das Coisas)","Vertical":"SecurityTech","Relação com o Mercado":"B2B","Modelo de Negócio":"Não Informado","Cidade":"Porto Alegre","Região":"Metropolitana e Litoral Norte","Link":"https://www.racionaltec.com/"},"geometry":{"type":"Point","coordinates":[-51.2089887,-30.0368176]}},{"type":"Feature","properties":{"Ambiente":"ITEC/UCS","Startup":"Radiance Plus Equipamentos Odontológicos Ltda.","Estágio":"Não Informado","Segmento":"Saúde e Bem-Estar","Vertical":"MedTech","Relação com o Mercado":"B2B","Modelo de Negócio":"Transação","Cidade":"Caxias do Sul","Região":"Serra Gaúcha","Link":"https://www.instagram.com/radianceplusbr/"},"geometry":{"type":"Point","coordinates":[-51.1812032,-29.1740137]}},{"type":"Feature","properties":{"Ambiente":"NÃO INFORMADO","Startup":"Radiplan Radtech","Estágio":"Não Informado","Segmento":"Saúde e Bem-Estar","Vertical":"MedTech","Relação com o Mercado":"B2B","Modelo de Negócio":"Não Informado","Cidade":"Passo Fundo","Região":"Produção e Norte","Link":"https://www.radiplan.com.br/"},"geometry":{"type":"Point","coordinates":[-52.4102752,-28.2622705]}},{"type":"Feature","properties":{"Ambiente":"ITEC/UCS","Startup":"Raffert","Estágio":"Não Informado","Segmento":"Não Informado","Vertical":"Não Informado","Relação com o Mercado":"Não Informado","Modelo de Negócio":"Não Informado","Cidade":"Caxias do Sul","Região":"Serra Gaúcha","Link":""},"geometry":{"type":"Point","coordinates":[-51.1812032,-29.1740137]}},{"type":"Feature","properties":{"Ambiente":"TECNOPUC","Startup":"Rakho-Med","Estágio":"Crescimento","Segmento":"Saúde e Bem-Estar","Vertical":"HealthTech","Relação com o Mercado":"B2C","Modelo de Negócio":"Custo por Aquisição","Cidade":"Porto Alegre","Região":"Metropolitana e Litoral Norte","Link":"https://www.rakhomed.com.br"},"geometry":{"type":"Point","coordinates":[-51.2089887,-30.0368176]}},{"type":"Feature","properties":{"Ambiente":"VENTIUR","Startup":"Raks","Estágio":"Validação","Segmento":"Agronegócio","Vertical":"AgTech","Relação com o Mercado":"B2B","Modelo de Negócio":"Custo por Aquisição","Cidade":"São Leopoldo","Região":"Metropolitana e Litoral Norte","Link":"http://raks.com.br/"},"geometry":{"type":"Point","coordinates":[-51.1480174,-29.7607417]}},{"type":"Feature","properties":{"Ambiente":"ITEC/UCS","Startup":"Rangonautas Entretenimento e Educação Ltda","Estágio":"Não Informado","Segmento":"Entretenimento, Jogos e Gamificação","Vertical":"GameTech","Relação com o Mercado":"B2B","Modelo de Negócio":"Não Informado","Cidade":"Garibaldi","Região":"Serra Gaúcha","Link":"https://www.instagram.com/rangonautas/"},"geometry":{"type":"Point","coordinates":[-51.5232019,-29.2575131]}},{"type":"Feature","properties":{"Ambiente":"NÃO INFORMADO","Startup":"Rankine Systems","Estágio":"Crescimento","Segmento":"Engenharia e Indústria Geral","Vertical":"IndTech","Relação com o Mercado":"B2B","Modelo de Negócio":"Transação","Cidade":"Campo Bom","Região":"Metropolitana e Litoral Norte","Link":"https://www.rankinesystems.com.br/"},"geometry":{"type":"Point","coordinates":[-51.0613111,-29.6747831]}},{"type":"Feature","properties":{"Ambiente":"SMICT GRAVATAÍ","Startup":"Rapidoc","Estágio":"Crescimento","Segmento":"Saúde e Bem-Estar","Vertical":"HealthTech","Relação com o Mercado":"B2B e B2C","Modelo de Negócio":"Assinatura","Cidade":"Gravataí","Região":"Metropolitana e Litoral Norte","Link":"https://rapidocbrasil.com.br/"},"geometry":{"type":"Point","coordinates":[-50.9947529,-29.9398869]}},{"type":"Feature","properties":{"Ambiente":"NÃO INFORMADO","Startup":"RASS TECH","Estágio":"Validação","Segmento":"Software e Cloud","Vertical":"ITTech","Relação com o Mercado":"B2B e B2G","Modelo de Negócio":"Software House","Cidade":"Pelotas","Região":"Sul","Link":"https://www.linkedin.com/in/radsons/?originalSubdomain=br"},"geometry":{"type":"Point","coordinates":[-52.3313342,-31.7700081]}},{"type":"Feature","properties":{"Ambiente":"NÃO INFORMADO","Startup":"Razor Computadores","Estágio":"Escala","Segmento":"TI (Tecnologia da Informação)","Vertical":"DeepTech","Relação com o Mercado":"B2B","Modelo de Negócio":"Transação","Cidade":"Passo Fundo","Região":"Produção e Norte","Link":"https://razor.com.br/"},"geometry":{"type":"Point","coordinates":[-52.4102752,-28.2622705]}},{"type":"Feature","properties":{"Ambiente":"NÃO INFORMADO","Startup":"Rec2Pay","Estágio":"Validação","Segmento":"Software e Cloud","Vertical":"FinTech","Relação com o Mercado":"B2B","Modelo de Negócio":"SaaS","Cidade":"Porto Alegre","Região":"Metropolitana e Litoral Norte","Link":"https://rec2pay.com/"},"geometry":{"type":"Point","coordinates":[-51.2089887,-30.0368176]}},{"type":"Feature","properties":{"Ambiente":"TECNOVATES","Startup":"Recic","Estágio":"Crescimento","Segmento":"Meio Ambiente e Sustentabilidade","Vertical":"CleanTech","Relação com o Mercado":"B2B e B2C","Modelo de Negócio":"Assinatura","Cidade":"Lajeado","Região":"Região dos Vales","Link":"https://recic.com.br/"},"geometry":{"type":"Point","coordinates":[-51.9679026,-29.4606311]}},{"type":"Feature","properties":{"Ambiente":"NÃO INFORMADO","Startup":"Reck Brasil","Estágio":"Crescimento","Segmento":"Consultorias e Treinamentos","Vertical":"CyberSecurity","Relação com o Mercado":"B2B","Modelo de Negócio":"Não Informado","Cidade":"Porto Alegre","Região":"Metropolitana e Litoral Norte","Link":"https://reckbrasil.com.br/"},"geometry":{"type":"Point","coordinates":[-51.2089887,-30.0368176]}},{"type":"Feature","properties":{"Ambiente":"NÃO INFORMADO","Startup":"Recysun - 3S","Estágio":"Validação","Segmento":"Meio Ambiente e Sustentabilidade","Vertical":"CleanTech","Relação com o Mercado":"B2B2C","Modelo de Negócio":"Economia Circular","Cidade":"São Leopoldo","Região":"Metropolitana e Litoral Norte","Link":"https://energia3s.com.br/solucoes/recysun/"},"geometry":{"type":"Point","coordinates":[-51.1480174,-29.7607417]}},{"type":"Feature","properties":{"Ambiente":"MIRALABS","Startup":"Rede Essent Jus","Estágio":"Escala","Segmento":"Jurídico","Vertical":"RegTech","Relação com o Mercado":"B2B2C","Modelo de Negócio":"Licenciamento","Cidade":"Horizontina","Região":"Noroeste e Missões","Link":"https://www.redeessentjus.com/ "},"geometry":{"type":"Point","coordinates":[-54.3059728,-27.628239]}},{"type":"Feature","properties":{"Ambiente":"NÃO INFORMADO","Startup":"Rede Sina Ensina","Estágio":"Validação","Segmento":"Eventos","Vertical":"FunTech","Relação com o Mercado":"B2C","Modelo de Negócio":"Não Informado","Cidade":"Santa Maria","Região":"Central","Link":"https://www.instagram.com/redesina.com.br/"},"geometry":{"type":"Point","coordinates":[-53.7923441,-29.6894984]}},{"type":"Feature","properties":{"Ambiente":"NÃO INFORMADO","Startup":"RedeSindicos","Estágio":"Crescimento","Segmento":"Serviços","Vertical":"PropTech","Relação com o Mercado":"B2B","Modelo de Negócio":"Marketplace","Cidade":"Porto Alegre","Região":"Metropolitana e Litoral Norte","Link":"https://www.redesindicos.com.br/"},"geometry":{"type":"Point","coordinates":[-51.2089887,-30.0368176]}},{"type":"Feature","properties":{"Ambiente":"NÃO INFORMADO","Startup":"Reemby","Estágio":"Crescimento","Segmento":"Financeiro","Vertical":"RegTech","Relação com o Mercado":"B2B","Modelo de Negócio":"SaaS","Cidade":"Porto Alegre","Região":"Metropolitana e Litoral Norte","Link":"https://www.linkedin.com/company/reemby/about/"},"geometry":{"type":"Point","coordinates":[-51.2089887,-30.0368176]}},{"type":"Feature","properties":{"Ambiente":"SMICT GRAVATAÍ","Startup":"Reemprega RS","Estágio":"Validação","Segmento":"Serviços","Vertical":"HRTech","Relação com o Mercado":"B2B e B2C","Modelo de Negócio":"Não Informado","Cidade":"Gravataí","Região":"Metropolitana e Litoral Norte","Link":"https://reempregars.com.br/NÃO INFORMADO/home"},"geometry":{"type":"Point","coordinates":[-50.9947529,-29.9398869]}},{"type":"Feature","properties":{"Ambiente":"NÃO INFORMADO","Startup":"REFRESHER TRENDS","Estágio":"Crescimento","Segmento":"Software e Cloud","Vertical":"ConstruTech","Relação com o Mercado":"B2B","Modelo de Negócio":"Não Informado","Cidade":"Bento Gonçalves","Região":"Serra Gaúcha","Link":"https://www.instagram.com/refreshertrends/"},"geometry":{"type":"Point","coordinates":[-51.5169861,-29.1667089]}},{"type":"Feature","properties":{"Ambiente":"NÃO INFORMADO","Startup":"Rematefy","Estágio":"Crescimento","Segmento":"Agronegócio","Vertical":"AgTech","Relação com o Mercado":"B2B e B2C","Modelo de Negócio":"Marketplace","Cidade":"Camaquã","Região":"Sul","Link":"https://rematefy.com/site/"},"geometry":{"type":"Point","coordinates":[-51.807008,-30.8488541]}},{"type":"Feature","properties":{"Ambiente":"UPF PARQUE","Startup":"RESETA REUSE TECHNOLOGY - S3HB ENVIRONMENTAL TECHNOLOGY","Estágio":"Validação","Segmento":"Meio Ambiente e Sustentabilidade","Vertical":"IndTech","Relação com o Mercado":"B2B","Modelo de Negócio":"Transação","Cidade":"Passo Fundo","Região":"Produção e Norte","Link":"https://www.reseta.com.br/"},"geometry":{"type":"Point","coordinates":[-52.4102752,-28.2622705]}},{"type":"Feature","properties":{"Ambiente":"ATRION","Startup":"ResiGo","Estágio":"Validação","Segmento":"Saúde e Bem-Estar","Vertical":"HealthTech","Relação com o Mercado":"B2B","Modelo de Negócio":"Assinatura","Cidade":"Santa Cruz do Sul","Região":"Região dos Vales","Link":"https://www.resigo.com.br/"},"geometry":{"type":"Point","coordinates":[-52.4358285,-29.7240622]}},{"type":"Feature","properties":{"Ambiente":"TECNOUNISC","Startup":"ResiGo","Estágio":"Validação","Segmento":"Saúde e Bem-Estar","Vertical":"HealthTech","Relação com o Mercado":"B2B","Modelo de Negócio":"Assinatura","Cidade":"Santa Cruz do Sul","Região":"Região dos Vales","Link":"https://www.resigo.com.br/"},"geometry":{"type":"Point","coordinates":[-52.4358285,-29.7240622]}},{"type":"Feature","properties":{"Ambiente":"VIBEE UNIMED","Startup":"ResiGo","Estágio":"Validação","Segmento":"Saúde e Bem-Estar","Vertical":"HealthTech","Relação com o Mercado":"B2B","Modelo de Negócio":"Assinatura","Cidade":"Santa Cruz do Sul","Região":"Região dos Vales","Link":"https://www.resigo.com.br/"},"geometry":{"type":"Point","coordinates":[-52.4358285,-29.7240622]}},{"type":"Feature","properties":{"Ambiente":"NÃO INFORMADO","Startup":"Resoluto","Estágio":"Validação","Segmento":"Jurídico","Vertical":"LawTech","Relação com o Mercado":"B2B e B2G","Modelo de Negócio":"Marketplace","Cidade":"Lajeado","Região":"Região dos Vales","Link":"https://www.resolutosolucoes.com.br/"},"geometry":{"type":"Point","coordinates":[-51.9679026,-29.4606311]}},{"type":"Feature","properties":{"Ambiente":"PAMPATEC","Startup":"Reufy Serviços de Saúde Ltda","Estágio":"Validação","Segmento":"Saúde e Bem-Estar","Vertical":"HealthTech","Relação com o Mercado":"B2B","Modelo de Negócio":"SaaS","Cidade":"Alegrete","Região":"Campanha e Fronteira Oeste","Link":"https://reufy.com.br/"},"geometry":{"type":"Point","coordinates":[-55.7936527,-29.7837672]}},{"type":"Feature","properties":{"Ambiente":"TECNOPUC","Startup":"Reufy Serviços de Saúde Ltda","Estágio":"Validação","Segmento":"Saúde e Bem-Estar","Vertical":"HealthTech","Relação com o Mercado":"B2B","Modelo de Negócio":"SaaS","Cidade":"Alegrete","Região":"Campanha e Fronteira Oeste","Link":"https://reufy.com.br/"},"geometry":{"type":"Point","coordinates":[-55.7936527,-29.7837672]}},{"type":"Feature","properties":{"Ambiente":"CONECTAR","Startup":"REVEMARK BRASIL LTDA","Estágio":"Validação","Segmento":"Jurídico","Vertical":"DeepTech","Relação com o Mercado":"B2G","Modelo de Negócio":"Outro","Cidade":"Pelotas","Região":"Sul","Link":"https://www.instagram.com/revemarkbr/"},"geometry":{"type":"Point","coordinates":[-52.3313342,-31.7700081]}},{"type":"Feature","properties":{"Ambiente":"TECNOPUC","Startup":"Revforce","Estágio":"Crescimento","Segmento":"Marketing e Publicidade","Vertical":"MarTech","Relação com o Mercado":"B2B","Modelo de Negócio":"Assinatura","Cidade":"Porto Alegre","Região":"Metropolitana e Litoral Norte","Link":"https://revforce.com.br/"},"geometry":{"type":"Point","coordinates":[-51.2089887,-30.0368176]}},{"type":"Feature","properties":{"Ambiente":"NÃO INFORMADO","Startup":"Revo Próteses","Estágio":"Validação","Segmento":"Saúde e Bem-Estar","Vertical":"HealthTech","Relação com o Mercado":"B2C","Modelo de Negócio":"E-commerce","Cidade":"Porto Alegre","Região":"Metropolitana e Litoral Norte","Link":"https://revopro.com.br/"},"geometry":{"type":"Point","coordinates":[-51.2089887,-30.0368176]}},{"type":"Feature","properties":{"Ambiente":"SMICT GRAVATAÍ","Startup":"RH de Aluguel","Estágio":"Crescimento","Segmento":"Consultorias e Treinamentos","Vertical":"HRTech","Relação com o Mercado":"B2B e B2C","Modelo de Negócio":"Assinatura","Cidade":"Gravataí","Região":"Metropolitana e Litoral Norte","Link":"https://rhdealuguel.com.br/"},"geometry":{"type":"Point","coordinates":[-50.9947529,-29.9398869]}},{"type":"Feature","properties":{"Ambiente":"NÃO INFORMADO","Startup":"RISE SOFTWARE","Estágio":"Validação","Segmento":"Software e Cloud","Vertical":"ITTech","Relação com o Mercado":"B2B","Modelo de Negócio":"Software House","Cidade":"São Leopoldo","Região":"Metropolitana e Litoral Norte","Link":"https://www.risesoftware.com.br/"},"geometry":{"type":"Point","coordinates":[-51.1480174,-29.7607417]}},{"type":"Feature","properties":{"Ambiente":"NÃO INFORMADO","Startup":"Ritual Da Hospitalidade","Estágio":"Crescimento","Segmento":"Consultorias e Treinamentos","Vertical":"HRTech","Relação com o Mercado":"B2B","Modelo de Negócio":"Não Informado","Cidade":"Porto Alegre","Região":"Metropolitana e Litoral Norte","Link":"https://www.ritualdahospitalidade.com.br/"},"geometry":{"type":"Point","coordinates":[-51.2089887,-30.0368176]}},{"type":"Feature","properties":{"Ambiente":"TECNOSINOS","Startup":"RMA TECH","Estágio":"Escala","Segmento":"Engenharia e Indústria Geral","Vertical":"IndTech","Relação com o Mercado":"B2B","Modelo de Negócio":"Não Informado","Cidade":"São Leopoldo","Região":"Metropolitana e Litoral Norte","Link":"https://rmatech.com.br/"},"geometry":{"type":"Point","coordinates":[-51.1480174,-29.7607417]}},{"type":"Feature","properties":{"Ambiente":"INSTITUTO CALDEIRA","Startup":"ROCKETCHAT TECNOLOGIA LTDA","Estágio":"Não Informado","Segmento":"Comunicação","Vertical":"Social Network","Relação com o Mercado":"B2B e B2G","Modelo de Negócio":"SaaS","Cidade":"Porto Alegre","Região":"Metropolitana e Litoral Norte","Link":"https://rocket.chat/"},"geometry":{"type":"Point","coordinates":[-51.2089887,-30.0368176]}},{"type":"Feature","properties":{"Ambiente":"NÃO INFORMADO","Startup":"Rocky E-commerce","Estágio":"Crescimento","Segmento":"Software e Cloud","Vertical":"ITTech","Relação com o Mercado":"B2B","Modelo de Negócio":"Não Informado","Cidade":"Erechim","Região":"Produção e Norte","Link":"https://rockyecommerce.com.br/"},"geometry":{"type":"Point","coordinates":[-52.2747035,-27.6347491]}},{"type":"Feature","properties":{"Ambiente":"TECNOPUC","Startup":"ROK’S - PSALab","Estágio":"Validação","Segmento":"Educação e Ensino","Vertical":"EdTech","Relação com o Mercado":"B2B","Modelo de Negócio":"Custo por Aquisição","Cidade":"Porto Alegre","Região":"Metropolitana e Litoral Norte","Link":"https://theroks.com.br"},"geometry":{"type":"Point","coordinates":[-51.2089887,-30.0368176]}},{"type":"Feature","properties":{"Ambiente":"VERSO HABITAT","Startup":"Roter.in","Estágio":"Crescimento","Segmento":"Turismo e Lazer","Vertical":"TurisTech","Relação com o Mercado":"B2C","Modelo de Negócio":"SaaS","Cidade":"Gramado","Região":"Serra Gaúcha","Link":"https://www.instagram.com/roter.in/"},"geometry":{"type":"Point","coordinates":[-50.876435,-29.3745686]}},{"type":"Feature","properties":{"Ambiente":"NÃO INFORMADO","Startup":"Routinfy.com","Estágio":"Validação","Segmento":"TI (Tecnologia da Informação)","Vertical":"ITTech","Relação com o Mercado":"B2B e B2C","Modelo de Negócio":"Não Informado","Cidade":"Porto Alegre","Região":"Metropolitana e Litoral Norte","Link":"https://www.linkedin.com/company/routinfy/"},"geometry":{"type":"Point","coordinates":[-51.2089887,-30.0368176]}},{"type":"Feature","properties":{"Ambiente":"NÃO INFORMADO","Startup":"Row Up","Estágio":"Validação","Segmento":"Analytics","Vertical":"ITTech","Relação com o Mercado":"B2B","Modelo de Negócio":"Não Informado","Cidade":"Caxias do Sul","Região":"Serra Gaúcha","Link":"https://www.rowup.com.br/"},"geometry":{"type":"Point","coordinates":[-51.1812032,-29.1740137]}},{"type":"Feature","properties":{"Ambiente":"NÃO INFORMADO","Startup":"RS BIOACTIVES","Estágio":"Validação","Segmento":"Pesquisa","Vertical":"BioTech","Relação com o Mercado":"B2B","Modelo de Negócio":"Não Informado","Cidade":"Pelotas","Região":"Sul","Link":"https://www.linkedin.com/in/jaqueline-de-deos-silveira-00937921"},"geometry":{"type":"Point","coordinates":[-52.3313342,-31.7700081]}},{"type":"Feature","properties":{"Ambiente":"INSTITUTO CALDEIRA","Startup":"S.OLEUM BRASIL AGRO INDUSTRIAL SA","Estágio":"Não Informado","Segmento":"Agronegócio","Vertical":"CleanTech","Relação com o Mercado":"B2B","Modelo de Negócio":"Não Informado","Cidade":"Porto Alegre","Região":"Metropolitana e Litoral Norte","Link":"https://soleum.com.br/"},"geometry":{"type":"Point","coordinates":[-51.2089887,-30.0368176]}},{"type":"Feature","properties":{"Ambiente":"NÃO INFORMADO","Startup":"S.Solutions","Estágio":"Crescimento","Segmento":"Software e Cloud","Vertical":"ITTech","Relação com o Mercado":"B2B","Modelo de Negócio":"Não Informado","Cidade":"Porto Alegre","Região":"Metropolitana e Litoral Norte","Link":"https://s-solutions.dev/"},"geometry":{"type":"Point","coordinates":[-51.2089887,-30.0368176]}},{"type":"Feature","properties":{"Ambiente":"NÃO INFORMADO","Startup":"Sabor IFF","Estágio":"Validação","Segmento":"Alimentos e Bebidas","Vertical":"FoodTech","Relação com o Mercado":"B2G","Modelo de Negócio":"Não Informado","Cidade":"São Vicente do Sul","Região":"Central","Link":""},"geometry":{"type":"Point","coordinates":[-54.6786262,-29.6929583]}},{"type":"Feature","properties":{"Ambiente":"NÃO INFORMADO","Startup":"SAFE CITY","Estágio":"Crescimento","Segmento":"Software e Cloud","Vertical":"GovTech","Relação com o Mercado":"B2B e B2G","Modelo de Negócio":"SaaS","Cidade":"Taquari","Região":"Região dos Vales","Link":"https://gerenciamentosafecity.com.br/"},"geometry":{"type":"Point","coordinates":[-51.8666029,-29.7955576]}},{"type":"Feature","properties":{"Ambiente":"NÃO INFORMADO","Startup":"Safe2pay","Estágio":"Validação","Segmento":"Financeiro","Vertical":"FinTech","Relação com o Mercado":"B2B","Modelo de Negócio":"Transação","Cidade":"Porto Alegre","Região":"Metropolitana e Litoral Norte","Link":"https://safe2pay.com.br/"},"geometry":{"type":"Point","coordinates":[-51.2089887,-30.0368176]}},{"type":"Feature","properties":{"Ambiente":"NÃO INFORMADO","Startup":"SAFECARBON","Estágio":"Crescimento","Segmento":"Agronegócio","Vertical":"AgTech","Relação com o Mercado":"B2C","Modelo de Negócio":"Não Informado","Cidade":"Porto Alegre","Região":"Metropolitana e Litoral Norte","Link":"https://www.safecarbon.com.br/"},"geometry":{"type":"Point","coordinates":[-51.2089887,-30.0368176]}},{"type":"Feature","properties":{"Ambiente":"NÃO INFORMADO","Startup":"SafeReport - Canal de denúncias","Estágio":"Crescimento","Segmento":"RH e Coaching","Vertical":"RegTech","Relação com o Mercado":"B2B","Modelo de Negócio":"SaaS","Cidade":"Gravataí","Região":"Metropolitana e Litoral Norte","Link":"https://safereport.com/"},"geometry":{"type":"Point","coordinates":[-50.9947529,-29.9398869]}},{"type":"Feature","properties":{"Ambiente":"TECNOPUC","Startup":"Safety4Me","Estágio":"Crescimento","Segmento":"Saúde e Bem-Estar","Vertical":"HealthTech","Relação com o Mercado":"B2B","Modelo de Negócio":"Assinatura","Cidade":"Porto Alegre","Região":"Metropolitana e Litoral Norte","Link":"https://safety4me.com/"},"geometry":{"type":"Point","coordinates":[-51.2089887,-30.0368176]}},{"type":"Feature","properties":{"Ambiente":"NÃO INFORMADO","Startup":"SafraMeta Agrometeorologia","Estágio":"Crescimento","Segmento":"Agronegócio","Vertical":"Climate Tech","Relação com o Mercado":"B2B","Modelo de Negócio":"Não Informado","Cidade":"Bagé","Região":"Campanha e Fronteira Oeste","Link":"http://saframeta.com.br"},"geometry":{"type":"Point","coordinates":[-54.1065079,-31.3332251]}},{"type":"Feature","properties":{"Ambiente":"NÃO INFORMADO","Startup":"SAGE IOT","Estágio":"Validação","Segmento":"IoT (Internet das Coisas)","Vertical":"ITTech","Relação com o Mercado":"B2B","Modelo de Negócio":"SaaS","Cidade":"Porto Alegre","Região":"Metropolitana e Litoral Norte","Link":"https://www.sage.com/pt-pt/blog/oportunidades-e-desafios-na-internet-das-coisas/"},"geometry":{"type":"Point","coordinates":[-51.2089887,-30.0368176]}},{"type":"Feature","properties":{"Ambiente":"INSTITUTO CALDEIRA","Startup":"SAGUI.AI WEBSITE BUILDER LTDA","Estágio":"Não Informado","Segmento":"Marketing e Publicidade","Vertical":"MarTech","Relação com o Mercado":"B2B","Modelo de Negócio":"Não Informado","Cidade":"Bento Gonçalves","Região":"Serra Gaúcha","Link":"https://sagui.ai/"},"geometry":{"type":"Point","coordinates":[-51.5169861,-29.1667089]}},{"type":"Feature","properties":{"Ambiente":"VENTIUR","Startup":"Saipos","Estágio":"Escala","Segmento":"Alimentos e Bebidas","Vertical":"FoodTech","Relação com o Mercado":"B2B","Modelo de Negócio":"SaaS","Cidade":"São Leopoldo","Região":"Metropolitana e Litoral Norte","Link":"https://saipos.com/"},"geometry":{"type":"Point","coordinates":[-51.1480174,-29.7607417]}},{"type":"Feature","properties":{"Ambiente":"HORIZONTE FAHOR","Startup":"Salve a Data","Estágio":"Validação","Segmento":"Serviços","Vertical":"Social Network","Relação com o Mercado":"P2P","Modelo de Negócio":"Pay-per-use","Cidade":"Horizontina","Região":"Noroeste e Missões","Link":"https://www.instagram.com/salveadata.com.br/"},"geometry":{"type":"Point","coordinates":[-54.3059728,-27.628239]}},{"type":"Feature","properties":{"Ambiente":"NÃO INFORMADO","Startup":"SapiensLab","Estágio":"Ideação","Segmento":"IA (Inteligência Artificial)","Vertical":"ITTech","Relação com o Mercado":"B2B","Modelo de Negócio":"SaaS","Cidade":"Canoas","Região":"Metropolitana e Litoral Norte","Link":"https://www.instagram.com/sapienslab.ai/"},"geometry":{"type":"Point","coordinates":[-51.1847036,-29.9077898]}},{"type":"Feature","properties":{"Ambiente":"CIEMSUL","Startup":"SATOMED","Estágio":"Crescimento","Segmento":"Hardware e Eletrônicos","Vertical":"MedTech","Relação com o Mercado":"B2B e B2G","Modelo de Negócio":"Outro","Cidade":"Pelotas","Região":"Sul","Link":"http://www.linkedin.com/company/satomed"},"geometry":{"type":"Point","coordinates":[-52.3313342,-31.7700081]}},{"type":"Feature","properties":{"Ambiente":"NÃO INFORMADO","Startup":"Saúde Trans","Estágio":"Validação","Segmento":"Saúde e Bem-Estar","Vertical":"HealthTech","Relação com o Mercado":"B2C","Modelo de Negócio":"Assinatura","Cidade":"Porto Alegre","Região":"Metropolitana e Litoral Norte","Link":"https://www.instagram.com/saude.trans_/"},"geometry":{"type":"Point","coordinates":[-51.2089887,-30.0368176]}},{"type":"Feature","properties":{"Ambiente":"NÃO INFORMADO","Startup":"Save Health","Estágio":"Crescimento","Segmento":"Software e Cloud","Vertical":"HealthTech","Relação com o Mercado":"B2B e B2C","Modelo de Negócio":"SaaS","Cidade":"Rio Grande","Região":"Sul","Link":"https://savehealth.com.br/"},"geometry":{"type":"Point","coordinates":[-52.1016953,-32.0407893]}},{"type":"Feature","properties":{"Ambiente":"CEI UFRGS","Startup":"Save -South America Vehicles Electrification","Estágio":"Crescimento","Segmento":"Mobilidade","Vertical":"EnergyTech","Relação com o Mercado":"B2B e B2C","Modelo de Negócio":"Custo por Aquisição","Cidade":"Porto Alegre","Região":"Metropolitana e Litoral Norte","Link":"https://save-ev.com/"},"geometry":{"type":"Point","coordinates":[-51.2089887,-30.0368176]}},{"type":"Feature","properties":{"Ambiente":"NÃO INFORMADO","Startup":"SaveBys","Estágio":"Crescimento","Segmento":"Negócios Sociais","Vertical":"Inovação Social","Relação com o Mercado":"P2P","Modelo de Negócio":"Marketplace","Cidade":"Porto Alegre","Região":"Metropolitana e Litoral Norte","Link":"https://savebys.com/"},"geometry":{"type":"Point","coordinates":[-51.2089887,-30.0368176]}},{"type":"Feature","properties":{"Ambiente":"NÃO INFORMADO","Startup":"Scallar","Estágio":"Crescimento","Segmento":"Software e Cloud","Vertical":"MarTech","Relação com o Mercado":"B2B","Modelo de Negócio":"Não Informado","Cidade":"Pelotas","Região":"Sul","Link":"https://www.linkedin.com/company/scallar/about/"},"geometry":{"type":"Point","coordinates":[-52.3313342,-31.7700081]}},{"type":"Feature","properties":{"Ambiente":"NÃO INFORMADO","Startup":"ScanFood","Estágio":"Crescimento","Segmento":"Serviços","Vertical":"EventsTech","Relação com o Mercado":"B2B","Modelo de Negócio":"Não Informado","Cidade":"Pelotas","Região":"Sul","Link":"https://www.linkedin.com/in/scanfood-brasil-566483294/"},"geometry":{"type":"Point","coordinates":[-52.3313342,-31.7700081]}},{"type":"Feature","properties":{"Ambiente":"NÃO INFORMADO","Startup":"Schavinski","Estágio":"Escala","Segmento":"Pesquisa","Vertical":"AgTech","Relação com o Mercado":"B2B","Modelo de Negócio":"Custo por Aquisição","Cidade":"Horizontina","Região":"Noroeste e Missões","Link":"https://schavinski.com.br/banda-cobridora-xingu/"},"geometry":{"type":"Point","coordinates":[-54.3059728,-27.628239]}},{"type":"Feature","properties":{"Ambiente":"NÃO INFORMADO","Startup":"SCOPI SISTEMAS","Estágio":"Crescimento","Segmento":"Software e Cloud","Vertical":"Tech Consultancies","Relação com o Mercado":"B2B","Modelo de Negócio":"Não Informado","Cidade":"Taquara","Região":"Metropolitana e Litoral Norte","Link":"https://scopi.com.br/"},"geometry":{"type":"Point","coordinates":[-50.7763602,-29.6516601]}},{"type":"Feature","properties":{"Ambiente":"NÃO INFORMADO","Startup":"Scoreplan","Estágio":"Crescimento","Segmento":"Software e Cloud","Vertical":"ITTech","Relação com o Mercado":"B2B","Modelo de Negócio":"Não Informado","Cidade":"Caxias do Sul","Região":"Serra Gaúcha","Link":"https://scoreplan.com.br/"},"geometry":{"type":"Point","coordinates":[-51.1812032,-29.1740137]}},{"type":"Feature","properties":{"Ambiente":"NÃO INFORMADO","Startup":"Sculpt","Estágio":"Escala","Segmento":"Consultorias e Treinamentos","Vertical":"MarTech","Relação com o Mercado":"B2B","Modelo de Negócio":"Não Informado","Cidade":"Novo Hamburgo","Região":"Metropolitana e Litoral Norte","Link":"https://sculpt.cc/"},"geometry":{"type":"Point","coordinates":[-51.1337471,-29.683463]}},{"type":"Feature","properties":{"Ambiente":"CEI UFRGS","Startup":"SDV reciclando","Estágio":"Crescimento","Segmento":"Meio Ambiente e Sustentabilidade","Vertical":"Impacto Socioambiental","Relação com o Mercado":"B2B","Modelo de Negócio":"Negócio Socioambiental","Cidade":"Porto Alegre","Região":"Metropolitana e Litoral Norte","Link":"https://www.instagram.com/sdv_reciclando/"},"geometry":{"type":"Point","coordinates":[-51.2089887,-30.0368176]}},{"type":"Feature","properties":{"Ambiente":"NÃO INFORMADO","Startup":"SegCommerce","Estágio":"Crescimento","Segmento":"Software e Cloud","Vertical":"RetailTech","Relação com o Mercado":"B2B","Modelo de Negócio":"Não Informado","Cidade":"Porto Alegre","Região":"Metropolitana e Litoral Norte","Link":"https://segcommerce.com.br/"},"geometry":{"type":"Point","coordinates":[-51.2089887,-30.0368176]}},{"type":"Feature","properties":{"Ambiente":"NÃO INFORMADO","Startup":"Self Guru","Estágio":"Crescimento","Segmento":"Software e Cloud","Vertical":"HRTech","Relação com o Mercado":"B2B","Modelo de Negócio":"Não Informado","Cidade":"Porto Alegre","Região":"Metropolitana e Litoral Norte","Link":"https://selfguru.com.br/"},"geometry":{"type":"Point","coordinates":[-51.2089887,-30.0368176]}},{"type":"Feature","properties":{"Ambiente":"NÃO INFORMADO","Startup":"Semearhis","Estágio":"Validação","Segmento":"Negócios Sociais","Vertical":"HRTech","Relação com o Mercado":"B2C","Modelo de Negócio":"Não Informado","Cidade":"Caxias do Sul","Região":"Serra Gaúcha","Link":"https://semearhis.com.br/"},"geometry":{"type":"Point","coordinates":[-51.1812032,-29.1740137]}},{"type":"Feature","properties":{"Ambiente":"CEI UFRGS","Startup":"Semente do Plástico","Estágio":"Crescimento","Segmento":"Educação e Ensino","Vertical":"Inovação Social","Relação com o Mercado":"B2B","Modelo de Negócio":"Negócio Socioambiental","Cidade":"Porto Alegre","Região":"Metropolitana e Litoral Norte","Link":"https://www.instagram.com/sementedoplastico/"},"geometry":{"type":"Point","coordinates":[-51.2089887,-30.0368176]}},{"type":"Feature","properties":{"Ambiente":"UPF PARQUE","Startup":"SemioCrop","Estágio":"Validação","Segmento":"Produtividade","Vertical":"AgTech","Relação com o Mercado":"B2B2C","Modelo de Negócio":"Não Informado","Cidade":"Passo Fundo","Região":"Produção e Norte","Link":"https://www.semiocrop.com.br/"},"geometry":{"type":"Point","coordinates":[-52.4102752,-28.2622705]}},{"type":"Feature","properties":{"Ambiente":"NÃO INFORMADO","Startup":"Sentir e Ser Atelier","Estágio":"Crescimento","Segmento":"Meio Ambiente e Sustentabilidade","Vertical":"FashionTech","Relação com o Mercado":"B2C","Modelo de Negócio":"E-commerce","Cidade":"Porto Alegre","Região":"Metropolitana e Litoral Norte","Link":"https://sentir-e-ser-atelier.bagypro.com/"},"geometry":{"type":"Point","coordinates":[-51.2089887,-30.0368176]}},{"type":"Feature","properties":{"Ambiente":"SMICT GRAVATAÍ","Startup":"Ser Autoral","Estágio":"Crescimento","Segmento":"Consultorias e Treinamentos","Vertical":"FashionTech","Relação com o Mercado":"B2B e B2C","Modelo de Negócio":"Outro","Cidade":"Gravataí","Região":"Metropolitana e Litoral Norte","Link":"https://serautoral.com.br/"},"geometry":{"type":"Point","coordinates":[-50.9947529,-29.9398869]}},{"type":"Feature","properties":{"Ambiente":"NÃO INFORMADO","Startup":"SGTECH Soluções Ambientais","Estágio":"Crescimento","Segmento":"Alimentos e Bebidas","Vertical":"GreenTech","Relação com o Mercado":"B2B","Modelo de Negócio":"Não Informado","Cidade":"Canoas","Região":"Metropolitana e Litoral Norte","Link":"https://gruposg.eco.br/compostex/"},"geometry":{"type":"Point","coordinates":[-51.1847036,-29.9077898]}},{"type":"Feature","properties":{"Ambiente":"NÃO INFORMADO","Startup":"Shamyblue Environmental","Estágio":"Ideação","Segmento":"Negócios Sociais","Vertical":"InsurTech","Relação com o Mercado":"B2C","Modelo de Negócio":"Não Informado","Cidade":"Porto Alegre","Região":"Metropolitana e Litoral Norte","Link":""},"geometry":{"type":"Point","coordinates":[-51.2089887,-30.0368176]}},{"type":"Feature","properties":{"Ambiente":"NÃO INFORMADO","Startup":"Shoppr","Estágio":"Crescimento","Segmento":"Serviços","Vertical":"RetailTech","Relação com o Mercado":"B2C","Modelo de Negócio":"Marketplace","Cidade":"Porto Alegre","Região":"Metropolitana e Litoral Norte","Link":"https://shoppr.com.br/"},"geometry":{"type":"Point","coordinates":[-51.2089887,-30.0368176]}},{"type":"Feature","properties":{"Ambiente":"NÃO INFORMADO","Startup":"Shortcut","Estágio":"Ideação","Segmento":"Agronegócio","Vertical":"BioTech","Relação com o Mercado":"B2B","Modelo de Negócio":"Não Informado","Cidade":"Pelotas","Região":"Sul","Link":""},"geometry":{"type":"Point","coordinates":[-52.3313342,-31.7700081]}},{"type":"Feature","properties":{"Ambiente":"TECNOPUC","Startup":"Siddi Digital","Estágio":"Validação","Segmento":"Marketing e Publicidade","Vertical":"MarTech","Relação com o Mercado":"B2B","Modelo de Negócio":"Assinatura","Cidade":"Porto Alegre","Região":"Metropolitana e Litoral Norte","Link":"https://www.siddi.digital/"},"geometry":{"type":"Point","coordinates":[-51.2089887,-30.0368176]}},{"type":"Feature","properties":{"Ambiente":"NÃO INFORMADO","Startup":"SIFT Engenharia LTDA","Estágio":"Escala","Segmento":"Engenharia e Indústria Geral","Vertical":"IndTech","Relação com o Mercado":"B2B","Modelo de Negócio":"Não Informado","Cidade":"Porto Alegre","Região":"Metropolitana e Litoral Norte","Link":"https://sift.com.br/"},"geometry":{"type":"Point","coordinates":[-51.2089887,-30.0368176]}},{"type":"Feature","properties":{"Ambiente":"NÃO INFORMADO","Startup":"Sigales","Estágio":"Validação","Segmento":"Consultorias e Treinamentos","Vertical":"MarTech","Relação com o Mercado":"B2B","Modelo de Negócio":"Não Informado","Cidade":"Pelotas","Região":"Sul","Link":"https://institutosigales.com.br/"},"geometry":{"type":"Point","coordinates":[-52.3313342,-31.7700081]}},{"type":"Feature","properties":{"Ambiente":"NÃO INFORMADO","Startup":"SILO VERDE","Estágio":"Validação","Segmento":"Agronegócio","Vertical":"AgTech","Relação com o Mercado":"B2B e B2C","Modelo de Negócio":"Não Informado","Cidade":"São Leopoldo","Região":"Metropolitana e Litoral Norte","Link":"https://www.tecnosinos.com.br/company/silo-verde-2/"},"geometry":{"type":"Point","coordinates":[-51.1480174,-29.7607417]}},{"type":"Feature","properties":{"Ambiente":"NÃO INFORMADO","Startup":"SIMBIO Consultoria em Supply Chain","Estágio":"Crescimento","Segmento":"Consultorias e Treinamentos","Vertical":"SupplyTech","Relação com o Mercado":"B2B","Modelo de Negócio":"Não Informado","Cidade":"Porto Alegre","Região":"Metropolitana e Litoral Norte","Link":"https://institutosigales.com.br/"},"geometry":{"type":"Point","coordinates":[-51.2089887,-30.0368176]}},{"type":"Feature","properties":{"Ambiente":"NÃO INFORMADO","Startup":"SIMPAY PAGAMENTOS","Estágio":"Crescimento","Segmento":"Financeiro","Vertical":"FinTech","Relação com o Mercado":"B2B","Modelo de Negócio":"Não Informado","Cidade":"Santo Antônio da Patrulha","Região":"Metropolitana e Litoral Norte","Link":"https://somossimpay.com.br/"},"geometry":{"type":"Point","coordinates":[-50.5236775,-29.8310156]}},{"type":"Feature","properties":{"Ambiente":"NÃO INFORMADO","Startup":"Simplimed","Estágio":"Validação","Segmento":"Financeiro","Vertical":"HealthTech","Relação com o Mercado":"B2B e B2C","Modelo de Negócio":"Serviços Baseados em Taxas","Cidade":"Santa Maria","Região":"Central","Link":"https://simplimed.med.br/"},"geometry":{"type":"Point","coordinates":[-53.7923441,-29.6894984]}},{"type":"Feature","properties":{"Ambiente":"NÃO INFORMADO","Startup":"Simula e Aprova","Estágio":"Escala","Segmento":"Consultorias e Treinamentos","Vertical":"EdTech","Relação com o Mercado":"B2B e B2C","Modelo de Negócio":"Não Informado","Cidade":"Ijuí","Região":"Noroeste e Missões","Link":"https://www.simulaeaprova.com.br/"},"geometry":{"type":"Point","coordinates":[-53.9220126,-28.3891409]}},{"type":"Feature","properties":{"Ambiente":"NÃO INFORMADO","Startup":"Simula Health","Estágio":"Crescimento","Segmento":"Saúde e Bem-Estar","Vertical":"VR/AR Tech","Relação com o Mercado":"B2B e B2C","Modelo de Negócio":"Não Informado","Cidade":"Porto Alegre","Região":"Metropolitana e Litoral Norte","Link":"https://simulahealth.com.br/"},"geometry":{"type":"Point","coordinates":[-51.2089887,-30.0368176]}},{"type":"Feature","properties":{"Ambiente":"NÃO INFORMADO","Startup":"Singular Dynamics","Estágio":"Ideação","Segmento":"Pesquisa","Vertical":"AgTech","Relação com o Mercado":"B2B","Modelo de Negócio":"Não Informado","Cidade":"Novo Hamburgo","Região":"Metropolitana e Litoral Norte","Link":"https://www.linkedin.com/company/singular-dynamics"},"geometry":{"type":"Point","coordinates":[-51.1337471,-29.683463]}},{"type":"Feature","properties":{"Ambiente":"NÃO INFORMADO","Startup":"SIRIUS ENGENHARIA AMBIENTAL","Estágio":"Crescimento","Segmento":"Engenharia e Indústria Geral","Vertical":"GreenTech","Relação com o Mercado":"B2B","Modelo de Negócio":"Não Informado","Cidade":"Porto Alegre","Região":"Metropolitana e Litoral Norte","Link":"https://siriusengenhariaambiental.com.br/"},"geometry":{"type":"Point","coordinates":[-51.2089887,-30.0368176]}},{"type":"Feature","properties":{"Ambiente":"INSTITUTO CALDEIRA","Startup":"SIRROS IOT","Estágio":"Não Informado","Segmento":"IoT (Internet das Coisas)","Vertical":"DeepTech","Relação com o Mercado":"B2B","Modelo de Negócio":"Não Informado","Cidade":"Novo Hamburgo","Região":"Metropolitana e Litoral Norte","Link":"https://sirros.io/"},"geometry":{"type":"Point","coordinates":[-51.1337471,-29.683463]}},{"type":"Feature","properties":{"Ambiente":"NÃO INFORMADO","Startup":"Siscatec","Estágio":"Validação","Segmento":"Gestão de Negócios e Projetos","Vertical":"IndTech","Relação com o Mercado":"B2B","Modelo de Negócio":"Não Informado","Cidade":"São Leopoldo","Região":"Metropolitana e Litoral Norte","Link":"https://siscatec.com.br/"},"geometry":{"type":"Point","coordinates":[-51.1480174,-29.7607417]}},{"type":"Feature","properties":{"Ambiente":"TECNOPUC","Startup":"Sisqualis","Estágio":"Crescimento","Segmento":"Saúde e Bem-Estar","Vertical":"HealthTech","Relação com o Mercado":"B2B","Modelo de Negócio":"Licenciamento","Cidade":"Porto Alegre","Região":"Metropolitana e Litoral Norte","Link":"https://sisqualis.com.br/"},"geometry":{"type":"Point","coordinates":[-51.2089887,-30.0368176]}},{"type":"Feature","properties":{"Ambiente":"NÃO INFORMADO","Startup":"SISTEMA SUL TECH","Estágio":"Crescimento","Segmento":"Agronegócio","Vertical":"AgTech","Relação com o Mercado":"B2B","Modelo de Negócio":"Não Informado","Cidade":"Osório","Região":"Metropolitana e Litoral Norte","Link":"https://www.gruposistemasul.com/sistema-sul-tech"},"geometry":{"type":"Point","coordinates":[-50.2620325,-29.8922339]}},{"type":"Feature","properties":{"Ambiente":"NÃO INFORMADO","Startup":"Site Nauta","Estágio":"Crescimento","Segmento":"Consultorias e Treinamentos","Vertical":"MarTech","Relação com o Mercado":"B2B","Modelo de Negócio":"Não Informado","Cidade":"Caxias do Sul","Região":"Serra Gaúcha","Link":"https://sitenauta.com.br/"},"geometry":{"type":"Point","coordinates":[-51.1812032,-29.1740137]}},{"type":"Feature","properties":{"Ambiente":"CEI UFRGS","Startup":"Sítio Bandeira Branca","Estágio":"Crescimento","Segmento":"Meio Ambiente e Sustentabilidade","Vertical":"EdTech","Relação com o Mercado":"P2P","Modelo de Negócio":"Negócio Socioambiental","Cidade":"Porto Alegre","Região":"Metropolitana e Litoral Norte","Link":"https://www.instagram.com/bandeirabrancasitio/"},"geometry":{"type":"Point","coordinates":[-51.2089887,-30.0368176]}},{"type":"Feature","properties":{"Ambiente":"HORIZONTE FAHOR","Startup":"SkilLuz","Estágio":"Ideação","Segmento":"RH e Coaching","Vertical":"HRTech","Relação com o Mercado":"B2P","Modelo de Negócio":"Assinatura","Cidade":"Horizontina","Região":"Noroeste e Missões","Link":"https://www.instagram.com/skilluz_/"},"geometry":{"type":"Point","coordinates":[-54.3059728,-27.628239]}},{"type":"Feature","properties":{"Ambiente":"NÃO INFORMADO","Startup":"Skriva","Estágio":"Crescimento","Segmento":"Software e Cloud","Vertical":"EdTech","Relação com o Mercado":"B2C","Modelo de Negócio":"SaaS","Cidade":"Porto Alegre","Região":"Metropolitana e Litoral Norte","Link":"https://www.instagram.com/skriva.app/"},"geometry":{"type":"Point","coordinates":[-51.2089887,-30.0368176]}},{"type":"Feature","properties":{"Ambiente":"LAB FECOMÉRCIO-RS","Startup":"Sky Plus & Tangerina","Estágio":"Ideação","Segmento":"Serviços","Vertical":"RetailTech","Relação com o Mercado":"Não Informado","Modelo de Negócio":"E-commerce","Cidade":"Santiago","Região":"Central","Link":"https://skyplus.space/ / https://www.instagram.com/tangerina.santiago/"},"geometry":{"type":"Point","coordinates":[-54.8656474,-29.1913279]}},{"type":"Feature","properties":{"Ambiente":"INSTITUTO CALDEIRA","Startup":"Skymed","Estágio":"Não Informado","Segmento":"Saúde e Bem-Estar","Vertical":"HealthTech","Relação com o Mercado":"B2B","Modelo de Negócio":"SaaS","Cidade":"Porto Alegre","Região":"Metropolitana e Litoral Norte","Link":"https://skymed.app.br/"},"geometry":{"type":"Point","coordinates":[-51.2089887,-30.0368176]}},{"type":"Feature","properties":{"Ambiente":"NÃO INFORMADO","Startup":"Skywork","Estágio":"Crescimento","Segmento":"Gestão de Negócios e Projetos","Vertical":"ITTech","Relação com o Mercado":"B2B","Modelo de Negócio":"Assinatura","Cidade":"Presidente Lucena","Região":"Metropolitana e Litoral Norte","Link":"https://www.skywork.com.br/"},"geometry":{"type":"Point","coordinates":[-51.1780823,-29.5166921]}},{"type":"Feature","properties":{"Ambiente":"TECNOPUC","Startup":"Slice","Estágio":"Escala","Segmento":"Financeiro","Vertical":"Outras","Relação com o Mercado":"B2B","Modelo de Negócio":"Outro","Cidade":"Porto Alegre","Região":"Metropolitana e Litoral Norte","Link":"https://www.slice.global/"},"geometry":{"type":"Point","coordinates":[-51.2089887,-30.0368176]}},{"type":"Feature","properties":{"Ambiente":"INOVABENTO","Startup":"Smart Composer VR","Estágio":"Crescimento","Segmento":"TI (Tecnologia da Informação)","Vertical":"VR/AR Tech","Relação com o Mercado":"B2B2C","Modelo de Negócio":"Software House","Cidade":"Novo Hamburgo","Região":"Metropolitana e Litoral Norte","Link":"https://smartcomposervr.com/"},"geometry":{"type":"Point","coordinates":[-51.1337471,-29.683463]}},{"type":"Feature","properties":{"Ambiente":"NÃO INFORMADO","Startup":"Smart Crono","Estágio":"Validação","Segmento":"Software e Cloud","Vertical":"AutoTech","Relação com o Mercado":"B2B","Modelo de Negócio":"Assinatura","Cidade":"Porto Alegre","Região":"Metropolitana e Litoral Norte","Link":"https://smartcrono.com.br/"},"geometry":{"type":"Point","coordinates":[-51.2089887,-30.0368176]}},{"type":"Feature","properties":{"Ambiente":"SMICT GRAVATAÍ","Startup":"Smart Flood","Estágio":"Validação","Segmento":"TI (Tecnologia da Informação)","Vertical":"Smart City","Relação com o Mercado":"B2B e B2G","Modelo de Negócio":"SaaS","Cidade":"Gravataí","Região":"Metropolitana e Litoral Norte","Link":"https://smartflood.com.br/"},"geometry":{"type":"Point","coordinates":[-50.9947529,-29.9398869]}},{"type":"Feature","properties":{"Ambiente":"ATRION","Startup":"Smartbaby","Estágio":"Ideação","Segmento":"Telemedicina","Vertical":"HealthTech","Relação com o Mercado":"B2B2C","Modelo de Negócio":"Assinatura","Cidade":"Porto Alegre","Região":"Metropolitana e Litoral Norte","Link":"https://www.linkedin.com/company/smartbabytelepediatria/about/"},"geometry":{"type":"Point","coordinates":[-51.2089887,-30.0368176]}},{"type":"Feature","properties":{"Ambiente":"NÃO INFORMADO","Startup":"SmartCoop","Estágio":"Validação","Segmento":"Software e Cloud","Vertical":"AgTech","Relação com o Mercado":"B2B e B2C","Modelo de Negócio":"SaaS","Cidade":"Cruz Alta","Região":"Central","Link":"https://www.instagram.com/smartcoop.oficial/"},"geometry":{"type":"Point","coordinates":[-53.6052345,-28.6452209]}},{"type":"Feature","properties":{"Ambiente":"NÃO INFORMADO","Startup":"SOCIAL DOME","Estágio":"Validação","Segmento":"Software e Cloud","Vertical":"PropTech","Relação com o Mercado":"B2B","Modelo de Negócio":"Não Informado","Cidade":"Porto Alegre","Região":"Metropolitana e Litoral Norte","Link":"https://socialdome.com.br/"},"geometry":{"type":"Point","coordinates":[-51.2089887,-30.0368176]}},{"type":"Feature","properties":{"Ambiente":"TECNOPUC","Startup":"Social Eats","Estágio":"Validação","Segmento":"Alimentos e Bebidas","Vertical":"MarTech","Relação com o Mercado":"B2B2C","Modelo de Negócio":"Assinatura","Cidade":"Bagé","Região":"Campanha e Fronteira Oeste","Link":"https://www.socialeats.com.br/"},"geometry":{"type":"Point","coordinates":[-54.1065079,-31.3332251]}},{"type":"Feature","properties":{"Ambiente":"NÃO INFORMADO","Startup":"Societário Digital Tecnologia","Estágio":"Crescimento","Segmento":"Software e Cloud","Vertical":"LawTech","Relação com o Mercado":"B2B","Modelo de Negócio":"Não Informado","Cidade":"Cruz Alta","Região":"Central","Link":"https://societariodigital.com.br/"},"geometry":{"type":"Point","coordinates":[-53.6052345,-28.6452209]}},{"type":"Feature","properties":{"Ambiente":"NÃO INFORMADO","Startup":"Soffiatti","Estágio":"Crescimento","Segmento":"Consultorias e Treinamentos","Vertical":"ESgTech","Relação com o Mercado":"B2B","Modelo de Negócio":"Não Informado","Cidade":"Porto Alegre","Região":"Metropolitana e Litoral Norte","Link":"https://www.sofiatti.com.br/"},"geometry":{"type":"Point","coordinates":[-51.2089887,-30.0368176]}},{"type":"Feature","properties":{"Ambiente":"HORIZONTE FAHOR","Startup":"Sofiq AI Lab","Estágio":"Validação","Segmento":"IA (Inteligência Artificial)","Vertical":"SalesTech","Relação com o Mercado":"B2B","Modelo de Negócio":"Venda de Dados","Cidade":"Pelotas","Região":"Sul","Link":"https://www.instagram.com/sofiq.ai/"},"geometry":{"type":"Point","coordinates":[-52.3313342,-31.7700081]}},{"type":"Feature","properties":{"Ambiente":"NÃO INFORMADO","Startup":"Soft Skill em Saúde","Estágio":"Crescimento","Segmento":"Saúde e Bem-Estar","Vertical":"HealthTech","Relação com o Mercado":"B2B","Modelo de Negócio":"Assinatura","Cidade":"Porto Alegre","Região":"Metropolitana e Litoral Norte","Link":"https://softskillssaude.com.br/"},"geometry":{"type":"Point","coordinates":[-51.2089887,-30.0368176]}},{"type":"Feature","properties":{"Ambiente":"PULSAR","Startup":"Softaliza","Estágio":"Validação","Segmento":"Eventos","Vertical":"EventsTech","Relação com o Mercado":"B2B","Modelo de Negócio":"E-commerce","Cidade":"Santa Maria","Região":"Central","Link":"https://softaliza.com.br/"},"geometry":{"type":"Point","coordinates":[-53.7923441,-29.6894984]}},{"type":"Feature","properties":{"Ambiente":"NÃO INFORMADO","Startup":"Soha - Software e Hardware","Estágio":"Crescimento","Segmento":"IoT (Internet das Coisas)","Vertical":"ITTech","Relação com o Mercado":"B2C","Modelo de Negócio":"Não Informado","Cidade":"Porto Alegre","Região":"Metropolitana e Litoral Norte","Link":"https://www.soha.com.br/"},"geometry":{"type":"Point","coordinates":[-51.2089887,-30.0368176]}},{"type":"Feature","properties":{"Ambiente":"NÃO INFORMADO","Startup":"SOHR TECH FOR BUSINESS","Estágio":"Validação","Segmento":"Software e Cloud","Vertical":"ITTech","Relação com o Mercado":"B2B","Modelo de Negócio":"Não Informado","Cidade":"Santa Cruz do Sul","Região":"Região dos Vales","Link":"https://www.bhsilveira.com/"},"geometry":{"type":"Point","coordinates":[-52.4358285,-29.7240622]}},{"type":"Feature","properties":{"Ambiente":"PAMPATEC","Startup":"Soltech Soluções Financeiras para Energia Solar","Estágio":"Crescimento","Segmento":"Energia","Vertical":"FinTech","Relação com o Mercado":"B2B2C","Modelo de Negócio":"Custo por Aquisição","Cidade":"Alegrete","Região":"Campanha e Fronteira Oeste","Link":"https://www.f6s.com/company/soltech-solucoes-financeiras#about"},"geometry":{"type":"Point","coordinates":[-55.7936527,-29.7837672]}},{"type":"Feature","properties":{"Ambiente":"NÃO INFORMADO","Startup":"SolucioneRH - Recrutamento Humanizado","Estágio":"Crescimento","Segmento":"Software e Cloud","Vertical":"HRTech","Relação com o Mercado":"B2B","Modelo de Negócio":"Assinatura","Cidade":"Canela","Região":"Serra Gaúcha","Link":"https://solemioenergiasolar.com.br/"},"geometry":{"type":"Point","coordinates":[-50.8114104,-29.3637682]}},{"type":"Feature","properties":{"Ambiente":"NÃO INFORMADO","Startup":"Solwatech","Estágio":"Validação","Segmento":"Meio Ambiente e Sustentabilidade","Vertical":"GreenTech","Relação com o Mercado":"Não Informado","Modelo de Negócio":"Não Informado","Cidade":"Santa Maria","Região":"Central","Link":""},"geometry":{"type":"Point","coordinates":[-53.7923441,-29.6894984]}},{"type":"Feature","properties":{"Ambiente":"NÃO INFORMADO","Startup":"Soma Soluções Financeiras","Estágio":"Crescimento","Segmento":"Financeiro","Vertical":"FinTech","Relação com o Mercado":"B2B e B2C","Modelo de Negócio":"Não Informado","Cidade":"Capão da Canoa","Região":"Metropolitana e Litoral Norte","Link":"https://www.instagram.com/solusconsultoria/"},"geometry":{"type":"Point","coordinates":[-50.0173399,-29.7579686]}},{"type":"Feature","properties":{"Ambiente":"ITEC PARK UFN","Startup":"Somar","Estágio":"Validação","Segmento":"Alimentos e Bebidas","Vertical":"FoodTech","Relação com o Mercado":"B2B","Modelo de Negócio":"Não Informado","Cidade":"Santa Maria","Região":"Central","Link":"https://www.instagram.com/somarcqa/"},"geometry":{"type":"Point","coordinates":[-53.7923441,-29.6894984]}},{"type":"Feature","properties":{"Ambiente":"NÃO INFORMADO","Startup":"SoMEI","Estágio":"Ideação","Segmento":"Financeiro","Vertical":"FinTech","Relação com o Mercado":"B2B e B2C","Modelo de Negócio":"SaaS","Cidade":"Estância Velha","Região":"Metropolitana e Litoral Norte","Link":""},"geometry":{"type":"Point","coordinates":[-51.1737738,-29.6537221]}},{"type":"Feature","properties":{"Ambiente":"NÃO INFORMADO","Startup":"Sooply","Estágio":"Não Informado","Segmento":"IA (Inteligência Artificial)","Vertical":"SalesTech","Relação com o Mercado":"B2C","Modelo de Negócio":"Assinatura","Cidade":"Porto Alegre","Região":"Metropolitana e Litoral Norte","Link":"https://www.sooply.com.br/"},"geometry":{"type":"Point","coordinates":[-51.2089887,-30.0368176]}},{"type":"Feature","properties":{"Ambiente":"TECNOSINOS","Startup":"SOS RAIOS","Estágio":"Escala","Segmento":"Engenharia e Indústria Geral","Vertical":"IndTech","Relação com o Mercado":"B2B","Modelo de Negócio":"Não Informado","Cidade":"São Leopoldo","Região":"Metropolitana e Litoral Norte","Link":"https://detectorderaios.com.br/"},"geometry":{"type":"Point","coordinates":[-51.1480174,-29.7607417]}},{"type":"Feature","properties":{"Ambiente":"TECNOPUC","Startup":"Soufie Investor Game","Estágio":"Validação","Segmento":"Financeiro","Vertical":"EdTech","Relação com o Mercado":"B2B","Modelo de Negócio":"Outro","Cidade":"Porto Alegre","Região":"Metropolitana e Litoral Norte","Link":"https://sites.google.com/view/soufiegame/home"},"geometry":{"type":"Point","coordinates":[-51.2089887,-30.0368176]}},{"type":"Feature","properties":{"Ambiente":"NÃO INFORMADO","Startup":"SouPlenus","Estágio":"Crescimento","Segmento":"Saúde e Bem-Estar","Vertical":"HealthTech","Relação com o Mercado":"B2B e B2C","Modelo de Negócio":"Marketplace","Cidade":"Pelotas","Região":"Sul","Link":"https://www.souplenus.com.br/"},"geometry":{"type":"Point","coordinates":[-52.3313342,-31.7700081]}},{"type":"Feature","properties":{"Ambiente":"HESTIA UFRGS","Startup":"SOUSADG","Estágio":"Validação","Segmento":"Logística","Vertical":"MobTech","Relação com o Mercado":"B2C","Modelo de Negócio":"Não Informado","Cidade":"Porto Alegre","Região":"Metropolitana e Litoral Norte","Link":"http://www.sousadg.com.br/"},"geometry":{"type":"Point","coordinates":[-51.2089887,-30.0368176]}},{"type":"Feature","properties":{"Ambiente":"NÃO INFORMADO","Startup":"Space Hunters","Estágio":"Crescimento","Segmento":"Consultorias e Treinamentos","Vertical":"PropTech","Relação com o Mercado":"B2B e B2G","Modelo de Negócio":"Transação","Cidade":"Porto Alegre","Região":"Metropolitana e Litoral Norte","Link":"https://www.spacehunters.com.br/"},"geometry":{"type":"Point","coordinates":[-51.2089887,-30.0368176]}},{"type":"Feature","properties":{"Ambiente":"PULSAR","Startup":"Spray Solution","Estágio":"Validação","Segmento":"Agronegócio","Vertical":"AgTech","Relação com o Mercado":"A2A","Modelo de Negócio":"Pay-per-use","Cidade":"Santa Maria","Região":"Central","Link":"https://spraysolutions.com.br/"},"geometry":{"type":"Point","coordinates":[-53.7923441,-29.6894984]}},{"type":"Feature","properties":{"Ambiente":"TECNOPUC","Startup":"SQED TECNOLOGIA DA INFORMAÇÃO","Estágio":"Crescimento","Segmento":"TI (Tecnologia da Informação)","Vertical":"ITTech","Relação com o Mercado":"B2C","Modelo de Negócio":"Assinatura","Cidade":"Porto Alegre","Região":"Metropolitana e Litoral Norte","Link":"https://sqed.com.br/"},"geometry":{"type":"Point","coordinates":[-51.2089887,-30.0368176]}},{"type":"Feature","properties":{"Ambiente":"NÃO INFORMADO","Startup":"Squilo Saúde","Estágio":"Ideação","Segmento":"Software e Cloud","Vertical":"HealthTech","Relação com o Mercado":"B2B e B2C","Modelo de Negócio":"Não Informado","Cidade":"Porto Alegre","Região":"Metropolitana e Litoral Norte","Link":"https://www.squilosaude.com.br/"},"geometry":{"type":"Point","coordinates":[-51.2089887,-30.0368176]}},{"type":"Feature","properties":{"Ambiente":"NÃO INFORMADO","Startup":"Stakecare","Estágio":"Validação","Segmento":"Saúde e Bem-Estar","Vertical":"HealthTech","Relação com o Mercado":"B2B","Modelo de Negócio":"Não Informado","Cidade":"Campo Bom","Região":"Metropolitana e Litoral Norte","Link":"https://stakecare.com.br/"},"geometry":{"type":"Point","coordinates":[-51.0613111,-29.6747831]}},{"type":"Feature","properties":{"Ambiente":"NÃO INFORMADO","Startup":"STARBIO AGRO","Estágio":"Crescimento","Segmento":"Biotecnologia","Vertical":"AgTech","Relação com o Mercado":"B2B","Modelo de Negócio":"Não Informado","Cidade":"Rosário do Sul","Região":"Campanha e Fronteira Oeste","Link":"https://www.instagram.com/starbioagro/"},"geometry":{"type":"Point","coordinates":[-54.9168741,-30.2506438]}},{"type":"Feature","properties":{"Ambiente":"NÃO INFORMADO","Startup":"STARBOARD ESTIBORDO TECNOLOGIA","Estágio":"Crescimento","Segmento":"Logística","Vertical":"LogTech","Relação com o Mercado":"B2B","Modelo de Negócio":"Não Informado","Cidade":"Rio Grande","Região":"Sul","Link":"https://www.linkedin.com/in/starboard-9a3589201/"},"geometry":{"type":"Point","coordinates":[-52.1016953,-32.0407893]}},{"type":"Feature","properties":{"Ambiente":"VENTIUR","Startup":"StarGrid","Estágio":"Crescimento","Segmento":"Produtividade","Vertical":"HealthTech","Relação com o Mercado":"B2B","Modelo de Negócio":"Assinatura","Cidade":"Porto Alegre","Região":"Metropolitana e Litoral Norte","Link":"https://stargrid.pro/"},"geometry":{"type":"Point","coordinates":[-51.2089887,-30.0368176]}},{"type":"Feature","properties":{"Ambiente":"NÃO INFORMADO","Startup":"StarLearning","Estágio":"Validação","Segmento":"Saúde e Bem-Estar","Vertical":"EdTech","Relação com o Mercado":"B2B","Modelo de Negócio":"Não Informado","Cidade":"Canoas","Região":"Metropolitana e Litoral Norte","Link":"http://starlearning.com.br"},"geometry":{"type":"Point","coordinates":[-51.1847036,-29.9077898]}},{"type":"Feature","properties":{"Ambiente":"NÃO INFORMADO","Startup":"Start Agencia De Marketing Digital","Estágio":"Crescimento","Segmento":"Consultorias e Treinamentos","Vertical":"MarTech","Relação com o Mercado":"B2B","Modelo de Negócio":"Não Informado","Cidade":"Esteio","Região":"Metropolitana e Litoral Norte","Link":"https://startnaweb.com.br/"},"geometry":{"type":"Point","coordinates":[-51.1745813,-29.8464418]}},{"type":"Feature","properties":{"Ambiente":"INSTITUTO CALDEIRA","Startup":"STARTAIDEIA","Estágio":"Não Informado","Segmento":"Negócios Sociais","Vertical":"ITTech","Relação com o Mercado":"B2B","Modelo de Negócio":"Não Informado","Cidade":"Porto Alegre","Região":"Metropolitana e Litoral Norte","Link":"https://startaideia.com.br/"},"geometry":{"type":"Point","coordinates":[-51.2089887,-30.0368176]}},{"type":"Feature","properties":{"Ambiente":"NÃO INFORMADO","Startup":"Staybox","Estágio":"Crescimento","Segmento":"Software e Cloud","Vertical":"ITTech","Relação com o Mercado":"B2B","Modelo de Negócio":"Não Informado","Cidade":"Frederico Westphalen","Região":"Produção e Norte","Link":"https://staybox.com.br/"},"geometry":{"type":"Point","coordinates":[-53.3993835,-27.3587196]}},{"type":"Feature","properties":{"Ambiente":"NÃO INFORMADO","Startup":"STE PARTS","Estágio":"Crescimento","Segmento":"Biotecnologia","Vertical":"MobTech","Relação com o Mercado":"B2B","Modelo de Negócio":"Não Informado","Cidade":"Viamão","Região":"Metropolitana e Litoral Norte","Link":"http://steparts.com/"},"geometry":{"type":"Point","coordinates":[-51.0340956,-30.0827721]}},{"type":"Feature","properties":{"Ambiente":"NÃO INFORMADO","Startup":"STI SOFT","Estágio":"Escala","Segmento":"Consultorias e Treinamentos","Vertical":"EdTech","Relação com o Mercado":"B2B","Modelo de Negócio":"Não Informado","Cidade":"Teutônia","Região":"Região dos Vales","Link":"https://www.lp.awti.com.br/stisoft"},"geometry":{"type":"Point","coordinates":[-51.8086654,-29.4714489]}},{"type":"Feature","properties":{"Ambiente":"SMICT GRAVATAÍ","Startup":"Stresstec Engenharia","Estágio":"Crescimento","Segmento":"Energia","Vertical":"IndTech","Relação com o Mercado":"B2B","Modelo de Negócio":"Economia de Recorrência","Cidade":"Gravataí","Região":"Metropolitana e Litoral Norte","Link":"https://stresstec.com/"},"geometry":{"type":"Point","coordinates":[-50.9947529,-29.9398869]}},{"type":"Feature","properties":{"Ambiente":"NÃO INFORMADO","Startup":"Studa","Estágio":"Validação","Segmento":"Educação e Ensino","Vertical":"Social Network","Relação com o Mercado":"B2C","Modelo de Negócio":"Não Informado","Cidade":"Porto Alegre","Região":"Metropolitana e Litoral Norte","Link":""},"geometry":{"type":"Point","coordinates":[-51.2089887,-30.0368176]}},{"type":"Feature","properties":{"Ambiente":"VENTIUR","Startup":"Studio 360","Estágio":"Crescimento","Segmento":"Construção Civil","Vertical":"ConstruTech","Relação com o Mercado":"B2B","Modelo de Negócio":"Assinatura","Cidade":"Caxias do Sul","Região":"Serra Gaúcha","Link":"https://studio360tour.com/"},"geometry":{"type":"Point","coordinates":[-51.1812032,-29.1740137]}},{"type":"Feature","properties":{"Ambiente":"ITEC PARK UFN","Startup":"Studio Box","Estágio":"Validação","Segmento":"Mídia e Comunicação","Vertical":"AdTech","Relação com o Mercado":"B2B","Modelo de Negócio":"Não Informado","Cidade":"Santa Maria","Região":"Central","Link":"https://www.instagram.com/studiobox_sm/"},"geometry":{"type":"Point","coordinates":[-53.7923441,-29.6894984]}},{"type":"Feature","properties":{"Ambiente":"NÃO INFORMADO","Startup":"STUDIO PRIMA MATERIA","Estágio":"Validação","Segmento":"Entretenimento, Jogos e Gamificação","Vertical":"GameTech","Relação com o Mercado":"B2C","Modelo de Negócio":"Não Informado","Cidade":"Porto Alegre","Região":"Metropolitana e Litoral Norte","Link":"https://www.youtube.com/@studioprimamateria9362"},"geometry":{"type":"Point","coordinates":[-51.2089887,-30.0368176]}},{"type":"Feature","properties":{"Ambiente":"NÃO INFORMADO","Startup":"Suatransportadora","Estágio":"Crescimento","Segmento":"Software e Cloud","Vertical":"SupplyTech","Relação com o Mercado":"B2B","Modelo de Negócio":"Não Informado","Cidade":"Eldorado do Sul","Região":"Metropolitana e Litoral Norte","Link":"https://suatransportadora.com.br/"},"geometry":{"type":"Point","coordinates":[-51.3118909,-30.0002811]}},{"type":"Feature","properties":{"Ambiente":"NÃO INFORMADO","Startup":"Suitable","Estágio":"Ideação","Segmento":"Software e Cloud","Vertical":"Retailtech","Relação com o Mercado":"B2B","Modelo de Negócio":"Assinatura","Cidade":"Santa Cruz do Sul","Região":"Região dos Vales","Link":"https://www.suitable.com.br"},"geometry":{"type":"Point","coordinates":[-52.4358285,-29.7240622]}},{"type":"Feature","properties":{"Ambiente":"BASE ESPM","Startup":"Sul Vinci","Estágio":"Crescimento","Segmento":"Construção Civil","Vertical":"ConstruTech","Relação com o Mercado":"B2B2C","Modelo de Negócio":"Transação","Cidade":"Eldorado do Sul","Região":"Metropolitana e Litoral Norte","Link":"https://sulvinci.com.br/"},"geometry":{"type":"Point","coordinates":[-51.3118909,-30.0002811]}},{"type":"Feature","properties":{"Ambiente":"TECNOVATES","Startup":"Sulengtéc","Estágio":"Ideação","Segmento":"Engenharia e Indústria Geral","Vertical":"CleanTech","Relação com o Mercado":"B2B","Modelo de Negócio":"Transação","Cidade":"Lajeado","Região":"Região dos Vales","Link":""},"geometry":{"type":"Point","coordinates":[-51.9679026,-29.4606311]}},{"type":"Feature","properties":{"Ambiente":"TECNOPUC","Startup":"Sumply","Estágio":"Crescimento","Segmento":"TI (Tecnologia da Informação)","Vertical":"RetailTech","Relação com o Mercado":"B2B","Modelo de Negócio":"Não Informado","Cidade":"Porto Alegre","Região":"Metropolitana e Litoral Norte","Link":"https://www.sumply.com.br/?fbclid=PAZXh0bgNhZW0CMTEAAaY2HeLJNfJF1xhWyZPydcTN2ru79jLM4SNAfvkHPeqjIzqD34RuEmkRzuU_aem_k_zkJ5k-vBZBqj0ZtCTgkQ"},"geometry":{"type":"Point","coordinates":[-51.2089887,-30.0368176]}},{"type":"Feature","properties":{"Ambiente":"NÃO INFORMADO","Startup":"Sun 3S","Estágio":"Crescimento","Segmento":"Energia","Vertical":"EnergyTech","Relação com o Mercado":"B2C","Modelo de Negócio":"Marketplace","Cidade":"São Leopoldo","Região":"Metropolitana e Litoral Norte","Link":"https://sun3s.com.br/solarapp/"},"geometry":{"type":"Point","coordinates":[-51.1480174,-29.7607417]}},{"type":"Feature","properties":{"Ambiente":"NÃO INFORMADO","Startup":"Sunny Data Protection","Estágio":"Escala","Segmento":"Software e Cloud","Vertical":"ITTech","Relação com o Mercado":"B2B","Modelo de Negócio":"SaaS","Cidade":"Porto Alegre","Região":"Metropolitana e Litoral Norte","Link":"https://sunnydata.com.br/"},"geometry":{"type":"Point","coordinates":[-51.2089887,-30.0368176]}},{"type":"Feature","properties":{"Ambiente":"NÃO INFORMADO","Startup":"SUPER POCKET 24 HORAS","Estágio":"Crescimento","Segmento":"Alimentos e Bebidas","Vertical":"RetailTech","Relação com o Mercado":"B2C","Modelo de Negócio":"Transação","Cidade":"Porto Alegre","Região":"Metropolitana e Litoral Norte","Link":"https://www.instagram.com/superpocket24/"},"geometry":{"type":"Point","coordinates":[-51.2089887,-30.0368176]}},{"type":"Feature","properties":{"Ambiente":"NÃO INFORMADO","Startup":"Supermídia","Estágio":"Crescimento","Segmento":"Software e Cloud","Vertical":"RetailTech","Relação com o Mercado":"B2B","Modelo de Negócio":"SaaS","Cidade":"Canoas","Região":"Metropolitana e Litoral Norte","Link":"https://supermidiadigital.com/"},"geometry":{"type":"Point","coordinates":[-51.1847036,-29.9077898]}},{"type":"Feature","properties":{"Ambiente":"TECNOUNISC","Startup":"Supernova Filmes Ltda","Estágio":"Escala","Segmento":"Mídia e Comunicação","Vertical":"EventsTech","Relação com o Mercado":"B2B2C","Modelo de Negócio":"Serviços Baseados em Taxas","Cidade":"Santa Cruz do Sul","Região":"Região dos Vales","Link":"https://www.instagram.com/supernovafilmes_/"},"geometry":{"type":"Point","coordinates":[-52.4358285,-29.7240622]}},{"type":"Feature","properties":{"Ambiente":"CRIATEC UNIJUÍ","Startup":"Suport D'leite","Estágio":"Crescimento","Segmento":"Agronegócio","Vertical":"AgTech","Relação com o Mercado":"B2B","Modelo de Negócio":"Licenciamento","Cidade":"Ijuí","Região":"Noroeste e Missões","Link":"https://www.instagram.com/suportdleite/"},"geometry":{"type":"Point","coordinates":[-53.9220126,-28.3891409]}},{"type":"Feature","properties":{"Ambiente":"TECNOPUC","Startup":"Suvic","Estágio":"Validação","Segmento":"Saúde e Bem-Estar","Vertical":"HealthTech","Relação com o Mercado":"B2B2C","Modelo de Negócio":"Marketplace","Cidade":"Porto Alegre","Região":"Metropolitana e Litoral Norte","Link":"https://www.instagram.com/appsuvic/"},"geometry":{"type":"Point","coordinates":[-51.2089887,-30.0368176]}},{"type":"Feature","properties":{"Ambiente":"TECNOPUC","Startup":"SymCore","Estágio":"Validação","Segmento":"IA (Inteligência Artificial)","Vertical":"ITTech","Relação com o Mercado":"B2B","Modelo de Negócio":"SaaS","Cidade":"Porto Alegre","Região":"Metropolitana e Litoral Norte","Link":"https://tecnopuc.pucrs.br/organizacao/symcore/"},"geometry":{"type":"Point","coordinates":[-51.2089887,-30.0368176]}},{"type":"Feature","properties":{"Ambiente":"ITEC/UCS","Startup":"Synape (G3 Soluções Tecnológicas)","Estágio":"Não Informado","Segmento":"Software e Cloud","Vertical":"RetailTech","Relação com o Mercado":"B2B e B2G","Modelo de Negócio":"SaaS","Cidade":"Caxias do Sul","Região":"Serra Gaúcha","Link":"https://synape.com.br/"},"geometry":{"type":"Point","coordinates":[-51.1812032,-29.1740137]}},{"type":"Feature","properties":{"Ambiente":"NÃO INFORMADO","Startup":"Sync Sistemas","Estágio":"Crescimento","Segmento":"Gestão de Negócios e Projetos","Vertical":"RetailTech","Relação com o Mercado":"B2B e B2C","Modelo de Negócio":"Não Informado","Cidade":"Erechim","Região":"Produção e Norte","Link":"https://syncsistemas.com.br/"},"geometry":{"type":"Point","coordinates":[-52.2747035,-27.6347491]}},{"type":"Feature","properties":{"Ambiente":"VIBEE UNIMED","Startup":"Syntalgae","Estágio":"Validação","Segmento":"Pesquisa","Vertical":"Biotech","Relação com o Mercado":"B2B","Modelo de Negócio":"Outro","Cidade":"Lajeado","Região":"Região dos Vales","Link":"https://www.linkedin.com/company/syntalgae/?originalSubdomain=br"},"geometry":{"type":"Point","coordinates":[-51.9679026,-29.4606311]}},{"type":"Feature","properties":{"Ambiente":"NÃO INFORMADO","Startup":"System Advisor","Estágio":"Crescimento","Segmento":"Gestão de Negócios e Projetos","Vertical":"ITTech","Relação com o Mercado":"B2B","Modelo de Negócio":"Não Informado","Cidade":"Porto Alegre","Região":"Metropolitana e Litoral Norte","Link":"https://www.systemadvisor.com.br/"},"geometry":{"type":"Point","coordinates":[-51.2089887,-30.0368176]}},{"type":"Feature","properties":{"Ambiente":"NÃO INFORMADO","Startup":"Tae Engajamento","Estágio":"Validação","Segmento":"RH e Coaching","Vertical":"HRTech","Relação com o Mercado":"B2B","Modelo de Negócio":"Não Informado","Cidade":"Porto Alegre","Região":"Metropolitana e Litoral Norte","Link":"http://tae.net.br/"},"geometry":{"type":"Point","coordinates":[-51.2089887,-30.0368176]}},{"type":"Feature","properties":{"Ambiente":"INSTITUTO CALDEIRA","Startup":"TAG Livros","Estágio":"Não Informado","Segmento":"Entretenimento, Jogos e Gamificação","Vertical":"FunTech","Relação com o Mercado":"B2C","Modelo de Negócio":"Assinatura","Cidade":"Porto Alegre","Região":"Metropolitana e Litoral Norte","Link":"https://site.taglivros.com/"},"geometry":{"type":"Point","coordinates":[-51.2089887,-30.0368176]}},{"type":"Feature","properties":{"Ambiente":"ITEC PARK UFN","Startup":"Taking Care","Estágio":"Ideação","Segmento":"Não Informado","Vertical":"Não Informado","Relação com o Mercado":"Não Informado","Modelo de Negócio":"Não Informado","Cidade":"Santa Maria","Região":"Central","Link":""},"geometry":{"type":"Point","coordinates":[-53.7923441,-29.6894984]}},{"type":"Feature","properties":{"Ambiente":"NÃO INFORMADO","Startup":"TALLENTTARE","Estágio":"Escala","Segmento":"Marketing e Publicidade","Vertical":"AdTech","Relação com o Mercado":"B2B e B2C","Modelo de Negócio":"Não Informado","Cidade":"Novo Hamburgo","Região":"Metropolitana e Litoral Norte","Link":"https://www.tafstore.com.br/site/content/home/index.php"},"geometry":{"type":"Point","coordinates":[-51.1337471,-29.683463]}},{"type":"Feature","properties":{"Ambiente":"NÃO INFORMADO","Startup":"Tangerina","Estágio":"Crescimento","Segmento":"Comércio e Varejo","Vertical":"RetailTech","Relação com o Mercado":"B2B","Modelo de Negócio":"SaaS","Cidade":"Santiago","Região":"Central","Link":"https://skyplus.space/"},"geometry":{"type":"Point","coordinates":[-54.8656474,-29.1913279]}},{"type":"Feature","properties":{"Ambiente":"NÃO INFORMADO","Startup":"Taperto Negocios Digitais LTDA ME","Estágio":"Crescimento","Segmento":"Comércio e Varejo","Vertical":"RetailTech","Relação com o Mercado":"B2C","Modelo de Negócio":"Marketplace","Cidade":"Passo Fundo","Região":"Produção e Norte","Link":""},"geometry":{"type":"Point","coordinates":[-52.4102752,-28.2622705]}},{"type":"Feature","properties":{"Ambiente":"NÃO INFORMADO","Startup":"Taugor","Estágio":"Crescimento","Segmento":"Gestão de Negócios e Projetos","Vertical":"RegTech","Relação com o Mercado":"B2B","Modelo de Negócio":"Não Informado","Cidade":"Novo Hamburgo","Região":"Metropolitana e Litoral Norte","Link":"https://www.taugor.com.br/"},"geometry":{"type":"Point","coordinates":[-51.1337471,-29.683463]}},{"type":"Feature","properties":{"Ambiente":"SMICT GRAVATAÍ","Startup":"Taverna Gularte Editora","Estágio":"Crescimento","Segmento":"Educação e Ensino","Vertical":"EdTech","Relação com o Mercado":"B2B e B2C","Modelo de Negócio":"Outro","Cidade":"Gravataí","Região":"Metropolitana e Litoral Norte","Link":"https://www.linkedin.com/company/tavernagularteeditora/?originalSubdomain=br"},"geometry":{"type":"Point","coordinates":[-50.9947529,-29.9398869]}},{"type":"Feature","properties":{"Ambiente":"NÃO INFORMADO","Startup":"TCB Pesquisa e Inovação","Estágio":"Validação","Segmento":"Pesquisa","Vertical":"AgTech","Relação com o Mercado":"B2B","Modelo de Negócio":"Não Informado","Cidade":"Pelotas","Região":"Sul","Link":"https://www.linkedin.com/company/tavernagularteeditora"},"geometry":{"type":"Point","coordinates":[-52.3313342,-31.7700081]}},{"type":"Feature","properties":{"Ambiente":"NÃO INFORMADO","Startup":"Tech - Maschinen Engenharia","Estágio":"Validação","Segmento":"Engenharia e Indústria Geral","Vertical":"IndTech","Relação com o Mercado":"B2B","Modelo de Negócio":"Não Informado","Cidade":"Campo Bom","Região":"Metropolitana e Litoral Norte","Link":"https://www.techmaschinen.com.br/"},"geometry":{"type":"Point","coordinates":[-51.0613111,-29.6747831]}},{"type":"Feature","properties":{"Ambiente":"CEI UFRGS","Startup":"Tech forge","Estágio":"Crescimento","Segmento":"TI (Tecnologia da Informação)","Vertical":"Tech Consultancies","Relação com o Mercado":"B2B","Modelo de Negócio":"Não Informado","Cidade":"Porto Alegre","Região":"Metropolitana e Litoral Norte","Link":"https://www.instagram.com/tech_forge?igsh=MTcwdWFnZmRjbjJ5MA=="},"geometry":{"type":"Point","coordinates":[-51.2089887,-30.0368176]}},{"type":"Feature","properties":{"Ambiente":"NÃO INFORMADO","Startup":"Tech Now","Estágio":"Crescimento","Segmento":"Software e Cloud","Vertical":"ITTech","Relação com o Mercado":"B2B","Modelo de Negócio":"SaaS","Cidade":"Montenegro","Região":"Metropolitana e Litoral Norte","Link":"https://technow.com.br/"},"geometry":{"type":"Point","coordinates":[-51.4680471,-29.6816904]}},{"type":"Feature","properties":{"Ambiente":"TECNOPUC","Startup":"Techniken Tecnologia","Estágio":"Crescimento","Segmento":"TI (Tecnologia da Informação)","Vertical":"ITTech","Relação com o Mercado":"B2B","Modelo de Negócio":"Outro","Cidade":"Porto Alegre","Região":"Metropolitana e Litoral Norte","Link":"https://www.techniken.com.br"},"geometry":{"type":"Point","coordinates":[-51.2089887,-30.0368176]}},{"type":"Feature","properties":{"Ambiente":"TECNOSINOS","Startup":"TECHNURSE","Estágio":"Crescimento","Segmento":"Saúde e Bem-Estar","Vertical":"HealthTech","Relação com o Mercado":"B2B e B2C","Modelo de Negócio":"Não Informado","Cidade":"São Leopoldo","Região":"Metropolitana e Litoral Norte","Link":"https://www.technurse.com.br/"},"geometry":{"type":"Point","coordinates":[-51.1480174,-29.7607417]}},{"type":"Feature","properties":{"Ambiente":"NÃO INFORMADO","Startup":"TechPain","Estágio":"Crescimento","Segmento":"Software e Cloud","Vertical":"HealthTech","Relação com o Mercado":"B2B e B2C","Modelo de Negócio":"Não Informado","Cidade":"Porto Alegre","Região":"Metropolitana e Litoral Norte","Link":"https://www.techpain.com.br/"},"geometry":{"type":"Point","coordinates":[-51.2089887,-30.0368176]}},{"type":"Feature","properties":{"Ambiente":"NÃO INFORMADO","Startup":"Tecmobil","Estágio":"Crescimento","Segmento":"Indústria 4.0","Vertical":"IndTech","Relação com o Mercado":"B2B e B2C","Modelo de Negócio":"Não Informado","Cidade":"Porto Alegre","Região":"Metropolitana e Litoral Norte","Link":"https://www.tecmobil.com.br"},"geometry":{"type":"Point","coordinates":[-51.2089887,-30.0368176]}},{"type":"Feature","properties":{"Ambiente":"TECNOPUC","Startup":"Teia Labs","Estágio":"Validação","Segmento":"IA (Inteligência Artificial)","Vertical":"Outras","Relação com o Mercado":"B2B","Modelo de Negócio":"Licenciamento","Cidade":"Porto Alegre","Região":"Metropolitana e Litoral Norte","Link":"http://www.teialabs.com"},"geometry":{"type":"Point","coordinates":[-51.2089887,-30.0368176]}},{"type":"Feature","properties":{"Ambiente":"IECBIOT UFRGS","Startup":"Tekoha biotecnologia ambiental","Estágio":"Ideação","Segmento":"Meio Ambiente e Sustentabilidade","Vertical":"BioTech","Relação com o Mercado":"B2B e B2G","Modelo de Negócio":"Marketplace","Cidade":"Porto Alegre","Região":"Metropolitana e Litoral Norte","Link":"https://www.linkedin.com/company/tekoha-biotecnologia-ambiental/"},"geometry":{"type":"Point","coordinates":[-51.2089887,-30.0368176]}},{"type":"Feature","properties":{"Ambiente":"CIEMSUL","Startup":"TELEDOC JOURNEY MEDICAL","Estágio":"Crescimento","Segmento":"IA (Inteligência Artificial)","Vertical":"MedTech","Relação com o Mercado":"B2B e B2G","Modelo de Negócio":"Outro","Cidade":"Pelotas","Região":"Sul","Link":"https://teledocmedical.com"},"geometry":{"type":"Point","coordinates":[-52.3313342,-31.7700081]}},{"type":"Feature","properties":{"Ambiente":"NÃO INFORMADO","Startup":"Teletanque","Estágio":"Validação","Segmento":"Software e Cloud","Vertical":"AgTech","Relação com o Mercado":"B2B","Modelo de Negócio":"SaaS","Cidade":"Porto Alegre","Região":"Metropolitana e Litoral Norte","Link":"https://www.teletanque.com.br/"},"geometry":{"type":"Point","coordinates":[-51.2089887,-30.0368176]}},{"type":"Feature","properties":{"Ambiente":"LAB FECOMÉRCIO-RS","Startup":"TellUs: Inovação Humana","Estágio":"Ideação","Segmento":"Serviços","Vertical":"HRTech","Relação com o Mercado":"B2B","Modelo de Negócio":"Não Informado","Cidade":"Porto Alegre","Região":"Metropolitana e Litoral Norte","Link":"https://www.tellusinovacaohumana.com.br/"},"geometry":{"type":"Point","coordinates":[-51.2089887,-30.0368176]}},{"type":"Feature","properties":{"Ambiente":"NÃO INFORMADO","Startup":"TENSEI","Estágio":"Crescimento","Segmento":"Alimentos e Bebidas","Vertical":"Foodtech","Relação com o Mercado":"B2B","Modelo de Negócio":"E-commerce","Cidade":"Farroupilha","Região":"Serra Gaúcha","Link":"https://tensei.com.br/"},"geometry":{"type":"Point","coordinates":[-51.3456056,-29.2238257]}},{"type":"Feature","properties":{"Ambiente":"NÃO INFORMADO","Startup":"Tenteada","Estágio":"Crescimento","Segmento":"Jurídico","Vertical":"LegalTech","Relação com o Mercado":"P2P","Modelo de Negócio":"Marketplace","Cidade":"Porto Alegre","Região":"Metropolitana e Litoral Norte","Link":"https://www.tenteada.com.br/"},"geometry":{"type":"Point","coordinates":[-51.2089887,-30.0368176]}},{"type":"Feature","properties":{"Ambiente":"NÃO INFORMADO","Startup":"Terafox Studio","Estágio":"Crescimento","Segmento":"Marketing e Publicidade","Vertical":"Outras","Relação com o Mercado":"B2B","Modelo de Negócio":"Assinatura","Cidade":"Santa Maria","Região":"Central","Link":"https://www.instagram.com/terafox.studio/"},"geometry":{"type":"Point","coordinates":[-53.7923441,-29.6894984]}},{"type":"Feature","properties":{"Ambiente":"TECNOPUC","Startup":"Terceirizza","Estágio":"Crescimento","Segmento":"Financeiro","Vertical":"FinTech","Relação com o Mercado":"B2B2C","Modelo de Negócio":"Marketplace","Cidade":"Porto Alegre","Região":"Metropolitana e Litoral Norte","Link":"https://terceirizza.com.br/"},"geometry":{"type":"Point","coordinates":[-51.2089887,-30.0368176]}},{"type":"Feature","properties":{"Ambiente":"NÃO INFORMADO","Startup":"TerraMares","Estágio":"Crescimento","Segmento":"Meio Ambiente e Sustentabilidade","Vertical":"BioTech","Relação com o Mercado":"B2B e B2G","Modelo de Negócio":"Não Informado","Cidade":"Rio Grande","Região":"Sul","Link":"https://terramaresambiental.com.br/"},"geometry":{"type":"Point","coordinates":[-52.1016953,-32.0407893]}},{"type":"Feature","properties":{"Ambiente":"TECNOSINOS","Startup":"TESSERIS","Estágio":"Crescimento","Segmento":"Hardware e Eletrônicos","Vertical":"Climate Tech","Relação com o Mercado":"B2B","Modelo de Negócio":"Não Informado","Cidade":"São Leopoldo","Região":"Metropolitana e Litoral Norte","Link":"https://www.tesseris.com.br/"},"geometry":{"type":"Point","coordinates":[-51.1480174,-29.7607417]}},{"type":"Feature","properties":{"Ambiente":"NÃO INFORMADO","Startup":"TESTING COMPANY","Estágio":"Escala","Segmento":"Software e Cloud","Vertical":"ITTech","Relação com o Mercado":"B2B","Modelo de Negócio":"Não Informado","Cidade":"Novo Hamburgo","Região":"Metropolitana e Litoral Norte","Link":"https://testingcompany.com.br/"},"geometry":{"type":"Point","coordinates":[-51.1337471,-29.683463]}},{"type":"Feature","properties":{"Ambiente":"NÃO INFORMADO","Startup":"TGR Studio","Estágio":"Validação","Segmento":"Marketing e Publicidade","Vertical":"MarTech","Relação com o Mercado":"B2B e B2C","Modelo de Negócio":"Não Informado","Cidade":"Novo Hamburgo","Região":"Metropolitana e Litoral Norte","Link":"https://www.tgrstudio.com.br/"},"geometry":{"type":"Point","coordinates":[-51.1337471,-29.683463]}},{"type":"Feature","properties":{"Ambiente":"TECNOURI","Startup":"TGX – Soluções em Energia Ltda.","Estágio":"Validação","Segmento":"Serviços","Vertical":"EnergyTech","Relação com o Mercado":"B2B2C","Modelo de Negócio":"Custo por Aquisição","Cidade":"Santo Ângelo","Região":"Noroeste e Missões","Link":"Não Informado"},"geometry":{"type":"Point","coordinates":[-54.2658317,-28.3001866]}},{"type":"Feature","properties":{"Ambiente":"PELOTAS PARQUE","Startup":"THE BUSINESS FINANCE LTDA","Estágio":"Ideação","Segmento":"Software e Cloud","Vertical":"FinTech","Relação com o Mercado":"B2B e B2C","Modelo de Negócio":"Assinatura","Cidade":"Pelotas","Região":"Sul","Link":"https://tbfinance.com.br/"},"geometry":{"type":"Point","coordinates":[-52.3313342,-31.7700081]}},{"type":"Feature","properties":{"Ambiente":"CEI UFRGS","Startup":"The Cloud Surgery","Estágio":"Ideação","Segmento":"Saúde e Bem-Estar","Vertical":"VR/AR Tech","Relação com o Mercado":"B2B","Modelo de Negócio":"Custo por Aquisição","Cidade":"Porto Alegre","Região":"Metropolitana e Litoral Norte","Link":"https://www.instagram.com/the_cloud_surgery_technologies/"},"geometry":{"type":"Point","coordinates":[-51.2089887,-30.0368176]}},{"type":"Feature","properties":{"Ambiente":"NÃO INFORMADO","Startup":"Three.io","Estágio":"Validação","Segmento":"Eventos","Vertical":"Inovação Social","Relação com o Mercado":"B2B e B2C","Modelo de Negócio":"Assinatura","Cidade":"Santa Maria","Região":"Central","Link":""},"geometry":{"type":"Point","coordinates":[-53.7923441,-29.6894984]}},{"type":"Feature","properties":{"Ambiente":"TECNOPUC","Startup":"Thrive: saúde mental digital","Estágio":"Validação","Segmento":"Saúde e Bem-Estar","Vertical":"HealthTech","Relação com o Mercado":"B2B2C","Modelo de Negócio":"Assinatura","Cidade":"Porto Alegre","Região":"Metropolitana e Litoral Norte","Link":"https://thrivesmd.com/"},"geometry":{"type":"Point","coordinates":[-51.2089887,-30.0368176]}},{"type":"Feature","properties":{"Ambiente":"TECNOPUC","Startup":"Thummi Global","Estágio":"Crescimento","Segmento":"Saúde e Bem-Estar","Vertical":"HealthTech","Relação com o Mercado":"B2B2C","Modelo de Negócio":"Assinatura","Cidade":"Porto Alegre","Região":"Metropolitana e Litoral Norte","Link":"https://thummi.global/"},"geometry":{"type":"Point","coordinates":[-51.2089887,-30.0368176]}},{"type":"Feature","properties":{"Ambiente":"CEI UFRGS","Startup":"Tidesat","Estágio":"Crescimento","Segmento":"IoT (Internet das Coisas)","Vertical":"GovTech","Relação com o Mercado":"B2B e B2G","Modelo de Negócio":"Assinatura","Cidade":"Porto Alegre","Região":"Metropolitana e Litoral Norte","Link":"https://www.tidesatglobal.com/"},"geometry":{"type":"Point","coordinates":[-51.2089887,-30.0368176]}},{"type":"Feature","properties":{"Ambiente":"TECNOPUC","Startup":"Time da Eva - PSALab","Estágio":"Crescimento","Segmento":"Educação e Ensino","Vertical":"EdTech","Relação com o Mercado":"B2B2C","Modelo de Negócio":"Custo por Aquisição","Cidade":"Porto Alegre","Região":"Metropolitana e Litoral Norte","Link":"http://www.timedaeva.com.br"},"geometry":{"type":"Point","coordinates":[-51.2089887,-30.0368176]}},{"type":"Feature","properties":{"Ambiente":"NÃO INFORMADO","Startup":"Tiny","Estágio":"Crescimento","Segmento":"TI (Tecnologia da Informação)","Vertical":"Retailtech","Relação com o Mercado":"B2B","Modelo de Negócio":"Assinatura","Cidade":"Porto Alegre","Região":"Metropolitana e Litoral Norte","Link":"https://tiny.com.br/"},"geometry":{"type":"Point","coordinates":[-51.2089887,-30.0368176]}},{"type":"Feature","properties":{"Ambiente":"NÃO INFORMADO","Startup":"Tio Chico Vet","Estágio":"Crescimento","Segmento":"Saúde e Bem-Estar","Vertical":"PetTech","Relação com o Mercado":"B2B e B2C","Modelo de Negócio":"Assinatura","Cidade":"Porto Alegre","Região":"Metropolitana e Litoral Norte","Link":"http://www.tiochico.vet/"},"geometry":{"type":"Point","coordinates":[-51.2089887,-30.0368176]}},{"type":"Feature","properties":{"Ambiente":"INSTITUTO CALDEIRA","Startup":"TIQUE TAQUE","Estágio":"Não Informado","Segmento":"RH e Coaching","Vertical":"HRTech","Relação com o Mercado":"B2B","Modelo de Negócio":"Assinatura","Cidade":"Porto Alegre","Região":"Metropolitana e Litoral Norte","Link":"https://www.tiquetaque.com/"},"geometry":{"type":"Point","coordinates":[-51.2089887,-30.0368176]}},{"type":"Feature","properties":{"Ambiente":"NÃO INFORMADO","Startup":"TKTR","Estágio":"Crescimento","Segmento":"TI (Tecnologia da Informação)","Vertical":"FunTech","Relação com o Mercado":"B2B","Modelo de Negócio":"Não Informado","Cidade":"Novo Hamburgo","Região":"Metropolitana e Litoral Norte","Link":"https://tktr.com.br/"},"geometry":{"type":"Point","coordinates":[-51.1337471,-29.683463]}},{"type":"Feature","properties":{"Ambiente":"NÃO INFORMADO","Startup":"Todo – Incomm","Estágio":"Crescimento","Segmento":"Gestão de Negócios e Projetos","Vertical":"RetailTech","Relação com o Mercado":"B2B","Modelo de Negócio":"Não Informado","Cidade":"Porto Alegre","Região":"Metropolitana e Litoral Norte","Link":"https://www.todoincomm.com/"},"geometry":{"type":"Point","coordinates":[-51.2089887,-30.0368176]}},{"type":"Feature","properties":{"Ambiente":"TECNOVATES","Startup":"Tomasi Rede Logística","Estágio":"Validação","Segmento":"Logística","Vertical":"LogTech","Relação com o Mercado":"B2B","Modelo de Negócio":"Transação","Cidade":"Lajeado","Região":"Região dos Vales","Link":"https://tomasilogistica.com.br/"},"geometry":{"type":"Point","coordinates":[-51.9679026,-29.4606311]}},{"type":"Feature","properties":{"Ambiente":"NÃO INFORMADO","Startup":"TomTicket","Estágio":"Crescimento","Segmento":"Software e Cloud","Vertical":"RetailTech","Relação com o Mercado":"B2B","Modelo de Negócio":"Assinatura","Cidade":"Passo Fundo","Região":"Produção e Norte","Link":"https://www.tomticket.com/"},"geometry":{"type":"Point","coordinates":[-52.4102752,-28.2622705]}},{"type":"Feature","properties":{"Ambiente":"NÃO INFORMADO","Startup":"TownSq","Estágio":"Crescimento","Segmento":"Gestão de Negócios e Projetos","Vertical":"PropTech","Relação com o Mercado":"B2B","Modelo de Negócio":"Assinatura","Cidade":"Porto Alegre","Região":"Metropolitana e Litoral Norte","Link":"https://townsq.com.br/"},"geometry":{"type":"Point","coordinates":[-51.2089887,-30.0368176]}},{"type":"Feature","properties":{"Ambiente":"LAB FECOMÉRCIO-RS","Startup":"TrabalheAi.com","Estágio":"Validação","Segmento":"Serviços","Vertical":"Não Informado","Relação com o Mercado":"Não Informado","Modelo de Negócio":"Não Informado","Cidade":"Eldorado do Sul","Região":"Metropolitana e Litoral Norte","Link":"https://www.instagram.com/trabalhe.ai/"},"geometry":{"type":"Point","coordinates":[-51.3118909,-30.0002811]}},{"type":"Feature","properties":{"Ambiente":"INOVABENTO","Startup":"TRACE Inteligência em Gestão","Estágio":"Crescimento","Segmento":"Consultorias e Treinamentos","Vertical":"ITTech","Relação com o Mercado":"B2B","Modelo de Negócio":"Software House","Cidade":"Bento Gonçalves","Região":"Serra Gaúcha","Link":"https://www.instagram.com/traceitg/"},"geometry":{"type":"Point","coordinates":[-51.5169861,-29.1667089]}},{"type":"Feature","properties":{"Ambiente":"NÃO INFORMADO","Startup":"Tradebrazil","Estágio":"Crescimento","Segmento":"Não Informado","Vertical":"RetailTech","Relação com o Mercado":"B2B","Modelo de Negócio":"Não Informado","Cidade":"Caxias do Sul","Região":"Serra Gaúcha","Link":""},"geometry":{"type":"Point","coordinates":[-51.1812032,-29.1740137]}},{"type":"Feature","properties":{"Ambiente":"INSTITUTO CALDEIRA","Startup":"TRASHIN","Estágio":"Escala","Segmento":"Meio Ambiente e Sustentabilidade","Vertical":"EsgTech","Relação com o Mercado":"B2B","Modelo de Negócio":"Outro","Cidade":"Porto Alegre","Região":"Metropolitana e Litoral Norte","Link":"https://trashin.com.br/"},"geometry":{"type":"Point","coordinates":[-51.2089887,-30.0368176]}},{"type":"Feature","properties":{"Ambiente":"VENTIUR","Startup":"TRASHIN","Estágio":"Escala","Segmento":"Meio Ambiente e Sustentabilidade","Vertical":"EsgTech","Relação com o Mercado":"B2B","Modelo de Negócio":"Outro","Cidade":"Porto Alegre","Região":"Metropolitana e Litoral Norte","Link":"https://trashin.com.br/"},"geometry":{"type":"Point","coordinates":[-51.2089887,-30.0368176]}},{"type":"Feature","properties":{"Ambiente":"NÃO INFORMADO","Startup":"TRICE","Estágio":"Crescimento","Segmento":"RH e Coaching","Vertical":"SalesTech","Relação com o Mercado":"B2B e B2C","Modelo de Negócio":"Marketplace","Cidade":"Igrejinha","Região":"Metropolitana e Litoral Norte","Link":"https://www.tricebrasil.com.br/"},"geometry":{"type":"Point","coordinates":[-50.7924981,-29.5734428]}},{"type":"Feature","properties":{"Ambiente":"INSTITUTO CALDEIRA","Startup":"Triider","Estágio":"Não Informado","Segmento":"Software e Cloud","Vertical":"ITTech","Relação com o Mercado":"B2B","Modelo de Negócio":"Não Informado","Cidade":"Porto Alegre","Região":"Metropolitana e Litoral Norte","Link":"https://www.tricebrasil.com.br/"},"geometry":{"type":"Point","coordinates":[-51.2089887,-30.0368176]}},{"type":"Feature","properties":{"Ambiente":"PRADOTECH","Startup":"Trindtech","Estágio":"Crescimento","Segmento":"Educação e Ensino","Vertical":"HRTech","Relação com o Mercado":"B2B e B2C","Modelo de Negócio":"SaaS","Cidade":"Gravataí","Região":"Metropolitana e Litoral Norte","Link":"https://www.trindtech.com.br/"},"geometry":{"type":"Point","coordinates":[-50.9947529,-29.9398869]}},{"type":"Feature","properties":{"Ambiente":"SMICT GRAVATAÍ","Startup":"Trindtech","Estágio":"Crescimento","Segmento":"Educação e Ensino","Vertical":"HRTech","Relação com o Mercado":"B2B e B2C","Modelo de Negócio":"SaaS","Cidade":"Gravataí","Região":"Metropolitana e Litoral Norte","Link":"https://www.trindtech.com.br/"},"geometry":{"type":"Point","coordinates":[-50.9947529,-29.9398869]}},{"type":"Feature","properties":{"Ambiente":"NÃO INFORMADO","Startup":"Trip Evolved","Estágio":"Crescimento","Segmento":"Turismo e Lazer","Vertical":"TurisTech","Relação com o Mercado":"B2C","Modelo de Negócio":"Serviços Baseados em Taxas","Cidade":"Porto Alegre","Região":"Metropolitana e Litoral Norte","Link":"https://tripevolved.com.br"},"geometry":{"type":"Point","coordinates":[-51.2089887,-30.0368176]}},{"type":"Feature","properties":{"Ambiente":"TECNOPUC","Startup":"Trius","Estágio":"Crescimento","Segmento":"Software e Cloud","Vertical":"ITTech","Relação com o Mercado":"B2B","Modelo de Negócio":"Transação","Cidade":"Porto Alegre","Região":"Metropolitana e Litoral Norte","Link":"https://www.trius.com.br/"},"geometry":{"type":"Point","coordinates":[-51.2089887,-30.0368176]}},{"type":"Feature","properties":{"Ambiente":"PRADOTECH","Startup":"TRU VEÍCULOS","Estágio":"Crescimento","Segmento":"Automotivo","Vertical":"SalesTech","Relação com o Mercado":"B2B e B2C","Modelo de Negócio":"Marketplace","Cidade":"Gravataí","Região":"Metropolitana e Litoral Norte","Link":"https://truveiculos.com/"},"geometry":{"type":"Point","coordinates":[-50.9947529,-29.9398869]}},{"type":"Feature","properties":{"Ambiente":"SMICT GRAVATAÍ","Startup":"TRU VEÍCULOS","Estágio":"Crescimento","Segmento":"Automotivo","Vertical":"SalesTech","Relação com o Mercado":"B2B e B2C","Modelo de Negócio":"Marketplace","Cidade":"Gravataí","Região":"Metropolitana e Litoral Norte","Link":"http://www.truveiculos.com"},"geometry":{"type":"Point","coordinates":[-50.9947529,-29.9398869]}},{"type":"Feature","properties":{"Ambiente":"TECNOPUC","Startup":"Truddy","Estágio":"Validação","Segmento":"Entretenimento, Jogos e Gamificação","Vertical":"GameTech","Relação com o Mercado":"B2C","Modelo de Negócio":"Custo por Aquisição","Cidade":"Porto Alegre","Região":"Metropolitana e Litoral Norte","Link":"https://instagram.com/truddy.app"},"geometry":{"type":"Point","coordinates":[-51.2089887,-30.0368176]}},{"type":"Feature","properties":{"Ambiente":"NÃO INFORMADO","Startup":"Tryber","Estágio":"Crescimento","Segmento":"Produtividade","Vertical":"AgTech","Relação com o Mercado":"B2B","Modelo de Negócio":"Não Informado","Cidade":"Independência","Região":"Noroeste e Missões","Link":"https://www.tryber.com.br/"},"geometry":{"type":"Point","coordinates":[-54.1921566,-27.8495086]}},{"type":"Feature","properties":{"Ambiente":"SMICT GRAVATAÍ","Startup":"TSA / Mobilité","Estágio":"Escala","Segmento":"TI (Tecnologia da Informação)","Vertical":"SecurityTech","Relação com o Mercado":"B2B e B2G","Modelo de Negócio":"SaaS","Cidade":"Gravataí","Região":"Metropolitana e Litoral Norte","Link":"https://vface.com.br/"},"geometry":{"type":"Point","coordinates":[-50.9947529,-29.9398869]}},{"type":"Feature","properties":{"Ambiente":"TECNOPUC","Startup":"Tua Operadora","Estágio":"Crescimento","Segmento":"Serviços","Vertical":"Outras","Relação com o Mercado":"B2C","Modelo de Negócio":"Assinatura","Cidade":"Porto Alegre","Região":"Metropolitana e Litoral Norte","Link":"http://www.tuaoperadora.com.br/"},"geometry":{"type":"Point","coordinates":[-51.2089887,-30.0368176]}},{"type":"Feature","properties":{"Ambiente":"NÃO INFORMADO","Startup":"Tulz","Estágio":"Crescimento","Segmento":"Analytics","Vertical":"RetailTech","Relação com o Mercado":"B2B","Modelo de Negócio":"Assinatura","Cidade":"Santa Cruz do Sul","Região":"Região dos Vales","Link":"https://www.tulz.com.br/"},"geometry":{"type":"Point","coordinates":[-52.4358285,-29.7240622]}},{"type":"Feature","properties":{"Ambiente":"PULSAR","Startup":"Tuo (Banco Tuo)","Estágio":"Validação","Segmento":"Financeiro","Vertical":"FinTech","Relação com o Mercado":"A2A","Modelo de Negócio":"Outro","Cidade":"Santa Maria","Região":"Central","Link":""},"geometry":{"type":"Point","coordinates":[-53.7923441,-29.6894984]}},{"type":"Feature","properties":{"Ambiente":"TECNOUNISC","Startup":"Turismo dos Vales","Estágio":"Validação","Segmento":"Turismo e Lazer","Vertical":"TurisTech","Relação com o Mercado":"B2C","Modelo de Negócio":"Serviços Baseados em Taxas","Cidade":"Santa Cruz do Sul","Região":"Região dos Vales","Link":"https://www.instagram.com/turismodosvales/"},"geometry":{"type":"Point","coordinates":[-52.4358285,-29.7240622]}},{"type":"Feature","properties":{"Ambiente":"NÃO INFORMADO","Startup":"TUTTO GESTAO","Estágio":"Crescimento","Segmento":"Software e Cloud","Vertical":"HRTech","Relação com o Mercado":"B2B","Modelo de Negócio":"Não Informado","Cidade":"Caxias do Sul","Região":"Serra Gaúcha","Link":"https://www.tutto.com.br/"},"geometry":{"type":"Point","coordinates":[-51.1812032,-29.1740137]}},{"type":"Feature","properties":{"Ambiente":"CIDICA","Startup":"TV SEXATE","Estágio":"Escala","Segmento":"Mídia e Comunicação","Vertical":"MediaTech","Relação com o Mercado":"B2B","Modelo de Negócio":"Outro","Cidade":"Canela","Região":"Serra Gaúcha","Link":"https://www.instagram.com/tvsexate/"},"geometry":{"type":"Point","coordinates":[-50.8114104,-29.3637682]}},{"type":"Feature","properties":{"Ambiente":"NÃO INFORMADO","Startup":"Two Cats","Estágio":"Validação","Segmento":"Software e Cloud","Vertical":"PetTech","Relação com o Mercado":"B2B","Modelo de Negócio":"Não Informado","Cidade":"Pelotas","Região":"Sul","Link":"https://twocats.app/"},"geometry":{"type":"Point","coordinates":[-52.3313342,-31.7700081]}},{"type":"Feature","properties":{"Ambiente":"NÃO INFORMADO","Startup":"TYR","Estágio":"Validação","Segmento":"IoT (Internet das Coisas)","Vertical":"LogTech","Relação com o Mercado":"B2B e B2G","Modelo de Negócio":"Não Informado","Cidade":"Porto Alegre","Região":"Metropolitana e Litoral Norte","Link":"https://tyr.digital"},"geometry":{"type":"Point","coordinates":[-51.2089887,-30.0368176]}},{"type":"Feature","properties":{"Ambiente":"ITEC PARK UFN","Startup":"UANGOO","Estágio":"Validação","Segmento":"TI (Tecnologia da Informação)","Vertical":"FinTech","Relação com o Mercado":"B2B","Modelo de Negócio":"Não Informado","Cidade":"Santa Maria","Região":"Central","Link":"https://uangoo.com/"},"geometry":{"type":"Point","coordinates":[-53.7923441,-29.6894984]}},{"type":"Feature","properties":{"Ambiente":"CRIATEC UNIJUÍ","Startup":"Ubah","Estágio":"Crescimento","Segmento":"Marketing e Publicidade","Vertical":"MarTech","Relação com o Mercado":"B2C","Modelo de Negócio":"Serviços Baseados em Taxas","Cidade":"Ijuí","Região":"Noroeste e Missões","Link":"https://www.instagram.com/ubahecrIATI-FEMAvo"},"geometry":{"type":"Point","coordinates":[-53.9220126,-28.3891409]}},{"type":"Feature","properties":{"Ambiente":"INSTITUTO CALDEIRA","Startup":"Ubots","Estágio":"Não Informado","Segmento":"Software e Cloud","Vertical":"ITTech","Relação com o Mercado":"B2B","Modelo de Negócio":"Não Informado","Cidade":"Porto Alegre","Região":"Metropolitana e Litoral Norte","Link":"https://ubots.com.br/"},"geometry":{"type":"Point","coordinates":[-51.2089887,-30.0368176]}},{"type":"Feature","properties":{"Ambiente":"TECNOPUC","Startup":"Uhuuu","Estágio":"Crescimento","Segmento":"Entretenimento, Jogos e Gamificação","Vertical":"EventsTech","Relação com o Mercado":"B2B2C","Modelo de Negócio":"Marketplace","Cidade":"Porto Alegre","Região":"Metropolitana e Litoral Norte","Link":"https://uhuu.com/"},"geometry":{"type":"Point","coordinates":[-51.2089887,-30.0368176]}},{"type":"Feature","properties":{"Ambiente":"TECNOPUC","Startup":"Ujamaatech","Estágio":"Validação","Segmento":"Educação e Ensino","Vertical":"EdTech","Relação com o Mercado":"B2B2C","Modelo de Negócio":"Outro","Cidade":"Porto Alegre","Região":"Metropolitana e Litoral Norte","Link":"https://www.ujamaatech.com/"},"geometry":{"type":"Point","coordinates":[-51.2089887,-30.0368176]}},{"type":"Feature","properties":{"Ambiente":"UPF PARQUE","Startup":"Umentor","Estágio":"Crescimento","Segmento":"Educação e Ensino","Vertical":"HRTech","Relação com o Mercado":"B2B","Modelo de Negócio":"Assinatura","Cidade":"Passo Fundo","Região":"Produção e Norte","Link":"https://www.umentor.com.br/"},"geometry":{"type":"Point","coordinates":[-52.4102752,-28.2622705]}},{"type":"Feature","properties":{"Ambiente":"VENTIUR","Startup":"Umentor","Estágio":"Crescimento","Segmento":"Educação e Ensino","Vertical":"HRTech","Relação com o Mercado":"B2B","Modelo de Negócio":"Assinatura","Cidade":"Passo Fundo","Região":"Produção e Norte","Link":"https://www.umentor.com.br/"},"geometry":{"type":"Point","coordinates":[-52.4102752,-28.2622705]}},{"type":"Feature","properties":{"Ambiente":"TECNOPUC","Startup":"Ummense","Estágio":"Crescimento","Segmento":"Gestão de Negócios e Projetos","Vertical":"Outras","Relação com o Mercado":"B2B","Modelo de Negócio":"SaaS","Cidade":"Porto Alegre","Região":"Metropolitana e Litoral Norte","Link":"https://www.ummense.com/"},"geometry":{"type":"Point","coordinates":[-51.2089887,-30.0368176]}},{"type":"Feature","properties":{"Ambiente":"NÃO INFORMADO","Startup":"uMove.me","Estágio":"Crescimento","Segmento":"Software e Cloud","Vertical":"LogTech","Relação com o Mercado":"B2B","Modelo de Negócio":"Não Informado","Cidade":"Porto Alegre","Região":"Metropolitana e Litoral Norte","Link":"https://www.umov.me/aplicativo-logistica/"},"geometry":{"type":"Point","coordinates":[-51.2089887,-30.0368176]}},{"type":"Feature","properties":{"Ambiente":"NÃO INFORMADO","Startup":"Uni Freela","Estágio":"Não Informado","Segmento":"Não Informado","Vertical":"Não Informado","Relação com o Mercado":"Não Informado","Modelo de Negócio":"Não Informado","Cidade":"Santa Maria","Região":"Central","Link":""},"geometry":{"type":"Point","coordinates":[-53.7923441,-29.6894984]}},{"type":"Feature","properties":{"Ambiente":"NÃO INFORMADO","Startup":"UniNVEST ENERGIAS RENOVÁVEIS","Estágio":"Ideação","Segmento":"Meio Ambiente e Sustentabilidade","Vertical":"EnergyTech","Relação com o Mercado":"B2B2C","Modelo de Negócio":"SaaS","Cidade":"Rio Grande","Região":"Sul","Link":"https://www.instagram.com/unilacte/"},"geometry":{"type":"Point","coordinates":[-52.1016953,-32.0407893]}},{"type":"Feature","properties":{"Ambiente":"NÃO INFORMADO","Startup":"Unipago","Estágio":"Crescimento","Segmento":"Software e Cloud","Vertical":"FinTech","Relação com o Mercado":"B2B","Modelo de Negócio":"SaaS","Cidade":"Porto Alegre","Região":"Metropolitana e Litoral Norte","Link":"https://unipago.com.br/"},"geometry":{"type":"Point","coordinates":[-51.2089887,-30.0368176]}},{"type":"Feature","properties":{"Ambiente":"NÃO INFORMADO","Startup":"UniPROVAS","Estágio":"Crescimento","Segmento":"IA (Inteligência Artificial)","Vertical":"EdTech","Relação com o Mercado":"B2B e B2G","Modelo de Negócio":"SaaS","Cidade":"Taquari","Região":"Região dos Vales","Link":"https://uniprovas.com.br/"},"geometry":{"type":"Point","coordinates":[-51.8666029,-29.7955576]}},{"type":"Feature","properties":{"Ambiente":"NÃO INFORMADO","Startup":"UniTEG","Estágio":"Crescimento","Segmento":"TI (Tecnologia da Informação)","Vertical":"EdTech","Relação com o Mercado":"B2B","Modelo de Negócio":"SaaS","Cidade":"Taquari","Região":"Região dos Vales","Link":"https://unicfc.com.br/"},"geometry":{"type":"Point","coordinates":[-51.8666029,-29.7955576]}},{"type":"Feature","properties":{"Ambiente":"NÃO INFORMADO","Startup":"UniWAY SCHOOL","Estágio":"Validação","Segmento":"Educação e Ensino","Vertical":"EdTech","Relação com o Mercado":"B2B","Modelo de Negócio":"Assinatura","Cidade":"Porto Alegre","Região":"Metropolitana e Litoral Norte","Link":"https://uniwayschool.com/pt_br/"},"geometry":{"type":"Point","coordinates":[-51.2089887,-30.0368176]}},{"type":"Feature","properties":{"Ambiente":"NÃO INFORMADO","Startup":"Upcontrol","Estágio":"Validação","Segmento":"Pesquisa","Vertical":"EdTech","Relação com o Mercado":"B2B","Modelo de Negócio":"Não Informado","Cidade":"Porto Alegre","Região":"Metropolitana e Litoral Norte","Link":"http://www.upcontrol.com.br/"},"geometry":{"type":"Point","coordinates":[-51.2089887,-30.0368176]}},{"type":"Feature","properties":{"Ambiente":"TECNOSINOS","Startup":"UPCYFOODS","Estágio":"Validação","Segmento":"Meio Ambiente e Sustentabilidade","Vertical":"Foodtech","Relação com o Mercado":"B2B","Modelo de Negócio":"Não Informado","Cidade":"São Leopoldo","Região":"Metropolitana e Litoral Norte","Link":"https://www.instagram.com/upcyfoods/"},"geometry":{"type":"Point","coordinates":[-51.1480174,-29.7607417]}},{"type":"Feature","properties":{"Ambiente":"TECNOSINOS","Startup":"UPSENSOR","Estágio":"Escala","Segmento":"Engenharia e Indústria Geral","Vertical":"IndTech","Relação com o Mercado":"B2B e B2C","Modelo de Negócio":"Transação","Cidade":"São Leopoldo","Região":"Metropolitana e Litoral Norte","Link":"https://upsensor.com/"},"geometry":{"type":"Point","coordinates":[-51.1480174,-29.7607417]}},{"type":"Feature","properties":{"Ambiente":"INSTITUTO CALDEIRA","Startup":"Urb IA","Estágio":"Não Informado","Segmento":"Construção Civil","Vertical":"PropTech","Relação com o Mercado":"B2B","Modelo de Negócio":"Assinatura","Cidade":"Porto Alegre","Região":"Metropolitana e Litoral Norte","Link":"https://www.urbia.com.br/"},"geometry":{"type":"Point","coordinates":[-51.2089887,-30.0368176]}},{"type":"Feature","properties":{"Ambiente":"NÃO INFORMADO","Startup":"URBE.ME","Estágio":"Crescimento","Segmento":"Financeiro","Vertical":"PropTech","Relação com o Mercado":"B2B","Modelo de Negócio":"Marketplace","Cidade":"Porto Alegre","Região":"Metropolitana e Litoral Norte","Link":"https://urbe.me/"},"geometry":{"type":"Point","coordinates":[-51.2089887,-30.0368176]}},{"type":"Feature","properties":{"Ambiente":"NÃO INFORMADO","Startup":"Urupê","Estágio":"Crescimento","Segmento":"Meio Ambiente e Sustentabilidade","Vertical":"GreenTech","Relação com o Mercado":"B2B","Modelo de Negócio":"Não Informado","Cidade":"Caxias Do Sul","Região":"Serra Gaúcha","Link":"https://www.urupe.eco.br/"},"geometry":{"type":"Point","coordinates":[-51.1812032,-29.1740137]}},{"type":"Feature","properties":{"Ambiente":"NÃO INFORMADO","Startup":"Userfit","Estágio":"Validação","Segmento":"Software e Cloud","Vertical":"HealthTech","Relação com o Mercado":"B2B e B2C","Modelo de Negócio":"Marketplace","Cidade":"Porto Alegre","Região":"Metropolitana e Litoral Norte","Link":"https://www.linkedin.com/in/marcioacardoso"},"geometry":{"type":"Point","coordinates":[-51.2089887,-30.0368176]}},{"type":"Feature","properties":{"Ambiente":"NÃO INFORMADO","Startup":"Usphera XR","Estágio":"Validação","Segmento":"IA (Inteligência Artificial)","Vertical":"HealthTech","Relação com o Mercado":"B2C","Modelo de Negócio":"Não Informado","Cidade":"Porto Alegre","Região":"Metropolitana e Litoral Norte","Link":"https://www.linkedin.com/company/usphera/about/"},"geometry":{"type":"Point","coordinates":[-51.2089887,-30.0368176]}},{"type":"Feature","properties":{"Ambiente":"INSTITUTO CALDEIRA","Startup":"UY3","Estágio":"Não Informado","Segmento":"Financeiro","Vertical":"FinTech","Relação com o Mercado":"B2B","Modelo de Negócio":"Não Informado","Cidade":"Porto Alegre","Região":"Metropolitana e Litoral Norte","Link":"https://www.uy3.com.br/"},"geometry":{"type":"Point","coordinates":[-51.2089887,-30.0368176]}},{"type":"Feature","properties":{"Ambiente":"CRIATEC UNIJUÍ","Startup":"V12 Technologic Solutions","Estágio":"Escala","Segmento":"Indústria 4.0","Vertical":"IndTech","Relação com o Mercado":"B2B","Modelo de Negócio":"Pay-per-use","Cidade":"Santa Rosa","Região":"Noroeste e Missões","Link":"https://v12ts.com.br/"},"geometry":{"type":"Point","coordinates":[-54.4797042,-27.8700347]}},{"type":"Feature","properties":{"Ambiente":"NÃO INFORMADO","Startup":"V4 COMPANY","Estágio":"Escala","Segmento":"Consultorias e Treinamentos","Vertical":"MarTech","Relação com o Mercado":"B2B","Modelo de Negócio":"Não Informado","Cidade":"São Leopoldo","Região":"Metropolitana e Litoral Norte","Link":"https://v4company.com/"},"geometry":{"type":"Point","coordinates":[-51.1480174,-29.7607417]}},{"type":"Feature","properties":{"Ambiente":"NÃO INFORMADO","Startup":"Vagas na Cidade","Estágio":"Validação","Segmento":"IA (Inteligência Artificial)","Vertical":"HRTech","Relação com o Mercado":"B2B2C","Modelo de Negócio":"Serviços Baseados em Taxas","Cidade":"Uruguaiana","Região":"Campanha e Fronteira Oeste","Link":"https://vagasnacidade.com.br/site/"},"geometry":{"type":"Point","coordinates":[-57.0863393,-29.7584058]}},{"type":"Feature","properties":{"Ambiente":"LAB FECOMÉRCIO-RS","Startup":"Vagas na serra","Estágio":"Validação","Segmento":"Serviços","Vertical":"HRTech","Relação com o Mercado":"B2B","Modelo de Negócio":"Não Informado","Cidade":"Caxias do Sul","Região":"Serra Gaúcha","Link":"https://www.vagasnaserra.com/"},"geometry":{"type":"Point","coordinates":[-51.1812032,-29.1740137]}},{"type":"Feature","properties":{"Ambiente":"TECNOVATES","Startup":"VALÊNCIA ENERGIA","Estágio":"Crescimento","Segmento":"Energia","Vertical":"EnergyTech","Relação com o Mercado":"B2B e B2C","Modelo de Negócio":"Transação","Cidade":"São Leopoldo","Região":"Metropolitana e Litoral Norte","Link":"https://valenciaenergia.com.br/"},"geometry":{"type":"Point","coordinates":[-51.1480174,-29.7607417]}},{"type":"Feature","properties":{"Ambiente":"TECNOVATES","Startup":"Valores do RS","Estágio":"Validação","Segmento":"Comunicação","Vertical":"MediaTech","Relação com o Mercado":"B2B","Modelo de Negócio":"Transação","Cidade":"Lajeado","Região":"Região dos Vales","Link":"https://valoresdors.com.br/"},"geometry":{"type":"Point","coordinates":[-51.9679026,-29.4606311]}},{"type":"Feature","properties":{"Ambiente":"NÃO INFORMADO","Startup":"Valorizza Desenvolvimento Empresarial","Estágio":"Crescimento","Segmento":"RH e Coaching","Vertical":"HRTech","Relação com o Mercado":"B2B","Modelo de Negócio":"Não Informado","Cidade":"Caxias do Sul","Região":"Serra Gaúcha","Link":"https://valorizza.com.br/"},"geometry":{"type":"Point","coordinates":[-51.1812032,-29.1740137]}},{"type":"Feature","properties":{"Ambiente":"NÃO INFORMADO","Startup":"Vanessa Becker Mentoria","Estágio":"Crescimento","Segmento":"Consultorias e Treinamentos","Vertical":"EdTech","Relação com o Mercado":"B2B","Modelo de Negócio":"Outro","Cidade":"Caxias do Sul","Região":"Serra Gaúcha","Link":"https://vanessabecker.com.br/"},"geometry":{"type":"Point","coordinates":[-51.1812032,-29.1740137]}},{"type":"Feature","properties":{"Ambiente":"NÃO INFORMADO","Startup":"VAREJO.ME","Estágio":"Ideação","Segmento":"Consultorias e Treinamentos","Vertical":"Retailtech","Relação com o Mercado":"B2B","Modelo de Negócio":"Assinatura","Cidade":"Caxias do Sul","Região":"Serra Gaúcha","Link":"https://varejo.me/"},"geometry":{"type":"Point","coordinates":[-51.1812032,-29.1740137]}},{"type":"Feature","properties":{"Ambiente":"TECNOPUC","Startup":"VASTO AGRO","Estágio":"Crescimento","Segmento":"Agronegócio","Vertical":"LogTech","Relação com o Mercado":"B2B","Modelo de Negócio":"Transação","Cidade":"Porto Alegre","Região":"Metropolitana e Litoral Norte","Link":"https://www.vastoagro.com.br/"},"geometry":{"type":"Point","coordinates":[-51.2089887,-30.0368176]}},{"type":"Feature","properties":{"Ambiente":"NÃO INFORMADO","Startup":"Vatto","Estágio":"Crescimento","Segmento":"Gestão de Negócios e Projetos","Vertical":"SalesTech","Relação com o Mercado":"B2B","Modelo de Negócio":"Não Informado","Cidade":"São Leopoldo","Região":"Metropolitana e Litoral Norte","Link":"https://www.linkedin.com/company/vatto-aceleradora-comercial/about/"},"geometry":{"type":"Point","coordinates":[-51.1480174,-29.7607417]}},{"type":"Feature","properties":{"Ambiente":"INSTITUTO CALDEIRA","Startup":"VB INTELIGENCIA DE MERCADO","Estágio":"Não Informado","Segmento":"Gestão de Negócios e Projetos","Vertical":"Outras","Relação com o Mercado":"B2B","Modelo de Negócio":"Não Informado","Cidade":"Porto Alegre","Região":"Metropolitana e Litoral Norte","Link":""},"geometry":{"type":"Point","coordinates":[-51.2089887,-30.0368176]}},{"type":"Feature","properties":{"Ambiente":"NÃO INFORMADO","Startup":"VDATA","Estágio":"Ideação","Segmento":"Analytics","Vertical":"SalesTech","Relação com o Mercado":"B2B","Modelo de Negócio":"Não Informado","Cidade":"Santa Maria","Região":"Central","Link":"https://vdata-startup.com/"},"geometry":{"type":"Point","coordinates":[-53.7923441,-29.6894984]}},{"type":"Feature","properties":{"Ambiente":"PELOTAS PARQUE","Startup":"Veat Proteínas Sustentáveis","Estágio":"Validação","Segmento":"Biotecnologia","Vertical":"FoodTech","Relação com o Mercado":"B2B","Modelo de Negócio":"Não Informado","Cidade":"Pelotas","Região":"Sul","Link":"https://www.instagram.com/veat_proteinas_sustentaveis/"},"geometry":{"type":"Point","coordinates":[-52.3313342,-31.7700081]}},{"type":"Feature","properties":{"Ambiente":"NÃO INFORMADO","Startup":"Velatech","Estágio":"Validação","Segmento":"Marketing e Publicidade","Vertical":"MarTech","Relação com o Mercado":"B2B","Modelo de Negócio":"Não Informado","Cidade":"Novo Hamburgo","Região":"Metropolitana e Litoral Norte","Link":"https://agenciavela.com.br/"},"geometry":{"type":"Point","coordinates":[-51.1337471,-29.683463]}},{"type":"Feature","properties":{"Ambiente":"CIDICA","Startup":"VELOCE.TECH","Estágio":"Validação","Segmento":"TI (Tecnologia da Informação)","Vertical":"SalesTech","Relação com o Mercado":"B2B e B2C","Modelo de Negócio":"Marketplace","Cidade":"Porto Alegre","Região":"Metropolitana e Litoral Norte","Link":"https://veloce.tech/"},"geometry":{"type":"Point","coordinates":[-51.2089887,-30.0368176]}},{"type":"Feature","properties":{"Ambiente":"PAMPATEC","Startup":"Venda ERP Serviços de Desenvolvimento de Software e Consultoria em Gestão Empresarial Ltda","Estágio":"Escala","Segmento":"Comércio e Varejo","Vertical":"RetailTech","Relação com o Mercado":"B2B","Modelo de Negócio":"Assinatura","Cidade":"Alegrete","Região":"Campanha e Fronteira Oeste","Link":"https://vendaerp.com.br/"},"geometry":{"type":"Point","coordinates":[-55.7936527,-29.7837672]}},{"type":"Feature","properties":{"Ambiente":"TECNOPUC","Startup":"Vent Digital","Estágio":"Crescimento","Segmento":"IA (Inteligência Artificial)","Vertical":"ITTech","Relação com o Mercado":"B2B","Modelo de Negócio":"SaaS","Cidade":"Porto Alegre","Região":"Metropolitana e Litoral Norte","Link":"https://vent.digital/"},"geometry":{"type":"Point","coordinates":[-51.2089887,-30.0368176]}},{"type":"Feature","properties":{"Ambiente":"NÃO INFORMADO","Startup":"Verathi Gestão Financeira","Estágio":"Crescimento","Segmento":"Gestão de Negócios e Projetos","Vertical":"Fintech","Relação com o Mercado":"B2B","Modelo de Negócio":"SaaS","Cidade":"Flores da Cunha","Região":"Serra Gaúcha","Link":"https://verathi.com.br/"},"geometry":{"type":"Point","coordinates":[-51.1814301,-29.0293699]}},{"type":"Feature","properties":{"Ambiente":"PULSAR","Startup":"Verden","Estágio":"Crescimento","Segmento":"Automotivo","Vertical":"AutoTech","Relação com o Mercado":"B2B e B2C","Modelo de Negócio":"Assinatura","Cidade":"Santa Maria","Região":"Central","Link":"verden.agr.br"},"geometry":{"type":"Point","coordinates":[-53.7923441,-29.6894984]}},{"type":"Feature","properties":{"Ambiente":"NÃO INFORMADO","Startup":"Verdes Hábitos","Estágio":"Validação","Segmento":"Meio Ambiente e Sustentabilidade","Vertical":"GreenTech","Relação com o Mercado":"B2B e B2C","Modelo de Negócio":"E-commerce","Cidade":"Dois Irmãos","Região":"Metropolitana e Litoral Norte","Link":"https://verdeshabitos.com.br/"},"geometry":{"type":"Point","coordinates":[-51.0877223,-29.5883462]}},{"type":"Feature","properties":{"Ambiente":"TECNOSINOS","Startup":"VERSOLID","Estágio":"Escala","Segmento":"Engenharia e Indústria Geral","Vertical":"IndTech","Relação com o Mercado":"B2B e B2C","Modelo de Negócio":"Transação","Cidade":"São Leopoldo","Região":"Metropolitana e Litoral Norte","Link":"https://www.dsm.com/latam/pt_BR/home.html"},"geometry":{"type":"Point","coordinates":[-51.1480174,-29.7607417]}},{"type":"Feature","properties":{"Ambiente":"CRIATEC UNIJUÍ","Startup":"VERTAL","Estágio":"Escala","Segmento":"Meio Ambiente e Sustentabilidade","Vertical":"GreenTech","Relação com o Mercado":"B2B2C","Modelo de Negócio":"Pay-per-use","Cidade":"Santa Rosa","Região":"Noroeste e Missões","Link":"https://www.vertalimoveis.com.br/"},"geometry":{"type":"Point","coordinates":[-54.4797042,-27.8700347]}},{"type":"Feature","properties":{"Ambiente":"IFFAR JAGUARI","Startup":"Verum Biotecnologia","Estágio":"Validação","Segmento":"Biotecnologia","Vertical":"AgTech","Relação com o Mercado":"B2B e B2C","Modelo de Negócio":"Transação","Cidade":"Jaguari","Região":"Central","Link":"https://www.instagram.com/verumbiotecnologia/"},"geometry":{"type":"Point","coordinates":[-54.6856513,-29.4991993]}},{"type":"Feature","properties":{"Ambiente":"NÃO INFORMADO","Startup":"Vex Tecnologia","Estágio":"Ideação","Segmento":"TI (Tecnologia da Informação)","Vertical":"IndTech","Relação com o Mercado":"B2B","Modelo de Negócio":"Não Informado","Cidade":"Caxias do Sul","Região":"Serra Gaúcha","Link":"https://www.vextecnologia.com.br/"},"geometry":{"type":"Point","coordinates":[-51.1812032,-29.1740137]}},{"type":"Feature","properties":{"Ambiente":"NÃO INFORMADO","Startup":"Vidaia Care","Estágio":"Validação","Segmento":"Comércio e Varejo","Vertical":"HealthTech","Relação com o Mercado":"B2B","Modelo de Negócio":"Assinatura","Cidade":"Guaíba","Região":"Metropolitana e Litoral Norte","Link":"https://www.vidaia.com.br/"},"geometry":{"type":"Point","coordinates":[-51.3216111,-30.1165868]}},{"type":"Feature","properties":{"Ambiente":"NÃO INFORMADO","Startup":"Virando a Terra","Estágio":"Crescimento","Segmento":"Meio Ambiente e Sustentabilidade","Vertical":"GreenTech","Relação com o Mercado":"B2B e B2C","Modelo de Negócio":"Assinatura","Cidade":"São Leopoldo","Região":"Metropolitana e Litoral Norte","Link":"https://www.virandoaterra.com/"},"geometry":{"type":"Point","coordinates":[-51.1480174,-29.7607417]}},{"type":"Feature","properties":{"Ambiente":"NÃO INFORMADO","Startup":"VirtuALL HRpartner","Estágio":"Validação","Segmento":"RH e Coaching","Vertical":"EsgTech","Relação com o Mercado":"B2B","Modelo de Negócio":"Não Informado","Cidade":"Porto Alegre","Região":"Metropolitana e Litoral Norte","Link":"https://virtuallhr.com/"},"geometry":{"type":"Point","coordinates":[-51.2089887,-30.0368176]}},{"type":"Feature","properties":{"Ambiente":"NÃO INFORMADO","Startup":"Virtuati","Estágio":"Crescimento","Segmento":"Financeiro","Vertical":"Fintech","Relação com o Mercado":"B2C","Modelo de Negócio":"Não Informado","Cidade":"Caxias do Sul","Região":"Serra Gaúcha","Link":"https://www.virtuati.com.br/"},"geometry":{"type":"Point","coordinates":[-51.1812032,-29.1740137]}},{"type":"Feature","properties":{"Ambiente":"NÃO INFORMADO","Startup":"Visão i","Estágio":"Validação","Segmento":"Software e Cloud","Vertical":"ITTech","Relação com o Mercado":"B2B","Modelo de Negócio":"Transação","Cidade":"Lajeado","Região":"Região dos Vales","Link":"https://visaoi.com.br/"},"geometry":{"type":"Point","coordinates":[-51.9679026,-29.4606311]}},{"type":"Feature","properties":{"Ambiente":"UPF PARQUE","Startup":"VisionniT","Estágio":"Escala","Segmento":"TI (Tecnologia da Informação)","Vertical":"HealthTech","Relação com o Mercado":"B2B e B2C","Modelo de Negócio":"SaaS","Cidade":"Passo Fundo","Região":"Produção e Norte","Link":"https://www.visionnit.com.br/"},"geometry":{"type":"Point","coordinates":[-52.4102752,-28.2622705]}},{"type":"Feature","properties":{"Ambiente":"NÃO INFORMADO","Startup":"VITAL LIBERDADE FINANCEIRA","Estágio":"Ideação","Segmento":"Consultorias e Treinamentos","Vertical":"FinTech","Relação com o Mercado":"B2B","Modelo de Negócio":"Não Informado","Cidade":"Porto Alegre","Região":"Metropolitana e Litoral Norte","Link":"https://www.linkedin.com/company/vital-liberdadefinanceira"},"geometry":{"type":"Point","coordinates":[-51.2089887,-30.0368176]}},{"type":"Feature","properties":{"Ambiente":"CRIATEC UNIJUÍ","Startup":"Vitória Agência de Publicidade LTDA","Estágio":"Validação","Segmento":"Marketing e Publicidade","Vertical":"MarTech","Relação com o Mercado":"B2C","Modelo de Negócio":"Assinatura","Cidade":"Ijuí","Região":"Noroeste e Missões","Link":"https://www.instagram.com/vitoriagencia/"},"geometry":{"type":"Point","coordinates":[-53.9220126,-28.3891409]}},{"type":"Feature","properties":{"Ambiente":"ITEC/UCS","Startup":"Viva Broto","Estágio":"Não Informado","Segmento":"Agronegócio","Vertical":"AgTech","Relação com o Mercado":"B2C","Modelo de Negócio":"Não Informado","Cidade":"Caxias do Sul","Região":"Serra Gaúcha","Link":"https://www.linkedin.com/company/viva-broto/about/"},"geometry":{"type":"Point","coordinates":[-51.1812032,-29.1740137]}},{"type":"Feature","properties":{"Ambiente":"HORIZONTE FAHOR","Startup":"VM AgroInova","Estágio":"Ideação","Segmento":"Agronegócio","Vertical":"AgTech","Relação com o Mercado":"B2C","Modelo de Negócio":"Venda de Dados","Cidade":"Horizontina","Região":"Noroeste e Missões","Link":""},"geometry":{"type":"Point","coordinates":[-54.3059728,-27.628239]}},{"type":"Feature","properties":{"Ambiente":"NÃO INFORMADO","Startup":"VOGA arquitetura e urbanismo","Estágio":"Escala","Segmento":"Gestão de Negócios e Projetos","Vertical":"ConstruTech","Relação com o Mercado":"B2B e B2C","Modelo de Negócio":"Transação","Cidade":"São Leopoldo","Região":"Metropolitana e Litoral Norte","Link":"https://voga.arq.br/"},"geometry":{"type":"Point","coordinates":[-51.1480174,-29.7607417]}},{"type":"Feature","properties":{"Ambiente":"NÃO INFORMADO","Startup":"Volta E-Bike","Estágio":"Crescimento","Segmento":"Mobilidade","Vertical":"MobTech","Relação com o Mercado":"B2B e B2C","Modelo de Negócio":"Pay-per-use","Cidade":"Porto Alegre","Região":"Metropolitana e Litoral Norte","Link":"https://www.voltaebike.com/"},"geometry":{"type":"Point","coordinates":[-51.2089887,-30.0368176]}},{"type":"Feature","properties":{"Ambiente":"INSTITUTO CALDEIRA","Startup":"Volters","Estágio":"Crescimento","Segmento":"Energia","Vertical":"EnergyTech","Relação com o Mercado":"B2B2C","Modelo de Negócio":"Serviços Baseados em Taxas","Cidade":"Porto Alegre","Região":"Metropolitana e Litoral Norte","Link":"https://www.volters.com.br/"},"geometry":{"type":"Point","coordinates":[-51.2089887,-30.0368176]}},{"type":"Feature","properties":{"Ambiente":"TECNOPUC","Startup":"Volters","Estágio":"Crescimento","Segmento":"Energia","Vertical":"EnergyTech","Relação com o Mercado":"B2B2C","Modelo de Negócio":"Serviços Baseados em Taxas","Cidade":"Porto Alegre","Região":"Metropolitana e Litoral Norte","Link":"https://volters.com.br/"},"geometry":{"type":"Point","coordinates":[-51.2089887,-30.0368176]}},{"type":"Feature","properties":{"Ambiente":"NÃO INFORMADO","Startup":"VOPPI","Estágio":"Validação","Segmento":"Turismo e Lazer","Vertical":"FunTech","Relação com o Mercado":"B2B","Modelo de Negócio":"Marketplace","Cidade":"Porto Alegre","Região":"Metropolitana e Litoral Norte","Link":"https://voppi.com.br"},"geometry":{"type":"Point","coordinates":[-51.2089887,-30.0368176]}},{"type":"Feature","properties":{"Ambiente":"NÃO INFORMADO","Startup":"VOROTECH DESENVOLVIMENTO DE SOFTWARE","Estágio":"Validação","Segmento":"Software e Cloud","Vertical":"IndTech","Relação com o Mercado":"B2B","Modelo de Negócio":"Não Informado","Cidade":"Porto Alegre","Região":"Metropolitana e Litoral Norte","Link":"https://www.linkedin.com/company/vorotech"},"geometry":{"type":"Point","coordinates":[-51.2089887,-30.0368176]}},{"type":"Feature","properties":{"Ambiente":"TECNOPUC","Startup":"Voyage Travel Planner","Estágio":"Validação","Segmento":"Turismo e Lazer","Vertical":"TurisTech","Relação com o Mercado":"B2C","Modelo de Negócio":"Assinatura","Cidade":"Porto Alegre","Região":"Metropolitana e Litoral Norte","Link":"https://voyplan.app"},"geometry":{"type":"Point","coordinates":[-51.2089887,-30.0368176]}},{"type":"Feature","properties":{"Ambiente":"NÃO INFORMADO","Startup":"VR ORIENTAÇÃO NUTRICIONAL","Estágio":"Crescimento","Segmento":"TI (Tecnologia da Informação)","Vertical":"AgTech","Relação com o Mercado":"B2B","Modelo de Negócio":"Assinatura","Cidade":"Teutônia","Região":"Região dos Vales","Link":"https://www.controlmilk.com.br/vrorientacao"},"geometry":{"type":"Point","coordinates":[-51.8086654,-29.4714489]}},{"type":"Feature","properties":{"Ambiente":"NÃO INFORMADO","Startup":"W3 Special Ingredients","Estágio":"Validação","Segmento":"Alimentos e Bebidas","Vertical":"FoodTech","Relação com o Mercado":"B2C","Modelo de Negócio":"Transação","Cidade":"Santa Maria","Região":"Central","Link":""},"geometry":{"type":"Point","coordinates":[-53.7923441,-29.6894984]}},{"type":"Feature","properties":{"Ambiente":"NÃO INFORMADO","Startup":"W3K","Estágio":"Escala","Segmento":"Gestão de Negócios e Projetos","Vertical":"ITTech","Relação com o Mercado":"B2B","Modelo de Negócio":"SaaS","Cidade":"São Leopoldo","Região":"Metropolitana e Litoral Norte","Link":"https://w3k.com.br/"},"geometry":{"type":"Point","coordinates":[-51.1480174,-29.7607417]}},{"type":"Feature","properties":{"Ambiente":"NÃO INFORMADO","Startup":"Warp Tecnologias","Estágio":"Validação","Segmento":"Consultorias e Treinamentos","Vertical":"ITTech","Relação com o Mercado":"Não Informado","Modelo de Negócio":"Não Informado","Cidade":"Santa Maria","Região":"Central","Link":""},"geometry":{"type":"Point","coordinates":[-53.7923441,-29.6894984]}},{"type":"Feature","properties":{"Ambiente":"NÃO INFORMADO","Startup":"Warren","Estágio":"Escala","Segmento":"Financeiro","Vertical":"FinTech","Relação com o Mercado":"B2B e B2C","Modelo de Negócio":"Serviços Baseados em Taxas","Cidade":"Porto Alegre","Região":"Metropolitana e Litoral Norte","Link":"https://warren.com.br/"},"geometry":{"type":"Point","coordinates":[-51.2089887,-30.0368176]}},{"type":"Feature","properties":{"Ambiente":"NÃO INFORMADO","Startup":"Waybol Educação","Estágio":"Validação","Segmento":"Educação e Ensino","Vertical":"EdTech","Relação com o Mercado":"B2B","Modelo de Negócio":"Não Informado","Cidade":"Bento Gonçalves","Região":"Serra Gaúcha","Link":"https://garagem.bndes.gov.br/startup/waybol/"},"geometry":{"type":"Point","coordinates":[-51.5169861,-29.1667089]}},{"type":"Feature","properties":{"Ambiente":"INSTITUTO CALDEIRA","Startup":"WB Gestão Educacional","Estágio":"Não Informado","Segmento":"Educação e Ensino","Vertical":"EdTech","Relação com o Mercado":"B2B e B2C","Modelo de Negócio":"Assinatura","Cidade":"Porto Alegre","Região":"Metropolitana e Litoral Norte","Link":"https://wbeduca.com.br"},"geometry":{"type":"Point","coordinates":[-51.2089887,-30.0368176]}},{"type":"Feature","properties":{"Ambiente":"NÃO INFORMADO","Startup":"wbio","Estágio":"Validação","Segmento":"Biotecnologia","Vertical":"HealthTech","Relação com o Mercado":"B2G","Modelo de Negócio":"Não Informado","Cidade":"Campo Bom","Região":"Metropolitana e Litoral Norte","Link":"https://www.linkedin.com/company/wbio/about/"},"geometry":{"type":"Point","coordinates":[-51.0613111,-29.6747831]}},{"type":"Feature","properties":{"Ambiente":"NÃO INFORMADO","Startup":"WE FIX","Estágio":"Escala","Segmento":"TI (Tecnologia da Informação)","Vertical":"ITTech","Relação com o Mercado":"B2C","Modelo de Negócio":"Marketplace","Cidade":"Porto Alegre","Região":"Metropolitana e Litoral Norte","Link":"https://www.linkedin.com/company/we-fix-mobile-solutions/about/"},"geometry":{"type":"Point","coordinates":[-51.2089887,-30.0368176]}},{"type":"Feature","properties":{"Ambiente":"NÃO INFORMADO","Startup":"Web Jasper Tecnologia e Consultoria","Estágio":"Escala","Segmento":"TI (Tecnologia da Informação)","Vertical":"RetailTech","Relação com o Mercado":"B2B","Modelo de Negócio":"Não Informado","Cidade":"Lajeado","Região":"Região dos Vales","Link":"https://webjasper.com.br/"},"geometry":{"type":"Point","coordinates":[-51.9679026,-29.4606311]}},{"type":"Feature","properties":{"Ambiente":"NÃO INFORMADO","Startup":"Webmagister","Estágio":"Crescimento","Segmento":"Gestão de Negócios e Projetos","Vertical":"EdTech","Relação com o Mercado":"B2B2C","Modelo de Negócio":"Não Informado","Cidade":"Caxias do Sul","Região":"Serra Gaúcha","Link":"https://www.webmagister.com.br/"},"geometry":{"type":"Point","coordinates":[-51.1812032,-29.1740137]}},{"type":"Feature","properties":{"Ambiente":"TECNOPUC","Startup":"WebMed","Estágio":"Crescimento","Segmento":"Saúde e Bem-Estar","Vertical":"HealthTech","Relação com o Mercado":"B2B","Modelo de Negócio":"Marketplace","Cidade":"Porto Alegre","Região":"Metropolitana e Litoral Norte","Link":"https://www.webmagister.com.br/"},"geometry":{"type":"Point","coordinates":[-51.2089887,-30.0368176]}},{"type":"Feature","properties":{"Ambiente":"VENTIUR","Startup":"WebMed","Estágio":"Crescimento","Segmento":"Saúde e Bem-Estar","Vertical":"HealthTech","Relação com o Mercado":"B2B","Modelo de Negócio":"Marketplace","Cidade":"Porto Alegre","Região":"Metropolitana e Litoral Norte","Link":"https://site.webmedbr.com/"},"geometry":{"type":"Point","coordinates":[-51.2089887,-30.0368176]}},{"type":"Feature","properties":{"Ambiente":"NÃO INFORMADO","Startup":"WeBurn","Estágio":"Escala","Segmento":"TI (Tecnologia da Informação)","Vertical":"SportsTech","Relação com o Mercado":"B2C","Modelo de Negócio":"Assinatura","Cidade":"Porto Alegre","Região":"Metropolitana e Litoral Norte","Link":"https://weburn.com.br/"},"geometry":{"type":"Point","coordinates":[-51.2089887,-30.0368176]}},{"type":"Feature","properties":{"Ambiente":"NÃO INFORMADO","Startup":"WeCollab","Estágio":"Escala","Segmento":"TI (Tecnologia da Informação)","Vertical":"HRTech","Relação com o Mercado":"B2B e B2C","Modelo de Negócio":"Não Informado","Cidade":"Novo Hamburgo","Região":"Metropolitana e Litoral Norte","Link":"https://www.linkedin.com/company/wecollab-brasil/"},"geometry":{"type":"Point","coordinates":[-51.1337471,-29.683463]}},{"type":"Feature","properties":{"Ambiente":"NÃO INFORMADO","Startup":"WeConecta","Estágio":"Validação","Segmento":"IA (Inteligência Artificial)","Vertical":"HealthTech","Relação com o Mercado":"B2B","Modelo de Negócio":"Não Informado","Cidade":"Porto Alegre","Região":"Metropolitana e Litoral Norte","Link":"https://weconecta.com/"},"geometry":{"type":"Point","coordinates":[-51.2089887,-30.0368176]}},{"type":"Feature","properties":{"Ambiente":"VENTIUR","Startup":"Wedy","Estágio":"Crescimento","Segmento":"Eventos","Vertical":"EventsTech","Relação com o Mercado":"B2C","Modelo de Negócio":"Marketplace","Cidade":"São Leopoldo","Região":"Metropolitana e Litoral Norte","Link":"https://casamento.wedy.com/"},"geometry":{"type":"Point","coordinates":[-51.1480174,-29.7607417]}},{"type":"Feature","properties":{"Ambiente":"PULSAR","Startup":"WeeCaps","Estágio":"Validação","Segmento":"Alimentos e Bebidas","Vertical":"FoodTech","Relação com o Mercado":"A2A","Modelo de Negócio":"Custo por Aquisição","Cidade":"Santa Maria","Região":"Central","Link":"https://weecaps.com.br/"},"geometry":{"type":"Point","coordinates":[-53.7923441,-29.6894984]}},{"type":"Feature","properties":{"Ambiente":"NÃO INFORMADO","Startup":"Weeco","Estágio":"Validação","Segmento":"Saúde e Bem-Estar","Vertical":"BeautyTech","Relação com o Mercado":"B2C","Modelo de Negócio":"E-commerce","Cidade":"Porto Alegre","Região":"Metropolitana e Litoral Norte","Link":"https://www.weeco.com.br/"},"geometry":{"type":"Point","coordinates":[-51.2089887,-30.0368176]}},{"type":"Feature","properties":{"Ambiente":"NÃO INFORMADO","Startup":"Weheal","Estágio":"Ideação","Segmento":"Saúde e Bem-Estar","Vertical":"HealthTech","Relação com o Mercado":"B2B","Modelo de Negócio":"Não Informado","Cidade":"Porto Alegre","Região":"Metropolitana e Litoral Norte","Link":"http://weheal.app.br"},"geometry":{"type":"Point","coordinates":[-51.2089887,-30.0368176]}},{"type":"Feature","properties":{"Ambiente":"NÃO INFORMADO","Startup":"WeTutors","Estágio":"Ideação","Segmento":"Educação e Ensino","Vertical":"EdTech","Relação com o Mercado":"B2B","Modelo de Negócio":"Não Informado","Cidade":"Porto Alegre","Região":"Metropolitana e Litoral Norte","Link":"https://www.weeco.com.br/"},"geometry":{"type":"Point","coordinates":[-51.2089887,-30.0368176]}},{"type":"Feature","properties":{"Ambiente":"TECNOPUC","Startup":"Whispers","Estágio":"Ideação","Segmento":"Saúde e Bem-Estar","Vertical":"HealthTech","Relação com o Mercado":"B2B","Modelo de Negócio":"Outro","Cidade":"Porto Alegre","Região":"Metropolitana e Litoral Norte","Link":"https://whispersai.wixsite.com/whispers"},"geometry":{"type":"Point","coordinates":[-51.2089887,-30.0368176]}},{"type":"Feature","properties":{"Ambiente":"NÃO INFORMADO","Startup":"WIDA","Estágio":"Validação","Segmento":"Saúde e Bem-Estar","Vertical":"HealthTech","Relação com o Mercado":"B2B","Modelo de Negócio":"Não Informado","Cidade":"Porto Alegre","Região":"Metropolitana e Litoral Norte","Link":"https://www.linkedin.com/company/wida-app/?originalSubdomain=br"},"geometry":{"type":"Point","coordinates":[-51.2089887,-30.0368176]}},{"type":"Feature","properties":{"Ambiente":"NÃO INFORMADO","Startup":"Widemind","Estágio":"Validação","Segmento":"IA (Inteligência Artificial)","Vertical":"HealthTech","Relação com o Mercado":"B2C","Modelo de Negócio":"Não Informado","Cidade":"Porto Alegre","Região":"Metropolitana e Litoral Norte","Link":"https://widemind.ai/"},"geometry":{"type":"Point","coordinates":[-51.2089887,-30.0368176]}},{"type":"Feature","properties":{"Ambiente":"TECNOPUC","Startup":"WINE LOCALS","Estágio":"Crescimento","Segmento":"Alimentos e Bebidas","Vertical":"TurisTech","Relação com o Mercado":"B2B e B2C","Modelo de Negócio":"Marketplace","Cidade":"Porto Alegre","Região":"Metropolitana e Litoral Norte","Link":"https://www.wine-locals.com/nova-home"},"geometry":{"type":"Point","coordinates":[-51.2089887,-30.0368176]}},{"type":"Feature","properties":{"Ambiente":"SMICT GRAVATAÍ","Startup":"Witu.digital","Estágio":"Escala","Segmento":"Marketing e Publicidade","Vertical":"AdTech","Relação com o Mercado":"B2B2C","Modelo de Negócio":"Outro","Cidade":"Gravataí","Região":"Metropolitana e Litoral Norte","Link":"https://www.wirklich.com.br/empresa"},"geometry":{"type":"Point","coordinates":[-50.9947529,-29.9398869]}},{"type":"Feature","properties":{"Ambiente":"INSTITUTO CALDEIRA","Startup":"WNS-PRO","Estágio":"Não Informado","Segmento":"Software e Cloud","Vertical":"ITTech","Relação com o Mercado":"B2B e B2G","Modelo de Negócio":"Não Informado","Cidade":"Porto Alegre","Região":"Metropolitana e Litoral Norte","Link":"https://www.linkedin.com/company/wnspro/?originalSubdomain=br"},"geometry":{"type":"Point","coordinates":[-51.2089887,-30.0368176]}},{"type":"Feature","properties":{"Ambiente":"NÃO INFORMADO","Startup":"Wo Design","Estágio":"Validação","Segmento":"Marketing e Publicidade","Vertical":"MarTech","Relação com o Mercado":"B2B","Modelo de Negócio":"Não Informado","Cidade":"Lajeado","Região":"Região dos Vales","Link":"https://agenciawodesign.com.br/o-que-fazemos/"},"geometry":{"type":"Point","coordinates":[-51.9679026,-29.4606311]}},{"type":"Feature","properties":{"Ambiente":"NÃO INFORMADO","Startup":"Woen Pessoas E Trabalho","Estágio":"Ideação","Segmento":"RH e Coaching","Vertical":"HRTech","Relação com o Mercado":"B2B","Modelo de Negócio":"Não Informado","Cidade":"Caxias do Sul","Região":"Serra Gaúcha","Link":"https://www.linkedin.com/in/d%C3%A9bora-brandalise-bueno-84874b189/"},"geometry":{"type":"Point","coordinates":[-51.1812032,-29.1740137]}},{"type":"Feature","properties":{"Ambiente":"NÃO INFORMADO","Startup":"Woman Fem","Estágio":"Ideação","Segmento":"Consultorias e Treinamentos","Vertical":"MarTech","Relação com o Mercado":"B2B","Modelo de Negócio":"Outro","Cidade":"São Leopoldo","Região":"Metropolitana e Litoral Norte","Link":"https://womanfem.com/"},"geometry":{"type":"Point","coordinates":[-51.1480174,-29.7607417]}},{"type":"Feature","properties":{"Ambiente":"NÃO INFORMADO","Startup":"Woow Comunicação","Estágio":"Não Informado","Segmento":"Comunicação","Vertical":"MediaTech","Relação com o Mercado":"B2B","Modelo de Negócio":"Não Informado","Cidade":"Passo Fundo","Região":"Produção e Norte","Link":"https://www.woowcomunicacaocriativa.com.br/"},"geometry":{"type":"Point","coordinates":[-52.4102752,-28.2622705]}},{"type":"Feature","properties":{"Ambiente":"UALL","Startup":"Work far away","Estágio":"Validação","Segmento":"RH e Coaching","Vertical":"HRTech","Relação com o Mercado":"B2B2C","Modelo de Negócio":"Assinatura","Cidade":"Bagé","Região":"Campanha e Fronteira Oeste","Link":"https://workfaraway.com/"},"geometry":{"type":"Point","coordinates":[-54.1065079,-31.3332251]}},{"type":"Feature","properties":{"Ambiente":"TECNOPUC","Startup":"Workhub","Estágio":"Crescimento","Segmento":"Gestão de Negócios e Projetos","Vertical":"Outras","Relação com o Mercado":"B2B","Modelo de Negócio":"Assinatura","Cidade":"Porto Alegre","Região":"Metropolitana e Litoral Norte","Link":"https://workhub.digital/"},"geometry":{"type":"Point","coordinates":[-51.2089887,-30.0368176]}},{"type":"Feature","properties":{"Ambiente":"SMICT GRAVATAÍ","Startup":"WOW!Bpo","Estágio":"Crescimento","Segmento":"Financeiro","Vertical":"FinTech","Relação com o Mercado":"B2B","Modelo de Negócio":"SaaS","Cidade":"Porto Alegre","Região":"Metropolitana e Litoral Norte","Link":"https://wowbpo.com.br/"},"geometry":{"type":"Point","coordinates":[-51.2089887,-30.0368176]}},{"type":"Feature","properties":{"Ambiente":"NÃO INFORMADO","Startup":"WS Work","Estágio":"Crescimento","Segmento":"Software e Cloud","Vertical":"ITTech","Relação com o Mercado":"B2B","Modelo de Negócio":"Transação","Cidade":"Porto Alegre","Região":"Metropolitana e Litoral Norte","Link":"https://wswork.com.br/#"},"geometry":{"type":"Point","coordinates":[-51.2089887,-30.0368176]}},{"type":"Feature","properties":{"Ambiente":"NÃO INFORMADO","Startup":"WSS Security","Estágio":"Escala","Segmento":"Educação e Ensino","Vertical":"SecurityTech","Relação com o Mercado":"B2B","Modelo de Negócio":"Não Informado","Cidade":"Novo Hamburgo","Região":"Metropolitana e Litoral Norte","Link":"https://wss.business/"},"geometry":{"type":"Point","coordinates":[-51.1337471,-29.683463]}},{"type":"Feature","properties":{"Ambiente":"NÃO INFORMADO","Startup":"WWTC Brasil","Estágio":"Crescimento","Segmento":"Software e Cloud","Vertical":"ITTech","Relação com o Mercado":"B2B","Modelo de Negócio":"Não Informado","Cidade":"Teutônia","Região":"Região dos Vales","Link":"https://www.linkedin.com/company/wwtcbrasil/about/"},"geometry":{"type":"Point","coordinates":[-51.8086654,-29.4714489]}},{"type":"Feature","properties":{"Ambiente":"NÃO INFORMADO","Startup":"WYG","Estágio":"Validação","Segmento":"Eventos","Vertical":"EventsTech","Relação com o Mercado":"B2B e B2C","Modelo de Negócio":"Outro","Cidade":"Porto Alegre","Região":"Metropolitana e Litoral Norte","Link":"https://www.instagram.com/somoswyg/"},"geometry":{"type":"Point","coordinates":[-51.2089887,-30.0368176]}},{"type":"Feature","properties":{"Ambiente":"NÃO INFORMADO","Startup":"X4 Tecnologia","Estágio":"Crescimento","Segmento":"TI (Tecnologia da Informação)","Vertical":"ITTech","Relação com o Mercado":"B2B","Modelo de Negócio":"Não Informado","Cidade":"São Leopoldo","Região":"Metropolitana e Litoral Norte","Link":"https://www.facebook.com/x4Tecnologia/?locale=pt_BR"},"geometry":{"type":"Point","coordinates":[-51.1480174,-29.7607417]}},{"type":"Feature","properties":{"Ambiente":"NÃO INFORMADO","Startup":"X5 Soluções Tecnológicas","Estágio":"Validação","Segmento":"Software e Cloud","Vertical":"RetailTech","Relação com o Mercado":"B2B","Modelo de Negócio":"Não Informado","Cidade":"Porto Alegre","Região":"Metropolitana e Litoral Norte","Link":"https://www.x5s.com.br/"},"geometry":{"type":"Point","coordinates":[-51.2089887,-30.0368176]}},{"type":"Feature","properties":{"Ambiente":"NÃO INFORMADO","Startup":"XAccess: Transformando vidas através da Inovação Assistiva","Estágio":"Crescimento","Segmento":"Acessibilidade e Inclusão","Vertical":"EsgTech","Relação com o Mercado":"B2B","Modelo de Negócio":"Não Informado","Cidade":"Porto Alegre","Região":"Metropolitana e Litoral Norte","Link":"https://www.linkedin.com/in/claudia-rosana-de-freitas-dutra-a22b34271"},"geometry":{"type":"Point","coordinates":[-51.2089887,-30.0368176]}},{"type":"Feature","properties":{"Ambiente":"TECNOPUC","Startup":"XL7 Data Science","Estágio":"Crescimento","Segmento":"RH e Coaching","Vertical":"RegTech","Relação com o Mercado":"B2B","Modelo de Negócio":"SaaS","Cidade":"Porto Alegre","Região":"Metropolitana e Litoral Norte","Link":"http://xl7.com.br/"},"geometry":{"type":"Point","coordinates":[-51.2089887,-30.0368176]}},{"type":"Feature","properties":{"Ambiente":"NÃO INFORMADO","Startup":"XLABS","Estágio":"Escala","Segmento":"TI (Tecnologia da Informação)","Vertical":"CyberSecurity","Relação com o Mercado":"B2B","Modelo de Negócio":"Assinatura","Cidade":"São Leopoldo","Região":"Metropolitana e Litoral Norte","Link":"https://www.xlabs.com.br/"},"geometry":{"type":"Point","coordinates":[-51.1480174,-29.7607417]}},{"type":"Feature","properties":{"Ambiente":"NÃO INFORMADO","Startup":"XR LAB","Estágio":"Crescimento","Segmento":"Software e Cloud","Vertical":"VR/AR Tech","Relação com o Mercado":"B2B","Modelo de Negócio":"Não Informado","Cidade":"Porto Alegre","Região":"Metropolitana e Litoral Norte","Link":"https://www.linkedin.com/company/eduxrlab"},"geometry":{"type":"Point","coordinates":[-51.2089887,-30.0368176]}},{"type":"Feature","properties":{"Ambiente":"NÃO INFORMADO","Startup":"Yourcode Solucoes Web & Mobile","Estágio":"Crescimento","Segmento":"Software e Cloud","Vertical":"ITTech","Relação com o Mercado":"B2B","Modelo de Negócio":"Não Informado","Cidade":"São João do Polêsine","Região":"Central","Link":"https://yourcode.com.br/"},"geometry":{"type":"Point","coordinates":[-53.4462085,-29.6161466]}},{"type":"Feature","properties":{"Ambiente":"CRIATEC UNIJUÍ","Startup":"YoursBank","Estágio":"Escala","Segmento":"Financeiro","Vertical":"FinTech","Relação com o Mercado":"B2C","Modelo de Negócio":"Assinatura","Cidade":"Santa Rosa","Região":"Noroeste e Missões","Link":"https://yoursbank.com.br/ "},"geometry":{"type":"Point","coordinates":[-54.4797042,-27.8700347]}},{"type":"Feature","properties":{"Ambiente":"INSTITUTO CALDEIRA","Startup":"YoursBank","Estágio":"Escala","Segmento":"Financeiro","Vertical":"FinTech","Relação com o Mercado":"B2C","Modelo de Negócio":"Assinatura","Cidade":"Santa Rosa","Região":"Noroeste e Missões","Link":"https://yoursbank.com.br/ "},"geometry":{"type":"Point","coordinates":[-54.4797042,-27.8700347]}},{"type":"Feature","properties":{"Ambiente":"VENTIUR","Startup":"YoursBank","Estágio":"Escala","Segmento":"Financeiro","Vertical":"FinTech","Relação com o Mercado":"B2C","Modelo de Negócio":"Assinatura","Cidade":"Santa Rosa","Região":"Noroeste e Missões","Link":"https://yoursbank.com.br"},"geometry":{"type":"Point","coordinates":[-54.4797042,-27.8700347]}},{"type":"Feature","properties":{"Ambiente":"LAB FECOMÉRCIO-RS","Startup":"YouWe","Estágio":"Crescimento","Segmento":"Software e Cloud","Vertical":"HRTech","Relação com o Mercado":"B2B","Modelo de Negócio":"Assinatura","Cidade":"Porto Alegre","Região":"Metropolitana e Litoral Norte","Link":"https://youwe.com.br/"},"geometry":{"type":"Point","coordinates":[-51.2089887,-30.0368176]}},{"type":"Feature","properties":{"Ambiente":"TECNOPUC","Startup":"Yumu","Estágio":"Crescimento","Segmento":"IA (Inteligência Artificial)","Vertical":"ITTech","Relação com o Mercado":"B2B","Modelo de Negócio":"Assinatura","Cidade":"Santa Cruz do Sul","Região":"Região dos Vales","Link":"https://yumu.ai/"},"geometry":{"type":"Point","coordinates":[-52.4358285,-29.7240622]}},{"type":"Feature","properties":{"Ambiente":"NÃO INFORMADO","Startup":"Zanno","Estágio":"Validação","Segmento":"Software e Cloud","Vertical":"HealthTech","Relação com o Mercado":"B2B","Modelo de Negócio":"Assinatura","Cidade":"Porto Alegre","Região":"Metropolitana e Litoral Norte","Link":"https://www.zanno.com.br/"},"geometry":{"type":"Point","coordinates":[-51.2089887,-30.0368176]}},{"type":"Feature","properties":{"Ambiente":"INSTITUTO CALDEIRA","Startup":"ZAPLY TECNOLOGIA","Estágio":"Não Informado","Segmento":"Software e Cloud","Vertical":"RetailTech","Relação com o Mercado":"B2B","Modelo de Negócio":"Assinatura","Cidade":"Porto Alegre","Região":"Metropolitana e Litoral Norte","Link":"https://zaply.io/pt"},"geometry":{"type":"Point","coordinates":[-51.2089887,-30.0368176]}},{"type":"Feature","properties":{"Ambiente":"NÃO INFORMADO","Startup":"Zeeng","Estágio":"Crescimento","Segmento":"Analytics","Vertical":"ITTech","Relação com o Mercado":"B2B e B2C","Modelo de Negócio":"Assinatura","Cidade":"Porto Alegre","Região":"Metropolitana e Litoral Norte","Link":"https://zeeng.com.br/"},"geometry":{"type":"Point","coordinates":[-51.2089887,-30.0368176]}},{"type":"Feature","properties":{"Ambiente":"NÃO INFORMADO","Startup":"Zéfiro","Estágio":"Validação","Segmento":"IoT (Internet das Coisas)","Vertical":"ITTech","Relação com o Mercado":"B2B","Modelo de Negócio":"Transação","Cidade":"Caxias do Sul","Região":"Serra Gaúcha","Link":"https://zefiro.com.br/"},"geometry":{"type":"Point","coordinates":[-51.1812032,-29.1740137]}},{"type":"Feature","properties":{"Ambiente":"PULSAR","Startup":"Zeit","Estágio":"Escala","Segmento":"IA (Inteligência Artificial)","Vertical":"AgTech","Relação com o Mercado":"B2B","Modelo de Negócio":"SaaS","Cidade":"Santa Maria","Região":"Central","Link":"https://zeit.com.br/"},"geometry":{"type":"Point","coordinates":[-53.7923441,-29.6894984]}},{"type":"Feature","properties":{"Ambiente":"NÃO INFORMADO","Startup":"Zelle Serviços de Tecnologia LTDA","Estágio":"Escala","Segmento":"Software e Cloud","Vertical":"HealthTech","Relação com o Mercado":"B2C","Modelo de Negócio":"Assinatura","Cidade":"Pelotas","Região":"Sul","Link":"https://www.zelle.com.br/"},"geometry":{"type":"Point","coordinates":[-52.3313342,-31.7700081]}},{"type":"Feature","properties":{"Ambiente":"CRIATEC UNIJUÍ","Startup":"ZenFisio","Estágio":"Escala","Segmento":"TI (Tecnologia da Informação)","Vertical":"ITTech","Relação com o Mercado":"B2B","Modelo de Negócio":"Assinatura","Cidade":"Ijuí","Região":"Noroeste e Missões","Link":"https://zenfisio.com/"},"geometry":{"type":"Point","coordinates":[-53.9220126,-28.3891409]}},{"type":"Feature","properties":{"Ambiente":"TECNOPUC","Startup":"ZeoFertil","Estágio":"Validação","Segmento":"Agronegócio","Vertical":"AgTech","Relação com o Mercado":"B2B","Modelo de Negócio":"Transação","Cidade":"Porto Alegre","Região":"Metropolitana e Litoral Norte","Link":"http://zeofertil.com/"},"geometry":{"type":"Point","coordinates":[-51.2089887,-30.0368176]}},{"type":"Feature","properties":{"Ambiente":"VENTIUR","Startup":"ZeoFertil","Estágio":"Validação","Segmento":"Agronegócio","Vertical":"AgTech","Relação com o Mercado":"B2B","Modelo de Negócio":"Transação","Cidade":"Porto Alegre","Região":"Metropolitana e Litoral Norte","Link":"http://zeofertil.com/"},"geometry":{"type":"Point","coordinates":[-51.2089887,-30.0368176]}},{"type":"Feature","properties":{"Ambiente":"NÃO INFORMADO","Startup":"Zerofila by PIPEOR","Estágio":"Crescimento","Segmento":"software e Cloud","Vertical":"SalesTech","Relação com o Mercado":"B2B","Modelo de Negócio":"SaaS","Cidade":"Novo Hamburgo","Região":"Metropolitana e Litoral Norte","Link":"https://pipeor.com/"},"geometry":{"type":"Point","coordinates":[-51.1337471,-29.683463]}},{"type":"Feature","properties":{"Ambiente":"NÃO INFORMADO","Startup":"ZHero","Estágio":"Validação","Segmento":"TI (Tecnologia da Informação)","Vertical":"ITTech","Relação com o Mercado":"B2B","Modelo de Negócio":"Não Informado","Cidade":"Porto Alegre","Região":"Metropolitana e Litoral Norte","Link":"https://www.linkedin.com/company/zh-ero"},"geometry":{"type":"Point","coordinates":[-51.2089887,-30.0368176]}},{"type":"Feature","properties":{"Ambiente":"PULSAR","Startup":"Zibber","Estágio":"Ideação","Segmento":"Software e Cloud","Vertical":"EdTech","Relação com o Mercado":"B2C","Modelo de Negócio":"Não Informado","Cidade":"Santa Maria","Região":"Central","Link":"https://www.zibber.com.br/"},"geometry":{"type":"Point","coordinates":[-53.7923441,-29.6894984]}},{"type":"Feature","properties":{"Ambiente":"NÃO INFORMADO","Startup":"Ziel Biosciences","Estágio":"Crescimento","Segmento":"Saúde e Bem-Estar","Vertical":"HealthTech","Relação com o Mercado":"B2B2C","Modelo de Negócio":"Não Informado","Cidade":"Porto Alegre","Região":"Metropolitana e Litoral Norte","Link":"https://www.zielbiosciences.com/"},"geometry":{"type":"Point","coordinates":[-51.2089887,-30.0368176]}},{"type":"Feature","properties":{"Ambiente":"NÃO INFORMADO","Startup":"Zipernet","Estágio":"Validação","Segmento":"Software e Cloud","Vertical":"DeepTech","Relação com o Mercado":"B2B","Modelo de Negócio":"Não Informado","Cidade":"Ivoti","Região":"Metropolitana e Litoral Norte","Link":"https://www.linkedin.com/company/zipernet/"},"geometry":{"type":"Point","coordinates":[-51.1637876,-29.6106737]}},{"type":"Feature","properties":{"Ambiente":"PULSAR","Startup":"Zorya","Estágio":"Validação","Segmento":"Entretenimento, Jogos e Gamificação","Vertical":"EdTech","Relação com o Mercado":"B2B e B2C","Modelo de Negócio":"Transação","Cidade":"Santa Maria","Região":"Central","Link":"https://zorya.cc/pt_br/"},"geometry":{"type":"Point","coordinates":[-53.7923441,-29.6894984]}},{"type":"Feature","properties":{"Ambiente":"NÃO INFORMADO","Startup":"Zummer","Estágio":"Não Informado","Segmento":"Não Informado","Vertical":"Não Informado","Relação com o Mercado":"Não Informado","Modelo de Negócio":"Não Informado","Cidade":"Santa Maria","Região":"Central","Link":""},"geometry":{"type":"Point","coordinates":[-53.7923441,-29.6894984]}},{"type":"Feature","properties":{"Ambiente":"NÃO INFORMADO","Startup":"Zuna Estágios","Estágio":"Crescimento","Segmento":"RH e Coaching","Vertical":"HRTech","Relação com o Mercado":"B2B","Modelo de Negócio":"Assinatura","Cidade":"Porto Alegre","Região":"Metropolitana e Litoral Norte","Link":"https://www.zuna.com.br/"},"geometry":{"type":"Point","coordinates":[-51.2089887,-30.0368176]}},{"type":"Feature","properties":{"Ambiente":"CONECTAR","Startup":"ZUQUEONE SERVIÇOS TECNOLÓGICOS E EDUCACIONAIS LTDA","Estágio":"Validação","Segmento":"Educação e Ensino","Vertical":"EdTech","Relação com o Mercado":"B2B2C","Modelo de Negócio":"Assinatura","Cidade":"Pelotas","Região":"Sul","Link":"https://zuqueone.com/"},"geometry":{"type":"Point","coordinates":[-52.3313342,-31.7700081]}}]}