{"type":"FeatureCollection","features":[{"type":"Feature","id":"vw_funai_terras_indigenas.fid-5c8cc48d_196abffcb4a_2779","geometry":{"type":"MultiPolygon","coordinates":[[[[-51.63200845,-30.75138779],[-51.63157881,-30.75144307],[-51.63087923,-30.7514303],[-51.63016723,-30.75149845],[-51.62986156,-30.75161008],[-51.62969162,-30.75172419],[-51.62952992,-30.75192861],[-51.62948219,-30.75217118],[-51.62956622,-30.75257845],[-51.62955313,-30.7526864],[-51.62938922,-30.75298095],[-51.62910133,-30.75321913],[-51.62836048,-30.75361132],[-51.62815722,-30.75380597],[-51.6281128,-30.75391335],[-51.62810772,-30.75412063],[-51.62822285,-30.75453748],[-51.62821733,-30.75476279],[-51.62815026,-30.75494189],[-51.62787214,-30.75520729],[-51.62761778,-30.75535592],[-51.62702105,-30.75540812],[-51.62681022,-30.75548542],[-51.62660877,-30.75603172],[-51.62648037,-30.7561556],[-51.62608048,-30.75627452],[-51.62550574,-30.75628204],[-51.62538999,-30.75631598],[-51.62514562,-30.75648282],[-51.6249308,-30.75672233],[-51.62465666,-30.75682551],[-51.62430052,-30.75686407],[-51.62362271,-30.75723936],[-51.62327658,-30.75729613],[-51.62261895,-30.75727507],[-51.62162895,-30.75717579],[-51.62117773,-30.75725768],[-51.6211033,-30.75731042],[-51.62107466,-30.75762546],[-51.62085183,-30.75776563],[-51.62064321,-30.75775279],[-51.62027995,-30.75765597],[-51.62000713,-30.75770507],[-51.61990116,-30.75776624],[-51.61985717,-30.75785559],[-51.6199456,-30.75808262],[-51.61987874,-30.7582527],[-51.61948105,-30.75828147],[-51.61942551,-30.7584157],[-51.6194835,-30.7586061],[-51.61947129,-30.75867801],[-51.61936398,-30.75879325],[-51.61908982,-30.75889642],[-51.61899273,-30.75902086],[-51.61899208,-30.75947166],[-51.61881568,-30.7598471],[-51.61855819,-30.76012188],[-51.61831335,-30.76030673],[-51.6181345,-30.76035755],[-51.61773636,-30.76040434],[-51.61746308,-30.76047145],[-51.61731489,-30.76054987],[-51.61701539,-30.76083289],[-51.61683677,-30.76129846],[-51.61656504,-30.76172624],[-51.61632109,-30.76187504],[-51.61573164,-30.76205355],[-51.61465317,-30.76215094],[-51.61397107,-30.76227365],[-51.61336872,-30.76255109],[-51.61312454,-30.76270889],[-51.61309076,-30.76280745],[-51.61313541,-30.76311482],[-51.61309097,-30.7632222],[-51.61290966,-30.76337214],[-51.61278413,-30.76337884],[-51.61271192,-30.76334145],[-51.61245842,-30.76303024],[-51.61231378,-30.76296446],[-51.61208093,-30.76308641],[-51.61177696,-30.76354965],[-51.61161586,-30.76372701],[-51.61109061,-30.76384357],[-51.61052693,-30.76382418],[-51.61024319,-30.76389108],[-51.60991546,-30.76404734],[-51.60969148,-30.76423255],[-51.60950727,-30.76449965],[-51.60942637,-30.76481372],[-51.60912747,-30.76549345],[-51.6089146,-30.76565181],[-51.60876751,-30.76568517],[-51.60849667,-30.76565313],[-51.60774348,-30.76526958],[-51.60735022,-30.76511808],[-51.60731889,-30.7651175],[-51.60727712,-30.76511673],[-51.60720402,-30.76511538],[-51.60669763,-30.76531341],[-51.606231,-30.76559332],[-51.60583966,-30.76620822],[-51.60567944,-30.76634952],[-51.60565789,-30.76637617],[-51.60544613,-30.76648948],[-51.60507973,-30.76651878],[-51.60472199,-30.76662037],[-51.6046753,-30.76681787],[-51.60477393,-30.76705411],[-51.60866864,-30.77094879],[-51.62616397,-30.76010794],[-51.63449945,-30.76400188],[-51.63811516,-30.75455557],[-51.63541169,-30.75147688],[-51.63422289,-30.7501118],[-51.63426289,-30.75018466],[-51.63429179,-30.75028436],[-51.6342998,-30.75038369],[-51.63428738,-30.75046461],[-51.63412569,-30.75066903],[-51.6339451,-30.75079197],[-51.63358789,-30.75087562],[-51.63310604,-30.75092995],[-51.63299031,-30.75096391],[-51.63267376,-30.75109338],[-51.63236677,-30.75125909],[-51.63200845,-30.75138779]]]]},"geometry_name":"geom","properties":{"id_terra_indigena":26,"Codigo":14301,"Nome":"Guarani de Águas Brancas","Etnia":"Guaraní","Municipio":"Arambaré","Unidade_Federacao":"RS","Fase":"Declarada","Modalidade":"Tradicionalmente ocupada","Homologacao":"Homologada","dt_ini":"2013-01-01Z","dt_fim":"2029-10-30Z"}},{"type":"Feature","id":"vw_funai_terras_indigenas.fid-5c8cc48d_196abffcb4a_277a","geometry":{"type":"MultiPolygon","coordinates":[[[[-52.01617297,-28.18207877],[-52.01564518,-28.18253116],[-52.01523205,-28.18284089],[-52.01468805,-28.18306753],[-52.01450344,-28.18313702],[-52.01408612,-28.18312195],[-52.01359002,-28.18296141],[-52.01317471,-28.18283811],[-52.01278861,-28.18278741],[-52.01265591,-28.18280352],[-52.01244125,-28.18284551],[-52.01223593,-28.18293273],[-52.01193747,-28.18309979],[-52.01172047,-28.18326803],[-52.01153251,-28.18351787],[-52.01141165,-28.1839942],[-52.01132852,-28.18463344],[-52.01126041,-28.18501131],[-52.01088098,-28.18570037],[-52.01064911,-28.18612096],[-52.01046899,-28.1864972],[-52.01030689,-28.18755023],[-52.01020622,-28.18803587],[-52.01010889,-28.18834115],[-52.00992025,-28.18862706],[-52.00963813,-28.18901083],[-52.00930208,-28.18955619],[-52.00910492,-28.18975177],[-52.00875585,-28.18990004],[-52.00833534,-28.19005629],[-52.00786642,-28.19007653],[-52.00739917,-28.19000659],[-52.00673043,-28.18981645],[-52.00609858,-28.18983431],[-52.00544553,-28.18989696],[-52.00504856,-28.18988215],[-52.00469433,-28.18975973],[-52.00369325,-28.18936628],[-52.0034497,-28.18931762],[-52.00288477,-28.18957098],[-52.00221465,-28.1900032],[-52.00141663,-28.19074024],[-52.0010445,-28.19103248],[-52.00092096,-28.19110284],[-52.00082914,-28.19111052],[-52.00062531,-28.19111656],[-52.00058609,-28.19103481],[-52.00052583,-28.19098883],[-52.00041398,-28.19097817],[-52.00034203,-28.1910132],[-52.00016774,-28.1910738],[-51.99978962,-28.19114044],[-51.9995055,-28.19108216],[-51.99860983,-28.19541689],[-51.99793643,-28.19875359],[-51.99794644,-28.19876276],[-51.99797582,-28.19882633],[-51.99821064,-28.19934393],[-51.9985782,-28.19984542],[-51.99893356,-28.20045498],[-51.99921377,-28.20127091],[-51.9993466,-28.20179603],[-51.99970012,-28.20250479],[-52.00000306,-28.20319476],[-52.00020466,-28.20385619],[-52.00027858,-28.20426319],[-52.00036402,-28.20459819],[-52.00045249,-28.20477087],[-52.00051208,-28.20485292],[-52.00063245,-28.2049539],[-52.00074414,-28.20497358],[-52.00090642,-28.20501203],[-52.00100659,-28.2051037],[-52.00110608,-28.20523143],[-52.00127334,-28.20554959],[-52.00172688,-28.20635902],[-52.0021651,-28.20689762],[-52.00234641,-28.20700851],[-52.00272906,-28.20724863],[-52.00335699,-28.20744722],[-52.0042599,-28.20764982],[-52.00530792,-28.20771922],[-52.00642992,-28.20764536],[-52.00746243,-28.20745293],[-52.00809823,-28.20722766],[-52.00870431,-28.20695685],[-52.00894074,-28.20684302],[-52.00904459,-28.20673629],[-52.0090658,-28.20669149],[-52.00906697,-28.20662837],[-52.00905879,-28.20652001],[-52.00892907,-28.20637379],[-52.00888967,-28.20630106],[-52.00972598,-28.20625008],[-52.01414692,-28.20571895],[-52.0168939,-28.20536189],[-52.01902762,-28.20511316],[-52.02341743,-28.20460834],[-52.02330772,-28.20448047],[-52.02306545,-28.20435971],[-52.02301769,-28.20418763],[-52.02301066,-28.20401614],[-52.0232604,-28.20373109],[-52.02347023,-28.20340037],[-52.02372512,-28.20283576],[-52.02398936,-28.20231639],[-52.02442573,-28.20185363],[-52.02467629,-28.20152349],[-52.02488611,-28.20119276],[-52.02499326,-28.20090565],[-52.02503881,-28.20064472],[-52.02499187,-28.20042755],[-52.02473704,-28.19988265],[-52.02459308,-28.19940248],[-52.02454979,-28.19898692],[-52.02460685,-28.19865399],[-52.0247347,-28.19834914],[-52.02490345,-28.19803586],[-52.02518555,-28.19765205],[-52.02551989,-28.19719683],[-52.02598207,-28.19643676],[-52.02608855,-28.19618572],[-52.02614527,-28.19587082],[-52.02613418,-28.19536552],[-52.02599652,-28.19454267],[-52.02597708,-28.19393802],[-52.02611055,-28.19332656],[-52.02631183,-28.1929055],[-52.02657453,-28.19246728],[-52.02680569,-28.19208274],[-52.02688045,-28.19189438],[-52.02691216,-28.1918317],[-52.02707684,-28.1911846],[-52.02709697,-28.19064366],[-52.02712363,-28.19030127],[-52.02718804,-28.19012179],[-52.02734443,-28.18992559],[-52.02758195,-28.18974861],[-52.0282388,-28.18947843],[-52.02855746,-28.18932065],[-52.02865126,-28.18920474],[-52.02880847,-28.18896345],[-52.02890492,-28.18870324],[-52.02902256,-28.18839824],[-52.02917861,-28.18822008],[-52.02930296,-28.1881046],[-52.02947756,-28.18802593],[-52.02972327,-28.18795731],[-52.02985664,-28.1879051],[-52.03010434,-28.18772826],[-52.03019912,-28.18755823],[-52.03083417,-28.18596923],[-52.02978095,-28.18647878],[-52.02931105,-28.1865532],[-52.02882112,-28.18660929],[-52.02792669,-28.18650621],[-52.02753305,-28.18631111],[-52.02716225,-28.18598103],[-52.0267951,-28.18545255],[-52.02651521,-28.18460961],[-52.02622382,-28.18383868],[-52.02604948,-28.18334906],[-52.02570287,-28.18281185],[-52.02534244,-28.1824729],[-52.02502092,-28.18223373],[-52.02439658,-28.18184586],[-52.02393018,-28.18173089],[-52.02345294,-28.18165184],[-52.02285186,-28.1816612],[-52.02233123,-28.18172585],[-52.02191093,-28.18187312],[-52.02151969,-28.182102],[-52.02131156,-28.18234255],[-52.02101007,-28.1821217],[-52.0203552,-28.18173338],[-52.01966779,-28.18145282],[-52.01916034,-28.18135528],[-52.01840835,-28.18126321],[-52.01770495,-28.18129814],[-52.01726528,-28.18139099],[-52.01686501,-28.18155659],[-52.01657608,-28.18175987],[-52.01617297,-28.18207877]]]]},"geometry_name":"geom","properties":{"id_terra_indigena":16,"Codigo":9602,"Nome":"Carreteiro","Etnia":"Kaingang","Municipio":"Água Santa","Unidade_Federacao":"RS","Fase":"Em Estudo","Modalidade":"Tradicionalmente ocupada","Homologacao":"Homologada","dt_ini":"2013-01-01Z","dt_fim":"2029-10-30Z"}},{"type":"Feature","id":"vw_funai_terras_indigenas.fid-5c8cc48d_196abffcb4a_277b","geometry":{"type":"MultiPolygon","coordinates":[[[[-53.18786928,-30.33409396],[-53.18776522,-30.33410233],[-53.18765083,-30.33410162],[-53.18752619,-30.33408281],[-53.18740155,-30.33406399],[-53.18727706,-30.33402714],[-53.1871525,-30.33399931],[-53.18703834,-30.33397154],[-53.18692417,-30.33394377],[-53.18682018,-30.33394312],[-53.18671612,-30.33395149],[-53.1866327,-30.33397803],[-53.18655961,-30.33401366],[-53.1864863,-30.33407634],[-53.18643371,-30.33414818],[-53.18638104,-30.33422903],[-53.1863387,-30.33431897],[-53.18630668,-30.33441799],[-53.18626434,-30.33450793],[-53.18624287,-30.33458898],[-53.18621108,-30.33466094],[-53.18617921,-30.33474192],[-53.18615774,-30.33482297],[-53.18612587,-30.33490395],[-53.18609393,-30.33499395],[-53.18606191,-30.33509297],[-53.18602989,-30.335192],[-53.18600813,-30.33530912],[-53.18599668,-30.33543533],[-53.18599556,-30.33557063],[-53.18600484,-30.33570599],[-53.18603492,-30.33584147],[-53.18606515,-30.33595892],[-53.18609538,-30.33607637],[-53.18613623,-30.33616683],[-53.18617715,-30.33624826],[-53.18621823,-30.33631166],[-53.1862697,-30.33637512],[-53.18633157,-30.33643865],[-53.18639345,-30.33650217],[-53.18646572,-30.33656576],[-53.18652759,-30.33662929],[-53.18659994,-30.33668386],[-53.18665156,-30.33672928],[-53.18669286,-30.33676562],[-53.18673423,-30.33679293],[-53.18676521,-30.33682019],[-53.18679611,-30.33685646],[-53.1868478,-30.33689286],[-53.18689943,-30.33693828],[-53.1869613,-30.33700181],[-53.1870439,-30.33707448],[-53.18712635,-30.33716519],[-53.18720872,-30.33726493],[-53.18730135,-30.33738276],[-53.1873939,-30.33750962],[-53.18747597,-30.33764543],[-53.18755805,-30.33778124],[-53.18762973,-30.33791699],[-53.18769116,-30.33803463],[-53.18774218,-30.33815221],[-53.18778281,-30.33826972],[-53.18780264,-30.33838711],[-53.187812,-30.33851345],[-53.18782128,-30.33864881],[-53.18780962,-30.33880208],[-53.18779803,-30.33894633],[-53.18777604,-30.33909051],[-53.18774372,-30.33922561],[-53.18771148,-30.33935169],[-53.18767939,-30.33945973],[-53.18763705,-30.33954967],[-53.1875843,-30.33963954],[-53.18753156,-30.33972942],[-53.18746849,-30.33981021],[-53.1873951,-30.33988191],[-53.18733203,-30.3399627],[-53.18726911,-30.34002545],[-53.18721667,-30.34007924],[-53.1871643,-30.34012402],[-53.1871328,-30.3401599],[-53.18709083,-30.34020474],[-53.18704894,-30.34024056],[-53.18700696,-30.3402854],[-53.18694412,-30.34033913],[-53.1868812,-30.34040188],[-53.18680781,-30.34047359],[-53.18672401,-30.34054523],[-53.18662982,-30.3406168],[-53.18652523,-30.34068831],[-53.18642071,-30.3407508],[-53.18629532,-30.34082218],[-53.18617,-30.34088454],[-53.18602388,-30.34094677],[-53.18585697,-30.34100888],[-53.18569012,-30.34106196],[-53.18552321,-30.34112406],[-53.18534604,-30.34116806],[-53.18518975,-30.34120316],[-53.18504393,-30.34122931],[-53.18490858,-30.34124651],[-53.18479411,-30.34125482],[-53.18470051,-30.34125423],[-53.18461724,-30.34126273],[-53.18455484,-30.34126234],[-53.18449245,-30.34126196],[-53.18444045,-30.34126163],[-53.18438845,-30.34126131],[-53.18432605,-30.34126092],[-53.18424278,-30.34126942],[-53.18413878,-30.34126877],[-53.18403471,-30.34127714],[-53.18389944,-30.34128532],[-53.18376417,-30.34129349],[-53.18361842,-30.34131062],[-53.1834622,-30.34133671],[-53.18330591,-30.34137181],[-53.18316001,-30.34140698],[-53.18302444,-30.34145123],[-53.1829931,-30.34146908],[-53.21104834,-30.34592589],[-53.21111103,-30.34589019],[-53.21123634,-30.34582781],[-53.21135117,-30.34577438],[-53.21147641,-30.34572101],[-53.21160157,-30.34567667],[-53.21172673,-30.34563232],[-53.2118519,-30.34558798],[-53.21197706,-30.34554363],[-53.21210215,-30.3455083],[-53.21221691,-30.34546389],[-53.21234208,-30.34541955],[-53.21246724,-30.3453752],[-53.212582,-30.34533079],[-53.21270716,-30.34528644],[-53.21281153,-30.34524197],[-53.21290556,-30.34518842],[-53.21298919,-30.3451348],[-53.21306243,-30.34508112],[-53.21313566,-30.34502744],[-53.21318817,-30.34496462],[-53.21323027,-30.34490173],[-53.21327245,-30.34482982],[-53.21330415,-30.34476687],[-53.2133256,-30.34468582],[-53.21334705,-30.34460477],[-53.21334785,-30.34450555],[-53.21334871,-30.34439731],[-53.21333932,-30.34427098],[-53.21331975,-30.34411752],[-53.21330046,-30.34392798],[-53.213271,-30.34371132],[-53.21323149,-30.3434495],[-53.21319212,-30.34316964],[-53.21315283,-30.34288076],[-53.21314287,-30.34282658],[-53.190935,-30.33182185],[-53.18812769,-30.32924275],[-53.18803381,-30.32927825],[-53.18792938,-30.32933172],[-53.18781455,-30.32938513],[-53.18769957,-30.32945658],[-53.18759499,-30.32952809],[-53.18747994,-30.32960855],[-53.18737528,-30.32968908],[-53.18726008,-30.32978759],[-53.18714495,-30.32987707],[-53.18701935,-30.32997551],[-53.18690422,-30.330065],[-53.18677862,-30.33016344],[-53.18666349,-30.33025293],[-53.18654836,-30.33034241],[-53.18644363,-30.33043196],[-53.1863493,-30.33052157],[-53.18626544,-30.33060223],[-53.1862023,-30.33069204],[-53.18614956,-30.33078191],[-53.18611762,-30.33087192],[-53.18608576,-30.3309529],[-53.18607476,-30.33102499],[-53.18606391,-30.33107905],[-53.18606354,-30.33112414],[-53.18605292,-30.33115114],[-53.1860527,-30.3311782],[-53.186042,-30.33121421],[-53.18604163,-30.33125931],[-53.18603078,-30.33131336],[-53.18601978,-30.33138545],[-53.18599832,-30.3314665],[-53.18596645,-30.33154748],[-53.18593451,-30.33163749],[-53.18588184,-30.33171834],[-53.18582925,-30.33179017],[-53.18577681,-30.33184397],[-53.18574532,-30.33187985],[-53.18572437,-30.33189776],[-53.18573477,-30.33189783],[-53.18583846,-30.33193455],[-53.18594207,-30.3319803],[-53.18604561,-30.33203506],[-53.18614907,-30.33209885],[-53.18625254,-30.33216263],[-53.18635593,-30.33223543],[-53.186449,-30.33229915],[-53.18654206,-30.33236287],[-53.18664553,-30.33242666],[-53.18673859,-30.33249038],[-53.18684206,-30.33255416],[-53.18694545,-30.33262696],[-53.18704892,-30.33269075],[-53.18715231,-30.33276355],[-53.1872557,-30.33283635],[-53.18734877,-30.33290007],[-53.18743144,-30.33296373],[-53.18751411,-30.33302738],[-53.18758638,-30.33309097],[-53.187638,-30.33313639],[-53.18768969,-30.33317279],[-53.18773099,-30.33320913],[-53.18777236,-30.33323645],[-53.18780326,-30.33327272],[-53.18785496,-30.33330912],[-53.18791698,-30.33335461],[-53.18797893,-30.33340911],[-53.1880512,-30.3334727],[-53.18811307,-30.33353623],[-53.18816454,-30.33359969],[-53.18821602,-30.33366315],[-53.18824677,-30.33371746],[-53.18825672,-30.33377164],[-53.18826667,-30.33382582],[-53.1882559,-30.33387086],[-53.18824513,-30.33391589],[-53.18821356,-30.33396079],[-53.18817167,-30.33399662],[-53.18811945,-30.33402335],[-53.18804643,-30.33404996],[-53.18796302,-30.3340765],[-53.18786928,-30.33409396]]]]},"geometry_name":"geom","properties":{"id_terra_indigena":34,"Codigo":17401,"Nome":"Irapuá","Etnia":"Guaraní","Municipio":"Caçapava do Sul","Unidade_Federacao":"RS","Fase":"Declarada","Modalidade":"Tradicionalmente ocupada","Homologacao":"Homologada","dt_ini":"2013-01-01Z","dt_fim":"2029-10-30Z"}},{"type":"Feature","id":"vw_funai_terras_indigenas.fid-5c8cc48d_196abffcb4a_277c","geometry":{"type":"MultiPolygon","coordinates":[[[[-52.17714969,-28.34521737],[-52.17722959,-28.34516352],[-52.17732846,-28.34503513],[-52.17742251,-28.34492331],[-52.17752132,-28.34480737],[-52.1775542,-28.34469968],[-52.177573,-28.34456305],[-52.17758712,-28.34440985],[-52.17761526,-28.34430635],[-52.17769526,-28.34421522],[-52.1777611,-28.34418207],[-52.17787873,-28.34418205],[-52.17795865,-28.34419445],[-52.17806685,-28.34422754],[-52.1781892,-28.34432279],[-52.17826923,-28.34437246],[-52.17828803,-28.34443042],[-52.17833985,-28.34447601],[-52.17848568,-28.34451735],[-52.17861269,-28.34456291],[-52.17875095,-28.34463005],[-52.17889687,-28.34465072],[-52.17906623,-28.34464248],[-52.17923092,-28.34466317],[-52.17935325,-28.34461753],[-52.17939089,-28.34461756],[-52.1794662,-28.34460924],[-52.17960259,-28.34457196],[-52.17968259,-28.34448092],[-52.17972491,-28.34434011],[-52.17972257,-28.34428588],[-52.17972733,-28.34427348],[-52.17975553,-28.34415752],[-52.17975549,-28.34415337],[-52.17978841,-28.34405814],[-52.17984013,-28.34393801],[-52.17984953,-28.34392971],[-52.17991069,-28.34385102],[-52.17995884,-28.34383246],[-52.18002465,-28.34382413],[-52.18011401,-28.34379511],[-52.18011406,-28.34379104],[-52.18014695,-28.34368335],[-52.18016102,-28.34356328],[-52.18016103,-28.34355497],[-52.18020802,-28.34338515],[-52.1801986,-28.34329877],[-52.18021744,-28.34320347],[-52.18022219,-28.34319937],[-52.18027857,-28.34314969],[-52.1803068,-28.34312896],[-52.18038684,-28.34305028],[-52.18048089,-28.34305849],[-52.18054673,-28.34298816],[-52.18054678,-28.342984],[-52.18055615,-28.34291776],[-52.18050908,-28.34278522],[-52.18041025,-28.34268589],[-52.18032554,-28.34259059],[-52.18028792,-28.34249127],[-52.18029255,-28.34237452],[-52.18024552,-28.34229171],[-52.18016081,-28.34223369],[-52.18012315,-28.34213022],[-52.18015603,-28.34198525],[-52.18015608,-28.3419811],[-52.18014196,-28.34189421],[-52.18013719,-28.34179479],[-52.18013725,-28.34179064],[-52.18006094,-28.34168921],[-52.18006084,-28.34160636],[-52.18006091,-28.34159399],[-52.18011259,-28.34150699],[-52.1801738,-28.34142414],[-52.18021134,-28.34134132],[-52.18022554,-28.34133308],[-52.18026311,-28.3413082],[-52.18034896,-28.34126684],[-52.18038664,-28.34115911],[-52.18038659,-28.34115496],[-52.18042425,-28.34106392],[-52.18042891,-28.34105152],[-52.18046659,-28.34098106],[-52.18056531,-28.3408858],[-52.18064058,-28.34077404],[-52.18064999,-28.34067458],[-52.18065472,-28.34056695],[-52.18060295,-28.34048003],[-52.18047121,-28.34043036],[-52.18032533,-28.34043035],[-52.18021706,-28.34040963],[-52.18015597,-28.34031855],[-52.18015122,-28.34023988],[-52.18013539,-28.34016402],[-52.18019177,-28.34006876],[-52.18027181,-28.33998178],[-52.18034699,-28.33990721],[-52.18036112,-28.33990312],[-52.18042701,-28.33982854],[-52.18043635,-28.33982439],[-52.18056815,-28.3397126],[-52.18065746,-28.33959666],[-52.18069984,-28.33951794],[-52.18069979,-28.33951379],[-52.18077975,-28.3394103],[-52.18078915,-28.339402],[-52.18085036,-28.33935643],[-52.18097739,-28.33930262],[-52.18104298,-28.33924709],[-52.18111349,-28.33915595],[-52.18110875,-28.33915184],[-52.18106646,-28.33907314],[-52.1809864,-28.33897374],[-52.18091582,-28.33888264],[-52.18090645,-28.33874598],[-52.18086406,-28.3386301],[-52.18089699,-28.33852656],[-52.18090773,-28.33842754],[-52.18096392,-28.33832443],[-52.18107639,-28.33817192],[-52.18111381,-28.33806879],[-52.18111377,-28.33805642],[-52.18114193,-28.33797395],[-52.18114186,-28.33794922],[-52.18105749,-28.33780085],[-52.18104817,-28.33778847],[-52.18097325,-28.33770193],[-52.18087583,-28.33759997],[-52.18086172,-28.33757934],[-52.18085709,-28.33757522],[-52.18072124,-28.33739381],[-52.18061346,-28.3372784],[-52.18060404,-28.33726602],[-52.18059467,-28.3372578],[-52.18051506,-28.33717121],[-52.18050574,-28.33715884],[-52.18046356,-28.3370805],[-52.18045882,-28.33707638],[-52.18042134,-28.33702698],[-52.18028648,-28.33687931],[-52.1802864,-28.33686279],[-52.18018804,-28.33675976],[-52.18004748,-28.33664021],[-52.18003342,-28.33662372],[-52.17989289,-28.33639703],[-52.17980392,-28.33625682],[-52.17979454,-28.3362486],[-52.17971954,-28.33619085],[-52.17970546,-28.33619088],[-52.17958842,-28.33617854],[-52.17957904,-28.33613322],[-52.17965398,-28.33608365],[-52.17964454,-28.3359765],[-52.17964456,-28.33592289],[-52.17971019,-28.33593523],[-52.17983665,-28.33595995],[-52.18002869,-28.33588166],[-52.18004267,-28.33587342],[-52.18005676,-28.33586508],[-52.18027683,-28.33576615],[-52.18040339,-28.33575377],[-52.18053407,-28.33574416],[-52.1807027,-28.33585543],[-52.18071208,-28.33585544],[-52.18073086,-28.33585546],[-52.18091822,-28.33588019],[-52.1809323,-28.33588016],[-52.18104938,-28.33585956],[-52.18103997,-28.33580178],[-52.18090805,-28.33558766],[-52.18095491,-28.33555467],[-52.18095022,-28.33548043],[-52.18098767,-28.33542685],[-52.18105323,-28.33537737],[-52.18107656,-28.33524548],[-52.18110468,-28.33515886],[-52.18114211,-28.3351218],[-52.18122647,-28.3351671],[-52.18124054,-28.33517537],[-52.18136231,-28.33527423],[-52.18142319,-28.33536496],[-52.18147008,-28.33543504],[-52.1814841,-28.33543916],[-52.18159662,-28.33547628],[-52.18180694,-28.33553809],[-52.18183035,-28.33554222],[-52.18183498,-28.33554633],[-52.18197085,-28.33563703],[-52.18212073,-28.33565767],[-52.18228474,-28.33567412],[-52.18230808,-28.33572771],[-52.18235498,-28.33586377],[-52.18238777,-28.33595032],[-52.1823878,-28.33596268],[-52.18231292,-28.3361276],[-52.18219577,-28.33615235],[-52.18218179,-28.3361606],[-52.18206001,-28.33621834],[-52.18200372,-28.33623895],[-52.18200381,-28.33625547],[-52.18198975,-28.33639567],[-52.18197571,-28.33660176],[-52.18191014,-28.33662246],[-52.18175091,-28.33668846],[-52.18168532,-28.33676268],[-52.18169002,-28.33683683],[-52.18171347,-28.33692752],[-52.18172286,-28.337076],[-52.18176041,-28.33715014],[-52.1818213,-28.33715837],[-52.18189627,-28.33712956],[-52.18193837,-28.33707179],[-52.18200859,-28.33704708],[-52.18207887,-28.33709241],[-52.18212102,-28.33712183],[-52.18215858,-28.33722494],[-52.18217727,-28.33740223],[-52.18214926,-28.33752594],[-52.18213523,-28.33753004],[-52.18206409,-28.33758237],[-52.18202015,-28.33764034],[-52.1819762,-28.337715],[-52.18193853,-28.3377869],[-52.18194482,-28.33782006],[-52.18195427,-28.33790013],[-52.18191988,-28.33799998],[-52.18189167,-28.33804138],[-52.18188536,-28.33805245],[-52.18184459,-28.33811048],[-52.1818163,-28.33819069],[-52.18181636,-28.3381962],[-52.18179751,-28.33820728],[-52.18170648,-28.33825979],[-52.18164999,-28.33832607],[-52.1816343,-28.33839246],[-52.1815809,-28.33845321],[-52.1815778,-28.33845875],[-52.18153695,-28.33851957],[-52.18153698,-28.33852237],[-52.18157147,-28.33856928],[-52.18161855,-28.33858313],[-52.18170339,-28.33858862],[-52.18170648,-28.33859139],[-52.18175367,-28.33862456],[-52.18175676,-28.33862733],[-52.18177881,-28.33870197],[-52.18180391,-28.33884075],[-52.18180397,-28.33895682],[-52.18177573,-28.33905075],[-52.18177253,-28.33905628],[-52.18178829,-28.33912537],[-52.18184797,-28.33915302],[-52.18190447,-28.33916128],[-52.18196415,-28.33916131],[-52.18198605,-28.3391585],[-52.18199551,-28.3391558],[-52.1820395,-28.33913917],[-52.18213998,-28.33909218],[-52.18220273,-28.33911149],[-52.18220905,-28.33911153],[-52.18224357,-28.33910599],[-52.18230324,-28.33908661],[-52.18230954,-28.33908385],[-52.18233461,-28.33904518],[-52.18243233,-28.33905345],[-52.18252026,-28.33908934],[-52.18254844,-28.33911978],[-52.18257358,-28.33916947],[-52.18257047,-28.33918331],[-52.18253593,-28.33923307],[-52.18252966,-28.33923863],[-52.18255481,-28.3392524],[-52.18259873,-28.33923857],[-52.1826081,-28.33919165],[-52.18260811,-28.33918334],[-52.18263949,-28.3391059],[-52.18271176,-28.33904507],[-52.18272428,-28.33904235],[-52.18284041,-28.33895388],[-52.18284678,-28.33894841],[-52.18291584,-28.33886541],[-52.18301595,-28.33884053],[-52.18302848,-28.3388295],[-52.18303787,-28.3388212],[-52.18305043,-28.33881288],[-52.1831855,-28.33875765],[-52.18327648,-28.33868302],[-52.1834272,-28.33856691],[-52.18349281,-28.33853114],[-52.1836121,-28.33849797],[-52.18371573,-28.33848687],[-52.18372832,-28.33848135],[-52.1838068,-28.33845648],[-52.18381622,-28.33845098],[-52.18394173,-28.33839845],[-52.18404538,-28.33837074],[-52.18430478,-28.33838735],[-52.18464454,-28.33845679],[-52.18465245,-28.33847071],[-52.18483419,-28.33868629],[-52.18483416,-28.33869324],[-52.18483426,-28.33892268],[-52.18482638,-28.33895749],[-52.18476317,-28.33908964],[-52.18470788,-28.33911747],[-52.18469207,-28.33911742],[-52.18445507,-28.33920785],[-52.18428913,-28.33934007],[-52.184226,-28.33956256],[-52.18422597,-28.33956951],[-52.18402596,-28.33991324],[-52.18403388,-28.34006624],[-52.18404181,-28.34010102],[-52.18416033,-28.34033746],[-52.18433422,-28.34046258],[-52.18435787,-28.3404695],[-52.1845949,-28.34048342],[-52.18460286,-28.34048335],[-52.18491095,-28.34048329],[-52.18493472,-28.34048336],[-52.18495048,-28.34046941],[-52.18498203,-28.34046246],[-52.18502944,-28.34044156],[-52.18504528,-28.34043465],[-52.18532966,-28.34035808],[-52.18536134,-28.34034417],[-52.18539291,-28.34033027],[-52.18540079,-28.34032334],[-52.18555875,-28.34019813],[-52.18558252,-28.34017031],[-52.18559037,-28.34017024],[-52.18566939,-28.33998254],[-52.18561403,-28.33980169],[-52.18550337,-28.33956528],[-52.18536899,-28.33931499],[-52.1853768,-28.33909938],[-52.18537682,-28.33909243],[-52.18538466,-28.33892557],[-52.1853768,-28.33889775],[-52.1853689,-28.33888382],[-52.18529767,-28.33863353],[-52.18521861,-28.33840406],[-52.18519496,-28.33836924],[-52.1851712,-28.33819543],[-52.18513522,-28.33797723],[-52.18526159,-28.33778253],[-52.1854432,-28.33751821],[-52.18547483,-28.33728877],[-52.18547477,-28.33724698],[-52.1856485,-28.33698968],[-52.18580648,-28.33682972],[-52.18597517,-28.33681697],[-52.18605047,-28.33684592],[-52.18625258,-28.33691204],[-52.18644063,-28.33692439],[-52.18646878,-28.33692442],[-52.18647822,-28.33692028],[-52.18656748,-28.33688304],[-52.18658631,-28.3368706],[-52.18666619,-28.33678786],[-52.18666622,-28.33668027],[-52.18666144,-28.3366637],[-52.18665681,-28.33665959],[-52.18658154,-28.33651475],[-52.18658626,-28.33641552],[-52.18664257,-28.33633271],[-52.18672248,-28.33629961],[-52.18684942,-28.33631196],[-52.18696222,-28.33637407],[-52.18706568,-28.33644853],[-52.18713159,-28.33652296],[-52.18720339,-28.3365672],[-52.18728336,-28.33656722],[-52.18730213,-28.33656724],[-52.18742435,-28.33647619],[-52.18744782,-28.33638509],[-52.18748546,-28.33634785],[-52.18760296,-28.33636443],[-52.18767346,-28.33640163],[-52.18776276,-28.33640573],[-52.18785683,-28.3364347],[-52.1879696,-28.33648435],[-52.18797438,-28.33649261],[-52.18799784,-28.33653808],[-52.18800732,-28.33659188],[-52.18803552,-28.33664154],[-52.18815005,-28.33670382],[-52.18824417,-28.33678243],[-52.18825829,-28.33678654],[-52.18835694,-28.33683208],[-52.1884087,-28.33692721],[-52.18840873,-28.33693967],[-52.18842759,-28.33703887],[-52.18843696,-28.33722093],[-52.188437,-28.33722508],[-52.18843704,-28.3373658],[-52.18841357,-28.3374568],[-52.18835716,-28.33753961],[-52.18835241,-28.33754371],[-52.18839006,-28.33758093],[-52.18850289,-28.33758094],[-52.18858751,-28.33762226],[-52.18859225,-28.33762637],[-52.18861582,-28.33779188],[-52.18861576,-28.33779603],[-52.1886064,-28.33794504],[-52.18850771,-28.33810638],[-52.18843615,-28.33829447],[-52.18838442,-28.33839384],[-52.18837977,-28.33848071],[-52.18837982,-28.33848486],[-52.18842485,-28.33862635],[-52.18842962,-28.33881667],[-52.18838265,-28.33889524],[-52.18837322,-28.33897385],[-52.18837321,-28.33898215],[-52.18839673,-28.33906074],[-52.18847675,-28.3391559],[-52.18853383,-28.3392425],[-52.18861371,-28.33936248],[-52.18866075,-28.33948247],[-52.18875015,-28.33962313],[-52.18880188,-28.33975138],[-52.18887249,-28.33986305],[-52.1889897,-28.34006429],[-52.18903204,-28.34019254],[-52.18912607,-28.34030012],[-52.18913549,-28.34031259],[-52.18922949,-28.34036222],[-52.18924825,-28.34037045],[-52.189347,-28.34037871],[-52.18935169,-28.34037876],[-52.18945037,-28.3403084],[-52.18946448,-28.34028354],[-52.18957727,-28.34014284],[-52.18958198,-28.34013459],[-52.18964773,-28.34000215],[-52.18969943,-28.33980764],[-52.18971349,-28.3395594],[-52.18971286,-28.33934676],[-52.18979272,-28.33914397],[-52.18989602,-28.33900335],[-52.18996843,-28.33888196],[-52.18998252,-28.33887371],[-52.19011417,-28.338824],[-52.19025047,-28.33873292],[-52.19025518,-28.33871645],[-52.19025989,-28.3387081],[-52.19035384,-28.33857984],[-52.19043841,-28.33845157],[-52.19059492,-28.33835317],[-52.19088637,-28.33823311],[-52.19090519,-28.33822898],[-52.19091453,-28.33822484],[-52.19094274,-28.33822071],[-52.19111664,-28.33820827],[-52.19113552,-28.33819998],[-52.19116374,-28.33819585],[-52.19119195,-28.33819173],[-52.19138463,-28.338171],[-52.19140341,-28.33816271],[-52.19153032,-28.33810889],[-52.19153977,-28.33809644],[-52.19154448,-28.33808819],[-52.19156328,-28.33806339],[-52.19161495,-28.33793089],[-52.19161491,-28.33791852],[-52.19161487,-28.33790607],[-52.19162891,-28.33776541],[-52.19162898,-28.33775305],[-52.19155371,-28.33756272],[-52.19155368,-28.33754205],[-52.1914314,-28.33738896],[-52.19142203,-28.33737243],[-52.19127628,-28.33726485],[-52.19126212,-28.33724828],[-52.19106938,-28.33719039],[-52.1909378,-28.33721943],[-52.19091893,-28.33721942],[-52.19073564,-28.33727743],[-52.19053354,-28.33733127],[-52.19034084,-28.33733124],[-52.19011982,-28.33725274],[-52.18992069,-28.33715231],[-52.18992075,-28.33714816],[-52.18981254,-28.33699512],[-52.18979847,-28.33698685],[-52.18969031,-28.33683788],[-52.18968084,-28.33682135],[-52.18960562,-28.33677173],[-52.18943648,-28.33685453],[-52.18942235,-28.33685862],[-52.18926717,-28.33682974],[-52.18924836,-28.33682557],[-52.18908389,-28.3367594],[-52.18905569,-28.33675532],[-52.18871247,-28.33657743],[-52.18856663,-28.33637887],[-52.18849146,-28.33624233],[-52.1883927,-28.33612243],[-52.18835506,-28.3361224],[-52.18816229,-28.33608933],[-52.18808714,-28.33614729],[-52.18801661,-28.33622589],[-52.1878333,-28.33626314],[-52.18778154,-28.3362135],[-52.18765469,-28.33616388],[-52.18751826,-28.33611425],[-52.18751357,-28.33611429],[-52.18749543,-28.33605181],[-52.18736851,-28.33598567],[-52.18730264,-28.33586981],[-52.18727441,-28.33580778],[-52.1872509,-28.33580365],[-52.18715686,-28.33574986],[-52.18697356,-28.33573332],[-52.18674322,-28.33573334],[-52.18672445,-28.33573341],[-52.18658343,-28.33572931],[-52.18656925,-28.33572925],[-52.18649409,-28.33570445],[-52.18639534,-28.33566722],[-52.18626844,-28.33558448],[-52.18618849,-28.33551423],[-52.18616142,-28.33540056],[-52.18618018,-28.33528884],[-52.1862037,-28.33515641],[-52.18619898,-28.33500743],[-52.1861943,-28.33499917],[-52.18612375,-28.33480058],[-52.18606256,-28.33470129],[-52.18606256,-28.33457303],[-52.18607658,-28.33449439],[-52.18616589,-28.33437032],[-52.18624108,-28.33432471],[-52.18635859,-28.3342875],[-52.18647141,-28.33428751],[-52.18658421,-28.33431225],[-52.18658895,-28.33431645],[-52.18674411,-28.33443641],[-52.18674877,-28.33446119],[-52.18683349,-28.33459359],[-52.18683812,-28.3345977],[-52.18697921,-28.33471769],[-52.1869839,-28.33471764],[-52.18709675,-28.33473832],[-52.18712967,-28.33468045],[-52.18778366,-28.33442321],[-52.18780788,-28.33450098],[-52.18789152,-28.3345638],[-52.18793267,-28.33462274],[-52.18796485,-28.33469981],[-52.18803179,-28.3347291],[-52.1880818,-28.3348507],[-52.18810632,-28.33491863],[-52.18820273,-28.33501996],[-52.18820679,-28.33502741],[-52.18828993,-28.33512823],[-52.18838141,-28.33521742],[-52.18839844,-28.33521745],[-52.18848985,-28.33529148],[-52.18863063,-28.33540199],[-52.18873014,-28.3354607],[-52.18880785,-28.33550515],[-52.18888481,-28.33549022],[-52.18888899,-28.33549027],[-52.18903257,-28.33554976],[-52.18905808,-28.33554972],[-52.18918027,-28.33559424],[-52.18920577,-28.33559428],[-52.18935723,-28.33564613],[-52.18947491,-28.33567931],[-52.18974795,-28.33578497],[-52.18991294,-28.33585221],[-52.18991716,-28.33585588],[-52.19004921,-28.3358596],[-52.19015447,-28.33590426],[-52.19027362,-28.33590421],[-52.19028637,-28.33590419],[-52.19043283,-28.33595617],[-52.19053939,-28.33604405],[-52.19065949,-28.3360745],[-52.19066806,-28.33607452],[-52.19079725,-28.33607835],[-52.19081455,-28.3360745],[-52.19089693,-28.33605167],[-52.19104253,-28.33608208],[-52.19115559,-28.33604779],[-52.19116432,-28.33604392],[-52.19125535,-28.33602868],[-52.19149407,-28.33597515],[-52.19168273,-28.33585996],[-52.19169585,-28.33585606],[-52.19182433,-28.33575962],[-52.1919577,-28.33566269],[-52.19208621,-28.33559649],[-52.19219721,-28.33558875],[-52.19229338,-28.33557699],[-52.19229959,-28.33568597],[-52.19229042,-28.33570536],[-52.1922933,-28.33577114],[-52.19237421,-28.33583668],[-52.19239456,-28.33588668],[-52.19245015,-28.33591355],[-52.19249775,-28.3359097],[-52.19259271,-28.33591735],[-52.19269223,-28.33591351],[-52.19270979,-28.33590586],[-52.19279408,-28.33584429],[-52.1927943,-28.33583662],[-52.19280974,-28.33576716],[-52.19281175,-28.33570911],[-52.19286662,-28.33563525],[-52.19293469,-28.33557373],[-52.19304331,-28.33553532],[-52.1931818,-28.33553141],[-52.19334235,-28.33551213],[-52.19337265,-28.33551214],[-52.19354509,-28.33554285],[-52.19357116,-28.33553901],[-52.19359279,-28.335539],[-52.19369247,-28.33553127],[-52.19371217,-28.33545041],[-52.19370372,-28.33544263],[-52.19365401,-28.33535759],[-52.19365417,-28.33535371],[-52.19360496,-28.33524095],[-52.19359657,-28.3352292],[-52.19355132,-28.33512364],[-52.19351858,-28.33503322],[-52.19348089,-28.33483714],[-52.19348095,-28.33483326],[-52.19342193,-28.33476383],[-52.19341433,-28.33471353],[-52.19346685,-28.33469421],[-52.19359672,-28.33471356],[-52.19360978,-28.33471354],[-52.19381715,-28.33474828],[-52.19382582,-28.33474829],[-52.19394693,-28.33475987],[-52.19406367,-28.3348084],[-52.1941983,-28.33484341],[-52.19443658,-28.3349055],[-52.1945187,-28.33493258],[-52.19465341,-28.33492869],[-52.1946577,-28.33492865],[-52.19475356,-28.33491698],[-52.19484157,-28.33487821],[-52.1949299,-28.3348315],[-52.19500455,-28.33481207],[-52.19510704,-28.33479041],[-52.19521973,-28.33483311],[-52.19534955,-28.33487566],[-52.1953714,-28.33486789],[-52.19539747,-28.33486405],[-52.1954062,-28.33486018],[-52.19557125,-28.33486009],[-52.19567203,-28.33481353],[-52.19578123,-28.33479028],[-52.19578996,-28.33478642],[-52.19589936,-28.33476298],[-52.19606894,-28.33476691],[-52.19613379,-28.33478241],[-52.19623262,-28.33481728],[-52.19635622,-28.33488696],[-52.19642511,-28.33492562],[-52.19646276,-28.33501799],[-52.19645741,-28.33508699],[-52.19644268,-28.33520157],[-52.19644255,-28.33521682],[-52.19647603,-28.33527375],[-52.19653106,-28.335323],[-52.19663287,-28.33538727],[-52.19664989,-28.33539479],[-52.19665846,-28.33539481],[-52.19676123,-28.33539851],[-52.19687256,-28.33540223],[-52.19693365,-28.33536451],[-52.19702467,-28.33533049],[-52.19709536,-28.33526597],[-52.19713951,-28.33522803],[-52.19720348,-28.33524697],[-52.19725791,-28.33528873],[-52.19727621,-28.33536484],[-52.19731005,-28.33542619],[-52.19733528,-28.33548355],[-52.19740821,-28.33551026],[-52.19749031,-28.3354988],[-52.19751957,-28.33555224],[-52.19753118,-28.33563202],[-52.19753112,-28.33563581],[-52.19751228,-28.33573039],[-52.19751509,-28.3358171],[-52.19754779,-28.33590337],[-52.19759383,-28.33595189],[-52.19767268,-28.33602448],[-52.19775455,-28.33611104],[-52.19784019,-28.33615235],[-52.19797689,-28.3361711],[-52.19798975,-28.33617108],[-52.19807106,-28.33612604],[-52.19816969,-28.33608844],[-52.19824306,-28.33600927],[-52.19832091,-28.33593729],[-52.19841164,-28.3358956],[-52.1985062,-28.33589559],[-52.19862592,-28.33593723],[-52.19875046,-28.3359448],[-52.19877189,-28.33594479],[-52.19878913,-28.33594482],[-52.19879341,-28.33594478],[-52.19882779,-28.33594475],[-52.19897258,-28.33599393],[-52.19907958,-28.33600147],[-52.19921666,-28.33600893],[-52.1994391,-28.33598622],[-52.19961557,-28.33592176],[-52.19981558,-28.33584572],[-52.19991873,-28.33579237],[-52.20021183,-28.33580369],[-52.20049149,-28.33585313],[-52.20050445,-28.33585319],[-52.20067188,-28.33588358],[-52.20067617,-28.33588354],[-52.20082529,-28.3359631],[-52.20082951,-28.33596695],[-52.20090312,-28.33598065],[-52.20104627,-28.33489494],[-52.20121546,-28.33361179],[-52.2024459,-28.33141897],[-52.20348549,-28.32956629],[-52.20477575,-28.32910362],[-52.2051365,-28.32943439],[-52.2056934,-28.32906843],[-52.20560671,-28.32861791],[-52.20695467,-28.32875041],[-52.20977398,-28.32729937],[-52.2026479,-28.32493443],[-52.20659714,-28.32057622],[-52.20615259,-28.32004763],[-52.20635198,-28.31963971],[-52.20440112,-28.31849261],[-52.20371128,-28.31882363],[-52.20228936,-28.31754547],[-52.20368187,-28.31711801],[-52.20334814,-28.31637461],[-52.20317051,-28.31623375],[-52.20317101,-28.31617869],[-52.20303265,-28.31594659],[-52.2030316,-28.31590797],[-52.20289404,-28.31562929],[-52.20274255,-28.31521905],[-52.20267952,-28.31507393],[-52.20254443,-28.31483341],[-52.20254388,-28.31479379],[-52.20232144,-28.31434988],[-52.20215,-28.31391481],[-52.2019517,-28.31351338],[-52.20178662,-28.31311824],[-52.20162292,-28.31281785],[-52.2015698,-28.31256587],[-52.20181057,-28.31224532],[-52.20200831,-28.31198084],[-52.2022982,-28.31157637],[-52.20266412,-28.31093105],[-52.20302358,-28.31027459],[-52.20343294,-28.30980155],[-52.20407001,-28.30914581],[-52.20408127,-28.30914074],[-52.20432156,-28.30887868],[-52.20459085,-28.30846716],[-52.2049575,-28.30788898],[-52.20513732,-28.30763666],[-52.20529118,-28.30725378],[-52.20557303,-28.30649999],[-52.20557296,-28.30649376],[-52.20579096,-28.30591129],[-52.20591028,-28.30516985],[-52.20606386,-28.3043559],[-52.20617905,-28.30386334],[-52.20638585,-28.30339154],[-52.20670048,-28.30298657],[-52.20701135,-28.30271846],[-52.20731795,-28.30223486],[-52.20759715,-28.30193535],[-52.20776391,-28.30154928],[-52.20791389,-28.30100442],[-52.2080523,-28.30032915],[-52.20813731,-28.29979344],[-52.208143,-28.29978238],[-52.20827186,-28.29909266],[-52.20836635,-28.29861968],[-52.20838802,-28.29858817],[-52.20838747,-28.29856697],[-52.20848305,-28.29820861],[-52.20856144,-28.29794391],[-52.20876446,-28.29745571],[-52.20886289,-28.29723209],[-52.20886286,-28.29721151],[-52.20907382,-28.29691152],[-52.20921593,-28.29675384],[-52.20984982,-28.29625108],[-52.20496484,-28.29662878],[-52.20460281,-28.29615667],[-52.20449259,-28.29547863],[-52.20426203,-28.29467259],[-52.20383683,-28.29389515],[-52.20389766,-28.29341986],[-52.20402231,-28.29269904],[-52.20402159,-28.29268876],[-52.20372403,-28.29187247],[-52.20121839,-28.29303178],[-52.19469373,-28.28585933],[-52.19061111,-28.28091271],[-52.18675094,-28.27964577],[-52.18653359,-28.27976797],[-52.18639179,-28.27986199],[-52.18621382,-28.2799769],[-52.18603282,-28.28008497],[-52.18563083,-28.28033704],[-52.18550321,-28.28044122],[-52.18514208,-28.28068119],[-52.18502645,-28.28078166],[-52.18493175,-28.28084873],[-52.18456089,-28.28107543],[-52.18439848,-28.28119616],[-52.18424385,-28.28130175],[-52.18393243,-28.28147368],[-52.18381232,-28.28158412],[-52.18357542,-28.28177445],[-52.18342907,-28.28186264],[-52.18293043,-28.28210732],[-52.18293055,-28.2821093],[-52.18277253,-28.28222106],[-52.18260696,-28.28234262],[-52.18215481,-28.28263347],[-52.18198708,-28.28275325],[-52.18177244,-28.28289023],[-52.18169771,-28.28295622],[-52.1812957,-28.28321657],[-52.18117632,-28.28330128],[-52.18083088,-28.28355157],[-52.1807433,-28.28366308],[-52.18039061,-28.28411561],[-52.18031416,-28.28422892],[-52.18004108,-28.28467111],[-52.17985444,-28.28490721],[-52.17975462,-28.28505565],[-52.17953378,-28.2854176],[-52.17948497,-28.28551297],[-52.1793238,-28.28570995],[-52.17927329,-28.28579902],[-52.17921447,-28.28593023],[-52.17906865,-28.2861046],[-52.17896297,-28.28627709],[-52.17885689,-28.28643118],[-52.17862112,-28.28678044],[-52.17860504,-28.28679177],[-52.17854442,-28.28689835],[-52.17846916,-28.28700866],[-52.17826778,-28.2873143],[-52.17806645,-28.28754168],[-52.17774339,-28.28785397],[-52.177552,-28.28793775],[-52.17737303,-28.28802856],[-52.1771312,-28.28816098],[-52.17674354,-28.28832995],[-52.17651268,-28.28844025],[-52.17640209,-28.28848127],[-52.1763076,-28.2883921],[-52.17625286,-28.28833823],[-52.17618196,-28.28824182],[-52.17612071,-28.28817095],[-52.17607561,-28.28810283],[-52.17600184,-28.28798694],[-52.17595669,-28.28789617],[-52.1758928,-28.28777947],[-52.17576576,-28.28756738],[-52.17570883,-28.28744394],[-52.17562998,-28.28730129],[-52.17548287,-28.28707195],[-52.1754259,-28.28694472],[-52.17532523,-28.286775],[-52.17525943,-28.28663232],[-52.17510203,-28.28633862],[-52.17502326,-28.28620364],[-52.17487866,-28.28597996],[-52.17472551,-28.28571059],[-52.17465544,-28.28556019],[-52.17457659,-28.28541754],[-52.17445397,-28.28523627],[-52.17435754,-28.2850434],[-52.17429183,-28.28492771],[-52.17415727,-28.28475386],[-52.17411153,-28.28477673],[-52.17391438,-28.28488294],[-52.17350348,-28.2850891],[-52.17315605,-28.2852717],[-52.17273798,-28.28548352],[-52.1725608,-28.28557097],[-52.17200406,-28.28585826],[-52.17159412,-28.28606802],[-52.17132777,-28.28620632],[-52.17040583,-28.28667491],[-52.16996371,-28.28689911],[-52.16913053,-28.28732739],[-52.16869455,-28.28756282],[-52.16823524,-28.28785711],[-52.16791874,-28.28806335],[-52.16732786,-28.28843837],[-52.16701175,-28.28864298],[-52.16625482,-28.28913658],[-52.16593376,-28.28933662],[-52.16540338,-28.28968811],[-52.16502492,-28.289927],[-52.1645874,-28.29021099],[-52.16430462,-28.29039581],[-52.16374606,-28.29075475],[-52.16346565,-28.2909428],[-52.16331824,-28.29104027],[-52.16289392,-28.29130112],[-52.1625471,-28.29153397],[-52.16237287,-28.29165008],[-52.16174693,-28.29204993],[-52.16144701,-28.29225421],[-52.16114511,-28.29244515],[-52.16074121,-28.2926995],[-52.1602827,-28.29297769],[-52.16002701,-28.29313304],[-52.15986803,-28.29322699],[-52.15937256,-28.29353835],[-52.15912431,-28.29369363],[-52.15879983,-28.29389089],[-52.15863426,-28.29398824],[-52.15823879,-28.29424107],[-52.15776919,-28.29452251],[-52.15754091,-28.29466678],[-52.15698192,-28.29501839],[-52.15655951,-28.2952792],[-52.15611867,-28.29555299],[-52.15583982,-28.29572702],[-52.15536305,-28.29601637],[-52.15502554,-28.29622682],[-52.1545593,-28.29651851],[-52.1543268,-28.29666038],[-52.1538707,-28.29694773],[-52.15359497,-28.2971184],[-52.15327813,-28.29731739],[-52.15306832,-28.29743631],[-52.15265836,-28.29769016],[-52.15237396,-28.29787082],[-52.15218794,-28.29797411],[-52.15188038,-28.29813511],[-52.15166168,-28.29825212],[-52.15132907,-28.29841703],[-52.150966,-28.29860368],[-52.15069957,-28.29873996],[-52.15039672,-28.29889361],[-52.15009648,-28.29904389],[-52.14982421,-28.29918681],[-52.14933727,-28.299444],[-52.14885031,-28.29968918],[-52.14859929,-28.29981756],[-52.14824634,-28.29999726],[-52.14794454,-28.30015468],[-52.1473819,-28.30044761],[-52.14708887,-28.30059566],[-52.14670734,-28.30079265],[-52.14645377,-28.30091166],[-52.14606255,-28.30111893],[-52.14578396,-28.30126361],[-52.14536232,-28.30147727],[-52.14511674,-28.30160055],[-52.14451597,-28.30191391],[-52.14412321,-28.30212056],[-52.14380676,-28.30227295],[-52.14341044,-28.30245209],[-52.14316063,-28.30256123],[-52.14286172,-28.30267566],[-52.14264578,-28.30274805],[-52.14233979,-28.30282002],[-52.14182617,-28.30293055],[-52.14140805,-28.30298811],[-52.14109139,-28.30303589],[-52.1406734,-28.3030865],[-52.1403796,-28.30312514],[-52.14017793,-28.30314921],[-52.13985747,-28.30318429],[-52.13964768,-28.30322115],[-52.13936739,-28.30326501],[-52.139183,-28.30330293],[-52.13876004,-28.30340484],[-52.13856356,-28.30346578],[-52.13821765,-28.30358166],[-52.13797517,-28.30368071],[-52.13776858,-28.30377017],[-52.13752704,-28.30388085],[-52.13739722,-28.30394773],[-52.13717737,-28.30404587],[-52.13689217,-28.30418445],[-52.13671201,-28.30427576],[-52.13637955,-28.3044298],[-52.13612096,-28.30453882],[-52.135869,-28.30463885],[-52.13568726,-28.30468576],[-52.13548317,-28.30474116],[-52.13530918,-28.30477014],[-52.13518648,-28.30478749],[-52.13494764,-28.30480771],[-52.13475605,-28.30481057],[-52.13460777,-28.30480187],[-52.13438852,-28.30478438],[-52.13404114,-28.30471452],[-52.13389314,-28.30467359],[-52.13355591,-28.3045615],[-52.13326481,-28.30445118],[-52.13293849,-28.3043092],[-52.13277015,-28.30423595],[-52.13249807,-28.3041216],[-52.13225468,-28.30400944],[-52.13202954,-28.30391752],[-52.13184778,-28.30383726],[-52.13151035,-28.30370566],[-52.13128347,-28.30363172],[-52.13106522,-28.30356349],[-52.13083503,-28.30350411],[-52.13059308,-28.30345069],[-52.13040635,-28.30341289],[-52.13024734,-28.30338117],[-52.12993547,-28.30334223],[-52.12967872,-28.30331746],[-52.1292994,-28.30328323],[-52.12900283,-28.30327377],[-52.12867072,-28.3032488],[-52.12798983,-28.30320488],[-52.12765663,-28.30318281],[-52.12685903,-28.3031449],[-52.12657719,-28.3031196],[-52.12593366,-28.30307825],[-52.12567558,-28.30305285],[-52.12486003,-28.30300478],[-52.12458693,-28.30298555],[-52.12379585,-28.30293719],[-52.12340455,-28.30290809],[-52.1229578,-28.30290148],[-52.1227488,-28.30291755],[-52.12259335,-28.30293363],[-52.12247715,-28.30294966],[-52.12216589,-28.30301666],[-52.12195916,-28.30307387],[-52.12170605,-28.30317163],[-52.12132675,-28.30335409],[-52.12098792,-28.30353441],[-52.12070955,-28.30368427],[-52.12049587,-28.30379894],[-52.12031796,-28.30389147],[-52.12007127,-28.30401796],[-52.11999489,-28.304126],[-52.11990532,-28.30419127],[-52.11976826,-28.30429908],[-52.11965631,-28.30441851],[-52.1196462,-28.30450461],[-52.11967364,-28.30455385],[-52.11973582,-28.30468791],[-52.11980573,-28.30479999],[-52.11985371,-28.30489157],[-52.11995475,-28.30504553],[-52.12002656,-28.30518295],[-52.1201581,-28.30539497],[-52.12026853,-28.30559724],[-52.12040036,-28.30586703],[-52.12048487,-28.30599983],[-52.12054956,-28.30609046],[-52.12066524,-28.30623898],[-52.12076921,-28.30637009],[-52.12090634,-28.30654072],[-52.12101233,-28.30666071],[-52.12116288,-28.30679829],[-52.12130103,-28.30691143],[-52.12148002,-28.30703813],[-52.12153018,-28.30709476],[-52.12155672,-28.30711611],[-52.12169362,-28.30727574],[-52.12181851,-28.3074073],[-52.12195884,-28.30755309],[-52.12207409,-28.30768004],[-52.12223059,-28.30785927],[-52.12233001,-28.30796496],[-52.12243963,-28.30806046],[-52.12251275,-28.30810869],[-52.1225673,-28.30815644],[-52.12262705,-28.3082036],[-52.12269993,-28.30825752],[-52.12272994,-28.3082987],[-52.12277425,-28.30840015],[-52.12278817,-28.30849291],[-52.12283184,-28.30865006],[-52.12290006,-28.30880402],[-52.12300587,-28.30905163],[-52.12304578,-28.30916133],[-52.12309879,-28.3092758],[-52.1231976,-28.30946886],[-52.12327211,-28.30963956],[-52.12333063,-28.30975389],[-52.12340432,-28.3098949],[-52.12344743,-28.31001802],[-52.1235162,-28.31017613],[-52.1235844,-28.3103383],[-52.12360686,-28.3104375],[-52.12369224,-28.31072977],[-52.12371401,-28.3108407],[-52.12376663,-28.31102449],[-52.12382804,-28.31117084],[-52.1238613,-28.31125974],[-52.1239026,-28.31135625],[-52.12398762,-28.31145926],[-52.12408576,-28.31151946],[-52.1241624,-28.3115627],[-52.12426009,-28.31160016],[-52.12434288,-28.31162683],[-52.12447054,-28.31167163],[-52.12459838,-28.31172473],[-52.12471596,-28.31177178],[-52.12480707,-28.31182365],[-52.12495027,-28.31192049],[-52.12503653,-28.31198639],[-52.12519382,-28.31208565],[-52.12532833,-28.31219962],[-52.12542127,-28.31227025],[-52.12554017,-28.3123653],[-52.12564248,-28.3124438],[-52.12569901,-28.3124853],[-52.12583574,-28.31255909],[-52.12599113,-28.31261241],[-52.12610347,-28.31267575],[-52.12624129,-28.31274628],[-52.1263256,-28.31281039],[-52.12654653,-28.31296634],[-52.12661943,-28.31302242],[-52.12675107,-28.31311629],[-52.12684997,-28.31320013],[-52.12696747,-28.31328744],[-52.12715851,-28.31340518],[-52.12730984,-28.3134793],[-52.12744473,-28.31353342],[-52.12764432,-28.31362014],[-52.12779846,-28.31367077],[-52.12797539,-28.31374566],[-52.12809461,-28.31380307],[-52.12819981,-28.31386503],[-52.12839105,-28.31398123],[-52.12854867,-28.31408165],[-52.1287133,-28.31418968],[-52.12909455,-28.3144213],[-52.12923287,-28.31449091],[-52.12945099,-28.31458289],[-52.12955274,-28.31463711],[-52.12965469,-28.31471073],[-52.12978764,-28.3148025],[-52.12988747,-28.31488715],[-52.12999193,-28.31495678],[-52.13009628,-28.31505412],[-52.13013267,-28.31510066],[-52.13018537,-28.31516449],[-52.13031535,-28.31537092],[-52.13037123,-28.31545656],[-52.13041109,-28.3155325],[-52.1304802,-28.31561506],[-52.13058425,-28.31576087],[-52.13066777,-28.31589502],[-52.13074801,-28.31598841],[-52.130809,-28.31607464],[-52.13088638,-28.31613971],[-52.13097883,-28.31623046],[-52.13108628,-28.31629267],[-52.13116169,-28.31635396],[-52.13123392,-28.316404],[-52.1313072,-28.3164663],[-52.13146873,-28.31658816],[-52.13153484,-28.31665793],[-52.13162123,-28.31673474],[-52.13170354,-28.3168023],[-52.13179994,-28.31688065],[-52.13189816,-28.31692867],[-52.1320549,-28.31701221],[-52.13220177,-28.31706975],[-52.13230663,-28.31709966],[-52.13238834,-28.31711045],[-52.13246279,-28.31712933],[-52.13251787,-28.31712932],[-52.13261667,-28.31713599],[-52.13275399,-28.31713882],[-52.13290941,-28.31714719],[-52.13304048,-28.31714728],[-52.13333558,-28.31713057],[-52.13343633,-28.31711935],[-52.13357792,-28.31711095],[-52.1337132,-28.31710541],[-52.1338158,-28.31711385],[-52.13388994,-28.31712226],[-52.13411098,-28.31717214],[-52.13421651,-28.31719726],[-52.13432978,-28.31724145],[-52.13440561,-28.31727439],[-52.13447283,-28.3173233],[-52.13461387,-28.317504],[-52.1346789,-28.31759597],[-52.13476611,-28.31773984],[-52.13485372,-28.31787396],[-52.13497592,-28.31807648],[-52.13508088,-28.3182313],[-52.13528911,-28.31858185],[-52.13541366,-28.31878453],[-52.13548615,-28.31890695],[-52.13567954,-28.31923343],[-52.13577791,-28.3193717],[-52.13585878,-28.31952375],[-52.13593091,-28.31966016],[-52.13600397,-28.31978727],[-52.13606403,-28.31989111],[-52.13612944,-28.31999969],[-52.13620258,-28.32010567],[-52.13625254,-28.32021962],[-52.1362605,-28.32027677],[-52.13625024,-28.32034844],[-52.13622827,-28.32042137],[-52.13615964,-28.32054713],[-52.13610506,-28.32066131],[-52.13603554,-28.32079998],[-52.13593091,-28.32098453],[-52.13582442,-28.321195],[-52.13575524,-28.32133638],[-52.13571317,-28.32143809],[-52.13560192,-28.32164264],[-52.13552185,-28.32182464],[-52.13546695,-28.32195633],[-52.13542328,-28.3220419],[-52.13531006,-28.32233943],[-52.13522724,-28.32254185],[-52.13517101,-28.32269215],[-52.13504947,-28.32296583],[-52.13499555,-28.32306511],[-52.13494194,-28.32317522],[-52.13488754,-28.32327731],[-52.13482083,-28.32340188],[-52.13475331,-28.32351788],[-52.13469116,-28.32362093],[-52.13455381,-28.3238461],[-52.13452946,-28.3238963],[-52.1345009,-28.32397344],[-52.13449262,-28.32401963],[-52.13451212,-28.32405991],[-52.13455903,-28.32409724],[-52.1346202,-28.32414214],[-52.13475441,-28.32420736],[-52.13486696,-28.32425878],[-52.13504222,-28.3243474],[-52.13511387,-28.32438976],[-52.13535298,-28.32451666],[-52.13552997,-28.32462314],[-52.13573268,-28.32472209],[-52.13588977,-28.32481863],[-52.13614866,-28.32496332],[-52.13631437,-28.32506475],[-52.13644621,-28.32513703],[-52.13657006,-28.32520559],[-52.13669069,-28.3252498],[-52.13684038,-28.32532167],[-52.13695027,-28.32538231],[-52.13708165,-28.3254499],[-52.13716456,-28.32549551],[-52.13721482,-28.32550312],[-52.13726862,-28.32548796],[-52.13730179,-28.32547027],[-52.13731712,-28.32545497],[-52.13732384,-28.32546241],[-52.13733463,-28.32554689],[-52.13738692,-28.32561009],[-52.13749669,-28.32568815],[-52.13759822,-28.32574859],[-52.13768223,-28.32580286],[-52.13773243,-28.3258325],[-52.1377856,-28.32585435],[-52.13784308,-28.32585892],[-52.13784767,-28.32585925],[-52.13790436,-28.32585643],[-52.1379891,-28.32579732],[-52.13799237,-28.32579757],[-52.13807832,-28.32570749],[-52.13810688,-28.32565003],[-52.13815933,-28.32556619],[-52.13823632,-28.32545814],[-52.13828868,-28.3253846],[-52.13836264,-28.32530952],[-52.13843022,-28.32524712],[-52.13848218,-28.3252031],[-52.1385543,-28.32517515],[-52.13867882,-28.32519117],[-52.13882701,-28.32522775],[-52.13890568,-28.32524929],[-52.13906858,-28.32526824],[-52.13937067,-28.32526464],[-52.13946657,-28.32525671],[-52.13956904,-28.32525224],[-52.13965322,-28.32526517],[-52.13974235,-28.32528157],[-52.13980315,-28.32531112],[-52.13987262,-28.32538834],[-52.13993332,-28.32551339],[-52.14000093,-28.32570236],[-52.1400918,-28.32595911],[-52.14015151,-28.32620195],[-52.14020014,-28.32639091],[-52.14025276,-28.32653227],[-52.14033816,-28.32665918],[-52.14048125,-28.32679075],[-52.14065553,-28.32689147],[-52.14082003,-28.32701294],[-52.14091597,-28.32707477],[-52.14100541,-28.32715021],[-52.1411339,-28.32725112],[-52.14124029,-28.32732804],[-52.14137135,-28.3273644],[-52.14150573,-28.32740606],[-52.14168634,-28.32745978],[-52.14187502,-28.32756236],[-52.14199203,-28.32762041],[-52.14205159,-28.32764771],[-52.14215632,-28.32774071],[-52.14226447,-28.3278575],[-52.14231141,-28.32791568],[-52.14239412,-28.32798115],[-52.14248965,-28.32807224],[-52.14260634,-28.32815764],[-52.14270845,-28.32820579],[-52.14289438,-28.32827924],[-52.14295097,-28.32830611],[-52.14314539,-28.32837227],[-52.14321054,-28.32838797],[-52.14332439,-28.32839875],[-52.14350252,-28.32841107],[-52.14362422,-28.3284207],[-52.14377889,-28.32842418],[-52.14391671,-28.32842438],[-52.14418039,-28.3284145],[-52.14433374,-28.32837982],[-52.14454508,-28.3283497],[-52.14463739,-28.32834902],[-52.14474933,-28.32834384],[-52.14499505,-28.32833248],[-52.14509749,-28.32832593],[-52.14537973,-28.32832492],[-52.14554567,-28.32832298],[-52.14569266,-28.32834116],[-52.14588811,-28.32839015],[-52.14599028,-28.32841502],[-52.14609263,-28.32845613],[-52.14614922,-28.32850186],[-52.14622006,-28.32855389],[-52.14632392,-28.32865013],[-52.14652005,-28.32880924],[-52.14663388,-28.32889403],[-52.14686497,-28.32904056],[-52.14703696,-28.32913677],[-52.14727693,-28.329303],[-52.14731837,-28.32934318],[-52.14743748,-28.32945355],[-52.14758102,-28.32956941],[-52.14764989,-28.32962714],[-52.14778441,-28.32970065],[-52.14811741,-28.32991447],[-52.14820287,-28.3299411],[-52.14827499,-28.32995033],[-52.14837131,-28.32993552],[-52.14850522,-28.33002638],[-52.14857707,-28.33017208],[-52.14862026,-28.33022272],[-52.14871744,-28.33024807],[-52.1488325,-28.33025757],[-52.14893329,-28.33029563],[-52.14900517,-28.3303304],[-52.1491167,-28.33042857],[-52.1492354,-28.33051097],[-52.1492893,-28.3305996],[-52.14933973,-28.33071678],[-52.14933966,-28.33071994],[-52.14933966,-28.33087193],[-52.1493397,-28.33088466],[-52.14924248,-28.3309891],[-52.14914901,-28.33101443],[-52.1491382,-28.33102391],[-52.14912021,-28.33106829],[-52.14912014,-28.33107145],[-52.14913093,-28.33115377],[-52.14913099,-28.33116008],[-52.14914538,-28.33125509],[-52.14919935,-28.33139779],[-52.14919221,-28.33148324],[-52.14914896,-28.33159724],[-52.14914899,-28.33160039],[-52.14911704,-28.33172143],[-52.14912447,-28.33177724],[-52.14915056,-28.33186917],[-52.14920279,-28.33197424],[-52.14919161,-28.33206288],[-52.1491878,-28.33214496],[-52.14918787,-28.33215155],[-52.14918036,-28.33217454],[-52.14917666,-28.33218107],[-52.14916915,-28.33219422],[-52.1491319,-28.33231566],[-52.14908706,-28.33243391],[-52.14906093,-28.33268857],[-52.14905346,-28.33279036],[-52.14905339,-28.3327937],[-52.14904967,-28.33292171],[-52.14903104,-28.33302025],[-52.14898043,-28.33313269],[-52.14891751,-28.33319117],[-52.1488399,-28.33327901],[-52.14879926,-28.33336031],[-52.14879923,-28.3333669],[-52.14875485,-28.33348073],[-52.14874012,-28.33356209],[-52.1487512,-28.33364341],[-52.14875484,-28.33364988],[-52.14880658,-28.33370847],[-52.14891374,-28.3337703],[-52.14900617,-28.33378983],[-52.14909852,-28.33378336],[-52.14921687,-28.33372803],[-52.14922428,-28.33372481],[-52.14933885,-28.33364992],[-52.14942387,-28.33357844],[-52.14950516,-28.33352965],[-52.14953845,-28.33353289],[-52.14971501,-28.33364468],[-52.14977498,-28.33370031],[-52.14988817,-28.33379115],[-52.14998137,-28.33387322],[-52.15004794,-28.33392601],[-52.15009366,-28.33398483],[-52.15014516,-28.33403016],[-52.15020623,-28.33408389],[-52.15027376,-28.33411229],[-52.15033485,-28.33414905],[-52.1504282,-28.33419719],[-52.15042813,-28.33420007],[-52.15051507,-28.33428779],[-52.15063405,-28.33434735],[-52.15064043,-28.33435299],[-52.15072092,-28.33443796],[-52.15077562,-28.33449743],[-52.15091926,-28.33466862],[-52.15093532,-28.33477625],[-52.15093535,-28.33477905],[-52.15097719,-28.33487536],[-52.15098037,-28.33488671],[-52.1510543,-28.3349971],[-52.15112427,-28.3352709],[-52.15114261,-28.33533537],[-52.15121573,-28.33543737],[-52.15134387,-28.3355233],[-52.15145973,-28.33562531],[-52.15155118,-28.33577094],[-52.1516365,-28.33587835],[-52.1517585,-28.33595349],[-52.15185608,-28.33599645],[-52.15195364,-28.33606629],[-52.15199021,-28.33614677],[-52.15199019,-28.33624876],[-52.15191709,-28.33635615],[-52.15179507,-28.33643129],[-52.15171496,-28.33651392],[-52.15171934,-28.33656009],[-52.15175876,-28.33666807],[-52.15185071,-28.33675665],[-52.15185504,-28.33676049],[-52.1519777,-28.33684917],[-52.15210025,-28.33693786],[-52.15223153,-28.33698404],[-52.15238229,-28.33707718],[-52.15249913,-28.33714578],[-52.15259654,-28.33722005],[-52.15271343,-28.33729443],[-52.15282369,-28.33734007],[-52.15297949,-28.33740871],[-52.15305091,-28.33746587],[-52.15309641,-28.33755159],[-52.1531223,-28.3376716],[-52.15311586,-28.33777446],[-52.15303795,-28.33792828],[-52.15300541,-28.33801394],[-52.15294701,-28.33812248],[-52.15297291,-28.33828247],[-52.15301186,-28.33845968],[-52.15305891,-28.33859403],[-52.15309696,-28.33871719],[-52.15315425,-28.33890191],[-52.15316056,-28.33901378],[-52.15316052,-28.33917047],[-52.15316686,-28.33933279],[-52.15317322,-28.3395063],[-52.15317957,-28.33966862],[-52.15317951,-28.33981412],[-52.15325583,-28.33988126],[-52.15334486,-28.33992609],[-52.15335119,-28.33992603],[-52.15345932,-28.33992602],[-52.15366961,-28.33988128],[-52.15386673,-28.33983656],[-52.15409564,-28.33976937],[-52.15428002,-28.3396687],[-52.15452173,-28.33944489],[-52.15469975,-28.33923778],[-52.15486775,-28.33909492],[-52.15502674,-28.33893824],[-52.15511269,-28.33879256],[-52.15515142,-28.33867661],[-52.15522127,-28.33851283],[-52.15522898,-28.33849922],[-52.15527551,-28.33839684],[-52.15538399,-28.3382877],[-52.15547709,-28.338199],[-52.1555933,-28.33817175],[-52.15578882,-28.33813065],[-52.15590441,-28.33813066],[-52.15610477,-28.33813068],[-52.1562974,-28.3381239],[-52.15649776,-28.33812392],[-52.15675381,-28.338124],[-52.15692342,-28.33806291],[-52.15693107,-28.33806293],[-52.15706979,-28.33799514],[-52.15721624,-28.33785951],[-52.15742869,-28.33772385],[-52.15758282,-28.33758138],[-52.15769844,-28.33745259],[-52.15782177,-28.33733051],[-52.15799128,-28.33719486],[-52.15818463,-28.33706595],[-52.15827715,-28.3370185],[-52.15838502,-28.33698464],[-52.15859306,-28.33695074],[-52.15883959,-28.33693718],[-52.15904772,-28.33700501],[-52.15921726,-28.33707956],[-52.15937904,-28.33715419],[-52.15952051,-28.33728305],[-52.15971212,-28.33736084],[-52.1598963,-28.33739331],[-52.16010254,-28.33738027],[-52.16033096,-28.33733491],[-52.16054456,-28.33727659],[-52.16074351,-28.33725062],[-52.16086136,-28.33722471],[-52.16118431,-28.33723125],[-52.16143473,-28.3372766],[-52.16171468,-28.33733496],[-52.16180308,-28.33738683],[-52.16195786,-28.33752956],[-52.16201676,-28.33762681],[-52.16206099,-28.33776299],[-52.16213461,-28.33802231],[-52.1621714,-28.33819746],[-52.16216409,-28.33835953],[-52.16202404,-28.33858646],[-52.16178674,-28.338895],[-52.16159091,-28.33906735],[-52.16146368,-28.3391966],[-52.16130703,-28.33935164],[-52.16125808,-28.33944638],[-52.16125802,-28.33961011],[-52.16125811,-28.33961868],[-52.16127763,-28.33979966],[-52.16132655,-28.33995476],[-52.16135398,-28.33996347],[-52.16143407,-28.34004808],[-52.16152216,-28.34006213],[-52.16161432,-28.34000927],[-52.16171437,-28.33993178],[-52.16173045,-28.33992822],[-52.16174639,-28.33992122],[-52.16180244,-28.33989656],[-52.16194421,-28.33990356],[-52.16200823,-28.33991764],[-52.16209627,-28.34003043],[-52.16216834,-28.34017495],[-52.16220441,-28.34030182],[-52.16220045,-28.3403793],[-52.16212835,-28.34042865],[-52.16205228,-28.34039347],[-52.16200417,-28.34040751],[-52.16194012,-28.34044632],[-52.16192416,-28.34046036],[-52.16191213,-28.34047093],[-52.16185605,-28.34054849],[-52.16185207,-28.34063309],[-52.16185205,-28.34064013],[-52.16184807,-28.34066833],[-52.16178398,-28.34070353],[-52.16177994,-28.34070709],[-52.16171192,-28.34075641],[-52.1615221,-28.34082554],[-52.16135911,-28.34091267],[-52.16107974,-28.34103049],[-52.16091095,-28.34109195],[-52.16080038,-28.3411585],[-52.1607492,-28.34120867],[-52.16072192,-28.34124293],[-52.1607414,-28.34127039],[-52.16080369,-28.34129432],[-52.16096322,-28.3413389],[-52.16099042,-28.34137315],[-52.1610099,-28.34140051],[-52.16099047,-28.34146223],[-52.16096711,-28.34153752],[-52.16096709,-28.34154438],[-52.160827,-28.34171228],[-52.16084249,-28.3418322],[-52.16087761,-28.34192811],[-52.16087751,-28.3419384],[-52.16089315,-28.34207194],[-52.16089309,-28.34208566],[-52.16090092,-28.34223299],[-52.16089314,-28.34235292],[-52.16089311,-28.34235969],[-52.16088488,-28.34256852],[-52.16091279,-28.34272416],[-52.16091282,-28.34296181],[-52.16090344,-28.34315017],[-52.16093134,-28.34331402],[-52.16102447,-28.34351884],[-52.16108964,-28.34365818],[-52.16120133,-28.34380562],[-52.16135956,-28.34393677],[-52.16143573,-28.34405481],[-52.1614791,-28.34415021],[-52.16156579,-28.34425047],[-52.16164175,-28.34429341],[-52.16182612,-28.3443793],[-52.16187649,-28.34437671],[-52.16194863,-28.34436842],[-52.16201769,-28.34434906],[-52.1620586,-28.34434907],[-52.16211505,-28.34437946],[-52.16220302,-28.34440164],[-52.1622532,-28.34443749],[-52.16230847,-28.34448161],[-52.16238067,-28.34447883],[-52.16242778,-28.34446778],[-52.16249369,-28.34446785],[-52.16254709,-28.34450927],[-52.16254707,-28.34457281],[-52.16255022,-28.34462811],[-52.1625565,-28.34468059],[-52.16255958,-28.34469167],[-52.16256909,-28.34474962],[-52.16257534,-28.34475246],[-52.16260982,-28.34480767],[-52.16266636,-28.34486568],[-52.16272903,-28.34494385],[-52.1627981,-28.3449438],[-52.16284838,-28.34490519],[-52.16288916,-28.34488309],[-52.16293942,-28.34492725],[-52.16294879,-28.3449908],[-52.16295828,-28.34505715],[-52.16299906,-28.34510139],[-52.16306184,-28.34512342],[-52.16309009,-28.34513176],[-52.1632407,-28.3451339],[-52.1633167,-28.34508614],[-52.16332414,-28.34498273],[-52.16337628,-28.34492768],[-52.16342506,-28.34489089],[-52.16342741,-28.34486298],[-52.16340482,-28.34481299],[-52.16341683,-28.34478202],[-52.16343286,-28.34476446],[-52.1634667,-28.34474305],[-52.16346955,-28.34472353],[-52.16348416,-28.3446883],[-52.16358758,-28.34465673],[-52.1636297,-28.34460925],[-52.16363077,-28.34458532],[-52.16362879,-28.34458137],[-52.16359877,-28.34455139],[-52.16352312,-28.34453732],[-52.16349088,-28.34449906],[-52.16348137,-28.34445049],[-52.16348968,-28.34440773],[-52.16353494,-28.34434831],[-52.16353526,-28.34434009],[-52.16353534,-28.34433802],[-52.16356274,-28.34427794],[-52.16357907,-28.34421327],[-52.16360347,-28.34414925],[-52.16363957,-28.34406374],[-52.16367234,-28.3440186],[-52.16371996,-28.34394147],[-52.16375243,-28.3439069],[-52.16379587,-28.3438771],[-52.16386101,-28.34387248],[-52.16390567,-28.34387941],[-52.16395493,-28.34393423],[-52.16396187,-28.34394329],[-52.16399824,-28.34403288],[-52.16399414,-28.34409663],[-52.1639727,-28.34417002],[-52.16395539,-28.34425672],[-52.1639662,-28.34431277],[-52.16399664,-28.34435376],[-52.16404052,-28.34436394],[-52.16408687,-28.34442348],[-52.1641239,-28.34445999],[-52.16417651,-28.3444664],[-52.16429739,-28.34445571],[-52.16437758,-28.34444717],[-52.16444992,-28.3444471],[-52.16445471,-28.34444715],[-52.16454112,-28.34447493],[-52.16454826,-28.34447487],[-52.1646008,-28.34445574],[-52.16465062,-28.34444069],[-52.16473654,-28.34435746],[-52.16477283,-28.34428955],[-52.16477603,-28.34424656],[-52.16477621,-28.34424439],[-52.16476546,-28.3441943],[-52.1646826,-28.34415457],[-52.16467551,-28.3441123],[-52.16466995,-28.34404231],[-52.16466603,-28.34398268],[-52.16466552,-28.34390804],[-52.16467212,-28.34383921],[-52.16469916,-28.34377408],[-52.16480218,-28.34373493],[-52.16489182,-28.34371277],[-52.16495074,-28.34369052],[-52.16497712,-28.34365816],[-52.16501466,-28.34362047],[-52.16504472,-28.34360785],[-52.16520078,-28.34350173],[-52.16531092,-28.343358],[-52.16532152,-28.34334825],[-52.16541753,-28.34324607],[-52.16542819,-28.34324119],[-52.16555175,-28.34317723],[-52.1656853,-28.3431871],[-52.16574862,-28.34322158],[-52.16576234,-28.34330946],[-52.16583661,-28.34348745],[-52.16587106,-28.34355855],[-52.16592936,-28.34368513],[-52.16592911,-28.34368974],[-52.1660024,-28.34380519],[-52.16611705,-28.34388733],[-52.1663231,-28.34395958],[-52.1664591,-28.34406249],[-52.16662384,-28.34409799],[-52.16662894,-28.34409795],[-52.16676385,-28.34412008],[-52.16676931,-28.3441157],[-52.16689117,-28.34411123],[-52.16704037,-28.34404028],[-52.16730826,-28.3438896],[-52.16739192,-28.34378725],[-52.16739228,-28.34378283],[-52.16745216,-28.34367003],[-52.16740582,-28.34353739],[-52.16740653,-28.34352809],[-52.16735695,-28.34342589],[-52.16731366,-28.34332941],[-52.16726957,-28.34328998],[-52.16720269,-28.34322882],[-52.16717323,-28.3431751],[-52.16716889,-28.34309598],[-52.16716949,-28.34308496],[-52.16721638,-28.3430073],[-52.16726765,-28.34296507],[-52.16727088,-28.34296224],[-52.16735584,-28.34288543],[-52.16737578,-28.34282479],[-52.16735635,-28.34275464],[-52.16727912,-28.3426052],[-52.16721054,-28.34248241],[-52.16713996,-28.34235259],[-52.16708901,-28.34229309],[-52.16705302,-28.34223004],[-52.16702563,-28.34216908],[-52.16696924,-28.34205981],[-52.16692626,-28.34197253],[-52.16690932,-28.34191645],[-52.16690736,-28.34185834],[-52.16692063,-28.34175695],[-52.1669217,-28.34174278],[-52.16693674,-28.34166223],[-52.16695213,-28.34157743],[-52.16697345,-28.3414276],[-52.1669842,-28.34132877],[-52.16698551,-28.34119662],[-52.16700546,-28.34109879],[-52.16700618,-28.34109012],[-52.1670368,-28.34101684],[-52.16708761,-28.34093345],[-52.16720499,-28.34085474],[-52.16728848,-28.34081187],[-52.16752134,-28.34069561],[-52.16765448,-28.34062163],[-52.16775721,-28.34055568],[-52.1678679,-28.34049101],[-52.16796329,-28.34044479],[-52.16805905,-28.34040399],[-52.16819972,-28.34035702],[-52.16837997,-28.34030909],[-52.16851227,-28.34029766],[-52.16869103,-28.34023512],[-52.16877097,-28.34011042],[-52.16883855,-28.34003086],[-52.16892699,-28.33994589],[-52.16900253,-28.33992205],[-52.16903519,-28.33996997],[-52.16903982,-28.33997408],[-52.16904928,-28.34007346],[-52.16903045,-28.34018943],[-52.16903048,-28.34020179],[-52.16901163,-28.34033436],[-52.16901162,-28.34034258],[-52.1690211,-28.34042544],[-52.16911988,-28.34051242],[-52.16912927,-28.34051234],[-52.16928452,-28.34056624],[-52.16936452,-28.34058686],[-52.16946807,-28.34066143],[-52.16956221,-28.3407525],[-52.16956684,-28.3407567],[-52.16964681,-28.34083951],[-52.16970801,-28.34092229],[-52.16984922,-28.34102578],[-52.16992446,-28.34113344],[-52.16992919,-28.34114586],[-52.16995266,-28.3411749],[-52.17003267,-28.34127007],[-52.17004676,-28.34133638],[-52.17005154,-28.34134464],[-52.17007509,-28.34151024],[-52.17008917,-28.34158477],[-52.17012681,-28.341734],[-52.17022091,-28.34182092],[-52.17023028,-28.34182924],[-52.17028209,-28.34188304],[-52.17028678,-28.34188309],[-52.17037152,-28.34187063],[-52.17038561,-28.34186238],[-52.17051735,-28.34176296],[-52.1705267,-28.34175052],[-52.17063963,-28.34168429],[-52.17081845,-28.34158076],[-52.17099715,-28.34153103],[-52.17113835,-28.3414855],[-52.17138297,-28.34142753],[-52.17151001,-28.34136534],[-52.17160878,-28.34135709],[-52.17165737,-28.34133221],[-52.17175609,-28.34128253],[-52.17184083,-28.34123279],[-52.1719067,-28.34118313],[-52.17199137,-28.34114585],[-52.17207135,-28.3411086],[-52.172076,-28.34110441],[-52.17213722,-28.34109612],[-52.17218427,-28.34115412],[-52.17231182,-28.34123055],[-52.17234483,-28.34130094],[-52.17240602,-28.34139203],[-52.17250952,-28.34142516],[-52.17262239,-28.34147483],[-52.17263178,-28.34147484],[-52.17269768,-28.34154937],[-52.17269767,-28.34155758],[-52.17271188,-28.34165286],[-52.17269301,-28.34176467],[-52.17268365,-28.34178533],[-52.17261304,-28.34183089],[-52.17248607,-28.34195518],[-52.17240605,-28.34205452],[-52.17240141,-28.34205871],[-52.172392,-28.34214977],[-52.17239194,-28.34215393],[-52.17243899,-28.34236012],[-52.17247196,-28.34250091],[-52.17249918,-28.34266585],[-52.17253686,-28.34275272],[-52.17262625,-28.34288526],[-52.17271564,-28.34298874],[-52.17280974,-28.34307575],[-52.17294789,-28.34315219],[-52.17301373,-28.34316462],[-52.17313604,-28.34317286],[-52.17325838,-28.34315628],[-52.17333835,-28.34309007],[-52.17336185,-28.34302795],[-52.17329606,-28.34301967],[-52.17335244,-28.34296999],[-52.17342303,-28.34289547],[-52.17350772,-28.3428126],[-52.17357356,-28.34277945],[-52.17367238,-28.34276705],[-52.17371941,-28.34281259],[-52.17380887,-28.3428954],[-52.17390768,-28.34300304],[-52.17399999,-28.34309412],[-52.174111,-28.34319724],[-52.17415802,-28.34328835],[-52.17424279,-28.3433712],[-52.17427564,-28.34340847],[-52.17428042,-28.34341673],[-52.17433681,-28.34355335],[-52.17441688,-28.34360717],[-52.17448271,-28.34370246],[-52.17447335,-28.34379767],[-52.17447337,-28.34381834],[-52.17440751,-28.34394256],[-52.17440275,-28.34395506],[-52.17431336,-28.34412064],[-52.17425227,-28.34426143],[-52.17431345,-28.34424908],[-52.17442167,-28.34415382],[-52.17452517,-28.34407513],[-52.17454395,-28.34406685],[-52.17455335,-28.34405855],[-52.17468512,-28.34404613],[-52.17470865,-28.34403366],[-52.17473213,-28.34402542],[-52.174798,-28.34397566],[-52.17480744,-28.34397152],[-52.17479182,-28.34390531],[-52.17481063,-28.34367752],[-52.17478709,-28.34366094],[-52.17478236,-28.34364852],[-52.17467885,-28.34354092],[-52.1745612,-28.34336286],[-52.17441538,-28.34319308],[-52.17441535,-28.34318072],[-52.17424128,-28.3430026],[-52.17414242,-28.34285362],[-52.17414248,-28.34284947],[-52.1740813,-28.3427045],[-52.17407658,-28.34269209],[-52.17408129,-28.34260098],[-52.17418474,-28.34244367],[-52.1741894,-28.34243117],[-52.17428818,-28.34233185],[-52.17439951,-28.34226067],[-52.17446065,-28.34216131],[-52.1745689,-28.34204115],[-52.17457356,-28.34202874],[-52.17457828,-28.34192942],[-52.17461122,-28.34186316],[-52.17462061,-28.34185486],[-52.17472408,-28.34180099],[-52.1748088,-28.34176786],[-52.17493581,-28.34176785],[-52.17506286,-28.34189203],[-52.17525576,-28.34202043],[-52.175364,-28.3420287],[-52.17545814,-28.34211978],[-52.17563688,-28.34219432],[-52.17580158,-28.34224399],[-52.17581096,-28.34224391],[-52.17594744,-28.34229779],[-52.17606975,-28.34238889],[-52.17617805,-28.34249653],[-52.176258,-28.34260415],[-52.17638038,-28.34274905],[-52.17636158,-28.34289398],[-52.17625337,-28.34294374],[-52.17616868,-28.34295197],[-52.17607456,-28.34296442],[-52.17599933,-28.34299756],[-52.1759805,-28.34303897],[-52.17601344,-28.34308454],[-52.17602282,-28.34309276],[-52.17616867,-28.34320045],[-52.17626287,-28.34328737],[-52.17626756,-28.34328742],[-52.17635708,-28.34336544],[-52.17641357,-28.3434275],[-52.17647939,-28.34356828],[-52.17656418,-28.3436801],[-52.17659705,-28.34378361],[-52.17659236,-28.34389539],[-52.17648892,-28.34400721],[-52.17642777,-28.3440776],[-52.17636194,-28.34413972],[-52.17636191,-28.34420182],[-52.17642781,-28.34428465],[-52.17643245,-28.34428885],[-52.17652191,-28.34445442],[-52.17661258,-28.34456313],[-52.17665496,-28.34465013],[-52.17673493,-28.34473293],[-52.17678673,-28.34483231],[-52.17679615,-28.34484468],[-52.17684322,-28.34493995],[-52.1768479,-28.34494821],[-52.17689026,-28.34505173],[-52.17699852,-28.34515523],[-52.17708786,-28.34521737],[-52.17714969,-28.34521737]]]]},"geometry_name":"geom","properties":{"id_terra_indigena":53,"Codigo":68601,"Nome":"Mato Castelhano","Etnia":"Kaingang","Municipio":"Mato Castelhano","Unidade_Federacao":"RS","Fase":"Delimitada","Modalidade":"Tradicionalmente ocupada","Homologacao":"Homologada","dt_ini":"2013-01-01Z","dt_fim":"2029-10-30Z"}},{"type":"Feature","id":"vw_funai_terras_indigenas.fid-5c8cc48d_196abffcb4a_277d","geometry":{"type":"MultiPolygon","coordinates":[[[[-52.25867869,-27.78328055],[-52.18658481,-27.78389629],[-52.1865869,-27.78394768],[-52.18658969,-27.7839991],[-52.18659278,-27.78405052],[-52.18659578,-27.78410194],[-52.18659827,-27.78415335],[-52.18659987,-27.78420473],[-52.18660016,-27.78425606],[-52.18659875,-27.78430734],[-52.18659806,-27.78432047],[-52.18659486,-27.78435847],[-52.1865877,-27.78440928],[-52.18657787,-27.78445983],[-52.18656602,-27.78451018],[-52.18655282,-27.7845604],[-52.1865389,-27.78461055],[-52.18652492,-27.7846607],[-52.18651154,-27.7847109],[-52.18649942,-27.78476122],[-52.1864463,-27.78490487],[-52.18641377,-27.78503074],[-52.18640197,-27.78512982],[-52.18639033,-27.78521988],[-52.18639928,-27.78529217],[-52.18640823,-27.78536446],[-52.18643762,-27.785428],[-52.186467,-27.78549153],[-52.18651668,-27.78555533],[-52.18657651,-27.78561927],[-52.18664648,-27.78568333],[-52.18672659,-27.78574753],[-52.18682715,-27.78580298],[-52.18692756,-27.78586745],[-52.18703826,-27.78592303],[-52.18714896,-27.78597861],[-52.18726981,-27.78603432],[-52.18739066,-27.78609003],[-52.18750136,-27.78614561],[-52.18760192,-27.78620106],[-52.18769233,-27.78625638],[-52.18771232,-27.78627468],[-52.18778552,-27.7863245],[-52.18785873,-27.78637432],[-52.18793193,-27.78642414],[-52.18800513,-27.78647396],[-52.18807833,-27.78652378],[-52.18815154,-27.7865736],[-52.18822474,-27.78662342],[-52.18829794,-27.78667324],[-52.18837114,-27.78672306],[-52.1883746,-27.78672541],[-52.18842871,-27.78678264],[-52.18845929,-27.78685897],[-52.18847456,-27.78694461],[-52.18848622,-27.78703211],[-52.18850036,-27.78709693],[-52.18850538,-27.78711433],[-52.18852576,-27.7871945],[-52.1885456,-27.78727475],[-52.18856985,-27.78735372],[-52.18858673,-27.78739577],[-52.18860217,-27.78743038],[-52.18863616,-27.78750656],[-52.18867015,-27.78758275],[-52.18870414,-27.78765893],[-52.18871399,-27.7876771],[-52.18875353,-27.78774077],[-52.18880306,-27.78781359],[-52.18885214,-27.78791347],[-52.18892152,-27.78801361],[-52.18899044,-27.78814082],[-52.18905922,-27.78827704],[-52.189128,-27.78841326],[-52.18918648,-27.78855837],[-52.18923467,-27.78871236],[-52.18928301,-27.78885734],[-52.1893112,-27.78899303],[-52.18933955,-27.7891197],[-52.18935789,-27.78923722],[-52.18936625,-27.78934559],[-52.18937475,-27.78944493],[-52.18936266,-27.78956205],[-52.18934042,-27.78967904],[-52.18931774,-27.78982308],[-52.18928491,-27.789967],[-52.18924164,-27.79012881],[-52.18918837,-27.79028148],[-52.1891351,-27.79043415],[-52.18908183,-27.79058681],[-52.18901886,-27.79071229],[-52.18896603,-27.79083789],[-52.18891366,-27.79093644],[-52.18887173,-27.79101709],[-52.1888404,-27.7910708],[-52.18880921,-27.7911155],[-52.18878817,-27.79116033],[-52.18876713,-27.79120517],[-52.1887358,-27.79125888],[-52.18869387,-27.79133953],[-52.18865164,-27.79143821],[-52.18859896,-27.7915548],[-52.18854599,-27.79168942],[-52.18850301,-27.7918332],[-52.18848018,-27.79198627],[-52.18845719,-27.79214835],[-52.18845435,-27.79231972],[-52.18845121,-27.79250913],[-52.18846806,-27.79271684],[-52.18848477,-27.79293357],[-52.18850117,-27.79316834],[-52.18851772,-27.7933941],[-52.18854442,-27.79361998],[-52.18855113,-27.79382756],[-52.18855813,-27.7940171],[-52.18856544,-27.7941886],[-52.1885629,-27.79434193],[-52.1885608,-27.79446821],[-52.18855916,-27.79456742],[-52.18855781,-27.79464859],[-52.18854647,-27.79472062],[-52.18854542,-27.79478375],[-52.18854437,-27.79484689],[-52.18854303,-27.79492806],[-52.18854123,-27.7950363],[-52.18852914,-27.79515342],[-52.1885166,-27.79529759],[-52.18850391,-27.79545079],[-52.18848078,-27.79562189],[-52.18845749,-27.79580202],[-52.18842391,-27.79599103],[-52.18839003,-27.79619807],[-52.18835615,-27.79640512],[-52.18832182,-27.79663923],[-52.18829764,-27.79687347],[-52.18828331,-27.79712588],[-52.18825897,-27.79736914],[-52.18824494,-27.79760351],[-52.1882209,-27.79782873],[-52.18818702,-27.79803578],[-52.18817628,-27.79807172],[-52.18756925,-27.79856896],[-52.18747643,-27.79865795],[-52.18739346,-27.79876512],[-52.18730019,-27.79888118],[-52.18721663,-27.79902442],[-52.18711216,-27.79920348],[-52.18699666,-27.79943652],[-52.18685996,-27.79972341],[-52.18669147,-27.80009108],[-52.18648135,-27.80052135],[-52.18626017,-27.8010056],[-52.1860287,-27.80149874],[-52.18579738,-27.80198285],[-52.18559724,-27.80242227],[-52.18541875,-27.80278078],[-52.1852716,-27.80308558],[-52.18514548,-27.80334554],[-52.18501982,-27.80357845],[-52.18488416,-27.8038022],[-52.18473835,-27.80402582],[-52.1845724,-27.80424015],[-52.18439615,-27.80446337],[-52.1842202,-27.80466855],[-52.1840241,-27.80486444],[-52.18382815,-27.80505131],[-52.1836325,-27.80522015],[-52.18342701,-27.80537081],[-52.18323181,-27.80551259],[-52.18303691,-27.80563632],[-52.18285231,-27.80575117],[-52.18267815,-27.80584812],[-52.18251414,-27.80594519],[-52.18236043,-27.80603339],[-52.18221702,-27.80611269],[-52.18207345,-27.80620102],[-52.18195003,-27.80629863],[-52.18182676,-27.80638722],[-52.18172394,-27.80646706],[-52.18163141,-27.80653801],[-52.18154903,-27.8066091],[-52.1814771,-27.80666228],[-52.18140516,-27.80671546],[-52.18133308,-27.80677766],[-52.18125085,-27.80683973],[-52.18114802,-27.80691957],[-52.18102475,-27.80700816],[-52.18089118,-27.80710564],[-52.18073732,-27.80720284],[-52.1805733,-27.80729992],[-52.18038915,-27.80738771],[-52.18020514,-27.80746648],[-52.18003143,-27.80753636],[-52.17985772,-27.80760624],[-52.17968416,-27.80766711],[-52.17953105,-27.80771922],[-52.17937793,-27.80777133],[-52.17922482,-27.80782344],[-52.1790717,-27.80787555],[-52.17890844,-27.80792752],[-52.17874503,-27.80798852],[-52.17858161,-27.80804951],[-52.1784182,-27.80811051],[-52.17825464,-27.80818052],[-52.17810122,-27.80825067],[-52.17794765,-27.80832984],[-52.17779393,-27.80841803],[-52.17765021,-27.80851536],[-52.17750664,-27.80860368],[-52.17736292,-27.80870102],[-52.1772192,-27.80879836],[-52.17708577,-27.80888681],[-52.17695235,-27.80897527],[-52.17681892,-27.80906372],[-52.17668535,-27.80916119],[-52.17654162,-27.80925853],[-52.17638775,-27.80935573],[-52.17622358,-27.80946182],[-52.17605941,-27.80956791],[-52.17589524,-27.809674],[-52.17571077,-27.80977982],[-52.17552616,-27.80989466],[-52.17533139,-27.81000937],[-52.17511618,-27.81013282],[-52.17488052,-27.81026503],[-52.17463441,-27.81041514],[-52.17435786,-27.81056485],[-52.17407086,-27.81073246],[-52.17378385,-27.81090007],[-52.17349685,-27.81106769],[-52.17320999,-27.81122628],[-52.17295373,-27.81137625],[-52.17266672,-27.81154386],[-52.17287636,-27.81175412],[-52.17300571,-27.8119092],[-52.17315521,-27.81207356],[-52.17330441,-27.81225596],[-52.1734736,-27.81245666],[-52.17365265,-27.81267554],[-52.17384168,-27.81290357],[-52.17404072,-27.81314076],[-52.17423991,-27.81336892],[-52.1744188,-27.81359682],[-52.174588,-27.81379753],[-52.1747372,-27.81397992],[-52.17487656,-27.81414415],[-52.17501607,-27.81429936],[-52.17514558,-27.81444541],[-52.17527509,-27.81459146],[-52.17540475,-27.81472849],[-52.17554457,-27.81486566],[-52.17567423,-27.81500269],[-52.17580405,-27.8151307],[-52.17592371,-27.81525858],[-52.17605353,-27.81538659],[-52.17618335,-27.81551461],[-52.17630301,-27.81564249],[-52.17643283,-27.8157705],[-52.1765625,-27.81590753],[-52.17669231,-27.81603554],[-52.17682213,-27.81616355],[-52.17694165,-27.81630045],[-52.17705117,-27.81642819],[-52.17716085,-27.81654692],[-52.17725022,-27.81666538],[-52.1773296,-27.81677468],[-52.17739928,-27.81685679],[-52.17744882,-27.81692962],[-52.17748851,-27.81698427],[-52.17751835,-27.81702075],[-52.17753805,-27.81705709],[-52.17756789,-27.81709357],[-52.17760758,-27.81714822],[-52.17765711,-27.81722105],[-52.17772665,-27.81731218],[-52.17780588,-27.8174305],[-52.1778848,-27.81756686],[-52.17797343,-27.81773041],[-52.17806175,-27.817912],[-52.17813978,-27.81810248],[-52.1782278,-27.81830211],[-52.17830568,-27.81850161],[-52.17836325,-27.81870084],[-52.17842113,-27.81888203],[-52.1785066,-27.81923499],[-52.17926327,-27.82133791],[-52.1793116,-27.82148289],[-52.17934979,-27.82162773],[-52.17939813,-27.82177271],[-52.17943631,-27.82191756],[-52.1794845,-27.82207155],[-52.17952254,-27.82222542],[-52.17958087,-27.82237955],[-52.17962891,-27.82254257],[-52.17969724,-27.82270585],[-52.17976542,-27.82287816],[-52.17985375,-27.82305975],[-52.17997193,-27.82327782],[-52.1801398,-27.82355969],[-52.1803569,-27.82393242],[-52.18065325,-27.82442348],[-52.18102869,-27.82504187],[-52.18145352,-27.82574211],[-52.18188806,-27.82646954],[-52.1823129,-27.82716977],[-52.18268836,-27.82778817],[-52.18298472,-27.82827922],[-52.18320185,-27.82865195],[-52.18337973,-27.82894297],[-52.18351792,-27.82917934],[-52.18363641,-27.82937937],[-52.1837549,-27.8295794],[-52.18387309,-27.82979747],[-52.18400113,-27.8300337],[-52.18415902,-27.83030642],[-52.1843363,-27.83063352],[-52.18454314,-27.83101514],[-52.18477968,-27.83144225],[-52.18502606,-27.83188753],[-52.1852626,-27.83231464],[-52.18546944,-27.83269626],[-52.18565689,-27.83302349],[-52.18580463,-27.83329607],[-52.18593283,-27.83352329],[-52.18604133,-27.83371416],[-52.18612983,-27.83388673],[-52.18622878,-27.83404139],[-52.18631773,-27.8341869],[-52.18639668,-27.83432326],[-52.18646578,-27.83444144],[-52.18653518,-27.83454159],[-52.18659458,-27.83463258],[-52.18664398,-27.83471442],[-52.18669353,-27.83478724],[-52.18674293,-27.83486909],[-52.18679218,-27.83495995],[-52.18686158,-27.83506009],[-52.18694083,-27.83517841],[-52.18701978,-27.83531477],[-52.18711888,-27.83546041],[-52.18722798,-27.8356152],[-52.18734708,-27.83577915],[-52.18747619,-27.83595225],[-52.18760544,-27.83611633],[-52.18775484,-27.8362897],[-52.18790455,-27.83644503],[-52.1880544,-27.83659133],[-52.1882147,-27.83671974],[-52.18837516,-27.83683912],[-52.18852591,-27.83693131],[-52.18867682,-27.83701448],[-52.18880787,-27.83707033],[-52.18892908,-27.837108],[-52.18904028,-27.83713653],[-52.18914178,-27.83713786],[-52.18924328,-27.83713919],[-52.18935538,-27.8371136],[-52.18947764,-27.83708813],[-52.18960034,-27.83703562],[-52.18972319,-27.83697408],[-52.18984619,-27.83690352],[-52.18995919,-27.83682381],[-52.19007234,-27.83673508],[-52.19019579,-27.83663746],[-52.19030908,-27.83653971],[-52.19043268,-27.83643308],[-52.19055613,-27.83633546],[-52.19066943,-27.83623771],[-52.19078243,-27.836158],[-52.19087498,-27.83608704],[-52.19094692,-27.83603385],[-52.19095707,-27.83603399],[-52.19100857,-27.83598955],[-52.19104962,-27.83596303],[-52.19108052,-27.83593637],[-52.19112157,-27.83590984],[-52.19117307,-27.83586541],[-52.19124502,-27.83581222],[-52.19133742,-27.83575029],[-52.19144011,-27.83567946],[-52.19155311,-27.83559975],[-52.19166596,-27.83552906],[-52.1917788,-27.83545836],[-52.1918915,-27.83539669],[-52.1920242,-27.83535332],[-52.1921569,-27.83530995],[-52.19229945,-27.83528475],[-52.1924417,-27.83527759],[-52.19259395,-27.83527959],[-52.1927459,-27.83529962],[-52.19290785,-27.8353288],[-52.19305921,-27.83538491],[-52.19306921,-27.83539406],[-52.19344074,-27.83502905],[-52.19458695,-27.83447569],[-52.19467889,-27.83444081],[-52.19468904,-27.83444094],[-52.19486309,-27.83435301],[-52.19503713,-27.83426507],[-52.19522117,-27.83418628],[-52.19540521,-27.83410749],[-52.19558911,-27.83403773],[-52.1957933,-27.83396822],[-52.19598749,-27.83388957],[-52.19620198,-27.83381118],[-52.19641692,-27.83370573],[-52.19663201,-27.83359126],[-52.19685739,-27.8334679],[-52.19707263,-27.83334442],[-52.19727756,-27.83322981],[-52.19747205,-27.83313312],[-52.19763564,-27.83306308],[-52.19778863,-27.83301997],[-52.19792088,-27.83300365],[-52.19805283,-27.83300538],[-52.19818418,-27.83304318],[-52.19831538,-27.83309],[-52.19845629,-27.833164],[-52.19860734,-27.83323815],[-52.1987687,-27.8333034],[-52.19894035,-27.83335977],[-52.19912246,-27.83339823],[-52.19932516,-27.83341891],[-52.19952815,-27.83342156],[-52.1997519,-27.83339741],[-52.19996564,-27.83336412],[-52.20018968,-27.83332193],[-52.20040387,-27.83326157],[-52.20062821,-27.83320134],[-52.20084255,-27.83313197],[-52.20105674,-27.83307161],[-52.20127078,-27.83302027],[-52.20147466,-27.8329688],[-52.20168855,-27.83292647],[-52.20188215,-27.83288389],[-52.20215693,-27.83284236],[-52.20428835,-27.83225664],[-52.2042985,-27.83225677],[-52.20636119,-27.83276171],[-52.20664509,-27.83278344],[-52.20719948,-27.8330252],[-52.20901231,-27.83452823],[-52.21181502,-27.83634177],[-52.21313607,-27.83750459],[-52.21425617,-27.83916098],[-52.21450147,-27.84030085],[-52.21529328,-27.84154702],[-52.22022649,-27.84223319],[-52.22186709,-27.84186641],[-52.22189769,-27.84185778],[-52.22207128,-27.84179686],[-52.22221412,-27.8417536],[-52.22235697,-27.84171033],[-52.22248951,-27.84167595],[-52.22262191,-27.84165059],[-52.22276446,-27.84162536],[-52.22291731,-27.84159124],[-52.22310076,-27.8415485],[-52.22331495,-27.8414881],[-52.22353944,-27.84141882],[-52.22379439,-27.84134993],[-52.22405962,-27.84127215],[-52.22432472,-27.84120339],[-52.22458981,-27.84113462],[-52.22485475,-27.84107488],[-52.22511955,-27.84102416],[-52.2253739,-27.84099134],[-52.22561796,-27.84096741],[-52.22584142,-27.84096126],[-52.22605458,-27.840964],[-52.22621699,-27.84096609],[-52.2263285,-27.84097654],[-52.2263691,-27.84097707],[-52.22758926,-27.84148891],[-52.22758917,-27.84149328],[-52.22758919,-27.84149348],[-52.22758921,-27.84149367],[-52.22758922,-27.84149387],[-52.22758922,-27.84149406],[-52.22758923,-27.84149426],[-52.22758922,-27.84149445],[-52.22758912,-27.84149793],[-52.22756415,-27.84240878],[-52.22755039,-27.84244216],[-52.22753663,-27.84247554],[-52.22752287,-27.84250892],[-52.22750911,-27.8425423],[-52.22749535,-27.84257568],[-52.22749017,-27.84258826],[-52.22748023,-27.84260832],[-52.22745928,-27.84263785],[-52.22743363,-27.84266489],[-52.22740494,-27.84269036],[-52.22737485,-27.84271516],[-52.22734502,-27.84274023],[-52.2273171,-27.84276647],[-52.22729393,-27.84279323],[-52.22729275,-27.84279479],[-52.22727046,-27.84282432],[-52.22724818,-27.84285384],[-52.22722589,-27.84288336],[-52.22720361,-27.84291288],[-52.22718132,-27.84294241],[-52.22715903,-27.84297193],[-52.2271483,-27.84300788],[-52.22712565,-27.84315193],[-52.22711344,-27.84327807],[-52.22710153,-27.84338618],[-52.22710021,-27.84346735],[-52.22709919,-27.84353049],[-52.22709845,-27.84357559],[-52.22709787,-27.84361167],[-52.22708698,-27.84365663],[-52.22708595,-27.84371977],[-52.22708463,-27.84380095],[-52.22708287,-27.84390918],[-52.22708082,-27.84403545],[-52.22708862,-27.8441799],[-52.22710643,-27.84433349],[-52.22713424,-27.84449623],[-52.22716235,-27.84464094],[-52.22744206,-27.84554667],[-52.22839138,-27.84523409],[-52.22841169,-27.84523435],[-52.22853409,-27.84519983],[-52.22866678,-27.84515643],[-52.22878947,-27.84510387],[-52.22891231,-27.8450423],[-52.229025,-27.8449806],[-52.22914798,-27.84491],[-52.22925081,-27.84483013],[-52.22936394,-27.84474136],[-52.22946691,-27.84465247],[-52.22955988,-27.84455443],[-52.229663,-27.84445651],[-52.22975612,-27.84434945],[-52.22984923,-27.84424239],[-52.22993205,-27.84414421],[-52.23000457,-27.84405493],[-52.2300668,-27.84397453],[-52.23010828,-27.84392094],[-52.23014962,-27.84387636],[-52.2301808,-27.84383165],[-52.23021198,-27.84378694],[-52.23026362,-27.84373348],[-52.23032569,-27.8436621],[-52.23039836,-27.8435638],[-52.23049133,-27.84346575],[-52.23059459,-27.84335882],[-52.23070801,-27.84325202],[-52.23083158,-27.84314534],[-52.23096529,-27.8430388],[-52.23109872,-27.84295029],[-52.23123214,-27.84286179],[-52.23135527,-27.84278217],[-52.23146825,-27.84270243],[-52.23156063,-27.84264046],[-52.2316633,-27.8425696],[-52.23176598,-27.84249875],[-52.23187881,-27.84242802],[-52.23200194,-27.8423484],[-52.23213536,-27.8422599],[-52.23225878,-27.84216224],[-52.23239249,-27.8420557],[-52.23251606,-27.84194902],[-52.23262961,-27.8418332],[-52.23273302,-27.84171724],[-52.23282657,-27.84158312],[-52.23292027,-27.84143997],[-52.23299395,-27.84127853],[-52.23306793,-27.84109905],[-52.23314206,-27.84091055],[-52.23321618,-27.84072204],[-52.23329045,-27.84052452],[-52.23336457,-27.84033602],[-52.23345885,-27.8401568],[-52.23355298,-27.83998659],[-52.23365712,-27.83982554],[-52.23378155,-27.83966475],[-52.23391585,-27.83952212],[-52.23408059,-27.83937988],[-52.23424534,-27.83923765],[-52.23440994,-27.83910443],[-52.23456438,-27.83897108],[-52.23469853,-27.83883748],[-52.23481238,-27.83870361],[-52.23490607,-27.83856047],[-52.23497945,-27.83841706],[-52.2350527,-27.83828267],[-52.23512594,-27.83814829],[-52.23519904,-27.83802292],[-52.23528228,-27.83789769],[-52.23535538,-27.83777232],[-52.23543848,-27.8376561],[-52.23550142,-27.83753061],[-52.23556422,-27.83741413],[-52.23561687,-27.83729752],[-52.23565952,-27.83717177],[-52.23568172,-27.83705477],[-52.23570406,-27.83692876],[-52.2357164,-27.83679359],[-52.23572845,-27.83667647],[-52.23573034,-27.83655921],[-52.23572194,-27.83645085],[-52.23572326,-27.83636967],[-52.23572413,-27.83631555],[-52.23572486,-27.83627046],[-52.2357153,-27.83623425],[-52.23571588,-27.83619817],[-52.2357169,-27.83613503],[-52.23570806,-27.83605373],[-52.23570967,-27.83595451],[-52.23570156,-27.83582811],[-52.23568345,-27.83569255],[-52.23565534,-27.83554785],[-52.23562722,-27.83540315],[-52.23559911,-27.83525844],[-52.23556084,-27.83511361],[-52.23553258,-27.83497793],[-52.23551418,-27.83486041],[-52.23549534,-27.83476996],[-52.23549665,-27.83468878],[-52.23550782,-27.83462577],[-52.23552914,-27.8345629],[-52.23555017,-27.83451806],[-52.2355915,-27.83447348],[-52.23563269,-27.83443792],[-52.23569417,-27.83440262],[-52.23577581,-27.8343766],[-52.23586745,-27.83435972],[-52.23598954,-27.83434324],[-52.23612164,-27.83433591],[-52.23625373,-27.83432857],[-52.23639613,-27.83431235],[-52.23651836,-27.83428685],[-52.2366306,-27.83425219],[-52.23673268,-27.83421741],[-52.23682476,-27.83417348],[-52.23690669,-27.83412942],[-52.23697832,-27.83409425],[-52.23705996,-27.83406823],[-52.23713145,-27.83404207],[-52.23720264,-27.83403396],[-52.23727398,-27.83401683],[-52.23733503,-27.83400859],[-52.23739622,-27.83399132],[-52.23744741,-27.83396491],[-52.23750904,-27.83392059],[-52.23756081,-27.8338581],[-52.23761287,-27.83377757],[-52.23767581,-27.83365208],[-52.23772875,-27.83351743],[-52.23779227,-27.83335585],[-52.23786594,-27.83319441],[-52.23792946,-27.83303283],[-52.23801314,-27.83288053],[-52.23809682,-27.83272824],[-52.23818049,-27.83257594],[-52.23826431,-27.83241462],[-52.23834843,-27.83223527],[-52.23841238,-27.83204663],[-52.23847663,-27.83183996],[-52.23853088,-27.83162413],[-52.23856482,-27.83140805],[-52.23857862,-27.83118269],[-52.23858226,-27.8309572],[-52.23856545,-27.83074047],[-52.23854851,-27.83053276],[-52.23852141,-27.83032492],[-52.23849402,-27.83013512],[-52.23847663,-27.82995447],[-52.2384691,-27.82979198],[-52.23847173,-27.82962963],[-52.23848421,-27.82948544],[-52.23851684,-27.82935054],[-52.23855962,-27.82921576],[-52.23861241,-27.82909013],[-52.2386649,-27.82898255],[-52.23870696,-27.82889287],[-52.23875887,-27.82882136],[-52.23878004,-27.8287675],[-52.23880093,-27.82873168],[-52.23882166,-27.82870488],[-52.23884254,-27.82866906],[-52.23887387,-27.82861533],[-52.23891563,-27.82854369],[-52.23896783,-27.82845414],[-52.23902033,-27.82834655],[-52.23907297,-27.82822994],[-52.23911575,-27.82809517],[-52.23914838,-27.82796026],[-52.23917086,-27.82782523],[-52.23918305,-27.82769908],[-52.23919509,-27.82758195],[-52.2391967,-27.82748274],[-52.23920816,-27.82740169],[-52.23920917,-27.82733855],[-52.23921019,-27.82727542],[-52.23921121,-27.82721228],[-52.23921238,-27.82714012],[-52.23922413,-27.82704104],[-52.23922602,-27.82692378],[-52.23923821,-27.82679763],[-52.23925025,-27.82668051],[-52.23926229,-27.82656338],[-52.23928419,-27.82646443],[-52.2393058,-27.82638351],[-52.23933756,-27.82630272],[-52.23936903,-27.82623997],[-52.23941064,-27.82617735],[-52.23946241,-27.82611486],[-52.23951417,-27.82605237],[-52.23956594,-27.82598988],[-52.23961785,-27.82591837],[-52.23966976,-27.82584686],[-52.23971152,-27.82577522],[-52.23975343,-27.82569456],[-52.23979533,-27.8256139],[-52.23983724,-27.82553324],[-52.23988915,-27.82546173],[-52.23995121,-27.82539035],[-52.24001312,-27.82532799],[-52.24009519,-27.8252749],[-52.24018726,-27.82523097],[-52.24027933,-27.82518703],[-52.24039155,-27.82515238],[-52.24051378,-27.82512687],[-52.24064615,-27.82510149],[-52.24077838,-27.82508513],[-52.24092076,-27.82506891],[-52.24107315,-27.82506182],[-52.24121523,-27.82506363],[-52.24134717,-27.82506531],[-52.24146896,-27.82506686],[-52.24157031,-27.82507718],[-52.24164135,-27.82507808],[-52.2416921,-27.82507873],[-52.24174284,-27.82507937],[-52.24179359,-27.82508002],[-52.24186449,-27.82508994],[-52.24196598,-27.82509124],[-52.24208777,-27.82509279],[-52.24222986,-27.82509459],[-52.2423821,-27.82509653],[-52.24255478,-27.82508971],[-52.24273775,-27.82507399],[-52.24292073,-27.82505828],[-52.2430937,-27.82503341],[-52.24324652,-27.82499927],[-52.24338919,-27.824965],[-52.24350155,-27.82492132],[-52.24359362,-27.82487739],[-52.24366539,-27.82483319],[-52.24372716,-27.82477985],[-52.24377892,-27.82471735],[-52.24382068,-27.82464571],[-52.24385214,-27.82458296],[-52.2438939,-27.82451132],[-52.24392536,-27.82444857],[-52.24395683,-27.82438582],[-52.24398815,-27.82433209],[-52.24402947,-27.82428751],[-52.24409123,-27.82423416],[-52.2441733,-27.82418108],[-52.2442861,-27.82411034],[-52.24443979,-27.82402208],[-52.24462407,-27.82392518],[-52.24481864,-27.8238194],[-52.24502365,-27.8236957],[-52.24522866,-27.82357201],[-52.24541338,-27.82344805],[-52.24558808,-27.82331495],[-52.24574264,-27.82317257],[-52.24588705,-27.82303006],[-52.24591822,-27.82298535],[-52.25138392,-27.82397485],[-52.25164025,-27.82381571],[-52.25175304,-27.82374496],[-52.25186569,-27.82368324],[-52.25197863,-27.82360347],[-52.25210172,-27.82352384],[-52.25224525,-27.82343544],[-52.25237878,-27.82333789],[-52.2525226,-27.82323145],[-52.25267671,-27.82311612],[-52.25282097,-27.82298262],[-52.25295507,-27.822849],[-52.25309961,-27.82269746],[-52.25322385,-27.82254566],[-52.25333794,-27.82239374],[-52.25344189,-27.82224169],[-52.25354583,-27.82208964],[-52.25363963,-27.82193746],[-52.25372327,-27.82178515],[-52.25382721,-27.8216331],[-52.25393087,-27.82149908],[-52.25403452,-27.82136507],[-52.25413789,-27.8212491],[-52.25421023,-27.82116882],[-52.25673666,-27.82378089],[-52.26085457,-27.81953854],[-52.25959612,-27.81825065],[-52.25968818,-27.8182067],[-52.25988287,-27.81809188],[-52.26007756,-27.81797705],[-52.26025181,-27.81787098],[-52.26040562,-27.81777368],[-52.26053899,-27.81768515],[-52.26066221,-27.81759648],[-52.26077528,-27.81750769],[-52.26088835,-27.8174189],[-52.26099142,-27.81732096],[-52.26110463,-27.81722315],[-52.26119755,-27.81712508],[-52.26129018,-27.81704505],[-52.26137266,-27.8169649],[-52.26143441,-27.81691154],[-52.26147586,-27.81685794],[-52.26152733,-27.81681348],[-52.26157893,-27.81676],[-52.26164068,-27.81670664],[-52.26171301,-27.81662636],[-52.26180579,-27.81653731],[-52.26190899,-27.81643035],[-52.26202249,-27.8163145],[-52.26213642,-27.81617159],[-52.26226064,-27.81601978],[-52.26238515,-27.81584994],[-52.26249951,-27.81567997],[-52.26292593,-27.81503578],[-52.2631388,-27.81441597],[-52.26319212,-27.81425425],[-52.26323516,-27.81410142],[-52.26327819,-27.8139486],[-52.26332108,-27.81380479],[-52.26335368,-27.81366988],[-52.26339642,-27.81353509],[-52.26342887,-27.8134092],[-52.26346133,-27.8132833],[-52.26350422,-27.8131395],[-52.26353696,-27.81299556],[-52.26357999,-27.81284274],[-52.26362316,-27.81268089],[-52.26366634,-27.81251905],[-52.26369951,-27.81234805],[-52.26373268,-27.81217706],[-52.26375584,-27.81199692],[-52.26377901,-27.81181678],[-52.26379073,-27.81171769],[-52.26341885,-27.81148748],[-52.2634153,-27.81107244],[-52.26340558,-27.81104525],[-52.26340601,-27.81101819],[-52.2634063,-27.81100015],[-52.26340673,-27.81097309],[-52.26339744,-27.81091885],[-52.26338801,-27.81087362],[-52.26337873,-27.81081937],[-52.26335958,-27.81074696],[-52.26334043,-27.81067455],[-52.26333086,-27.81063834],[-52.26332128,-27.81060214],[-52.26327255,-27.81047522],[-52.26326284,-27.81044803],[-52.26326312,-27.81042999],[-52.26325355,-27.81039379],[-52.26324398,-27.81035758],[-52.2631984,-27.81003223],[-52.26315283,-27.80970688],[-52.26314311,-27.80967969],[-52.26312669,-27.80943591],[-52.26308069,-27.80913761],[-52.26308141,-27.80909252],[-52.26306556,-27.80881265],[-52.26305656,-27.80874036],[-52.26304742,-27.8086771],[-52.26304799,-27.80864102],[-52.26303842,-27.80860481],[-52.2630387,-27.80858677],[-52.26302913,-27.80855056],[-52.26301927,-27.8085324],[-52.26301956,-27.80851436],[-52.2630097,-27.80849619],[-52.26299984,-27.80847802],[-52.26298983,-27.80846888],[-52.26297997,-27.80845071],[-52.26297011,-27.80843254],[-52.2629501,-27.80841425],[-52.26292023,-27.80837778],[-52.26288036,-27.80833218],[-52.2628605,-27.80830486],[-52.26285049,-27.80829571],[-52.26284063,-27.80827755],[-52.26275117,-27.80815914],[-52.26273145,-27.80812281],[-52.26272159,-27.80810464],[-52.26271173,-27.80808647],[-52.26270201,-27.80805929],[-52.26268229,-27.80802295],[-52.26267271,-27.80798674],[-52.262663,-27.80795956],[-52.26266343,-27.8079325],[-52.26265414,-27.80787825],[-52.26264514,-27.80780597],[-52.26263629,-27.80772466],[-52.262637,-27.80767956],[-52.26263758,-27.80764348],[-52.26262944,-27.80751708],[-52.26263002,-27.807481],[-52.26263088,-27.80742688],[-52.26262102,-27.80740871],[-52.26262145,-27.80738165],[-52.26261159,-27.80736349],[-52.26260201,-27.80732728],[-52.26260244,-27.80730022],[-52.26258287,-27.80725487],[-52.26254342,-27.8071822],[-52.26253385,-27.80714599],[-52.26252442,-27.80710077],[-52.26249513,-27.80702822],[-52.26248584,-27.80697398],[-52.26246626,-27.80692862],[-52.26246669,-27.80690156],[-52.26245698,-27.80687438],[-52.2624474,-27.80683817],[-52.26244798,-27.80680209],[-52.26244826,-27.80678405],[-52.26244884,-27.80674797],[-52.26244927,-27.80672091],[-52.2624497,-27.80669385],[-52.26246028,-27.80666692],[-52.262471,-27.80663097],[-52.26247157,-27.80659489],[-52.26249259,-27.80655005],[-52.26250345,-27.80650508],[-52.26253504,-27.8064333],[-52.2625775,-27.80631656],[-52.26260966,-27.8062087],[-52.26266298,-27.80604698],[-52.26272645,-27.80588539],[-52.26273732,-27.80584042],[-52.26274818,-27.80579545],[-52.26276962,-27.80572355],[-52.26278063,-27.80566956],[-52.26279222,-27.80557949],[-52.26280365,-27.80549843],[-52.26280408,-27.80547138],[-52.26280437,-27.80545334],[-52.26280495,-27.80541726],[-52.26280552,-27.80538118],[-52.26278723,-27.80525465],[-52.26278781,-27.80521857],[-52.2627881,-27.80520053],[-52.26277852,-27.80516432],[-52.26278924,-27.80512837],[-52.26284543,-27.80478626],[-52.26284629,-27.80473214],[-52.26285788,-27.80464207],[-52.26286003,-27.80450677],[-52.26287118,-27.80444376],[-52.26287233,-27.8043716],[-52.26288276,-27.80435369],[-52.26288334,-27.80431761],[-52.26289391,-27.80429068],[-52.26291507,-27.80423681],[-52.26292594,-27.80419184],[-52.26293651,-27.80416491],[-52.26294738,-27.80411994],[-52.26295796,-27.80409301],[-52.26295824,-27.80407497],[-52.26298399,-27.80373247],[-52.26299471,-27.80369652],[-52.26300586,-27.80363351],[-52.26302759,-27.80354357],[-52.26303846,-27.8034986],[-52.26304932,-27.80345362],[-52.26305047,-27.80338147],[-52.26306133,-27.80333649],[-52.26307277,-27.80325544],[-52.26307406,-27.80317427],[-52.26307449,-27.80314721],[-52.26307507,-27.80311113],[-52.26307664,-27.80301191],[-52.26307751,-27.80295779],[-52.26307794,-27.80293073],[-52.26307837,-27.80290367],[-52.26308923,-27.8028587],[-52.26309024,-27.80279556],[-52.26310124,-27.80274157],[-52.26312283,-27.80266065],[-52.26313427,-27.8025796],[-52.26317744,-27.80241775],[-52.26319902,-27.80233683],[-52.26322061,-27.80225591],[-52.26324234,-27.80216596],[-52.26328508,-27.80203118],[-52.26332782,-27.80189639],[-52.26333854,-27.80186044],[-52.26334926,-27.80182449],[-52.26337027,-27.80177964],[-52.263402,-27.80169885],[-52.26342301,-27.801654],[-52.26343373,-27.80161805],[-52.26346862,-27.80133882],[-52.26346891,-27.80132078],[-52.26347963,-27.80128483],[-52.26349035,-27.80124888],[-52.26352165,-27.80119514],[-52.26353251,-27.80115017],[-52.26356396,-27.80108741],[-52.26360555,-27.80102479],[-52.26360584,-27.80100675],[-52.26362656,-27.80097994],[-52.26364729,-27.80095314],[-52.26367844,-27.80090842],[-52.26369931,-27.8008726],[-52.26371989,-27.80085481],[-52.26373047,-27.80082788],[-52.26374076,-27.80081899],[-52.26375134,-27.80079206],[-52.26376177,-27.80077414],[-52.26376206,-27.8007561],[-52.26377278,-27.80072015],[-52.2637835,-27.8006842],[-52.26379451,-27.80063021],[-52.26380594,-27.80054916],[-52.26380652,-27.80051308],[-52.26381724,-27.80047713],[-52.26383882,-27.80039621],[-52.26384983,-27.80034221],[-52.26387141,-27.80026129],[-52.26388228,-27.80021632],[-52.26390329,-27.80017148],[-52.26390357,-27.80015344],[-52.26402935,-27.79990241],[-52.26411597,-27.79956068],[-52.26412655,-27.79953375],[-52.26412684,-27.79951571],[-52.26414756,-27.7994889],[-52.26416828,-27.7994621],[-52.26423074,-27.79936365],[-52.26424132,-27.79933671],[-52.26425175,-27.7993188],[-52.26426233,-27.79929187],[-52.26427276,-27.79927396],[-52.26427305,-27.79925592],[-52.26431593,-27.79911211],[-52.26435895,-27.79895928],[-52.26440212,-27.79879744],[-52.26443514,-27.79863546],[-52.26444543,-27.79862657],[-52.26444558,-27.79861755],[-52.26462638,-27.79809657],[-52.26490564,-27.79776628],[-52.26557277,-27.79729651],[-52.25306106,-27.79593003],[-52.25305091,-27.7959299],[-52.25365561,-27.79555864],[-52.25418654,-27.79535785],[-52.25474704,-27.79521156],[-52.25521781,-27.7949649],[-52.25556653,-27.79473474],[-52.25562421,-27.79465568],[-52.25568189,-27.79457662],[-52.25573957,-27.79449756],[-52.25579479,-27.79442187],[-52.25579724,-27.7944185],[-52.25584818,-27.79433609],[-52.2558851,-27.79424707],[-52.25588914,-27.7942336],[-52.25590679,-27.79415343],[-52.25591524,-27.79405952],[-52.25591346,-27.79398131],[-52.25591236,-27.79396549],[-52.25590573,-27.79387145],[-52.25589907,-27.7937774],[-52.25589691,-27.79374654],[-52.2558925,-27.79368335],[-52.25588603,-27.79358927],[-52.25588051,-27.79350275],[-52.25588019,-27.79349523],[-52.2558945,-27.79340297],[-52.25592954,-27.79331259],[-52.25595556,-27.79325109],[-52.25596675,-27.79322249],[-52.25600248,-27.79313325],[-52.25604473,-27.79304719],[-52.25608149,-27.79299105],[-52.25610045,-27.79296648],[-52.25616472,-27.7928909],[-52.25623245,-27.79281832],[-52.25630091,-27.79274666],[-52.25636734,-27.79267387],[-52.25637077,-27.79266993],[-52.25642947,-27.79259787],[-52.25648868,-27.79251943],[-52.25654793,-27.79244097],[-52.25660903,-27.7923662],[-52.25661018,-27.79236497],[-52.25671078,-27.79234944],[-52.25671305,-27.79234614],[-52.25676261,-27.7922628],[-52.2568067,-27.79217692],[-52.25685385,-27.79209258],[-52.25686743,-27.79207174],[-52.25690831,-27.79201178],[-52.25696339,-27.79193127],[-52.25701827,-27.79185064],[-52.25704409,-27.79181235],[-52.25707305,-27.79176995],[-52.25712817,-27.79168941],[-52.25716886,-27.79162447],[-52.25717914,-27.79160682],[-52.25722788,-27.79152315],[-52.25727662,-27.79143947],[-52.25732537,-27.79135579],[-52.25735077,-27.7911999],[-52.25735912,-27.79114872],[-52.25736825,-27.79104348],[-52.25736552,-27.79088564],[-52.25736501,-27.79077891],[-52.25736684,-27.79072796],[-52.25737348,-27.79057056],[-52.25738091,-27.79041825],[-52.25738118,-27.79041318],[-52.25739543,-27.7902563],[-52.2574174,-27.79009996],[-52.25743898,-27.78995888],[-52.25744208,-27.78994371],[-52.25751909,-27.7897975],[-52.25753346,-27.78976159],[-52.25745085,-27.78985077],[-52.25745114,-27.78985041],[-52.25755349,-27.78972184],[-52.25756476,-27.78970786],[-52.25765678,-27.78959384],[-52.25776014,-27.7894659],[-52.25780286,-27.78941315],[-52.25786717,-27.78934071],[-52.25798641,-27.78922446],[-52.25810511,-27.78910727],[-52.25818473,-27.78901199],[-52.25820849,-27.78897807],[-52.25829006,-27.78883773],[-52.25835601,-27.78869139],[-52.25841358,-27.78854206],[-52.25841556,-27.78853675],[-52.25846608,-27.78839143],[-52.25851604,-27.78824029],[-52.2585645,-27.78810559],[-52.25857037,-27.78809057],[-52.25863139,-27.78794298],[-52.25869602,-27.78779656],[-52.25876177,-27.78765033],[-52.25882612,-27.78750334],[-52.25887008,-27.78739674],[-52.25888675,-27.78735467],[-52.25894273,-27.78720447],[-52.25898749,-27.78705196],[-52.25900945,-27.78692937],[-52.25901303,-27.78689602],[-52.25902256,-27.78673864],[-52.25902524,-27.78658117],[-52.25902692,-27.78646949],[-52.25902793,-27.7864237],[-52.25903006,-27.78626624],[-52.25902932,-27.78610875],[-52.25902464,-27.78595123],[-52.25901698,-27.78581981],[-52.25901043,-27.78579536],[-52.25888134,-27.78567913],[-52.25885752,-27.78563737],[-52.25883394,-27.78552835],[-52.25880884,-27.78537197],[-52.25879583,-27.7852151],[-52.2587947,-27.78512235],[-52.25879652,-27.78505776],[-52.25880577,-27.78490031],[-52.25881734,-27.78474289],[-52.25882564,-27.78458552],[-52.25882577,-27.78444612],[-52.2588251,-27.78442826],[-52.25881385,-27.78427115],[-52.25879695,-27.78411413],[-52.25877999,-27.78395707],[-52.25876853,-27.78379989],[-52.25876682,-27.78368756],[-52.25876754,-27.78364246],[-52.25868198,-27.78328052],[-52.25867869,-27.78328055]]]]},"geometry_name":"geom","properties":{"id_terra_indigena":54,"Codigo":53801,"Nome":"Mato Preto","Etnia":"Guaraní","Municipio":"Getúlio Vargas,Erechim,Erebango","Unidade_Federacao":"RS","Fase":"Delimitada","Modalidade":"Tradicionalmente ocupada","Homologacao":"Homologada","dt_ini":"2013-01-01Z","dt_fim":"2029-10-30Z"}},{"type":"Feature","id":"vw_funai_terras_indigenas.fid-5c8cc48d_196abffcb4a_277e","geometry":{"type":"MultiPolygon","coordinates":[[[[-50.15105866,-29.87488768],[-50.15108601,-29.874845],[-50.15703408,-29.86563541],[-50.15773083,-29.85822695],[-50.15776496,-29.85785926],[-50.15753127,-29.85793911],[-50.15722288,-29.85794752],[-50.15702671,-29.85801927],[-50.15666594,-29.85832325],[-50.15593621,-29.85859879],[-50.15529605,-29.85908246],[-50.15516141,-29.86008384],[-50.15487333,-29.86201915],[-50.15486161,-29.86270935],[-50.15501408,-29.86345113],[-50.15509469,-29.86418171],[-50.1550943,-29.86428846],[-50.15472163,-29.86493267],[-50.15403871,-29.86602312],[-50.15194924,-29.86923797],[-50.15101036,-29.87072483],[-50.14876033,-29.87432339],[-50.15105866,-29.87488768]]]]},"geometry_name":"geom","properties":{"id_terra_indigena":245,"Codigo":72401,"Nome":"Estrada do Mar","Etnia":"Guarani Mbya","Municipio":"Osório","Unidade_Federacao":"RS","Fase":"Regularizada","Modalidade":"Reserva Indígena","Homologacao":"Não Homologada","dt_ini":"2013-01-01Z","dt_fim":"2029-10-30Z"}},{"type":"Feature","id":"vw_funai_terras_indigenas.fid-5c8cc48d_196abffcb4a_277f","geometry":{"type":"MultiPolygon","coordinates":[[[[-52.89053598,-27.38402567],[-52.89060806,-27.38406687],[-52.89055657,-27.38428647],[-52.89069384,-27.3845061],[-52.89080365,-27.38483553],[-52.89075478,-27.38514126],[-52.89083304,-27.38540356],[-52.89081737,-27.38585129],[-52.89111936,-27.38614641],[-52.89159978,-27.38635917],[-52.89175764,-27.3867641],[-52.89192236,-27.38734747],[-52.89191549,-27.387773],[-52.89173705,-27.38818479],[-52.89154488,-27.38836323],[-52.89122231,-27.38881621],[-52.89085169,-27.38922114],[-52.89056343,-27.38968784],[-52.89039185,-27.39022317],[-52.89012419,-27.39077909],[-52.88906039,-27.39189094],[-52.88496468,-27.39786116],[-52.88102815,-27.4100671],[-52.93519616,-27.43136974],[-52.93976667,-27.43356772],[-52.93980573,-27.43278657],[-52.93989946,-27.43231789],[-52.93996196,-27.43198981],[-52.93993071,-27.43152893],[-52.93961825,-27.43140395],[-52.93945508,-27.43087364],[-52.93938391,-27.43080247],[-52.939173,-27.43066967],[-52.93925893,-27.43036503],[-52.93919358,-27.43002375],[-52.9393058,-27.42972449],[-52.93936048,-27.42928705],[-52.93925112,-27.42870119],[-52.93922768,-27.42870119],[-52.93923683,-27.42867287],[-52.93900115,-27.42877931],[-52.93899334,-27.42831062],[-52.93944771,-27.42801983],[-52.9395792,-27.42793567],[-52.94010256,-27.42787318],[-52.94040721,-27.42780288],[-52.94052438,-27.42757635],[-52.94068053,-27.42734993],[-52.94068061,-27.42734982],[-52.94103212,-27.42710766],[-52.94146956,-27.42684988],[-52.94183398,-27.426777],[-52.94184451,-27.42677177],[-52.94241475,-27.42664679],[-52.94278188,-27.42631089],[-52.94361789,-27.42610999],[-52.9439921,-27.42584372],[-52.94441669,-27.42565661],[-52.94459414,-27.42534228],[-52.94508626,-27.42520948],[-52.94546902,-27.42512356],[-52.94557838,-27.42477204],[-52.94564087,-27.42461581],[-52.94581518,-27.42457185],[-52.94599167,-27.42453005],[-52.94631678,-27.42449754],[-52.94665118,-27.42447432],[-52.9472271,-27.42464616],[-52.94775193,-27.42473441],[-52.94814207,-27.42465081],[-52.94817922,-27.42441394],[-52.9480917,-27.4241294],[-52.94800857,-27.42339513],[-52.94803779,-27.423201],[-52.94812929,-27.42292649],[-52.94832893,-27.42253552],[-52.94872638,-27.42224114],[-52.94917741,-27.42238579],[-52.94962661,-27.42266862],[-52.94979297,-27.42291817],[-52.94993439,-27.42305958],[-52.95106809,-27.42311348],[-52.95191543,-27.42317346],[-52.952563,-27.42283499],[-52.95302376,-27.42258466],[-52.95389395,-27.4225688],[-52.95463429,-27.42272685],[-52.95479234,-27.42305126],[-52.95475906,-27.42363355],[-52.95490048,-27.42423248],[-52.95471747,-27.42463176],[-52.95470083,-27.42493123],[-52.95500862,-27.42508096],[-52.95569904,-27.4249645],[-52.95609001,-27.42454026],[-52.9562231,-27.42423248],[-52.95631412,-27.42372763],[-52.95643881,-27.42302799],[-52.956515,-27.42239763],[-52.95661407,-27.42231924],[-52.95713813,-27.42182014],[-52.95767051,-27.42125449],[-52.95799047,-27.42056196],[-52.95821906,-27.41993852],[-52.95833682,-27.41934972],[-52.95842687,-27.41895488],[-52.95880786,-27.41886483],[-52.95936203,-27.41895488],[-52.9598832,-27.41895029],[-52.96039894,-27.41887542],[-52.96100619,-27.41887542],[-52.96164671,-27.41878392],[-52.9623651,-27.41882444],[-52.96304159,-27.41894737],[-52.9633667,-27.41921211],[-52.96369646,-27.41915173],[-52.96375655,-27.41895022],[-52.96370938,-27.41853358],[-52.96365435,-27.41811693],[-52.96336587,-27.41754869],[-52.96335741,-27.41739147],[-52.96337135,-27.41724284],[-52.96335277,-27.4171128],[-52.96337599,-27.41678768],[-52.96351068,-27.41654617],[-52.96371504,-27.41629537],[-52.96384044,-27.41614674],[-52.96409589,-27.41583556],[-52.96440242,-27.41549187],[-52.96466123,-27.41508265],[-52.96483436,-27.41500884],[-52.96502943,-27.4148788],[-52.96513625,-27.4145862],[-52.96539634,-27.41437719],[-52.96570753,-27.41418677],[-52.96603971,-27.41391891],[-52.96646919,-27.41376651],[-52.96691252,-27.41370417],[-52.96764892,-27.41389881],[-52.9683038,-27.41401492],[-52.96882862,-27.4139917],[-52.96921412,-27.41384308],[-52.96951601,-27.41385237],[-52.9697761,-27.41375019],[-52.97010586,-27.41352261],[-52.97046348,-27.41328109],[-52.97077931,-27.41295134],[-52.97139238,-27.41276091],[-52.97281256,-27.41276851],[-52.97301795,-27.412812],[-52.97332913,-27.41292347],[-52.97369605,-27.41300707],[-52.97393756,-27.41295134],[-52.97399639,-27.41277484],[-52.97399794,-27.4127702],[-52.97404819,-27.41236366],[-52.97391898,-27.41198528],[-52.97376572,-27.41170197],[-52.97384932,-27.41150226],[-52.97402116,-27.41138614],[-52.97426268,-27.41155799],[-52.97435557,-27.41172984],[-52.97436449,-27.41172178],[-52.97449026,-27.41173912],[-52.97467604,-27.4117159],[-52.97488039,-27.41159979],[-52.97497328,-27.41138614],[-52.97491406,-27.41122539],[-52.97493148,-27.41120965],[-52.97499651,-27.41110747],[-52.97533091,-27.41103781],[-52.97561887,-27.41099601],[-52.97578607,-27.41084738],[-52.97584645,-27.41064767],[-52.97578142,-27.41026218],[-52.97563744,-27.40976986],[-52.97532162,-27.40945404],[-52.975173,-27.40920788],[-52.975173,-27.40891992],[-52.97519622,-27.40876665],[-52.975591,-27.40843109],[-52.97603223,-27.40801308],[-52.9764363,-27.40756721],[-52.97710046,-27.40716779],[-52.97773675,-27.40700058],[-52.97836376,-27.40692163],[-52.97875649,-27.40684526],[-52.97886537,-27.40682874],[-52.97909295,-27.406773],[-52.97952488,-27.40659651],[-52.9798082,-27.40646182],[-52.97986393,-27.40625282],[-52.97993824,-27.40590913],[-52.98009616,-27.40564904],[-52.98010495,-27.4056265],[-52.98010629,-27.40562307],[-52.98017047,-27.40545861],[-52.98015631,-27.40546049],[-52.98016118,-27.40544468],[-52.97971066,-27.4055097],[-52.97940877,-27.40549112],[-52.97931588,-27.40527748],[-52.97940413,-27.40504525],[-52.97971066,-27.40498023],[-52.97999398,-27.40502203],[-52.98054667,-27.40515208],[-52.98121083,-27.40540288],[-52.98168457,-27.40560259],[-52.98180533,-27.40565368],[-52.98194466,-27.40570942],[-52.98215366,-27.40583017],[-52.98244162,-27.4059788],[-52.98280389,-27.40627604],[-52.9831383,-27.40647111],[-52.98331014,-27.40655471],[-52.98361668,-27.40606704],[-52.98382568,-27.40583946],[-52.98410899,-27.40580695],[-52.98442482,-27.40575586],[-52.98477316,-27.40545397],[-52.9847778,-27.40497094],[-52.9846464,-27.40457464],[-52.984527,-27.40437645],[-52.98441688,-27.40431341],[-52.98428175,-27.40428976],[-52.98402075,-27.4043718],[-52.98381544,-27.40445],[-52.98358693,-27.40457464],[-52.98330085,-27.40459474],[-52.98317837,-27.40433228],[-52.98317145,-27.40404837],[-52.98354538,-27.40389603],[-52.98367695,-27.40359134],[-52.98395108,-27.40310386],[-52.98476842,-27.40223282],[-52.98455703,-27.40207117],[-52.98409971,-27.40198918],[-52.9837653,-27.40174767],[-52.98360274,-27.40145506],[-52.98344948,-27.40098597],[-52.9833473,-27.40042399],[-52.98318939,-27.40014996],[-52.98306863,-27.39996883],[-52.98280854,-27.39974589],[-52.98207471,-27.39971802],[-52.98159168,-27.39955547],[-52.98153595,-27.39945793],[-52.98156524,-27.39924202],[-52.9818439,-27.39887976],[-52.98244482,-27.39854709],[-52.98297208,-27.39833618],[-52.98341688,-27.39808308],[-52.983496,-27.39797364],[-52.98364398,-27.39774815],[-52.98391393,-27.39731682],[-52.98411364,-27.3966573],[-52.98490785,-27.39645295],[-52.98539552,-27.39637864],[-52.98552556,-27.39623466],[-52.98569741,-27.39596992],[-52.98595639,-27.39595296],[-52.98652584,-27.39632204],[-52.98677892,-27.39661731],[-52.98719019,-27.39701803],[-52.98787563,-27.39727111],[-52.98845562,-27.39771401],[-52.98962614,-27.39824128],[-52.99034322,-27.39837837],[-52.9900585,-27.39742929],[-52.99041704,-27.39704966],[-52.99029049,-27.39634313],[-52.99009013,-27.39605841],[-52.99020613,-27.39581587],[-52.9902694,-27.39554169],[-52.99040649,-27.39514097],[-52.99051194,-27.39471916],[-52.99068368,-27.39398936],[-52.99058978,-27.39292837],[-52.99097475,-27.3920176],[-52.9918779,-27.39139361],[-52.99070246,-27.39198004],[-52.98985742,-27.39231806],[-52.98889031,-27.3925434],[-52.98812978,-27.39266546],[-52.98757581,-27.39259035],[-52.98706878,-27.39222417],[-52.98684344,-27.39196126],[-52.98648447,-27.39195708],[-52.98612262,-27.39193324],[-52.98593267,-27.39178287],[-52.98509702,-27.39132279],[-52.98407359,-27.39075004],[-52.98257129,-27.39013034],[-52.98163236,-27.38976416],[-52.98105961,-27.38961393],[-52.98029907,-27.38944492],[-52.97962304,-27.38933225],[-52.97878739,-27.38935103],[-52.9773696,-27.38952004],[-52.97632738,-27.38945431],[-52.97523822,-27.3890224],[-52.97439318,-27.38892851],[-52.97311623,-27.38889095],[-52.97232753,-27.38862805],[-52.97169844,-27.38853416],[-52.97092852,-27.38870317],[-52.96947317,-27.38848721],[-52.96848729,-27.38834637],[-52.96723851,-27.38816797],[-52.96547331,-27.38798019],[-52.96414942,-27.38786751],[-52.96402735,-27.38749194],[-52.96356728,-27.38719148],[-52.96276918,-27.38706003],[-52.96155796,-27.38690041],[-52.96070353,-27.38684408],[-52.95909795,-27.38678774],[-52.95807452,-27.38668446],[-52.95804041,-27.38668331],[-52.95730459,-27.38662812],[-52.95680696,-27.38633705],[-52.95637505,-27.38635583],[-52.95572718,-27.3866469],[-52.95473191,-27.38692858],[-52.95410283,-27.38697553],[-52.95365504,-27.38687614],[-52.95320349,-27.38668047],[-52.95297691,-27.38672671],[-52.95295541,-27.3867311],[-52.95269214,-27.38677666],[-52.95243393,-27.3868121],[-52.95200865,-27.38669566],[-52.95186689,-27.38656402],[-52.9518022,-27.38645562],[-52.95167956,-27.38625012],[-52.9514973,-27.38600204],[-52.95138592,-27.38588559],[-52.95110239,-27.38570839],[-52.95089988,-27.38571345],[-52.95061129,-27.38568814],[-52.95028727,-27.3856527],[-52.94996324,-27.38562738],[-52.94965441,-27.3856932],[-52.94927469,-27.38574889],[-52.94852032,-27.38588559],[-52.94759887,-27.3861438],[-52.9471179,-27.38646783],[-52.94710317,-27.38646134],[-52.94679387,-27.38670578],[-52.94636353,-27.38697411],[-52.94611544,-27.38722726],[-52.94592305,-27.38727789],[-52.94557371,-27.38711588],[-52.94515856,-27.38675135],[-52.94480415,-27.38630075],[-52.94463202,-27.38585015],[-52.94445481,-27.38530336],[-52.944389,-27.38524406],[-52.94392827,-27.38484264],[-52.94357893,-27.38452874],[-52.94308277,-27.38432116],[-52.9425461,-27.38420471],[-52.94212082,-27.38409839],[-52.94177148,-27.38399207],[-52.94141202,-27.38377943],[-52.94113356,-27.38369842],[-52.94072346,-27.38335415],[-52.9393261,-27.38314657],[-52.93909827,-27.38292886],[-52.93896664,-27.38215424],[-52.938835,-27.3816277],[-52.93874055,-27.38126387],[-52.93843086,-27.38079477],[-52.93828056,-27.38077656],[-52.93794354,-27.380772],[-52.93753821,-27.38057617],[-52.93731049,-27.38039855],[-52.93699582,-27.38021134],[-52.9369507,-27.3801845],[-52.93677441,-27.38008352],[-52.93658708,-27.37997213],[-52.93640874,-27.37991579],[-52.93624787,-27.37978987],[-52.93613142,-27.37973924],[-52.9360703,-27.37964426],[-52.93606442,-27.37949728],[-52.93838208,-27.37982693],[-52.94033759,-27.38002532],[-52.94173573,-27.37991195],[-52.94302996,-27.37928846],[-52.94422026,-27.37852326],[-52.94523108,-27.37769193],[-52.9464639,-27.37675669],[-52.94858945,-27.3755097],[-52.950271,-27.37463114],[-52.95174471,-27.3741399],[-52.95340737,-27.37379037],[-52.9546638,-27.37334636],[-52.95545734,-27.37287402],[-52.95650595,-27.37220329],[-52.95751677,-27.37168371],[-52.95825362,-27.37134362],[-52.95951006,-27.37099409],[-52.96068147,-27.37089962],[-52.96163561,-27.37070123],[-52.96275979,-27.37034225],[-52.96396899,-27.36977544],[-52.96464445,-27.3694259],[-52.96539075,-27.36879296],[-52.96632599,-27.36786717],[-52.96732736,-27.36689414],[-52.96811145,-27.36621396],[-52.96910338,-27.36551489],[-52.96996305,-27.36504254],[-52.97096442,-27.36464578],[-52.97207915,-27.36423011],[-52.9743464,-27.36337044],[-52.97508326,-27.36286031],[-52.97563118,-27.36235018],[-52.97600197,-27.36185894],[-52.97671994,-27.36098038],[-52.97785356,-27.35964837],[-52.97879353,-27.35905321],[-52.97997439,-27.35847695],[-52.981467,-27.35767397],[-52.98256284,-27.35702213],[-52.98402711,-27.35620025],[-52.98549137,-27.35536893],[-52.98702649,-27.35446203],[-52.988538,-27.35364015],[-52.99040848,-27.35260099],[-52.99155156,-27.35192081],[-52.99258127,-27.35130676],[-52.99295914,-27.35145791],[-53.00021059,-27.35366565],[-53.00039049,-27.35395349],[-53.00099615,-27.3541154],[-53.00171574,-27.35449918],[-53.00217148,-27.35488896],[-53.0026632,-27.35527274],[-53.00334082,-27.35601632],[-53.00482797,-27.35664596],[-53.00538565,-27.35714967],[-53.00581741,-27.35754545],[-53.00615921,-27.35821707],[-53.00639908,-27.3593864],[-53.00702272,-27.35972221],[-53.00765237,-27.3608076],[-53.00793421,-27.36122136],[-53.00816208,-27.36134729],[-53.00836596,-27.36167111],[-53.00840794,-27.36213884],[-53.00825802,-27.36277448],[-53.00841393,-27.36305032],[-53.0086418,-27.36342811],[-53.00868034,-27.3637018],[-53.00868034,-27.36394299],[-53.00866579,-27.36433959],[-53.00868034,-27.36435564],[-53.00870738,-27.36438544],[-53.00889966,-27.36459744],[-53.00919349,-27.3646814],[-53.00935647,-27.36469811],[-53.00942736,-27.36470538],[-53.00941769,-27.36481298],[-53.00939737,-27.36527506],[-53.00943935,-27.3657368],[-53.0095233,-27.36616255],[-53.0095233,-27.3664264],[-53.00951131,-27.36667826],[-53.00956528,-27.36706804],[-53.00969121,-27.36714],[-53.010063,-27.36715199],[-53.01006925,-27.36715465],[-53.01030286,-27.36725393],[-53.01032685,-27.36736187],[-53.01016236,-27.36778954],[-53.01011697,-27.36790756],[-53.01010497,-27.36822538],[-53.01013496,-27.36845925],[-53.01028707,-27.36863988],[-53.0104048,-27.36944269],[-53.01032085,-27.37029421],[-53.01043478,-27.37046211],[-53.01074661,-27.37074995],[-53.01078259,-27.37103179],[-53.01107151,-27.37122516],[-53.0114259,-27.37118971],[-53.01151416,-27.37124707],[-53.0115799,-27.37140047],[-53.01156214,-27.37151409],[-53.01155798,-27.37154071],[-53.01152731,-27.37186942],[-53.01170793,-27.37186121],[-53.01172014,-27.37186065],[-53.01181028,-27.37181938],[-53.01208066,-27.3716956],[-53.01208391,-27.37169411],[-53.0120602,-27.37180078],[-53.01234687,-27.37196583],[-53.0122636,-27.37224633],[-53.01214088,-27.3725575],[-53.0123381,-27.3726846],[-53.01236878,-27.37280731],[-53.01240385,-27.37293441],[-53.01268213,-27.37291284],[-53.01286486,-27.37305751],[-53.01307805,-27.37336206],[-53.01311993,-27.37357905],[-53.01323033,-27.3735524],[-53.01350823,-27.37352195],[-53.01357676,-27.37376559],[-53.01368335,-27.37381127],[-53.01378994,-27.37398259],[-53.0139309,-27.37399316],[-53.01394222,-27.37399401],[-53.01398797,-27.3740644],[-53.01399552,-27.37407395],[-53.01393461,-27.37423384],[-53.01411893,-27.37424248],[-53.01416856,-27.37442239],[-53.01445431,-27.37451383],[-53.01478736,-27.37468687],[-53.01521581,-27.37486196],[-53.01577287,-27.37525364],[-53.01577536,-27.37525991],[-53.01604693,-27.37556364],[-53.01623529,-27.37577687],[-53.01725476,-27.37679635],[-53.0180564,-27.37748471],[-53.01895389,-27.37800752],[-53.01940699,-27.37814694],[-53.02009535,-27.37832121],[-53.02049617,-27.37832121],[-53.02092293,-27.37801083],[-53.0212663,-27.37755821],[-53.02152436,-27.37729302],[-53.02171606,-27.37697062],[-53.02179448,-27.37680506],[-53.02181191,-27.37644781],[-53.02190776,-27.3760557],[-53.0219339,-27.37580301],[-53.02191683,-27.37575295],[-53.02180319,-27.37541962],[-53.02176834,-27.37511465],[-53.02189904,-27.37480096],[-53.0221151,-27.37457627],[-53.02211688,-27.3745657],[-53.02240442,-27.37448728],[-53.02286624,-27.37460927],[-53.02348489,-27.3746964],[-53.02422554,-27.37489681],[-53.02509689,-27.37512336],[-53.0257504,-27.37536734],[-53.02675245,-27.37573331],[-53.02770221,-27.37501009],[-53.02823374,-27.37452213],[-53.02869559,-27.37418694],[-53.02899213,-27.373906],[-53.02914865,-27.37345038],[-53.02964766,-27.37295393],[-53.03044365,-27.37251691],[-53.03097848,-27.3724309],[-53.03150498,-27.37254812],[-53.03212929,-27.37262616],[-53.03313942,-27.37265745],[-53.03367094,-27.37264002],[-53.03397591,-27.37274459],[-53.03404904,-27.37298514],[-53.03401783,-27.37326608],[-53.03423633,-27.3735158],[-53.03432998,-27.37389039],[-53.03435059,-27.37509722],[-53.03423732,-27.37570717],[-53.03404562,-27.37628225],[-53.03366223,-27.37673536],[-53.03355767,-27.37696191],[-53.03366223,-27.3772146],[-53.03408047,-27.3776677],[-53.03416761,-27.37804238],[-53.03430702,-27.37833863],[-53.03450743,-27.37874817],[-53.03479664,-27.379216],[-53.03467299,-27.37956723],[-53.03443773,-27.37988963],[-53.03425474,-27.38022946],[-53.03413275,-27.3806477],[-53.0339672,-27.38093525],[-53.03367094,-27.38143192],[-53.03334669,-27.38186594],[-53.03292528,-27.38244343],[-53.03244234,-27.38281736],[-53.03221579,-27.38322689],[-53.03211994,-27.38360157],[-53.03214608,-27.38409824],[-53.03232035,-27.38461233],[-53.03252948,-27.38514385],[-53.0328693,-27.38566666],[-53.03322655,-27.38645959],[-53.03354024,-27.38664257],[-53.03384231,-27.38643926],[-53.03399334,-27.38634631],[-53.03449872,-27.38605877],[-53.03508252,-27.38553596],[-53.03564018,-27.38519613],[-53.03609329,-27.38501315],[-53.03640697,-27.3847866],[-53.03670323,-27.38471689],[-53.0371862,-27.3848002],[-53.03804462,-27.38512796],[-53.03870015,-27.38537768],[-53.03910595,-27.38573666],[-53.03968343,-27.38548694],[-53.04018288,-27.38526843],[-53.04048487,-27.38506543],[-53.04068528,-27.38483017],[-53.04051973,-27.38456876],[-53.04031932,-27.38434221],[-53.04011891,-27.38423765],[-53.04003177,-27.38400239],[-53.04003401,-27.38399007],[-53.04003702,-27.38397351],[-53.04006663,-27.38381069],[-53.04025832,-27.38357543],[-53.04049359,-27.38326174],[-53.04058944,-27.38293063],[-53.04076371,-27.3825211],[-53.04099897,-27.3823904],[-53.04129523,-27.38246011],[-53.04150435,-27.38260823],[-53.04189273,-27.38300682],[-53.04207073,-27.38312233],[-53.04221014,-27.38314847],[-53.04239312,-27.38313976],[-53.04251511,-27.38307005],[-53.04259353,-27.3828435],[-53.04290722,-27.38259952],[-53.04322962,-27.38242525],[-53.04361301,-27.38250367],[-53.04416196,-27.3827128],[-53.04443208,-27.38285221],[-53.04543412,-27.38321818],[-53.04593951,-27.38338373],[-53.04691541,-27.38349701],[-53.04712832,-27.38362962],[-53.04751664,-27.3838804],[-53.04759507,-27.38413309],[-53.04764735,-27.38463847],[-53.04767349,-27.38527456],[-53.04805688,-27.3855621],[-53.04898922,-27.38618947],[-53.04909378,-27.3865293],[-53.04895437,-27.38686041],[-53.0483967,-27.38725251],[-53.04769091,-27.38748778],[-53.04617625,-27.38796857],[-53.04516175,-27.3882339],[-53.04438136,-27.38870213],[-53.04400512,-27.38896907],[-53.04379599,-27.38928275],[-53.04407482,-27.38946573],[-53.04402254,-27.38963129],[-53.04382213,-27.38986655],[-53.04363915,-27.39029351],[-53.04356073,-27.39090346],[-53.04356944,-27.39191422],[-53.04375243,-27.39237603],[-53.04401383,-27.3928727],[-53.04478933,-27.39443241],[-53.04532956,-27.39477224],[-53.0456781,-27.39489423],[-53.04635775,-27.39484195],[-53.04702869,-27.39479838],[-53.04782162,-27.39462411],[-53.04849541,-27.39442426],[-53.04861454,-27.39438013],[-53.04914606,-27.39415358],[-53.04947717,-27.39403159],[-53.0500784,-27.39383118],[-53.05039785,-27.39356174],[-53.05058379,-27.39331709],[-53.05084519,-27.39305568],[-53.05114145,-27.39267229],[-53.05135057,-27.39250674],[-53.05163812,-27.39225405],[-53.05196923,-27.39202749],[-53.05230905,-27.39176609],[-53.05260531,-27.39173995],[-53.05284929,-27.39173995],[-53.05307584,-27.39166153],[-53.05338905,-27.39164055],[-53.05341566,-27.3916441],[-53.05373806,-27.39157439],[-53.05373749,-27.39156763],[-53.05374678,-27.39156568],[-53.05372063,-27.39117357],[-53.05373806,-27.39098188],[-53.05394718,-27.39071176],[-53.05413888,-27.39038936],[-53.05441771,-27.3901541],[-53.05455713,-27.38953544],[-53.05474882,-27.38906492],[-53.05474882,-27.38889936],[-53.05466169,-27.38849854],[-53.05469654,-27.38814129],[-53.05467912,-27.38781889],[-53.05489695,-27.38759234],[-53.05521935,-27.38713052],[-53.05532391,-27.38672971],[-53.05546915,-27.38613435],[-53.05559403,-27.38583222],[-53.05569859,-27.38576251],[-53.05581187,-27.38549239],[-53.05589029,-27.38524842],[-53.05584672,-27.38511771],[-53.05569859,-27.38490859],[-53.05546584,-27.38477766],[-53.05541976,-27.38475175],[-53.05536014,-27.38465238],[-53.05524549,-27.38451648],[-53.05503637,-27.38412438],[-53.05480111,-27.38367999],[-53.05457455,-27.38305262],[-53.0545397,-27.38274765],[-53.05464426,-27.38246011],[-53.05483596,-27.38231198],[-53.05503637,-27.3821987],[-53.05528035,-27.38209414],[-53.05545462,-27.38196344],[-53.05574216,-27.38178045],[-53.05617015,-27.38171332],[-53.05662222,-27.38183274],[-53.05704704,-27.38216249],[-53.05789439,-27.3831659],[-53.05837363,-27.38352315],[-53.05889644,-27.38392397],[-53.05956737,-27.38422894],[-53.06026445,-27.3845252],[-53.06076983,-27.38431607],[-53.06158018,-27.38371484],[-53.06194615,-27.38353186],[-53.06232083,-27.38348829],[-53.06280007,-27.38363642],[-53.06307019,-27.38395011],[-53.06327931,-27.38426379],[-53.06344487,-27.3847866],[-53.06348843,-27.38517871],[-53.06343615,-27.3857538],[-53.06337516,-27.38612848],[-53.0632706,-27.38629403],[-53.06317475,-27.38660772],[-53.0630715,-27.38680297],[-53.06299177,-27.38685169],[-53.06285235,-27.38707824],[-53.06279686,-27.38723967],[-53.06273908,-27.3873745],[-53.06287849,-27.3878886],[-53.06303533,-27.38855082],[-53.06327453,-27.38913915],[-53.06358668,-27.3898415],[-53.06428903,-27.39069992],[-53.06477287,-27.39127741],[-53.06525671,-27.39149592],[-53.06553765,-27.39199537],[-53.06549083,-27.39272893],[-53.0657278,-27.39315153],[-53.06634925,-27.39330642],[-53.06669196,-27.39323648],[-53.06713066,-27.39314282],[-53.06713384,-27.39314172],[-53.06760991,-27.39297726],[-53.06811529,-27.39279428],[-53.06857258,-27.39251593],[-53.06871652,-27.39242831],[-53.06927703,-27.39196122],[-53.06950944,-27.39153083],[-53.06969243,-27.39097317],[-53.06988412,-27.39039808],[-53.07013681,-27.38979685],[-53.07031979,-27.38932632],[-53.07047664,-27.38895164],[-53.07067705,-27.38862924],[-53.07082518,-27.38831556],[-53.07085132,-27.38800187],[-53.07078161,-27.38759234],[-53.07063348,-27.38717409],[-53.07044178,-27.38686912],[-53.07026751,-27.38655544],[-53.07025931,-27.38654137],[-53.07024405,-27.38651522],[-53.0700671,-27.38624175],[-53.06968371,-27.38573637],[-53.0691609,-27.38528327],[-53.06882108,-27.38494344],[-53.06818499,-27.38456876],[-53.06762733,-27.38419409],[-53.06666014,-27.38304391],[-53.06652072,-27.38266923],[-53.06651201,-27.38218999],[-53.06660786,-27.38170203],[-53.06680827,-27.38120537],[-53.06726137,-27.38052571],[-53.06828084,-27.37995063],[-53.06899535,-27.37956723],[-53.06977956,-27.37911413],[-53.07031979,-27.37892244],[-53.07081307,-27.37868197],[-53.07136541,-27.37878302],[-53.07206249,-27.37927098],[-53.07266372,-27.37975022],[-53.07332594,-27.38000291],[-53.07424957,-27.37996805],[-53.07526905,-27.37982864],[-53.07555659,-27.37958466],[-53.0758877,-27.37908799],[-53.0759462,-27.37786902],[-53.07582315,-27.37721484],[-53.07537274,-27.3754974],[-53.04583312,-27.34037468],[-53.0441634,-27.33592355],[-53.03333212,-27.33454058],[-53.0027686,-27.32037506],[-52.99138101,-27.31592585],[-52.96638651,-27.30611428],[-52.95102862,-27.30829613],[-52.94418289,-27.31000266],[-52.94137791,-27.31055189],[-52.93377653,-27.31270461],[-52.93366822,-27.31292124],[-52.9331759,-27.31302955],[-52.93283127,-27.31331509],[-52.93268358,-27.3139945],[-52.93246695,-27.31429974],[-52.93198448,-27.31438836],[-52.93128538,-27.31490037],[-52.92860715,-27.3168992],[-52.92765204,-27.31758845],[-52.92704157,-27.31790354],[-52.92649016,-27.31789369],[-52.92576153,-27.31793307],[-52.92480642,-27.318002],[-52.92394978,-27.31807092],[-52.92362485,-27.31817924],[-52.9233211,-27.31802736],[-52.9230339,-27.31811682],[-52.92273867,-27.31820877],[-52.92273047,-27.31821452],[-52.92234481,-27.31848448],[-52.92208881,-27.31830724],[-52.922283,-27.31797711],[-52.92228573,-27.31797246],[-52.92241374,-27.31764753],[-52.92220889,-27.31756949],[-52.92220696,-27.31756876],[-52.9219933,-27.31744506],[-52.92143063,-27.31714523],[-52.92106692,-27.31714243],[-52.9204717,-27.31704759],[-52.92018978,-27.31694616],[-52.91994905,-27.31676382],[-52.91957796,-27.31655457],[-52.91906595,-27.31645611],[-52.91848501,-27.31586532],[-52.91852866,-27.31528199],[-52.9180669,-27.31497161],[-52.91774544,-27.31477963],[-52.91731328,-27.3149693],[-52.91678157,-27.31494357],[-52.91672249,-27.31493976],[-52.91637787,-27.31470344],[-52.91593478,-27.31468375],[-52.91510768,-27.31585548],[-52.90724037,-27.31500868],[-52.85931774,-27.31265538],[-52.85475884,-27.31421112],[-52.84509948,-27.31346279],[-52.84291659,-27.31717252],[-52.84240535,-27.31757262],[-52.84103835,-27.31800606],[-52.84021593,-27.31838393],[-52.83891561,-27.3183617],[-52.83812653,-27.31816165],[-52.8374597,-27.31757262],[-52.8369818,-27.31672796],[-52.83610381,-27.31689467],[-52.8351369,-27.31709472],[-52.83404775,-27.31747259],[-52.83314753,-27.31786158],[-52.83223619,-27.31802828],[-52.83133597,-27.31759484],[-52.83053578,-27.31718363],[-52.82962444,-27.31709472],[-52.82837969,-27.31708361],[-52.82722385,-27.31678353],[-52.8261347,-27.31650569],[-52.82505665,-27.31606113],[-52.82402307,-27.31601668],[-52.82255604,-27.31483861],[-52.82230042,-27.31443851],[-52.82213574,-27.31456626],[-52.82248305,-27.31516473],[-52.8226223,-27.31537345],[-52.82266081,-27.31555424],[-52.82255604,-27.31621673],[-52.82297837,-27.31626118],[-52.82328955,-27.31636121],[-52.82375634,-27.31688356],[-52.82397861,-27.31835058],[-52.82407864,-27.31943974],[-52.82442317,-27.32041776],[-52.82472324,-27.32178476],[-52.82516779,-27.32256273],[-52.82544564,-27.32328513],[-52.8256568,-27.32409644],[-52.82624583,-27.32477438],[-52.82733499,-27.3252745],[-52.82762395,-27.32601913],[-52.82763017,-27.32603454],[-52.82852417,-27.32601913],[-52.82883536,-27.32677487],[-52.82902429,-27.327764],[-52.82897984,-27.32846417],[-52.82899095,-27.3292866],[-52.82920857,-27.33013636],[-52.82916877,-27.33082031],[-52.82933548,-27.33183167],[-52.82957999,-27.33277634],[-52.82864642,-27.33379882],[-52.82762901,-27.33429271],[-52.82646059,-27.33441194],[-52.82538755,-27.33388734],[-52.82443373,-27.33369658],[-52.82328916,-27.3338635],[-52.82169152,-27.33436425],[-52.81966467,-27.33496038],[-52.81859163,-27.33524653],[-52.81766166,-27.33531806],[-52.81658862,-27.33541344],[-52.81511021,-27.33536575],[-52.81377487,-27.33531806],[-52.81263029,-27.33531806],[-52.81072267,-27.33536575],[-52.80950655,-27.3361765],[-52.80876735,-27.33705877],[-52.8085289,-27.33810797],[-52.80807583,-27.33872795],[-52.80736047,-27.33956253],[-52.80216219,-27.34850453],[-52.80120838,-27.34831377],[-52.80020687,-27.34867145],[-52.79908614,-27.34974449],[-52.79818002,-27.35031678],[-52.79634393,-27.35072215],[-52.79465091,-27.35074599],[-52.7923856,-27.35153289],[-52.79105027,-27.3520098],[-52.78945263,-27.352749],[-52.78799806,-27.35310668],[-52.78618582,-27.35360743],[-52.78547046,-27.35344052],[-52.78458818,-27.35370282],[-52.78368206,-27.35446587],[-52.78294285,-27.35525276],[-52.78163005,-27.35597417],[-52.78068804,-27.35672128],[-52.77977851,-27.35702987],[-52.77907991,-27.3568504],[-52.77845993,-27.35727962],[-52.77838174,-27.35798812],[-52.7785604,-27.35857282],[-52.77866725,-27.35919558],[-52.77876251,-27.35938609],[-52.77881695,-27.35968548],[-52.77849034,-27.36001208],[-52.7785856,-27.36040673],[-52.77892582,-27.36065168],[-52.77919799,-27.36085581],[-52.77949737,-27.36104633],[-52.78024584,-27.3613185],[-52.78074935,-27.36140015],[-52.78118482,-27.3616451],[-52.78140256,-27.36167232],[-52.78167473,-27.36153623],[-52.78190607,-27.36142736],[-52.78215102,-27.36163149],[-52.78247763,-27.3618084],[-52.78259387,-27.36220832],[-52.78286608,-27.36268869],[-52.78310092,-27.36303562],[-52.78324974,-27.36359899],[-52.78324351,-27.36362806],[-52.78317031,-27.36396966],[-52.78323969,-27.3641191],[-52.7834265,-27.36445536],[-52.78348521,-27.36479161],[-52.78350656,-27.36541608],[-52.78351138,-27.36560875],[-52.78353325,-27.36584307],[-52.78341583,-27.36617399],[-52.78339448,-27.36660631],[-52.78386075,-27.36735579],[-52.78318527,-27.36760561],[-52.78264093,-27.36767365],[-52.78234835,-27.36749765],[-52.78216155,-27.36737489],[-52.78188934,-27.36748698],[-52.7818413,-27.36762575],[-52.78193738,-27.36792464],[-52.78238237,-27.36821799],[-52.78318632,-27.36877328],[-52.78380012,-27.36909886],[-52.78423778,-27.36920561],[-52.78519851,-27.36980873],[-52.78562549,-27.36991548],[-52.78591371,-27.37035314],[-52.78615334,-27.37052707],[-52.78626598,-27.37061467],[-52.78647093,-27.3705677],[-52.78662358,-27.37057731],[-52.78681573,-27.37061467],[-52.78694382,-27.37048658],[-52.78695114,-27.37032952],[-52.78698119,-27.37023038],[-52.78692247,-27.36988879],[-52.78712529,-27.36964327],[-52.78742419,-27.36965929],[-52.78785118,-27.36954186],[-52.78803798,-27.36939242],[-52.78834221,-27.36928567],[-52.78879932,-27.36931832],[-52.78886527,-27.36932303],[-52.78915883,-27.36926966],[-52.78952177,-27.36915757],[-52.78959116,-27.36904549],[-52.78973526,-27.3689761],[-52.78997011,-27.36898678],[-52.79035974,-27.36902948],[-52.79068532,-27.3691469],[-52.79113899,-27.36926432],[-52.79154997,-27.36925365],[-52.79191825,-27.36922162],[-52.79208631,-27.36910685],[-52.79213174,-27.36907218],[-52.79213568,-27.36907313],[-52.79259609,-27.36918426],[-52.79261373,-27.369183],[-52.79289498,-27.36916291],[-52.79316719,-27.3691469],[-52.79380234,-27.36924831],[-52.79421865,-27.36920027],[-52.79444816,-27.36939775],[-52.79449619,-27.36960591],[-52.79499791,-27.36985143],[-52.79535551,-27.37030511],[-52.79540355,-27.37078013],[-52.79538753,-27.37134589],[-52.79514201,-27.37178356],[-52.79513249,-27.37181911],[-52.79491251,-27.37219453],[-52.79490183,-27.37278698],[-52.79462963,-27.37296311],[-52.79461362,-27.37328336],[-52.79473104,-27.37340078],[-52.79479018,-27.37344765],[-52.79501392,-27.37362495],[-52.798049,-27.37536836],[-52.80804586,-27.37454271],[-52.82519201,-27.37463632],[-52.82872489,-27.36518794],[-52.82950399,-27.36499316],[-52.83021817,-27.36492824],[-52.83096481,-27.36446294],[-52.831376,-27.3639219],[-52.83147339,-27.36364055],[-52.83162488,-27.36338085],[-52.83159242,-27.36312115],[-52.83155995,-27.36269914],[-52.83185212,-27.36199578],[-52.83264204,-27.36187675],[-52.83354017,-27.36159541],[-52.83394055,-27.36111929],[-52.83478457,-27.36032937],[-52.83527151,-27.35983161],[-52.83560696,-27.35942042],[-52.83641852,-27.35921482],[-52.83708942,-27.35909579],[-52.83768457,-27.35897676],[-52.83851777,-27.35858721],[-52.8393077,-27.3574943],[-52.83937262,-27.3569749],[-52.83913456,-27.35609841],[-52.83886404,-27.35549244],[-52.83880994,-27.35457267],[-52.83839874,-27.35400998],[-52.83835956,-27.353592],[-52.83835578,-27.35333876],[-52.83835546,-27.35331745],[-52.83873419,-27.35360961],[-52.83917785,-27.35388013],[-52.83974053,-27.35419394],[-52.84009762,-27.3546917],[-52.84051963,-27.35503796],[-52.8405521,-27.35544916],[-52.84045612,-27.35609967],[-52.84093083,-27.35636893],[-52.84136366,-27.35675848],[-52.84181814,-27.35724542],[-52.84230508,-27.35740773],[-52.84265134,-27.35833833],[-52.84303007,-27.35908497],[-52.84351701,-27.35974504],[-52.84360358,-27.36031855],[-52.84310582,-27.36071892],[-52.84300843,-27.3614872],[-52.84303007,-27.3627316],[-52.8434738,-27.36334485],[-52.84343045,-27.36390025],[-52.84285694,-27.36441966],[-52.84249985,-27.36579391],[-52.84252031,-27.36727411],[-52.84270046,-27.36833247],[-52.84369127,-27.36797218],[-52.84429926,-27.36783707],[-52.84470459,-27.36776951],[-52.84509866,-27.36812981],[-52.84559406,-27.36862521],[-52.84593681,-27.36853173],[-52.84629213,-27.36841129],[-52.84704649,-27.36794966],[-52.84793596,-27.36762315],[-52.84845388,-27.36736419],[-52.84929831,-27.36825366],[-52.84973742,-27.36919942],[-52.84992883,-27.3695372],[-52.84997706,-27.37008783],[-52.85008645,-27.3710797],[-52.85009771,-27.37223939],[-52.84991757,-27.37298249],[-52.84964735,-27.37353419],[-52.84937713,-27.37435611],[-52.84925328,-27.37511047],[-52.84964735,-27.3757072],[-52.84989505,-27.37643905],[-52.8505706,-27.37679934],[-52.85094913,-27.37676071],[-52.85109978,-27.3767543],[-52.85123142,-27.37690674],[-52.85129771,-27.37698349],[-52.8513137,-27.37700201],[-52.8515614,-27.37726097],[-52.85203428,-27.37726097],[-52.8523608,-27.37746363],[-52.85286746,-27.37746363],[-52.85331783,-27.377306],[-52.85360156,-27.37713261],[-52.85372315,-27.3770583],[-52.85373772,-27.37705284],[-52.85381211,-27.37702494],[-52.85436492,-27.37703578],[-52.85513055,-27.37692319],[-52.85553587,-27.37677682],[-52.85603128,-27.37665297],[-52.85635779,-27.37632646],[-52.85684193,-27.37620261],[-52.85725852,-27.37643905],[-52.85752874,-27.37673179],[-52.85822681,-27.37700201],[-52.85896991,-27.37720467],[-52.85971301,-27.37722719],[-52.86041108,-27.37732852],[-52.86069256,-27.37757622],[-52.86078263,-27.37789148],[-52.86078263,-27.37828555],[-52.86105285,-27.37854451],[-52.86125552,-27.37870213],[-52.86162707,-27.37883724],[-52.8624715,-27.37829681],[-52.86279809,-27.37842839],[-52.86322586,-27.37846569],[-52.86364245,-27.37863458],[-52.86409282,-27.37907369],[-52.86393519,-27.38003071],[-52.86400274,-27.38045856],[-52.86434052,-27.38080759],[-52.86507236,-27.38112285],[-52.8653088,-27.3815507],[-52.86566008,-27.38229568],[-52.86587954,-27.38258621],[-52.86611946,-27.38326208],[-52.86640094,-27.38373497],[-52.86653901,-27.3840111],[-52.86668326,-27.38429608],[-52.86693909,-27.38437214],[-52.86694313,-27.38439637],[-52.86698058,-27.38462106],[-52.86729173,-27.38466946],[-52.86745767,-27.38477318],[-52.86743693,-27.38504284],[-52.86754756,-27.38522262],[-52.86788637,-27.38530559],[-52.86792094,-27.38518113],[-52.86801774,-27.38496678],[-52.8681422,-27.38485615],[-52.8682874,-27.38477318],[-52.86852249,-27.38475244],[-52.86860546,-27.38467638],[-52.86877832,-27.38467638],[-52.86877141,-27.38482158],[-52.86873233,-27.38488501],[-52.86870227,-27.38500827],[-52.8688129,-27.38525719],[-52.86898576,-27.38538165],[-52.86913787,-27.38565822],[-52.87009206,-27.38547153],[-52.87043087,-27.38536782],[-52.87108082,-27.3852157],[-52.87182758,-27.38504976],[-52.87292006,-27.38481467],[-52.87386733,-27.38457958],[-52.87520182,-27.38426843],[-52.87566508,-27.38419928],[-52.87793992,-27.38238079],[-52.87876274,-27.38168244],[-52.87936429,-27.38128831],[-52.88009722,-27.38100482],[-52.88058814,-27.38085271],[-52.88114821,-27.38076973],[-52.88188805,-27.38086653],[-52.88214389,-27.38085962],[-52.8825795,-27.38057613],[-52.88305659,-27.38042401],[-52.88371346,-27.3803203],[-52.88446022,-27.38021658],[-52.88494147,-27.38014663],[-52.88527675,-27.38006592],[-52.88560737,-27.37999291],[-52.88577823,-27.37999842],[-52.8865123,-27.380128],[-52.88697175,-27.38030806],[-52.88737661,-27.3805799],[-52.887564,-27.38064328],[-52.88769077,-27.3806736],[-52.88814272,-27.38068738],[-52.88853681,-27.38072045],[-52.88891435,-27.38068738],[-52.88905766,-27.38066257],[-52.88890333,-27.38089131],[-52.88892248,-27.38099226],[-52.88893089,-27.38105114],[-52.8889116,-27.38127161],[-52.88895018,-27.38143972],[-52.88901632,-27.38163813],[-52.88915411,-27.38169876],[-52.88933599,-27.38168774],[-52.88936718,-27.38172035],[-52.88955283,-27.38190493],[-52.88959622,-27.38199932],[-52.88969692,-27.38215879],[-52.88975873,-27.38228241],[-52.88977113,-27.3822831],[-52.89006758,-27.38229957],[-52.89041074,-27.38235105],[-52.8906338,-27.38242826],[-52.89086543,-27.38269421],[-52.89088259,-27.38308027],[-52.89107991,-27.38338912],[-52.89089117,-27.38368081],[-52.89068697,-27.38384036],[-52.89053598,-27.38402567]]]]},"geometry_name":"geom","properties":{"id_terra_indigena":61,"Codigo":30701,"Nome":"Nonoai","Etnia":"Guaraní,Kaingang","Municipio":"Rio dos Índios,Planalto,Nonoai,Gramado dos Loureiros","Unidade_Federacao":"RS","Fase":"Delimitada","Modalidade":"Tradicionalmente ocupada","Homologacao":"Homologada","dt_ini":"2013-01-01Z","dt_fim":"2029-10-30Z"}},{"type":"Feature","id":"vw_funai_terras_indigenas.fid-5c8cc48d_196abffcb4a_2780","geometry":{"type":"MultiPolygon","coordinates":[[[[-51.76581785,-27.83598913],[-51.76571617,-27.8359965],[-51.76561468,-27.83599486],[-51.76552296,-27.83601142],[-51.7654211,-27.83602781],[-51.76529875,-27.83605289],[-51.76515573,-27.83609567],[-51.76498208,-27.83614698],[-51.76477761,-27.83621584],[-51.76455284,-27.83628436],[-51.76430777,-27.83635255],[-51.76405274,-27.83641156],[-51.76377759,-27.83646123],[-51.76351278,-27.83650204],[-51.76326826,-27.83654318],[-51.7630339,-27.83658448],[-51.76283016,-27.83661726],[-51.76267681,-27.8366689],[-51.7625539,-27.83672103],[-51.7624513,-27.83677348],[-51.76237896,-27.83683545],[-51.76231676,-27.83689758],[-51.76226453,-27.8369689],[-51.76220216,-27.83704005],[-51.76215952,-27.83713857],[-51.76210655,-27.83724596],[-51.76206318,-27.83738055],[-51.7620091,-27.83754204],[-51.76196461,-27.83773074],[-51.76192012,-27.83791943],[-51.76187527,-27.83812617],[-51.76182063,-27.8383147],[-51.76177633,-27.83849438],[-51.76173221,-27.83866505],[-51.76167813,-27.83882653],[-51.76162405,-27.83898801],[-51.76156,-27.83914032],[-51.76149577,-27.83930163],[-51.76141124,-27.83946262],[-51.76133667,-27.83963279],[-51.76125214,-27.83979378],[-51.76116742,-27.83996379],[-51.76107255,-27.84013363],[-51.76098783,-27.84030364],[-51.76089278,-27.8404825],[-51.76080806,-27.8406525],[-51.76072334,-27.84082251],[-51.76063862,-27.84099251],[-51.76054375,-27.84116235],[-51.76044888,-27.8413322],[-51.76035401,-27.84150204],[-51.76024881,-27.84168073],[-51.76014341,-27.84186844],[-51.76002787,-27.84205599],[-51.75990236,-27.84223435],[-51.75978738,-27.84239484],[-51.75967258,-27.84254632],[-51.75956866,-27.84266189],[-51.75946494,-27.84276845],[-51.75937192,-27.84284812],[-51.75928923,-27.84291894],[-51.75920692,-27.84297172],[-51.75914491,-27.84302484],[-51.75907311,-27.84305975],[-51.75901147,-27.84309483],[-51.75893968,-27.84312975],[-51.75886807,-27.84315564],[-51.75878631,-27.84318138],[-51.75869441,-27.84320694],[-51.75860231,-27.84324153],[-51.75850025,-27.84326693],[-51.75837808,-27.84328299],[-51.75825572,-27.84330806],[-51.75811306,-27.84333281],[-51.75797059,-27.84334853],[-51.757808,-27.84335491],[-51.75762493,-27.84336998],[-51.75743189,-27.84337586],[-51.7572287,-27.84338158],[-51.75702569,-27.84337829],[-51.75681235,-27.84338384],[-51.75661931,-27.84338972],[-51.75643642,-27.84339577],[-51.75626368,-27.84340199],[-51.75612121,-27.84341771],[-51.75599922,-27.84342475],[-51.75589753,-27.84343211],[-51.7558263,-27.84343998],[-51.75577536,-27.84344817],[-51.75572461,-27.84344734],[-51.75567367,-27.84345554],[-51.75560244,-27.8434634],[-51.75550075,-27.84347077],[-51.75538891,-27.84347797],[-51.75525677,-27.84348484],[-51.75512463,-27.84349171],[-51.75499268,-27.84348957],[-51.75488103,-27.84348775],[-51.75477971,-27.84347708],[-51.75468855,-27.84346658],[-51.75459757,-27.84344706],[-51.75452707,-27.84341885],[-51.75446654,-27.84339983],[-51.75441653,-27.84336294],[-51.75436634,-27.84333506],[-51.75432648,-27.84329833],[-51.75428662,-27.8432616],[-51.75425692,-27.84322504],[-51.75422721,-27.84318848],[-51.75420784,-27.84314306],[-51.7541785,-27.84308847],[-51.75414954,-27.84301584],[-51.75412076,-27.84293419],[-51.75409235,-27.84283451],[-51.75405417,-27.84271663],[-51.75402669,-27.84257186],[-51.75399959,-27.84240906],[-51.75396289,-27.84221904],[-51.75393671,-27.84201116],[-51.7539002,-27.84181213],[-51.75387346,-27.84163129],[-51.75384636,-27.84146849],[-51.75381833,-27.84135078],[-51.75379988,-27.84126028],[-51.7537807,-27.84120584],[-51.75376151,-27.84115141],[-51.75374196,-27.84111501],[-51.75373274,-27.84106977],[-51.75371336,-27.84102435],[-51.75370414,-27.8409791],[-51.75367462,-27.84093352],[-51.75365544,-27.84087909],[-51.75361577,-27.84083334],[-51.7535761,-27.8407876],[-51.75352628,-27.84074169],[-51.75345616,-27.84069545],[-51.75338604,-27.84064921],[-51.75330576,-27.8406028],[-51.75322549,-27.8405564],[-51.75313507,-27.84050982],[-51.75304465,-27.84046325],[-51.75296457,-27.84040783],[-51.7528843,-27.84036142],[-51.75282452,-27.84030633],[-51.75275495,-27.84023304],[-51.7526961,-27.84013286],[-51.75262765,-27.84000547],[-51.75256991,-27.83985119],[-51.75249243,-27.83966953],[-51.75242529,-27.83947902],[-51.75233784,-27.83928818],[-51.75226018,-27.83911553],[-51.75217199,-27.83896076],[-51.7520731,-27.83883287],[-51.75198417,-27.83871416],[-51.75188453,-27.83862234],[-51.75179467,-27.83854872],[-51.75171477,-27.83848428],[-51.75163469,-27.83842885],[-51.75155424,-27.83839146],[-51.75148393,-27.83835424],[-51.75141344,-27.83832603],[-51.7513328,-27.83829766],[-51.75125198,-27.8382783],[-51.751161,-27.83825878],[-51.75102924,-27.83824762],[-51.75086703,-27.83823595],[-51.75067419,-27.83823281],[-51.75046086,-27.83823836],[-51.75026783,-27.83824423],[-51.75012573,-27.83824192],[-51.75007479,-27.83825011],[-51.74974238,-27.83854377],[-51.74940997,-27.83883744],[-51.74909233,-27.83911805],[-51.74907754,-27.83913108],[-51.7487374,-27.83941759],[-51.74838923,-27.83969668],[-51.74804189,-27.83997658],[-51.74770424,-27.84026552],[-51.74760467,-27.84035659],[-51.74738198,-27.84056842],[-51.74706906,-27.84087872],[-51.74676222,-27.84119371],[-51.74645866,-27.84151115],[-51.74615554,-27.84182878],[-51.74591406,-27.84207887],[-51.74585076,-27.84214468],[-51.74555911,-27.84246511],[-51.74527281,-27.84278891],[-51.74497204,-27.8431101],[-51.7447408,-27.84333152],[-51.74463319,-27.8434141],[-51.74420065,-27.8435806],[-51.74371807,-27.84363591],[-51.74352602,-27.84364541],[-51.74324571,-27.84365865],[-51.74277402,-27.84367567],[-51.74230239,-27.84367597],[-51.74183413,-27.8436477],[-51.74139503,-27.84358351],[-51.74137252,-27.84357906],[-51.74091486,-27.84348875],[-51.7404572,-27.84339843],[-51.73999954,-27.84330812],[-51.73999903,-27.84382224],[-51.74070635,-27.8454574],[-51.73765827,-27.8548423],[-51.73612019,-27.85506964],[-51.73338329,-27.85483531],[-51.73409712,-27.86006051],[-51.73221492,-27.86022804],[-51.73284935,-27.8643876],[-51.73573924,-27.86997324],[-51.74224055,-27.87039546],[-51.74633631,-27.86976788],[-51.74632541,-27.86980378],[-51.7463076,-27.86989762],[-51.74631151,-27.87003074],[-51.74633862,-27.87016465],[-51.74637625,-27.87029169],[-51.74637782,-27.87029657],[-51.74642634,-27.87042408],[-51.74648495,-27.87054759],[-51.74654931,-27.87066851],[-51.74661509,-27.87078825],[-51.74667795,-27.8709082],[-51.74673356,-27.87102977],[-51.74673659,-27.8710372],[-51.74676575,-27.87115765],[-51.7467685,-27.87129377],[-51.74675847,-27.87143373],[-51.74675241,-27.87157314],[-51.74676704,-27.87170761],[-51.74681913,-27.87183272],[-51.74691102,-27.87193302],[-51.74692506,-27.87194382],[-51.74706295,-27.87201526],[-51.74720861,-27.87204581],[-51.74735824,-27.87205499],[-51.747467,-27.87205936],[-51.74750816,-27.87206177],[-51.74765764,-27.87207054],[-51.74780711,-27.87207931],[-51.74795659,-27.87208808],[-51.74810607,-27.87209685],[-51.74883745,-27.87209074],[-51.74889161,-27.87189583],[-51.74894404,-27.87170052],[-51.74899653,-27.87150522],[-51.74905085,-27.87131034],[-51.7491088,-27.87111628],[-51.7491659,-27.87094155],[-51.74917214,-27.87092342],[-51.74924021,-27.87073183],[-51.74931143,-27.87054123],[-51.74938529,-27.87035148],[-51.7494613,-27.87016241],[-51.74953896,-27.86997386],[-51.74961777,-27.86978568],[-51.74969723,-27.8695977],[-51.74977684,-27.86940977],[-51.7498561,-27.86922173],[-51.74993451,-27.86903342],[-51.75001158,-27.86884469],[-51.75005275,-27.8688183],[-51.75017644,-27.86873012],[-51.75035164,-27.86860669],[-51.75056801,-27.86845688],[-51.75078457,-27.86829805],[-51.75100094,-27.86814824],[-51.75120715,-27.86799826],[-51.75141318,-27.8678573],[-51.75159872,-27.86772503],[-51.75178407,-27.86760177],[-51.75195946,-27.86746933],[-51.75212432,-27.86735475],[-51.75228917,-27.86724018],[-51.75243373,-27.86712527],[-51.75256813,-27.8670102],[-51.75269219,-27.86690398],[-51.7528061,-27.8667976],[-51.75290986,-27.86669105],[-51.7530138,-27.86657548],[-51.75311793,-27.8664509],[-51.75322224,-27.8663173],[-51.7533369,-27.86617485],[-51.7534414,-27.86603223],[-51.75353556,-27.86589846],[-51.75361938,-27.86577355],[-51.75369268,-27.8656665],[-51.75375582,-27.86555929],[-51.75380882,-27.86545192],[-51.75387234,-27.86532667],[-51.75392607,-27.86518323],[-51.75399089,-27.86499486],[-51.75406623,-27.86478863],[-51.75413161,-27.86457322],[-51.75419717,-27.86434878],[-51.75426274,-27.86412435],[-51.75430743,-27.86392664],[-51.75435176,-27.86374696],[-51.75438575,-27.86357614],[-51.75441955,-27.86341433],[-51.75445299,-27.86327055],[-51.75449638,-27.86313596],[-51.75452963,-27.8630012],[-51.75457265,-27.86288464],[-51.75462583,-27.86276825],[-51.75466867,-27.86266071],[-51.75472147,-27.86256235],[-51.75478443,-27.86246415],[-51.7548472,-27.86237497],[-51.75492013,-27.86228596],[-51.7550032,-27.86219711],[-51.75509643,-27.86210843],[-51.7551998,-27.86201991],[-51.75530337,-27.86192238],[-51.75540675,-27.86183386],[-51.75551031,-27.86173632],[-51.75559338,-27.86164748],[-51.75566649,-27.86154944],[-51.75571911,-27.8614601],[-51.75576157,-27.86137059],[-51.75578374,-27.86128075],[-51.75583449,-27.86128158],[-51.75596628,-27.86129274],[-51.75615898,-27.86130489],[-51.75638195,-27.86132656],[-51.75659477,-27.86134806],[-51.7567871,-27.86137824],[-51.75695894,-27.86141712],[-51.75711047,-27.86145566],[-51.75724152,-27.86150289],[-51.75736241,-27.86154995],[-51.75747297,-27.86160587],[-51.75758353,-27.86166178],[-51.75768375,-27.86172655],[-51.757774,-27.86178214],[-51.75785392,-27.86184658],[-51.75792387,-27.86190183],[-51.75798366,-27.86195692],[-51.75803331,-27.86201185],[-51.7580728,-27.86206661],[-51.7581123,-27.86212137],[-51.75815161,-27.86218515],[-51.75819091,-27.86224893],[-51.7582197,-27.86233058],[-51.75825827,-27.86243042],[-51.75829665,-27.86253928],[-51.75833428,-27.86268421],[-51.75838189,-27.86283833],[-51.75841916,-27.86300129],[-51.75847654,-27.8631736],[-51.75852396,-27.86333673],[-51.75858172,-27.86349101],[-51.75863985,-27.86362725],[-51.75869816,-27.86375448],[-51.75876663,-27.86388187],[-51.75883547,-27.86399123],[-51.75891464,-27.86409173],[-51.75899382,-27.86419224],[-51.75908333,-27.86428389],[-51.75919315,-27.86437587],[-51.75930278,-27.86447687],[-51.75943272,-27.8645782],[-51.75957281,-27.8646797],[-51.7597129,-27.86478119],[-51.75985299,-27.86488268],[-51.75998293,-27.86498401],[-51.76009256,-27.86508501],[-51.76018189,-27.86518568],[-51.76027122,-27.86528635],[-51.76035021,-27.86539587],[-51.76042902,-27.86551441],[-51.7604973,-27.86565082],[-51.76057556,-27.86579641],[-51.76064365,-27.86594183],[-51.76071175,-27.86608725],[-51.76077985,-27.86623268],[-51.7608378,-27.86637794],[-51.76089593,-27.86651418],[-51.7609644,-27.86664157],[-51.76102254,-27.86677781],[-51.76108048,-27.86692307],[-51.76114858,-27.8670685],[-51.76121668,-27.86721392],[-51.76128478,-27.86735935],[-51.76134292,-27.86749559],[-51.76140142,-27.8676138],[-51.7614603,-27.86771397],[-51.76150921,-27.86780496],[-51.76156845,-27.8678871],[-51.76163785,-27.86796941],[-51.76170725,-27.86805172],[-51.76179677,-27.86814337],[-51.76189626,-27.8682442],[-51.76200608,-27.86833618],[-51.76210575,-27.868428],[-51.76220561,-27.8685108],[-51.76228535,-27.86858425],[-51.76235512,-27.86864852],[-51.76242489,-27.86871279],[-51.76249466,-27.86877706],[-51.7625744,-27.86885051],[-51.7626641,-27.86893315],[-51.76277374,-27.86903415],[-51.76288338,-27.86913514],[-51.76299284,-27.86924516],[-51.76311245,-27.86935533],[-51.76321175,-27.86946518],[-51.76331105,-27.86957503],[-51.76340058,-27.86966668],[-51.76347994,-27.86975817],[-51.76353956,-27.86982228],[-51.76357906,-27.86987704],[-51.76360878,-27.8699136],[-51.7636385,-27.86995016],[-51.76366821,-27.86998672],[-51.76371805,-27.87003263],[-51.76376733,-27.87010559],[-51.76384689,-27.87018805],[-51.76392607,-27.87028856],[-51.76400489,-27.87040709],[-51.7640837,-27.87052563],[-51.76416252,-27.87064417],[-51.76423099,-27.87077156],[-51.7642895,-27.87088976],[-51.76433786,-27.87100781],[-51.76437662,-27.87109863],[-51.76439526,-27.87118012],[-51.76441427,-27.87124356],[-51.76442312,-27.87130685],[-51.76442183,-27.87136997],[-51.76443068,-27.87143325],[-51.76444932,-27.87151473],[-51.76447811,-27.87159638],[-51.76450654,-27.87169606],[-51.76454511,-27.8717959],[-51.76459384,-27.87189591],[-51.76464238,-27.87200494],[-51.76470126,-27.87210511],[-51.76476014,-27.87220528],[-51.76483933,-27.87230579],[-51.7649187,-27.87239727],[-51.76500822,-27.87248892],[-51.76509775,-27.87258057],[-51.76521773,-27.87267271],[-51.7653379,-27.87275584],[-51.76547838,-27.87283929],[-51.76563916,-27.87292308],[-51.76581009,-27.87300703],[-51.76598103,-27.87309097],[-51.76616212,-27.87317508],[-51.76633305,-27.87325903],[-51.76649365,-27.87335183],[-51.7666441,-27.87344447],[-51.7667842,-27.87354595],[-51.766904,-27.87364711],[-51.76702399,-27.87373925],[-51.76711333,-27.87383992],[-51.76720268,-27.87394058],[-51.76728187,-27.87404109],[-51.76734057,-27.87415027],[-51.76740942,-27.87425963],[-51.76745759,-27.87438669],[-51.76751611,-27.87450489],[-51.76756429,-27.87463195],[-51.7676228,-27.87475016],[-51.76767135,-27.87485918],[-51.76773023,-27.87495936],[-51.76779964,-27.87504166],[-51.76787938,-27.87511511],[-51.76795932,-27.87517954],[-51.76804958,-27.87523512],[-51.76815019,-27.87528185],[-51.76826095,-27.87532874],[-51.76838205,-27.87536678],[-51.76850315,-27.87540482],[-51.76862406,-27.87545187],[-51.76874498,-27.87549893],[-51.76887605,-27.87554615],[-51.76899678,-27.87560222],[-51.76911714,-27.87567633],[-51.7692375,-27.87575043],[-51.76934733,-27.87584241],[-51.76946733,-27.87593455],[-51.76957716,-27.87602652],[-51.76967685,-27.87611833],[-51.76976656,-27.87620096],[-51.76983616,-27.87627425],[-51.76990612,-27.8763295],[-51.76996593,-27.87638459],[-51.77002556,-27.87644869],[-51.77010549,-27.87651312],[-51.77018506,-27.87659559],[-51.7702949,-27.87668756],[-51.77040455,-27.87678855],[-51.77052418,-27.87689873],[-51.77064398,-27.87699988],[-51.77077395,-27.8771012],[-51.77090391,-27.87720252],[-51.77104402,-27.87730401],[-51.77118414,-27.87740549],[-51.77134456,-27.8775073],[-51.77150499,-27.87760911],[-51.77167556,-27.87771109],[-51.77184614,-27.87781306],[-51.77200657,-27.87791487],[-51.77215702,-27.8780075],[-51.77228735,-27.87809079],[-51.77240772,-27.87816489],[-51.77250759,-27.87824768],[-51.77260765,-27.87832146],[-51.77268722,-27.87840392],[-51.77276679,-27.87848639],[-51.77284617,-27.87857787],[-51.7729154,-27.87866919],[-51.77299423,-27.87878772],[-51.77307287,-27.87891527],[-51.77315133,-27.87905183],[-51.77323958,-27.8792066],[-51.77332801,-27.87935234],[-51.77340647,-27.87948891],[-51.77347515,-27.87960728],[-51.77353404,-27.87970745],[-51.77358351,-27.87977139],[-51.77363318,-27.87982631],[-51.77368321,-27.8798632],[-51.77373324,-27.87990008],[-51.77379342,-27.87993713],[-51.7738536,-27.87997419],[-51.77392394,-27.8800114],[-51.77399446,-27.8800396],[-51.77407496,-27.88007698],[-51.77415563,-27.88010534],[-51.77423649,-27.88012468],[-51.77432732,-27.88015321],[-51.77442849,-27.88017288],[-51.77453981,-27.88019272],[-51.77467162,-27.88020386],[-51.77480344,-27.88021501],[-51.77493525,-27.88022616],[-51.77506706,-27.8802373],[-51.77517875,-27.8802391],[-51.77526977,-27.88025861],[-51.77535081,-27.88026894],[-51.77542152,-27.88028812],[-51.77548207,-27.88030713],[-51.77553229,-27.880335],[-51.77558232,-27.88037189],[-51.77564232,-27.88041796],[-51.77570232,-27.88046402],[-51.77576177,-27.88053714],[-51.77582103,-27.88061928],[-51.77589026,-27.88071059],[-51.77596928,-27.88082011],[-51.77603815,-27.88092946],[-51.77610701,-27.88103881],[-51.77616609,-27.88112996],[-51.77622535,-27.8812121],[-51.77628499,-27.8812762],[-51.77634499,-27.88132226],[-51.77640517,-27.88135931],[-51.77647551,-27.88139653],[-51.77655638,-27.88141587],[-51.77665754,-27.88143554],[-51.77677939,-27.88143751],[-51.77692154,-27.8814398],[-51.77708419,-27.8814334],[-51.77726732,-27.88141831],[-51.77748129,-27.88138568],[-51.77769526,-27.88135304],[-51.77790941,-27.88131139],[-51.7781134,-27.88126958],[-51.7783174,-27.88122776],[-51.77849112,-27.88117644],[-51.7786545,-27.88113397],[-51.77879757,-27.88109118],[-51.77893049,-27.88104822],[-51.77903276,-27.88101378],[-51.7791247,-27.8809882],[-51.77921663,-27.88096262],[-51.77930857,-27.88093704],[-51.77941084,-27.88090261],[-51.77953361,-27.88085949],[-51.77967668,-27.88081669],[-51.77981957,-27.88078291],[-51.7799523,-27.88074896],[-51.78007488,-27.88071486],[-51.78018694,-27.88069862],[-51.78026817,-27.88069993],[-51.7803494,-27.88070123],[-51.78042029,-27.88071139],[-51.78048103,-27.88072139],[-51.78055174,-27.88074057],[-51.78062226,-27.88076876],[-51.78070276,-27.88080614],[-51.78079304,-27.88086171],[-51.78091341,-27.88093581],[-51.78104339,-27.88103712],[-51.78120346,-27.88115695],[-51.78136353,-27.88127679],[-51.7815236,-27.88139662],[-51.78168385,-27.88150744],[-51.7818345,-27.88159104],[-51.78196522,-27.88165628],[-51.78209611,-27.88171251],[-51.78220725,-27.88174136],[-51.78232873,-27.88176135],[-51.78244024,-27.88177216],[-51.78255193,-27.88177396],[-51.78266362,-27.88177575],[-51.78277568,-27.88175951],[-51.78290823,-27.88173458],[-51.78305094,-27.88170982],[-51.78319383,-27.88167603],[-51.78332656,-27.88164209],[-51.7834593,-27.88160814],[-51.78357154,-27.88158288],[-51.78366347,-27.8815573],[-51.78374507,-27.88154057],[-51.78381652,-27.88152368],[-51.7838983,-27.88149793],[-51.78399023,-27.88147235],[-51.78410247,-27.88144709],[-51.78423521,-27.88141314],[-51.7843781,-27.88137936],[-51.78454147,-27.88133688],[-51.78469451,-27.88130326],[-51.78485753,-27.88127882],[-51.78501057,-27.88124519],[-51.78516324,-27.88122961],[-51.78530594,-27.88120484],[-51.78544828,-27.8811981],[-51.78558046,-27.8811912],[-51.78571246,-27.88119332],[-51.78585443,-27.88120462],[-51.78599622,-27.88122494],[-51.78615813,-27.8812546],[-51.78635013,-27.88130278],[-51.78655229,-27.88135112],[-51.78675408,-27.8814175],[-51.78696584,-27.88149306],[-51.7871573,-27.88156829],[-51.7873386,-27.88164336],[-51.78750938,-27.8817363],[-51.78766004,-27.88181989],[-51.78781051,-27.8819125],[-51.7879608,-27.88201414],[-51.78810094,-27.8821156],[-51.78825105,-27.88222625],[-51.78839101,-27.88233673],[-51.78853096,-27.88244722],[-51.78866058,-27.88256656],[-51.78879038,-27.88267688],[-51.78890006,-27.88277786],[-51.78899958,-27.88287867],[-51.78908913,-27.88297031],[-51.78915875,-27.88304358],[-51.78920842,-27.8830985],[-51.78925845,-27.88313538],[-51.78929815,-27.88318112],[-51.78933785,-27.88322685],[-51.78939768,-27.88328193],[-51.78946729,-27.88335521],[-51.78954687,-27.88343767],[-51.78964658,-27.88352946],[-51.78973595,-27.88363012],[-51.78984581,-27.88372208],[-51.78993537,-27.88381371],[-51.79003508,-27.88390551],[-51.79013515,-27.88397927],[-51.79023523,-27.88405304],[-51.7903353,-27.8841268],[-51.79044572,-27.88419171],[-51.79055595,-27.88426563],[-51.79067651,-27.88433071],[-51.79080723,-27.88439594],[-51.79095808,-27.88447052],[-51.79112924,-27.88454542],[-51.79132033,-27.88463868],[-51.79153174,-27.88473226],[-51.79177324,-27.88484437],[-51.79204502,-27.88496598],[-51.79235706,-27.88510628],[-51.7926894,-27.8852469],[-51.79302138,-27.88540555],[-51.79335372,-27.88554617],[-51.79366576,-27.88568646],[-51.79393754,-27.88580807],[-51.79417905,-27.88592017],[-51.79440043,-27.88602293],[-51.7945812,-27.88612504],[-51.79475181,-27.88622699],[-51.7949023,-27.88631959],[-51.79503229,-27.88642089],[-51.79514198,-27.88652187],[-51.79524188,-27.88660464],[-51.79532147,-27.8866871],[-51.79538129,-27.88674217],[-51.79543115,-27.88678807],[-51.79548101,-27.88683397],[-51.79553069,-27.88688888],[-51.79559052,-27.88694396],[-51.79567011,-27.88702641],[-51.79575985,-27.88710903],[-51.79586954,-27.88721],[-51.79597941,-27.88730196],[-51.79610941,-27.88740325],[-51.7962394,-27.88750455],[-51.79637974,-27.88759699],[-51.79652026,-27.88768042],[-51.79667093,-27.88776401],[-51.79682178,-27.88783858],[-51.79697282,-27.88790413],[-51.79712386,-27.88796968],[-51.79726511,-27.88801704],[-51.79738605,-27.88806407],[-51.79749702,-27.88810192],[-51.79758786,-27.88813043],[-51.79765857,-27.8881496],[-51.79772911,-27.88817779],[-51.79779982,-27.88819696],[-51.79788051,-27.88822531],[-51.79799148,-27.88826316],[-51.79811242,-27.88831019],[-51.79825367,-27.88835754],[-51.79839492,-27.8884049],[-51.79853599,-27.88846127],[-51.79866708,-27.88850846],[-51.798798,-27.88856467],[-51.79891876,-27.88862072],[-51.79904949,-27.88868595],[-51.79918022,-27.88875117],[-51.79932074,-27.8888346],[-51.79946126,-27.88891802],[-51.79960178,-27.88900144],[-51.79974194,-27.8891029],[-51.79988228,-27.88919534],[-51.8000121,-27.88930565],[-51.80013195,-27.88940678],[-51.80023149,-27.88950759],[-51.80033139,-27.88959036],[-51.80041099,-27.88967281],[-51.80047064,-27.88973691],[-51.80053065,-27.88978296],[-51.80058033,-27.88983788],[-51.8006302,-27.88988377],[-51.80068985,-27.88994786],[-51.80076944,-27.89003031],[-51.80086917,-27.8901221],[-51.80096871,-27.89022291],[-51.80107804,-27.89034192],[-51.80118719,-27.89046994],[-51.80130631,-27.89060714],[-51.80141509,-27.89075319],[-51.80153403,-27.89089941],[-51.80164264,-27.89105448],[-51.8017614,-27.89120972],[-51.80186982,-27.89137381],[-51.80198839,-27.89153806],[-51.80210697,-27.89170231],[-51.80222573,-27.89185754],[-51.80234431,-27.89202179],[-51.80246307,-27.89217703],[-51.80253415,-27.89217816],[-51.80274741,-27.89218156],[-51.80304171,-27.89219527],[-51.80336667,-27.89220044],[-51.80370196,-27.89219676],[-51.80398647,-27.89219227],[-51.80423037,-27.89218713],[-51.80444399,-27.8921725],[-51.80463729,-27.89215753],[-51.80480013,-27.89214208],[-51.80495282,-27.89212647],[-51.80509535,-27.8921107],[-51.80524786,-27.89210411],[-51.80539039,-27.89208834],[-51.80554307,-27.89207273],[-51.80570591,-27.89205728],[-51.80587891,-27.89204199],[-51.80606206,-27.89202686],[-51.80625537,-27.8920119],[-51.80644867,-27.89199693],[-51.80664198,-27.89198197],[-51.80683528,-27.891967],[-51.80702859,-27.89195204],[-51.80721155,-27.89194592],[-51.8073947,-27.8919308],[-51.80757767,-27.89192468],[-51.80775067,-27.89190939],[-51.80792348,-27.89190312],[-51.80809647,-27.89188783],[-51.80826929,-27.89188156],[-51.80845244,-27.89186643],[-51.80864556,-27.89186048],[-51.80882871,-27.89184535],[-51.80901186,-27.89183022],[-51.80919519,-27.89180607],[-51.80935821,-27.8917816],[-51.80952123,-27.89175713],[-51.80966395,-27.89173233],[-51.80978635,-27.89170722],[-51.8098781,-27.89169063],[-51.80994955,-27.89167373],[-51.81000051,-27.89166552],[-51.81005146,-27.8916573],[-51.8101026,-27.89164008],[-51.81017386,-27.89163219],[-51.81027596,-27.89160675],[-51.8103882,-27.89158147],[-51.81053091,-27.89155668],[-51.81067381,-27.89152286],[-51.81082704,-27.8914802],[-51.81096993,-27.89144638],[-51.81112334,-27.8913947],[-51.81126641,-27.89135187],[-51.81141982,-27.89130018],[-51.81157341,-27.89123948],[-51.81163489,-27.89121339],[-51.81254568,-27.87774277],[-51.80868922,-27.86850812],[-51.79022955,-27.87332811],[-51.78562919,-27.86132085],[-51.78572093,-27.86130428],[-51.78587394,-27.86127065],[-51.78600646,-27.86124572],[-51.78612884,-27.86122062],[-51.78624106,-27.86119536],[-51.78634294,-27.86117895],[-51.78644501,-27.86115353],[-51.78656738,-27.86112843],[-51.78669991,-27.8611035],[-51.78685292,-27.86106987],[-51.78701627,-27.86102739],[-51.78718958,-27.86099409],[-51.78737323,-27.86095193],[-51.78754691,-27.8609006],[-51.78773056,-27.86085844],[-51.78791458,-27.86079825],[-51.78809878,-27.86072904],[-51.78827301,-27.86065065],[-51.78845775,-27.86055439],[-51.78864268,-27.86044912],[-51.78882798,-27.8603258],[-51.78900331,-27.86019331],[-51.78907547,-27.86014035],[-51.78900514,-27.86010314],[-51.78882424,-27.86001004],[-51.78864333,-27.85991694],[-51.78846243,-27.85982384],[-51.78828153,-27.85973075],[-51.78810063,-27.85963765],[-51.78791991,-27.85953553],[-51.78773901,-27.85944243],[-51.78754815,-27.85934015],[-51.78736725,-27.85924705],[-51.78717638,-27.85914477],[-51.78699566,-27.85904265],[-51.78681476,-27.85894955],[-51.78663387,-27.85885645],[-51.78645315,-27.85875433],[-51.78627244,-27.85865221],[-51.78609172,-27.85855009],[-51.78591101,-27.85844797],[-51.78573048,-27.85833683],[-51.78554995,-27.8582257],[-51.78537939,-27.85812374],[-51.78520883,-27.85802178],[-51.78504824,-27.85792901],[-51.78490758,-27.85785459],[-51.78477708,-27.85778033],[-51.78465654,-27.85771526],[-51.7845661,-27.85766871],[-51.78448562,-27.85763134],[-51.78443559,-27.85759445],[-51.78437523,-27.85756642],[-51.78431487,-27.85753839],[-51.78424455,-27.85750118],[-51.78414413,-27.85744545],[-51.78403357,-27.85738956],[-51.78390306,-27.8573153],[-51.78376241,-27.85724088],[-51.78361197,-27.85714827],[-51.78346153,-27.85705565],[-51.78331128,-27.85695402],[-51.78315087,-27.85685222],[-51.78299047,-27.85675042],[-51.78284021,-27.85664879],[-51.78267999,-27.85653798],[-51.78252974,-27.85643634],[-51.78236934,-27.85633454],[-51.78221908,-27.85623291],[-51.78206883,-27.85613128],[-51.78190843,-27.85602948],[-51.78174821,-27.85591866],[-51.78158781,-27.85581686],[-51.78143737,-27.85572425],[-51.78127679,-27.85563146],[-51.78112635,-27.85553885],[-51.78097555,-27.85546426],[-51.7808146,-27.85538951],[-51.7806638,-27.85531493],[-51.78050266,-27.8552492],[-51.78034153,-27.85518347],[-51.78017024,-27.85511757],[-51.78000892,-27.85506086],[-51.7798273,-27.85500382],[-51.77965583,-27.85494694],[-51.77947403,-27.85489891],[-51.77929241,-27.85484187],[-51.7791106,-27.85479385],[-51.77891846,-27.85475467],[-51.77872651,-27.85470649],[-51.77852422,-27.85466715],[-51.77831178,-27.85462765],[-51.77809934,-27.85458815],[-51.77786659,-27.85454832],[-51.7776237,-27.85450833],[-51.77737065,-27.85446818],[-51.77709749,-27.85441868],[-51.77683429,-27.85437836],[-51.77656113,-27.85432886],[-51.77630808,-27.85428871],[-51.77606519,-27.85424871],[-51.7758426,-27.85420905],[-51.77562997,-27.85417856],[-51.7754275,-27.85414824],[-51.77524515,-27.85412726],[-51.77507294,-27.85410644],[-51.77492086,-27.85409497],[-51.77476859,-27.85409252],[-51.77461632,-27.85409006],[-51.77447402,-27.85409679],[-51.77433172,-27.85410352],[-51.77418923,-27.85411926],[-51.77404675,-27.854135],[-51.77390426,-27.85415074],[-51.77376159,-27.8541755],[-51.77361874,-27.85420928],[-51.77347588,-27.85424305],[-51.77335333,-27.85427716],[-51.77324112,-27.85430241],[-51.7731492,-27.85432798],[-51.77308792,-27.85434504],[-51.7730368,-27.85436225],[-51.77299601,-27.85437061],[-51.77295522,-27.85437897],[-51.77289395,-27.85439603],[-51.77280203,-27.8544216],[-51.77268963,-27.85445587],[-51.77256726,-27.85448096],[-51.77244471,-27.85451506],[-51.77232216,-27.85454916],[-51.77219979,-27.85457425],[-51.77208775,-27.85459048],[-51.77197572,-27.85460671],[-51.77185372,-27.85461376],[-51.77173172,-27.85462081],[-51.77159976,-27.85461868],[-51.77144749,-27.85461622],[-51.7712954,-27.85460475],[-51.77114332,-27.85459327],[-51.7709916,-27.85456376],[-51.77085004,-27.85453442],[-51.77070866,-27.85449605],[-51.77056728,-27.85445769],[-51.7704366,-27.85439244],[-51.77030593,-27.85432719],[-51.77017563,-27.8542439],[-51.77005566,-27.85415176],[-51.76993606,-27.85404159],[-51.76981664,-27.8539224],[-51.76970793,-27.85377633],[-51.76961971,-27.85362156],[-51.76952171,-27.8534486],[-51.769444,-27.85327596],[-51.76936612,-27.85311234],[-51.76929801,-27.85296692],[-51.76922936,-27.85284855],[-51.76916033,-27.85274822],[-51.76909075,-27.85267493],[-51.76903114,-27.85261083],[-51.768961,-27.8525646],[-51.76890083,-27.85252754],[-51.76883033,-27.85249935],[-51.76876979,-27.85248033],[-51.7686991,-27.85246114],[-51.76863838,-27.85245114],[-51.76858763,-27.85245032],[-51.76852691,-27.85244032],[-51.76847597,-27.85244852],[-51.76841487,-27.85245655],[-51.76836393,-27.85246475],[-51.76831281,-27.85248196],[-51.76825153,-27.85249901],[-51.76819007,-27.85252508],[-51.76811809,-27.85256901],[-51.76804611,-27.85261295],[-51.76795346,-27.85267459],[-51.76786062,-27.85274525],[-51.76775763,-27.85281574],[-51.76767513,-27.85287755],[-51.76760296,-27.8529305],[-51.76756162,-27.85296591],[-51.76752046,-27.85299231],[-51.76748964,-27.85300985],[-51.76745863,-27.85303641],[-51.76740714,-27.85307166],[-51.76733497,-27.85312461],[-51.76725228,-27.85319543],[-51.76713914,-27.85326576],[-51.76702581,-27.85334511],[-51.766892,-27.85343314],[-51.76675837,-27.85351216],[-51.76661459,-27.85359101],[-51.76646085,-27.85366069],[-51.76631725,-27.85373052],[-51.76617402,-27.85378233],[-51.76603098,-27.85382511],[-51.76589809,-27.85386806],[-51.76575542,-27.85389281],[-51.76562309,-27.85390871],[-51.76549112,-27.85390657],[-51.76535916,-27.85390444],[-51.76522756,-27.85388427],[-51.76510612,-27.85386426],[-51.76498504,-27.85382622],[-51.76488408,-27.85379753],[-51.76479365,-27.85375096],[-51.76471336,-27.85370456],[-51.76465338,-27.85365849],[-51.76459377,-27.85359438],[-51.76453397,-27.8535393],[-51.7644847,-27.85346634],[-51.76444557,-27.85339355],[-51.76439667,-27.85330255],[-51.76435791,-27.85321173],[-51.76430938,-27.8531027],[-51.76427118,-27.85298482],[-51.76422302,-27.85285776],[-51.764185,-27.85273087],[-51.7641468,-27.85261299],[-51.76411839,-27.85251331],[-51.76408978,-27.85242265],[-51.76407096,-27.85235018],[-51.76405195,-27.85228673],[-51.76402298,-27.8522141],[-51.76400453,-27.8521236],[-51.76396596,-27.85202376],[-51.76392795,-27.85189686],[-51.76387997,-27.85176079],[-51.76381206,-27.85160635],[-51.76374452,-27.85143387],[-51.76365668,-27.85126107],[-51.76355868,-27.8510881],[-51.76346069,-27.85091514],[-51.76337285,-27.85074233],[-51.76329479,-27.85058773],[-51.76322651,-27.85045132],[-51.7631682,-27.8503241],[-51.76313,-27.85020622],[-51.76310195,-27.85008851],[-51.76308406,-27.84997096],[-51.7630765,-27.84984455],[-51.76306894,-27.84971815],[-51.76307153,-27.84959191],[-51.76308446,-27.84945682],[-51.76310754,-27.8493219],[-51.76313043,-27.84919599],[-51.76316366,-27.84906123],[-51.76320704,-27.84892663],[-51.76326057,-27.8487922],[-51.76332444,-27.84864891],[-51.76340842,-27.84851498],[-51.76349258,-27.84837202],[-51.7635869,-27.84822923],[-51.76368122,-27.84808643],[-51.76378532,-27.84796184],[-51.76387926,-27.84783708],[-51.76396287,-27.84772118],[-51.76405645,-27.84761445],[-51.76414006,-27.84749855],[-51.76421333,-27.84739149],[-51.76428661,-27.84728444],[-51.76434973,-27.84717722],[-51.7644027,-27.84706984],[-51.76445549,-27.84697148],[-51.76448798,-27.84687278],[-51.76452028,-27.84678311],[-51.76453209,-27.84670212],[-51.76454372,-27.84663014],[-51.7645452,-27.84655801],[-51.76453635,-27.84649473],[-51.76453783,-27.84642259],[-51.76451901,-27.84635013],[-51.7644904,-27.84625946],[-51.76445184,-27.84615962],[-51.76440367,-27.84603256],[-51.76432543,-27.84588697],[-51.76424737,-27.84573237],[-51.76416894,-27.8455958],[-51.76412023,-27.84549579],[-51.7640907,-27.84545021],[-51.76424777,-27.84521823],[-51.76438435,-27.84499495],[-51.76453107,-27.84477182],[-51.76465695,-27.84457542],[-51.76478282,-27.84437902],[-51.76489817,-27.84420049],[-51.76501334,-27.84403097],[-51.76512869,-27.84385244],[-51.76525401,-27.84368309],[-51.76536917,-27.84351357],[-51.76548397,-27.84336209],[-51.76557809,-27.84322831],[-51.76566151,-27.84312142],[-51.76572389,-27.84305027],[-51.76577557,-27.84300601],[-51.76581709,-27.84296158],[-51.7658791,-27.84290846],[-51.76595182,-27.84282846],[-51.76604557,-27.84271271],[-51.76618048,-27.84257058],[-51.76631576,-27.84241041],[-51.76648186,-27.84223269],[-51.76663762,-27.84206383],[-51.76680334,-27.84190415],[-51.76697922,-27.84174464],[-51.76716488,-27.84160332],[-51.76735072,-27.84145298],[-51.76755649,-27.84132101],[-51.76778256,-27.84118937],[-51.76800863,-27.84105772],[-51.76824485,-27.84092624],[-51.76846058,-27.84080344],[-51.76866598,-27.8406895],[-51.76884093,-27.84057507],[-51.76899558,-27.84046031],[-51.76914008,-27.84034538],[-51.76926409,-27.84023915],[-51.76937814,-27.84012373],[-51.76949237,-27.83999929],[-51.76959646,-27.83987469],[-51.76969039,-27.83974993],[-51.7697845,-27.83961615],[-51.76985832,-27.83948204],[-51.76992217,-27.83933875],[-51.76997587,-27.8391953],[-51.77000909,-27.83906054],[-51.7700423,-27.83892577],[-51.77006519,-27.83879986],[-51.7700877,-27.83869199],[-51.77008973,-27.8385928],[-51.77010172,-27.83850279],[-51.77009342,-27.83841246],[-51.77008511,-27.83832212],[-51.77006647,-27.83824064],[-51.77003787,-27.83814998],[-51.76999911,-27.83805915],[-51.76995021,-27.83796816],[-51.76988138,-27.83785881],[-51.76980258,-27.83774028],[-51.76970348,-27.83762142],[-51.76960438,-27.83750256],[-51.7695051,-27.83739271],[-51.76940563,-27.83729189],[-51.76931594,-27.83720926],[-51.76922607,-27.83713565],[-51.76913602,-27.83707105],[-51.76904578,-27.83701547],[-51.76893524,-27.83695957],[-51.7688247,-27.83690366],[-51.76869386,-27.83684743],[-51.76857317,-27.83679136],[-51.76845249,-27.83673529],[-51.76835173,-27.83669758],[-51.76827127,-27.8366602],[-51.76820078,-27.836632],[-51.76814043,-27.83660396],[-51.76806994,-27.83657576],[-51.7679893,-27.8365474],[-51.76788872,-27.83650068],[-51.7677577,-27.83645346],[-51.76761672,-27.83639706],[-51.76745543,-27.83634033],[-51.76727403,-27.83627426],[-51.76709245,-27.8362172],[-51.76690053,-27.836169],[-51.76670861,-27.8361208],[-51.76651651,-27.83608161],[-51.76634471,-27.83604275],[-51.76618268,-27.83602209],[-51.76605111,-27.83600192],[-51.76592931,-27.83599995],[-51.76581785,-27.83598913]]]]},"geometry_name":"geom","properties":{"id_terra_indigena":67,"Codigo":65301,"Nome":"Passo Grande do Rio Forquilha","Etnia":"Kaingang","Municipio":"Cacique Doble,Sananduva","Unidade_Federacao":"RS","Fase":"Declarada","Modalidade":"Tradicionalmente ocupada","Homologacao":"Homologada","dt_ini":"2013-01-01Z","dt_fim":"2029-10-30Z"}},{"type":"Feature","id":"vw_funai_terras_indigenas.fid-5c8cc48d_196abffcb4a_2781","geometry":{"type":"MultiPolygon","coordinates":[[[[-53.39263181,-27.18884482],[-53.39262118,-27.18894404],[-53.39261064,-27.18902522],[-53.39260026,-27.18907932],[-53.39260016,-27.18909737],[-53.39257674,-27.18913189],[-53.39255333,-27.18916641],[-53.39252991,-27.18920093],[-53.39250649,-27.18923544],[-53.39248308,-27.18926996],[-53.39247808,-27.18927733],[-53.39245923,-27.18930425],[-53.39243422,-27.18933787],[-53.39240829,-27.18937095],[-53.39239676,-27.18938527],[-53.3923799,-27.18940213],[-53.39234426,-27.18942749],[-53.39230946,-27.18945333],[-53.39230554,-27.18945707],[-53.3922868,-27.18948845],[-53.39227502,-27.18950206],[-53.39225443,-27.18951577],[-53.39221706,-27.1895385],[-53.39220413,-27.18954687],[-53.39218185,-27.18956367],[-53.39215348,-27.18958275],[-53.39214482,-27.18958665],[-53.39210292,-27.18960058],[-53.39210249,-27.18960075],[-53.39206143,-27.18961752],[-53.39202044,-27.18963448],[-53.39197928,-27.18965109],[-53.39197143,-27.18965416],[-53.39193764,-27.18966667],[-53.39189545,-27.18968113],[-53.39185309,-27.18969527],[-53.39181097,-27.18970986],[-53.39176947,-27.18972571],[-53.39174897,-27.18973441],[-53.39172884,-27.1897433],[-53.39168836,-27.18976118],[-53.39164788,-27.18977906],[-53.3916074,-27.18979694],[-53.39156692,-27.18981482],[-53.39152644,-27.1898327],[-53.39148596,-27.18985058],[-53.39144547,-27.18986846],[-53.39196904,-27.19195538],[-53.39368962,-27.19478748],[-53.39366904,-27.19485959],[-53.39372945,-27.19488692],[-53.39383013,-27.19493248],[-53.39395109,-27.19496008],[-53.39408215,-27.19498772],[-53.39424353,-27.19500646],[-53.39443523,-27.19501631],[-53.39465727,-27.19501727],[-53.39487935,-27.19500921],[-53.39511148,-27.19501021],[-53.39533351,-27.19501117],[-53.3955454,-27.1950211],[-53.39573706,-27.19503998],[-53.39591863,-27.19505881],[-53.39606996,-27.19506849],[-53.39622125,-27.19508719],[-53.39636255,-27.1950878],[-53.39649375,-27.19508836],[-53.39661491,-27.19507986],[-53.39673611,-27.19506233],[-53.39684723,-27.19504476],[-53.3969483,-27.19501812],[-53.39703927,-27.19499144],[-53.39712021,-27.19495569],[-53.39720114,-27.19491994],[-53.39727203,-27.19487512],[-53.39733288,-27.19482124],[-53.39739377,-27.19475833],[-53.39745471,-27.19468639],[-53.39752584,-27.19459646],[-53.39758693,-27.19449745],[-53.39764807,-27.19438942],[-53.3977093,-27.19426334],[-53.39778063,-27.1941373],[-53.397852,-27.19400224],[-53.39792332,-27.19387621],[-53.39800474,-27.19375021],[-53.3980962,-27.19363329],[-53.39818766,-27.19351636],[-53.39829931,-27.19339953],[-53.398421,-27.19329175],[-53.39855273,-27.19319305],[-53.3986946,-27.19308537],[-53.3988667,-27.19298684],[-53.39905894,-27.19289741],[-53.39927141,-27.19279906],[-53.39950396,-27.19271883],[-53.39976679,-27.19263874],[-53.40004986,-27.1925497],[-53.40036315,-27.19246982],[-53.40070682,-27.19237203],[-53.40107067,-27.19227431],[-53.40146484,-27.1921677],[-53.40185896,-27.19207011],[-53.40224304,-27.19196346],[-53.40261698,-27.19186578],[-53.4029505,-27.19177696],[-53.40326384,-27.19168805],[-53.40355699,-27.19159905],[-53.4038401,-27.19150099],[-53.40411311,-27.19140288],[-53.40438622,-27.19128672],[-53.40465943,-27.19115251],[-53.40492259,-27.19100924],[-53.40518584,-27.19084792],[-53.4054491,-27.19068659],[-53.40569226,-27.19050713],[-53.40593543,-27.19032768],[-53.40615846,-27.19013911],[-53.40637139,-27.18995049],[-53.40657419,-27.18977086],[-53.4067567,-27.1896092],[-53.40691903,-27.18944744],[-53.40707122,-27.18929467],[-53.40720313,-27.18915986],[-53.40725392,-27.1890969],[-53.40731486,-27.18902497],[-53.4074164,-27.18890808],[-53.40742658,-27.18889007],[-53.41245045,-27.18927219],[-53.41245021,-27.18931731],[-53.41247921,-27.18956109],[-53.41227349,-27.19030024],[-53.41249518,-27.1903125],[-53.41262662,-27.19031977],[-53.41271583,-27.19031718],[-53.4129283,-27.19026277],[-53.41313655,-27.19017953],[-53.41324317,-27.19014186],[-53.41334617,-27.19010996],[-53.41355542,-27.19004349],[-53.41376411,-27.18997595],[-53.4139728,-27.18990836],[-53.4141821,-27.18984173],[-53.41433495,-27.18979447],[-53.41439296,-27.18977734],[-53.41461157,-27.18972304],[-53.41483571,-27.18968698],[-53.41505993,-27.18967585],[-53.41527875,-27.18969632],[-53.4152942,-27.1896992],[-53.41549145,-27.18974373],[-53.41570194,-27.18980443],[-53.41590992,-27.18987636],[-53.41611506,-27.18995748],[-53.41631701,-27.19004578],[-53.41649294,-27.19012835],[-53.41651543,-27.19013926],[-53.41670922,-27.19023747],[-53.41690157,-27.19033612],[-53.41707677,-27.19041956],[-53.41709756,-27.19042884],[-53.41729626,-27.19051761],[-53.41749495,-27.19060638],[-53.41769365,-27.19069515],[-53.41789235,-27.19078392],[-53.41806859,-27.19088582],[-53.41824484,-27.19098772],[-53.41839545,-27.19107479],[-53.4184211,-27.19108958],[-53.41859841,-27.19119001],[-53.41877687,-27.1912888],[-53.41895585,-27.19138683],[-53.41909989,-27.19146577],[-53.41913489,-27.19148472],[-53.4193179,-27.19157661],[-53.41950374,-27.19166427],[-53.41968823,-27.19175398],[-53.41986717,-27.19185202],[-53.41990516,-27.1918752],[-53.42003759,-27.19196195],[-53.42020211,-27.19207851],[-53.42036439,-27.19219751],[-53.42045822,-27.19226554],[-53.42052525,-27.19231915],[-53.42067494,-27.19245873],[-53.42083866,-27.19257455],[-53.42091064,-27.19260131],[-53.42103579,-27.19263501],[-53.42123676,-27.19268911],[-53.42143772,-27.19274322],[-53.42163869,-27.19279732],[-53.42183966,-27.19285142],[-53.42204063,-27.19290553],[-53.4222416,-27.19295963],[-53.42244257,-27.19301373],[-53.42550071,-27.19495753],[-53.42491035,-27.19789709],[-53.42712057,-27.19594783],[-53.42728175,-27.19581487],[-53.4274145,-27.19570537],[-53.42744252,-27.19568144],[-53.42758512,-27.19552952],[-53.42769758,-27.19535564],[-53.42777643,-27.19516765],[-53.4278116,-27.19502113],[-53.42781867,-27.19497333],[-53.4278351,-27.19477756],[-53.42784135,-27.19458134],[-53.42785043,-27.1943855],[-53.42786603,-27.19424525],[-53.42787433,-27.1941908],[-53.42790395,-27.19399651],[-53.42793357,-27.19380223],[-53.4279632,-27.19360794],[-53.42799282,-27.19341366],[-53.42802244,-27.19321937],[-53.42805206,-27.19302509],[-53.42808168,-27.1928308],[-53.4281113,-27.19263652],[-53.42814093,-27.19244223],[-53.42817055,-27.19224795],[-53.42820017,-27.19205366],[-53.42820035,-27.19201757],[-53.42821086,-27.19193639],[-53.42822164,-27.19180107],[-53.42822247,-27.19163863],[-53.42823348,-27.19145818],[-53.42822436,-27.19126863],[-53.42822532,-27.19107912],[-53.4282162,-27.19088957],[-53.42821712,-27.19070909],[-53.42821785,-27.1905647],[-53.42821854,-27.19042933],[-53.42823923,-27.19033015],[-53.42824979,-27.19023995],[-53.42827038,-27.19015881],[-53.42828084,-27.19008666],[-53.42829135,-27.19000548],[-53.42829176,-27.18992426],[-53.42830227,-27.18984308],[-53.42830268,-27.18976187],[-53.4283031,-27.18968065],[-53.42831365,-27.18959045],[-53.42832416,-27.18950927],[-53.42832462,-27.18941902],[-53.42832503,-27.18933781],[-53.42831535,-27.18925655],[-53.42829558,-27.18917525],[-53.42827581,-27.18909394],[-53.42823581,-27.18902159],[-53.42820591,-27.18894927],[-53.42818614,-27.18886797],[-53.42816632,-27.18879569],[-53.4281466,-27.18870537],[-53.42813697,-27.18861508],[-53.42811729,-27.18851573],[-53.42809766,-27.18840736],[-53.42806807,-27.18827187],[-53.4280284,-27.18813634],[-53.42797872,-27.18798272],[-53.42790881,-27.18783805],[-53.42782886,-27.1876843],[-53.42773877,-27.18753954],[-53.42763859,-27.18739474],[-53.42751827,-27.18724084],[-53.42738791,-27.18707786],[-53.42725764,-27.18689684],[-53.42711742,-27.18668871],[-53.42696719,-27.18646248],[-53.42682706,-27.1862363],[-53.4266768,-27.18601909],[-53.42653653,-27.18581998],[-53.42640617,-27.18565701],[-53.42628576,-27.18552115],[-53.4261754,-27.18539435],[-53.4260649,-27.18529463],[-53.42595445,-27.18518589],[-53.42585404,-27.18508621],[-53.42576373,-27.18498657],[-53.42567341,-27.18488693],[-53.42559319,-27.18478733],[-53.42552301,-27.1846968],[-53.42546292,-27.18460631],[-53.42541293,-27.18451586],[-53.42536289,-27.18443443],[-53.4253128,-27.18436203],[-53.4252728,-27.18428967],[-53.42521262,-27.18421723],[-53.42516249,-27.18415385],[-53.42510227,-27.18409043],[-53.42504209,-27.18401799],[-53.42497182,-27.18394551],[-53.42491169,-27.18386404],[-53.42483142,-27.18377347],[-53.4247511,-27.18369192],[-53.4246607,-27.18361033],[-53.42461038,-27.18358305],[-53.42866958,-27.1771742],[-53.42661239,-27.17492774],[-53.4155507,-27.16565003],[-53.40837811,-27.16729853],[-53.40833772,-27.16738172],[-53.40829734,-27.16746492],[-53.40825695,-27.16754811],[-53.40822509,-27.16761374],[-53.40821665,-27.16763134],[-53.4081787,-27.16771543],[-53.40814253,-27.16780019],[-53.40810613,-27.16788486],[-53.40810254,-27.16789298],[-53.40806936,-27.16796943],[-53.40803312,-27.16805421],[-53.40799573,-27.16813854],[-53.40795546,-27.16822178],[-53.40792901,-27.16827128],[-53.40791094,-27.16830335],[-53.40786426,-27.16838392],[-53.40781645,-27.16846391],[-53.40776792,-27.16854353],[-53.40771908,-27.16862299],[-53.40767034,-27.16870251],[-53.40766433,-27.16871236],[-53.40762184,-27.16878216],[-53.40757334,-27.16886181],[-53.40752484,-27.16894147],[-53.40747634,-27.16902112],[-53.40742784,-27.16910077],[-53.40737934,-27.16918043],[-53.40735443,-27.16924647],[-53.40732905,-27.16931275],[-53.40731794,-27.16934261],[-53.40730467,-27.16937925],[-53.40728091,-27.16944585],[-53.40725687,-27.16951235],[-53.40724626,-27.16954084],[-53.40723046,-27.16957806],[-53.40719715,-27.16964129],[-53.40716057,-27.16970335],[-53.40712524,-27.16976585],[-53.40710356,-27.16981098],[-53.4070955,-27.16983038],[-53.40707112,-27.16989679],[-53.4070488,-27.1699639],[-53.40702558,-27.17003072],[-53.40700119,-27.1700903],[-53.40699848,-27.17009623],[-53.40696813,-27.17016062],[-53.40693694,-27.17022471],[-53.4069058,-27.17028886],[-53.40688895,-27.17032446],[-53.40687533,-27.17035327],[-53.40684458,-27.17041749],[-53.40681537,-27.17048227],[-53.40679009,-27.1705486],[-53.40678681,-27.17055867],[-53.40677178,-27.17061683],[-53.40676011,-27.17068596],[-53.40675082,-27.17075539],[-53.40674521,-27.17079313],[-53.40674025,-27.17082463],[-53.40673042,-27.17089396],[-53.40672167,-27.17096345],[-53.40671358,-27.17103303],[-53.40670574,-27.17110264],[-53.40669773,-27.17117221],[-53.40668911,-27.1712417],[-53.40667947,-27.17131104],[-53.40667157,-27.17136136],[-53.40666215,-27.17137805],[-53.40662079,-27.17142432],[-53.40662073,-27.17143563],[-53.40662036,-27.17150554],[-53.40649822,-27.17170356],[-53.40648751,-27.17182083],[-53.40646681,-27.17192001],[-53.40645619,-27.17201924],[-53.40643558,-27.17210037],[-53.40641507,-27.17216345],[-53.4063946,-27.17221751],[-53.40638436,-27.17224454],[-53.40636409,-27.17226251],[-53.4063539,-27.17228051],[-53.40635385,-27.17228954],[-53.40634367,-27.17230754],[-53.40634357,-27.17232559],[-53.40633334,-27.17235262],[-53.40632311,-27.17237965],[-53.40630278,-27.17240664],[-53.40628246,-27.17243363],[-53.406252,-27.1724696],[-53.40622149,-27.17251459],[-53.40618093,-27.17255052],[-53.40615042,-27.17259551],[-53.40611996,-27.17263148],[-53.40609954,-27.17267651],[-53.40606903,-27.17272151],[-53.40604861,-27.17276654],[-53.40600801,-27.17281149],[-53.40596741,-27.17285644],[-53.40592671,-27.17291944],[-53.40586584,-27.17298236],[-53.40581491,-27.17307239],[-53.40575384,-27.1731714],[-53.40570267,-27.17330655],[-53.40565145,-27.17345072],[-53.40560014,-27.17361294],[-53.40554887,-27.17376614],[-53.40549761,-27.17391934],[-53.40544649,-27.17404547],[-53.40540545,-27.17417164],[-53.40535448,-27.17427069],[-53.4053035,-27.17436974],[-53.40525257,-27.17445977],[-53.40519159,-27.17454073],[-53.40514071,-27.17462174],[-53.40508992,-27.17468469],[-53.40503913,-27.17474765],[-53.40499858,-27.17478358],[-53.40496812,-27.17481954],[-53.40494784,-27.17483751],[-53.40492756,-27.17485547],[-53.40491742,-27.17486445],[-53.40490728,-27.17487343],[-53.40489705,-27.17490046],[-53.40488686,-27.17491847],[-53.40486649,-27.17495448],[-53.40484612,-27.17499049],[-53.40481566,-27.17502646],[-53.40477505,-27.17507141],[-53.40472431,-27.17512534],[-53.40467362,-27.17517025],[-53.40461284,-27.17521511],[-53.40456219,-27.175251],[-53.40450146,-27.17528684],[-53.40445081,-27.17532272],[-53.40441031,-27.17534962],[-53.40435971,-27.17537648],[-53.40431915,-27.17541241],[-53.4042786,-27.17544833],[-53.404238,-27.17549328],[-53.40420749,-27.17553827],[-53.40417697,-27.17558327],[-53.40413637,-27.17562822],[-53.40410591,-27.17566419],[-53.40407544,-27.17570015],[-53.40403484,-27.1757451],[-53.40400428,-27.17579912],[-53.40396354,-27.17587114],[-53.40392265,-27.17597024],[-53.40388171,-27.17607836],[-53.40383058,-27.17620448],[-53.40377946,-27.17633061],[-53.40372828,-27.17646576],[-53.40366707,-27.17659184],[-53.40360585,-27.17671792],[-53.40352445,-27.17684392],[-53.40342287,-27.17696983],[-53.40330111,-27.17709565],[-53.40315917,-27.17722139],[-53.40298691,-27.17735603],[-53.40281469,-27.17748164],[-53.40265261,-27.17759826],[-53.40249053,-27.17771489],[-53.40235882,-27.1778136],[-53.40223725,-27.17790333],[-53.40211563,-27.17800208],[-53.40200405,-27.1781099],[-53.40187225,-27.17822665],[-53.4017302,-27.17837044],[-53.40158811,-27.17852325],[-53.40143593,-27.17867601],[-53.40128379,-27.17881976],[-53.4011418,-27.17895452],[-53.40102013,-27.17906229],[-53.4009086,-27.17916108],[-53.40080725,-27.17924187],[-53.4007159,-27.17934075],[-53.40066535,-27.17935858],[-53.40052384,-27.1794031],[-53.40034186,-27.17946549],[-53.40013965,-27.17953682],[-53.39996777,-27.17959926],[-53.39983634,-27.17964382],[-53.39974533,-27.17967953],[-53.39966446,-27.17970626],[-53.39959368,-27.17973303],[-53.39950271,-27.17975971],[-53.39937129,-27.17980427],[-53.39921958,-27.17986679],[-53.39903761,-27.17992918],[-53.3988354,-27.18000051],[-53.39861291,-27.1800898],[-53.39837019,-27.18018803],[-53.39812747,-27.18028626],[-53.3978948,-27.18039355],[-53.39766212,-27.18050085],[-53.39743953,-27.18060819],[-53.39724717,-27.18072468],[-53.39707499,-27.18084126],[-53.39692299,-27.18095792],[-53.39678109,-27.18107463],[-53.39664922,-27.1812004],[-53.39652745,-27.18132622],[-53.39640567,-27.18145204],[-53.39630403,-27.18158697],[-53.39620249,-27.18170385],[-53.39611109,-27.18181175],[-53.39601978,-27.1819016],[-53.39593861,-27.18198247],[-53.39585749,-27.18205432],[-53.39576633,-27.1821171],[-53.39566513,-27.18217081],[-53.39555383,-27.18222447],[-53.39542235,-27.18227805],[-53.39529087,-27.18233163],[-53.39516953,-27.18237623],[-53.39505829,-27.18242088],[-53.39495708,-27.18247459],[-53.39487601,-27.18253741],[-53.39479489,-27.18260925],[-53.39470349,-27.18271715],[-53.39461188,-27.18286115],[-53.3944999,-27.18304115],[-53.3943676,-27.18324815],[-53.39424528,-27.18347323],[-53.39413316,-27.18368031],[-53.39405145,-27.18386044],[-53.39398008,-27.1839955],[-53.39393918,-27.18409459],[-53.3939185,-27.18418475],[-53.39388769,-27.18428388],[-53.39385683,-27.18439204],[-53.3938056,-27.18453621],[-53.39375416,-27.18471648],[-53.39368255,-27.18489666],[-53.39361083,-27.18509489],[-53.39353912,-27.18529312],[-53.39346745,-27.18548232],[-53.39340593,-27.18566254],[-53.3933444,-27.18584276],[-53.39327278,-27.18602294],[-53.39320112,-27.18621215],[-53.3931294,-27.18641037],[-53.39305769,-27.1866086],[-53.39299606,-27.18680687],[-53.39293453,-27.1869871],[-53.39288315,-27.18715834],[-53.39284205,-27.18729353],[-53.39281109,-27.18741973],[-53.39279032,-27.18752794],[-53.39277969,-27.18762716],[-53.39275907,-27.18770829],[-53.39273839,-27.18779845],[-53.39271772,-27.1878886],[-53.39269705,-27.18797876],[-53.39267633,-27.18807794],[-53.3926657,-27.18817716],[-53.39265502,-27.18828541],[-53.39265443,-27.1883937],[-53.39264371,-27.18851097],[-53.39264312,-27.18861926],[-53.39264248,-27.18873657],[-53.39263181,-27.18884482]]]]},"geometry_name":"geom","properties":{"id_terra_indigena":84,"Codigo":39101,"Nome":"Rio dos Índios","Etnia":"Kaingang","Municipio":"Vicente Dutra","Unidade_Federacao":"RS","Fase":"Declarada","Modalidade":"Tradicionalmente ocupada","Homologacao":"Homologada","dt_ini":"2013-01-01Z","dt_fim":"2029-10-30Z"}},{"type":"Feature","id":"vw_funai_terras_indigenas.fid-5c8cc48d_196abffcb4a_2782","geometry":{"type":"MultiPolygon","coordinates":[[[[-52.86733831,-27.63826395],[-52.8674499,-27.63858125],[-52.8674426,-27.63883375],[-52.86736363,-27.63908783],[-52.86711915,-27.63921216],[-52.86678762,-27.63925966],[-52.86645496,-27.6392027],[-52.86600763,-27.63923149],[-52.86575824,-27.63948929],[-52.86549272,-27.63986073],[-52.86536414,-27.64032108],[-52.86537646,-27.64078493],[-52.86541971,-27.64120777],[-52.86536211,-27.6416078],[-52.86535093,-27.6420171],[-52.86511316,-27.64212143],[-52.86470028,-27.6420823],[-52.86428363,-27.64204282],[-52.86379453,-27.64201814],[-52.86348758,-27.64188535],[-52.86300404,-27.64184924],[-52.86267929,-27.64175891],[-52.86234735,-27.6417178],[-52.86190047,-27.64175144],[-52.86153329,-27.64197809],[-52.86130269,-27.64227007],[-52.86098229,-27.64265526],[-52.86087797,-27.64290945],[-52.86076905,-27.64317485],[-52.86057671,-27.64347438],[-52.86027487,-27.64363313],[-52.85996488,-27.64374369],[-52.85962819,-27.6439457],[-52.85923179,-27.64409089],[-52.85892713,-27.64422668],[-52.85871026,-27.64433031],[-52.85864413,-27.64458622],[-52.85847257,-27.64477793],[-52.85832653,-27.64513986],[-52.85824684,-27.64546703],[-52.85825447,-27.64586852],[-52.85814353,-27.64609218],[-52.8580816,-27.64641636],[-52.85783562,-27.64674255],[-52.85745656,-27.64691034],[-52.85704938,-27.64708231],[-52.85664768,-27.64717555],[-52.85632974,-27.64722255],[-52.85599308,-27.64739121],[-52.85572699,-27.64756579],[-52.85536323,-27.64778009],[-52.85497112,-27.64771155],[-52.85457301,-27.64744433],[-52.85429939,-27.64741135],[-52.85413752,-27.64764661],[-52.85422219,-27.64793372],[-52.85410779,-27.64812918],[-52.85380383,-27.64819062],[-52.8536481,-27.6484448],[-52.85332677,-27.64841056],[-52.85331502,-27.64873878],[-52.85325375,-27.64902262],[-52.85280779,-27.64913904],[-52.85230393,-27.64920617],[-52.85199014,-27.64900997],[-52.85174891,-27.6487663],[-52.85121573,-27.64874781],[-52.85093939,-27.64848825],[-52.850426,-27.64834466],[-52.84988544,-27.64847586],[-52.84940723,-27.64866661],[-52.84907697,-27.64869298],[-52.84881249,-27.64893507],[-52.84857893,-27.64938266],[-52.84822222,-27.64953361],[-52.84774058,-27.64959653],[-52.84748528,-27.64966783],[-52.84723756,-27.64974817],[-52.84692692,-27.64980604],[-52.84655067,-27.64999868],[-52.84663905,-27.65040398],[-52.84646819,-27.65066152],[-52.84618461,-27.6508844],[-52.84613793,-27.65097282],[-52.8460883,-27.65109513],[-52.8460472,-27.65123508],[-52.8460132,-27.65137925],[-52.84603089,-27.65156017],[-52.84576017,-27.65157553],[-52.84171478,-27.65180472],[-52.83611063,-27.652122],[-52.82931626,-27.65244027],[-52.8233477,-27.65271708],[-52.81858545,-27.65066714],[-52.81601676,-27.64951299],[-52.81081509,-27.64722166],[-52.80444701,-27.64439569],[-52.80381063,-27.64411534],[-52.8031641,-27.64379807],[-52.80220904,-27.64402442],[-52.80166049,-27.644146],[-52.80105113,-27.64426706],[-52.80029922,-27.64445004],[-52.79979965,-27.64472543],[-52.7993417,-27.64490193],[-52.79880189,-27.6451499],[-52.79824141,-27.64543378],[-52.79684659,-27.64651363],[-52.79637139,-27.64667718],[-52.79614893,-27.64674697],[-52.79593683,-27.64682921],[-52.79580698,-27.64694175],[-52.79571608,-27.64699802],[-52.79555592,-27.64706295],[-52.79537845,-27.64706728],[-52.79495425,-27.64721445],[-52.79466856,-27.64718848],[-52.79446945,-27.64719714],[-52.79424436,-27.64723177],[-52.79406256,-27.64734431],[-52.79382882,-27.64752611],[-52.79363836,-27.64764731],[-52.79343925,-27.64775985],[-52.79316222,-27.64782045],[-52.79291982,-27.64788971],[-52.79263414,-27.64795896],[-52.79239174,-27.64793299],[-52.79221859,-27.64796762],[-52.79216232,-27.64801956],[-52.79213202,-27.64808016],[-52.79216665,-27.64827928],[-52.79223591,-27.64834421],[-52.79233979,-27.64846108],[-52.79244801,-27.64856929],[-52.79247831,-27.64868184],[-52.79247831,-27.64880304],[-52.79240905,-27.64889826],[-52.79227054,-27.64901946],[-52.79218829,-27.64910171],[-52.79214068,-27.64924022],[-52.79209739,-27.64937874],[-52.79204545,-27.64945665],[-52.79205411,-27.64962114],[-52.79199351,-27.64975965],[-52.79194157,-27.64993279],[-52.7917338,-27.65010593],[-52.79158662,-27.65023579],[-52.79137885,-27.65035699],[-52.79120571,-27.65045222],[-52.79108451,-27.65046088],[-52.79098928,-27.65053013],[-52.79092868,-27.65066865],[-52.79085942,-27.65082448],[-52.79086286,-27.65108648],[-52.79094614,-27.65149991],[-52.79082973,-27.65192559],[-52.79084123,-27.65206082],[-52.79093621,-27.6523484],[-52.79113217,-27.65261663],[-52.79124616,-27.65269932],[-52.79121437,-27.65304936],[-52.79111914,-27.65323982],[-52.79108451,-27.65342162],[-52.79116242,-27.65362939],[-52.79138751,-27.6537679],[-52.79172514,-27.65396702],[-52.79209739,-27.65397567],[-52.79238308,-27.65387179],[-52.79250428,-27.6537073],[-52.79266877,-27.65351685],[-52.79284191,-27.65341296],[-52.79323571,-27.65330209],[-52.793967,-27.65307611],[-52.79405868,-27.65303524],[-52.79487599,-27.65257909],[-52.79504768,-27.65254191],[-52.79543244,-27.65251814],[-52.79576389,-27.65242005],[-52.79632768,-27.65210176],[-52.79663788,-27.65197678],[-52.79678989,-27.65185562],[-52.79696428,-27.65156641],[-52.79700057,-27.65135471],[-52.79711359,-27.65123205],[-52.79716943,-27.65120267],[-52.79724411,-27.65117783],[-52.79734863,-27.65117408],[-52.79745552,-27.65115121],[-52.79756948,-27.65106854],[-52.79765542,-27.65091221],[-52.79774286,-27.65068422],[-52.79778999,-27.65061436],[-52.79787776,-27.65057024],[-52.79798492,-27.65056407],[-52.79808976,-27.65057943],[-52.79817101,-27.65062852],[-52.79828001,-27.65073456],[-52.79838226,-27.65091949],[-52.79849482,-27.65143826],[-52.79855192,-27.65164509],[-52.7986194,-27.6517555],[-52.79875422,-27.65197789],[-52.79884395,-27.65213493],[-52.79890881,-27.65230833],[-52.79902698,-27.65280318],[-52.79904575,-27.65328795],[-52.7991793,-27.65381203],[-52.79925563,-27.65393963],[-52.79930759,-27.65400104],[-52.79941992,-27.65408975],[-52.79980436,-27.65429493],[-52.79983184,-27.65432735],[-52.79989642,-27.65440573],[-52.79998623,-27.65455727],[-52.80017053,-27.65475696],[-52.80024162,-27.6548679],[-52.80040948,-27.65516182],[-52.80049488,-27.65526769],[-52.80054034,-27.65529194],[-52.80058986,-27.65530276],[-52.80064771,-27.65529818],[-52.80068821,-27.65528237],[-52.80073278,-27.65525314],[-52.80084345,-27.65509906],[-52.80092533,-27.65475504],[-52.80094433,-27.65429409],[-52.80094274,-27.65418827],[-52.80097618,-27.65413434],[-52.80103804,-27.65411252],[-52.8010788,-27.65411199],[-52.80116046,-27.65412048],[-52.80124622,-27.65411746],[-52.80130404,-27.65411098],[-52.80144473,-27.65405566],[-52.80153435,-27.65402584],[-52.80160071,-27.65401733],[-52.80166077,-27.65401655],[-52.80172975,-27.65403667],[-52.80177929,-27.65404844],[-52.80192442,-27.65404757],[-52.80200364,-27.65400934],[-52.80210591,-27.65390209],[-52.80215939,-27.65357364],[-52.80215983,-27.65349332],[-52.80216574,-27.65346077],[-52.80218264,-27.65344526],[-52.80221267,-27.65344487],[-52.80224497,-27.6534521],[-52.80233063,-27.65350855],[-52.80260536,-27.65364215],[-52.80291369,-27.65383444],[-52.80318978,-27.65405885],[-52.80330339,-27.65411165],[-52.80354701,-27.65413405],[-52.80378573,-27.65407318],[-52.80387847,-27.65402878],[-52.8039103,-27.65400735],[-52.80394812,-27.6539591],[-52.80400071,-27.65389537],[-52.80407487,-27.65383901],[-52.80414316,-27.65381711],[-52.80420549,-27.65382394],[-52.8043562,-27.65385636],[-52.80450466,-27.65388308],[-52.80479255,-27.65390542],[-52.80492331,-27.65390287],[-52.80504735,-27.65387793],[-52.8051071,-27.65385804],[-52.80515391,-27.65383451],[-52.80519671,-27.65382822],[-52.80523119,-27.65383732],[-52.80524872,-27.65386002],[-52.80525131,-27.65388673],[-52.80524973,-27.65392114],[-52.80525707,-27.65397644],[-52.80528419,-27.65404363],[-52.80542073,-27.65414433],[-52.80550072,-27.65418149],[-52.80572849,-27.65423133],[-52.80598157,-27.65425733],[-52.80629184,-27.65441117],[-52.80637041,-27.65448152],[-52.80654381,-27.65454858],[-52.80662491,-27.65454939],[-52.80684863,-27.65448105],[-52.8069937,-27.65437522],[-52.80707634,-27.65425982],[-52.80730755,-27.65414903],[-52.80760061,-27.65409655],[-52.80772155,-27.65407422],[-52.80781148,-27.65406349],[-52.80785851,-27.65405333],[-52.80792674,-27.65402761],[-52.80799487,-27.65399615],[-52.80803518,-27.65396888],[-52.80808644,-27.65395484],[-52.80815082,-27.65395591],[-52.80821759,-27.65397223],[-52.8082756,-27.65397721],[-52.80834616,-27.65396291],[-52.80840155,-27.65393927],[-52.80844439,-27.65393489],[-52.80848754,-27.65394961],[-52.80850984,-27.65400089],[-52.8085238,-27.65406757],[-52.80853856,-27.654182],[-52.80855779,-27.65430783],[-52.80864904,-27.65450723],[-52.80876371,-27.65469676],[-52.80894606,-27.6548262],[-52.80908145,-27.65490562],[-52.80925585,-27.65498687],[-52.80933286,-27.65499499],[-52.80955612,-27.65500353],[-52.80970378,-27.65502276],[-52.81004721,-27.65492644],[-52.81031422,-27.65485609],[-52.81046437,-27.65485413],[-52.81072254,-27.65489851],[-52.81091598,-27.65491986],[-52.81091117,-27.65495336],[-52.81080534,-27.6550407],[-52.81063019,-27.65515284],[-52.81037043,-27.65533771],[-52.81020135,-27.65549275],[-52.81004445,-27.65567413],[-52.80979757,-27.65583472],[-52.80965929,-27.65590577],[-52.80946723,-27.65596798],[-52.80913962,-27.65604492],[-52.80867257,-27.65620058],[-52.80846349,-27.65630216],[-52.80831872,-27.65641279],[-52.80825839,-27.65649477],[-52.80819053,-27.65660789],[-52.80814267,-27.65678703],[-52.80817411,-27.65691376],[-52.80821893,-27.65703018],[-52.80828493,-27.65712961],[-52.80841808,-27.65723533],[-52.80857749,-27.65730727],[-52.80886823,-27.65737512],[-52.80913532,-27.65743246],[-52.80949977,-27.6574055],[-52.80981591,-27.65747239],[-52.81006349,-27.65763924],[-52.81022631,-27.65782437],[-52.81073854,-27.6581652],[-52.81090154,-27.65822015],[-52.81101198,-27.65824975],[-52.81114139,-27.65829104],[-52.81117447,-27.65834553],[-52.81115948,-27.65841258],[-52.8111234,-27.65850141],[-52.81111709,-27.65860656],[-52.81110471,-27.65866881],[-52.81103539,-27.65869359],[-52.81088524,-27.65869555],[-52.81071652,-27.6587097],[-52.81046508,-27.65877895],[-52.81013308,-27.65893294],[-52.80990253,-27.65908915],[-52.80969319,-27.65928899],[-52.80957281,-27.65949621],[-52.80953256,-27.65960917],[-52.80952383,-27.65976259],[-52.80952792,-27.66006711],[-52.8096346,-27.6604177],[-52.80984616,-27.66074887],[-52.81023821,-27.66116793],[-52.81029154,-27.66134773],[-52.81029744,-27.66152812],[-52.81034456,-27.66162682],[-52.81040877,-27.66171623],[-52.81064869,-27.66191165],[-52.81067661,-27.66225623],[-52.81064543,-27.66243515],[-52.81066175,-27.66254324],[-52.81075965,-27.66274052],[-52.81074855,-27.66286701],[-52.81071815,-27.66293342],[-52.81067748,-27.66305817],[-52.81066616,-27.66313497],[-52.81068566,-27.66332914],[-52.8107066,-27.66340614],[-52.81074586,-27.66347029],[-52.8107985,-27.6635234],[-52.81101249,-27.66365708],[-52.81104026,-27.66368259],[-52.81105822,-27.66371459],[-52.81105876,-27.66374682],[-52.81104476,-27.66379238],[-52.81103651,-27.66386173],[-52.8110467,-27.66391055],[-52.81108286,-27.66398888],[-52.81121006,-27.66421827],[-52.81126133,-27.66430048],[-52.81131337,-27.66436616],[-52.81148216,-27.66452521],[-52.81193647,-27.664825],[-52.81226788,-27.66496011],[-52.81242416,-27.66500463],[-52.8125546,-27.66502681],[-52.81267943,-27.66503353],[-52.81284496,-27.66503539],[-52.81294846,-27.66492785],[-52.81303636,-27.66486477],[-52.81311361,-27.66483271],[-52.81326071,-27.6648081],[-52.81339097,-27.66481953],[-52.81350416,-27.66485268],[-52.81381928,-27.66493332],[-52.81404736,-27.66510226],[-52.81451534,-27.6651821],[-52.81554309,-27.66505402],[-52.81597771,-27.66506265],[-52.81620366,-27.66510267],[-52.81622188,-27.66523138],[-52.81611305,-27.66546204],[-52.81602055,-27.66570682],[-52.81571747,-27.6658684],[-52.8155431,-27.66602828],[-52.81546716,-27.6663015],[-52.81547237,-27.66661664],[-52.81552442,-27.66684519],[-52.81549698,-27.6671321],[-52.81532238,-27.66727766],[-52.81506567,-27.66732401],[-52.81477631,-27.66734213],[-52.81453262,-27.66720204],[-52.81425722,-27.66709103],[-52.81390161,-27.6669954],[-52.81331308,-27.6669243],[-52.81296014,-27.6668635],[-52.81220742,-27.66655961],[-52.81175926,-27.66623773],[-52.81154003,-27.66595405],[-52.81139581,-27.66574699],[-52.81113053,-27.66551764],[-52.81064041,-27.66518898],[-52.81051288,-27.6649549],[-52.80984655,-27.66414906],[-52.80981998,-27.66399827],[-52.80984243,-27.66387234],[-52.80984333,-27.66374277],[-52.80983285,-27.66365514],[-52.80974664,-27.66336746],[-52.80969865,-27.66324048],[-52.80953603,-27.66300018],[-52.80942001,-27.66260459],[-52.80921552,-27.66214698],[-52.80912479,-27.66185936],[-52.80900827,-27.6616533],[-52.80860419,-27.66118024],[-52.80857092,-27.66106867],[-52.80842929,-27.66084859],[-52.80778211,-27.65996919],[-52.80762052,-27.65983028],[-52.80729814,-27.65957701],[-52.80716285,-27.65950415],[-52.80701051,-27.6594136],[-52.80691859,-27.65932824],[-52.8068595,-27.65920066],[-52.80683787,-27.65910841],[-52.80685306,-27.6590127],[-52.80695741,-27.65883523],[-52.80702174,-27.65867022],[-52.8070395,-27.65852671],[-52.8070264,-27.65834182],[-52.80699213,-27.65818672],[-52.80673822,-27.65788332],[-52.80664061,-27.65783044],[-52.80642387,-27.65761666],[-52.80595225,-27.65679034],[-52.80563281,-27.65656334],[-52.80538392,-27.65631254],[-52.8050085,-27.65601833],[-52.80453883,-27.65589628],[-52.80430618,-27.65592485],[-52.80387403,-27.65608939],[-52.80371597,-27.65625303],[-52.80367011,-27.65639803],[-52.80369359,-27.65658725],[-52.80390789,-27.65705377],[-52.80429873,-27.65760825],[-52.80450422,-27.65814708],[-52.80488444,-27.6588822],[-52.80511423,-27.65916801],[-52.80565425,-27.65957613],[-52.80578267,-27.6597669],[-52.80596254,-27.66009557],[-52.80622434,-27.6608172],[-52.80644871,-27.66125126],[-52.80669686,-27.66166353],[-52.80690561,-27.66212645],[-52.80700862,-27.66251911],[-52.80704469,-27.66275504],[-52.8069453,-27.66307154],[-52.80668456,-27.66336149],[-52.80651312,-27.66370042],[-52.80620925,-27.66332471],[-52.80573716,-27.66299417],[-52.80520249,-27.66277189],[-52.80484632,-27.66264042],[-52.80444047,-27.66242363],[-52.80411377,-27.66212701],[-52.80383522,-27.66182259],[-52.80348606,-27.66128305],[-52.80316926,-27.66049296],[-52.80299096,-27.65965594],[-52.80283357,-27.65945038],[-52.80269441,-27.65914536],[-52.80262,-27.65889514],[-52.8023577,-27.65853112],[-52.80167288,-27.65805757],[-52.8015513,-27.65790362],[-52.80139634,-27.65778221],[-52.80024481,-27.65734869],[-52.79988286,-27.65723725],[-52.79966474,-27.65720624],[-52.79939939,-27.65709545],[-52.79924706,-27.65707778],[-52.79906543,-27.65712727],[-52.79889589,-27.65729041],[-52.79881904,-27.65748093],[-52.79880461,-27.65813996],[-52.79884605,-27.65836505],[-52.79884736,-27.65865384],[-52.79882447,-27.65880757],[-52.79874128,-27.65898915],[-52.79872515,-27.65926914],[-52.79879542,-27.6597833],[-52.79874931,-27.66001029],[-52.79862705,-27.66035248],[-52.79857053,-27.66058603],[-52.79844276,-27.66095149],[-52.79817781,-27.66137009],[-52.79809326,-27.66143553],[-52.79745218,-27.6613631],[-52.79712494,-27.66118711],[-52.79693725,-27.66071612],[-52.79667818,-27.66024334],[-52.79650154,-27.65961387],[-52.79644132,-27.65953136],[-52.79634273,-27.65922175],[-52.79608082,-27.65861752],[-52.7951902,-27.65733846],[-52.79481309,-27.6565762],[-52.79451607,-27.65624612],[-52.79414557,-27.65572871],[-52.79395286,-27.65552499],[-52.79384479,-27.65547624],[-52.79373467,-27.65546572],[-52.79356051,-27.65547514],[-52.7933921,-27.65550837],[-52.7931214,-27.65561403],[-52.79271936,-27.6558217],[-52.7920491,-27.65599459],[-52.79180629,-27.65610483],[-52.79165966,-27.65622892],[-52.79155267,-27.65640143],[-52.79135543,-27.6570361],[-52.79127744,-27.65784938],[-52.79123751,-27.65804149],[-52.79108588,-27.65838184],[-52.79092973,-27.65855784],[-52.79073932,-27.6587117],[-52.79022383,-27.65895283],[-52.78996963,-27.65910661],[-52.78981143,-27.65921887],[-52.78969933,-27.6593621],[-52.78962997,-27.65960351],[-52.78967983,-27.65982597],[-52.78973758,-27.65991358],[-52.78984654,-27.66001724],[-52.78994175,-27.66009959],[-52.79002922,-27.66020114],[-52.79006035,-27.66030103],[-52.79005957,-27.66041805],[-52.79002923,-27.66053067],[-52.79001252,-27.66065745],[-52.78999212,-27.66088695],[-52.7899584,-27.6611214],[-52.78988329,-27.66144952],[-52.78982259,-27.66167477],[-52.78978692,-27.66178985],[-52.78971141,-27.66192933],[-52.78961312,-27.66202248],[-52.78935674,-27.66230399],[-52.78921077,-27.66251504],[-52.78900771,-27.66287395],[-52.7888532,-27.66308184],[-52.78878795,-27.66319252],[-52.78870536,-27.66328854],[-52.7885403,-27.66346556],[-52.78844019,-27.66357669],[-52.78836446,-27.66370184],[-52.78829214,-27.66387232],[-52.78828036,-27.66397276],[-52.78828549,-27.66412314],[-52.78831153,-27.66423981],[-52.78842713,-27.66452289],[-52.78857079,-27.66479766],[-52.78866481,-27.66510269],[-52.78878267,-27.66527326],[-52.7888954,-27.66556964],[-52.78892023,-27.66580397],[-52.78897024,-27.66594773],[-52.78902797,-27.66603365],[-52.78923749,-27.66618796],[-52.78944878,-27.66630382],[-52.78951768,-27.66633516],[-52.78946266,-27.66641468],[-52.78942355,-27.66648324],[-52.78936012,-27.66654137],[-52.78920786,-27.66657915],[-52.78907985,-27.66662379],[-52.7889923,-27.66668223],[-52.78889734,-27.66678017],[-52.78869768,-27.66695396],[-52.78855918,-27.66709544],[-52.78848899,-27.66723246],[-52.78845513,-27.66737617],[-52.78846999,-27.66754791],[-52.78845723,-27.66775224],[-52.78842348,-27.66790312],[-52.78840139,-27.66804985],[-52.78803679,-27.66856806],[-52.78786267,-27.66901255],[-52.78779277,-27.66947374],[-52.7877826,-27.66979877],[-52.78780665,-27.67030388],[-52.78786783,-27.67059189],[-52.78785023,-27.67074737],[-52.78781636,-27.67089108],[-52.78777824,-27.67102052],[-52.78777136,-27.67109225],[-52.78778057,-27.67116377],[-52.78780995,-27.67123861],[-52.78783962,-27.67133136],[-52.7878493,-27.67143152],[-52.78782248,-27.67151425],[-52.7878001,-27.671622],[-52.78782767,-27.67183297],[-52.7878419,-27.67196532],[-52.78784901,-27.67215507],[-52.7878131,-27.67242059],[-52.78770421,-27.67265124],[-52.78749749,-27.67280434],[-52.78736236,-27.67290638],[-52.78717103,-27.67301631],[-52.7870422,-27.6730108],[-52.78697632,-27.67291853],[-52.78687023,-27.67282676],[-52.78674932,-27.672814],[-52.78661314,-27.67285157],[-52.7865405,-27.67283818],[-52.78647486,-27.67276023],[-52.78643196,-27.67259601],[-52.78634965,-27.67248245],[-52.78625836,-27.6723117],[-52.78625636,-27.67216377],[-52.78624171,-27.67172297],[-52.78617076,-27.67139898],[-52.78599665,-27.67091386],[-52.78591144,-27.67052688],[-52.78592546,-27.67043644],[-52.78581894,-27.67028613],[-52.78559808,-27.67016088],[-52.78543978,-27.66999144],[-52.78534776,-27.66982788],[-52.78526386,-27.66943415],[-52.78528596,-27.6691651],[-52.78539766,-27.66893603],[-52.78535901,-27.66876505],[-52.78564055,-27.66827406],[-52.78588095,-27.6682207],[-52.78603093,-27.66806574],[-52.78612642,-27.66789923],[-52.7861917,-27.66765322],[-52.78625346,-27.66757122],[-52.78627986,-27.6674355],[-52.78622351,-27.66669002],[-52.7861777,-27.66648739],[-52.78615274,-27.66639518],[-52.78610134,-27.66632719],[-52.78597038,-27.66622602],[-52.78540078,-27.66588723],[-52.78512583,-27.66571293],[-52.78497675,-27.66561635],[-52.78479258,-27.66544645],[-52.78460474,-27.66512409],[-52.78425064,-27.66547328],[-52.78214636,-27.66729812],[-52.77914171,-27.66990408],[-52.77479619,-27.67367312],[-52.76992797,-27.67789606],[-52.76734394,-27.68017117],[-52.76750946,-27.68024763],[-52.767731,-27.68038874],[-52.76812256,-27.6805509],[-52.76832735,-27.68077514],[-52.76833197,-27.68106163],[-52.76828218,-27.68130106],[-52.76813559,-27.68145958],[-52.76791056,-27.6815446],[-52.76757476,-27.68151307],[-52.76737684,-27.68154902],[-52.7671144,-27.68157625],[-52.76684737,-27.6816513],[-52.76648322,-27.68184311],[-52.76618339,-27.68199581],[-52.7659591,-27.68218546],[-52.76579796,-27.68225168],[-52.76540385,-27.68233167],[-52.76501399,-27.68224214],[-52.76225625,-27.68454718],[-52.76148986,-27.68521154],[-52.76100091,-27.68563538],[-52.76057919,-27.68600094],[-52.76043056,-27.68623209],[-52.76065473,-27.68696932],[-52.76040397,-27.68801943],[-52.76024248,-27.68842762],[-52.76007908,-27.68910721],[-52.76007749,-27.68934127],[-52.76012451,-27.68945354],[-52.76022914,-27.68956498],[-52.76031944,-27.68959603],[-52.76047118,-27.6895747],[-52.76056163,-27.68952484],[-52.76066324,-27.68941505],[-52.76104272,-27.68883261],[-52.76137747,-27.68853955],[-52.76174631,-27.68812031],[-52.7621167,-27.68786833],[-52.76233837,-27.68778214],[-52.7625205,-27.68775895],[-52.76286573,-27.68777123],[-52.76447308,-27.68812851],[-52.76460024,-27.68814247],[-52.76471562,-27.68814458],[-52.76481785,-27.68813135],[-52.76489361,-27.68811963],[-52.76495223,-27.688095],[-52.76500924,-27.68805368],[-52.76502765,-27.68803076],[-52.76507631,-27.68794191],[-52.76513467,-27.68772942],[-52.76517818,-27.68763423],[-52.76520228,-27.6875636],[-52.76520838,-27.68754203],[-52.76521534,-27.68749993],[-52.76521594,-27.68708273],[-52.76537789,-27.68665648],[-52.76537854,-27.68641279],[-52.76533183,-27.68615382],[-52.76528319,-27.6859894],[-52.76526732,-27.68592035],[-52.76525891,-27.68589777],[-52.7652532,-27.68587635],[-52.7652582,-27.6858536],[-52.76528058,-27.68582705],[-52.76530594,-27.68581956],[-52.76535675,-27.68580936],[-52.76542893,-27.68579412],[-52.76548494,-27.6857743],[-52.76557159,-27.68574096],[-52.76571123,-27.68568312],[-52.76593319,-27.68561546],[-52.76610407,-27.68552428],[-52.76626791,-27.68538503],[-52.76632761,-27.68529058],[-52.76637444,-27.6850463],[-52.76624527,-27.68439813],[-52.76624251,-27.68420175],[-52.76617536,-27.68383724],[-52.76614374,-27.68362273],[-52.7661177,-27.68350485],[-52.76607575,-27.68339793],[-52.76606655,-27.68332641],[-52.76608183,-27.68327607],[-52.76615419,-27.68327157],[-52.76620263,-27.68328169],[-52.76631591,-27.68331965],[-52.76641269,-27.68333274],[-52.7666505,-27.68335836],[-52.76685082,-27.68341721],[-52.76708533,-27.68349391],[-52.76740023,-27.68364486],[-52.76758507,-27.68368359],[-52.7676962,-27.68365922],[-52.76775591,-27.68362365],[-52.76779314,-27.68357513],[-52.7679876,-27.68313559],[-52.76803234,-27.68296582],[-52.76810806,-27.68267114],[-52.7681446,-27.68244143],[-52.76824735,-27.6823255],[-52.76841573,-27.68228753],[-52.76860147,-27.68232814],[-52.76874825,-27.68244805],[-52.76875068,-27.68259846],[-52.76877862,-27.68283451],[-52.76878139,-27.68300641],[-52.76872583,-27.68320221],[-52.76854632,-27.6837731],[-52.76851047,-27.68406236],[-52.76854347,-27.68422203],[-52.76862028,-27.6843278],[-52.7686813,-27.68436881],[-52.76875223,-27.68440074],[-52.76883326,-27.68443552],[-52.76888738,-27.68446468],[-52.76888829,-27.68452138],[-52.76887589,-27.68458422],[-52.76871268,-27.6849017],[-52.76869863,-27.68502825],[-52.76869989,-27.68510644],[-52.76872193,-27.68526735],[-52.76878936,-27.68545633],[-52.76889253,-27.68561619],[-52.76902742,-27.685747],[-52.76928731,-27.68589412],[-52.76954646,-27.68599469],[-52.76973651,-27.68605315],[-52.7696575,-27.68614371],[-52.76961452,-27.68622306],[-52.76959165,-27.68630215],[-52.76956505,-27.6863992],[-52.76956305,-27.68652459],[-52.76956927,-27.68666063],[-52.76954324,-27.68679349],[-52.76952457,-27.68688328],[-52.76952636,-27.68699429],[-52.76956738,-27.68712126],[-52.76969744,-27.68728988],[-52.76982474,-27.68753182],[-52.76989281,-27.6877602],[-52.76998677,-27.68793093],[-52.77013966,-27.68809613],[-52.77033546,-27.68826078],[-52.7706862,-27.68845163],[-52.77084846,-27.68853265],[-52.77098626,-27.68859393],[-52.77105261,-27.68861601],[-52.77108856,-27.68864993],[-52.77111652,-27.68868683],[-52.77112358,-27.68872542],[-52.77111361,-27.68880578],[-52.77108366,-27.68899759],[-52.77105388,-27.68918327],[-52.77111024,-27.68949843],[-52.77118172,-27.68960282],[-52.77146682,-27.68980265],[-52.77150222,-27.68984417],[-52.77156289,-27.68999854],[-52.77158683,-27.69008023],[-52.77161501,-27.69013738],[-52.77164154,-27.69015791],[-52.7716675,-27.69017225],[-52.77172491,-27.6901858],[-52.7717573,-27.69018738],[-52.77184646,-27.69017201],[-52.7719528,-27.69013551],[-52.77202033,-27.6900834],[-52.7723214,-27.68977592],[-52.77247808,-27.68972338],[-52.77261863,-27.68974238],[-52.7726675,-27.68976171],[-52.77274897,-27.68987457],[-52.77278427,-27.6900851],[-52.77286476,-27.69022508],[-52.77309441,-27.69049689],[-52.77323859,-27.69057227],[-52.77335424,-27.69061116],[-52.77355698,-27.69060858],[-52.77365882,-27.69057592],[-52.77379052,-27.69047897],[-52.77386343,-27.69044676],[-52.77399632,-27.69042315],[-52.77408223,-27.69042085],[-52.77424358,-27.69043257],[-52.77433822,-27.69045755],[-52.77440672,-27.69048913],[-52.77454992,-27.69056668],[-52.77486341,-27.69079921],[-52.7749519,-27.69084894],[-52.77502103,-27.69085806],[-52.77530404,-27.69080361],[-52.77537802,-27.69078999],[-52.77539913,-27.6907687],[-52.77542169,-27.6907046],[-52.77554605,-27.69029902],[-52.77561675,-27.69016154],[-52.7756396,-27.68996389],[-52.77564893,-27.68994262],[-52.77566613,-27.68992807],[-52.77569006,-27.68991463],[-52.77572207,-27.68990348],[-52.77576592,-27.68989779],[-52.77593524,-27.68989618],[-52.77603957,-27.68987681],[-52.7762763,-27.68976708],[-52.77633593,-27.68972266],[-52.77669065,-27.68929312],[-52.77685428,-27.68899761],[-52.77689713,-27.68894461],[-52.77722843,-27.68865001],[-52.77733472,-27.68858295],[-52.77752743,-27.68852019],[-52.77761927,-27.68847614],[-52.7777554,-27.68838463],[-52.7778389,-27.68833831],[-52.77797048,-27.68829326],[-52.7780508,-27.68828878],[-52.77813799,-27.6882623],[-52.77833332,-27.68815953],[-52.77838508,-27.68812193],[-52.77843377,-27.68807297],[-52.77852017,-27.68801837],[-52.77867834,-27.68796807],[-52.77877804,-27.68795582],[-52.77898988,-27.68795413],[-52.77916979,-27.68792209],[-52.77922141,-27.68790584],[-52.77951851,-27.68777299],[-52.77960993,-27.68772003],[-52.77975373,-27.68759524],[-52.77981555,-27.68753606],[-52.77997997,-27.68741933],[-52.78015742,-27.68727854],[-52.78019006,-27.68747155],[-52.78029021,-27.68769234],[-52.7804461,-27.68802493],[-52.78068825,-27.68852183],[-52.78077097,-27.6886393],[-52.78081223,-27.68867906],[-52.78096147,-27.68872245],[-52.78108014,-27.68876152],[-52.78118225,-27.68877215],[-52.78130294,-27.68877059],[-52.78126609,-27.68881405],[-52.78122982,-27.68889332],[-52.78118632,-27.68902283],[-52.7811322,-27.68915963],[-52.78106173,-27.68927994],[-52.78099319,-27.68935484],[-52.78087627,-27.68942321],[-52.78069505,-27.68949718],[-52.78052985,-27.68956616],[-52.78039155,-27.68963958],[-52.7802911,-27.68969305],[-52.78019392,-27.68977672],[-52.78009677,-27.68987349],[-52.77996641,-27.69003945],[-52.77986621,-27.69021267],[-52.77982438,-27.69028007],[-52.77976265,-27.69031143],[-52.77961491,-27.69033243],[-52.77935321,-27.69033962],[-52.77924608,-27.69035054],[-52.77914585,-27.69039004],[-52.7790497,-27.69041611],[-52.77895809,-27.6904574],[-52.77890102,-27.69051163],[-52.77885276,-27.69057911],[-52.77877501,-27.69068135],[-52.778725,-27.69077369],[-52.77870494,-27.69085992],[-52.77870182,-27.69093255],[-52.77868811,-27.69101296],[-52.77866182,-27.69111263],[-52.77859922,-27.69122233],[-52.77851792,-27.69132298],[-52.77843885,-27.69146225],[-52.7784094,-27.69160261],[-52.77841231,-27.69187233],[-52.77840369,-27.69200235],[-52.77836621,-27.69207351],[-52.77831524,-27.69210664],[-52.77822534,-27.69212117],[-52.77811992,-27.69210533],[-52.77801678,-27.6920971],[-52.77786832,-27.69207418],[-52.77776297,-27.69206216],[-52.77766135,-27.6920157],[-52.77752711,-27.69194292],[-52.77744032,-27.69186681],[-52.77735046,-27.69181725],[-52.77722631,-27.69179947],[-52.77702359,-27.69180311],[-52.77680194,-27.69189034],[-52.77647431,-27.69216436],[-52.77626212,-27.69247394],[-52.77616175,-27.69280014],[-52.77610931,-27.69300014],[-52.77609083,-27.69357722],[-52.77604858,-27.69390267],[-52.77589074,-27.69434878],[-52.77555219,-27.69485968],[-52.77536059,-27.69508249],[-52.77519345,-27.69521662],[-52.77505434,-27.69539731],[-52.77499687,-27.69549356],[-52.77495846,-27.69564078],[-52.7749557,-27.6957908],[-52.77500945,-27.69599165],[-52.77502045,-27.69610099],[-52.77503305,-27.69621664],[-52.77504352,-27.69636575],[-52.77505394,-27.69651247],[-52.77507414,-27.69660057],[-52.77510036,-27.6966456],[-52.77514362,-27.69666654],[-52.77521359,-27.69667997],[-52.77527101,-27.69666371],[-52.77535634,-27.69663158],[-52.77541817,-27.6966027],[-52.77568051,-27.6965231],[-52.77575168,-27.69649278],[-52.77580728,-27.69648061],[-52.7758524,-27.69648385],[-52.77589566,-27.69650431],[-52.77597156,-27.696553],[-52.77607319,-27.69659946],[-52.77618563,-27.6966515],[-52.77624618,-27.69667938],[-52.77627267,-27.69672489],[-52.77627568,-27.69677834],[-52.77626594,-27.6968396],[-52.77621698,-27.69699687],[-52.77617552,-27.69708719],[-52.77612069,-27.69714712],[-52.77601902,-27.69723056],[-52.77599837,-27.6972805],[-52.77599702,-27.69733018],[-52.77600619,-27.69736636],[-52.776026,-27.69739668],[-52.77607376,-27.69743045],[-52.77613005,-27.69746029],[-52.77620589,-27.69750517],[-52.77623858,-27.69753531],[-52.77625872,-27.69758663],[-52.77625064,-27.6976173],[-52.77622055,-27.697673],[-52.77611631,-27.69792704],[-52.77611404,-27.69802635],[-52.77618088,-27.6982421],[-52.7764428,-27.69841785],[-52.77658474,-27.69860695],[-52.77717956,-27.69892743],[-52.77784015,-27.69902004],[-52.77805218,-27.69896461],[-52.7781927,-27.69887552],[-52.77833054,-27.69863869],[-52.77839078,-27.69859266],[-52.77848298,-27.69855502],[-52.77865346,-27.69846931],[-52.77870032,-27.69844769],[-52.77876898,-27.69840536],[-52.7789568,-27.69823166],[-52.77902592,-27.69820784],[-52.77920163,-27.69818249],[-52.77925937,-27.69816189],[-52.77933156,-27.69812508],[-52.77940392,-27.69806961],[-52.77941057,-27.69806154],[-52.779445,-27.6979806],[-52.77948637,-27.69788455],[-52.77949909,-27.69780893],[-52.77951438,-27.69775906],[-52.77953452,-27.69774352],[-52.77958173,-27.69774291],[-52.77962483,-27.69775382],[-52.77968586,-27.6977872],[-52.77995951,-27.6979121],[-52.78002651,-27.69793469],[-52.78017115,-27.69795249],[-52.78024077,-27.69794292],[-52.78037825,-27.69788591],[-52.7804256,-27.69785582],[-52.78057686,-27.69770731],[-52.78084298,-27.69759492],[-52.78088269,-27.69756479],[-52.78090816,-27.697532],[-52.78094741,-27.69745415],[-52.78096329,-27.69740827],[-52.78097154,-27.69732316],[-52.78096612,-27.69726634],[-52.78093772,-27.69712181],[-52.78092067,-27.6969969],[-52.78092527,-27.69695004],[-52.78093569,-27.6969308],[-52.78095376,-27.69692006],[-52.78096764,-27.69691606],[-52.78099886,-27.69692235],[-52.78105397,-27.69694552],[-52.78111265,-27.69698408],[-52.78117641,-27.69702061],[-52.78137745,-27.69705594],[-52.78156284,-27.69704747],[-52.78168202,-27.69702913],[-52.78172456,-27.69700566],[-52.78174553,-27.69697483],[-52.78175784,-27.69694028],[-52.7817445,-27.69686195],[-52.78171649,-27.69659318],[-52.78173839,-27.6963719],[-52.78175616,-27.69630798],[-52.78177509,-27.69628481],[-52.7817964,-27.69627499],[-52.78181786,-27.69627471],[-52.78184811,-27.6962877],[-52.78187868,-27.69631978],[-52.78191372,-27.69636337],[-52.78198249,-27.69639703],[-52.78203042,-27.69640817],[-52.7821326,-27.69640445],[-52.78214756,-27.6964015],[-52.78222511,-27.69637454],[-52.78228273,-27.69635469],[-52.78234017,-27.69632339],[-52.78241363,-27.6962667],[-52.7826605,-27.69610169],[-52.78275797,-27.69598249],[-52.78281772,-27.69586258],[-52.78286459,-27.69570915],[-52.78294583,-27.69553884],[-52.78300889,-27.69537095],[-52.7831148,-27.69519564],[-52.78320902,-27.6950739],[-52.78329,-27.69492871],[-52.78335504,-27.69483754],[-52.78342919,-27.69470106],[-52.78367535,-27.69414127],[-52.78385001,-27.69387417],[-52.78403321,-27.69338894],[-52.7841634,-27.69316578],[-52.78422224,-27.69308153],[-52.78433786,-27.69286669],[-52.7844263,-27.69276239],[-52.78452594,-27.69268661],[-52.78461982,-27.69265292],[-52.78471278,-27.69265722],[-52.78488565,-27.6926885],[-52.78494996,-27.69269643],[-52.78498531,-27.6926931],[-52.78502921,-27.69268681],[-52.78510829,-27.6926625],[-52.7851182,-27.69265768],[-52.78523043,-27.69258965],[-52.78534158,-27.69249557],[-52.78543275,-27.69242753],[-52.78549894,-27.69240662],[-52.78556224,-27.6924058],[-52.78565055,-27.69242568],[-52.7857333,-27.6924332],[-52.78580627,-27.69243322],[-52.78585979,-27.69242489],[-52.78591536,-27.6924108],[-52.78629858,-27.69228602],[-52.78648048,-27.69224867],[-52.78661226,-27.692247],[-52.78679372,-27.69230665],[-52.78687969,-27.69231986],[-52.78732581,-27.69231105],[-52.78748238,-27.69230079],[-52.78763696,-27.69230453],[-52.78768435,-27.69231538],[-52.78768703,-27.69234782],[-52.78767502,-27.69240146],[-52.78760773,-27.69248639],[-52.78747402,-27.69257334],[-52.78736084,-27.69267407],[-52.78718685,-27.69296973],[-52.78684449,-27.6933486],[-52.7867676,-27.69351205],[-52.78655634,-27.69377675],[-52.78652651,-27.69385812],[-52.78653111,-27.69392123],[-52.78663251,-27.69410945],[-52.78665041,-27.694552],[-52.78662609,-27.69468715],[-52.78651439,-27.69498642],[-52.78648468,-27.69515828],[-52.78641028,-27.69535464],[-52.78636408,-27.69556768],[-52.78624348,-27.69583828],[-52.78604625,-27.69609274],[-52.78599628,-27.69636493],[-52.78601057,-27.6965272],[-52.78621556,-27.69689084],[-52.78636792,-27.69703512],[-52.78652776,-27.69711762],[-52.7868456,-27.69719043],[-52.78689161,-27.6972066],[-52.78714231,-27.69735117],[-52.78721325,-27.69737971],[-52.78748448,-27.6974161],[-52.78755719,-27.69741437],[-52.78767292,-27.69739609],[-52.78776366,-27.69737472],[-52.78804572,-27.69727081],[-52.78811302,-27.69723831],[-52.78817557,-27.69718975],[-52.78821186,-27.6971506],[-52.78823676,-27.69709948],[-52.78827917,-27.69706789],[-52.78831672,-27.6970674],[-52.78836374,-27.69707157],[-52.78842858,-27.69709939],[-52.78852556,-27.69713312],[-52.78860851,-27.69715106],[-52.78877413,-27.69715191],[-52.78887503,-27.6971375],[-52.78921479,-27.69702237],[-52.78925081,-27.69701474],[-52.78929646,-27.69701773],[-52.78934498,-27.69703143],[-52.78942047,-27.69705434],[-52.78947026,-27.69706444],[-52.78952673,-27.69707207],[-52.7895457,-27.69708376],[-52.78954601,-27.69710286],[-52.7895277,-27.69713175],[-52.78950821,-27.69717021],[-52.78948508,-27.6972326],[-52.78946062,-27.69733931],[-52.78946309,-27.69738572],[-52.78947382,-27.69743252],[-52.78950645,-27.69750399],[-52.78953707,-27.69754201],[-52.78960629,-27.6975904],[-52.78967133,-27.69761213],[-52.78987601,-27.69763799],[-52.78996647,-27.69763351],[-52.79001613,-27.69763526],[-52.79004984,-27.69764557],[-52.79008239,-27.69766783],[-52.79011118,-27.69770567],[-52.79016819,-27.69778547],[-52.79021626,-27.69782744],[-52.7903168,-27.69789404],[-52.7903792,-27.69793622],[-52.79041865,-27.69797033],[-52.79045667,-27.69799849],[-52.79050138,-27.69802538],[-52.79052453,-27.69804657],[-52.79053172,-27.69807633],[-52.7905228,-27.6981051],[-52.7904903,-27.6981688],[-52.7904603,-27.69830291],[-52.79044435,-27.69839385],[-52.79045226,-27.69846778],[-52.79046501,-27.6985094],[-52.79052228,-27.69862594],[-52.79070595,-27.6989251],[-52.79079606,-27.69898509],[-52.7908407,-27.69900839],[-52.79088263,-27.69902934],[-52.79093651,-27.69904297],[-52.7910326,-27.69905891],[-52.79108584,-27.69906969],[-52.79110757,-27.69908613],[-52.79112267,-27.69910742],[-52.79113454,-27.69915677],[-52.79119111,-27.69931281],[-52.79123546,-27.69938803],[-52.79143213,-27.69956182],[-52.79157154,-27.6998156],[-52.79173857,-27.70000911],[-52.79186038,-27.70007469],[-52.79201289,-27.70009997],[-52.79230662,-27.70007993],[-52.79253296,-27.70002065],[-52.79277009,-27.69989907],[-52.79298644,-27.69983448],[-52.7930772,-27.69977061],[-52.79322702,-27.69955321],[-52.79335544,-27.69944925],[-52.79339825,-27.69938957],[-52.79344226,-27.69928965],[-52.79347272,-27.69924913],[-52.79371702,-27.69903314],[-52.79378145,-27.69895002],[-52.79380397,-27.69893301],[-52.79382806,-27.69892912],[-52.79385942,-27.6989346],[-52.79411777,-27.69893868],[-52.79421419,-27.69892898],[-52.7943368,-27.69889669],[-52.79441141,-27.69886909],[-52.79493786,-27.69861266],[-52.79548356,-27.69841561],[-52.79578321,-27.69810654],[-52.79598402,-27.69801741],[-52.79638635,-27.69795238],[-52.79653944,-27.69787958],[-52.79669485,-27.69772468],[-52.79681652,-27.69742528],[-52.79713227,-27.69701383],[-52.79723336,-27.69691211],[-52.79756236,-27.69676296],[-52.79773933,-27.69659201],[-52.79781144,-27.6964921],[-52.79791488,-27.69632169],[-52.79792978,-27.69624843],[-52.79801876,-27.69627592],[-52.79805939,-27.69629975],[-52.79811833,-27.6963606],[-52.79813844,-27.69640905],[-52.79817024,-27.69648314],[-52.79819683,-27.69653437],[-52.79826494,-27.69656501],[-52.7983402,-27.69654111],[-52.79840054,-27.69649018],[-52.79844563,-27.6963936],[-52.79849253,-27.69630845],[-52.79855105,-27.69634351],[-52.79859177,-27.69637307],[-52.7986311,-27.69641554],[-52.79868596,-27.69645553],[-52.79877818,-27.69651433],[-52.79888992,-27.696527],[-52.79896576,-27.69649485],[-52.79920571,-27.69627114],[-52.799308,-27.69605265],[-52.79939521,-27.69585885],[-52.79948662,-27.69570723],[-52.79954239,-27.69567307],[-52.79960381,-27.69565556],[-52.79966845,-27.69567143],[-52.79968541,-27.69572375],[-52.79971344,-27.69579741],[-52.79976538,-27.69585643],[-52.79987976,-27.69596001],[-52.79996195,-27.69606401],[-52.8000256,-27.69618258],[-52.80008924,-27.69630115],[-52.80012527,-27.6964166],[-52.80019923,-27.69661733],[-52.80025136,-27.69670504],[-52.80031827,-27.69677001],[-52.80052798,-27.69686788],[-52.80062588,-27.69688161],[-52.80072429,-27.69687549],[-52.80092227,-27.69683027],[-52.80107796,-27.69684296],[-52.80131774,-27.6969426],[-52.8014591,-27.69700639],[-52.80156843,-27.69704795],[-52.80166167,-27.69708972],[-52.80184768,-27.6971446],[-52.80177177,-27.69717783],[-52.80167242,-27.69725434],[-52.80161366,-27.69735182],[-52.80159129,-27.69745956],[-52.8015853,-27.69758501],[-52.80156328,-27.69771424],[-52.8015335,-27.69786148],[-52.80144088,-27.69810267],[-52.80138726,-27.69826814],[-52.80131731,-27.69841948],[-52.80123488,-27.69854592],[-52.80112358,-27.69862975],[-52.80096832,-27.69867569],[-52.80088647,-27.69871146],[-52.800702,-27.69889001],[-52.80064639,-27.69895492],[-52.80058728,-27.69913586],[-52.80057609,-27.69922834],[-52.80061561,-27.6994517],[-52.80062678,-27.6995152],[-52.80061674,-27.69955736],[-52.80060235,-27.69959576],[-52.8005475,-27.69965378],[-52.80050139,-27.69972124],[-52.80049147,-27.69977104],[-52.80048275,-27.69989341],[-52.80048397,-27.6999679],[-52.80048629,-27.70005144],[-52.80048951,-27.70011495],[-52.8005236,-27.70029023],[-52.80053824,-27.70039702],[-52.8005854,-27.70052439],[-52.80057782,-27.70058562],[-52.8005527,-27.70062416],[-52.80051293,-27.7006858],[-52.80048156,-27.70073588],[-52.80041613,-27.70086745],[-52.80040671,-27.70089844],[-52.80036391,-27.70127805],[-52.80036729,-27.70135822],[-52.80037759,-27.70139725],[-52.80040328,-27.70144902],[-52.80050293,-27.7015186],[-52.80096194,-27.70168409],[-52.80173381,-27.70175876],[-52.80237484,-27.70189362],[-52.80276151,-27.70190842],[-52.80284659,-27.70192255],[-52.80321904,-27.70205098],[-52.80353376,-27.70207366],[-52.80390016,-27.70215684],[-52.80442143,-27.70238003],[-52.80458541,-27.70251336],[-52.80484533,-27.70281714],[-52.80524927,-27.70313258],[-52.80540985,-27.70334226],[-52.805849,-27.70363049],[-52.80601269,-27.7037955],[-52.80622988,-27.70395027],[-52.80641456,-27.70408636],[-52.80659987,-27.70426064],[-52.80668309,-27.70442671],[-52.80675953,-27.7045069],[-52.80684126,-27.70458225],[-52.80710269,-27.70491807],[-52.80724379,-27.70531647],[-52.80745959,-27.70539947],[-52.8077252,-27.70555717],[-52.807941,-27.70578128],[-52.8080074,-27.70593068],[-52.8079161,-27.70607178],[-52.8078497,-27.70631248],[-52.8080821,-27.70647018],[-52.8083975,-27.70690179],[-52.80882081,-27.70711759],[-52.80920261,-27.70682709],[-52.80946821,-27.70659469],[-52.80985832,-27.70649508],[-52.81034802,-27.70656149],[-52.81071323,-27.70655319],[-52.81115313,-27.70645358],[-52.81160964,-27.70629588],[-52.81191674,-27.70612988],[-52.81204124,-27.70594728],[-52.81230684,-27.70568998],[-52.81262225,-27.70554887],[-52.81291275,-27.70550737],[-52.81346056,-27.70541607],[-52.81390046,-27.70527497],[-52.81424906,-27.70503427],[-52.81458107,-27.70511727],[-52.81492137,-27.70529157],[-52.81541938,-27.70539947],[-52.81581778,-27.70588918],[-52.81636559,-27.70617138],[-52.81698809,-27.70679389],[-52.817262,-27.70695159],[-52.8175691,-27.70690179],[-52.8179592,-27.70656149],[-52.81837421,-27.70657809],[-52.81876431,-27.70673579],[-52.81918762,-27.70690179],[-52.81956527,-27.70685199],[-52.81997197,-27.70680219],[-52.82020438,-27.70695159],[-52.82040358,-27.70695159],[-52.82072313,-27.70685095],[-52.82083103,-27.70704185],[-52.82112154,-27.7071954],[-52.82144524,-27.70736141],[-52.82183119,-27.70756061],[-52.8220885,-27.70769756],[-52.8223209,-27.70783866],[-52.82243295,-27.70791751],[-52.82259688,-27.70796524],[-52.82266328,-27.70801504],[-52.82280645,-27.70797769],[-52.82281268,-27.70801089],[-52.82286248,-27.70803579],[-52.82302744,-27.70806173],[-52.82305961,-27.70808455],[-52.82324636,-27.70814888],[-52.82333558,-27.70821424],[-52.82343518,-27.70818519],[-52.82355969,-27.70810219],[-52.82370909,-27.70809804],[-52.82374644,-27.70813539],[-52.82382944,-27.70809804],[-52.82411164,-27.70812294],[-52.82428179,-27.70815199],[-52.82443119,-27.70817274],[-52.82454325,-27.70823084],[-52.82461795,-27.70824329],[-52.82471755,-27.70829724],[-52.82480055,-27.70844249],[-52.82493335,-27.70854624],[-52.82511595,-27.70854624],[-52.82516575,-27.70849229],[-52.8253359,-27.70842589],[-52.82546871,-27.70850889],[-52.82560566,-27.70844664],[-52.82563471,-27.70836364],[-52.82575506,-27.70828064],[-52.82597916,-27.70812294],[-52.82623646,-27.70794449],[-52.82651867,-27.70784904],[-52.82686727,-27.70784074],[-52.82709967,-27.70771623],[-52.82735698,-27.70769963],[-52.82763918,-27.70770793],[-52.82795458,-27.70759173],[-52.82830318,-27.70758343],[-52.82862689,-27.70773283],[-52.82888419,-27.70762493],[-52.82945662,-27.70754424],[-52.82988015,-27.70755741],[-52.83016976,-27.70767413],[-52.83179949,-27.70629021],[-52.83294038,-27.70576263],[-52.84363554,-27.70440199],[-52.84525099,-27.70420939],[-52.84545126,-27.7041812],[-52.8455809,-27.70387358],[-52.84575997,-27.70360048],[-52.8460572,-27.70322618],[-52.84634669,-27.70290929],[-52.8465259,-27.7026534],[-52.84682127,-27.70244768],[-52.84709136,-27.70217592],[-52.84729127,-27.70189662],[-52.84754447,-27.70165081],[-52.84769805,-27.70127547],[-52.84786554,-27.70097219],[-52.84806756,-27.70063407],[-52.84842642,-27.70022788],[-52.84877789,-27.69999642],[-52.84916254,-27.69972296],[-52.84946078,-27.69955557],[-52.84961501,-27.6993005],[-52.84976308,-27.69894924],[-52.84986961,-27.69882033],[-52.85010577,-27.69880237],[-52.8502709,-27.69882426],[-52.85053006,-27.69892255],[-52.85085931,-27.69878791],[-52.85114368,-27.69881917],[-52.85160761,-27.69869799],[-52.85209822,-27.69859907],[-52.85259683,-27.69852106],[-52.85301853,-27.6984482],[-52.85344887,-27.69832279],[-52.854,-27.69816475],[-52.85431284,-27.69808673],[-52.85451237,-27.69811329],[-52.85501247,-27.69791306],[-52.85543057,-27.69783375],[-52.85589003,-27.69773379],[-52.8562944,-27.69754385],[-52.85657452,-27.697305],[-52.85685354,-27.69703819],[-52.85716173,-27.69680589],[-52.85764792,-27.69669934],[-52.85824332,-27.69678861],[-52.8589258,-27.69696293],[-52.85928917,-27.69711931],[-52.85990627,-27.69725072],[-52.86038247,-27.69709249],[-52.86098083,-27.69703586],[-52.86121882,-27.69694511],[-52.86200622,-27.6965547],[-52.86225732,-27.69648605],[-52.86306015,-27.6962029],[-52.863334,-27.69617487],[-52.86408672,-27.69611549],[-52.86486998,-27.69605086],[-52.86548999,-27.69601483],[-52.86616934,-27.69603032],[-52.86665422,-27.69612883],[-52.86723728,-27.69613416],[-52.86742502,-27.69646783],[-52.86760033,-27.69677103],[-52.86844368,-27.69660284],[-52.86939945,-27.69658149],[-52.86978066,-27.69670287],[-52.87005464,-27.6968842],[-52.87092484,-27.69659929],[-52.87170486,-27.69649274],[-52.87232667,-27.69655248],[-52.87295266,-27.69637477],[-52.87342341,-27.69598028],[-52.87377001,-27.69565906],[-52.87416438,-27.6955665],[-52.87478169,-27.69542141],[-52.87509471,-27.69521839],[-52.8755511,-27.69520404],[-52.87584491,-27.69522448],[-52.87618885,-27.69529945],[-52.87696743,-27.69550427],[-52.87720013,-27.69555128],[-52.87794876,-27.69571074],[-52.8780964,-27.69591323],[-52.87856023,-27.69626076],[-52.87897238,-27.69620481],[-52.87974346,-27.69619912],[-52.88038826,-27.69609763],[-52.88090643,-27.6958378],[-52.8812897,-27.69564947],[-52.88157681,-27.69588044],[-52.88179974,-27.69606934],[-52.88219192,-27.69573798],[-52.88246891,-27.69562292],[-52.88274357,-27.69588241],[-52.88286741,-27.6961725],[-52.88328178,-27.69602053],[-52.88361976,-27.69598028],[-52.88410883,-27.6959936],[-52.88455845,-27.69598203],[-52.88493912,-27.6961924],[-52.88506011,-27.6964101],[-52.884813,-27.69678768],[-52.88455307,-27.69704091],[-52.88468549,-27.69724493],[-52.88503238,-27.69753781],[-52.88558491,-27.69796886],[-52.88603623,-27.69796824],[-52.88636293,-27.6975285],[-52.88660337,-27.69714907],[-52.88701648,-27.69733587],[-52.88722224,-27.69748536],[-52.88730836,-27.69769717],[-52.88734901,-27.697958],[-52.88712459,-27.69843024],[-52.88719165,-27.69864751],[-52.88743825,-27.69898853],[-52.88752279,-27.6993972],[-52.88760633,-27.69977834],[-52.88790839,-27.6999903],[-52.88830039,-27.70004715],[-52.88870768,-27.7000983],[-52.88911361,-27.69997208],[-52.88932939,-27.69994917],[-52.8897144,-27.69988697],[-52.89001683,-27.69970569],[-52.89054733,-27.699794],[-52.890943,-27.70006528],[-52.89120569,-27.70015761],[-52.89159438,-27.70031035],[-52.89186815,-27.70042289],[-52.89215815,-27.70065148],[-52.89258045,-27.70084145],[-52.89292169,-27.70090501],[-52.89332044,-27.70096289],[-52.893787,-27.70059104],[-52.8939631,-27.70025056],[-52.8942295,-27.70011565],[-52.89439053,-27.69999038],[-52.89453709,-27.70001174],[-52.89471059,-27.70009216],[-52.89496217,-27.70013127],[-52.89529927,-27.70020348],[-52.895484,-27.70044282],[-52.89569333,-27.70063715],[-52.89588565,-27.70069471],[-52.89606584,-27.70076349],[-52.89637043,-27.70064088],[-52.89670529,-27.7007636],[-52.89691254,-27.70104164],[-52.89705891,-27.70134515],[-52.89723868,-27.70167392],[-52.89736944,-27.70206829],[-52.89748194,-27.70239422],[-52.89742202,-27.70270992],[-52.89763202,-27.702953],[-52.89799517,-27.70288048],[-52.89835743,-27.70257682],[-52.89862477,-27.70253656],[-52.89879559,-27.70279585],[-52.89892811,-27.70290852],[-52.8992097,-27.70289782],[-52.89939926,-27.70312108],[-52.89971464,-27.70311985],[-52.90007403,-27.70294144],[-52.9003775,-27.70284039],[-52.90079316,-27.70258911],[-52.90110347,-27.70245192],[-52.90132356,-27.70222364],[-52.90148133,-27.70198613],[-52.90174621,-27.70192609],[-52.90218126,-27.70197543],[-52.90223958,-27.70220238],[-52.90200607,-27.70241873],[-52.90173602,-27.70266968],[-52.90154253,-27.70293214],[-52.90155469,-27.70320508],[-52.90164265,-27.70342564],[-52.90158542,-27.70364036],[-52.90153594,-27.70380807],[-52.90163927,-27.70402339],[-52.90162081,-27.70421609],[-52.9014967,-27.70449059],[-52.90140437,-27.70468988],[-52.90157697,-27.70485841],[-52.90189509,-27.70477525],[-52.90217655,-27.70485306],[-52.90247786,-27.70485112],[-52.90277878,-27.70484745],[-52.90318063,-27.70476928],[-52.90346568,-27.7046431],[-52.90361056,-27.70424424],[-52.90391638,-27.70412543],[-52.90435013,-27.70404012],[-52.90473746,-27.70395808],[-52.90528679,-27.70379954],[-52.90570084,-27.70368762],[-52.90601558,-27.70358022],[-52.90644076,-27.70345277],[-52.90676603,-27.70338293],[-52.9069654,-27.70318833],[-52.90690564,-27.70293642],[-52.90688136,-27.70265056],[-52.90748556,-27.7023314],[-52.90775941,-27.70228436],[-52.90831896,-27.70204807],[-52.90897421,-27.70195765],[-52.90942597,-27.70190749],[-52.91021405,-27.70201166],[-52.91080047,-27.70219082],[-52.91117491,-27.70233174],[-52.91147334,-27.70251021],[-52.91186702,-27.70252613],[-52.91231368,-27.70235267],[-52.91267729,-27.70218692],[-52.91289891,-27.7021913],[-52.91309812,-27.70219496],[-52.91334996,-27.70233809],[-52.91376547,-27.7023584],[-52.91412515,-27.70249691],[-52.91449167,-27.70258825],[-52.91482446,-27.7027268],[-52.9153585,-27.70306484],[-52.9155698,-27.70322891],[-52.91579044,-27.70347426],[-52.91602082,-27.70378038],[-52.91633398,-27.70403948],[-52.91652908,-27.70433675],[-52.91669294,-27.70446199],[-52.91676423,-27.7046358],[-52.91676499,-27.70490764],[-52.91704127,-27.70516512],[-52.91742822,-27.70533362],[-52.91770651,-27.70555555],[-52.91806789,-27.70573344],[-52.91835765,-27.70622446],[-52.91853706,-27.70648135],[-52.91864903,-27.7068182],[-52.9189754,-27.7072384],[-52.91928179,-27.70766675],[-52.91942773,-27.70783214],[-52.91963396,-27.70798736],[-52.92002175,-27.70769693],[-52.92030665,-27.70743143],[-52.92067749,-27.70716648],[-52.92101403,-27.7069523],[-52.92125758,-27.70671619],[-52.92146705,-27.7064647],[-52.9218634,-27.70627036],[-52.92225026,-27.70601144],[-52.92249397,-27.70571659],[-52.92247504,-27.70514568],[-52.92244931,-27.70438256],[-52.9222917,-27.70370031],[-52.92223917,-27.70346144],[-52.92213714,-27.70304355],[-52.92197022,-27.70218298],[-52.92179197,-27.70154169],[-52.92166489,-27.70115051],[-52.92150414,-27.70069836],[-52.92132592,-27.70032964],[-52.92114426,-27.69995529],[-52.92090554,-27.69966599],[-52.92067728,-27.6995194],[-52.92034926,-27.69930673],[-52.92000144,-27.69932551],[-52.91977731,-27.69937723],[-52.91931182,-27.69945481],[-52.91903598,-27.69954963],[-52.91874289,-27.69967894],[-52.91807914,-27.6998341],[-52.91779467,-27.69994616],[-52.91758779,-27.70023063],[-52.91731194,-27.70046337],[-52.91700161,-27.70060992],[-52.91667405,-27.70069612],[-52.91624304,-27.7006444],[-52.91583789,-27.70060992],[-52.9155879,-27.70058406],[-52.91530344,-27.70054096],[-52.91493277,-27.70045475],[-52.91462244,-27.70032545],[-52.91449314,-27.70016167],[-52.91437246,-27.69988582],[-52.91424315,-27.69956687],[-52.91419143,-27.69933413],[-52.91409661,-27.69904104],[-52.91407075,-27.69879968],[-52.91401903,-27.69853245],[-52.91394145,-27.69827385],[-52.91388111,-27.69790318],[-52.91395007,-27.69765319],[-52.91409661,-27.69741183],[-52.91433798,-27.69733425],[-52.91472588,-27.69725667],[-52.91511379,-27.69725667],[-52.91551032,-27.69718339],[-52.91578617,-27.69713167],[-52.91616545,-27.69705409],[-52.91663956,-27.69691617],[-52.91706195,-27.6966748],[-52.91728608,-27.69653688],[-52.91740676,-27.69633],[-52.91763951,-27.69614897],[-52.91792397,-27.69597657],[-52.91808776,-27.69583865],[-52.91821706,-27.69558004],[-52.91819982,-27.69530419],[-52.9181481,-27.69505421],[-52.91809638,-27.69483008],[-52.91809638,-27.69457148],[-52.91801879,-27.69430425],[-52.91795845,-27.69413185],[-52.91784639,-27.69383876],[-52.91763089,-27.69354568],[-52.9173809,-27.69342499],[-52.91701023,-27.69336465],[-52.91673439,-27.69339913],[-52.91649373,-27.6934476],[-52.91623442,-27.6934907],[-52.91605757,-27.69344088],[-52.91597787,-27.69331461],[-52.91598763,-27.6931839],[-52.91602049,-27.6930816],[-52.91611882,-27.69297058],[-52.9161808,-27.69277707],[-52.91628169,-27.69258114],[-52.91642845,-27.69244159],[-52.91657966,-27.69222842],[-52.91670853,-27.69201128],[-52.91684645,-27.6918475],[-52.91703609,-27.69170958],[-52.9172516,-27.69177854],[-52.9175533,-27.69187336],[-52.91773433,-27.69202852],[-52.91790673,-27.69225265],[-52.91809638,-27.6925716],[-52.9183205,-27.69292502],[-52.91855325,-27.69318363],[-52.91876013,-27.69344223],[-52.91897563,-27.69379566],[-52.91916528,-27.69416633],[-52.91935492,-27.69444218],[-52.91951009,-27.6947525],[-52.91952733,-27.69513179],[-52.91963939,-27.69538178],[-52.91988937,-27.695649],[-52.92019108,-27.69591623],[-52.92044969,-27.69622009],[-52.92068243,-27.69636663],[-52.9209238,-27.69657352],[-52.92116516,-27.69668558],[-52.92144963,-27.6967804],[-52.92179443,-27.69689246],[-52.92213062,-27.69703901],[-52.92243233,-27.69712521],[-52.92278576,-27.69728037],[-52.92311332,-27.69735795],[-52.92343227,-27.69740967],[-52.9238288,-27.69747002],[-52.92413912,-27.69756484],[-52.92449255,-27.69770061],[-52.92470806,-27.69751958],[-52.92478564,-27.69738166],[-52.92500976,-27.69714891],[-52.92517355,-27.69694203],[-52.92526837,-27.69677825],[-52.92531147,-27.69657136],[-52.92529423,-27.69625241],[-52.92525113,-27.69598519],[-52.92513907,-27.69576968],[-52.92500114,-27.69558004],[-52.92487184,-27.6954335],[-52.9247253,-27.69516627],[-52.92469082,-27.69490767],[-52.92469082,-27.69470078],[-52.92471668,-27.69446804],[-52.92471668,-27.69426115],[-52.92484598,-27.69416633],[-52.92518217,-27.69418357],[-52.92550111,-27.69425253],[-52.9258804,-27.69444218],[-52.92612177,-27.69463182],[-52.92633727,-27.69488181],[-52.92646657,-27.69520075],[-52.9266045,-27.6955197],[-52.92676828,-27.69575244],[-52.92695792,-27.69595933],[-52.92721653,-27.69617483],[-52.92753548,-27.69631276],[-52.92796649,-27.69639896],[-52.92831991,-27.69639034],[-52.92857852,-27.69627827],[-52.92899229,-27.69614682],[-52.92928537,-27.69606062],[-52.92957846,-27.69602613],[-52.92986293,-27.69598303],[-52.93030256,-27.69593993],[-52.93071633,-27.69593131],[-52.93088873,-27.69591407],[-52.93108699,-27.69580201],[-52.93123354,-27.69566409],[-52.93131112,-27.69546582],[-52.93133698,-27.69531928],[-52.9312594,-27.69510377],[-52.93116457,-27.69484517],[-52.93103527,-27.69458656],[-52.93094045,-27.69431934],[-52.93083701,-27.69406073],[-52.93075081,-27.69377627],[-52.93064736,-27.69348103],[-52.93058702,-27.6932569],[-52.93052668,-27.69307588],[-52.93046634,-27.69258237],[-52.93050082,-27.69245307],[-52.93061288,-27.69228066],[-52.93084563,-27.69214274],[-52.93115595,-27.69201344],[-52.9314749,-27.69192724],[-52.93182833,-27.69180655],[-52.9321559,-27.69166863],[-52.93242312,-27.69161691],[-52.93268173,-27.69151347],[-52.93287137,-27.69138417],[-52.93299205,-27.69125486],[-52.93296619,-27.69088204],[-52.93293171,-27.69067516],[-52.93287999,-27.69046827],[-52.93281965,-27.69024415],[-52.93275069,-27.69004588],[-52.93253518,-27.68973556],[-52.9323714,-27.68958039],[-52.93221624,-27.68931317],[-52.93208693,-27.68908904],[-52.93199211,-27.68891664],[-52.93182833,-27.68877009],[-52.93170765,-27.68858907],[-52.93168179,-27.68844253],[-52.93168179,-27.68829598],[-52.93162144,-27.68805462],[-52.931518,-27.68783049],[-52.93141456,-27.68761499],[-52.93135422,-27.6873219],[-52.93126802,-27.68698572],[-52.9312594,-27.68668401],[-52.93133698,-27.68627886],[-52.93155248,-27.68602888],[-52.93184557,-27.68583923],[-52.9322852,-27.68564097],[-52.93256104,-27.68555477],[-52.93282827,-27.68553753],[-52.93311274,-27.68554615],[-52.93341444,-27.68560649],[-52.93367305,-27.68565821],[-52.93391441,-27.68578751],[-52.93419026,-27.68595991],[-52.93440576,-27.68611508],[-52.93472471,-27.6863392],[-52.93500056,-27.68659781],[-52.93525916,-27.68683055],[-52.93569879,-27.6872551],[-52.93589706,-27.68753094],[-52.9360436,-27.68774645],[-52.93622462,-27.68805677],[-52.93637117,-27.68833262],[-52.93658667,-27.68862571],[-52.93674183,-27.68898775],[-52.93687976,-27.68931532],[-52.9370694,-27.68961703],[-52.93733663,-27.68993597],[-52.93753489,-27.6900739],[-52.9379228,-27.69021182],[-52.93826761,-27.69030664],[-52.93857793,-27.69035836],[-52.9389917,-27.69045319],[-52.93935375,-27.69045319],[-52.93968132,-27.69035836],[-52.93983648,-27.6902032],[-52.93993992,-27.69004804],[-52.94002612,-27.68985839],[-52.94018129,-27.68966013],[-52.94031059,-27.68948772],[-52.94047437,-27.68931532],[-52.94068988,-27.68915154],[-52.94088814,-27.68899637],[-52.94116399,-27.68894465],[-52.94132777,-27.68898775],[-52.94145707,-27.68925498],[-52.94156052,-27.68956531],[-52.94162948,-27.68974633],[-52.9417674,-27.69009976],[-52.94187946,-27.69041008],[-52.94203463,-27.69091868],[-52.94218979,-27.69123762],[-52.94233633,-27.69148761],[-52.94247426,-27.69177207],[-52.9424915,-27.69200482],[-52.94296561,-27.69233239],[-52.94327593,-27.69253065],[-52.94369832,-27.69265133],[-52.94398279,-27.69264271],[-52.94414657,-27.69265133],[-52.94462068,-27.69267719],[-52.94489653,-27.69260823],[-52.94512927,-27.69261685],[-52.94528444,-27.69251341],[-52.9454396,-27.69243583],[-52.9455689,-27.69223756],[-52.94567234,-27.69201344],[-52.94562924,-27.69182379],[-52.9454827,-27.69160829],[-52.94531892,-27.69141003],[-52.94512927,-27.69120314],[-52.94493101,-27.69098764],[-52.94475059,-27.69082078],[-52.94465516,-27.69066654],[-52.94448276,-27.69045965],[-52.9443707,-27.69026139],[-52.94411209,-27.69010622],[-52.94381038,-27.68987348],[-52.94371556,-27.68971831],[-52.94358626,-27.68952005],[-52.9435604,-27.68933903],[-52.94357764,-27.68905456],[-52.94357764,-27.68883044],[-52.9435604,-27.6886214],[-52.94337076,-27.68844037],[-52.94312077,-27.68822487],[-52.94289664,-27.6880266],[-52.94265528,-27.687768],[-52.94241391,-27.68744905],[-52.94224151,-27.68723355],[-52.94212945,-27.68697494],[-52.94210359,-27.68676806],[-52.94210359,-27.68657841],[-52.94205187,-27.68633274],[-52.94198291,-27.68613447],[-52.94184498,-27.68595345],[-52.94170706,-27.68584139],[-52.94150018,-27.68576381],[-52.94131053,-27.6856345],[-52.94112089,-27.68545348],[-52.94090538,-27.68521211],[-52.94073298,-27.68499661],[-52.94062954,-27.68484145],[-52.94062092,-27.68453974],[-52.9406985,-27.68429837],[-52.94083642,-27.68409149],[-52.94093986,-27.68377254],[-52.94096572,-27.6836691],[-52.9409571,-27.68339325],[-52.94081056,-27.68324671],[-52.94064678,-27.68303983],[-52.94062092,-27.68288466],[-52.94073298,-27.6827726],[-52.9408278,-27.68262606],[-52.94112746,-27.68254631],[-52.94136267,-27.68256042],[-52.94157436,-27.68256983],[-52.94182839,-27.68255572],[-52.94201185,-27.68248045],[-52.94224707,-27.68236285],[-52.94246346,-27.68232051],[-52.9427316,-27.68229699],[-52.94297622,-27.68229228],[-52.94318791,-27.68225935],[-52.94363011,-27.68216056],[-52.94381357,-27.68214645],[-52.94401115,-27.68215115],[-52.94426988,-27.68221231],[-52.94452391,-27.68229699],[-52.94478735,-27.68227346],[-52.94502727,-27.68218408],[-52.94520132,-27.68205707],[-52.94528129,-27.68195358],[-52.94534715,-27.68184068],[-52.94536597,-27.68172777],[-52.94545535,-27.68157253],[-52.94554473,-27.68138437],[-52.94567174,-27.68121031],[-52.94574231,-27.68106918],[-52.94582698,-27.68090453],[-52.94603867,-27.68062581],[-52.94609983,-27.68047998],[-52.94621273,-27.68032474],[-52.94633034,-27.6801742],[-52.94639149,-27.68000485],[-52.94648558,-27.67981198],[-52.946622,-27.67969437],[-52.94668786,-27.67955324],[-52.94667375,-27.67940271],[-52.94670197,-27.67924747],[-52.9467349,-27.67911575],[-52.94679135,-27.67890406],[-52.94682428,-27.67877234],[-52.94692777,-27.67870178],[-52.94707361,-27.67864062],[-52.94719121,-27.67863592],[-52.94738408,-27.67868766],[-52.94756755,-27.67876293],[-52.9478404,-27.67892758],[-52.94802856,-27.67902167],[-52.94831082,-27.67918631],[-52.94842842,-27.67928981],[-52.94852721,-27.67944975],[-52.94858366,-27.67967555],[-52.9486213,-27.67990136],[-52.94860248,-27.68016479],[-52.94854133,-27.68042823],[-52.94844254,-27.68061875],[-52.94836256,-27.68076929],[-52.94830141,-27.68088689],[-52.9481838,-27.68104213],[-52.94805209,-27.68118796],[-52.94787803,-27.68143258],[-52.94778865,-27.68163134],[-52.94767104,-27.68177717],[-52.94754403,-27.6819277],[-52.94736527,-27.68207824],[-52.94725707,-27.68226641],[-52.94716769,-27.68238872],[-52.94702656,-27.6825863],[-52.94686192,-27.68286385],[-52.94676783,-27.68308612],[-52.94668315,-27.68325547],[-52.94663611,-27.68340601],[-52.94661259,-27.68357066],[-52.94658907,-27.68382468],[-52.94663141,-27.68400345],[-52.9467349,-27.68422925],[-52.94683839,-27.68438096],[-52.94690896,-27.68465969],[-52.94692307,-27.68484315],[-52.94697952,-27.68508777],[-52.94705008,-27.68531828],[-52.94707831,-27.68560053],[-52.94708772,-27.68581222],[-52.94712065,-27.68605684],[-52.94721944,-27.68631557],[-52.94737468,-27.68655079],[-52.94758166,-27.68671543],[-52.94789214,-27.68685656],[-52.94813206,-27.68696005],[-52.94844724,-27.68704003],[-52.94869657,-27.68713411],[-52.94894119,-27.6872282],[-52.94928459,-27.68731758],[-52.9495104,-27.68737403],[-52.94960448,-27.68737873],[-52.94975972,-27.68740696],[-52.94996671,-27.68743048],[-52.95014076,-27.68748222],[-52.95043243,-27.68750104],[-52.95063471,-27.68753397],[-52.9508511,-27.68757631],[-52.95104868,-27.68759983],[-52.95132153,-27.68762335],[-52.95153322,-27.68762335],[-52.95170257,-27.68759983],[-52.95183429,-27.6875622],[-52.95193778,-27.68748693],[-52.95205068,-27.68740225],[-52.95210713,-27.6872376],[-52.95208361,-27.68704355],[-52.95206479,-27.68688832],[-52.95200364,-27.68672367],[-52.9519566,-27.68646493],[-52.95188603,-27.68623443],[-52.95182017,-27.68596629],[-52.95177784,-27.68564169],[-52.95170727,-27.68532651],[-52.95165553,-27.68505602],[-52.95161789,-27.68485374],[-52.95159437,-27.68462793],[-52.95159437,-27.68435509],[-52.95158026,-27.68409047],[-52.95156144,-27.68390701],[-52.95149558,-27.68363416],[-52.95146265,-27.68330487],[-52.95143443,-27.68300732],[-52.95146265,-27.68272037],[-52.95150499,-27.68245693],[-52.95149558,-27.68224054],[-52.95158967,-27.68200885],[-52.95165553,-27.68175953],[-52.9517402,-27.68152432],[-52.95179195,-27.68120913],[-52.95186722,-27.68093982],[-52.95195189,-27.68066697],[-52.95206479,-27.68042235],[-52.95220122,-27.68008835],[-52.95237057,-27.67974024],[-52.95267634,-27.67927217],[-52.95282218,-27.67911693],[-52.95306209,-27.67893346],[-52.95325026,-27.67873588],[-52.95343843,-27.67859005],[-52.95365953,-27.67835954],[-52.9538524,-27.67821842],[-52.95420992,-27.67793028],[-52.95434635,-27.67782209],[-52.95446395,-27.67769507],[-52.95472268,-27.67749279],[-52.95491556,-27.67731873],[-52.95515077,-27.67717761],[-52.95539069,-27.67697532],[-52.95560708,-27.67681421],[-52.95575762,-27.67674835],[-52.95597871,-27.67659781],[-52.95617159,-27.67645668],[-52.95633153,-27.67634261],[-52.95646325,-27.67619677],[-52.95655733,-27.67606035],[-52.95657615,-27.67587689],[-52.95656204,-27.67566049],[-52.95653381,-27.67549114],[-52.95651029,-27.67527004],[-52.95648677,-27.67506306],[-52.95647266,-27.67483608],[-52.95650559,-27.67459146],[-52.95661379,-27.6744221],[-52.95675021,-27.67423393],[-52.95688663,-27.6740834],[-52.95711243,-27.6738576],[-52.95741821,-27.6736412],[-52.95770987,-27.67350478],[-52.95794038,-27.6734154],[-52.95831201,-27.67335424],[-52.95864131,-27.67344362],[-52.95921523,-27.67355182],[-52.95957745,-27.67362709],[-52.95982207,-27.67362709],[-52.96012785,-27.67364591],[-52.96056064,-27.6736412],[-52.96093697,-27.67364591],[-52.9611863,-27.67370236],[-52.96173669,-27.67373999],[-52.9620801,-27.67370706],[-52.96260698,-27.6736365],[-52.96301624,-27.67373058],[-52.96331261,-27.67387641],[-52.96357757,-27.67396595],[-52.96379982,-27.67374551],[-52.96412974,-27.67341825],[-52.9645731,-27.67297853],[-52.96658711,-27.67107707],[-52.96850967,-27.66894822],[-52.96636804,-27.66650275],[-52.96150444,-27.66099575],[-52.95612999,-27.65484116],[-52.95077064,-27.64887571],[-52.94754607,-27.6450822],[-52.9413395,-27.63795316],[-52.93724685,-27.63321197],[-52.93081456,-27.62548778],[-52.92590411,-27.62004595],[-52.92000093,-27.61305992],[-52.91755002,-27.61016111],[-52.917153,-27.60969118],[-52.91680314,-27.60927708],[-52.91634211,-27.60928038],[-52.9161143,-27.6090997],[-52.91597289,-27.60884046],[-52.91587863,-27.60865978],[-52.91581578,-27.60848695],[-52.91579221,-27.60830627],[-52.91576079,-27.60813345],[-52.91579221,-27.60806274],[-52.91602003,-27.60794491],[-52.91617714,-27.60787421],[-52.91634211,-27.60779565],[-52.91650708,-27.6075914],[-52.91660135,-27.60740287],[-52.91667205,-27.60719076],[-52.91669562,-27.60701008],[-52.91663277,-27.60687654],[-52.9163971,-27.60683726],[-52.916185,-27.6069001],[-52.91598861,-27.60697866],[-52.91572937,-27.60706507],[-52.91548977,-27.60713774],[-52.91526195,-27.60721629],[-52.91486917,-27.60731056],[-52.91454709,-27.60739698],[-52.91425643,-27.6074991],[-52.91403647,-27.60759337],[-52.91377723,-27.60765621],[-52.91344729,-27.60781333],[-52.91308593,-27.60792331],[-52.9127717,-27.608049],[-52.91251246,-27.60818254],[-52.91233964,-27.60828467],[-52.91214324,-27.60848892],[-52.91204898,-27.60870102],[-52.91197042,-27.60900739],[-52.91196256,-27.60921164],[-52.91202541,-27.60959657],[-52.91196256,-27.60991865],[-52.91186044,-27.61024859],[-52.9117426,-27.61059424],[-52.91164834,-27.61086134],[-52.91149908,-27.61114414],[-52.91134196,-27.61132482],[-52.91112593,-27.61148586],[-52.91079599,-27.61149372],[-52.91052104,-27.61140731],[-52.91033251,-27.61123448],[-52.91019896,-27.61108522],[-52.91000257,-27.61085741],[-52.90985331,-27.61068458],[-52.9097669,-27.61055104],[-52.90958622,-27.61044891],[-52.90944481,-27.61044891],[-52.90930341,-27.61055104],[-52.90916201,-27.61066887],[-52.90898133,-27.61085741],[-52.90883993,-27.61101452],[-52.90863568,-27.61121877],[-52.90847856,-27.61139159],[-52.90822718,-27.61150943],[-52.90792081,-27.61155656],[-52.90752017,-27.61158013],[-52.90718238,-27.61163512],[-52.90676602,-27.61165083],[-52.90651464,-27.61161941],[-52.90628683,-27.61154871],[-52.90609043,-27.61145444],[-52.90590975,-27.61136017],[-52.90567408,-27.61130518],[-52.90547769,-27.61125019],[-52.90534414,-27.61125019],[-52.90518703,-27.6113366],[-52.90505348,-27.6114623],[-52.90507705,-27.61170582],[-52.90511633,-27.61194935],[-52.90523416,-27.61209075],[-52.90537557,-27.6122243],[-52.90552482,-27.61238927],[-52.90559553,-27.61264065],[-52.90557196,-27.61282919],[-52.90533629,-27.61300201],[-52.90502992,-27.61297059],[-52.90473926,-27.61289203],[-52.90452715,-27.61280562],[-52.90414222,-27.61275063],[-52.90383585,-27.61274277],[-52.90367874,-27.61272706],[-52.90347449,-27.61275063],[-52.90331738,-27.61282133],[-52.90316026,-27.61301772],[-52.90315241,-27.61316698],[-52.90309742,-27.6133948],[-52.90301886,-27.6136069],[-52.90298744,-27.61385043],[-52.90291674,-27.61409002],[-52.90280676,-27.61438854],[-52.90275962,-27.61466349],[-52.9027282,-27.61500128],[-52.90277533,-27.61534693],[-52.90279104,-27.61559832],[-52.90275962,-27.61586541],[-52.90268892,-27.61606966],[-52.90261036,-27.61612465],[-52.90236684,-27.6161325],[-52.90220972,-27.61612465],[-52.9019662,-27.61607751],[-52.90173838,-27.61608537],[-52.90156556,-27.61608537],[-52.90124347,-27.61614822],[-52.90110207,-27.61614822],[-52.90095281,-27.61625034],[-52.90085069,-27.61633675],[-52.900725,-27.61647815],[-52.90072107,-27.61666276],[-52.90072107,-27.61682773],[-52.90064251,-27.61704769],[-52.90059538,-27.61723623],[-52.90046969,-27.61743262],[-52.90035971,-27.61760545],[-52.90024187,-27.61777042],[-52.90013975,-27.61792753],[-52.90011618,-27.61814749],[-52.90011618,-27.61829675],[-52.90010833,-27.61850885],[-52.90002977,-27.6186424],[-52.89973125,-27.61875238],[-52.89939346,-27.61890164],[-52.89912636,-27.61901947],[-52.89879643,-27.61908232],[-52.8984822,-27.61907446],[-52.89824653,-27.61911374],[-52.89791659,-27.61918444],[-52.89768877,-27.61918444],[-52.89744525,-27.61915302],[-52.89707603,-27.61909803],[-52.89660469,-27.61904304],[-52.89642008,-27.61903518],[-52.8961687,-27.61895662],[-52.89586232,-27.61884665],[-52.89550096,-27.61872881],[-52.89517888,-27.61859526],[-52.89482537,-27.61852456],[-52.8944483,-27.61843815],[-52.89433046,-27.61846172],[-52.89405552,-27.61853242],[-52.89384341,-27.6185717],[-52.89363131,-27.61861097],[-52.89337993,-27.61866596],[-52.89308927,-27.61877594],[-52.89271219,-27.61883879],[-52.89239011,-27.61894091],[-52.89221728,-27.61898805],[-52.89195019,-27.61916087],[-52.89176951,-27.61927085],[-52.89162811,-27.61942797],[-52.89154169,-27.61960865],[-52.89151813,-27.61983646],[-52.89154169,-27.62009963],[-52.89152598,-27.62028816],[-52.89151027,-27.6205474],[-52.89139244,-27.62078307],[-52.89125103,-27.62104231],[-52.89114891,-27.62124656],[-52.89109392,-27.62145866],[-52.89095252,-27.62174147],[-52.89085825,-27.62200856],[-52.89081111,-27.62220495],[-52.89075613,-27.62244062],[-52.8907954,-27.62287661],[-52.89085039,-27.62308086],[-52.89092895,-27.6233401],[-52.89099965,-27.62359148],[-52.89115677,-27.62387429],[-52.89129817,-27.62414924],[-52.89146314,-27.62440062],[-52.89163596,-27.62474038],[-52.89178522,-27.6249132],[-52.89195019,-27.62503104],[-52.89216229,-27.62511745],[-52.89235869,-27.6251803],[-52.89257865,-27.62529813],[-52.89281432,-27.6253924],[-52.89311283,-27.62554166],[-52.89334065,-27.62562807],[-52.8936156,-27.62574591],[-52.89374129,-27.62584017],[-52.89387483,-27.62604442],[-52.89392982,-27.62624867],[-52.89387483,-27.6264922],[-52.89377271,-27.62664146],[-52.89363131,-27.62675143],[-52.89340349,-27.62676715],[-52.89301856,-27.62687909],[-52.89278289,-27.62690266],[-52.89253937,-27.62694979],[-52.89224085,-27.62705977],[-52.8920366,-27.62713833],[-52.89180879,-27.62721688],[-52.89159668,-27.62736614],[-52.89143957,-27.62749969],[-52.89125103,-27.62768823],[-52.89108606,-27.62786891],[-52.89098394,-27.62808887],[-52.89081897,-27.6282067],[-52.89061472,-27.62834025],[-52.89045761,-27.62845808],[-52.89019837,-27.62855235],[-52.88991557,-27.62860734],[-52.88967204,-27.62865448],[-52.88945994,-27.62867804],[-52.88921641,-27.62871732],[-52.88892575,-27.6287566],[-52.88854868,-27.62885087],[-52.88830515,-27.62889015],[-52.88804591,-27.62892943],[-52.88789665,-27.62897656],[-52.88776311,-27.62911011],[-52.88769241,-27.62925936],[-52.88770026,-27.6294754],[-52.88771597,-27.62965608],[-52.88773954,-27.62994674],[-52.88777882,-27.63010385],[-52.88784166,-27.63027668],[-52.88788094,-27.63051235],[-52.8878888,-27.63066161],[-52.88789665,-27.6309287],[-52.88793593,-27.63110152],[-52.88796735,-27.6312822],[-52.88804591,-27.63148645],[-52.88806162,-27.63170641],[-52.88785345,-27.63185763],[-52.88768062,-27.63191262],[-52.88748423,-27.63197547],[-52.88730355,-27.63203046],[-52.88698147,-27.63215615],[-52.88669866,-27.63230541],[-52.88644728,-27.63240753],[-52.88617233,-27.63251751],[-52.88576383,-27.63265891],[-52.88548888,-27.63273747],[-52.88517466,-27.63276104],[-52.88482901,-27.63287887],[-52.88463261,-27.63299671],[-52.8844755,-27.63315382],[-52.8844048,-27.6333345],[-52.88428696,-27.63349947],[-52.88418484,-27.63371158],[-52.88407486,-27.6338844],[-52.88393346,-27.63405723],[-52.88372921,-27.63424773],[-52.88352496,-27.63438127],[-52.88334428,-27.63449125],[-52.88321859,-27.63464837],[-52.88317146,-27.63481334],[-52.8831636,-27.63497831],[-52.88317146,-27.63511971],[-52.88310861,-27.63529254],[-52.88296721,-27.63548107],[-52.8828258,-27.63566961],[-52.88270011,-27.635866],[-52.88258228,-27.63609382],[-52.88242516,-27.63622736],[-52.88222092,-27.63633734],[-52.88202452,-27.63638448],[-52.88184384,-27.63644732],[-52.88169459,-27.63652588],[-52.88140392,-27.63673013],[-52.88122324,-27.63683225],[-52.88100328,-27.6368951],[-52.88070477,-27.63686367],[-52.88046124,-27.63678512],[-52.88028842,-27.63667514],[-52.88025699,-27.63658087],[-52.88026485,-27.63642375],[-52.8802727,-27.63629806],[-52.88034341,-27.63611738],[-52.88035126,-27.63582476],[-52.88032769,-27.63569907],[-52.88032769,-27.63552624],[-52.88030413,-27.63536127],[-52.88026485,-27.63525129],[-52.88011559,-27.63510989],[-52.8799899,-27.63509418],[-52.87981707,-27.63513346],[-52.87967567,-27.63521987],[-52.87957355,-27.63529843],[-52.87943215,-27.63541626],[-52.87927503,-27.6355341],[-52.8791297,-27.63561265],[-52.87894117,-27.63577762],[-52.87876048,-27.6358876],[-52.87852481,-27.63601329],[-52.878297,-27.63610756],[-52.87805347,-27.636084],[-52.87785708,-27.63606828],[-52.87771568,-27.63602115],[-52.87749572,-27.63595831],[-52.87726005,-27.63591117],[-52.87706365,-27.63575406],[-52.87696939,-27.63554981],[-52.87690654,-27.63541626],[-52.87693011,-27.63528272],[-52.87699295,-27.6351256],[-52.87709508,-27.63503919],[-52.87721291,-27.63483494],[-52.87729147,-27.63463855],[-52.87737788,-27.63452857],[-52.8774643,-27.63434789],[-52.877535,-27.63418292],[-52.87758999,-27.63403366],[-52.87762926,-27.6338844],[-52.87757427,-27.63375871],[-52.87751929,-27.63371943],[-52.87732289,-27.63382156],[-52.87718935,-27.63387655],[-52.87704794,-27.63397867],[-52.87685941,-27.63401009],[-52.8766748,-27.63412007],[-52.87652554,-27.63423791],[-52.87639985,-27.63434003],[-52.87624274,-27.6343636],[-52.87606991,-27.63431647],[-52.87587352,-27.63423791],[-52.87567713,-27.63415935],[-52.87548859,-27.63415935],[-52.87524506,-27.63415935],[-52.87489156,-27.63412793],[-52.87466374,-27.63409651],[-52.87431024,-27.6340258],[-52.87395673,-27.63391583],[-52.87359537,-27.63386869],[-52.87331256,-27.63390797],[-52.8730219,-27.63396296],[-52.87271553,-27.63400224],[-52.87232275,-27.63400224],[-52.87205565,-27.6340258],[-52.87174142,-27.63404152],[-52.87141149,-27.63414364],[-52.87124652,-27.63423791],[-52.87120724,-27.63439502],[-52.87130543,-27.63456392],[-52.87138399,-27.63483101],[-52.871329,-27.63501955],[-52.87114046,-27.63513739],[-52.87082624,-27.63521594],[-52.87055914,-27.63528664],[-52.87030776,-27.63538091],[-52.87007209,-27.63544376],[-52.86978928,-27.63553017],[-52.8694672,-27.63566372],[-52.86923939,-27.63578155],[-52.868988,-27.63588368],[-52.86872091,-27.63597794],[-52.86859522,-27.63617434],[-52.86854023,-27.63637073],[-52.86839883,-27.63663782],[-52.86828885,-27.63688135],[-52.86812388,-27.63719558],[-52.86795891,-27.6374391],[-52.86772324,-27.63772976],[-52.86752685,-27.63791044],[-52.86737759,-27.63805185],[-52.86733831,-27.63826395]]]]},"geometry_name":"geom","properties":{"id_terra_indigena":90,"Codigo":42701,"Nome":"Serrinha","Etnia":"Kaingang","Municipio":"Três Palmeiras,Ronda Alta,Engenho Velho,Constantina","Unidade_Federacao":"RS","Fase":"Declarada","Modalidade":"Tradicionalmente ocupada","Homologacao":"Homologada","dt_ini":"2013-01-01Z","dt_fim":"2029-10-30Z"}},{"type":"Feature","id":"vw_funai_terras_indigenas.fid-5c8cc48d_196abffcb4a_2783","geometry":{"type":"MultiPolygon","coordinates":[[[[-52.72286546,-27.43297061],[-52.72246824,-27.432983],[-52.72207315,-27.43295598],[-52.72177913,-27.43291729],[-52.72169178,-27.43289915],[-52.72132731,-27.43275351],[-52.72096306,-27.43260869],[-52.72077152,-27.43258322],[-52.72058229,-27.43258912],[-52.72019241,-27.43262816],[-52.71980253,-27.43268921],[-52.71978915,-27.4326915],[-52.71941779,-27.43275751],[-52.71903718,-27.43283368],[-52.71865896,-27.43292392],[-52.71837962,-27.43300338],[-52.71828376,-27.43303661],[-52.71795778,-27.43322591],[-52.71779866,-27.43338603],[-52.71770012,-27.43351606],[-52.71751675,-27.43383522],[-52.71738849,-27.4341631],[-52.71729147,-27.43449711],[-52.71722666,-27.43474326],[-52.71720963,-27.4348355],[-52.71722898,-27.43518705],[-52.71724822,-27.43554076],[-52.71718464,-27.43575346],[-52.71710904,-27.43587305],[-52.71684386,-27.43612999],[-52.71651756,-27.43633187],[-52.71621516,-27.43649346],[-52.7161711,-27.43651712],[-52.71573602,-27.43669731],[-52.715366,-27.43665503],[-52.71533379,-27.43661166],[-52.7152239,-27.43632683],[-52.71516687,-27.43598169],[-52.71514091,-27.4357978],[-52.7151319,-27.43563423],[-52.71515528,-27.435284],[-52.71505982,-27.43493986],[-52.7150581,-27.4349373],[-52.71471492,-27.43476312],[-52.71455643,-27.43473671],[-52.71430773,-27.43470186],[-52.71411101,-27.4347687],[-52.71399652,-27.43490154],[-52.71380394,-27.43520298],[-52.71366827,-27.43544134],[-52.71362712,-27.43551159],[-52.71345893,-27.43582514],[-52.71327702,-27.4361364],[-52.71325525,-27.4361684],[-52.71301558,-27.43639526],[-52.71266574,-27.43656837],[-52.71252171,-27.43662181],[-52.71228192,-27.43667917],[-52.71189048,-27.43667986],[-52.7118838,-27.43667908],[-52.71152114,-27.43657624],[-52.71126958,-27.4364388],[-52.71120011,-27.43636809],[-52.71112692,-27.43600573],[-52.71103376,-27.43584109],[-52.71087308,-27.43574504],[-52.71045846,-27.43565227],[-52.71026658,-27.43570767],[-52.71012659,-27.43580336],[-52.70984072,-27.43604503],[-52.70965356,-27.43623436],[-52.70958466,-27.43631687],[-52.70940278,-27.43662019],[-52.70920822,-27.43692253],[-52.70906742,-27.43705906],[-52.70888911,-27.43716932],[-52.7084912,-27.43725907],[-52.70829676,-27.43722336],[-52.70813322,-27.437152],[-52.70779574,-27.43697149],[-52.70757266,-27.43686475],[-52.70743999,-27.43681022],[-52.70707579,-27.43667337],[-52.70686752,-27.43661458],[-52.70670956,-27.43659929],[-52.70633786,-27.43671242],[-52.7061467,-27.4368425],[-52.70601911,-27.43698404],[-52.70588912,-27.43724614],[-52.70586448,-27.43729327],[-52.70574535,-27.43762068],[-52.70558465,-27.43794258],[-52.70552618,-27.43800974],[-52.7052692,-27.43817159],[-52.70488254,-27.43825327],[-52.70468345,-27.43828162],[-52.70449222,-27.43827923],[-52.70409733,-27.43823849],[-52.7039958,-27.43826621],[-52.70375467,-27.4384188],[-52.70352431,-27.43870576],[-52.70344269,-27.43885659],[-52.70340213,-27.43903955],[-52.70343432,-27.43939592],[-52.70339348,-27.43960504],[-52.7033268,-27.43973441],[-52.70312749,-27.44005382],[-52.70286612,-27.44032055],[-52.70257411,-27.44047266],[-52.70251749,-27.44048838],[-52.70212268,-27.44049246],[-52.70185621,-27.44044793],[-52.70173776,-27.44042361],[-52.70135973,-27.44031793],[-52.70116023,-27.44027903],[-52.70098091,-27.44027024],[-52.7006002,-27.44035378],[-52.70045033,-27.44043483],[-52.70027651,-27.44059985],[-52.70014172,-27.44087408],[-52.7001285,-27.44091542],[-52.70017873,-27.44126935],[-52.70013348,-27.4415778],[-52.70010395,-27.44161348],[-52.6997994,-27.44186803],[-52.69945095,-27.4419865],[-52.69944556,-27.44198711],[-52.69906216,-27.44192124],[-52.69886601,-27.44183667],[-52.69872854,-27.44172024],[-52.69844822,-27.44148139],[-52.69843522,-27.44148074],[-52.6980668,-27.44152919],[-52.69776598,-27.44161886],[-52.69768855,-27.44164543],[-52.69732496,-27.44177583],[-52.69729871,-27.44178593],[-52.6969751,-27.44193412],[-52.69664779,-27.44208663],[-52.69662748,-27.44209411],[-52.69623722,-27.44211748],[-52.69604018,-27.44214411],[-52.69584889,-27.4422186],[-52.69566287,-27.44240225],[-52.69563505,-27.44250016],[-52.69556654,-27.4428451],[-52.69552044,-27.44319118],[-52.69550012,-27.44333912],[-52.69547867,-27.4435382],[-52.69544246,-27.44388615],[-52.69542168,-27.44398805],[-52.69526068,-27.44418522],[-52.6949726,-27.44432672],[-52.69489461,-27.44435123],[-52.69454832,-27.44427763],[-52.69452084,-27.44424355],[-52.69440842,-27.4439062],[-52.69432323,-27.44363489],[-52.6942891,-27.44357756],[-52.69410301,-27.44328108],[-52.69388478,-27.44307135],[-52.69380316,-27.44301625],[-52.69343519,-27.44285321],[-52.69315909,-27.44284799],[-52.69305717,-27.44286849],[-52.69267645,-27.44295138],[-52.6924086,-27.44301239],[-52.69229597,-27.4430391],[-52.69191686,-27.4431365],[-52.69154632,-27.44322085],[-52.69153997,-27.44322199],[-52.69120561,-27.44313919],[-52.69091623,-27.44286988],[-52.69062037,-27.44257573],[-52.69041233,-27.44245226],[-52.6902728,-27.44240049],[-52.6899021,-27.44227793],[-52.68952464,-27.44218199],[-52.68931338,-27.44214417],[-52.68913909,-27.44211868],[-52.6887247,-27.44207552],[-52.68831552,-27.4420916],[-52.68795565,-27.44221551],[-52.6879061,-27.44224823],[-52.68764925,-27.44243288],[-52.68734407,-27.44265228],[-52.6870389,-27.44287168],[-52.68678255,-27.44287289],[-52.68652621,-27.44287411],[-52.68640158,-27.4428747],[-52.68626732,-27.4428646],[-52.68602028,-27.44277793],[-52.68590822,-27.44268056],[-52.68584732,-27.44259953],[-52.68572151,-27.44239923],[-52.68561039,-27.44219661],[-52.68555105,-27.4420907],[-52.68550393,-27.4419926],[-52.68541698,-27.44178514],[-52.68530354,-27.44163721],[-52.68524348,-27.44158979],[-52.68499559,-27.44151128],[-52.68473254,-27.44151705],[-52.68464739,-27.44152274],[-52.68448182,-27.44155399],[-52.68423212,-27.44164199],[-52.68398304,-27.44169563],[-52.68388679,-27.441687],[-52.68373551,-27.44165402],[-52.68348844,-27.44159516],[-52.6832417,-27.44153097],[-52.68305977,-27.44148068],[-52.68299538,-27.44146243],[-52.68275034,-27.44139198],[-52.68250647,-27.44132084],[-52.68226327,-27.44124953],[-52.68202024,-27.44117858],[-52.68177685,-27.44110854],[-52.68160813,-27.44106092],[-52.68153245,-27.44104053],[-52.68128477,-27.44098246],[-52.68103456,-27.44093228],[-52.68078355,-27.44088438],[-52.68053345,-27.44083315],[-52.68028598,-27.44077301],[-52.68008485,-27.44071265],[-52.68004298,-27.44069827],[-52.6798094,-27.4406037],[-52.67958316,-27.44049589],[-52.6793588,-27.44038494],[-52.67935038,-27.44038086],[-52.67914282,-27.440257],[-52.67892769,-27.44012934],[-52.67877742,-27.44007767],[-52.67868661,-27.44005877],[-52.67850702,-27.43984954],[-52.67850455,-27.43984665],[-52.67831383,-27.43964072],[-52.67812742,-27.43944892],[-52.67811772,-27.43943873],[-52.67792294,-27.43923654],[-52.67772643,-27.43903659],[-52.67752857,-27.43883829],[-52.67732972,-27.43864107],[-52.67713025,-27.43844433],[-52.67693053,-27.43824749],[-52.67673094,-27.43804997],[-52.67653185,-27.43785119],[-52.67633363,-27.43765055],[-52.67613665,-27.43744749],[-52.67594128,-27.43724141],[-52.67574789,-27.43703172],[-52.67566897,-27.43694425],[-52.67558137,-27.436808],[-52.67550993,-27.43654527],[-52.67547391,-27.43633786],[-52.67546494,-27.43627826],[-52.67547613,-27.43601086],[-52.67545742,-27.43574306],[-52.67545089,-27.43572407],[-52.67531156,-27.43549103],[-52.67506811,-27.43532728],[-52.67501074,-27.43531385],[-52.67477048,-27.43530032],[-52.67447105,-27.43532595],[-52.67446438,-27.43532671],[-52.67417402,-27.43535942],[-52.67387717,-27.43539524],[-52.67370466,-27.43541873],[-52.67358177,-27.43543924],[-52.6732901,-27.43550223],[-52.67299842,-27.43556444],[-52.67273148,-27.43559895],[-52.67270198,-27.43560081],[-52.67240248,-27.43561138],[-52.67210305,-27.43561158],[-52.67181091,-27.43560823],[-52.67180363,-27.43560816],[-52.67150382,-27.4356089],[-52.67120404,-27.43560747],[-52.67091089,-27.43559063],[-52.67090546,-27.43559009],[-52.6706078,-27.43556067],[-52.67049494,-27.43738224],[-52.66962861,-27.44636089],[-52.66936219,-27.44917352],[-52.66860491,-27.45747646],[-52.66762702,-27.46644498],[-52.66715416,-27.47547244],[-52.6661136,-27.48541479],[-52.66419934,-27.49142376],[-52.66419523,-27.49135693],[-52.66419113,-27.49129011],[-52.66418702,-27.49122328],[-52.66418292,-27.49115645],[-52.66417881,-27.49108963],[-52.66417471,-27.4910228],[-52.6641706,-27.49095598],[-52.6641665,-27.49088915],[-52.66416551,-27.49087304],[-52.66416769,-27.49082288],[-52.66418399,-27.49075821],[-52.66421067,-27.49069468],[-52.66424243,-27.49063177],[-52.66427394,-27.49056895],[-52.66429988,-27.4905057],[-52.66431218,-27.49045939],[-52.66431517,-27.49044141],[-52.6643196,-27.4903748],[-52.66431313,-27.49030718],[-52.66430435,-27.49026983],[-52.66429459,-27.49024097],[-52.66426068,-27.49018135],[-52.66420479,-27.49013353],[-52.66420393,-27.49013303],[-52.66412969,-27.49010736],[-52.66405272,-27.49010769],[-52.66399241,-27.49012247],[-52.66397995,-27.49012677],[-52.66390996,-27.49015096],[-52.66383997,-27.49017515],[-52.66350885,-27.49035122],[-52.66317773,-27.4905273],[-52.66310663,-27.49056511],[-52.66283337,-27.49067968],[-52.66246177,-27.49077985],[-52.66218233,-27.49084497],[-52.66208798,-27.49086872],[-52.66170445,-27.49095724],[-52.66131341,-27.49098421],[-52.66092853,-27.49087878],[-52.66092706,-27.49087801],[-52.66057689,-27.49064413],[-52.66038306,-27.49036442],[-52.66037729,-27.4903133],[-52.66049804,-27.49008176],[-52.66077126,-27.48979501],[-52.66082994,-27.4897041],[-52.66093596,-27.48947764],[-52.66097739,-27.4892273],[-52.6609549,-27.48914668],[-52.66071853,-27.4888698],[-52.66058811,-27.48878143],[-52.66035743,-27.48870811],[-52.65995859,-27.48869461],[-52.65971977,-27.48861969],[-52.65962635,-27.48855324],[-52.65933325,-27.48833032],[-52.659108,-27.48816265],[-52.65903488,-27.48811064],[-52.65872645,-27.48790295],[-52.65863615,-27.48785132],[-52.6583775,-27.48779725],[-52.65797839,-27.48788214],[-52.65773407,-27.48796895],[-52.65761196,-27.48802127],[-52.65728638,-27.48821505],[-52.65700072,-27.48835889],[-52.65695068,-27.48837424],[-52.65659586,-27.488364],[-52.6565642,-27.48834919],[-52.65627919,-27.48811622],[-52.6561657,-27.48795382],[-52.65610778,-27.48780788],[-52.65612972,-27.48746495],[-52.65624215,-27.487107],[-52.65630522,-27.48675328],[-52.65618421,-27.48642913],[-52.6561791,-27.48642302],[-52.65588458,-27.48615395],[-52.65569224,-27.48610857],[-52.65553309,-27.48612831],[-52.65516458,-27.48621632],[-52.65479682,-27.48634702],[-52.65447332,-27.48648478],[-52.65444094,-27.48649942],[-52.65410233,-27.48666535],[-52.65376919,-27.48683573],[-52.65342645,-27.48699357],[-52.6533943,-27.4870067],[-52.65307062,-27.48713255],[-52.65271091,-27.48725848],[-52.65234549,-27.48736719],[-52.65197247,-27.48745443],[-52.65167802,-27.4875044],[-52.65159023,-27.48751578],[-52.6512049,-27.48754722],[-52.65081971,-27.48755671],[-52.65043472,-27.48755539],[-52.65037197,-27.4875549],[-52.65005001,-27.48754906],[-52.64966574,-27.48752401],[-52.64937101,-27.48748204],[-52.64928309,-27.48746327],[-52.64892519,-27.48733692],[-52.64859321,-27.48715652],[-52.64842505,-27.48704878],[-52.64828476,-27.48694245],[-52.64802486,-27.48669063],[-52.64775283,-27.48644657],[-52.64771425,-27.4864193],[-52.64743508,-27.4862307],[-52.647096,-27.48605797],[-52.64683891,-27.48600476],[-52.64672177,-27.48599922],[-52.64633627,-27.48599204],[-52.64595069,-27.48599532],[-52.64591814,-27.48599581],[-52.64556522,-27.48600087],[-52.64523999,-27.48600726],[-52.6451798,-27.48600903],[-52.64479477,-27.48602761],[-52.64442998,-27.48604449],[-52.64440981,-27.48604509],[-52.64402385,-27.48605329],[-52.64363786,-27.48604744],[-52.64332719,-27.48602472],[-52.64325396,-27.48601692],[-52.64287116,-27.48597613],[-52.64248836,-27.48593534],[-52.64205478,-27.48593111],[-52.6416212,-27.48592688],[-52.64147653,-27.48592547],[-52.64119089,-27.48590176],[-52.64077118,-27.48580765],[-52.64035596,-27.48568151],[-52.63993815,-27.48556631],[-52.63968024,-27.48551995],[-52.63951173,-27.48549881],[-52.63908211,-27.48544794],[-52.63865167,-27.48540033],[-52.63822073,-27.48535487],[-52.6377896,-27.48531039],[-52.6373586,-27.48526577],[-52.63692805,-27.48521985],[-52.63649827,-27.48517151],[-52.63634532,-27.48515348],[-52.63606954,-27.48511714],[-52.63564171,-27.48505116],[-52.63521439,-27.48498087],[-52.63478719,-27.48491452],[-52.63447667,-27.4848735],[-52.63435823,-27.48486148],[-52.63390823,-27.48485146],[-52.63345505,-27.48490306],[-52.63302963,-27.48502728],[-52.63266292,-27.48523515],[-52.63263014,-27.48526141],[-52.63234468,-27.48549771],[-52.63202692,-27.48576076],[-52.6318487,-27.48585807],[-52.63167049,-27.48595538],[-52.63149227,-27.4860527],[-52.63131406,-27.48615001],[-52.63113584,-27.48624732],[-52.63106921,-27.4862837],[-52.63095396,-27.486338],[-52.63075855,-27.48640407],[-52.63055694,-27.48645834],[-52.63042908,-27.48649395],[-52.63035701,-27.4865145],[-52.630155,-27.48656453],[-52.62995095,-27.48660941],[-52.62974742,-27.4866552],[-52.62954702,-27.48670798],[-52.62935232,-27.48677381],[-52.62927156,-27.48680738],[-52.62916444,-27.48685523],[-52.62897811,-27.48693964],[-52.62879222,-27.48702473],[-52.62860642,-27.48710994],[-52.62843705,-27.48718715],[-52.62842037,-27.4871948],[-52.62823755,-27.48728773],[-52.62805627,-27.4873845],[-52.62787058,-27.48747056],[-52.62767453,-27.48753136],[-52.62767381,-27.48753152],[-52.62747124,-27.48757455],[-52.62726795,-27.48761775],[-52.62720151,-27.48763677],[-52.62713507,-27.48765579],[-52.62706863,-27.48767481],[-52.62700219,-27.48769383],[-52.62693575,-27.48771285],[-52.62686931,-27.48773187],[-52.62684141,-27.48773986],[-52.62680263,-27.48775011],[-52.62673483,-27.48776446],[-52.62666605,-27.4877753],[-52.62659661,-27.48778346],[-52.6265268,-27.48778976],[-52.62645693,-27.48779502],[-52.62640553,-27.48779872],[-52.62638728,-27.48780005],[-52.62631773,-27.48780513],[-52.62624818,-27.48781021],[-52.62617863,-27.48781528],[-52.62610908,-27.48782036],[-52.62603953,-27.48782544],[-52.62596998,-27.48783051],[-52.62594893,-27.48782612],[-52.62592788,-27.48782173],[-52.62590683,-27.48781734],[-52.62588578,-27.48781295],[-52.62587914,-27.48781157],[-52.62586464,-27.48780905],[-52.62584322,-27.48780647],[-52.62582176,-27.48780397],[-52.62580843,-27.48780185],[-52.62580045,-27.4878003],[-52.62577918,-27.48779548],[-52.62575828,-27.48778942],[-52.62573818,-27.48778179],[-52.62571934,-27.48777229],[-52.62570769,-27.48776476],[-52.62570207,-27.48776073],[-52.62568522,-27.48774866],[-52.62566836,-27.48773658],[-52.62565151,-27.48772451],[-52.62563466,-27.48771243],[-52.62561781,-27.48770035],[-52.62560096,-27.48768828],[-52.62558411,-27.4876762],[-52.62556726,-27.48766413],[-52.62510585,-27.48733475],[-52.61736338,-27.48173609],[-52.61490639,-27.47996124],[-52.61497777,-27.48020827],[-52.61507527,-27.48046109],[-52.61514923,-27.48071938],[-52.61515907,-27.48079386],[-52.61517201,-27.48098155],[-52.61518345,-27.48124391],[-52.61519574,-27.48150617],[-52.61519995,-27.48157023],[-52.61521475,-27.48176813],[-52.61523964,-27.48202958],[-52.61527221,-27.4822657],[-52.6152769,-27.48229062],[-52.61538309,-27.48253459],[-52.61554965,-27.48273765],[-52.61556305,-27.48275133],[-52.61576945,-27.48294166],[-52.61599305,-27.4831096],[-52.61601034,-27.48312119],[-52.61623258,-27.48326303],[-52.61647525,-27.48341126],[-52.61671633,-27.48356204],[-52.61674332,-27.48357962],[-52.61695396,-27.48371646],[-52.61717644,-27.48388874],[-52.61722459,-27.48393629],[-52.61734903,-27.48410501],[-52.61746296,-27.48434755],[-52.61749181,-27.48441715],[-52.61756074,-27.4845957],[-52.61764874,-27.48481571],[-52.61766095,-27.48484242],[-52.61777405,-27.48508495],[-52.61789574,-27.48532412],[-52.61790528,-27.48534159],[-52.6180266,-27.48555948],[-52.61815969,-27.48579374],[-52.61829376,-27.48602751],[-52.61842757,-27.4862614],[-52.61855879,-27.48649397],[-52.61855993,-27.48649601],[-52.61868995,-27.4867315],[-52.6188178,-27.48696785],[-52.61894376,-27.48720536],[-52.61899398,-27.48730132],[-52.61906362,-27.48744509],[-52.61916267,-27.48769043],[-52.61924763,-27.48794195],[-52.61930741,-27.48813453],[-52.61932694,-27.48819973],[-52.61939479,-27.48845989],[-52.61944431,-27.48872038],[-52.61947223,-27.48898066],[-52.61947604,-27.48921895],[-52.61947524,-27.48924021],[-52.61944621,-27.48949893],[-52.61938669,-27.48975697],[-52.6193147,-27.48998429],[-52.61930419,-27.49001417],[-52.6192089,-27.49026422],[-52.61909968,-27.49050625],[-52.61905408,-27.49059526],[-52.61896651,-27.49074093],[-52.61880919,-27.49096421],[-52.61866178,-27.49119114],[-52.61861019,-27.49129463],[-52.61855074,-27.49143389],[-52.61844944,-27.49168055],[-52.61835979,-27.49189668],[-52.61834698,-27.49192664],[-52.61823893,-27.49217084],[-52.61813024,-27.49241498],[-52.61806813,-27.49256147],[-52.61803948,-27.49266376],[-52.61801741,-27.49292771],[-52.6179911,-27.49305696],[-52.61794863,-27.4931824],[-52.61786061,-27.49343306],[-52.61776653,-27.49368196],[-52.61773956,-27.49374922],[-52.61766648,-27.49392895],[-52.62873134,-27.49120522],[-52.62880718,-27.49148898],[-52.62888302,-27.49177274],[-52.62889575,-27.49182039],[-52.62893843,-27.49205934],[-52.62895635,-27.49235127],[-52.62897276,-27.49264374],[-52.62899488,-27.49280486],[-52.62901937,-27.49293242],[-52.62907974,-27.49321896],[-52.62914581,-27.49350445],[-52.62921585,-27.49378931],[-52.62928809,-27.49407395],[-52.6293608,-27.49435879],[-52.62937952,-27.49443276],[-52.62942136,-27.49465394],[-52.62945569,-27.49497312],[-52.62949026,-27.49529595],[-52.62955318,-27.49560062],[-52.62967257,-27.4958653],[-52.62987655,-27.4960682],[-52.62994576,-27.49610756],[-52.63015813,-27.49621367],[-52.63044356,-27.49635628],[-52.63072898,-27.4964989],[-52.63101441,-27.49664151],[-52.63129984,-27.49678412],[-52.63158527,-27.49692673],[-52.63214964,-27.49707568],[-52.63247298,-27.49716102],[-52.63271658,-27.49721759],[-52.63330037,-27.49729885],[-52.63365516,-27.497317],[-52.63388787,-27.49731451],[-52.6344751,-27.49726854],[-52.63506276,-27.49723205],[-52.63511357,-27.49723206],[-52.63565098,-27.49723969],[-52.63623958,-27.49725787],[-52.63676258,-27.49728431],[-52.63682717,-27.49728862],[-52.63741174,-27.49735148],[-52.63799581,-27.49741863],[-52.63821811,-27.4974339],[-52.63858291,-27.49744117],[-52.63917136,-27.49742239],[-52.63976014,-27.49739053],[-52.64034845,-27.49737369],[-52.64047572,-27.49737476],[-52.64093582,-27.49739653],[-52.64152266,-27.49745199],[-52.64210922,-27.49751627],[-52.64269577,-27.49756543],[-52.64328255,-27.49757553],[-52.64332728,-27.49757402],[-52.64386854,-27.49752826],[-52.64416819,-27.49750101],[-52.64445504,-27.49747697],[-52.64504506,-27.49741651],[-52.64563509,-27.49737323],[-52.6462209,-27.49738605],[-52.64638577,-27.4974053],[-52.64679887,-27.49747712],[-52.64737165,-27.4976009],[-52.64774869,-27.49768021],[-52.64794591,-27.4977156],[-52.64852652,-27.49780238],[-52.64910295,-27.4979093],[-52.64937439,-27.49798473],[-52.64964867,-27.49810571],[-52.65006822,-27.49835237],[-52.65014263,-27.49839329],[-52.65064111,-27.49867237],[-52.65076184,-27.49873806],[-52.65117826,-27.49888247],[-52.65153797,-27.49899822],[-52.65171071,-27.49909628],[-52.65206034,-27.49931908],[-52.65220533,-27.49938844],[-52.65275172,-27.49962576],[-52.65330953,-27.49977695],[-52.65346135,-27.49979281],[-52.65388376,-27.49981257],[-52.65448488,-27.49982789],[-52.65478669,-27.4998327],[-52.65506322,-27.49985221],[-52.65565102,-27.49991933],[-52.65577743,-27.49992348],[-52.65623084,-27.49989627],[-52.65681099,-27.49979396],[-52.65726819,-27.4996762],[-52.65738552,-27.49964231],[-52.65794024,-27.49946399],[-52.65848238,-27.49926591],[-52.65848768,-27.49926389],[-52.65899914,-27.49902283],[-52.65950543,-27.49879548],[-52.65953052,-27.49878683],[-52.66010217,-27.49862612],[-52.66068106,-27.49852117],[-52.66126418,-27.49845648],[-52.66184851,-27.49841655],[-52.66191878,-27.49841267],[-52.66243486,-27.49840222],[-52.66302456,-27.4984302],[-52.66361187,-27.49849649],[-52.66394126,-27.4985494],[-52.6641846,-27.49861729],[-52.66471214,-27.49887047],[-52.66521033,-27.49905783],[-52.66524955,-27.49906489],[-52.66583022,-27.49911217],[-52.66642693,-27.49907249],[-52.66685057,-27.49900137],[-52.66701382,-27.49896743],[-52.66758841,-27.49882612],[-52.66812763,-27.49861142],[-52.66857969,-27.49828706],[-52.66859798,-27.49826897],[-52.66891247,-27.49781228],[-52.66913962,-27.49733129],[-52.66935416,-27.49700419],[-52.66944973,-27.49689308],[-52.66980791,-27.49647669],[-52.67016608,-27.49606029],[-52.67052425,-27.49564389],[-52.67087176,-27.49576032],[-52.67118952,-27.49586679],[-52.67121943,-27.49587618],[-52.67158667,-27.49591596],[-52.67196414,-27.49588321],[-52.67203953,-27.4958749],[-52.67233055,-27.49583354],[-52.6726953,-27.49576625],[-52.67306042,-27.49570727],[-52.67308398,-27.4957044],[-52.6734299,-27.49567553],[-52.67380287,-27.49567559],[-52.67403541,-27.49569542],[-52.67417439,-27.495726],[-52.67435749,-27.49584286],[-52.67444134,-27.49595114],[-52.67465189,-27.49622371],[-52.67478603,-27.49639734],[-52.6748624,-27.49649623],[-52.67507259,-27.4967687],[-52.67526441,-27.49701545],[-52.6752859,-27.49703947],[-52.67563515,-27.49715284],[-52.67584961,-27.49716539],[-52.67601708,-27.49717379],[-52.67638984,-27.49715496],[-52.67661943,-27.49710955],[-52.67674689,-27.49706003],[-52.67704542,-27.49685198],[-52.67733297,-27.49668323],[-52.67735323,-27.49667703],[-52.67772495,-27.49664912],[-52.67809289,-27.49660924],[-52.67809306,-27.49660918],[-52.6783935,-27.49641695],[-52.67868301,-27.49620073],[-52.6787865,-27.49615566],[-52.67903101,-27.49610544],[-52.67939505,-27.49604414],[-52.6793986,-27.4960431],[-52.67974504,-27.49592427],[-52.68001588,-27.49575227],[-52.68004583,-27.49572081],[-52.68011693,-27.49539944],[-52.68016541,-27.49509501],[-52.68018158,-27.49506652],[-52.68037383,-27.49477444],[-52.68055542,-27.49463853],[-52.68067954,-27.49463378],[-52.68100917,-27.49477818],[-52.68103304,-27.49477962],[-52.68141478,-27.49481194],[-52.68177497,-27.4947076],[-52.68180988,-27.49467749],[-52.68190824,-27.49439676],[-52.68191461,-27.49438072],[-52.68201389,-27.49407242],[-52.68216805,-27.49377036],[-52.68227716,-27.49368036],[-52.68249453,-27.49359834],[-52.68286462,-27.49356568],[-52.68301757,-27.493543],[-52.68322601,-27.49349512],[-52.68358417,-27.49340781],[-52.68383979,-27.49333423],[-52.68393241,-27.49329653],[-52.68421284,-27.49308262],[-52.68448515,-27.49284803],[-52.68460537,-27.49278204],[-52.68482123,-27.49269651],[-52.68517582,-27.49259701],[-52.68540745,-27.49256404],[-52.68554314,-27.49255635],[-52.68591443,-27.49256233],[-52.68628609,-27.49258366],[-52.68665712,-27.49258971],[-52.68674304,-27.49258567],[-52.68702631,-27.49256466],[-52.68739306,-27.49252428],[-52.68775789,-27.49246279],[-52.68812134,-27.49237326],[-52.6881219,-27.4923731],[-52.68846684,-27.49224666],[-52.68878455,-27.49208204],[-52.68908532,-27.49188465],[-52.6892627,-27.49175224],[-52.68937737,-27.49166089],[-52.68964366,-27.49142333],[-52.68987857,-27.4911699],[-52.69008175,-27.49089522],[-52.69015468,-27.49077713],[-52.69024108,-27.49059395],[-52.69033283,-27.49027112],[-52.69040994,-27.48994513],[-52.69053243,-27.48963505],[-52.69054285,-27.48961681],[-52.69071082,-27.48934534],[-52.69090899,-27.4890659],[-52.69109854,-27.48883704],[-52.69113319,-27.48879867],[-52.69137653,-27.48854682],[-52.69163214,-27.48830825],[-52.69180483,-27.48815793],[-52.69190358,-27.48808334],[-52.69221926,-27.48790246],[-52.69252212,-27.48771056],[-52.69262082,-27.48761519],[-52.69275421,-27.48745277],[-52.69295668,-27.48717561],[-52.6931145,-27.4869431],[-52.69314818,-27.48689197],[-52.69332687,-27.48660112],[-52.69351322,-27.48631505],[-52.69358857,-27.48621669],[-52.69372792,-27.48604526],[-52.69394577,-27.48577726],[-52.69416361,-27.48550927],[-52.69380649,-27.48519286],[-52.69379306,-27.48518096],[-52.69349586,-27.48483908],[-52.69343402,-27.48473547],[-52.69337164,-27.48441031],[-52.69347332,-27.4839779],[-52.69348078,-27.48395592],[-52.69365987,-27.48354136],[-52.69387602,-27.48329593],[-52.69402056,-27.48320354],[-52.69426242,-27.48313714],[-52.6945076,-27.48311598],[-52.6948398,-27.48308842],[-52.69500779,-27.48306799],[-52.69532621,-27.48302982],[-52.69550769,-27.48302331],[-52.69592296,-27.48305345],[-52.69601023,-27.48306424],[-52.696246,-27.48311964],[-52.69648132,-27.48322192],[-52.69679889,-27.4834316],[-52.6968755,-27.48350135],[-52.69716909,-27.48386765],[-52.69721833,-27.48390472],[-52.69760398,-27.48410041],[-52.69777207,-27.4841445],[-52.69809449,-27.48419746],[-52.69828714,-27.48423052],[-52.69858733,-27.48428789],[-52.69907904,-27.48438346],[-52.69957105,-27.48447879],[-52.69986219,-27.48453398],[-52.70006414,-27.48457121],[-52.70055884,-27.48465448],[-52.70105713,-27.48471937],[-52.70112486,-27.48472622],[-52.70155961,-27.48474131],[-52.70206352,-27.48471963],[-52.70256712,-27.48470285],[-52.70267337,-27.48470457],[-52.70306935,-27.48473439],[-52.7033104,-27.48474659],[-52.70357106,-27.48472807],[-52.70394849,-27.4846984],[-52.70407316,-27.48470099],[-52.70457633,-27.48471226],[-52.70507958,-27.4847247],[-52.70558287,-27.48473819],[-52.70608612,-27.48475262],[-52.70658929,-27.48476786],[-52.70659894,-27.48476816],[-52.70709238,-27.4847848],[-52.70759543,-27.4848032],[-52.70809846,-27.48482115],[-52.708359,-27.48482962],[-52.70860154,-27.48482197],[-52.7091041,-27.48479047],[-52.70913863,-27.48479173],[-52.70960379,-27.48483937],[-52.71010163,-27.48491164],[-52.71024005,-27.48492826],[-52.71060184,-27.48496338],[-52.71110511,-27.48499159],[-52.71134232,-27.48499261],[-52.71159518,-27.48494634],[-52.71200738,-27.48466169],[-52.71207566,-27.48458433],[-52.7122351,-27.48422788],[-52.71222498,-27.48392703],[-52.71219839,-27.4837908],[-52.7120724,-27.48336178],[-52.71185284,-27.48294142],[-52.71185193,-27.48294007],[-52.71156772,-27.48255163],[-52.71125727,-27.48220482],[-52.71090026,-27.48189589],[-52.71087265,-27.48187531],[-52.71049905,-27.48162004],[-52.7100857,-27.48136329],[-52.70967512,-27.48110564],[-52.70933616,-27.48086854],[-52.70928172,-27.48082751],[-52.70889602,-27.48053839],[-52.70852025,-27.48023939],[-52.70834354,-27.48008335],[-52.7081669,-27.47991973],[-52.70781837,-27.4795958],[-52.70747002,-27.47927177],[-52.70736252,-27.47917195],[-52.70712075,-27.47894854],[-52.70677096,-27.4786257],[-52.7066918,-27.47855215],[-52.70651742,-27.4782415],[-52.70646362,-27.47816204],[-52.70621661,-27.47788319],[-52.70589645,-27.47753707],[-52.7055703,-27.4771948],[-52.70524201,-27.47685385],[-52.70491541,-27.47651164],[-52.70459435,-27.47616561],[-52.70428269,-27.4758132],[-52.70417539,-27.4756865],[-52.70398163,-27.47545358],[-52.70368321,-27.47509202],[-52.7033848,-27.47473043],[-52.70309782,-27.47438618],[-52.70308442,-27.47437026],[-52.70277822,-27.47401414],[-52.70247043,-27.4736589],[-52.70233915,-27.47350388],[-52.70217368,-27.47329628],[-52.70190292,-27.47291819],[-52.7016821,-27.47258643],[-52.70164604,-27.4725309],[-52.7014094,-27.4721356],[-52.70119217,-27.47173023],[-52.70115668,-27.47166118],[-52.700983,-27.47131712],[-52.70079585,-27.4708977],[-52.70066025,-27.47046637],[-52.70062645,-27.47028473],[-52.70059307,-27.470021],[-52.70055294,-27.46957358],[-52.70052547,-27.46912557],[-52.70051986,-27.46902051],[-52.70050194,-27.46867709],[-52.70048031,-27.4682286],[-52.70046333,-27.46780187],[-52.70046262,-27.46778005],[-52.70046181,-27.46733119],[-52.7004737,-27.46691771],[-52.70047512,-27.46688233],[-52.70054108,-27.46643769],[-52.7005612,-27.4663591],[-52.70072007,-27.4660174],[-52.70085028,-27.46586553],[-52.70105896,-27.46567401],[-52.70143014,-27.46537235],[-52.70181644,-27.46509065],[-52.70203479,-27.46493817],[-52.70221461,-27.46481373],[-52.70261612,-27.46454794],[-52.70304232,-27.46430401],[-52.70305404,-27.46429801],[-52.70350395,-27.46410761],[-52.70399032,-27.46399443],[-52.70409983,-27.46398291],[-52.70449161,-27.46395384],[-52.70499356,-27.46392185],[-52.705163,-27.46391159],[-52.70549594,-27.46389232],[-52.70599849,-27.46386796],[-52.70605387,-27.46386573],[-52.70650607,-27.46389204],[-52.70698973,-27.46404429],[-52.70717352,-27.46415584],[-52.70739159,-27.46433129],[-52.70771455,-27.46461202],[-52.7077497,-27.46464025],[-52.70812902,-27.46493529],[-52.70833609,-27.46510503],[-52.70847568,-27.46525847],[-52.70863548,-27.4654597],[-52.708781,-27.46561658],[-52.70910419,-27.4659606],[-52.70943858,-27.46629499],[-52.70979503,-27.46661227],[-52.71013667,-27.46687218],[-52.71018443,-27.46690459],[-52.71061344,-27.46714094],[-52.71104192,-27.46733172],[-52.71106367,-27.4673411],[-52.71153135,-27.46750934],[-52.71178731,-27.46761833],[-52.7119691,-27.46772682],[-52.71236265,-27.4680083],[-52.71250014,-27.46809412],[-52.71278528,-27.46825178],[-52.71322258,-27.46847429],[-52.71323426,-27.46847987],[-52.71368215,-27.46865727],[-52.7137378,-27.46868303],[-52.71411808,-27.46888199],[-52.71453737,-27.46912805],[-52.7149468,-27.46938843],[-52.71535273,-27.46965708],[-52.71548599,-27.46974584],[-52.71575149,-27.46992902],[-52.7161201,-27.47022709],[-52.71629793,-27.47040299],[-52.71644782,-27.47059386],[-52.7166355,-27.47101293],[-52.71668298,-27.47122763],[-52.71669449,-27.4714525],[-52.71657418,-27.47188531],[-52.71656897,-27.47189498],[-52.71630749,-27.4722835],[-52.71600023,-27.47264075],[-52.7156908,-27.47299431],[-52.71542283,-27.47337178],[-52.71538238,-27.47344434],[-52.71520891,-27.47378064],[-52.71503362,-27.47420163],[-52.71496587,-27.4744601],[-52.71493399,-27.47464387],[-52.71489073,-27.47509165],[-52.71489469,-27.47536175],[-52.71490604,-27.47553978],[-52.71493461,-27.47598795],[-52.71496317,-27.47643613],[-52.71519022,-27.47693978],[-52.71541727,-27.47744343],[-52.71548601,-27.4775959],[-52.71570923,-27.47791123],[-52.71620833,-27.47825174],[-52.71626734,-27.47827984],[-52.71679908,-27.47844653],[-52.71735775,-27.47848839],[-52.71739792,-27.47848773],[-52.71800173,-27.47845577],[-52.7186065,-27.47837801],[-52.7189383,-27.47831346],[-52.71920671,-27.47825185],[-52.71977616,-27.47806723],[-52.72001516,-27.47794439],[-52.72029163,-27.47776098],[-52.72073287,-27.47739258],[-52.72097539,-27.47715918],[-52.72114475,-27.47698949],[-52.72153281,-27.47657198],[-52.72178509,-27.47626431],[-52.7218788,-27.47612645],[-52.72214073,-27.47563454],[-52.72221877,-27.47551035],[-52.72248885,-27.47519907],[-52.72291978,-27.47481537],[-52.72332473,-27.47440323],[-52.72342719,-27.47425821],[-52.72360206,-27.47390981],[-52.72375877,-27.4733863],[-52.72380379,-27.47318791],[-52.72387596,-27.47284795],[-52.72388313,-27.4722998],[-52.72382607,-27.47213242],[-52.72362484,-27.47180672],[-52.72326772,-27.47141447],[-52.72323826,-27.47138527],[-52.72282898,-27.47098077],[-52.72240744,-27.47059164],[-52.7222367,-27.47044857],[-52.72195543,-27.47022802],[-52.72149164,-27.46987683],[-52.72126389,-27.46969975],[-52.72103523,-27.46951752],[-52.72058433,-27.46915409],[-52.72013896,-27.46878586],[-52.71970091,-27.46840976],[-52.71927199,-27.46802268],[-52.71902962,-27.4677934],[-52.71885944,-27.4676188],[-52.71850299,-27.46717823],[-52.71819377,-27.4667091],[-52.71810297,-27.46655774],[-52.71791094,-27.46622641],[-52.7176414,-27.46573981],[-52.71738366,-27.46524874],[-52.71727082,-27.46502517],[-52.71714563,-27.46474939],[-52.71692552,-27.46426406],[-52.71691614,-27.46424652],[-52.71662035,-27.46377155],[-52.71649804,-27.46361046],[-52.71627013,-27.46332736],[-52.71591323,-27.46288769],[-52.715556,-27.46244833],[-52.7153709,-27.46221954],[-52.71520022,-27.46200806],[-52.71484606,-27.46156756],[-52.7144953,-27.46112353],[-52.71439364,-27.46099241],[-52.71419548,-27.46065479],[-52.7140184,-27.46013286],[-52.71392189,-27.45979701],[-52.71386583,-27.45959774],[-52.71377485,-27.45906175],[-52.71376946,-27.45898352],[-52.71384426,-27.45853435],[-52.71401113,-27.45820977],[-52.71414063,-27.4580261],[-52.71458161,-27.45765683],[-52.71471623,-27.4576027],[-52.71517462,-27.45747678],[-52.71577564,-27.457376],[-52.71637839,-27.45732769],[-52.71698396,-27.45730985],[-52.71706676,-27.45730856],[-52.71759259,-27.45732761],[-52.71820182,-27.45737682],[-52.71880893,-27.45738947],[-52.71894766,-27.45738001],[-52.71940562,-27.4572926],[-52.71999537,-27.45715031],[-52.72016458,-27.45712952],[-52.72060048,-27.45710126],[-52.72120818,-27.45706823],[-52.72147055,-27.45705128],[-52.72181686,-27.45703695],[-52.72242387,-27.45699107],[-52.7226251,-27.45694457],[-52.72300292,-27.45681589],[-52.72355776,-27.45659703],[-52.72357002,-27.45659231],[-52.72411637,-27.4563816],[-52.72439313,-27.45627502],[-52.72467433,-27.45616597],[-52.72523014,-27.45595196],[-52.72579535,-27.45575408],[-52.72634333,-27.45559808],[-52.72638324,-27.45558867],[-52.72698873,-27.45551756],[-52.72759772,-27.4555142],[-52.727791,-27.45551205],[-52.72820649,-27.45551693],[-52.72881601,-27.45554908],[-52.72942465,-27.45555879],[-52.72978378,-27.45553023],[-52.73002857,-27.45548961],[-52.73061576,-27.45534444],[-52.73118366,-27.45520011],[-52.73120069,-27.45519651],[-52.73179609,-27.45508934],[-52.73230897,-27.4549938],[-52.73239137,-27.45497331],[-52.73290374,-27.45468603],[-52.73297081,-27.45462085],[-52.73323082,-27.45417519],[-52.73322348,-27.45375693],[-52.73318486,-27.45365362],[-52.73291413,-27.45316999],[-52.73274702,-27.45295856],[-52.73253483,-27.4527201],[-52.73212059,-27.45233138],[-52.73192623,-27.45219315],[-52.73162364,-27.45201112],[-52.73109711,-27.45174183],[-52.7307093,-27.4515685],[-52.7305497,-27.45150618],[-52.7299783,-27.45131675],[-52.72980254,-27.45124442],[-52.72947188,-27.45102185],[-52.72927036,-27.45089669],[-52.72894506,-27.45075237],[-52.72838967,-27.45053358],[-52.72782035,-27.45033687],[-52.72777973,-27.45032366],[-52.72724274,-27.45015583],[-52.72666027,-27.45000066],[-52.72615586,-27.44990278],[-52.72606486,-27.44989038],[-52.72545676,-27.44986714],[-52.72484493,-27.44988762],[-52.72423757,-27.44987014],[-52.72413315,-27.44985721],[-52.72363816,-27.44977852],[-52.72303986,-27.44967813],[-52.72296188,-27.44966602],[-52.72243803,-27.44960276],[-52.72186079,-27.4495296],[-52.72183505,-27.44952486],[-52.72131917,-27.44924581],[-52.72120768,-27.44914464],[-52.72093023,-27.4488053],[-52.72082017,-27.44853653],[-52.72077118,-27.44828232],[-52.72076944,-27.44773938],[-52.72077959,-27.44766994],[-52.72086008,-27.44720269],[-52.72097196,-27.44677842],[-52.72100764,-27.44667566],[-52.72118888,-27.44615754],[-52.72126485,-27.44594196],[-52.72137117,-27.44563971],[-52.72155404,-27.44512207],[-52.72170392,-27.44470982],[-52.72174426,-27.44460633],[-52.72198518,-27.44410812],[-52.72226464,-27.44362436],[-52.72235548,-27.44347061],[-52.72254891,-27.44314392],[-52.72283646,-27.44266564],[-52.72288151,-27.44259116],[-52.72313518,-27.44219351],[-52.72333485,-27.44187347],[-52.72341603,-27.44171143],[-52.72357506,-27.44121698],[-52.72358307,-27.44118834],[-52.72369744,-27.44065517],[-52.72378923,-27.44011798],[-52.72391737,-27.43958736],[-52.72391751,-27.43958693],[-52.72410338,-27.43906973],[-52.72432059,-27.43856207],[-52.72455571,-27.43806089],[-52.72473852,-27.43768154],[-52.72480192,-27.43756549],[-52.72512709,-27.43710491],[-52.72528482,-27.43679325],[-52.72533654,-27.43659356],[-52.72537982,-27.43605024],[-52.72534563,-27.43550617],[-52.72534073,-27.43544931],[-52.72528015,-27.43496711],[-52.72519028,-27.43442843],[-52.72511444,-27.4338891],[-52.72509015,-27.433489],[-52.7250889,-27.43334811],[-52.7250932,-27.43280513],[-52.72511859,-27.43226213],[-52.72514854,-27.43192854],[-52.72517115,-27.43172121],[-52.72487308,-27.43194821],[-52.724575,-27.43217522],[-52.72427692,-27.43240222],[-52.72405893,-27.43256823],[-52.72397623,-27.43262615],[-52.72363145,-27.4327942],[-52.72325359,-27.43290541],[-52.72318501,-27.43292116],[-52.72286546,-27.43297061]]],[[[-52.64001421,-27.38355366],[-52.63993752,-27.38368944],[-52.63986684,-27.38387434],[-52.63979401,-27.38421389],[-52.63976131,-27.3845613],[-52.63973627,-27.38491013],[-52.63968643,-27.38525398],[-52.63965393,-27.385383],[-52.63959275,-27.38558903],[-52.639488,-27.38592172],[-52.63937442,-27.38625303],[-52.63927609,-27.38651622],[-52.63924971,-27.3865828],[-52.6391076,-27.38690306],[-52.63894134,-27.38721288],[-52.63874539,-27.387516],[-52.63867627,-27.38761118],[-52.6384906,-27.38778313],[-52.63826814,-27.38791398],[-52.63815442,-27.38795182],[-52.63774075,-27.38795875],[-52.63749806,-27.38805083],[-52.63742485,-27.38813266],[-52.63722437,-27.3884304],[-52.63707073,-27.38874719],[-52.63703351,-27.38883129],[-52.6369413,-27.38907403],[-52.63682259,-27.38940322],[-52.63679314,-27.38946958],[-52.63663805,-27.38970821],[-52.63646454,-27.38988143],[-52.63635718,-27.38994091],[-52.63595884,-27.38997044],[-52.63564345,-27.39005386],[-52.63559229,-27.39009281],[-52.6353343,-27.3903666],[-52.63529419,-27.3905016],[-52.63528126,-27.39070432],[-52.6352697,-27.39105046],[-52.63526969,-27.39139708],[-52.63527934,-27.3917439],[-52.63529672,-27.39209063],[-52.63531994,-27.39243697],[-52.63534708,-27.39278263],[-52.63536471,-27.39299263],[-52.63537756,-27.39312741],[-52.63541918,-27.39347205],[-52.6354643,-27.39381666],[-52.63550146,-27.39416114],[-52.63551063,-27.39428435],[-52.63550521,-27.39450438],[-52.63542703,-27.39484376],[-52.63533934,-27.39505865],[-52.63526932,-27.39517073],[-52.63508293,-27.3953539],[-52.63499617,-27.39541289],[-52.63463243,-27.39553833],[-52.63437124,-27.39567176],[-52.63430484,-27.39574017],[-52.63421479,-27.39608934],[-52.63423437,-27.39611255],[-52.63448214,-27.39633849],[-52.63448435,-27.39634057],[-52.63475196,-27.39657998],[-52.63498399,-27.39682368],[-52.63500531,-27.39685226],[-52.63513166,-27.39718172],[-52.63515047,-27.3975335],[-52.63515511,-27.39770961],[-52.63516731,-27.39788204],[-52.63519202,-27.39822932],[-52.63518921,-27.39857532],[-52.63517314,-27.39871133],[-52.63514026,-27.39891854],[-52.63488144,-27.39902143],[-52.63462262,-27.39912433],[-52.6343638,-27.39922722],[-52.63410498,-27.39933011],[-52.63403268,-27.39935885],[-52.6338399,-27.39940769],[-52.63355706,-27.39941167],[-52.63326629,-27.39937836],[-52.6329812,-27.39934855],[-52.63297852,-27.39934841],[-52.63269578,-27.39933251],[-52.63241305,-27.39931561],[-52.63213032,-27.39929843],[-52.63184759,-27.39928169],[-52.63168784,-27.39927271],[-52.63156481,-27.39926581],[-52.63128175,-27.39924966],[-52.63099846,-27.39923536],[-52.63071502,-27.3992257],[-52.63043153,-27.39922347],[-52.63014809,-27.39923146],[-52.62992874,-27.39924643],[-52.6298655,-27.3992547],[-52.62960216,-27.39934619],[-52.62936617,-27.39950139],[-52.62915746,-27.39968553],[-52.62913434,-27.39970782],[-52.62896541,-27.39987165],[-52.62877355,-27.40005771],[-52.62858169,-27.40024377],[-52.61419921,-27.39891062],[-52.61399953,-27.39883014],[-52.61379985,-27.39874965],[-52.61360016,-27.39866917],[-52.61340048,-27.39858868],[-52.6132008,-27.3985082],[-52.61300111,-27.39842771],[-52.61280143,-27.39834722],[-52.61273031,-27.39831856],[-52.61260238,-27.39826266],[-52.61240913,-27.39815991],[-52.61222828,-27.39803822],[-52.6120664,-27.39789811],[-52.61193004,-27.39774009],[-52.61182575,-27.39756467],[-52.61181974,-27.39755157],[-52.6117518,-27.39737805],[-52.61169448,-27.39718883],[-52.61164516,-27.39699863],[-52.61159524,-27.39680901],[-52.61153614,-27.39662155],[-52.6115185,-27.3965741],[-52.61146538,-27.39643657],[-52.611394,-27.39625172],[-52.61132261,-27.39606687],[-52.61098996,-27.39634159],[-52.61075047,-27.39653939],[-52.61065822,-27.39661611],[-52.61032725,-27.39688181],[-52.60995454,-27.39711795],[-52.60994815,-27.39712127],[-52.60950649,-27.39724899],[-52.60904479,-27.39724434],[-52.60862909,-27.39718594],[-52.60859094,-27.39717982],[-52.60814707,-27.39710542],[-52.60770375,-27.39702116],[-52.60726294,-27.39692142],[-52.60707585,-27.39687269],[-52.6068288,-27.39679828],[-52.60640377,-27.39665859],[-52.60620965,-27.39660238],[-52.60596809,-27.39655327],[-52.60551872,-27.39649182],[-52.60523101,-27.39643018],[-52.60508162,-27.39638324],[-52.60466126,-27.39622334],[-52.60427508,-27.39605971],[-52.60425593,-27.39605143],[-52.60386268,-27.39583601],[-52.60368232,-27.39575602],[-52.60346497,-27.3957758],[-52.60314286,-27.39603936],[-52.60309913,-27.396102],[-52.60304803,-27.3965005],[-52.60304597,-27.39650758],[-52.60292629,-27.39689068],[-52.6028565,-27.39710119],[-52.6027792,-27.39727287],[-52.60265908,-27.39752329],[-52.60263936,-27.39764869],[-52.60277473,-27.3979756],[-52.60283116,-27.3980433],[-52.60320141,-27.39827821],[-52.60324617,-27.39827807],[-52.60364497,-27.39822557],[-52.6040902,-27.39813127],[-52.6042698,-27.39808981],[-52.60452744,-27.39802474],[-52.60496288,-27.39790488],[-52.60528423,-27.39782927],[-52.60539906,-27.39781247],[-52.60584319,-27.39785161],[-52.60628036,-27.3980454],[-52.60628254,-27.39804677],[-52.60662317,-27.39833102],[-52.6068773,-27.39865278],[-52.60694122,-27.39873909],[-52.60712582,-27.39900257],[-52.60733997,-27.3993596],[-52.60752415,-27.3997227],[-52.60753529,-27.39974657],[-52.60762165,-27.40013121],[-52.60749659,-27.40041388],[-52.6073899,-27.40048803],[-52.60723225,-27.40052854],[-52.60694561,-27.40055366],[-52.60649333,-27.40058258],[-52.60604142,-27.40061069],[-52.60570398,-27.40063959],[-52.60559063,-27.40065019],[-52.60513955,-27.40068979],[-52.60476211,-27.4007565],[-52.60469464,-27.40077453],[-52.60426723,-27.40091321],[-52.60385392,-27.40107776],[-52.6034455,-27.4012528],[-52.60328883,-27.40131922],[-52.60303527,-27.4014262],[-52.6026272,-27.40160166],[-52.60222067,-27.40177989],[-52.60196707,-27.40189247],[-52.60181575,-27.40196103],[-52.60142437,-27.40215244],[-52.60104414,-27.40236728],[-52.60070438,-27.40259262],[-52.60066899,-27.40261901],[-52.60037313,-27.4029421],[-52.60017892,-27.40330947],[-52.60012749,-27.40343499],[-52.60008931,-27.40369418],[-52.60027097,-27.40408608],[-52.60027617,-27.40409107],[-52.60074467,-27.40417093],[-52.60086728,-27.4041101],[-52.60110221,-27.40392539],[-52.60143399,-27.40364878],[-52.60167433,-27.40345952],[-52.6017796,-27.40338127],[-52.60213698,-27.40312126],[-52.60249786,-27.4028817],[-52.60260258,-27.40281918],[-52.60291768,-27.40281399],[-52.60328659,-27.40310574],[-52.60329486,-27.40312253],[-52.60326316,-27.40352399],[-52.60315687,-27.40377213],[-52.60310559,-27.40391452],[-52.60296566,-27.40429898],[-52.60279411,-27.40467431],[-52.60275018,-27.40475156],[-52.60252906,-27.40500354],[-52.60225781,-27.40530604],[-52.60224985,-27.40532013],[-52.6020493,-27.40568267],[-52.60185484,-27.4060477],[-52.60166504,-27.40641471],[-52.60147848,-27.4067832],[-52.60129374,-27.40715267],[-52.6011094,-27.40752261],[-52.60095179,-27.40783741],[-52.60092348,-27.40789269],[-52.60072375,-27.40826911],[-52.6005741,-27.40864707],[-52.6005562,-27.40873573],[-52.60077894,-27.40895331],[-52.60096724,-27.40901956],[-52.60124606,-27.40908227],[-52.60169961,-27.40909513],[-52.60182601,-27.40908231],[-52.60214005,-27.40902265],[-52.60257753,-27.4089022],[-52.60301614,-27.40879187],[-52.60320535,-27.40876228],[-52.60346019,-27.40873915],[-52.60391352,-27.40872589],[-52.60437027,-27.40874601],[-52.60481281,-27.40879642],[-52.60482367,-27.40879804],[-52.60525767,-27.40888737],[-52.60566664,-27.40904758],[-52.60602016,-27.4092867],[-52.60605698,-27.40931884],[-52.60633869,-27.40966675],[-52.6064911,-27.41003884],[-52.6065344,-27.41021218],[-52.60656921,-27.41043559],[-52.60652201,-27.41086436],[-52.60634118,-27.41110351],[-52.60622838,-27.41118029],[-52.60583992,-27.41139169],[-52.60545321,-27.41159115],[-52.60539413,-27.4116264],[-52.6050777,-27.41181713],[-52.60470392,-27.41204632],[-52.6045074,-27.41217695],[-52.60434306,-27.4122911],[-52.60398585,-27.41254011],[-52.60374223,-27.41271067],[-52.60362929,-27.41278987],[-52.6032729,-27.41303981],[-52.60330029,-27.41330221],[-52.60332768,-27.4135646],[-52.60333607,-27.41364498],[-52.60341952,-27.41379538],[-52.60368763,-27.41393738],[-52.60397812,-27.41405744],[-52.60398196,-27.4140595],[-52.60423837,-27.41419145],[-52.60449686,-27.41431809],[-52.60475476,-27.41444542],[-52.60500939,-27.41457944],[-52.60506338,-27.41460967],[-52.60525298,-27.41473011],[-52.60547783,-27.41490209],[-52.6056921,-27.41508309],[-52.60569454,-27.41508517],[-52.60583539,-27.41531938],[-52.60597826,-27.41555133],[-52.60603211,-27.41558481],[-52.60624738,-27.41565602],[-52.60653818,-27.41570884],[-52.60676812,-27.4157636],[-52.60682122,-27.4157811],[-52.60709859,-27.41587071],[-52.60737512,-27.41596359],[-52.60764699,-27.41606758],[-52.60785534,-27.41616244],[-52.60791004,-27.41619071],[-52.60815409,-27.41634096],[-52.60838375,-27.41650859],[-52.60860975,-27.41667889],[-52.60881795,-27.41682169],[-52.60884295,-27.41683685],[-52.6090999,-27.41695145],[-52.60936705,-27.41705934],[-52.60958183,-27.41719925],[-52.60961503,-27.41723098],[-52.60975143,-27.41748237],[-52.60976104,-27.41775196],[-52.60974594,-27.41782347],[-52.60968151,-27.41799592],[-52.60953361,-27.41822951],[-52.60946681,-27.41830792],[-52.60932182,-27.41842814],[-52.60906514,-27.41856505],[-52.60882472,-27.41871188],[-52.60874263,-27.41879696],[-52.60864657,-27.41892564],[-52.60849236,-27.41915624],[-52.60836349,-27.41939531],[-52.60826946,-27.41964399],[-52.60823458,-27.41979343],[-52.6082153,-27.41990241],[-52.60816927,-27.42016272],[-52.60855057,-27.4202396],[-52.60893188,-27.42031649],[-52.6091579,-27.42036206],[-52.60930344,-27.42040948],[-52.60958706,-27.42063858],[-52.60978776,-27.42096954],[-52.6099328,-27.42132972],[-52.60996389,-27.42141675],[-52.61004142,-27.42167036],[-52.61011862,-27.42201297],[-52.61018585,-27.42235609],[-52.61026545,-27.42269628],[-52.61031986,-27.42287299],[-52.61037106,-27.42303296],[-52.61048208,-27.42337166],[-52.61064978,-27.42368615],[-52.6107033,-27.42375203],[-52.61089847,-27.42395924],[-52.61116202,-27.42421556],[-52.6113626,-27.42440825],[-52.61142695,-27.42447024],[-52.6116996,-27.42472273],[-52.61196237,-27.42497364],[-52.61196499,-27.42497634],[-52.61195809,-27.42531374],[-52.6117221,-27.4255848],[-52.61167398,-27.4256206],[-52.61135417,-27.42582354],[-52.61106992,-27.42597532],[-52.61102081,-27.42599992],[-52.61067137,-27.42614252],[-52.61031538,-27.42627387],[-52.60996576,-27.42644658],[-52.60989016,-27.42649591],[-52.60966026,-27.42669929],[-52.60945598,-27.42700778],[-52.60934697,-27.42733723],[-52.60934333,-27.42735666],[-52.60934536,-27.4276741],[-52.60945624,-27.42801922],[-52.6095453,-27.42818878],[-52.60964593,-27.42835158],[-52.60987522,-27.42864117],[-52.61017329,-27.42885756],[-52.61018417,-27.42886284],[-52.61056029,-27.42890269],[-52.61095441,-27.42879808],[-52.61100446,-27.42878079],[-52.61128819,-27.42862374],[-52.61160647,-27.42838648],[-52.61190129,-27.42823932],[-52.61193117,-27.42823264],[-52.61234723,-27.42823584],[-52.61268952,-27.42844085],[-52.61269763,-27.42845477],[-52.61277347,-27.42878774],[-52.61275806,-27.42913661],[-52.61276838,-27.42926754],[-52.61278804,-27.42948119],[-52.6127917,-27.42982379],[-52.61283546,-27.43016522],[-52.61300471,-27.43050585],[-52.61306554,-27.43057882],[-52.61332447,-27.43078919],[-52.61368227,-27.43091053],[-52.61380975,-27.43092006],[-52.61403922,-27.43086404],[-52.61439609,-27.43066788],[-52.61470411,-27.43057706],[-52.61476226,-27.43057808],[-52.61515364,-27.43060499],[-52.61530023,-27.4306281],[-52.61553856,-27.43067375],[-52.61591535,-27.43076465],[-52.61606659,-27.43081616],[-52.61628038,-27.43090182],[-52.61662893,-27.4310631],[-52.61695791,-27.43124936],[-52.61712185,-27.43135899],[-52.61726709,-27.43146209],[-52.61757301,-27.43167926],[-52.61758875,-27.4317057],[-52.61760449,-27.43173214],[-52.61762023,-27.43175858],[-52.61763245,-27.43177911],[-52.61763591,-27.43178505],[-52.61764968,-27.43181242],[-52.61766083,-27.4318409],[-52.61766947,-27.43187028],[-52.61767573,-27.43190035],[-52.61767971,-27.4319309],[-52.61768154,-27.43196172],[-52.61768134,-27.4319926],[-52.61767922,-27.43202333],[-52.6176753,-27.43205369],[-52.61766969,-27.43208349],[-52.61766909,-27.43208625],[-52.61766315,-27.43211285],[-52.6176566,-27.43214221],[-52.61765005,-27.43217157],[-52.6176435,-27.43220093],[-52.61763695,-27.43223029],[-52.61774422,-27.43224926],[-52.6178515,-27.43226823],[-52.61795877,-27.43228719],[-52.61806604,-27.43230616],[-52.61817332,-27.43232512],[-52.61828059,-27.43234409],[-52.61838787,-27.43236306],[-52.61839388,-27.43236412],[-52.61849353,-27.43238876],[-52.61859657,-27.43242505],[-52.61869855,-27.43246475],[-52.61880105,-27.43250066],[-52.61890563,-27.4325256],[-52.61896832,-27.43253222],[-52.61901354,-27.4325335],[-52.61912274,-27.43253077],[-52.61923219,-27.43252339],[-52.6193124,-27.43251759],[-52.61934142,-27.43251583],[-52.61945039,-27.43250853],[-52.61950478,-27.43250145],[-52.61955843,-27.43249124],[-52.61966352,-27.43246449],[-52.61976602,-27.43243088],[-52.61986664,-27.43239227],[-52.61996612,-27.43235053],[-52.62006519,-27.43230754],[-52.62012451,-27.43228201],[-52.62016418,-27.43226479],[-52.62026084,-27.43221951],[-52.62027711,-27.43221133],[-52.62035714,-27.43217078],[-52.62044434,-27.432112],[-52.62046061,-27.43209585],[-52.62051439,-27.43203723],[-52.62058365,-27.43196173],[-52.62058649,-27.43196049],[-52.62058934,-27.43195926],[-52.62059218,-27.43195803],[-52.62059502,-27.43195679],[-52.62059787,-27.43195556],[-52.62060071,-27.43195433],[-52.62060355,-27.43195309],[-52.62060399,-27.43195291],[-52.62060623,-27.43195165],[-52.62060854,-27.43194974],[-52.62061065,-27.43194758],[-52.62061273,-27.43194538],[-52.62061421,-27.43194398],[-52.62061494,-27.43194331],[-52.62061721,-27.43194083],[-52.62061948,-27.43193825],[-52.62062174,-27.43193614],[-52.62062399,-27.43193509],[-52.62062444,-27.43193506],[-52.62062636,-27.43193508],[-52.62063018,-27.43193512],[-52.62063369,-27.43193515],[-52.62063455,-27.43193516],[-52.62063504,-27.43193447],[-52.6206346,-27.43193122],[-52.62063417,-27.43192753],[-52.62063467,-27.43192614],[-52.62063558,-27.43192584],[-52.62063947,-27.43192653],[-52.62064342,-27.43192728],[-52.62064478,-27.43192624],[-52.62064479,-27.43192568],[-52.62064482,-27.43192286],[-52.62064486,-27.43192004],[-52.62064489,-27.43191722],[-52.62123259,-27.4318328],[-52.62715052,-27.4309438],[-52.63098004,-27.42961899],[-52.63958318,-27.42666247],[-52.65022638,-27.42723511],[-52.66076868,-27.42779694],[-52.66376051,-27.42796099],[-52.66387578,-27.42767806],[-52.66389599,-27.42762844],[-52.664004,-27.42740106],[-52.66416523,-27.42713917],[-52.66435199,-27.42688891],[-52.66455617,-27.4266465],[-52.66476968,-27.42640817],[-52.66498441,-27.42617015],[-52.66508821,-27.42605181],[-52.66519402,-27.42593033],[-52.66540517,-27.42569606],[-52.66562282,-27.4254688],[-52.6658507,-27.42524861],[-52.66609258,-27.42503551],[-52.66619373,-27.42495256],[-52.66635537,-27.42483877],[-52.66664584,-27.42468437],[-52.66694656,-27.42454957],[-52.66695718,-27.4245448],[-52.66726537,-27.4244564],[-52.66760513,-27.4244071],[-52.66793242,-27.4243321],[-52.66804249,-27.42428448],[-52.6681867,-27.42415556],[-52.66830173,-27.42385875],[-52.66837953,-27.42353108],[-52.66853443,-27.4232677],[-52.66861157,-27.42321618],[-52.66881875,-27.4231122],[-52.66911505,-27.42296791],[-52.66930334,-27.4228799],[-52.66941467,-27.4228292],[-52.66971624,-27.42269398],[-52.67001776,-27.42255877],[-52.6703174,-27.42242042],[-52.67048299,-27.42234075],[-52.67061382,-27.42227663],[-52.67090956,-27.42213167],[-52.6712053,-27.42198672],[-52.67152335,-27.42170494],[-52.67184139,-27.42142316],[-52.67191062,-27.42136182],[-52.67210948,-27.42111294],[-52.6722567,-27.42073433],[-52.67235134,-27.42032699],[-52.67244276,-27.41999539],[-52.67246468,-27.41993237],[-52.67258832,-27.41954846],[-52.67270902,-27.41916368],[-52.67282061,-27.41884404],[-52.67284579,-27.418782],[-52.67305284,-27.41843395],[-52.67333315,-27.41811582],[-52.67345781,-27.41799291],[-52.67365781,-27.41780848],[-52.67402152,-27.41756486],[-52.67429315,-27.41748654],[-52.67445076,-27.41747069],[-52.67489887,-27.41745676],[-52.67534736,-27.41746611],[-52.67579559,-27.41746984],[-52.67592163,-27.41746592],[-52.67624288,-27.41745661],[-52.6766891,-27.41743798],[-52.67713488,-27.41737323],[-52.67718704,-27.41736063],[-52.67749649,-27.4171357],[-52.67762788,-27.41685952],[-52.6776481,-27.41674416],[-52.67761073,-27.41634069],[-52.67761722,-27.41605636],[-52.67764674,-27.41594769],[-52.67777575,-27.41556358],[-52.67789762,-27.41517843],[-52.67791152,-27.41512076],[-52.67795963,-27.41478385],[-52.67799599,-27.41438323],[-52.67803403,-27.4141745],[-52.67810805,-27.41400033],[-52.67834605,-27.41365178],[-52.67843742,-27.41342038],[-52.67845911,-27.41326948],[-52.67850831,-27.41287174],[-52.67854697,-27.41247338],[-52.67857629,-27.41207441],[-52.67858712,-27.41188788],[-52.67859829,-27.41167492],[-52.67861761,-27.41127533],[-52.67863387,-27.41087572],[-52.67864303,-27.41058909],[-52.67864601,-27.41047609],[-52.67864632,-27.41007651],[-52.67860891,-27.40967707],[-52.67859416,-27.40959609],[-52.67851546,-27.40928292],[-52.67838301,-27.40890129],[-52.67825229,-27.40858227],[-52.67822846,-27.40852631],[-52.67806913,-27.40815253],[-52.67790978,-27.40777878],[-52.67783911,-27.40761288],[-52.67775075,-27.40740491],[-52.67766205,-27.40719615],[-52.67758169,-27.40703533],[-52.67735207,-27.40669138],[-52.67711898,-27.40634807],[-52.67702708,-27.40617052],[-52.67694886,-27.4059776],[-52.67682085,-27.40559433],[-52.67672438,-27.40526534],[-52.67670833,-27.40520739],[-52.67662452,-27.40481522],[-52.67653446,-27.40442271],[-52.67653227,-27.40441535],[-52.67637276,-27.40405282],[-52.67611829,-27.40371828],[-52.67602596,-27.40362554],[-52.67578467,-27.4034296],[-52.67540369,-27.40322523],[-52.67527292,-27.40317626],[-52.67497811,-27.40309531],[-52.67454198,-27.40300087],[-52.67425475,-27.40291394],[-52.67412366,-27.40286268],[-52.67371592,-27.4026961],[-52.67340943,-27.40257205],[-52.67330651,-27.40253483],[-52.67288375,-27.40240542],[-52.67262402,-27.40229389],[-52.6724969,-27.40220179],[-52.6722485,-27.40186483],[-52.67217551,-27.40174824],[-52.67202184,-27.4015168],[-52.67180068,-27.40116973],[-52.67167936,-27.40095851],[-52.67160162,-27.40081096],[-52.67142431,-27.40044448],[-52.67128476,-27.40013365],[-52.67125802,-27.40007208],[-52.67110986,-27.39969375],[-52.67098223,-27.39931082],[-52.67093254,-27.39914679],[-52.67091039,-27.39891823],[-52.67093561,-27.39851117],[-52.67089181,-27.3983253],[-52.67079736,-27.3981357],[-52.67059899,-27.39777715],[-52.67051604,-27.39761792],[-52.67041414,-27.39741325],[-52.67023991,-27.39704471],[-52.67021028,-27.39697437],[-52.6701238,-27.39665858],[-52.67006543,-27.39640454],[-52.67001969,-27.39627093],[-52.66985482,-27.39589786],[-52.66971596,-27.39551711],[-52.6697027,-27.39545366],[-52.66967518,-27.39511918],[-52.66970262,-27.39471963],[-52.66975338,-27.3943196],[-52.66978294,-27.3939198],[-52.66978258,-27.39384831],[-52.66977497,-27.39352074],[-52.66974601,-27.39312225],[-52.66968401,-27.39279167],[-52.66966394,-27.39272524],[-52.66946975,-27.39236475],[-52.66930761,-27.39213842],[-52.66921747,-27.39203215],[-52.66890282,-27.39174301],[-52.66879828,-27.39161023],[-52.66875332,-27.39138089],[-52.66872399,-27.39105911],[-52.6686871,-27.3909854],[-52.66847036,-27.3906352],[-52.66827705,-27.39038714],[-52.66820222,-27.39031452],[-52.66784047,-27.39007434],[-52.66771632,-27.38993064],[-52.6676289,-27.38971514],[-52.66759209,-27.38931905],[-52.66759225,-27.38931588],[-52.66762802,-27.38892055],[-52.66766761,-27.38852195],[-52.66767394,-27.38840533],[-52.66767167,-27.38812225],[-52.66767129,-27.38778272],[-52.66767852,-27.38772296],[-52.6677773,-27.38733224],[-52.6677779,-27.38732356],[-52.66777201,-27.38693236],[-52.66777309,-27.38688138],[-52.66779205,-27.3865332],[-52.66782685,-27.38613458],[-52.66786694,-27.38579951],[-52.66787552,-27.38573599],[-52.66794535,-27.3853339],[-52.66808259,-27.38495081],[-52.66820286,-27.38476506],[-52.66832638,-27.38461289],[-52.66859664,-27.38429489],[-52.6687874,-27.38407586],[-52.66887107,-27.38397986],[-52.66914619,-27.38366422],[-52.66884108,-27.3836735],[-52.66853598,-27.38368278],[-52.66846856,-27.38368483],[-52.66823018,-27.38366683],[-52.6679237,-27.38361651],[-52.66761949,-27.38361759],[-52.66750852,-27.3836486],[-52.66732626,-27.38372228],[-52.66705622,-27.38384371],[-52.66680721,-27.38395771],[-52.66678829,-27.38396611],[-52.66651618,-27.3840885],[-52.66624392,-27.3842109],[-52.66601438,-27.38431105],[-52.66596761,-27.38432901],[-52.66566839,-27.38438193],[-52.66540675,-27.38439548],[-52.66536045,-27.38439852],[-52.66505576,-27.38441747],[-52.66475105,-27.38443471],[-52.66444633,-27.38445053],[-52.66414159,-27.38446521],[-52.66399039,-27.38447216],[-52.66383676,-27.38447707],[-52.66353158,-27.38447777],[-52.66322618,-27.38447335],[-52.66292076,-27.38447207],[-52.66261549,-27.3844822],[-52.66256468,-27.38448557],[-52.66231669,-27.38452773],[-52.6620329,-27.38462821],[-52.66175947,-27.38476108],[-52.661549,-27.38487285],[-52.66149277,-27.38490503],[-52.66125706,-27.38508622],[-52.66103377,-27.38527838],[-52.66078348,-27.3854254],[-52.66073331,-27.3854425],[-52.66049527,-27.38551401],[-52.66020594,-27.38560093],[-52.65991661,-27.38568784],[-52.65962727,-27.38577476],[-52.65534053,-27.38576962],[-52.65295875,-27.38458268],[-52.65281085,-27.38477972],[-52.65266295,-27.38497677],[-52.65251505,-27.38517381],[-52.65241411,-27.38530828],[-52.65238271,-27.38537372],[-52.65242813,-27.38560584],[-52.65253522,-27.38584711],[-52.65253886,-27.38585989],[-52.65262515,-27.3860787],[-52.65274152,-27.38630952],[-52.65282822,-27.38653659],[-52.65283142,-27.38674698],[-52.65282871,-27.38675683],[-52.65268918,-27.38693662],[-52.65245159,-27.38707216],[-52.65219774,-27.38719608],[-52.65218896,-27.38720095],[-52.65196908,-27.38732516],[-52.65174354,-27.38744933],[-52.6515139,-27.3875633],[-52.65127297,-27.38766181],[-52.65111102,-27.38771387],[-52.6510151,-27.38773975],[-52.65075229,-27.38779564],[-52.65048873,-27.38783011],[-52.65022445,-27.38784363],[-52.64998724,-27.38783835],[-52.64995949,-27.38783679],[-52.64969426,-27.38782185],[-52.64942903,-27.38780691],[-52.6491638,-27.38779197],[-52.64889857,-27.38777703],[-52.64877756,-27.38755377],[-52.64868352,-27.3872299],[-52.64855436,-27.38693029],[-52.64832082,-27.38686382],[-52.64808302,-27.38678297],[-52.64777004,-27.386804],[-52.64746472,-27.38675959],[-52.64727399,-27.38659598],[-52.6471526,-27.38631771],[-52.64721401,-27.3860399],[-52.647311,-27.38582859],[-52.64728696,-27.38557076],[-52.64720222,-27.38533978],[-52.64716789,-27.38513459],[-52.64703028,-27.38488785],[-52.64667685,-27.38484798],[-52.64640483,-27.38480706],[-52.6461324,-27.38469422],[-52.64610078,-27.38446001],[-52.6461162,-27.38423155],[-52.64614466,-27.38404311],[-52.64616502,-27.38379059],[-52.64613166,-27.38367141],[-52.64614151,-27.38356547],[-52.64609344,-27.38337318],[-52.64565873,-27.38324149],[-52.64565527,-27.38323975],[-52.64546391,-27.38323393],[-52.64525712,-27.38334011],[-52.64504175,-27.3834665],[-52.6449139,-27.38351227],[-52.6448213,-27.38353232],[-52.64459962,-27.38357858],[-52.64437838,-27.38360987],[-52.64429594,-27.38361454],[-52.64415873,-27.38360994],[-52.6439415,-27.38356978],[-52.64372784,-27.38349323],[-52.6435604,-27.38340889],[-52.64351976,-27.38338474],[-52.64334136,-27.38324851],[-52.64319138,-27.38309512],[-52.64305364,-27.38293701],[-52.64291194,-27.38278664],[-52.64277071,-27.38267035],[-52.64274986,-27.38265676],[-52.64254775,-27.38256662],[-52.64234528,-27.38247422],[-52.64228835,-27.38243106],[-52.64219858,-27.38232526],[-52.64209544,-27.38214372],[-52.6419837,-27.38196825],[-52.64193071,-27.38191327],[-52.64182927,-27.38182294],[-52.64166996,-27.38168109],[-52.64151066,-27.38153924],[-52.64132393,-27.3818428],[-52.64113719,-27.38214637],[-52.64095046,-27.38244993],[-52.64079892,-27.38269628],[-52.64076194,-27.38275245],[-52.64052091,-27.38302445],[-52.64025058,-27.3832793],[-52.64001421,-27.38355366]]]]},"geometry_name":"geom","properties":{"id_terra_indigena":117,"Codigo":54001,"Nome":"Votouro/Kandóia","Etnia":"Kaingang","Municipio":"Benjamin Constant do Sul,Faxinalzinho","Unidade_Federacao":"RS","Fase":"Delimitada","Modalidade":"Tradicionalmente ocupada","Homologacao":"Homologada","dt_ini":"2013-01-01Z","dt_fim":"2029-10-30Z"}},{"type":"Feature","id":"vw_funai_terras_indigenas.fid-5c8cc48d_196abffcb4a_2784","geometry":{"type":"MultiPolygon","coordinates":[[[[-53.23544929,-29.05638418],[-53.23360982,-29.05657218],[-53.23169187,-29.05626349],[-53.22907932,-29.05546362],[-53.22860786,-29.05534363],[-53.22763185,-29.05541019],[-53.22733327,-29.05551674],[-53.22679657,-29.05588354],[-53.22600006,-29.05666385],[-53.2249775,-29.0574609],[-53.22395439,-29.05833011],[-53.22287188,-29.05890124],[-53.2219544,-29.05937409],[-53.22158734,-29.06039143],[-53.2214587,-29.06111243],[-53.22112562,-29.06170594],[-53.2202381,-29.06228721],[-53.2280996,-29.07119207],[-53.22921564,-29.07026924],[-53.22972536,-29.06939705],[-53.23049367,-29.06827373],[-53.23080953,-29.067229],[-53.23128921,-29.06624837],[-53.23220286,-29.06490934],[-53.23276447,-29.06395624],[-53.2333552,-29.06322885],[-53.23452872,-29.0628476],[-53.23509411,-29.06276963],[-53.23584653,-29.062395],[-53.23732742,-29.06210569],[-53.23863308,-29.0619056],[-53.24032968,-29.06160847],[-53.24206023,-29.06087846],[-53.24364944,-29.05981382],[-53.24504489,-29.05855861],[-53.24570936,-29.05756092],[-53.24683132,-29.05578089],[-53.24684821,-29.05486977],[-53.24610494,-29.0539995],[-53.24519615,-29.05329972],[-53.24476759,-29.05292741],[-53.24365142,-29.05250612],[-53.24182368,-29.05250484],[-53.24119682,-29.05257347],[-53.23994892,-29.05331523],[-53.23841979,-29.05459669],[-53.2372314,-29.05561844],[-53.23544929,-29.05638418]]]]},"geometry_name":"geom","properties":{"id_terra_indigena":519,"Codigo":41001,"Nome":"Salto Grande do Jacuí","Etnia":"Guaraní","Municipio":"Salto do Jacuí","Unidade_Federacao":"RS","Fase":"Regularizada","Modalidade":"Tradicionalmente ocupada","Homologacao":"Não Homologada","dt_ini":"2013-01-01Z","dt_fim":"2029-10-30Z"}},{"type":"Feature","id":"vw_funai_terras_indigenas.fid-5c8cc48d_196abffcb4a_2785","geometry":{"type":"MultiPolygon","coordinates":[[[[-52.01617297,-28.18207877],[-52.01564518,-28.18253116],[-52.01523205,-28.18284089],[-52.01468805,-28.18306753],[-52.01450344,-28.18313702],[-52.01408612,-28.18312195],[-52.01359002,-28.18296141],[-52.01317471,-28.18283811],[-52.01278861,-28.18278741],[-52.01265591,-28.18280352],[-52.01244125,-28.18284551],[-52.01223593,-28.18293273],[-52.01193747,-28.18309979],[-52.01172047,-28.18326803],[-52.01153251,-28.18351787],[-52.01141165,-28.1839942],[-52.01132852,-28.18463344],[-52.01126041,-28.18501131],[-52.01088098,-28.18570037],[-52.01064911,-28.18612096],[-52.01046899,-28.1864972],[-52.01030689,-28.18755023],[-52.01020622,-28.18803587],[-52.01010889,-28.18834115],[-52.00992025,-28.18862706],[-52.00963813,-28.18901083],[-52.00930208,-28.18955619],[-52.00910492,-28.18975177],[-52.00875585,-28.18990004],[-52.00833534,-28.19005629],[-52.00786642,-28.19007653],[-52.00739917,-28.19000659],[-52.00673043,-28.18981645],[-52.00609858,-28.18983431],[-52.00544553,-28.18989696],[-52.00504856,-28.18988215],[-52.00469433,-28.18975973],[-52.00369325,-28.18936628],[-52.0034497,-28.18931762],[-52.00288477,-28.18957098],[-52.00221465,-28.1900032],[-52.00141663,-28.19074024],[-52.0010445,-28.19103248],[-52.00092096,-28.19110284],[-52.00082914,-28.19111052],[-52.00062531,-28.19111656],[-52.00058609,-28.19103481],[-52.00052583,-28.19098883],[-52.00041398,-28.19097817],[-52.00034203,-28.1910132],[-52.00016774,-28.1910738],[-51.99978962,-28.19114044],[-51.9995055,-28.19108216],[-51.99860983,-28.19541689],[-51.99793643,-28.19875359],[-51.99794644,-28.19876276],[-51.99797582,-28.19882633],[-51.99821064,-28.19934393],[-51.9985782,-28.19984542],[-51.99893356,-28.20045498],[-51.99921377,-28.20127091],[-51.9993466,-28.20179603],[-51.99970012,-28.20250479],[-52.00000306,-28.20319476],[-52.00020466,-28.20385619],[-52.00027858,-28.20426319],[-52.00036402,-28.20459819],[-52.00045249,-28.20477087],[-52.00051208,-28.20485292],[-52.00063245,-28.2049539],[-52.00074414,-28.20497358],[-52.00090642,-28.20501203],[-52.00100659,-28.2051037],[-52.00110608,-28.20523143],[-52.00127334,-28.20554959],[-52.00172688,-28.20635902],[-52.0021651,-28.20689762],[-52.00234641,-28.20700851],[-52.00272906,-28.20724863],[-52.00335699,-28.20744722],[-52.0042599,-28.20764982],[-52.00530792,-28.20771922],[-52.00642992,-28.20764536],[-52.00746243,-28.20745293],[-52.00809823,-28.20722766],[-52.00870431,-28.20695685],[-52.00894074,-28.20684302],[-52.00904459,-28.20673629],[-52.0090658,-28.20669149],[-52.00906697,-28.20662837],[-52.00905879,-28.20652001],[-52.00892907,-28.20637379],[-52.00888967,-28.20630106],[-52.00972598,-28.20625008],[-52.01414692,-28.20571895],[-52.0168939,-28.20536189],[-52.01902762,-28.20511316],[-52.02341743,-28.20460834],[-52.02330772,-28.20448047],[-52.02306545,-28.20435971],[-52.02301769,-28.20418763],[-52.02301066,-28.20401614],[-52.0232604,-28.20373109],[-52.02347023,-28.20340037],[-52.02372512,-28.20283576],[-52.02398936,-28.20231639],[-52.02442573,-28.20185363],[-52.02467629,-28.20152349],[-52.02488611,-28.20119276],[-52.02499326,-28.20090565],[-52.02503881,-28.20064472],[-52.02499187,-28.20042755],[-52.02473704,-28.19988265],[-52.02459308,-28.19940248],[-52.02454979,-28.19898692],[-52.02460685,-28.19865399],[-52.0247347,-28.19834914],[-52.02490345,-28.19803586],[-52.02518555,-28.19765205],[-52.02551989,-28.19719683],[-52.02598207,-28.19643676],[-52.02608855,-28.19618572],[-52.02614527,-28.19587082],[-52.02613418,-28.19536552],[-52.02599652,-28.19454267],[-52.02597708,-28.19393802],[-52.02611055,-28.19332656],[-52.02631183,-28.1929055],[-52.02657453,-28.19246728],[-52.02680569,-28.19208274],[-52.02688045,-28.19189438],[-52.02691216,-28.1918317],[-52.02707684,-28.1911846],[-52.02709697,-28.19064366],[-52.02712363,-28.19030127],[-52.02718804,-28.19012179],[-52.02734443,-28.18992559],[-52.02758195,-28.18974861],[-52.0282388,-28.18947843],[-52.02855746,-28.18932065],[-52.02865126,-28.18920474],[-52.02880847,-28.18896345],[-52.02890492,-28.18870324],[-52.02902256,-28.18839824],[-52.02917861,-28.18822008],[-52.02930296,-28.1881046],[-52.02947756,-28.18802593],[-52.02972327,-28.18795731],[-52.02985664,-28.1879051],[-52.03010434,-28.18772826],[-52.03019912,-28.18755823],[-52.03083417,-28.18596923],[-52.02978095,-28.18647878],[-52.02931105,-28.1865532],[-52.02882112,-28.18660929],[-52.02792669,-28.18650621],[-52.02753305,-28.18631111],[-52.02716225,-28.18598103],[-52.0267951,-28.18545255],[-52.02651521,-28.18460961],[-52.02622382,-28.18383868],[-52.02604948,-28.18334906],[-52.02570287,-28.18281185],[-52.02534244,-28.1824729],[-52.02502092,-28.18223373],[-52.02439658,-28.18184586],[-52.02393018,-28.18173089],[-52.02345294,-28.18165184],[-52.02285186,-28.1816612],[-52.02233123,-28.18172585],[-52.02191093,-28.18187312],[-52.02151969,-28.182102],[-52.02131156,-28.18234255],[-52.02101007,-28.1821217],[-52.0203552,-28.18173338],[-52.01966779,-28.18145282],[-52.01916034,-28.18135528],[-52.01840835,-28.18126321],[-52.01770495,-28.18129814],[-52.01726528,-28.18139099],[-52.01686501,-28.18155659],[-52.01657608,-28.18175987],[-52.01617297,-28.18207877]]]]},"geometry_name":"geom","properties":{"id_terra_indigena":224,"Codigo":9601,"Nome":"Carreteiro","Etnia":"Kaingang","Municipio":"Água Santa","Unidade_Federacao":"RS","Fase":"Regularizada","Modalidade":"Tradicionalmente ocupada","Homologacao":"Não Homologada","dt_ini":"2013-01-01Z","dt_fim":"2029-10-30Z"}},{"type":"Feature","id":"vw_funai_terras_indigenas.fid-5c8cc48d_196abffcb4a_2786","geometry":{"type":"MultiPolygon","coordinates":[[[[-51.60511611,-27.78710567],[-51.60388584,-27.78721062],[-51.60318664,-27.78716242],[-51.60273151,-27.7870914],[-51.60241861,-27.78701381],[-51.60229707,-27.78700269],[-51.60220557,-27.78701012],[-51.60206335,-27.78701667],[-51.60190044,-27.7870409],[-51.60172739,-27.78706496],[-51.60156487,-27.78707116],[-51.60139222,-27.78707719],[-51.60121001,-27.78705598],[-51.60110876,-27.78704521],[-51.60105823,-27.78703531],[-51.60101805,-27.78701658],[-51.60101805,-27.78701658],[-51.60227064,-27.79467779],[-51.60233991,-27.79706915],[-51.60276182,-27.79865487],[-51.6029728,-27.80152672],[-51.6027737,-27.80382969],[-51.60288779,-27.80678359],[-51.60379044,-27.80866627],[-51.60478352,-27.82031446],[-51.60584609,-27.83371061],[-51.60724284,-27.84894315],[-51.60713963,-27.84893297],[-51.60708848,-27.84895013],[-51.60699633,-27.84898461],[-51.60691394,-27.84903729],[-51.60679035,-27.84911633],[-51.60666676,-27.84919536],[-51.60655372,-27.84925653],[-51.60645103,-27.84930887],[-51.60527243,-27.84980254],[-51.6050961,-27.84997084],[-51.60474345,-27.85030746],[-51.60421629,-27.85119124],[-51.60384812,-27.85177111],[-51.60306856,-27.85258736],[-51.60268088,-27.85313081],[-51.602456,-27.85365905],[-51.60236705,-27.85400926],[-51.6023679,-27.85489317],[-51.60240077,-27.8552455],[-51.60235483,-27.85594821],[-51.60209733,-27.85703509],[-51.60181743,-27.85720496],[-51.60142255,-27.85748593],[-51.60098972,-27.85785042],[-51.60075126,-27.85821127],[-51.59918638,-27.8587162],[-51.59902854,-27.858966],[-51.59890455,-27.85952304],[-51.59892408,-27.86047944],[-51.59869459,-27.86075504],[-51.59708886,-27.86218823],[-51.5963665,-27.86270779],[-51.59546152,-27.86385891],[-51.59492997,-27.86467144],[-51.5947705,-27.86515743],[-51.59448953,-27.86560546],[-51.59412314,-27.86600223],[-51.59383458,-27.86659453],[-51.59340174,-27.86710331],[-51.59338655,-27.86776016],[-51.5935764,-27.86823097],[-51.59353083,-27.86880809],[-51.59330302,-27.86936243],[-51.59314356,-27.86984083],[-51.59287778,-27.87026607],[-51.59220137,-27.87103219],[-51.59185257,-27.87164844],[-51.59175202,-27.87325608],[-51.59147105,-27.87412176],[-51.59122805,-27.87609991],[-51.59080313,-27.87730327],[-51.59089013,-27.87891621],[-51.59078385,-27.88000873],[-51.59086841,-27.88076276],[-51.59452261,-27.88109163],[-51.59452705,-27.8808458],[-51.60792664,-27.88197567],[-51.60958854,-27.87532739],[-51.6142344,-27.87329598],[-51.61425747,-27.87304786],[-51.61433309,-27.87284173],[-51.61439895,-27.87261738],[-51.61445366,-27.87243794],[-51.61451794,-27.87228572],[-51.61478882,-27.87197472],[-51.61550693,-27.87118441],[-51.61615515,-27.87033876],[-51.61652984,-27.86946133],[-51.61679067,-27.86868115],[-51.61731822,-27.86777929],[-51.61806981,-27.86638524],[-51.61829947,-27.86610058],[-51.61913223,-27.86563692],[-51.61969247,-27.8650964],[-51.61987816,-27.86496431],[-51.62045278,-27.86469462],[-51.62094638,-27.86441451],[-51.62148374,-27.86399084],[-51.62181726,-27.86359973],[-51.62197663,-27.86327778],[-51.62213796,-27.86286566],[-51.62204767,-27.86235],[-51.62208156,-27.86172824],[-51.62234933,-27.86109247],[-51.6226795,-27.86085463],[-51.62286538,-27.86071352],[-51.62481444,-27.85981808],[-51.62549112,-27.85952306],[-51.62575879,-27.8593563],[-51.62677892,-27.85867934],[-51.62718366,-27.85828042],[-51.62776667,-27.85762301],[-51.62865853,-27.85677246],[-51.62911814,-27.85618507],[-51.6294042,-27.8556398],[-51.62967558,-27.85530172],[-51.63011213,-27.8548402],[-51.6306496,-27.85440747],[-51.63116421,-27.8540916],[-51.63202591,-27.85369149],[-51.63253718,-27.85352889],[-51.634136,-27.85285278],[-51.63552826,-27.85233547],[-51.6361955,-27.85200416],[-51.63639169,-27.85185419],[-51.63708433,-27.85102561],[-51.63749439,-27.85038774],[-51.63823856,-27.850084],[-51.63921055,-27.85020549],[-51.64051287,-27.85012956],[-51.64062677,-27.85004603],[-51.64110518,-27.84968153],[-51.64145448,-27.8494765],[-51.64161395,-27.84930185],[-51.64174304,-27.8491196],[-51.64161395,-27.84879307],[-51.64174304,-27.84844376],[-51.6421531,-27.84815331],[-51.64256118,-27.84783776],[-51.64300759,-27.84691637],[-51.64319849,-27.84654081],[-51.64356173,-27.84541579],[-51.64381991,-27.84489182],[-51.64404772,-27.84447417],[-51.64417681,-27.84420839],[-51.64445778,-27.84393502],[-51.64486784,-27.84379834],[-51.64514121,-27.84359331],[-51.64553608,-27.84331234],[-51.64630136,-27.84250788],[-51.64641123,-27.84212191],[-51.64646001,-27.84174392],[-51.64603157,-27.84085389],[-51.64577338,-27.84039447],[-51.64532536,-27.83985532],[-51.64518867,-27.83935414],[-51.64535573,-27.83883777],[-51.64543167,-27.83841253],[-51.64564429,-27.83767214],[-51.64586451,-27.83716337],[-51.64606954,-27.83674571],[-51.64632013,-27.83670775],[-51.64672259,-27.83675331],[-51.64734907,-27.83671914],[-51.64822234,-27.83614961],[-51.64860203,-27.83548896],[-51.64885262,-27.83491944],[-51.64892096,-27.8344866],[-51.64886021,-27.83394745],[-51.64876149,-27.83351461],[-51.6486324,-27.83301722],[-51.64841218,-27.83269829],[-51.64836662,-27.83234139],[-51.64830587,-27.83193133],[-51.64854887,-27.8316048],[-51.64897412,-27.83137699],[-51.64950567,-27.83104287],[-51.6501967,-27.83087581],[-51.6507966,-27.83082265],[-51.65136612,-27.83073912],[-51.65195083,-27.830648],[-51.65262735,-27.83070972],[-51.65322467,-27.83101819],[-51.65352842,-27.83115488],[-51.65396126,-27.83134472],[-51.65465228,-27.83134472],[-51.65524459,-27.83123081],[-51.65576855,-27.83091188],[-51.65617182,-27.83065266],[-51.65655004,-27.83053281],[-51.65673523,-27.8304187],[-51.65694557,-27.83012214],[-51.65710981,-27.82989013],[-51.6572645,-27.82965892],[-51.65744675,-27.82925646],[-51.65734859,-27.82880557],[-51.65688478,-27.82818437],[-51.65668529,-27.82801863],[-51.65616009,-27.82789246],[-51.65470277,-27.82767831],[-51.6542084,-27.82753462],[-51.65389102,-27.82747574],[-51.65361764,-27.82741499],[-51.65347337,-27.82724034],[-51.65347337,-27.8270429],[-51.65353411,-27.82686065],[-51.65361005,-27.82669359],[-51.65369358,-27.82653413],[-51.65377711,-27.82640503],[-51.65382267,-27.82627594],[-51.65373914,-27.82614685],[-51.6533139,-27.82604054],[-51.65278614,-27.82587917],[-51.65229255,-27.82568933],[-51.65181415,-27.82543874],[-51.6513965,-27.8252413],[-51.6509181,-27.82502868],[-51.65053841,-27.82474772],[-51.65024226,-27.82433386],[-51.65010557,-27.8239238],[-51.65009039,-27.82357449],[-51.64993092,-27.82308091],[-51.64999926,-27.8226101],[-51.6499537,-27.82202539],[-51.64990054,-27.82142549],[-51.64952845,-27.82062435],[-51.64930064,-27.81999408],[-51.64917155,-27.81962958],[-51.64939936,-27.81942455],[-51.6498322,-27.81925749],[-51.65023466,-27.81928027],[-51.65053082,-27.8193714],[-51.65087253,-27.81942455],[-51.65100163,-27.81932584],[-51.6511524,-27.81905836],[-51.65125718,-27.81890681],[-51.65150131,-27.8188839],[-51.65171247,-27.81897769],[-51.65189202,-27.81912506],[-51.65199977,-27.81930728],[-51.65217938,-27.81992367],[-51.65243507,-27.82030684],[-51.65260448,-27.82045403],[-51.65274558,-27.82050152],[-51.65308609,-27.82063195],[-51.6533063,-27.82074585],[-51.6537179,-27.82107726],[-51.65405103,-27.8211641],[-51.65426453,-27.82114968],[-51.65446943,-27.82106297],[-51.65475137,-27.82069795],[-51.65456306,-27.82047248],[-51.65432006,-27.82037376],[-51.65411503,-27.8200928],[-51.65422894,-27.81992574],[-51.65419097,-27.81978146],[-51.65421375,-27.81959921],[-51.65412262,-27.81932584],[-51.65449471,-27.81909803],[-51.6548668,-27.81887781],[-51.65529205,-27.81869556],[-51.65596789,-27.81839941],[-51.65663613,-27.81822096],[-51.65747836,-27.81803833],[-51.65794217,-27.81771247],[-51.65859347,-27.81716429],[-51.65945748,-27.81663775],[-51.65972305,-27.81656108],[-51.65993634,-27.81655567],[-51.66024976,-27.8166151],[-51.66039879,-27.81658832],[-51.66060382,-27.8166111],[-51.66084682,-27.81678575],[-51.66105944,-27.81702875],[-51.66112778,-27.81737806],[-51.66114297,-27.8178071],[-51.66126447,-27.81836903],[-51.66102907,-27.81853609],[-51.66093035,-27.81881706],[-51.66101388,-27.81902968],[-51.66118094,-27.81913599],[-51.66139356,-27.81940177],[-51.66152266,-27.81999408],[-51.66152266,-27.82043451],[-51.66164415,-27.82083698],[-51.66195739,-27.82123185],[-51.66223836,-27.82160394],[-51.6624282,-27.82186972],[-51.66257248,-27.8222494],[-51.6626712,-27.82256833],[-51.66292179,-27.82274299],[-51.66309644,-27.82268983],[-51.66312682,-27.82250758],[-51.66316479,-27.8222494],[-51.66327869,-27.82202918],[-51.66345335,-27.82184693],[-51.663628,-27.82180897],[-51.66390327,-27.82157356],[-51.66449558,-27.82102682],[-51.66488285,-27.82078382],[-51.66520179,-27.82050285],[-51.66555869,-27.82025986],[-51.66583966,-27.81998649],[-51.66610544,-27.81974728],[-51.66629528,-27.81956504],[-51.66631046,-27.8193676],[-51.66634084,-27.81909423],[-51.6662725,-27.81863861],[-51.66598636,-27.81798391],[-51.66581181,-27.81760214],[-51.66582601,-27.81741297],[-51.66591066,-27.81725204],[-51.66618985,-27.81701323],[-51.66678127,-27.81686739],[-51.66699389,-27.81664717],[-51.66694074,-27.81638139],[-51.66694074,-27.81574352],[-51.66697871,-27.81547395],[-51.6671078,-27.81524614],[-51.66720652,-27.81491961],[-51.66732042,-27.81469939],[-51.66732042,-27.81448677],[-51.66702386,-27.81456494],[-51.66666737,-27.81482089],[-51.6663864,-27.8148057],[-51.66624078,-27.81463289],[-51.66638805,-27.81439185],[-51.66678127,-27.81400837],[-51.66704705,-27.81375018],[-51.66717204,-27.81333175],[-51.66739149,-27.81303781],[-51.66778248,-27.81279186],[-51.66797727,-27.81267188],[-51.66834936,-27.81245926],[-51.6689113,-27.81243648],[-51.66985291,-27.8124061],[-51.67055253,-27.81236957],[-51.67077175,-27.81203401],[-51.67124798,-27.8116507],[-51.67158822,-27.81140388],[-51.6718216,-27.81140781],[-51.67250983,-27.81197863],[-51.67273268,-27.81200042],[-51.67301757,-27.81196914],[-51.67326398,-27.811838],[-51.6742556,-27.8110339],[-51.67457496,-27.81081378],[-51.67483113,-27.81070084],[-51.67515045,-27.81048585],[-51.67546179,-27.81024286],[-51.67571238,-27.81011376],[-51.67594778,-27.81002264],[-51.67625912,-27.80996189],[-51.6766388,-27.81009098],[-51.67706405,-27.81030361],[-51.67742095,-27.81069848],[-51.6776032,-27.81108575],[-51.6782177,-27.81183114],[-51.67851444,-27.81191346],[-51.67878781,-27.8118755],[-51.67900803,-27.81173122],[-51.67926242,-27.81132116],[-51.67949023,-27.81098704],[-51.67986232,-27.8106681],[-51.68067484,-27.81012895],[-51.68117602,-27.80974927],[-51.68164248,-27.80973294],[-51.68194267,-27.80945836],[-51.6824527,-27.80886259],[-51.6826416,-27.80841088],[-51.68265679,-27.80828939],[-51.68261882,-27.80803879],[-51.68246695,-27.80763633],[-51.68215561,-27.8071959],[-51.68202651,-27.80682381],[-51.6814706,-27.80635667],[-51.68103659,-27.80624115],[-51.6798889,-27.80633402],[-51.6790384,-27.80618974],[-51.67837016,-27.80584043],[-51.67768673,-27.80544556],[-51.67683434,-27.80489691],[-51.67659894,-27.80457039],[-51.67662139,-27.80432696],[-51.67631797,-27.80429701],[-51.6760264,-27.80414558],[-51.67578539,-27.80402427],[-51.67558139,-27.80398377],[-51.67553582,-27.80374837],[-51.67578445,-27.8035913],[-51.67610535,-27.80333831],[-51.67626482,-27.80306494],[-51.67632557,-27.80276119],[-51.67661413,-27.80266248],[-51.67667487,-27.80233595],[-51.67665209,-27.80177402],[-51.67662172,-27.80127283],[-51.67680555,-27.8009206],[-51.67679905,-27.80074911],[-51.67694233,-27.80040135],[-51.67687679,-27.80043473],[-51.67631987,-27.80045652],[-51.67593259,-27.80039956],[-51.67559467,-27.80066344],[-51.67558571,-27.80100832],[-51.67476317,-27.80196576],[-51.67445693,-27.80206268],[-51.67415567,-27.80209865],[-51.67381396,-27.80192399],[-51.67357096,-27.80169618],[-51.67325203,-27.8014304],[-51.6729561,-27.80152329],[-51.67231801,-27.80151393],[-51.67188657,-27.80122566],[-51.67144552,-27.80096568],[-51.67038029,-27.79999164],[-51.6695892,-27.79901319],[-51.66922016,-27.79870932],[-51.66853203,-27.79813849],[-51.66824627,-27.7977368],[-51.66783903,-27.796846],[-51.66775022,-27.79672724],[-51.66746042,-27.7965149],[-51.66700926,-27.79625473],[-51.66603265,-27.79588648],[-51.66555241,-27.79556268],[-51.66507661,-27.7950315],[-51.66469416,-27.79488072],[-51.66394783,-27.79466066],[-51.66364771,-27.79445715],[-51.66344044,-27.79418306],[-51.663344,-27.79394691],[-51.66284164,-27.79323488],[-51.66225939,-27.79293641],[-51.66201841,-27.79281508],[-51.66123267,-27.79254021],[-51.66021969,-27.79245091],[-51.65951164,-27.79233971],[-51.65933917,-27.79233679],[-51.65924767,-27.79234426],[-51.65921104,-27.79238333],[-51.65606004,-27.79191141],[-51.65294991,-27.79165119],[-51.64125033,-27.79033367],[-51.63714664,-27.7898396],[-51.62650021,-27.78864372],[-51.62644474,-27.78867312],[-51.62630095,-27.78875183],[-51.62617803,-27.78880383],[-51.62603463,-27.78886451],[-51.62598253,-27.78892675],[-51.62593024,-27.78899801],[-51.6258877,-27.78908747],[-51.62577042,-27.78934702],[-51.62514741,-27.78999475],[-51.62482909,-27.7905164],[-51.62425957,-27.79094165],[-51.62351539,-27.79112389],[-51.62290852,-27.79120998],[-51.62247988,-27.79131987],[-51.62226663,-27.79132522],[-51.62139376,-27.79132824],[-51.62094076,-27.79115809],[-51.6192455,-27.79024499],[-51.61817139,-27.78970335],[-51.6173062,-27.78935472],[-51.61583331,-27.78895051],[-51.61546868,-27.78891716],[-51.61342099,-27.78880967],[-51.61243832,-27.78872956],[-51.61116578,-27.78844601],[-51.61029905,-27.78816947],[-51.61005912,-27.78800297],[-51.60954225,-27.78750698],[-51.60849131,-27.78691131],[-51.60807746,-27.78699863],[-51.60764462,-27.7871543],[-51.60723076,-27.78732896],[-51.60671439,-27.78756816],[-51.6063461,-27.78760992],[-51.60575664,-27.78731377],[-51.60511611,-27.78710567]]]]},"geometry_name":"geom","properties":{"id_terra_indigena":205,"Codigo":7801,"Nome":"Cacique Doble","Etnia":"Guaraní,Kaingang","Municipio":"Cacique Doble,São José do Ouro","Unidade_Federacao":"RS","Fase":"Regularizada","Modalidade":"Tradicionalmente ocupada","Homologacao":"Não Homologada","dt_ini":"2013-01-01Z","dt_fim":"2029-10-30Z"}},{"type":"Feature","id":"vw_funai_terras_indigenas.fid-5c8cc48d_196abffcb4a_2787","geometry":{"type":"MultiPolygon","coordinates":[[[[-49.7901656,-29.3712042],[-49.79249091,-29.37001997],[-49.79430262,-29.36894406],[-49.79601877,-29.36800999],[-49.79659891,-29.36757496],[-49.79813622,-29.36638972],[-49.7975055,-29.36578436],[-49.8004379,-29.36361395],[-49.79942627,-29.36258513],[-49.80140546,-29.36097962],[-49.80092157,-29.36052023],[-49.80443258,-29.35780103],[-49.80422817,-29.35771195],[-49.80409969,-29.35766336],[-49.80401,-29.35764647],[-49.80389608,-29.35761267],[-49.803787,-29.35757253],[-49.80364642,-29.3574817],[-49.80352765,-29.35738665],[-49.80338464,-29.35725568],[-49.80329737,-29.35716274],[-49.80321495,-29.35703388],[-49.80313009,-29.35687543],[-49.80307189,-29.35675501],[-49.8029846,-29.35664303],[-49.80288762,-29.35653316],[-49.80277852,-29.3564233],[-49.80219391,-29.35591775],[-49.7947636,-29.36174437],[-49.79343384,-29.36038601],[-49.79186777,-29.36157945],[-49.79196179,-29.36265987],[-49.79172378,-29.3635201],[-49.79232363,-29.36442454],[-49.79228769,-29.36448048],[-49.79193854,-29.36446927],[-49.79158311,-29.36402849],[-49.79155913,-29.36411514],[-49.79117923,-29.36465381],[-49.79026666,-29.36508696],[-49.78949872,-29.36532582],[-49.78908193,-29.3657989],[-49.79022867,-29.36685109],[-49.78978641,-29.3670849],[-49.78910941,-29.36681705],[-49.78872207,-29.36657308],[-49.78856286,-29.36638806],[-49.78890377,-29.36737351],[-49.78972426,-29.36880619],[-49.79033257,-29.36984564],[-49.78916768,-29.37045641],[-49.78926815,-29.37064184],[-49.78987982,-29.37098747],[-49.7901656,-29.3712042]]]]},"geometry_name":"geom","properties":{"id_terra_indigena":214,"Codigo":72301,"Nome":"Campo Bonito","Etnia":"Guarani Mbya","Municipio":"Torres","Unidade_Federacao":"RS","Fase":"Regularizada","Modalidade":"Reserva Indígena","Homologacao":"Não Homologada","dt_ini":"2013-01-01Z","dt_fim":"2029-10-30Z"}},{"type":"Feature","id":"vw_funai_terras_indigenas.fid-5c8cc48d_196abffcb4a_2788","geometry":{"type":"MultiPolygon","coordinates":[[[[-51.02200371,-30.18247875],[-51.0221504,-30.18381625],[-51.02321104,-30.1837772],[-51.02294012,-30.18518636],[-51.01929276,-30.18420213],[-51.01796692,-30.18442443],[-51.0160289,-30.18806739],[-51.01450106,-30.1918819],[-51.01510238,-30.19432953],[-51.01346338,-30.19734821],[-51.01446667,-30.19852491],[-51.01776642,-30.20106093],[-51.02048516,-30.19737259],[-51.02133153,-30.19755407],[-51.02068422,-30.19835069],[-51.02135826,-30.19873559],[-51.0222784,-30.19750343],[-51.0234804,-30.19863951],[-51.02433121,-30.19901939],[-51.02563146,-30.19723691],[-51.02946153,-30.19907251],[-51.03080968,-30.19603802],[-51.03332564,-30.19666284],[-51.03332645,-30.19663582],[-51.03350596,-30.19584658],[-51.03341474,-30.19507827],[-51.0333518,-30.19475231],[-51.0336196,-30.19413635],[-51.03350059,-30.19360179],[-51.03387851,-30.19312354],[-51.03385293,-30.19259109],[-51.03347398,-30.19241125],[-51.03357054,-30.19196269],[-51.0334584,-30.19154548],[-51.03352409,-30.19108722],[-51.03399365,-30.1910167],[-51.03123947,-30.18898922],[-51.0240667,-30.17639554],[-51.0224497,-30.17732345],[-51.02197321,-30.18038665],[-51.02200371,-30.18247875]]]]},"geometry_name":"geom","properties":{"id_terra_indigena":218,"Codigo":8901,"Nome":"Cantagalo","Etnia":"Guarani Mbya","Municipio":"Porto Alegre,Viamão","Unidade_Federacao":"RS","Fase":"Regularizada","Modalidade":"Tradicionalmente ocupada","Homologacao":"Não Homologada","dt_ini":"2013-01-01Z","dt_fim":"2029-10-30Z"}},{"type":"Feature","id":"vw_funai_terras_indigenas.fid-5c8cc48d_196abffcb4a_2789","geometry":{"type":"MultiPolygon","coordinates":[[[[-50.35136219,-30.35869509],[-50.35436528,-30.36049998],[-50.35829308,-30.3620692],[-50.35948112,-30.36286824],[-50.36091948,-30.36421492],[-50.35966268,-30.35965617],[-50.35964423,-30.35959258],[-50.35947116,-30.35948863],[-50.35926757,-30.35936582],[-50.35912302,-30.35933476],[-50.35874741,-30.35936036],[-50.35845597,-30.35936126],[-50.35796458,-30.35886097],[-50.35773815,-30.35851223],[-50.35745741,-30.35822506],[-50.35709349,-30.35793557],[-50.35668599,-30.35769894],[-50.3562587,-30.35743472],[-50.35585087,-30.35720709],[-50.35540312,-30.35693329],[-50.355057,-30.35672539],[-50.3546911,-30.35648992],[-50.35426281,-30.3562527],[-50.35401999,-30.3560657],[-50.35379997,-30.35582528],[-50.3536326,-30.35556829],[-50.35359031,-30.35530578],[-50.35345145,-30.35512168],[-50.35331527,-30.35486556],[-50.35324246,-30.35458418],[-50.35315255,-30.35420319],[-50.35343417,-30.35362529],[-50.35308105,-30.35360644],[-50.3526005,-30.35365613],[-50.35181379,-30.35382344],[-50.35161359,-30.35388995],[-50.3512987,-30.35396228],[-50.35103713,-30.35400005],[-50.35082358,-30.354706],[-50.35063884,-30.35519648],[-50.35040178,-30.35569452],[-50.35013153,-30.3562457],[-50.34991761,-30.35668129],[-50.3497342,-30.35713576],[-50.34998607,-30.35735906],[-50.35089196,-30.35818635],[-50.35136219,-30.35869509]]]]},"geometry_name":"geom","properties":{"id_terra_indigena":219,"Codigo":9101,"Nome":"Capivari","Etnia":"Guarani Mbya","Municipio":"Palmares do Sul","Unidade_Federacao":"RS","Fase":"Regularizada","Modalidade":"Tradicionalmente ocupada","Homologacao":"Não Homologada","dt_ini":"2013-01-01Z","dt_fim":"2029-10-30Z"}},{"type":"Feature","id":"vw_funai_terras_indigenas.fid-5c8cc48d_196abffcb4a_278a","geometry":{"type":"MultiPolygon","coordinates":[[[[-52.68674304,-27.49258567],[-52.68665712,-27.49258971],[-52.68628609,-27.49258366],[-52.68591443,-27.49256233],[-52.68554314,-27.49255635],[-52.68540745,-27.49256404],[-52.68517582,-27.49259701],[-52.68482123,-27.49269651],[-52.68460537,-27.49278204],[-52.68448515,-27.49284803],[-52.68421284,-27.49308262],[-52.68393241,-27.49329653],[-52.68383979,-27.49333423],[-52.68358417,-27.49340781],[-52.68322601,-27.49349512],[-52.68301757,-27.493543],[-52.68286462,-27.49356568],[-52.68249453,-27.49359834],[-52.68227716,-27.49368036],[-52.68216805,-27.49377036],[-52.68201389,-27.49407242],[-52.68191461,-27.49438072],[-52.68190824,-27.49439676],[-52.68180988,-27.49467749],[-52.68177497,-27.4947076],[-52.68141478,-27.49481194],[-52.68103304,-27.49477962],[-52.68100917,-27.49477818],[-52.68067954,-27.49463378],[-52.68055542,-27.49463853],[-52.68037383,-27.49477444],[-52.68018158,-27.49506652],[-52.68016541,-27.49509501],[-52.68011693,-27.49539944],[-52.68004583,-27.49572081],[-52.68001588,-27.49575227],[-52.67974504,-27.49592427],[-52.6793986,-27.4960431],[-52.67939505,-27.49604414],[-52.67903101,-27.49610544],[-52.6787865,-27.49615566],[-52.67868301,-27.49620073],[-52.6783935,-27.49641695],[-52.67809306,-27.49660918],[-52.67809289,-27.49660924],[-52.67772495,-27.49664912],[-52.67735323,-27.49667703],[-52.67733297,-27.49668323],[-52.67704542,-27.49685198],[-52.67674689,-27.49706003],[-52.67661943,-27.49710955],[-52.67638984,-27.49715496],[-52.67601708,-27.49717379],[-52.67584961,-27.49716539],[-52.67563515,-27.49715284],[-52.6752859,-27.49703947],[-52.67526441,-27.49701545],[-52.67507259,-27.4967687],[-52.6748624,-27.49649623],[-52.67478603,-27.49639734],[-52.67465189,-27.49622371],[-52.67444134,-27.49595114],[-52.67435749,-27.49584286],[-52.67417439,-27.495726],[-52.67403541,-27.49569542],[-52.67380287,-27.49567559],[-52.6734299,-27.49567553],[-52.67308398,-27.4957044],[-52.67306042,-27.49570727],[-52.6726953,-27.49576625],[-52.67233055,-27.49583354],[-52.67203953,-27.4958749],[-52.67196414,-27.49588321],[-52.67158667,-27.49591596],[-52.67121943,-27.49587618],[-52.67118952,-27.49586679],[-52.67087176,-27.49576032],[-52.67052425,-27.49564389],[-52.67024372,-27.49597002],[-52.6699632,-27.49629615],[-52.66968267,-27.49662228],[-52.66940214,-27.49694841],[-52.66935416,-27.49700419],[-52.66916036,-27.49729206],[-52.66898181,-27.49766697],[-52.66878266,-27.49804004],[-52.66857969,-27.49828706],[-52.66848169,-27.49837546],[-52.66810256,-27.49862447],[-52.66768229,-27.49879669],[-52.66723688,-27.4989183],[-52.66685057,-27.49900137],[-52.6667821,-27.49901506],[-52.66631848,-27.49908527],[-52.66585097,-27.49911214],[-52.66539272,-27.49908608],[-52.66521033,-27.49905783],[-52.66495845,-27.4989833],[-52.66454837,-27.49878588],[-52.66413085,-27.4985983],[-52.66394126,-27.4985494],[-52.66368124,-27.49850652],[-52.66322215,-27.49844732],[-52.66276042,-27.49841082],[-52.66229891,-27.49840002],[-52.66191878,-27.49841267],[-52.66184024,-27.49841737],[-52.66137745,-27.49844473],[-52.66091146,-27.49848111],[-52.66044949,-27.49853913],[-52.65999876,-27.4986314],[-52.65956648,-27.49877052],[-52.65950543,-27.49879548],[-52.65914939,-27.49894544],[-52.65907884,-27.49897509],[-52.65900919,-27.49900758],[-52.65893994,-27.49904138],[-52.65887063,-27.49907496],[-52.65880077,-27.49910681],[-52.65872989,-27.49913538],[-52.65865752,-27.49915915],[-52.65858317,-27.49917659],[-52.65853926,-27.49918318],[-52.65850661,-27.49918699],[-52.65842962,-27.49919595],[-52.65835262,-27.49920487],[-52.65827563,-27.49921376],[-52.65819863,-27.49922264],[-52.65812163,-27.49923151],[-52.65804462,-27.49924037],[-52.65796762,-27.49924924],[-52.65789062,-27.49925813],[-52.65756422,-27.51030804],[-52.65757503,-27.51031789],[-52.65758585,-27.51032773],[-52.65759666,-27.51033758],[-52.65760747,-27.51034743],[-52.65761828,-27.51035728],[-52.65762909,-27.51036713],[-52.6576399,-27.51037698],[-52.65765071,-27.51038683],[-52.65766153,-27.51039668],[-52.65767234,-27.51040652],[-52.65768315,-27.51041637],[-52.65769396,-27.51042622],[-52.65769437,-27.51042659],[-52.65770441,-27.51043636],[-52.65771427,-27.51044698],[-52.65772381,-27.51045785],[-52.65773335,-27.51046873],[-52.65774315,-27.51047939],[-52.65775352,-27.5104896],[-52.65775432,-27.51049033],[-52.65776433,-27.51049945],[-52.65794388,-27.51071773],[-52.65795328,-27.51072917],[-52.65813949,-27.51096113],[-52.65831559,-27.51119944],[-52.6584742,-27.51144729],[-52.65860795,-27.5117079],[-52.65864931,-27.51180728],[-52.6587084,-27.51198186],[-52.65877485,-27.51226066],[-52.65882284,-27.5125418],[-52.65886025,-27.51277476],[-52.65886825,-27.5128236],[-52.65890379,-27.51310648],[-52.65892971,-27.51339036],[-52.65895776,-27.51367417],[-52.6589997,-27.51395682],[-52.65902656,-27.51408469],[-52.65906741,-27.51423597],[-52.65916601,-27.51450565],[-52.65928988,-27.51476722],[-52.65943274,-27.51502304],[-52.65958828,-27.51527545],[-52.6597381,-27.51550814],[-52.65975018,-27.51552684],[-52.65991094,-27.51577966],[-52.6600748,-27.51602919],[-52.66025155,-27.51626773],[-52.66045099,-27.51648758],[-52.66064534,-27.51665376],[-52.66068242,-27.5166814],[-52.66092754,-27.51686415],[-52.66117266,-27.51704689],[-52.66141779,-27.51722964],[-52.66163018,-27.51724945],[-52.66174134,-27.51725982],[-52.66184179,-27.51727294],[-52.66204844,-27.51731959],[-52.6622517,-27.51738128],[-52.66245422,-27.51744483],[-52.66252839,-27.51746589],[-52.6626578,-27.51750187],[-52.66286097,-27.51756147],[-52.66306376,-27.51762288],[-52.66326643,-27.51768403],[-52.66346924,-27.51774283],[-52.66361777,-27.51778314],[-52.66367315,-27.51779614],[-52.66388859,-27.51782218],[-52.66411132,-27.51781418],[-52.66433117,-27.51777361],[-52.66453799,-27.51770193],[-52.66470293,-27.5176131],[-52.66472179,-27.51760077],[-52.66489401,-27.5174882],[-52.66506622,-27.51737563],[-52.66523843,-27.51726306],[-52.66541064,-27.51715049],[-52.66558285,-27.51703792],[-52.66575506,-27.51692535],[-52.66592727,-27.51681278],[-52.66580103,-27.51636945],[-52.66578459,-27.51628273],[-52.66596866,-27.51577477],[-52.66632929,-27.51537297],[-52.6663987,-27.51530844],[-52.66692384,-27.51500819],[-52.66734923,-27.5147331],[-52.6673967,-27.51468359],[-52.66778257,-27.51425804],[-52.66814394,-27.51381472],[-52.66818076,-27.51376659],[-52.66846236,-27.51334818],[-52.66875993,-27.51287014],[-52.66897452,-27.51257413],[-52.66911172,-27.51241843],[-52.66955338,-27.51204387],[-52.66992508,-27.51180725],[-52.67007163,-27.51172581],[-52.67062613,-27.51149049],[-52.6710131,-27.51139357],[-52.6712248,-27.51135731],[-52.67184001,-27.51129025],[-52.67245221,-27.51130435],[-52.67256264,-27.51131813],[-52.67305788,-27.51139089],[-52.67357298,-27.51147214],[-52.67366272,-27.51148685],[-52.6742668,-27.51158513],[-52.67487012,-27.5116856],[-52.67539124,-27.51177819],[-52.67547219,-27.5117934],[-52.67606993,-27.51191815],[-52.67666316,-27.51205891],[-52.67725393,-27.51220898],[-52.67755125,-27.51228598],[-52.67784348,-27.51236335],[-52.67842862,-27.5125283],[-52.67883238,-27.51265004],[-52.67900967,-27.5127064],[-52.67958203,-27.51290505],[-52.68014807,-27.51311691],[-52.68033414,-27.51318763],[-52.68070218,-27.51335253],[-52.68123228,-27.51363657],[-52.68177712,-27.51388802],[-52.68201528,-27.51396149],[-52.68236547,-27.51404396],[-52.68296411,-27.51416524],[-52.68356574,-27.51427318],[-52.6840047,-27.51435026],[-52.68416823,-27.51437946],[-52.68476935,-27.51448612],[-52.68537195,-27.51458836],[-52.6858028,-27.51465599],[-52.68597985,-27.51468092],[-52.68659168,-27.51474367],[-52.68720508,-27.51477625],[-52.68781864,-27.5147861],[-52.68804838,-27.51478546],[-52.68843129,-27.51477485],[-52.68904363,-27.51473393],[-52.68963876,-27.51468315],[-52.689656,-27.51468171],[-52.69026314,-27.51461925],[-52.69086414,-27.51449834],[-52.69098763,-27.51446125],[-52.69138588,-27.51421233],[-52.69170454,-27.51375518],[-52.69171908,-27.5137267],[-52.69186214,-27.51317539],[-52.69180737,-27.51276362],[-52.69176041,-27.51264556],[-52.6914733,-27.51215562],[-52.69133256,-27.51182979],[-52.69128763,-27.51163703],[-52.69118089,-27.51109806],[-52.6910685,-27.51055898],[-52.69104507,-27.51046462],[-52.69092549,-27.51002734],[-52.69075942,-27.50950066],[-52.69068449,-27.50928824],[-52.69055425,-27.50898419],[-52.69025871,-27.50850764],[-52.68995895,-27.50816256],[-52.68986233,-27.508068],[-52.68939497,-27.50769857],[-52.68886028,-27.5074389],[-52.68883402,-27.50743013],[-52.68828275,-27.50725264],[-52.68773498,-27.5070769],[-52.68770535,-27.50706726],[-52.68713005,-27.5068769],[-52.68655381,-27.50668763],[-52.68643439,-27.50664957],[-52.68596013,-27.50657134],[-52.68533888,-27.50657935],[-52.6847213,-27.50655892],[-52.68462393,-27.50654224],[-52.68412229,-27.50644071],[-52.68352455,-27.50631588],[-52.68299844,-27.50620204],[-52.68292771,-27.50618644],[-52.68233224,-27.50605317],[-52.68173774,-27.50591712],[-52.68142378,-27.50584426],[-52.68114782,-27.5057686],[-52.6806878,-27.50560268],[-52.68057913,-27.50555688],[-52.68007579,-27.50525511],[-52.67973436,-27.50492594],[-52.67965662,-27.50482594],[-52.67943783,-27.50431726],[-52.67941881,-27.50422818],[-52.67937455,-27.50377103],[-52.67940934,-27.5033258],[-52.67942602,-27.50322552],[-52.6795903,-27.50270043],[-52.67971251,-27.50251661],[-52.67998273,-27.50226727],[-52.68021323,-27.50211532],[-52.68048313,-27.50194678],[-52.68099994,-27.50165332],[-52.68137452,-27.5014857],[-52.68155621,-27.50142262],[-52.68214939,-27.50127544],[-52.68274086,-27.50113132],[-52.68285685,-27.50109371],[-52.68329775,-27.50090301],[-52.68383894,-27.50063304],[-52.68440299,-27.50044063],[-52.68440945,-27.50043936],[-52.6850089,-27.50032129],[-52.68560835,-27.50020322],[-52.6862078,-27.50008515],[-52.68680724,-27.49996707],[-52.68730737,-27.49974599],[-52.6878075,-27.4995249],[-52.6879264,-27.49947234],[-52.6883095,-27.49930747],[-52.68881745,-27.4991017],[-52.68933093,-27.4989068],[-52.68984935,-27.49872165],[-52.69037212,-27.49854511],[-52.69089862,-27.49837603],[-52.69096572,-27.49835504],[-52.69142854,-27.49821627],[-52.69196224,-27.49807011],[-52.69250007,-27.49793764],[-52.69293519,-27.4978412],[-52.69304228,-27.49781867],[-52.69358623,-27.49770642],[-52.69413132,-27.4975996],[-52.69445683,-27.49753967],[-52.69467834,-27.49750024],[-52.69522606,-27.49740431],[-52.69577422,-27.49731041],[-52.69603887,-27.49726577],[-52.69632307,-27.49721912],[-52.69687302,-27.49713365],[-52.69735694,-27.49706156],[-52.69742364,-27.49705226],[-52.69797902,-27.49700299],[-52.69853541,-27.49695869],[-52.69874499,-27.49693017],[-52.69908571,-27.49687207],[-52.69963192,-27.49676686],[-52.70017442,-27.4966481],[-52.70071309,-27.49651668],[-52.70124783,-27.49637344],[-52.70142392,-27.49632358],[-52.70177944,-27.4962216],[-52.70231083,-27.49606916],[-52.70284221,-27.49591673],[-52.7033736,-27.49576429],[-52.70362189,-27.49568875],[-52.70371892,-27.49565923],[-52.70386886,-27.49561352],[-52.70410946,-27.49553726],[-52.70434376,-27.49545431],[-52.70457238,-27.4953587],[-52.70479592,-27.49524447],[-52.705015,-27.49510567],[-52.70523026,-27.49493635],[-52.70535815,-27.4948173],[-52.70543618,-27.49473307],[-52.70557991,-27.49451638],[-52.70565817,-27.49429447],[-52.70568224,-27.49407034],[-52.70568124,-27.49401725],[-52.70566397,-27.49384513],[-52.70560662,-27.49361809],[-52.70550373,-27.49339297],[-52.70547655,-27.49334765],[-52.70536544,-27.49317829],[-52.70522053,-27.49298281],[-52.70506387,-27.49280189],[-52.70488921,-27.49263057],[-52.70488786,-27.49262935],[-52.70470368,-27.49246312],[-52.70451702,-27.49229844],[-52.70432639,-27.49213853],[-52.70412893,-27.49198541],[-52.70408616,-27.49195419],[-52.70392523,-27.49183805],[-52.7037213,-27.4916909],[-52.70351738,-27.49154374],[-52.70331345,-27.49139659],[-52.70325327,-27.49135091],[-52.70321887,-27.49132344],[-52.70313314,-27.49124254],[-52.7030558,-27.4911543],[-52.70298376,-27.49106144],[-52.70291391,-27.49096669],[-52.70284316,-27.49087278],[-52.70276841,-27.49078244],[-52.70268656,-27.49069839],[-52.70259451,-27.49062337],[-52.70259388,-27.49062293],[-52.70249429,-27.49055627],[-52.70239098,-27.49049301],[-52.7022859,-27.49043196],[-52.70218036,-27.4903715],[-52.70207567,-27.49031001],[-52.70197315,-27.49024586],[-52.70192069,-27.49021062],[-52.70187361,-27.49017805],[-52.70177461,-27.49010956],[-52.70167561,-27.49004107],[-52.70157661,-27.48997259],[-52.70147761,-27.4899041],[-52.70137861,-27.48983562],[-52.70112218,-27.48965932],[-52.70086575,-27.48948303],[-52.70060931,-27.48930674],[-52.70035288,-27.48913045],[-52.70009645,-27.48895415],[-52.69984002,-27.48877786],[-52.69970214,-27.48868307],[-52.69958197,-27.48860363],[-52.69931283,-27.48844348],[-52.69903547,-27.48829382],[-52.69875523,-27.48814792],[-52.69847741,-27.48799906],[-52.69829466,-27.48789394],[-52.69820773,-27.48783994],[-52.69795162,-27.48766271],[-52.6977006,-27.48747861],[-52.69744336,-27.48730289],[-52.69721024,-27.48717097],[-52.69716885,-27.48715052],[-52.69688315,-27.48701439],[-52.69659497,-27.48688279],[-52.69630611,-27.48675248],[-52.69623396,-27.48671971],[-52.69601384,-27.48662743],[-52.69571276,-27.4865162],[-52.69541162,-27.48640514],[-52.69511978,-27.48627967],[-52.69484659,-27.48612521],[-52.69477423,-27.48607442],[-52.69460265,-27.48593291],[-52.69438337,-27.48572083],[-52.69418363,-27.4855275],[-52.69416361,-27.48550927],[-52.69394577,-27.48577726],[-52.69372792,-27.48604526],[-52.69358857,-27.48621669],[-52.69351322,-27.48631505],[-52.69332687,-27.48660112],[-52.69314818,-27.48689197],[-52.6931145,-27.4869431],[-52.69295668,-27.48717561],[-52.69275421,-27.48745277],[-52.69262082,-27.48761519],[-52.69252212,-27.48771056],[-52.69221926,-27.48790246],[-52.69190358,-27.48808334],[-52.69180483,-27.48815793],[-52.69163214,-27.48830825],[-52.69137653,-27.48854682],[-52.69113319,-27.48879867],[-52.69109854,-27.48883704],[-52.69090899,-27.4890659],[-52.69071082,-27.48934534],[-52.69054285,-27.48961681],[-52.69053243,-27.48963505],[-52.69040994,-27.48994513],[-52.69033283,-27.49027112],[-52.69024108,-27.49059395],[-52.69015468,-27.49077713],[-52.69008175,-27.49089522],[-52.68987857,-27.4911699],[-52.68964366,-27.49142333],[-52.68937737,-27.49166089],[-52.6892627,-27.49175224],[-52.68908532,-27.49188465],[-52.68878455,-27.49208204],[-52.68846684,-27.49224666],[-52.6881219,-27.4923731],[-52.68812134,-27.49237326],[-52.68775789,-27.49246279],[-52.68739306,-27.49252428],[-52.68702631,-27.49256466],[-52.68674304,-27.49258567]]]]},"geometry_name":"geom","properties":{"id_terra_indigena":277,"Codigo":14701,"Nome":"Guarani Votouro","Etnia":"Guaraní","Municipio":"Benjamin Constant do Sul","Unidade_Federacao":"RS","Fase":"Regularizada","Modalidade":"Tradicionalmente ocupada","Homologacao":"Não Homologada","dt_ini":"2013-01-01Z","dt_fim":"2029-10-30Z"}},{"type":"Feature","id":"vw_funai_terras_indigenas.fid-5c8cc48d_196abffcb4a_278b","geometry":{"type":"MultiPolygon","coordinates":[[[[-50.28455502,-29.64664071],[-50.28510308,-29.65112587],[-50.28809494,-29.65069588],[-50.28763681,-29.66091141],[-50.2916618,-29.66218644],[-50.29165108,-29.66444809],[-50.28591237,-29.6639632],[-50.28672197,-29.66695973],[-50.28689562,-29.66757738],[-50.28105222,-29.67161322],[-50.28227533,-29.67432397],[-50.28083489,-29.67723043],[-50.28048891,-29.67792364],[-50.26933425,-29.67741222],[-50.26087475,-29.67502033],[-50.25539863,-29.67552375],[-50.25722108,-29.68072979],[-50.26900194,-29.68192672],[-50.26866423,-29.68462972],[-50.27018231,-29.68914218],[-50.26901543,-29.69302041],[-50.27082449,-29.69889279],[-50.26820984,-29.70528958],[-50.26348191,-29.70843667],[-50.26135107,-29.7098545],[-50.26150567,-29.71004124],[-50.26166028,-29.71022797],[-50.26181488,-29.71041471],[-50.26196948,-29.71060144],[-50.26212409,-29.71078817],[-50.26222195,-29.71090637],[-50.26228037,-29.71097376],[-50.26245512,-29.71114627],[-50.26264896,-29.71130411],[-50.26285718,-29.71144923],[-50.2630751,-29.71158357],[-50.26311619,-29.71160745],[-50.26330179,-29.71170387],[-50.26353742,-29.71180884],[-50.26377299,-29.71191287],[-50.2639798,-29.71201928],[-50.26399933,-29.71203056],[-50.26421908,-29.71215825],[-50.26443758,-29.71228762],[-50.26465402,-29.71241967],[-50.26486764,-29.71255541],[-50.26504133,-29.71267099],[-50.26507763,-29.71269583],[-50.26528316,-29.71284059],[-50.26548564,-29.71298818],[-50.26568717,-29.71313724],[-50.26571604,-29.71315859],[-50.26588825,-29.71328572],[-50.26607945,-29.71344391],[-50.26615751,-29.71352248],[-50.26624161,-29.71363021],[-50.26635065,-29.7138401],[-50.26643196,-29.71406064],[-50.26646503,-29.71415294],[-50.26650513,-29.71428308],[-50.2665559,-29.7145115],[-50.26661754,-29.71473555],[-50.26668625,-29.71488009],[-50.26672523,-29.71494427],[-50.26677115,-29.71503121],[-50.26681706,-29.71511815],[-50.26686298,-29.71520509],[-50.26690889,-29.71529202],[-50.26695481,-29.71537896],[-50.26700072,-29.7154659],[-50.26703443,-29.71552972],[-50.26704709,-29.71555268],[-50.26710162,-29.71563662],[-50.26716323,-29.71571803],[-50.26722689,-29.71579856],[-50.26728759,-29.71587985],[-50.26734028,-29.71596357],[-50.26737995,-29.71605135],[-50.2673956,-29.71610762],[-50.26740322,-29.71614434],[-50.26742275,-29.71623852],[-50.26744229,-29.7163327],[-50.26746182,-29.71642688],[-50.26748135,-29.71652106],[-50.26750088,-29.71661523],[-50.27550953,-29.70836051],[-50.28135621,-29.70234259],[-50.28132622,-29.70231471],[-50.2800244,-29.70089041],[-50.28446863,-29.69587832],[-50.28901997,-29.69075191],[-50.28919249,-29.69055848],[-50.28919216,-29.69056748],[-50.2892857,-29.69056924],[-50.28938186,-29.69056977],[-50.28948007,-29.69056943],[-50.28957972,-29.6905686],[-50.28968025,-29.69056762],[-50.28978105,-29.69056687],[-50.28988156,-29.6905667],[-50.28998118,-29.69056749],[-50.29007934,-29.69056958],[-50.29017544,-29.69057336],[-50.2902689,-29.69057917],[-50.29027715,-29.6905798],[-50.2903598,-29.69059659],[-50.29044962,-29.69063144],[-50.29053968,-29.69067191],[-50.29063127,-29.69070607],[-50.29063429,-29.69070694],[-50.29072409,-29.69073287],[-50.29081698,-29.69075979],[-50.2909102,-29.69078588],[-50.29100401,-29.69081018],[-50.2910334,-29.69081723],[-50.29109844,-29.69083251],[-50.29119292,-29.69085469],[-50.29128739,-29.69087688],[-50.29138187,-29.69089907],[-50.29156598,-29.69092663],[-50.29175009,-29.69095419],[-50.2919342,-29.69098175],[-50.29211831,-29.69100931],[-50.2921221,-29.69100988],[-50.29230258,-29.69103591],[-50.29248637,-29.69106496],[-50.29259483,-29.69108618],[-50.29266774,-29.69110439],[-50.29284181,-29.69116347],[-50.29301295,-29.69122983],[-50.29310522,-29.69126265],[-50.2931868,-29.69128911],[-50.29336255,-29.69134401],[-50.29353851,-29.69139889],[-50.29363661,-29.6914307],[-50.29371265,-29.6914581],[-50.2938765,-29.69153574],[-50.29399177,-29.69161185],[-50.29402551,-29.69163854],[-50.29415307,-29.69175817],[-50.29426513,-29.69188738],[-50.29433998,-29.69198205],[-50.2943714,-29.69202279],[-50.2944722,-29.69216061],[-50.29456565,-29.69230108],[-50.29464392,-29.69243211],[-50.29465111,-29.69244553],[-50.29470348,-29.69260256],[-50.2947466,-29.69273237],[-50.29476108,-29.69275603],[-50.29488957,-29.6928811],[-50.29491489,-29.69293533],[-50.29492788,-29.69303725],[-50.2949376,-29.69316126],[-50.29493999,-29.69319971],[-50.29495006,-29.69336232],[-50.2949601,-29.69352493],[-50.29497005,-29.69368485],[-50.29497022,-29.69368754],[-50.29498069,-29.69385012],[-50.29499181,-29.69401267],[-50.29499681,-29.69408211],[-50.29500928,-29.69417453],[-50.29505425,-29.69433258],[-50.29512062,-29.69448658],[-50.29516484,-29.69457344],[-50.29519989,-29.69463616],[-50.29529094,-29.69477863],[-50.29538745,-29.69491759],[-50.29548143,-29.69505791],[-50.29552678,-29.69513326],[-50.29556801,-29.69520322],[-50.29565862,-29.69534922],[-50.29574629,-29.69549646],[-50.29582024,-29.69564686],[-50.29586967,-29.69580233],[-50.29588178,-29.69588214],[-50.29588916,-29.69596373],[-50.29590383,-29.69612608],[-50.30028879,-29.69861856],[-50.30492754,-29.70124415],[-50.30740915,-29.70010569],[-50.31115245,-29.69838947],[-50.31119367,-29.69189308],[-50.31474056,-29.69129776],[-50.31533381,-29.69118808],[-50.31681467,-29.69140043],[-50.32155464,-29.69182035],[-50.32185411,-29.68190655],[-50.33103279,-29.68219675],[-50.33152106,-29.68212914],[-50.33201353,-29.6731308],[-50.33469776,-29.67122234],[-50.3351009,-29.67093608],[-50.33509515,-29.67090198],[-50.3350894,-29.67086789],[-50.33508366,-29.6708338],[-50.33507791,-29.67079971],[-50.33507216,-29.67076562],[-50.33506642,-29.67073153],[-50.33506067,-29.67069743],[-50.33505492,-29.67066334],[-50.33504917,-29.67062925],[-50.33504343,-29.67059516],[-50.33504137,-29.67058296],[-50.3350381,-29.67056099],[-50.33503475,-29.67052656],[-50.33503368,-29.67049201],[-50.33503507,-29.67045751],[-50.33503595,-29.67044764],[-50.3350384,-29.67042318],[-50.33504184,-29.67038885],[-50.33504528,-29.67035452],[-50.33504872,-29.67032019],[-50.33505216,-29.67028587],[-50.33506444,-29.67023213],[-50.33509312,-29.67012083],[-50.33514424,-29.66995781],[-50.33520059,-29.66979596],[-50.33525642,-29.66963433],[-50.33526252,-29.66961578],[-50.33531269,-29.66947271],[-50.33537232,-29.66931153],[-50.33542374,-29.66916062],[-50.33542682,-29.66915014],[-50.33543619,-29.66898624],[-50.33539257,-29.66881973],[-50.33532309,-29.6686526],[-50.33529945,-29.66859844],[-50.33525104,-29.66849116],[-50.33516612,-29.66834586],[-50.33504152,-29.66820885],[-50.33502474,-29.66819433],[-50.3348763,-29.66808909],[-50.33469925,-29.66805016],[-50.33469772,-29.66805035],[-50.33451115,-29.66808197],[-50.33432343,-29.66812652],[-50.3341364,-29.66817883],[-50.3340529,-29.66820353],[-50.33395273,-29.66823549],[-50.33377472,-29.66829885],[-50.33359625,-29.66836174],[-50.33341036,-29.66841572],[-50.33339394,-29.66841964],[-50.33321696,-29.66844697],[-50.33302339,-29.66845344],[-50.33284508,-29.66844954],[-50.33283059,-29.66844902],[-50.33263912,-29.66842452],[-50.33244828,-29.66838592],[-50.33225706,-29.66836048],[-50.33219724,-29.66835954],[-50.33206543,-29.6683671],[-50.3318757,-29.6683943],[-50.33168803,-29.66843958],[-50.33150236,-29.66850174],[-50.33147861,-29.6685109],[-50.33132093,-29.66857428],[-50.33114756,-29.66865085],[-50.33098269,-29.66873578],[-50.33083669,-29.66882659],[-50.33082662,-29.66883351],[-50.33067451,-29.66893805],[-50.3305224,-29.6690426],[-50.33037029,-29.66914714],[-50.33019627,-29.66921425],[-50.33002226,-29.66928137],[-50.32984824,-29.66934848],[-50.32982521,-29.66935737],[-50.32968453,-29.66943083],[-50.32954668,-29.66954725],[-50.32943271,-29.66968766],[-50.32934043,-29.66984163],[-50.32929801,-29.66992856],[-50.32927728,-29.67000055],[-50.32928717,-29.67016788],[-50.32931286,-29.67033682],[-50.32929967,-29.6704513],[-50.32928398,-29.67049847],[-50.32922747,-29.67065539],[-50.32916083,-29.67080901],[-50.32907847,-29.67095804],[-50.32897484,-29.67110117],[-50.32886884,-29.67121441],[-50.32884468,-29.67123676],[-50.32869813,-29.67135054],[-50.32854281,-29.6714427],[-50.32837942,-29.67152298],[-50.32831916,-29.67155067],[-50.3282074,-29.6715936],[-50.32802579,-29.6716415],[-50.32784099,-29.6716825],[-50.32765994,-29.67173492],[-50.32753528,-29.67179032],[-50.32748906,-29.67181584],[-50.32732645,-29.67191582],[-50.32717781,-29.67202901],[-50.32705261,-29.67215675],[-50.32696031,-29.67230035],[-50.32693577,-29.6723595],[-50.32690119,-29.67245768],[-50.32659914,-29.67252141],[-50.32648042,-29.67252571],[-50.32608919,-29.67233575],[-50.32596783,-29.67226061],[-50.32573067,-29.67209622],[-50.32541207,-29.67183581],[-50.32513116,-29.6716787],[-50.32504189,-29.67164596],[-50.32463348,-29.67151305],[-50.32421885,-29.67139867],[-50.32380046,-29.67129437],[-50.32374006,-29.6712797],[-50.32337829,-29.6712011],[-50.32295279,-29.67111956],[-50.32253016,-29.6710299],[-50.32233503,-29.67097942],[-50.32212079,-29.67090503],[-50.32173881,-29.67072053],[-50.32135938,-29.67053056],[-50.32112473,-29.6704412],[-50.32095621,-29.67039145],[-50.32053857,-29.67028486],[-50.32011721,-29.67018667],[-50.31969872,-29.67008112],[-50.31933328,-29.66996797],[-50.31928958,-29.66995267],[-50.31888574,-29.6698113],[-50.31848191,-29.66966993],[-50.31807808,-29.66952857],[-50.31767425,-29.66938719],[-50.31727042,-29.66924582],[-50.31686659,-29.66910445],[-50.31646276,-29.66896308],[-50.31605894,-29.6688217],[-50.31565511,-29.66868033],[-50.31525129,-29.66853895],[-50.30852004,-29.67031646],[-50.3081757,-29.67040601],[-50.30845097,-29.67008705],[-50.30872624,-29.66976808],[-50.30899595,-29.66945555],[-50.30900147,-29.6694491],[-50.30920127,-29.66909543],[-50.30929139,-29.66869635],[-50.30932386,-29.66828321],[-50.30933672,-29.66805017],[-50.3093459,-29.66788349],[-50.30934626,-29.66748628],[-50.30930272,-29.66708758],[-50.30920958,-29.66672189],[-50.30919831,-29.6666891],[-50.30903641,-29.66631106],[-50.30882763,-29.66596006],[-50.30857265,-29.66562568],[-50.30849835,-29.66553958],[-50.30828233,-29.66530437],[-50.30797603,-29.66500887],[-50.30764172,-29.66474075],[-50.30744721,-29.66460915],[-50.30727055,-29.66450126],[-50.30688455,-29.66428969],[-50.30648592,-29.66409527],[-50.30634194,-29.66402868],[-50.30607648,-29.66389968],[-50.30566446,-29.66370649],[-50.30523412,-29.66358324],[-50.30509786,-29.66357049],[-50.30477874,-29.66356036],[-50.30432103,-29.6635541],[-50.30386306,-29.66355378],[-50.3034051,-29.6635552],[-50.30325883,-29.66355533],[-50.30294731,-29.66355591],[-50.30248949,-29.66355851],[-50.30203165,-29.66356185],[-50.30157385,-29.66356444],[-50.30111615,-29.66356481],[-50.30099518,-29.66356435],[-50.30066104,-29.66354291],[-50.30021272,-29.6634644],[-50.29976734,-29.66335446],[-50.29967062,-29.66332917],[-50.29933672,-29.66322207],[-50.29894083,-29.66302215],[-50.29882691,-29.66294517],[-50.29859417,-29.66273129],[-50.29848206,-29.66248496],[-50.29847443,-29.66235444],[-50.29852222,-29.66195572],[-50.29853175,-29.66169331],[-50.29851834,-29.66155785],[-50.29847895,-29.66116014],[-50.29847068,-29.66111171],[-50.2984624,-29.66106327],[-50.29845413,-29.66101484],[-50.29844585,-29.66096641],[-50.29843758,-29.66091797],[-50.2984293,-29.66086954],[-50.29842103,-29.6608211],[-50.29841275,-29.66077267],[-50.29841088,-29.66076173],[-50.29840219,-29.66072442],[-50.29838722,-29.66067658],[-50.29837333,-29.66062875],[-50.29836625,-29.66058053],[-50.29836652,-29.66056223],[-50.29836861,-29.66053171],[-50.29837197,-29.66048283],[-50.29837532,-29.66043395],[-50.29837867,-29.66038507],[-50.29838202,-29.66033619],[-50.29838537,-29.66028731],[-50.29838872,-29.66023842],[-50.29832574,-29.65519006],[-50.29737623,-29.65290162],[-50.29649407,-29.65075022],[-50.29644212,-29.64371056],[-50.29798706,-29.64356439],[-50.30006073,-29.64336986],[-50.30303525,-29.64114569],[-50.30473482,-29.63987727],[-50.29907196,-29.63651135],[-50.29786426,-29.63253051],[-50.29489279,-29.62847344],[-50.29264317,-29.6261487],[-50.29144184,-29.62341163],[-50.29329785,-29.61956132],[-50.2927935,-29.6195112],[-50.29104278,-29.6193632],[-50.28938494,-29.61921777],[-50.28832592,-29.62245947],[-50.29167953,-29.62988873],[-50.29340044,-29.63620898],[-50.29325939,-29.64090018],[-50.28881153,-29.64159602],[-50.28455502,-29.64664071]]]]},"geometry_name":"geom","properties":{"id_terra_indigena":272,"Codigo":14101,"Nome":"Guarani Barra do Ouro","Etnia":"Guaraní","Municipio":"Caraá,Riozinho,Maquiné","Unidade_Federacao":"RS","Fase":"Regularizada","Modalidade":"Tradicionalmente ocupada","Homologacao":"Não Homologada","dt_ini":"2013-01-01Z","dt_fim":"2029-10-30Z"}},{"type":"Feature","id":"vw_funai_terras_indigenas.fid-5c8cc48d_196abffcb4a_278c","geometry":{"type":"MultiPolygon","coordinates":[[[[-53.64490576,-27.34134145],[-53.64331846,-27.3417516],[-53.64233071,-27.34208085],[-53.64158989,-27.34279422],[-53.64071189,-27.34342529],[-53.63950464,-27.34402892],[-53.63818763,-27.34485204],[-53.63741938,-27.34553798],[-53.63698038,-27.34622392],[-53.63698038,-27.34688243],[-53.63733707,-27.34762324],[-53.63818763,-27.34833662],[-53.63939489,-27.34885793],[-53.64038264,-27.34951644],[-53.64172708,-27.35028469],[-53.6431264,-27.35108038],[-53.64455316,-27.35176632],[-53.64595247,-27.35267176],[-53.64696766,-27.3531382],[-53.64839442,-27.35385158],[-53.64913523,-27.35448264],[-53.64940961,-27.35519602],[-53.64940961,-27.35610146],[-53.6491078,-27.35714409],[-53.64855904,-27.35821415],[-53.64803773,-27.35881778],[-53.64729692,-27.35936653],[-53.64608966,-27.35980553],[-53.64496472,-27.36005247],[-53.64386722,-27.36029941],[-53.64309896,-27.36068354],[-53.64205633,-27.36117741],[-53.64065702,-27.36139692],[-53.63917539,-27.3615341],[-53.63813276,-27.36161642],[-53.63750169,-27.36158898],[-53.63667856,-27.3610951],[-53.63563594,-27.36046404],[-53.63456587,-27.35950372],[-53.63363299,-27.35868059],[-53.63280986,-27.35761053],[-53.63193186,-27.3567874],[-53.63119105,-27.35599171],[-53.63050511,-27.35538808],[-53.62983974,-27.3548942],[-53.62942818,-27.35456495],[-53.62904405,-27.35440033],[-53.62841299,-27.35483933],[-53.62775449,-27.35563502],[-53.62748011,-27.35640327],[-53.62720573,-27.35755565],[-53.62698623,-27.35892753],[-53.62684905,-27.36002504],[-53.62662954,-27.36098535],[-53.62638261,-27.36200054],[-53.62613567,-27.36268648],[-53.62605335,-27.36383886],[-53.62610823,-27.36493637],[-53.62621798,-27.36597899],[-53.62632773,-27.36726856],[-53.62651979,-27.36896969],[-53.62671186,-27.3705062],[-53.62668442,-27.37135676],[-53.62646492,-27.37286583],[-53.62627286,-27.37360665],[-53.62624542,-27.37470415],[-53.62608079,-27.37558215],[-53.62569667,-27.37659734],[-53.62544973,-27.37761254],[-53.62517535,-27.3784631],[-53.62498329,-27.37920392],[-53.62490098,-27.38005448],[-53.62490098,-27.3812343],[-53.62481866,-27.38224949],[-53.62479123,-27.38307262],[-53.62470891,-27.38375856],[-53.62435222,-27.38433475],[-53.62402297,-27.38529506],[-53.62385835,-27.38622794],[-53.62363885,-27.38718826],[-53.62311753,-27.38803882],[-53.6222944,-27.38921864],[-53.62144384,-27.39012408],[-53.6207579,-27.39089233],[-53.62012683,-27.39149596],[-53.61971527,-27.39188009],[-53.61927627,-27.39231909],[-53.61861777,-27.39256603],[-53.61787695,-27.3924014],[-53.6171087,-27.39157827],[-53.61653251,-27.39001433],[-53.61592202,-27.38866989],[-53.61529096,-27.38677669],[-53.61485196,-27.38540481],[-53.6145227,-27.38414268],[-53.61400139,-27.38263362],[-53.61337033,-27.38104224],[-53.6127667,-27.37945085],[-53.61243745,-27.3780241],[-53.61221795,-27.37673453],[-53.61180638,-27.37519803],[-53.61158688,-27.37423771],[-53.61139482,-27.37305789],[-53.61142226,-27.37198783],[-53.61139482,-27.37124701],[-53.61101069,-27.37080801],[-53.61040706,-27.37025926],[-53.60947419,-27.36987513],[-53.60834924,-27.36960076],[-53.60697736,-27.36962819],[-53.60560548,-27.36973795],[-53.60441881,-27.36982026],[-53.60337618,-27.36990257],[-53.60255305,-27.36990257],[-53.60167505,-27.37023182],[-53.60071473,-27.37086289],[-53.60002879,-27.37154883],[-53.59950748,-27.37261889],[-53.59939773,-27.3737164],[-53.59926054,-27.37467671],[-53.59915079,-27.37558215],[-53.59898616,-27.37629553],[-53.59915079,-27.3771461],[-53.59958979,-27.37818873],[-53.59994648,-27.37942342],[-53.60052267,-27.38052092],[-53.6011263,-27.38148124],[-53.60175736,-27.38238668],[-53.60258049,-27.38337443],[-53.60323899,-27.38408781],[-53.60397981,-27.38482862],[-53.604556,-27.38548713],[-53.60504987,-27.38614563],[-53.60513219,-27.38672182],[-53.60496756,-27.38746263],[-53.60463831,-27.38820345],[-53.60414443,-27.3887522],[-53.60318412,-27.38916376],[-53.60181224,-27.38968508],[-53.60049523,-27.39015152],[-53.59933599,-27.39059052],[-53.59856774,-27.3908649],[-53.5981013,-27.39094721],[-53.59755255,-27.39141365],[-53.59703124,-27.39185265],[-53.59620811,-27.39215446],[-53.59478135,-27.39256603],[-53.59360154,-27.39286784],[-53.59253147,-27.39311478],[-53.59132422,-27.3932794],[-53.59041877,-27.39319709],[-53.5897054,-27.39278553],[-53.58907433,-27.39198984],[-53.58882739,-27.39089233],[-53.58882739,-27.38930095],[-53.58915665,-27.38754495],[-53.5892664,-27.38606332],[-53.58934871,-27.38474631],[-53.58940358,-27.38312749],[-53.5892664,-27.38205743],[-53.58885483,-27.38095992],[-53.5881003,-27.38030142],[-53.58755155,-27.37991729],[-53.58686561,-27.37988986],[-53.58604248,-27.38008192],[-53.58538398,-27.38038373],[-53.5848901,-27.38126174],[-53.5844511,-27.38244155],[-53.58382003,-27.38356649],[-53.58338103,-27.38463656],[-53.58291459,-27.38567919],[-53.58242071,-27.38639257],[-53.58151527,-27.38729801],[-53.58063727,-27.38784676],[-53.57978671,-27.38825832],[-53.57943002,-27.38864245],[-53.57745451,-27.38952045],[-53.57616494,-27.38995945],[-53.57498513,-27.39034358],[-53.57427175,-27.39059052],[-53.57335259,-27.39097465],[-53.57258434,-27.39124902],[-53.57176121,-27.39138621],[-53.57080089,-27.3913039],[-53.56951132,-27.39113927],[-53.56811201,-27.39105696],[-53.5670145,-27.39097465],[-53.56610906,-27.39113927],[-53.56498412,-27.3913039],[-53.56399637,-27.39157827],[-53.56331043,-27.39179777],[-53.56240499,-27.39166059],[-53.56084104,-27.39127646],[-53.55988073,-27.39097465],[-53.55881066,-27.39048077],[-53.55771316,-27.39012408],[-53.55675284,-27.38987714],[-53.55595029,-27.38995945],[-53.55507229,-27.39026127],[-53.55441379,-27.39056308],[-53.55356322,-27.39070027],[-53.55301447,-27.3908649],[-53.55235597,-27.39105696],[-53.55156028,-27.3915234],[-53.55109384,-27.39215446],[-53.55095665,-27.39286784],[-53.55095665,-27.39352634],[-53.55103896,-27.39426716],[-53.55117615,-27.39478847],[-53.5517249,-27.39533722],[-53.55243828,-27.39566648],[-53.5533986,-27.39610548],[-53.55422172,-27.3967091],[-53.55488023,-27.39712067],[-53.55542898,-27.39761454],[-53.55556617,-27.39788892],[-53.55589542,-27.39819073],[-53.55680086,-27.39887667],[-53.55781605,-27.39950774],[-53.5588381,-27.40030343],[-53.55977098,-27.40096193],[-53.56018254,-27.40145581],[-53.56086848,-27.40192225],[-53.5613898,-27.40230637],[-53.56240499,-27.40249844],[-53.56281655,-27.40263562],[-53.56372199,-27.40277281],[-53.56498412,-27.40304719],[-53.565917,-27.40321181],[-53.56690475,-27.40326669],[-53.56808457,-27.40318438],[-53.5689077,-27.40296488],[-53.56992289,-27.4026905],[-53.57069114,-27.40288256],[-53.57170633,-27.40326669],[-53.57200815,-27.40376057],[-53.57220021,-27.40433676],[-53.57203558,-27.40491295],[-53.57137708,-27.40557145],[-53.57057453,-27.40620251],[-53.5699709,-27.4065592],[-53.56942215,-27.40694333],[-53.56884596,-27.40749208],[-53.56832465,-27.40806827],[-53.56796796,-27.4086719],[-53.56744665,-27.40930296],[-53.56687046,-27.40993403],[-53.56612964,-27.41053765],[-53.56560833,-27.41100409],[-53.56503214,-27.41171747],[-53.56462057,-27.41256804],[-53.56431876,-27.41333629],[-53.56418157,-27.41424173],[-53.56407182,-27.41487279],[-53.5639072,-27.41547642],[-53.56379745,-27.41627211],[-53.56360538,-27.41671111],[-53.56302919,-27.41731474],[-53.56253532,-27.41808299],[-53.56204144,-27.41876893],[-53.56149269,-27.41937256],[-53.56080675,-27.419839],[-53.55987387,-27.42019569],[-53.55913305,-27.42041519],[-53.55850199,-27.42055238],[-53.55803555,-27.42096394],[-53.55765142,-27.42140294],[-53.55754167,-27.42211632],[-53.55745936,-27.4228297],[-53.55732217,-27.4234882],[-53.55707523,-27.42411926],[-53.55655392,-27.42444852],[-53.55600517,-27.42486008],[-53.55542898,-27.42510702],[-53.5551546,-27.42540883],[-53.5551546,-27.42587527],[-53.55540154,-27.42639658],[-53.55584054,-27.42689046],[-53.55630698,-27.42732946],[-53.55655392,-27.42765871],[-53.55715755,-27.4280154],[-53.55798067,-27.4284544],[-53.55877636,-27.42878366],[-53.55954462,-27.42903059],[-53.56017568,-27.42938728],[-53.56083418,-27.4296891],[-53.56143781,-27.43001835],[-53.56217863,-27.42996347],[-53.56330357,-27.42960678],[-53.5645657,-27.42925009],[-53.56555345,-27.42897572],[-53.56643145,-27.42878366],[-53.56730946,-27.42853672],[-53.56848927,-27.42820747],[-53.5690929,-27.42776846],[-53.56977884,-27.42760384],[-53.57068428,-27.42749409],[-53.57128791,-27.42752153],[-53.5718641,-27.42785078],[-53.57200129,-27.42839953],[-53.57197385,-27.42886597],[-53.57189154,-27.42933241],[-53.57161716,-27.42960678],[-53.57128791,-27.42993603],[-53.57082147,-27.43048479],[-53.57032759,-27.43106098],[-53.56966909,-27.43147254],[-53.56914778,-27.43177435],[-53.5684344,-27.43218592],[-53.56810515,-27.43259748],[-53.56758383,-27.43287186],[-53.56719971,-27.43322855],[-53.56703508,-27.43358524],[-53.56689789,-27.43407911],[-53.56676071,-27.43457299],[-53.56681558,-27.43534124],[-53.56695277,-27.43588999],[-53.56714483,-27.43643875],[-53.56747408,-27.43706981],[-53.56761127,-27.43761856],[-53.56772102,-27.438085],[-53.56794052,-27.43846913],[-53.56837952,-27.43863375],[-53.56912034,-27.43912763],[-53.56986115,-27.43973126],[-53.57071172,-27.44038976],[-53.57123303,-27.44093851],[-53.5714251,-27.44143239],[-53.57095005,-27.44231343],[-53.57299573,-27.44275684],[-53.57400723,-27.44389923],[-53.57390992,-27.44480086],[-53.57422464,-27.44690122],[-53.57490346,-27.44780225],[-53.57515994,-27.4481365],[-53.57551529,-27.44854521],[-53.57570905,-27.44867316],[-53.57628571,-27.4489071],[-53.57691223,-27.44921499],[-53.57823774,-27.44964747],[-53.57908524,-27.45001039],[-53.57942223,-27.45022935],[-53.57971894,-27.45057872],[-53.57998219,-27.45108731],[-53.58005278,-27.45146512],[-53.58013803,-27.45251653],[-53.58023843,-27.45265548],[-53.58338222,-27.45576551],[-53.59418744,-27.45997952],[-53.59677716,-27.46023464],[-53.59723898,-27.46062444],[-53.60221312,-27.46274994],[-53.60511154,-27.46323763],[-53.60662184,-27.46327899],[-53.61000543,-27.46357087],[-53.6110191,-27.46399409],[-53.61228271,-27.46589413],[-53.61228963,-27.4663521],[-53.61224571,-27.46638404],[-53.61210246,-27.46655768],[-53.612031,-27.46696149],[-53.61199508,-27.46735529],[-53.61184212,-27.46778821],[-53.61181902,-27.4680251],[-53.61176741,-27.46823212],[-53.6117958,-27.4684641],[-53.61192209,-27.46868025],[-53.61202232,-27.46877071],[-53.61222459,-27.46892519],[-53.61229677,-27.4692099],[-53.61252701,-27.46947586],[-53.61302688,-27.4701501],[-53.61383911,-27.47071113],[-53.61464534,-27.4714694],[-53.61556314,-27.47235482],[-53.61586107,-27.47266108],[-53.61669892,-27.47319397],[-53.6173809,-27.47361689],[-53.61762516,-27.47375252],[-53.61772067,-27.47386554],[-53.61805861,-27.47489608],[-53.61814095,-27.4754109],[-53.61799447,-27.47689481],[-53.61800119,-27.47712286],[-53.61804571,-27.47732374],[-53.61829698,-27.47828285],[-53.61854715,-27.47906672],[-53.61960136,-27.48052069],[-53.62162791,-27.48308188],[-53.62230045,-27.48401916],[-53.62225951,-27.48472235],[-53.62215319,-27.48503039],[-53.62196832,-27.48535367],[-53.62173648,-27.48587079],[-53.62170895,-27.48589393],[-53.62163547,-27.48642527],[-53.62215237,-27.48897517],[-53.62216552,-27.48905876],[-53.62218897,-27.48929371],[-53.62248368,-27.49023152],[-53.62277108,-27.49180717],[-53.62294111,-27.49243108],[-53.62368131,-27.49369322],[-53.62397471,-27.49446051],[-53.62455368,-27.49575491],[-53.62495047,-27.49604325],[-53.62531087,-27.49637781],[-53.62561981,-27.49660287],[-53.62558246,-27.49662313],[-53.6266169,-27.4977852],[-53.62656122,-27.50202519],[-53.62670965,-27.50322021],[-53.62657698,-27.50395028],[-53.62629845,-27.50427556],[-53.62558147,-27.506402],[-53.62573215,-27.50767448],[-53.62582314,-27.50982215],[-53.62638069,-27.51211648],[-53.6263808,-27.51238596],[-53.62622344,-27.51660893],[-53.62552713,-27.51950091],[-53.62527309,-27.52232176],[-53.6252854,-27.52297601],[-53.62528725,-27.52338003],[-53.62533575,-27.52347769],[-53.62523022,-27.52401113],[-53.6251735,-27.52424236],[-53.6249833,-27.52482584],[-53.62473655,-27.52557709],[-53.62452803,-27.52604115],[-53.62443616,-27.52611343],[-53.62397132,-27.52692824],[-53.62331081,-27.52776346],[-53.62325778,-27.52789274],[-53.62316916,-27.52824231],[-53.62316141,-27.5288258],[-53.62321914,-27.52902613],[-53.62325361,-27.52933137],[-53.62320565,-27.52974601],[-53.6231911,-27.53065021],[-53.62324733,-27.5306378],[-53.62281366,-27.53143555],[-53.6223788,-27.53227675],[-53.62210458,-27.5328562],[-53.62183882,-27.5334615],[-53.62175957,-27.53381809],[-53.62171599,-27.53396345],[-53.62162256,-27.53412966],[-53.62122305,-27.53493767],[-53.62087102,-27.5355945],[-53.62020686,-27.53705172],[-53.61918232,-27.53960216],[-53.61889319,-27.53957508],[-53.61706508,-27.54512596],[-53.6171546,-27.54514776],[-53.617117,-27.54549469],[-53.61718078,-27.54611197],[-53.61710554,-27.54689949],[-53.61699998,-27.5474688],[-53.61701157,-27.54773362],[-53.61705879,-27.54831699],[-53.61704361,-27.54869804],[-53.61688985,-27.55348196],[-53.61591052,-27.55552347],[-53.62275332,-27.56060511],[-53.62282165,-27.57232212],[-53.62092328,-27.58498235],[-53.62124441,-27.5849607],[-53.62173481,-27.58513323],[-53.6219189,-27.58517971],[-53.62219036,-27.58521756],[-53.62375389,-27.58550524],[-53.62425929,-27.58555689],[-53.62518565,-27.58563286],[-53.62563437,-27.58572874],[-53.62605272,-27.58571545],[-53.62625878,-27.58562623],[-53.62732413,-27.58573649],[-53.62844819,-27.5858575],[-53.62998145,-27.58637211],[-53.63030378,-27.58646357],[-53.63110488,-27.58733758],[-53.63140058,-27.58758987],[-53.63175558,-27.58796431],[-53.63437665,-27.59011474],[-53.63491227,-27.59050737],[-53.64060724,-27.59349594],[-53.64294084,-27.59423761],[-53.64453031,-27.59474509],[-53.64583214,-27.59502714],[-53.64617912,-27.59510711],[-53.64722514,-27.5952293],[-53.64849108,-27.59530226],[-53.64848458,-27.59529186],[-53.64853773,-27.59529107],[-53.64803079,-27.59381745],[-53.64778795,-27.59269856],[-53.64785911,-27.59247905],[-53.64800746,-27.59174928],[-53.64814941,-27.59093998],[-53.64858749,-27.58920141],[-53.64894633,-27.58767116],[-53.64916715,-27.58636723],[-53.64923396,-27.58573174],[-53.64973186,-27.5834917],[-53.64967087,-27.58311904],[-53.64973212,-27.58309897],[-53.64874628,-27.58086002],[-53.64815449,-27.57833837],[-53.64922299,-27.57527599],[-53.64805977,-27.5729246],[-53.6490172,-27.57053919],[-53.64900018,-27.57018538],[-53.64893729,-27.56981626],[-53.64852915,-27.56801888],[-53.64845042,-27.56753304],[-53.64843897,-27.56716389],[-53.64846214,-27.56683313],[-53.64850677,-27.56651557],[-53.65008761,-27.55923289],[-53.65036403,-27.55803279],[-53.65157801,-27.55429227],[-53.65174724,-27.55370266],[-53.65189372,-27.55295328],[-53.65207188,-27.55280989],[-53.65262372,-27.55172186],[-53.65302841,-27.55101051],[-53.65332201,-27.54994839],[-53.6537685,-27.54953856],[-53.65406179,-27.54861032],[-53.65438057,-27.54824715],[-53.65521049,-27.54646779],[-53.65592126,-27.54465376],[-53.6568049,-27.54316941],[-53.65755004,-27.54241693],[-53.65853392,-27.54138471],[-53.65906117,-27.54078332],[-53.6592456,-27.5403645],[-53.66037129,-27.53915084],[-53.66075328,-27.53853073],[-53.66107599,-27.53810143],[-53.66148464,-27.537642],[-53.66178622,-27.53717134],[-53.66201911,-27.53690166],[-53.66224569,-27.53663756],[-53.66261141,-27.53621713],[-53.66292116,-27.53583174],[-53.66312941,-27.53564299],[-53.66340664,-27.53547901],[-53.66360493,-27.53528253],[-53.66397012,-27.53474973],[-53.66439158,-27.53445732],[-53.66478351,-27.53419252],[-53.66504036,-27.53404444],[-53.66522718,-27.53386624],[-53.66540301,-27.53361138],[-53.66598226,-27.53331227],[-53.66849575,-27.53162345],[-53.67014727,-27.53048817],[-53.67046123,-27.53030323],[-53.67051001,-27.53027786],[-53.67087946,-27.52992567],[-53.67114152,-27.52965742],[-53.671478,-27.52939381],[-53.67173469,-27.52918818],[-53.67186763,-27.52909159],[-53.67184834,-27.52905009],[-53.67195005,-27.52885599],[-53.67219459,-27.52854925],[-53.67276498,-27.52762118],[-53.67305834,-27.52708667],[-53.67326639,-27.52662255],[-53.67337001,-27.52631181],[-53.67406967,-27.52374153],[-53.67440426,-27.52252791],[-53.67454776,-27.52194067],[-53.6748192,-27.52089028],[-53.67517647,-27.51956545],[-53.67535077,-27.51882672],[-53.67565639,-27.51727913],[-53.6760279,-27.51600219],[-53.67642396,-27.51472814],[-53.67666935,-27.51380099],[-53.67668749,-27.51363962],[-53.67666176,-27.51281947],[-53.67667652,-27.51269941],[-53.67689047,-27.51232151],[-53.67711732,-27.51183189],[-53.67720058,-27.51160724],[-53.67746479,-27.51057722],[-53.67769619,-27.50981923],[-53.67808438,-27.50912329],[-53.67811641,-27.50870791],[-53.67814337,-27.50831121],[-53.67818702,-27.5080519],[-53.67824227,-27.50781008],[-53.67828089,-27.50764164],[-53.67829848,-27.50742446],[-53.67832175,-27.50721142],[-53.67839603,-27.50694124],[-53.67846601,-27.50667431],[-53.67851455,-27.50635339],[-53.67870015,-27.5057594],[-53.67882058,-27.50537526],[-53.67897301,-27.50504142],[-53.6791737,-27.50473751],[-53.67938658,-27.50453613],[-53.67952585,-27.50447887],[-53.67970892,-27.50409456],[-53.67987423,-27.50386569],[-53.68030347,-27.5030327],[-53.68088196,-27.50187886],[-53.68156058,-27.50043788],[-53.68303475,-27.497244],[-53.68345644,-27.49636315],[-53.68363727,-27.4959699],[-53.6836983,-27.49582673],[-53.68377938,-27.49557046],[-53.683963,-27.49513661],[-53.68414415,-27.49431151],[-53.68425813,-27.49393383],[-53.6843877,-27.49332768],[-53.68441056,-27.49291561],[-53.68455131,-27.4917814],[-53.68472477,-27.49112587],[-53.6848475,-27.49042676],[-53.68496421,-27.48928295],[-53.68495732,-27.48900673],[-53.68496761,-27.48883397],[-53.6848255,-27.48848721],[-53.68475085,-27.48819903],[-53.68489707,-27.48809775],[-53.68479678,-27.48765381],[-53.68493694,-27.48574383],[-53.6851106,-27.48539157],[-53.68542186,-27.48468259],[-53.68553193,-27.48449583],[-53.68564445,-27.48440281],[-53.68632328,-27.48447471],[-53.68667978,-27.48366799],[-53.68734495,-27.48210625],[-53.68695339,-27.48135246],[-53.68700603,-27.48109485],[-53.68740828,-27.48028408],[-53.68821234,-27.47720565],[-53.68857726,-27.47624716],[-53.68951437,-27.47398771],[-53.68992986,-27.47321048],[-53.69027135,-27.47252371],[-53.69033935,-27.4723816],[-53.69049016,-27.47187136],[-53.6907691,-27.4702357],[-53.69095084,-27.46949666],[-53.69107571,-27.46819984],[-53.69143489,-27.46688225],[-53.69181976,-27.46386221],[-53.69206343,-27.46347055],[-53.69191968,-27.46279381],[-53.69199672,-27.46253479],[-53.69216357,-27.46178027],[-53.6921169,-27.46165182],[-53.6922414,-27.46135475],[-53.69254361,-27.46064626],[-53.69275424,-27.46033128],[-53.69282975,-27.45982298],[-53.69292757,-27.45959628],[-53.69339759,-27.45879968],[-53.69347989,-27.45858933],[-53.69423428,-27.45771863],[-53.6943103,-27.45770163],[-53.69464442,-27.45750593],[-53.69636674,-27.45548697],[-53.69693202,-27.45480737],[-53.69739808,-27.45440596],[-53.69801538,-27.45369566],[-53.69978122,-27.45160546],[-53.70053455,-27.4503124],[-53.70064541,-27.44972187],[-53.70070936,-27.44928495],[-53.70101288,-27.44833181],[-53.70143117,-27.44717326],[-53.70139252,-27.44709118],[-53.70268929,-27.44461475],[-53.70294814,-27.44399724],[-53.7034667,-27.44323155],[-53.70421198,-27.44252244],[-53.70571834,-27.44149305],[-53.70659823,-27.44089843],[-53.70712889,-27.440497],[-53.70842097,-27.43957168],[-53.71021027,-27.43855771],[-53.71148557,-27.43718968],[-53.71590011,-27.43292226],[-53.71742082,-27.43008043],[-53.717725,-27.42957728],[-53.71855985,-27.4284658],[-53.72132777,-27.42555987],[-53.72145344,-27.42536073],[-53.72171456,-27.42506431],[-53.72315331,-27.42349914],[-53.72570845,-27.41877816],[-53.72624395,-27.41761893],[-53.72723039,-27.41567383],[-53.72804425,-27.41500782],[-53.72823807,-27.41472864],[-53.7284251,-27.41281765],[-53.72895341,-27.41042589],[-53.72898514,-27.41017584],[-53.72934718,-27.40926094],[-53.73009661,-27.40777726],[-53.73028774,-27.40741313],[-53.73029335,-27.40717794],[-53.73033492,-27.40676441],[-53.73029447,-27.40673145],[-53.73006582,-27.40542204],[-53.72998135,-27.404327],[-53.72997578,-27.40378357],[-53.72993411,-27.40371859],[-53.73005787,-27.40249387],[-53.73002989,-27.40244535],[-53.73004087,-27.40210454],[-53.73036549,-27.39921805],[-53.73046909,-27.39889298],[-53.73097966,-27.39720663],[-53.73171493,-27.39615595],[-53.73217892,-27.39565956],[-53.73283312,-27.39519551],[-53.73293503,-27.3951749],[-53.73339875,-27.39478502],[-53.73366488,-27.39462409],[-53.73379353,-27.39459862],[-53.73399312,-27.39470476],[-53.73470445,-27.39431942],[-53.73457049,-27.39406866],[-53.73466501,-27.39402683],[-53.73589111,-27.39321802],[-53.73666689,-27.39266946],[-53.73710544,-27.39232511],[-53.73817387,-27.3917545],[-53.73871019,-27.39085283],[-53.73902535,-27.39007981],[-53.73908221,-27.39011039],[-53.73955129,-27.38766643],[-53.7406274,-27.38659614],[-53.7408457,-27.38635746],[-53.74107734,-27.38593878],[-53.74127013,-27.38556868],[-53.74128513,-27.38545809],[-53.74132534,-27.38345491],[-53.74219434,-27.37889996],[-53.74234837,-27.37795972],[-53.74263984,-27.37683162],[-53.74143506,-27.37418649],[-53.74053374,-27.37232005],[-53.74051826,-27.37229117],[-53.74025092,-27.37176951],[-53.74000507,-27.37118904],[-53.73989282,-27.37093206],[-53.73969412,-27.37054009],[-53.73960094,-27.37041084],[-53.7395603,-27.37029045],[-53.73924898,-27.36952273],[-53.7376649,-27.36624574],[-53.72849111,-27.36323923],[-53.719848,-27.36055663],[-53.7069164,-27.35637578],[-53.69421563,-27.35211915],[-53.69214019,-27.35129177],[-53.6841257,-27.34805051],[-53.68043107,-27.34670367],[-53.67330101,-27.34353782],[-53.66537801,-27.34222826],[-53.65219269,-27.3425304],[-53.64639929,-27.3425011],[-53.64490576,-27.34134145]]]]},"geometry_name":"geom","properties":{"id_terra_indigena":278,"Codigo":14801,"Nome":"Guarita","Etnia":"Guaraní,Kaingang","Municipio":"Tenente Portela,Redentora,Erval Seco","Unidade_Federacao":"RS","Fase":"Regularizada","Modalidade":"Tradicionalmente ocupada","Homologacao":"Não Homologada","dt_ini":"2013-01-01Z","dt_fim":"2029-10-30Z"}},{"type":"Feature","id":"vw_funai_terras_indigenas.fid-5c8cc48d_196abffcb4a_278d","geometry":{"type":"MultiPolygon","coordinates":[[[[-53.87720318,-27.82138306],[-53.87674639,-27.82142777],[-53.8763201,-27.82141836],[-53.87534587,-27.82128212],[-53.87295054,-27.82124384],[-53.87217921,-27.82118898],[-53.87000764,-27.82077184],[-53.86882046,-27.82048195],[-53.86839393,-27.82068007],[-53.8678863,-27.82079689],[-53.8675208,-27.82087776],[-53.86022434,-27.81988693],[-53.8580728,-27.81973132],[-53.86025389,-27.82848674],[-53.86025363,-27.82868747],[-53.86025337,-27.8288882],[-53.86025311,-27.82908893],[-53.86025286,-27.82928967],[-53.86025282,-27.82931693],[-53.8602391,-27.8294899],[-53.86020177,-27.82968907],[-53.86016163,-27.82988759],[-53.86014019,-27.83007483],[-53.86013986,-27.83008587],[-53.86016322,-27.8302837],[-53.86021887,-27.83048097],[-53.86027307,-27.83067812],[-53.86029151,-27.83080591],[-53.86029567,-27.83087572],[-53.86030306,-27.83107536],[-53.86029812,-27.83127625],[-53.86027346,-27.831477],[-53.86022167,-27.83167621],[-53.86016841,-27.83180744],[-53.86013587,-27.83187051],[-53.8600216,-27.83204198],[-53.85994466,-27.8321411],[-53.85989337,-27.83220815],[-53.85976881,-27.83237947],[-53.85964192,-27.83254797],[-53.85950223,-27.83270482],[-53.85933927,-27.83284119],[-53.8593347,-27.83284434],[-53.85916034,-27.83296363],[-53.85898139,-27.83308605],[-53.85880245,-27.83320848],[-53.8586235,-27.8333309],[-53.85945559,-27.83355735],[-53.86079473,-27.83417234],[-53.8614136,-27.83444368],[-53.86162661,-27.83457925],[-53.8624888,-27.83509448],[-53.86263081,-27.83517583],[-53.86340164,-27.83569999],[-53.86394895,-27.83638635],[-53.8644458,-27.83683803],[-53.86469931,-27.83705485],[-53.86501363,-27.83735295],[-53.86518603,-27.8374975],[-53.86533815,-27.83761496],[-53.86547006,-27.83766021],[-53.8658862,-27.83771476],[-53.87053973,-27.84590735],[-53.87665557,-27.85671108],[-53.88302969,-27.86804159],[-53.88581691,-27.87297998],[-53.88934436,-27.87922737],[-53.89129074,-27.88264896],[-53.89779989,-27.89402398],[-53.89800316,-27.89387975],[-53.8980817,-27.89365601],[-53.8983669,-27.89328254],[-53.89861814,-27.89305845],[-53.89914779,-27.89270535],[-53.89972105,-27.89234697],[-53.89984304,-27.89222975],[-53.90012561,-27.89178864],[-53.90045325,-27.89128021],[-53.9005619,-27.89059777],[-53.90089803,-27.88991533],[-53.90107797,-27.88959194],[-53.90150916,-27.88934409],[-53.90193017,-27.88916754],[-53.90230364,-27.88897741],[-53.90250735,-27.88876011],[-53.9027603,-27.88850887],[-53.90321186,-27.88831195],[-53.90372114,-27.88816256],[-53.90398597,-27.88807768],[-53.90437302,-27.88814219],[-53.9055245,-27.88766773],[-53.9058423,-27.8875319],[-53.90613429,-27.88734856],[-53.90629726,-27.88720935],[-53.90629047,-27.88674251],[-53.90633801,-27.88647714],[-53.90651116,-27.88626039],[-53.90670044,-27.88606856],[-53.90695508,-27.8859022],[-53.90717577,-27.88574941],[-53.90741683,-27.88561021],[-53.90759338,-27.88562039],[-53.90777333,-27.88572904],[-53.90782425,-27.88581732],[-53.90786839,-27.88591238],[-53.90799392,-27.88590074],[-53.90813626,-27.88571133],[-53.90818717,-27.88556698],[-53.90825884,-27.88529785],[-53.90830637,-27.88512469],[-53.90817736,-27.88495493],[-53.90798383,-27.88482252],[-53.90774277,-27.88473764],[-53.90752781,-27.88465513],[-53.90727423,-27.88456194],[-53.90705354,-27.88444989],[-53.90693471,-27.88439897],[-53.90691094,-27.88429032],[-53.90691094,-27.88417149],[-53.90693131,-27.88398136],[-53.90707391,-27.88384555],[-53.90739651,-27.8838068],[-53.90748797,-27.8837437],[-53.90769112,-27.88369872],[-53.90787349,-27.88354847],[-53.90819603,-27.88334136],[-53.90847783,-27.88320215],[-53.90897014,-27.88312067],[-53.90930966,-27.88304937],[-53.90961183,-27.88304258],[-53.91002944,-27.88313425],[-53.91031464,-27.88325987],[-53.91075093,-27.88335494],[-53.91112779,-27.8833821],[-53.91174912,-27.88329383],[-53.91230254,-27.88315123],[-53.9126862,-27.88303579],[-53.91329564,-27.88272428],[-53.91382189,-27.88244587],[-53.91448396,-27.88220481],[-53.91490836,-27.88202487],[-53.91515621,-27.88194338],[-53.91545839,-27.88184492],[-53.91566549,-27.88180418],[-53.91589637,-27.88187887],[-53.91606613,-27.8819264],[-53.91644809,-27.88199091],[-53.91684193,-27.88192301],[-53.91723238,-27.88182794],[-53.91773827,-27.88172948],[-53.91806081,-27.88168195],[-53.91830866,-27.88165479],[-53.91860744,-27.88160386],[-53.91882304,-27.88168025],[-53.91901317,-27.88175834],[-53.91901657,-27.88187038],[-53.91903015,-27.88197903],[-53.91922028,-27.88209447],[-53.91947152,-27.88218614],[-53.91979746,-27.8822812],[-53.92003852,-27.88234232],[-53.92027619,-27.88215558],[-53.92036669,-27.88197409],[-53.92044934,-27.88166328],[-53.92050027,-27.88134752],[-53.92037805,-27.88113702],[-53.92032372,-27.8810046],[-53.92024903,-27.88083145],[-53.92020149,-27.88063283],[-53.92017773,-27.88048004],[-53.92014717,-27.88020843],[-53.92026261,-27.87997755],[-53.92037805,-27.87979761],[-53.92053083,-27.87960408],[-53.92072096,-27.87940037],[-53.92081603,-27.87899804],[-53.92087375,-27.87855666],[-53.92077529,-27.87834021],[-53.92061571,-27.87797777],[-53.92051203,-27.87766981],[-53.92052064,-27.87729194],[-53.92055799,-27.87687094],[-53.92061231,-27.87638542],[-53.92066324,-27.87598309],[-53.92064627,-27.87550776],[-53.92056818,-27.8751275],[-53.92042897,-27.87488304],[-53.92021508,-27.87455201],[-53.91996722,-27.87425323],[-53.9199112,-27.8741119],[-53.92001743,-27.87360879],[-53.92000797,-27.87317313],[-53.91987895,-27.87272666],[-53.91947492,-27.87214608],[-53.91900978,-27.87143648],[-53.91874834,-27.87087457],[-53.91848352,-27.87032794],[-53.91839524,-27.87007839],[-53.91837487,-27.86978641],[-53.91838166,-27.86942651],[-53.9184258,-27.86919903],[-53.91845636,-27.86898514],[-53.9184937,-27.868795],[-53.9185684,-27.86863373],[-53.91869742,-27.86846058],[-53.91887057,-27.86825007],[-53.91901657,-27.86802259],[-53.91916935,-27.86776456],[-53.91939004,-27.86742504],[-53.91967524,-27.86713475],[-53.91980425,-27.86689708],[-53.91990951,-27.86662546],[-53.9200589,-27.86646589],[-53.92023884,-27.86638101],[-53.92043911,-27.86635386],[-53.92067268,-27.8663179],[-53.91380831,-27.85264399],[-53.91052536,-27.84585454],[-53.90190168,-27.82837839],[-53.89295677,-27.81010731],[-53.89286537,-27.81016138],[-53.89271311,-27.81018833],[-53.89256083,-27.81024236],[-53.89214458,-27.81038641],[-53.89172832,-27.81054852],[-53.89122067,-27.81075567],[-53.89063183,-27.81095373],[-53.89000248,-27.81107053],[-53.88958621,-27.81123263],[-53.8893222,-27.81136778],[-53.88907837,-27.81162025],[-53.88878367,-27.81198999],[-53.88856016,-27.81221541],[-53.88803199,-27.81262106],[-53.88773741,-27.81287349],[-53.88755438,-27.81320722],[-53.88734085,-27.81358605],[-53.8870054,-27.81409112],[-53.88658877,-27.81458709],[-53.88635497,-27.81493883],[-53.88619208,-27.81541696],[-53.88607007,-27.81562441],[-53.88591763,-27.81581379],[-53.88567382,-27.81603016],[-53.88509495,-27.81636356],[-53.88485115,-27.81657091],[-53.88469866,-27.81679638],[-53.8845462,-27.8170038],[-53.88444458,-27.81712102],[-53.88415005,-27.81731028],[-53.88385553,-27.81748149],[-53.88360172,-27.81754444],[-53.88315493,-27.81774258],[-53.88244412,-27.81805782],[-53.88207847,-27.81830115],[-53.88164172,-27.81858954],[-53.8810118,-27.81918457],[-53.88061569,-27.81942787],[-53.88014853,-27.81968014],[-53.87926506,-27.82007642],[-53.87869637,-27.82034663],[-53.87830019,-27.8206531],[-53.87783275,-27.82113997],[-53.87775147,-27.82121209],[-53.87743672,-27.82130205],[-53.87720318,-27.82138306]]]]},"geometry_name":"geom","properties":{"id_terra_indigena":298,"Codigo":17101,"Nome":"Inhacorá","Etnia":"Kaingang","Municipio":"São Valério do Sul","Unidade_Federacao":"RS","Fase":"Regularizada","Modalidade":"Tradicionalmente ocupada","Homologacao":"Não Homologada","dt_ini":"2013-01-01Z","dt_fim":"2029-10-30Z"}},{"type":"Feature","id":"vw_funai_terras_indigenas.fid-5c8cc48d_196abffcb4a_278e","geometry":{"type":"MultiPolygon","coordinates":[[[[-53.24979898,-27.19958481],[-53.2491346,-27.19959917],[-53.24896822,-27.19963617],[-53.24867048,-27.19978474],[-53.24834356,-27.19985444],[-53.24798704,-27.19983858],[-53.24755025,-27.19980637],[-53.24702368,-27.19972162],[-53.24656907,-27.19956337],[-53.24608255,-27.1994029],[-53.24561757,-27.19919649],[-53.24515841,-27.19896485],[-53.24492959,-27.19878506],[-53.2447038,-27.19852032],[-53.24451517,-27.1982126],[-53.24440897,-27.19787974],[-53.24436154,-27.19741691],[-53.24447152,-27.19706261],[-53.24459339,-27.19679307],[-53.24491134,-27.19650877],[-53.24530059,-27.19626586],[-53.2456906,-27.19603421],[-53.24614133,-27.19587985],[-53.24661398,-27.19547129],[-53.2468707,-27.1950263],[-53.24710233,-27.1946719],[-53.24724127,-27.19432867],[-53.24742104,-27.19406678],[-53.24762977,-27.19379225],[-53.24782661,-27.19347444],[-53.24805445,-27.19318323],[-53.24842448,-27.1927983],[-53.24883599,-27.19255418],[-53.24922297,-27.19221451],[-53.24950884,-27.19201317],[-53.24966527,-27.19174003],[-53.24958878,-27.19147746],[-53.24936245,-27.19136138],[-53.24901414,-27.19120801],[-53.24864109,-27.19101823],[-53.24828241,-27.19087553],[-53.24795711,-27.19065793],[-53.24777788,-27.19042957],[-53.24766898,-27.19021177],[-53.2476397,-27.18996052],[-53.24768681,-27.18948473],[-53.24796014,-27.18899708],[-53.24815039,-27.18865851],[-53.24831904,-27.18839005],[-53.24872612,-27.18797963],[-53.24909884,-27.18761004],[-53.24951035,-27.18713046],[-53.24997674,-27.18676526],[-53.25063198,-27.18626982],[-53.25109087,-27.18598171],[-53.2498028,-27.18459004],[-53.25147864,-27.18335836],[-53.25138067,-27.18304559],[-53.25122024,-27.18291345],[-53.25085183,-27.18276016],[-53.2502814,-27.18257516],[-53.24982387,-27.18244302],[-53.2493901,-27.1823373],[-53.24900982,-27.18227388],[-53.24867707,-27.18224216],[-53.24824033,-27.18222102],[-53.24791352,-27.18223159],[-53.24756295,-27.18224745],[-53.24701628,-27.18224745],[-53.24648151,-27.18227388],[-53.24583977,-27.18228973],[-53.24540006,-27.1822633],[-53.24508811,-27.1822263],[-53.24470188,-27.18212059],[-53.24447609,-27.18202545],[-53.24425029,-27.18188273],[-53.24401855,-27.18175059],[-53.24381441,-27.18168005],[-53.24347783,-27.18160787],[-53.24308566,-27.18157087],[-53.24262813,-27.18153916],[-53.24211118,-27.18150744],[-53.24157046,-27.18145987],[-53.24123176,-27.18144401],[-53.24100003,-27.1814863],[-53.24041177,-27.18162373],[-53.23996018,-27.18180873],[-53.23930062,-27.1821153],[-53.23873019,-27.18237959],[-53.23879937,-27.18250007],[-53.23993105,-27.18421785],[-53.23789994,-27.18621287],[-53.23583549,-27.18823899],[-53.2337927,-27.19024206],[-53.23063741,-27.19333208],[-53.23090312,-27.19368817],[-53.23090194,-27.19399798],[-53.23086296,-27.19427407],[-53.23080093,-27.19463771],[-53.23068137,-27.1950212],[-53.23059583,-27.19522651],[-53.23066426,-27.19554303],[-53.23084657,-27.19599263],[-53.23086844,-27.19640433],[-53.2309291,-27.19667959],[-53.23189773,-27.19847682],[-53.23239523,-27.19921071],[-53.23320997,-27.20003209],[-53.23344851,-27.19991903],[-53.233603,-27.19987675],[-53.23375155,-27.19984504],[-53.23395952,-27.19981333],[-53.23421502,-27.19976577],[-53.23439922,-27.1997182],[-53.23457748,-27.19963893],[-53.23476169,-27.19954909],[-53.23502313,-27.19944867],[-53.23526675,-27.19941696],[-53.23548958,-27.19949095],[-53.2356619,-27.19963893],[-53.23581639,-27.19981862],[-53.23606001,-27.20004058],[-53.23623827,-27.20019384],[-53.23648783,-27.20033125],[-53.23674928,-27.2004528],[-53.23708203,-27.20052679],[-53.23743261,-27.20055322],[-53.23765246,-27.20054793],[-53.23790796,-27.20050565],[-53.23805057,-27.20042638],[-53.23819764,-27.20027708],[-53.23835807,-27.20012382],[-53.23867299,-27.19989657],[-53.23898198,-27.19967989],[-53.23929096,-27.19953191],[-53.23967125,-27.19934694],[-53.23996835,-27.19926766],[-53.24044073,-27.19917782],[-53.24079131,-27.19913026],[-53.24111218,-27.19908269],[-53.24140333,-27.19909326],[-53.24161725,-27.19913554],[-53.24180739,-27.19923596],[-53.24196188,-27.19933108],[-53.24212826,-27.19946849],[-53.24225898,-27.19969046],[-53.24228126,-27.19995206],[-53.24231097,-27.20023745],[-53.24239416,-27.20041185],[-53.24250706,-27.20052811],[-53.24268532,-27.20066024],[-53.24296459,-27.20082935],[-53.24323198,-27.20099318],[-53.24336865,-27.2011253],[-53.24350531,-27.20132084],[-53.2435885,-27.20158508],[-53.24369545,-27.20177005],[-53.24383806,-27.20196559],[-53.24393313,-27.20211885],[-53.24404603,-27.20215584],[-53.24413516,-27.20214527],[-53.24423023,-27.20209771],[-53.24435501,-27.20202901],[-53.24446197,-27.20191803],[-53.24452139,-27.20179648],[-53.24465211,-27.20162208],[-53.24472936,-27.20143182],[-53.24479472,-27.20118872],[-53.24488979,-27.20090862],[-53.24503834,-27.20064967],[-53.24527008,-27.20036428],[-53.24548399,-27.2001846],[-53.24574247,-27.20007361],[-53.24602174,-27.20001019],[-53.24637232,-27.20008418],[-53.2466813,-27.2001476],[-53.24687144,-27.20022159],[-53.24716854,-27.20029558],[-53.24738245,-27.200322],[-53.24763796,-27.20029558],[-53.24797665,-27.20029029],[-53.24827969,-27.20031672],[-53.24858868,-27.20034843],[-53.24891548,-27.200359],[-53.24924229,-27.20033786],[-53.24948591,-27.20027972],[-53.24971171,-27.20023745],[-53.24991968,-27.20020045],[-53.25015736,-27.2001476],[-53.25041286,-27.20012118],[-53.25072185,-27.20012118],[-53.25099518,-27.20016346],[-53.25117938,-27.2001846],[-53.25138141,-27.20020045],[-53.25167851,-27.20020574],[-53.25188053,-27.20016346],[-53.25196966,-27.20012646],[-53.25202314,-27.2000789],[-53.25205285,-27.20001019],[-53.25205285,-27.19995735],[-53.25202314,-27.19990978],[-53.25192213,-27.19985165],[-53.25155967,-27.19975123],[-53.25124474,-27.19968782],[-53.25100706,-27.19966668],[-53.25082286,-27.19969839],[-53.25038315,-27.1997301],[-53.25010982,-27.19969839],[-53.2499791,-27.19961911],[-53.24979898,-27.19958481]]]]},"geometry_name":"geom","properties":{"id_terra_indigena":324,"Codigo":20101,"Nome":"Kaingang de Iraí","Etnia":"Kaingang","Municipio":"Iraí","Unidade_Federacao":"RS","Fase":"Regularizada","Modalidade":"Tradicionalmente ocupada","Homologacao":"Não Homologada","dt_ini":"2013-01-01Z","dt_fim":"2029-10-30Z"}},{"type":"Feature","id":"vw_funai_terras_indigenas.fid-5c8cc48d_196abffcb4a_278f","geometry":{"type":"MultiPolygon","coordinates":[[[[-51.92545481,-27.90918876],[-51.92567592,-27.91014033],[-51.92564038,-27.91046015],[-51.92559695,-27.91072864],[-51.9253482,-27.91126168],[-51.92496915,-27.9117039],[-51.92455062,-27.912079],[-51.92424264,-27.91235539],[-51.92397415,-27.91255282],[-51.92372145,-27.91271075],[-51.92331081,-27.91305821],[-51.92265537,-27.91352413],[-51.92238688,-27.91384],[-51.92223684,-27.91406901],[-51.92216972,-27.91427433],[-51.92208285,-27.91442042],[-51.92207495,-27.91460995],[-51.92213813,-27.91478368],[-51.92224868,-27.91498505],[-51.92237503,-27.91521406],[-51.92250928,-27.9153562],[-51.92264748,-27.9154865],[-51.92293571,-27.91575104],[-51.92347519,-27.91611628],[-51.92434078,-27.91654426],[-51.92471645,-27.91667497],[-51.92497705,-27.91680132],[-51.92533241,-27.91693952],[-51.92554957,-27.91706982],[-51.9257154,-27.91726724],[-51.92576673,-27.91744886],[-51.92571145,-27.91765023],[-51.92557721,-27.91784766],[-51.92543901,-27.91806877],[-51.92522975,-27.91826619],[-51.92498889,-27.91844387],[-51.92479542,-27.91868867],[-51.92460195,-27.91889399],[-51.92431371,-27.91914274],[-51.92389913,-27.91954548],[-51.9234527,-27.91992738],[-51.92283291,-27.92045927],[-51.92222105,-27.92082477],[-51.92178672,-27.92134991],[-51.92123789,-27.92191059],[-51.92099703,-27.92233307],[-51.92077987,-27.92266868],[-51.9205785,-27.92290954],[-51.92055086,-27.92312275],[-51.92061009,-27.92340309],[-51.92067721,-27.92353339],[-51.92079961,-27.92367948],[-51.9209457,-27.92378609],[-51.92118261,-27.92397956],[-51.92208402,-27.92510673],[-51.92257246,-27.9257682],[-51.92280541,-27.92612751],[-51.92322395,-27.92645523],[-51.92379252,-27.92670792],[-51.92432556,-27.92694483],[-51.92503233,-27.9272686],[-51.92575094,-27.92758053],[-51.92640243,-27.92793983],[-51.92711315,-27.92829124],[-51.92766593,-27.92846892],[-51.92806867,-27.92865845],[-51.92842008,-27.92881638],[-51.9289768,-27.92898222],[-51.92927208,-27.92914785],[-51.92956512,-27.92931783],[-51.92982571,-27.92949157],[-51.93001129,-27.92967714],[-51.93044562,-27.92995353],[-51.93077334,-27.93030099],[-51.93110501,-27.93081429],[-51.93133007,-27.93126046],[-51.93138929,-27.93151711],[-51.93143272,-27.9317777],[-51.93144457,-27.93193564],[-51.93139719,-27.93207384],[-51.93129848,-27.93217255],[-51.93114054,-27.93227915],[-51.93095496,-27.93239366],[-51.93069042,-27.93256344],[-51.93044443,-27.93267656],[-51.93018897,-27.93283588],[-51.92997576,-27.93295039],[-51.92949646,-27.93313402],[-51.92855432,-27.93345579],[-51.92755932,-27.93372823],[-51.92707761,-27.93380325],[-51.92661229,-27.9338075],[-51.92597205,-27.9337993],[-51.92524554,-27.93377166],[-51.92464143,-27.93378745],[-51.92411629,-27.93368085],[-51.92339373,-27.93338471],[-51.92255666,-27.93319519],[-51.92189333,-27.93300567],[-51.92136029,-27.93287142],[-51.92081541,-27.93270953],[-51.92027447,-27.93257134],[-51.91981251,-27.9324055],[-51.91864772,-27.93212911],[-51.91751452,-27.93182114],[-51.91704861,-27.93172638],[-51.91663797,-27.93168689],[-51.91599438,-27.9316632],[-51.91534683,-27.93165925],[-51.91476642,-27.93164741],[-51.91434749,-27.93166495],[-51.9139175,-27.93155264],[-51.91357399,-27.93150526],[-51.91325417,-27.93138681],[-51.91278036,-27.931296],[-51.91242105,-27.93126441],[-51.91206174,-27.93135522],[-51.91130365,-27.93173032],[-51.91115755,-27.9319238],[-51.9110549,-27.93207384],[-51.91095618,-27.93226336],[-51.91088511,-27.93244499],[-51.91077851,-27.93264241],[-51.91075087,-27.93280035],[-51.91076271,-27.93295828],[-51.9107943,-27.93308858],[-51.91084958,-27.93327021],[-51.91093249,-27.93341235],[-51.91111412,-27.93351106],[-51.91129575,-27.9336611],[-51.91149317,-27.93380325],[-51.91169059,-27.93389406],[-51.91187617,-27.9340441],[-51.91221968,-27.93426521],[-51.91260663,-27.93441525],[-51.91294224,-27.93448633],[-51.91322258,-27.93449817],[-51.91352661,-27.93454555],[-51.91377141,-27.93459293],[-51.91401622,-27.93452186],[-51.91422943,-27.93447053],[-51.91472298,-27.93461662],[-51.91510598,-27.93473902],[-51.91580485,-27.93490486],[-51.91629446,-27.93505885],[-51.91664192,-27.93513387],[-51.91745135,-27.93527601],[-51.91781855,-27.93529575],[-51.91805546,-27.93529575],[-51.91828841,-27.9352918],[-51.91845819,-27.93525627],[-51.9186872,-27.93535103],[-51.91894385,-27.93554845],[-51.91901097,-27.93584853],[-51.91895175,-27.93616441],[-51.91877407,-27.93647633],[-51.91850558,-27.93681195],[-51.91827657,-27.93706465],[-51.91798438,-27.93743185],[-51.91771589,-27.93776352],[-51.91741186,-27.93810308],[-51.9169499,-27.93835973],[-51.91663007,-27.93860059],[-51.91641686,-27.93886513],[-51.91631025,-27.93917311],[-51.91624708,-27.93937448],[-51.9161918,-27.93965482],[-51.91613652,-27.93988382],[-51.91608519,-27.94012073],[-51.91609309,-27.94029051],[-51.91609309,-27.9406893],[-51.91602596,-27.9413329],[-51.91604571,-27.94178302],[-51.91609309,-27.94232395],[-51.9161918,-27.9428333],[-51.91614047,-27.94309784],[-51.91589172,-27.94339003],[-51.91567061,-27.94376513],[-51.91544949,-27.94419551],[-51.9153192,-27.94455086],[-51.91521654,-27.94496545],[-51.91517705,-27.94536819],[-51.91516916,-27.94564853],[-51.91522049,-27.94599599],[-51.91521654,-27.94620526],[-51.91514152,-27.94638293],[-51.91505465,-27.94654877],[-51.91494015,-27.94667907],[-51.91479011,-27.9468528],[-51.91464007,-27.9469673],[-51.91442685,-27.94710944],[-51.91430445,-27.94710944],[-51.91415046,-27.94710944],[-51.91392935,-27.94726738],[-51.91371219,-27.94757141],[-51.91344764,-27.9478478],[-51.9131752,-27.94819921],[-51.91282379,-27.94851903],[-51.91253161,-27.94882306],[-51.91227496,-27.94921001],[-51.91178535,-27.94992862],[-51.91111807,-27.95067093],[-51.91059688,-27.95122371],[-51.91037577,-27.95145666],[-51.91021388,-27.95169357],[-51.91017045,-27.95193442],[-51.91013491,-27.95223055],[-51.91010727,-27.9524951],[-51.91019019,-27.95280308],[-51.91024152,-27.95304393],[-51.91032444,-27.9533756],[-51.9106719,-27.954876],[-51.91114966,-27.95658962],[-51.91157214,-27.95764385],[-51.91196698,-27.95835062],[-51.91215256,-27.95869018],[-51.91221573,-27.95883232],[-51.91217625,-27.95902974],[-51.91203805,-27.95955883],[-51.91184458,-27.9599063],[-51.91168664,-27.96028929],[-51.91145763,-27.96074731],[-51.91113386,-27.96106318],[-51.91077456,-27.96134747],[-51.91051396,-27.96149751],[-51.91032049,-27.96163176],[-51.91008358,-27.96181339],[-51.9096532,-27.96226351],[-51.90919913,-27.96275311],[-51.9089188,-27.96304924],[-51.90861477,-27.96313611],[-51.90838181,-27.96325851],[-51.90824756,-27.96338486],[-51.90823177,-27.96355464],[-51.90827125,-27.96369284],[-51.90835812,-27.9639179],[-51.90851606,-27.96404425],[-51.90872137,-27.96411137],[-51.90901751,-27.96409558],[-51.90951106,-27.96412716],[-51.91032444,-27.96419824],[-51.91118124,-27.96430879],[-51.91178535,-27.96435222],[-51.91206569,-27.96431274],[-51.91253161,-27.96433248],[-51.91294224,-27.96443909],[-51.91391356,-27.96424562],[-51.91539027,-27.96381919],[-51.91620364,-27.96364546],[-51.91707625,-27.96341645],[-51.91914522,-27.96322692],[-51.91984409,-27.9631598],[-51.92047189,-27.96310452],[-51.92134844,-27.96304135],[-51.92194727,-27.96303549],[-51.92226053,-27.9630374],[-51.92252113,-27.96308873],[-51.92351714,-27.96332979],[-51.92451882,-27.9635704],[-51.92499679,-27.96365335],[-51.92536399,-27.96377575],[-51.92590888,-27.9639021],[-51.92638269,-27.96404819],[-51.92675384,-27.96421403],[-51.92716842,-27.9644075],[-51.92742902,-27.96459308],[-51.92768962,-27.96483393],[-51.92783571,-27.9650274],[-51.92796206,-27.96519719],[-51.92798575,-27.96541435],[-51.92800154,-27.9656631],[-51.92802918,-27.96590396],[-51.92798575,-27.96611717],[-51.92790678,-27.966283],[-51.92774489,-27.96643304],[-51.92750009,-27.96655939],[-51.92730267,-27.96670154],[-51.92706576,-27.96683184],[-51.92683676,-27.96695424],[-51.92666303,-27.96711217],[-51.92638664,-27.96731354],[-51.92594836,-27.9675465],[-51.92560485,-27.96779525],[-51.92490992,-27.96814666],[-51.92402942,-27.96865206],[-51.92352403,-27.9689403],[-51.92320815,-27.96912587],[-51.922454,-27.96955625],[-51.92201178,-27.96982079],[-51.92162088,-27.9700577],[-51.92121025,-27.97020774],[-51.92085884,-27.97040516],[-51.92021919,-27.97066181],[-51.91947294,-27.9710527],[-51.91871484,-27.97142386],[-51.91826472,-27.97170419],[-51.91777907,-27.97200033],[-51.91726972,-27.97230435],[-51.91682749,-27.97258864],[-51.91649583,-27.97279001],[-51.91600079,-27.97306125],[-51.91498358,-27.97361128],[-51.91446239,-27.97387583],[-51.91416626,-27.97403771],[-51.91376746,-27.97430226],[-51.91325417,-27.97462208],[-51.91298173,-27.97480766],[-51.91264216,-27.9750801],[-51.91240526,-27.97545125],[-51.91209333,-27.97599219],[-51.9120341,-27.97623304],[-51.91197883,-27.97663183],[-51.9119196,-27.97710564],[-51.91188406,-27.97747285],[-51.91182089,-27.97778872],[-51.91188012,-27.97799799],[-51.91188801,-27.97814803],[-51.91193539,-27.97830991],[-51.91202621,-27.97853892],[-51.91225522,-27.9787087],[-51.91254345,-27.9788311],[-51.91289091,-27.97890218],[-51.91343974,-27.97887849],[-51.91398068,-27.97886664],[-51.91441501,-27.97881136],[-51.91484933,-27.97874424],[-51.91519679,-27.97866132],[-51.91558769,-27.97851523],[-51.91607729,-27.97831386],[-51.91646819,-27.97807301],[-51.91676432,-27.97786769],[-51.91716706,-27.97769396],[-51.9175777,-27.97738203],[-51.91793305,-27.97713723],[-51.91830421,-27.97690822],[-51.91855691,-27.97661604],[-51.91887278,-27.97639492],[-51.91912153,-27.97621725],[-51.91942161,-27.97601193],[-51.91959929,-27.97592901],[-51.9198362,-27.97588953],[-51.92012838,-27.97579871],[-51.92040872,-27.97574343],[-51.92079171,-27.97572764],[-51.92125368,-27.97581056],[-51.9217117,-27.97606326],[-51.92207495,-27.97630016],[-51.9223237,-27.97650943],[-51.92247374,-27.97667526],[-51.92254876,-27.97686084],[-51.92248559,-27.97709774],[-51.9223474,-27.97729911],[-51.92212233,-27.97749654],[-51.92190122,-27.97769001],[-51.92157745,-27.97787164],[-51.92128132,-27.97812039],[-51.92074039,-27.97852708],[-51.92042451,-27.97890218],[-51.91998624,-27.9792141],[-51.91960324,-27.97954774],[-51.91918471,-27.97981229],[-51.91882935,-27.98002155],[-51.91823708,-27.98040455],[-51.91788962,-27.9806612],[-51.91762113,-27.98085072],[-51.91732894,-27.98110342],[-51.91674063,-27.98137981],[-51.91627866,-27.98165225],[-51.91578116,-27.98194444],[-51.91548503,-27.98213001],[-51.91505465,-27.98230375],[-51.91464007,-27.98244984],[-51.91426102,-27.9825446],[-51.91377536,-27.98268674],[-51.91331734,-27.98274597],[-51.91306859,-27.98274597],[-51.91281984,-27.98287627],[-51.91256319,-27.98302631],[-51.91229075,-27.98308553],[-51.91156819,-27.98323952],[-51.91110622,-27.98331059],[-51.91067585,-27.98340536],[-51.91015071,-27.98351196],[-51.90962951,-27.983662],[-51.90919124,-27.9838002],[-51.90898592,-27.98389891],[-51.90885562,-27.98402526],[-51.90873322,-27.9841832],[-51.90868979,-27.98436088],[-51.90855554,-27.9845504],[-51.90847657,-27.98470439],[-51.90837391,-27.98495709],[-51.90834233,-27.98520189],[-51.90831469,-27.98546249],[-51.90832653,-27.98586128],[-51.90834233,-27.98626007],[-51.90834233,-27.98656805],[-51.90836602,-27.98687602],[-51.90844104,-27.98713662],[-51.90842919,-27.98742091],[-51.9084134,-27.9878039],[-51.90848052,-27.98823428],[-51.90850421,-27.98867651],[-51.90856739,-27.98902792],[-51.90860292,-27.98923718],[-51.90862661,-27.98946224],[-51.90870953,-27.98998738],[-51.90882009,-27.99015717],[-51.90896618,-27.99025982],[-51.90908068,-27.99033484],[-51.90921493,-27.99038223],[-51.90935312,-27.99040986],[-51.90950711,-27.99037038],[-51.90966505,-27.99028746],[-51.90983483,-27.99024403],[-51.91012701,-27.99013348],[-51.91056924,-27.98991631],[-51.9110549,-27.98966756],[-51.91159583,-27.98939117],[-51.91212097,-27.98918585],[-51.91281194,-27.98851462],[-51.91341211,-27.98784339],[-51.91374772,-27.98751962],[-51.91400437,-27.98740116],[-51.91423733,-27.98729456],[-51.91441501,-27.98720769],[-51.9145611,-27.98715636],[-51.91473088,-27.98714057],[-51.91494015,-27.98718005],[-51.91514547,-27.98722348],[-51.91547131,-27.98740981],[-51.91602202,-27.98779995],[-51.91648003,-27.98821454],[-51.91669325,-27.98839617],[-51.91701702,-27.98864887],[-51.91739212,-27.98896079],[-51.91785014,-27.98939117],[-51.91824893,-27.98963597],[-51.9185727,-27.98987683],[-51.9189557,-27.99007425],[-51.91940187,-27.99019665],[-51.91991911,-27.99026772],[-51.92025078,-27.99024403],[-51.92047979,-27.99020455],[-51.920693,-27.99022429],[-51.92096545,-27.99026377],[-51.92160904,-27.99024008],[-51.92203547,-27.99025193],[-51.92247769,-27.99025982],[-51.92293966,-27.99027167],[-51.92349639,-27.99034669],[-51.9244756,-27.99038617],[-51.92526923,-27.99041381],[-51.92604312,-27.99042171],[-51.92677358,-27.99036643],[-51.92764224,-27.99040986],[-51.92849115,-27.99055201],[-51.92939534,-27.99067836],[-51.92994417,-27.99073364],[-51.93061935,-27.99081655],[-51.9311287,-27.99086393],[-51.93171306,-27.99091526],[-51.9320976,-27.99095312],[-51.93242773,-27.99101003],[-51.93267648,-27.99115217],[-51.93276334,-27.99118573],[-51.93284429,-27.99126075],[-51.93294102,-27.99139895],[-51.93296274,-27.99152727],[-51.93299433,-27.9916398],[-51.93304566,-27.99182143],[-51.93310488,-27.99212546],[-51.93317398,-27.99228734],[-51.93319175,-27.99242356],[-51.93315621,-27.99259334],[-51.93311081,-27.9927118],[-51.93309106,-27.9928342],[-51.93314239,-27.99325273],[-51.93311475,-27.99351728],[-51.93301604,-27.99376603],[-51.9329963,-27.99399504],[-51.9329963,-27.99420825],[-51.9330042,-27.99453597],[-51.93306342,-27.99484395],[-51.93314239,-27.9954599],[-51.93327269,-27.99581131],[-51.93333192,-27.99605611],[-51.93338325,-27.99658915],[-51.93347801,-27.99723669],[-51.93345432,-27.9974736],[-51.93342273,-27.99768287],[-51.9333793,-27.99789213],[-51.93335956,-27.99818037],[-51.93339114,-27.99845281],[-51.93345432,-27.99868182],[-51.93354908,-27.9989898],[-51.93359646,-27.99920696],[-51.93365174,-27.99939254],[-51.93367938,-27.99962944],[-51.93376624,-27.9997321],[-51.93383534,-27.9997854],[-51.93394392,-27.99986931],[-51.93406435,-27.99985351],[-51.93416504,-27.99984167],[-51.93429533,-27.99979626],[-51.93434864,-27.99972716],[-51.93440194,-27.99966202],[-51.93450855,-27.99962451],[-51.9346349,-27.9995633],[-51.93470794,-27.99954751],[-51.93483627,-27.99954751],[-51.93490142,-27.99960871],[-51.93500605,-27.99965609],[-51.93513635,-27.99966794],[-51.93520545,-27.99967386],[-51.93527652,-27.9997015],[-51.9353239,-27.99968965],[-51.93539102,-27.99964227],[-51.93547591,-27.99959687],[-51.93553909,-27.99959292],[-51.93560819,-27.99959687],[-51.93567926,-27.99958107],[-51.93576415,-27.99959094],[-51.93581943,-27.99964425],[-51.93586483,-27.99968571],[-51.93596354,-27.99968768],[-51.93611161,-27.99967781],[-51.93626757,-27.99965412],[-51.9364571,-27.99959489],[-51.93668018,-27.99950408],[-51.93676113,-27.9994567],[-51.93679864,-27.99942906],[-51.93685391,-27.99941326],[-51.93695657,-27.99942314],[-51.9370691,-27.9994567],[-51.93730601,-27.9995021],[-51.93745408,-27.99954356],[-51.93775218,-27.999587],[-51.93791802,-27.99963832],[-51.93810951,-27.99966399],[-51.93826564,-27.99967821],[-51.93840726,-27.99971642],[-51.93870136,-27.99975691],[-51.93902555,-27.9998239],[-51.93919138,-27.99984167],[-51.93938486,-27.99984957],[-51.93949541,-27.99986733],[-51.9396494,-27.99986141],[-51.93973627,-27.99982588],[-51.9399467,-27.99980345],[-51.94017059,-27.99980218],[-51.94032691,-27.99982636],[-51.94050423,-27.99989497],[-51.94072732,-27.99994235],[-51.94085367,-27.99998381],[-51.94104912,-28.00004304],[-51.94122877,-28.00010029],[-51.94137881,-28.0001299],[-51.94151954,-28.00020503],[-51.9416631,-28.00029771],[-51.94180919,-28.00040629],[-51.94188421,-28.000505],[-51.94191185,-28.00059779],[-51.94190395,-28.00071822],[-51.94192567,-28.00079719],[-51.94199871,-28.0009038],[-51.94208163,-28.0010262],[-51.94211717,-28.00111109],[-51.94215863,-28.00117426],[-51.94218034,-28.00129074],[-51.94221588,-28.00146052],[-51.94224352,-28.00161056],[-51.94229682,-28.00190077],[-51.9423521,-28.00216532],[-51.94240935,-28.00241802],[-51.94247647,-28.00259964],[-51.94257124,-28.00266282],[-51.94267784,-28.00267466],[-51.94282394,-28.00265492],[-51.94292659,-28.00269836],[-51.9430411,-28.00268651],[-51.94319509,-28.00263913],[-51.9435307,-28.00252462],[-51.94386632,-28.00231141],[-51.94436777,-28.00187708],[-51.94455729,-28.00169546],[-51.94469549,-28.00156516],[-51.94480605,-28.00142301],[-51.9449245,-28.00128482],[-51.94500742,-28.00110319],[-51.94508244,-28.0009571],[-51.94513771,-28.00080311],[-51.94519694,-28.00062148],[-51.94518904,-28.00043986],[-51.9451693,-28.00029376],[-51.94511007,-28.00017926],[-51.94465206,-27.99980021],[-51.94426116,-27.99951987],[-51.94394529,-27.99930666],[-51.94371628,-27.99902632],[-51.9435465,-27.99876572],[-51.94334118,-27.99843011],[-51.94318501,-27.99817329],[-51.94312007,-27.9979563],[-51.94306676,-27.99776874],[-51.94306479,-27.9976878],[-51.9431023,-27.99758712],[-51.94326418,-27.99736008],[-51.94341817,-27.99717451],[-51.94359585,-27.99697314],[-51.94376169,-27.99685666],[-51.94388014,-27.99678164],[-51.94408348,-27.99666516],[-51.94430065,-27.99656053],[-51.94459875,-27.99647564],[-51.94492647,-27.99635916],[-51.94521866,-27.9962407],[-51.94544766,-27.99617753],[-51.94560758,-27.99617555],[-51.94572011,-27.99618148],[-51.94577341,-27.99623676],[-51.94599057,-27.99627821],[-51.94610705,-27.99635126],[-51.94619589,-27.9964401],[-51.94627881,-27.9965704],[-51.94657099,-27.99685074],[-51.94671708,-27.99705013],[-51.94682567,-27.99723176],[-51.94687107,-27.99733244],[-51.94694807,-27.99738377],[-51.94711587,-27.99758909],[-51.94727776,-27.99770754],[-51.94751467,-27.99790102],[-51.94773973,-27.99803921],[-51.94790556,-27.99818925],[-51.94813062,-27.99826822],[-51.94838727,-27.99846959],[-51.94860048,-27.99865122],[-51.94863997,-27.99889207],[-51.9486241,-27.99928283],[-51.94858864,-27.99954751],[-51.94860443,-27.99971334],[-51.94873868,-28.00003317],[-51.94884134,-28.00026612],[-51.94912168,-28.0004438],[-51.94942176,-28.00063728],[-51.94954021,-28.00070045],[-51.94972184,-28.00066886],[-51.94987188,-28.00057805],[-51.94997059,-28.00058595],[-51.95016801,-28.00065307],[-51.95071289,-28.00080311],[-51.9508274,-28.00080311],[-51.95141571,-28.00053462],[-51.95149073,-28.00044775],[-51.95219947,-27.99941129],[-51.95259432,-27.99886641],[-51.95296547,-27.99845577],[-51.95348666,-27.99778454],[-51.95374726,-27.997137],[-51.95412631,-27.99623676],[-51.95441059,-27.99558132],[-51.95456063,-27.99521016],[-51.95469488,-27.99432572],[-51.95475805,-27.99390718],[-51.95486071,-27.99356762],[-51.95498706,-27.99342548],[-51.95532663,-27.9931096],[-51.95566619,-27.99269897],[-51.95606893,-27.99230412],[-51.9563927,-27.99199615],[-51.95662171,-27.99170396],[-51.95668094,-27.99161907],[-51.95665725,-27.99141375],[-51.95666317,-27.99111565],[-51.95668884,-27.99079582],[-51.95673622,-27.99053918],[-51.9567836,-27.99032201],[-51.95678952,-27.99006734],[-51.95680137,-27.98973567],[-51.95676583,-27.98956984],[-51.9567145,-27.98949482],[-51.95667107,-27.98943954],[-51.95654867,-27.9892895],[-51.95647365,-27.98911577],[-51.9563315,-27.98884728],[-51.95623674,-27.98858668],[-51.95615382,-27.98827475],[-51.95610644,-27.98804574],[-51.95611829,-27.98779699],[-51.95606696,-27.98749691],[-51.95609065,-27.98739425],[-51.95622884,-27.98741794],[-51.9564697,-27.98745348],[-51.9565763,-27.98745743],[-51.95672635,-27.98739031],[-51.95724754,-27.98710602],[-51.95730676,-27.98704679],[-51.95763843,-27.98618209],[-51.9577174,-27.98610312],[-51.95822675,-27.98583068],[-51.95838468,-27.98569248],[-51.95849919,-27.98558982],[-51.95863738,-27.98533712],[-51.95874399,-27.98506073],[-51.95894141,-27.98481198],[-51.95915068,-27.98457508],[-51.95929677,-27.9843895],[-51.95942312,-27.98437371],[-51.9596008,-27.98435791],[-51.95975479,-27.98433028],[-51.9598614,-27.98418023],[-51.95993642,-27.98402625],[-51.95994036,-27.983892],[-51.96002723,-27.98379724],[-51.96013779,-27.98372617],[-51.96026808,-27.98368273],[-51.96095511,-27.98356428],[-51.96099262,-27.98352282],[-51.96104987,-27.98351887],[-51.96111502,-27.98351887],[-51.96116833,-27.983509],[-51.9612848,-27.98348729],[-51.96128086,-27.98342806],[-51.96127493,-27.98336094],[-51.96129862,-27.98332343],[-51.96134798,-27.98331356],[-51.96142695,-27.98329776],[-51.9614921,-27.98328789],[-51.96151381,-27.98326025],[-51.9615375,-27.98324446],[-51.96154737,-27.98319115],[-51.96157106,-27.98317339],[-51.96160068,-27.98315167],[-51.96162634,-27.98314377],[-51.96165793,-27.98312798],[-51.9616678,-27.98305098],[-51.96170136,-27.98302335],[-51.96170136,-27.98293253],[-51.96173098,-27.98291871],[-51.9617902,-27.98290884],[-51.96184548,-27.98290884],[-51.96190471,-27.98291082],[-51.96195209,-27.9828891],[-51.96201526,-27.98283382],[-51.96199355,-27.98270747],[-51.96200342,-27.9826364],[-51.96206462,-27.98260086],[-51.96215741,-27.98248241],[-51.96231534,-27.98236001],[-51.96237654,-27.98222182],[-51.96242787,-27.98206783],[-51.96249105,-27.98189804],[-51.96258976,-27.98163153],[-51.96274177,-27.98128012],[-51.96296091,-27.9811972],[-51.9631149,-27.98117746],[-51.96333206,-27.98109849],[-51.96352159,-27.98100767],[-51.96365583,-27.98087343],[-51.96382956,-27.98074708],[-51.96407042,-27.98062863],[-51.96422046,-27.9805773],[-51.96439024,-27.98045489],[-51.96463504,-27.98034434],[-51.96471006,-27.98023773],[-51.96474955,-27.98011928],[-51.96478508,-27.97996529],[-51.96482062,-27.97979946],[-51.96492723,-27.97971654],[-51.9651207,-27.97970864],[-51.96533786,-27.97970864],[-51.9656182,-27.97962178],[-51.96593408,-27.97935723],[-51.96611176,-27.97885578],[-51.96617493,-27.97821614],[-51.9662618,-27.97770284],[-51.96627759,-27.97718955],[-51.96680705,-27.97671539],[-51.96711071,-27.97647093],[-51.96754503,-27.97621428],[-51.96784511,-27.97617085],[-51.96817283,-27.97616295],[-51.96864039,-27.97602095],[-51.97044595,-27.97532651],[-51.97202928,-27.9747154],[-51.97377929,-27.97402096],[-51.97641818,-27.97302097],[-51.97939041,-27.97188209],[-51.98486265,-27.96979878],[-51.9878071,-27.9686599],[-51.99102933,-27.96740991],[-51.99491823,-27.96588214],[-51.99460558,-27.96558117],[-51.99454832,-27.96549628],[-51.99444764,-27.96539954],[-51.99434301,-27.96526727],[-51.99423442,-27.96516659],[-51.99418309,-27.96512315],[-51.99412387,-27.96513303],[-51.99407451,-27.96515474],[-51.99400541,-27.96512118],[-51.99393237,-27.96515277],[-51.99389486,-27.96518435],[-51.99378134,-27.96514741],[-51.99368757,-27.96507972],[-51.99354345,-27.96509157],[-51.99340131,-27.96511131],[-51.9932335,-27.96510144],[-51.99306174,-27.96512118],[-51.99291762,-27.96513697],[-51.99271625,-27.96518041],[-51.99247145,-27.9651429],[-51.99218322,-27.96513105],[-51.99184168,-27.96510144],[-51.99148829,-27.96504221],[-51.99120598,-27.9649514],[-51.99091182,-27.96488033],[-51.99066307,-27.96484479],[-51.9904084,-27.96484479],[-51.99017149,-27.96484676],[-51.9899563,-27.96484676],[-51.98970953,-27.96484479],[-51.98956146,-27.96474213],[-51.98943314,-27.96461381],[-51.98931863,-27.96461776],[-51.98921005,-27.96463552],[-51.9890304,-27.9646296],[-51.98881126,-27.96468488],[-51.98867504,-27.96473423],[-51.98854671,-27.96478359],[-51.9884559,-27.96480728],[-51.98821702,-27.96474608],[-51.98802355,-27.96482505],[-51.98775506,-27.96483689],[-51.98752999,-27.9648211],[-51.98728914,-27.96467501],[-51.98706013,-27.96463552],[-51.98695747,-27.96464342],[-51.98681533,-27.96460788],[-51.98651525,-27.9645684],[-51.9862665,-27.96450523],[-51.98598221,-27.96433939],[-51.98570977,-27.96435519],[-51.98545707,-27.96448153],[-51.98522017,-27.96461183],[-51.98489245,-27.96465527],[-51.98446996,-27.96483689],[-51.98416594,-27.9649514],[-51.98393298,-27.96499878],[-51.98360131,-27.96498298],[-51.98328149,-27.96484479],[-51.98304458,-27.96472634],[-51.98280373,-27.96457235],[-51.98253524,-27.9644539],[-51.98229438,-27.96433544],[-51.98210091,-27.9643078],[-51.98190744,-27.96438677],[-51.98150864,-27.96440651],[-51.98112565,-27.96434334],[-51.98067158,-27.96412618],[-51.98043862,-27.96400772],[-51.98025304,-27.96396034],[-51.98003983,-27.96395245],[-51.97978713,-27.96392876],[-51.9796134,-27.96395639],[-51.97940808,-27.96398798],[-51.97925014,-27.96396824],[-51.97892637,-27.96388137],[-51.97830647,-27.96371949],[-51.97812879,-27.96368395],[-51.97781292,-27.96368],[-51.97763129,-27.96360498],[-51.97754048,-27.96346284],[-51.97744177,-27.96326542],[-51.97737676,-27.9629048],[-51.97735095,-27.96268105],[-51.97738254,-27.96237307],[-51.97743782,-27.96200192],[-51.97741413,-27.96184399],[-51.97740228,-27.96165446],[-51.97738254,-27.96137017],[-51.97743782,-27.96122013],[-51.97750889,-27.9610464],[-51.97757206,-27.96088847],[-51.97763919,-27.96073448],[-51.97765893,-27.96059628],[-51.9776076,-27.96040281],[-51.97750889,-27.9603041],[-51.97730357,-27.96021723],[-51.97714168,-27.96007904],[-51.97683371,-27.95991321],[-51.97660075,-27.95973553],[-51.97630857,-27.95957364],[-51.97616642,-27.95951836],[-51.97592162,-27.95945519],[-51.97577553,-27.95931304],[-51.975586,-27.95911957],[-51.97543596,-27.95889056],[-51.9753491,-27.95867735],[-51.9753491,-27.9584207],[-51.9753412,-27.95821933],[-51.97542017,-27.95809693],[-51.97550309,-27.95798637],[-51.97555837,-27.95786397],[-51.97559785,-27.95763891],[-51.9756018,-27.95741385],[-51.97555442,-27.95705849],[-51.97544386,-27.95675841],[-51.97541622,-27.95640305],[-51.97530961,-27.95632409],[-51.97527803,-27.95620168],[-51.9752188,-27.95603585],[-51.97527408,-27.95587791],[-51.9753412,-27.95576341],[-51.97530172,-27.95563311],[-51.97524644,-27.95551466],[-51.97517142,-27.95532908],[-51.97502928,-27.95506059],[-51.9749661,-27.95485132],[-51.97488911,-27.95469931],[-51.97478842,-27.95455914],[-51.9747746,-27.95436764],[-51.97464628,-27.95405966],[-51.97426526,-27.95325024],[-51.97422577,-27.95317127],[-51.97428895,-27.9530923],[-51.97436792,-27.95302123],[-51.97438371,-27.95295805],[-51.97440345,-27.95279617],[-51.97437186,-27.95261849],[-51.974285,-27.95237763],[-51.9741468,-27.95223549],[-51.97392174,-27.95206176],[-51.97367299,-27.95181301],[-51.97357823,-27.95164717],[-51.97350321,-27.95134315],[-51.97349531,-27.95118521],[-51.97345978,-27.95099174],[-51.97340055,-27.95079826],[-51.97340845,-27.95066796],[-51.97353875,-27.95042316],[-51.97368879,-27.95022969],[-51.97388226,-27.94992961],[-51.97398097,-27.94972824],[-51.97396912,-27.94956635],[-51.97396912,-27.94938473],[-51.97395728,-27.94927417],[-51.97391779,-27.94913597],[-51.97343609,-27.94872929],[-51.97309652,-27.94846079],[-51.97243858,-27.94812866],[-51.97224366,-27.94803831],[-51.97193174,-27.94783299],[-51.97168298,-27.94769085],[-51.97137501,-27.94758029],[-51.9710078,-27.94739867],[-51.97078669,-27.94725652],[-51.9706327,-27.94716176],[-51.97043133,-27.94711043],[-51.9702655,-27.94710648],[-51.97010756,-27.94707884],[-51.9700049,-27.94699198],[-51.96996147,-27.94679456],[-51.96996937,-27.94660898],[-51.96996542,-27.94641156],[-51.96995357,-27.94622204],[-51.96997332,-27.94609174],[-51.96995752,-27.94602461],[-51.9699595,-27.94595552],[-51.96993975,-27.94588642],[-51.9698983,-27.94576994],[-51.96985092,-27.94561003],[-51.96971667,-27.94537707],[-51.96964165,-27.9451836],[-51.96959822,-27.94497038],[-51.96950345,-27.94478876],[-51.96936526,-27.94469794],[-51.96917573,-27.94454001],[-51.96907702,-27.94437022],[-51.96898226,-27.94419254],[-51.96891514,-27.94406225],[-51.96886776,-27.94392405],[-51.96891514,-27.94377006],[-51.96892303,-27.94363187],[-51.96894673,-27.94344629],[-51.96897436,-27.94327256],[-51.96891119,-27.94309488],[-51.96882827,-27.94294089],[-51.96863875,-27.94274347],[-51.9683742,-27.94254605],[-51.9682597,-27.94235258],[-51.96811756,-27.94214726],[-51.96799515,-27.94189456],[-51.96796357,-27.9416616],[-51.96791619,-27.94146418],[-51.9678925,-27.9412944],[-51.9678846,-27.94111672],[-51.96793988,-27.94100616],[-51.96804254,-27.94088376],[-51.96814914,-27.94082454],[-51.9682676,-27.94075741],[-51.96833867,-27.94072583],[-51.96848081,-27.94070214],[-51.96860321,-27.94069029],[-51.96872956,-27.94061132],[-51.96881248,-27.94051656],[-51.96881248,-27.94040995],[-51.96881643,-27.94032704],[-51.96876115,-27.94022438],[-51.96868218,-27.94007434],[-51.96856768,-27.93995193],[-51.96828734,-27.93984928],[-51.96799121,-27.93964001],[-51.9676398,-27.93933203],[-51.96730023,-27.93873582],[-51.96717783,-27.93848707],[-51.96705148,-27.93823832],[-51.96703174,-27.9380409],[-51.96700805,-27.93784742],[-51.96701594,-27.93767764],[-51.96702384,-27.93750786],[-51.96697251,-27.93722357],[-51.9668738,-27.93690375],[-51.9667514,-27.93663526],[-51.96662505,-27.93645363],[-51.96658951,-27.93634307],[-51.9664908,-27.93606668],[-51.96641973,-27.93583373],[-51.96630918,-27.93574291],[-51.96613939,-27.93561261],[-51.96585906,-27.93555339],[-51.96563005,-27.93555734],[-51.96546421,-27.93555734],[-51.96539314,-27.93556523],[-51.96503778,-27.93558695],[-51.96485023,-27.9355751],[-51.96464618,-27.93552026],[-51.96447517,-27.93542753],[-51.96431465,-27.93531691],[-51.96419874,-27.93517434],[-51.96409213,-27.93499666],[-51.96397368,-27.93487031],[-51.96385128,-27.93472422],[-51.96378811,-27.93455049],[-51.96368545,-27.93429384],[-51.96361043,-27.93404904],[-51.96347618,-27.93381213],[-51.96327876,-27.93353179],[-51.96315241,-27.93331463],[-51.96298658,-27.93307772],[-51.9629234,-27.93297112],[-51.96296683,-27.93261576],[-51.96297078,-27.93254469],[-51.96308529,-27.93241834],[-51.96308529,-27.93231173],[-51.96310503,-27.93205903],[-51.96313662,-27.93182607],[-51.96311687,-27.93171947],[-51.96316031,-27.93164839],[-51.96323927,-27.93153784],[-51.9634384,-27.9313321],[-51.9634599,-27.9312231],[-51.9637656,-27.9309672],[-51.963889,-27.9308061],[-51.9640285,-27.9305217],[-51.9640499,-27.9303226],[-51.9640124,-27.9301046],[-51.9639748,-27.9300098],[-51.9639212,-27.929915],[-51.9638461,-27.9298392],[-51.9636905,-27.9297017],[-51.9634974,-27.929569],[-51.9631004,-27.929133],[-51.9629234,-27.9290098],[-51.96269044,-27.92880947],[-51.96246143,-27.92861205],[-51.96223243,-27.92842253],[-51.96199552,-27.92813429],[-51.96183758,-27.92791713],[-51.96171913,-27.92775525],[-51.96157699,-27.9276052],[-51.9614151,-27.92739989],[-51.96124927,-27.92718667],[-51.96110712,-27.92694977],[-51.9609255,-27.92671681],[-51.96077941,-27.92653518],[-51.9606649,-27.92634566],[-51.96049512,-27.92616798],[-51.9602977,-27.92600609],[-51.96010422,-27.92588369],[-51.95995418,-27.92582446],[-51.95974097,-27.92575339],[-51.95960277,-27.92569417],[-51.95946063,-27.92561915],[-51.95933033,-27.92555597],[-51.95920793,-27.92549675],[-51.95909738,-27.92539803],[-51.95901051,-27.92529538],[-51.95900261,-27.92516508],[-51.95901051,-27.92503478],[-51.95895523,-27.92490843],[-51.9589039,-27.92476629],[-51.95886837,-27.92466363],[-51.95880124,-27.92452938],[-51.9587894,-27.92433986],[-51.95876966,-27.92420166],[-51.95873017,-27.92404767],[-51.95863541,-27.92393317],[-51.95859593,-27.92380287],[-51.95848537,-27.92370021],[-51.95843799,-27.92357386],[-51.95828005,-27.92346331],[-51.95813001,-27.92332906],[-51.95805894,-27.9232185],[-51.95811422,-27.92315138],[-51.95824057,-27.92299739],[-51.95831559,-27.92284735],[-51.95836692,-27.92279207],[-51.95847747,-27.92273285],[-51.95856039,-27.92267757],[-51.95867884,-27.92263414],[-51.95882099,-27.92250384],[-51.95895523,-27.92231036],[-51.95905789,-27.92214058],[-51.9591566,-27.92193526],[-51.95924742,-27.92175759],[-51.95925136,-27.92162334],[-51.95931059,-27.92146935],[-51.95931454,-27.92136274],[-51.95927111,-27.92125613],[-51.95918029,-27.92113768],[-51.95906184,-27.92101923],[-51.95898287,-27.92095211],[-51.95885652,-27.92081786],[-51.95873807,-27.9207231],[-51.95861172,-27.92062044],[-51.95846168,-27.92056516],[-51.95834323,-27.92055332],[-51.95817344,-27.9206007],[-51.95782993,-27.92087314],[-51.95751406,-27.92124429],[-51.95724951,-27.92157596],[-51.95697707,-27.92178128],[-51.95666514,-27.92201423],[-51.95612816,-27.92210505],[-51.95569778,-27.92218007],[-51.95546877,-27.92215243],[-51.95522397,-27.92214058],[-51.95493968,-27.92215638],[-51.95462776,-27.92213663],[-51.95439085,-27.92208925],[-51.95416579,-27.92198265],[-51.95398021,-27.92188393],[-51.95383412,-27.92171415],[-51.95372752,-27.9215878],[-51.95353404,-27.9214654],[-51.95342743,-27.92137854],[-51.95322606,-27.92129562],[-51.95303259,-27.92124034],[-51.95282727,-27.92111794],[-51.95255878,-27.9209758],[-51.95233372,-27.92082576],[-51.95207312,-27.92069546],[-51.95185596,-27.92056911],[-51.95170592,-27.92046645],[-51.95161906,-27.9203401],[-51.95159142,-27.92023744],[-51.95156773,-27.9200953],[-51.95157167,-27.91996105],[-51.951623,-27.91975968],[-51.95167433,-27.91957805],[-51.95171382,-27.91943196],[-51.95176515,-27.91921875],[-51.95183227,-27.91894236],[-51.951862,-27.9188049],[-51.9520068,-27.9185347],[-51.9520229,-27.9184352],[-51.9521624,-27.9182313],[-51.952275,-27.9179517],[-51.9523341,-27.9178663],[-51.9523931,-27.917653],[-51.9524145,-27.9174445],[-51.9525111,-27.9171269],[-51.9525915,-27.9166007],[-51.9528437,-27.9160509],[-51.9528705,-27.9159513],[-51.9531173,-27.9155911],[-51.9531602,-27.9154868],[-51.9532085,-27.9151834],[-51.953364,-27.9147521],[-51.9533908,-27.9145435],[-51.9535947,-27.9138609],[-51.9536537,-27.9134627],[-51.9538254,-27.9128796],[-51.95382,-27.9127754],[-51.9537234,-27.9124388],[-51.9536108,-27.9122681],[-51.953541,-27.9121022],[-51.9533211,-27.9117135],[-51.9531924,-27.9115429],[-51.9529671,-27.9113343],[-51.9528598,-27.9113248],[-51.9525594,-27.9114338],[-51.9523394,-27.9114433],[-51.9522482,-27.9113864],[-51.9518888,-27.910993],[-51.9517064,-27.9108887],[-51.9515991,-27.9108745],[-51.9513792,-27.9108839],[-51.9512022,-27.9109788],[-51.9510788,-27.9109977],[-51.9509822,-27.9110404],[-51.950891,-27.9110878],[-51.9508159,-27.9111684],[-51.950714,-27.9113295],[-51.950537,-27.9114386],[-51.9504243,-27.9114481],[-51.950317,-27.9114244],[-51.9497109,-27.9109408],[-51.9495231,-27.9108318],[-51.9493407,-27.9107797],[-51.9488847,-27.9107702],[-51.9485682,-27.9108081],[-51.9479835,-27.9108271],[-51.9473022,-27.9107749],[-51.9467121,-27.9107607],[-51.9465888,-27.9107749],[-51.9463795,-27.9108555],[-51.9460362,-27.9108839],[-51.9460094,-27.9107512],[-51.9460255,-27.9106469],[-51.9461757,-27.910263],[-51.9461972,-27.9097557],[-51.9463849,-27.9095993],[-51.946401,-27.9094002],[-51.9463742,-27.9091963],[-51.9462669,-27.9090162],[-51.9461972,-27.9088361],[-51.9461918,-27.9084853],[-51.9462615,-27.9082814],[-51.9463044,-27.9079828],[-51.9464117,-27.9076936],[-51.9464815,-27.9076035],[-51.9465029,-27.907504],[-51.9464868,-27.9072859],[-51.9464493,-27.9071958],[-51.946342,-27.9070299],[-51.9461757,-27.9069114],[-51.9458646,-27.906845],[-51.9452906,-27.9068782],[-51.94496842,-27.90674136],[-51.9446951,-27.9066128],[-51.94456124,-27.90654035],[-51.94445069,-27.90646138],[-51.9443658,-27.90636267],[-51.94427301,-27.90628962],[-51.94417232,-27.9062225],[-51.94409928,-27.9062304],[-51.94402031,-27.90625804],[-51.94394331,-27.90631529],[-51.94388606,-27.90639031],[-51.94382881,-27.90642387],[-51.94375182,-27.90642979],[-51.94366692,-27.90643966],[-51.94355834,-27.90646138],[-51.94344976,-27.90646928],[-51.94332144,-27.90646928],[-51.94319904,-27.90639426],[-51.94309045,-27.90631529],[-51.94304307,-27.9062225],[-51.94296213,-27.90614353],[-51.94288908,-27.90610997],[-51.94276866,-27.9060922],[-51.94263046,-27.90610602],[-51.94247253,-27.90613958],[-51.9423442,-27.90616722],[-51.94218626,-27.90617907],[-51.94206189,-27.90616525],[-51.94197897,-27.90618104],[-51.9419,-27.90622448],[-51.94185262,-27.9062837],[-51.94181906,-27.90636464],[-51.9417855,-27.90642387],[-51.94170456,-27.90641203],[-51.94164928,-27.90637846],[-51.94156439,-27.90638044],[-51.94145975,-27.90639031],[-51.94136894,-27.90638241],[-51.94127813,-27.90639031],[-51.9411577,-27.90643966],[-51.94107083,-27.90647915],[-51.94096225,-27.90653048],[-51.9406721,-27.90668627],[-51.94049831,-27.90677923],[-51.94029892,-27.90680489],[-51.94010347,-27.90682069],[-51.93999094,-27.90682464],[-51.939833,-27.90678515],[-51.9397106,-27.90670618],[-51.93944615,-27.90649182],[-51.9392641,-27.9065137],[-51.9389432,-27.9067343],[-51.93864847,-27.90703292],[-51.93843526,-27.90723034],[-51.93830101,-27.9074475],[-51.93817861,-27.90757385],[-51.9377771,-27.907763],[-51.93729022,-27.90787393],[-51.93700988,-27.90801607],[-51.93678482,-27.90813453],[-51.93630706,-27.90839907],[-51.93590037,-27.90867941],[-51.93541471,-27.90906241],[-51.93502777,-27.90928352],[-51.93468031,-27.90935064],[-51.93442366,-27.90937038],[-51.93397749,-27.90942171],[-51.93364187,-27.90938618],[-51.93324629,-27.9093264],[-51.93261744,-27.90927186],[-51.93224807,-27.90916507],[-51.93196774,-27.90899528],[-51.93168148,-27.90874653],[-51.93152749,-27.90852937],[-51.93133007,-27.90822534],[-51.93118003,-27.90791736],[-51.93086415,-27.90751857],[-51.9306233,-27.9071869],[-51.93025609,-27.90683944],[-51.92996786,-27.90650777],[-51.92942692,-27.90601817],[-51.92896101,-27.90559174],[-51.92832926,-27.90531535],[-51.92780017,-27.90507844],[-51.92732636,-27.90490077],[-51.92682886,-27.9048218],[-51.92612999,-27.90474283],[-51.92586149,-27.90477047],[-51.92553772,-27.90489682],[-51.92532846,-27.90499158],[-51.92521,-27.90511003],[-51.92513498,-27.9053272],[-51.92513104,-27.90562728],[-51.9250876,-27.90586418],[-51.92506786,-27.90614452],[-51.92509155,-27.90647619],[-51.92511524,-27.90694605],[-51.92521,-27.90764492],[-51.92529292,-27.90838328],[-51.92545481,-27.90918876]]]]},"geometry_name":"geom","properties":{"id_terra_indigena":382,"Codigo":25501,"Nome":"Ligeiro","Etnia":"Kaingang","Municipio":"Charrua","Unidade_Federacao":"RS","Fase":"Regularizada","Modalidade":"Tradicionalmente ocupada","Homologacao":"Não Homologada","dt_ini":"2013-01-01Z","dt_fim":"2029-10-30Z"}},{"type":"Feature","id":"vw_funai_terras_indigenas.fid-5c8cc48d_196abffcb4a_2790","geometry":{"type":"MultiPolygon","coordinates":[[[[-52.94365567,-27.42619369],[-52.94338146,-27.42625315],[-52.94301455,-27.42634604],[-52.94274052,-27.4264668],[-52.94248706,-27.4266704],[-52.94245721,-27.42669438],[-52.94209741,-27.42678152],[-52.94186553,-27.42684446],[-52.94151616,-27.42690269],[-52.94100873,-27.42721879],[-52.940676,-27.42747666],[-52.94043476,-27.42785099],[-52.93962788,-27.42798408],[-52.93907055,-27.42834177],[-52.93905391,-27.42868283],[-52.93917037,-27.42861628],[-52.93931178,-27.42864955],[-52.93945319,-27.42928175],[-52.93941992,-27.42972263],[-52.93929514,-27.43000545],[-52.9393201,-27.43036315],[-52.93927019,-27.43062102],[-52.93941004,-27.43074428],[-52.93952663,-27.43084716],[-52.93967752,-27.43137527],[-52.93999251,-27.43152845],[-52.94004402,-27.43197493],[-52.93997029,-27.43232362],[-52.93983356,-27.43287302],[-52.93980451,-27.433602],[-52.94078711,-27.43399484],[-52.94543809,-27.43725362],[-52.94617028,-27.43771769],[-52.94678904,-27.4381405],[-52.94957344,-27.44038865],[-52.95734913,-27.44291523],[-52.96593952,-27.445679],[-52.97469491,-27.44851497],[-52.98472906,-27.45159843],[-52.99310288,-27.45451689],[-53.0027864,-27.45772411],[-53.01362493,-27.46141602],[-53.0160587,-27.46265353],[-53.02008061,-27.46420042],[-53.02851631,-27.4663145],[-53.03470387,-27.46797482],[-53.0416133,-27.47019203],[-53.05233839,-27.47364675],[-53.06243442,-27.47686428],[-53.071922,-27.47980336],[-53.08223459,-27.48292808],[-53.09158811,-27.48575373],[-53.09981756,-27.48811531],[-53.10930514,-27.49063158],[-53.11981367,-27.49336442],[-53.12019524,-27.49345723],[-53.12047368,-27.49352942],[-53.12092246,-27.49248092],[-53.12155981,-27.49123064],[-53.12231268,-27.49065521],[-53.12392763,-27.48997323],[-53.12506666,-27.48925849],[-53.12703176,-27.48827454],[-53.12839818,-27.48749977],[-53.12973011,-27.48688742],[-53.1310309,-27.48618268],[-53.13174331,-27.48566374],[-53.13278269,-27.48474078],[-53.13327134,-27.48436483],[-53.13375143,-27.48379029],[-53.13475133,-27.48269617],[-53.13534297,-27.48194957],[-53.13580784,-27.48124523],[-53.13639948,-27.4801042],[-53.13685026,-27.47904768],[-53.13732727,-27.47810046],[-53.13833175,-27.47774573],[-53.13885837,-27.47768582],[-53.13948574,-27.47768068],[-53.1402644,-27.47773964],[-53.14072891,-27.47785981],[-53.14168724,-27.4782357],[-53.14278081,-27.47852295],[-53.14414723,-27.47883286],[-53.14541504,-27.47891738],[-53.14645885,-27.47878843],[-53.14731984,-27.47866737],[-53.14827301,-27.4784025],[-53.14958266,-27.47783298],[-53.150374,-27.47755808],[-53.15097448,-27.47710153],[-53.15146353,-27.47666235],[-53.1518719,-27.47618657],[-53.15216967,-27.47561989],[-53.15253708,-27.47520703],[-53.15297106,-27.47402755],[-53.15300156,-27.47400969],[-53.15298719,-27.47324258],[-53.15295684,-27.4732424],[-53.15287914,-27.47281781],[-53.15244775,-27.47233692],[-53.15206401,-27.47169085],[-53.15085255,-27.47107103],[-53.14959743,-27.47064111],[-53.14857048,-27.47056391],[-53.1471618,-27.47019765],[-53.14571086,-27.46995817],[-53.14465556,-27.46990697],[-53.14402955,-27.46974069],[-53.142665,-27.46956987],[-53.14192673,-27.46952922],[-53.14124965,-27.46942579],[-53.14069349,-27.46938626],[-53.13961258,-27.46917204],[-53.13844104,-27.4689031],[-53.13764291,-27.46875378],[-53.13648044,-27.46862024],[-53.13559043,-27.46857862],[-53.13476133,-27.4685103],[-53.13405229,-27.46861418],[-53.13292004,-27.46908479],[-53.13172266,-27.46940879],[-53.1306749,-27.46966696],[-53.12985364,-27.46988742],[-53.12805992,-27.47025519],[-53.12702006,-27.46996894],[-53.12645642,-27.46959543],[-53.1259189,-27.46933835],[-53.12526945,-27.46872169],[-53.1244257,-27.46804237],[-53.12355232,-27.46735211],[-53.12298884,-27.46688725],[-53.12196051,-27.46599978],[-53.12097613,-27.46533781],[-53.12022783,-27.46436571],[-53.11996018,-27.46357685],[-53.11976369,-27.46258692],[-53.11969854,-27.46187363],[-53.11968462,-27.46107945],[-53.11974251,-27.46015939],[-53.11971625,-27.45964487],[-53.11987616,-27.45861717],[-53.12008408,-27.45791463],[-53.12010445,-27.45789671],[-53.12029967,-27.45751895],[-53.12056547,-27.4571687],[-53.12092225,-27.45682805],[-53.12138012,-27.45649706],[-53.12224261,-27.45616862],[-53.12376356,-27.45572701],[-53.12416884,-27.45564834],[-53.12538309,-27.45561085],[-53.12597052,-27.45552431],[-53.12714353,-27.45558581],[-53.12822443,-27.45578208],[-53.12974032,-27.45598106],[-53.1311451,-27.45643484],[-53.13289095,-27.45670457],[-53.13366664,-27.45706875],[-53.13473724,-27.45726596],[-53.1357374,-27.45756178],[-53.13601801,-27.45760575],[-53.13620215,-27.45758383],[-53.13587827,-27.45654753],[-53.13563879,-27.45560372],[-53.13560528,-27.45500692],[-53.13563879,-27.45439225],[-53.13614592,-27.45371609],[-53.13683617,-27.45322305],[-53.1377249,-27.45296314],[-53.13863843,-27.45270213],[-53.13854056,-27.45254987],[-53.13721376,-27.45092944],[-53.13620235,-27.44968965],[-53.13240685,-27.4447196],[-53.12327008,-27.43357374],[-53.11334266,-27.42153551],[-53.11070415,-27.41810544],[-53.10737302,-27.41421363],[-53.10166723,-27.40715559],[-53.09286118,-27.39660153],[-53.09141,-27.39488649],[-53.08342849,-27.38522293],[-53.07663156,-27.37697205],[-53.07591088,-27.37608506],[-53.07558187,-27.37575532],[-53.07602833,-27.37764832],[-53.07602833,-27.37836782],[-53.07597437,-27.37885348],[-53.07592256,-27.37935811],[-53.0756263,-27.37970665],[-53.07536489,-27.37992449],[-53.07462425,-27.38007261],[-53.07331723,-27.38010747],[-53.07260272,-27.37990706],[-53.07202764,-27.37939296],[-53.07167038,-27.37914027],[-53.07131313,-27.37885273],[-53.07086003,-27.37881787],[-53.06986669,-27.37921869],[-53.0688995,-27.37978507],[-53.06835926,-27.38002905],[-53.06785388,-27.3803253],[-53.06736593,-27.38059542],[-53.06712195,-27.38092653],[-53.06691283,-27.38125765],[-53.06674727,-27.38177174],[-53.06666885,-27.38198086],[-53.06660786,-27.38218999],[-53.06661657,-27.38262566],[-53.06675599,-27.38300034],[-53.06698254,-27.38334888],[-53.06735722,-27.38369742],[-53.06755762,-27.38396754],[-53.06778418,-27.3842028],[-53.06820604,-27.38449379],[-53.06852482,-27.38466461],[-53.06889079,-27.38489116],[-53.06907377,-27.38508286],[-53.06920593,-27.38523113],[-53.069447,-27.38544748],[-53.06970114,-27.38564052],[-53.07010196,-27.38611976],[-53.07040693,-27.38656415],[-53.07053763,-27.38685169],[-53.07068576,-27.38706953],[-53.07085132,-27.38741807],[-53.07093845,-27.38813257],[-53.07080775,-27.38864667],[-53.07053763,-27.38913462],[-53.07019781,-27.38982299],[-53.06996254,-27.3904155],[-53.06978827,-27.39097317],[-53.06958786,-27.39155697],[-53.06937003,-27.39202749],[-53.06877751,-27.39251545],[-53.06814455,-27.39293063],[-53.06705458,-27.39329473],[-53.06637259,-27.39339551],[-53.06570166,-27.39327352],[-53.06537926,-27.39302954],[-53.0654054,-27.39245446],[-53.06539668,-27.39200135],[-53.06518756,-27.39156568],[-53.06485645,-27.39144369],[-53.06450791,-27.39112129],[-53.06423779,-27.39080761],[-53.06383697,-27.39031965],[-53.06349715,-27.38986655],[-53.06323574,-27.38930018],[-53.06302662,-27.38894293],[-53.06277393,-27.38803673],[-53.06260837,-27.38747906],[-53.0627459,-27.38704617],[-53.06303642,-27.38666078],[-53.06327358,-27.3860738],[-53.06336252,-27.38542753],[-53.06332288,-27.38471689],[-53.06318346,-27.38435964],[-53.06303533,-27.38410695],[-53.0627565,-27.38378455],[-53.06237311,-27.38365385],[-53.06194615,-27.38369742],[-53.06146691,-27.38400239],[-53.06109223,-27.38426379],[-53.06110094,-27.38424637],[-53.06059556,-27.38455134],[-53.06017732,-27.38466461],[-53.05957609,-27.38438578],[-53.05890515,-27.38401982],[-53.0582255,-27.38359286],[-53.0577114,-27.38313104],[-53.0572583,-27.38258209],[-53.05676164,-27.38207671],[-53.05636082,-27.38185888],[-53.05591643,-27.38181531],[-53.05558532,-27.38208543],[-53.05527163,-27.38224227],[-53.0548621,-27.38250367],[-53.05469654,-27.38259081],[-53.05470526,-27.38301777],[-53.05476625,-27.38330531],[-53.05489695,-27.38364514],[-53.05508865,-27.3840721],[-53.05521935,-27.38428122],[-53.05526591,-27.38443383],[-53.05540233,-27.38458619],[-53.05555046,-27.38469947],[-53.05575087,-27.38482146],[-53.05595128,-27.38508286],[-53.0560297,-27.38534426],[-53.05584672,-27.38566666],[-53.05569859,-27.38594549],[-53.05553304,-27.38623304],[-53.05547204,-27.38660772],[-53.0553152,-27.38717409],[-53.05521064,-27.38734836],[-53.05495795,-27.38768819],[-53.05479284,-27.38786199],[-53.05480111,-27.38817614],[-53.05474359,-27.38847196],[-53.05474011,-27.38848983],[-53.05474181,-27.38849449],[-53.05484467,-27.38877737],[-53.0548621,-27.38907363],[-53.05469654,-27.38935246],[-53.05459198,-27.38977071],[-53.05451356,-27.39018024],[-53.05430258,-27.39036862],[-53.05413888,-27.39058977],[-53.05392104,-27.39095574],[-53.05383391,-27.39116486],[-53.05387748,-27.39163539],[-53.05354637,-27.3917748],[-53.05309326,-27.39178352],[-53.05239619,-27.39188808],[-53.0518211,-27.39225405],[-53.05122858,-27.39277685],[-53.05089747,-27.39320381],[-53.05049665,-27.39371791],[-53.05017425,-27.39394446],[-53.04964273,-27.3941013],[-53.04895437,-27.39433656],[-53.04823115,-27.39466768],[-53.04734237,-27.39485937],[-53.04648845,-27.39497265],[-53.04566068,-27.39505107],[-53.04526857,-27.39494651],[-53.0446412,-27.39458054],[-53.04432751,-27.3939096],[-53.04402254,-27.39316896],[-53.04351716,-27.3921582],[-53.0435226,-27.39208876],[-53.04340389,-27.39148726],[-53.04344745,-27.3908686],[-53.04358687,-27.39022381],[-53.0436939,-27.38990273],[-53.04371757,-27.3898317],[-53.0438657,-27.3895093],[-53.0438654,-27.38950899],[-53.04387441,-27.38949188],[-53.04365658,-27.38928275],[-53.0438874,-27.38890416],[-53.04428395,-27.3886031],[-53.04512915,-27.38814129],[-53.04623967,-27.3878702],[-53.04745909,-27.38746996],[-53.048266,-27.38720023],[-53.04863197,-27.38694754],[-53.04884981,-27.38679941],[-53.04895437,-27.38655544],[-53.04887595,-27.38626789],[-53.04829214,-27.38584093],[-53.04753407,-27.38537912],[-53.04749922,-27.38489116],[-53.04751664,-27.3844642],[-53.04745972,-27.38425739],[-53.04740113,-27.38393488],[-53.04720229,-27.38375869],[-53.04679709,-27.38361575],[-53.04636647,-27.38354929],[-53.04569584,-27.38342088],[-53.04514658,-27.3832356],[-53.04458282,-27.38300627],[-53.04397026,-27.3828435],[-53.0436443,-27.38262268],[-53.04335919,-27.38251956],[-53.04309891,-27.38266051],[-53.04279394,-27.38281736],[-53.04265453,-27.38303519],[-53.04256739,-27.38327046],[-53.04221014,-27.38324432],[-53.04178318,-27.38311362],[-53.0414695,-27.3828435],[-53.04139107,-27.38267794],[-53.04106868,-27.38257338],[-53.04078985,-27.38273022],[-53.04065914,-27.38302648],[-53.04061558,-27.3832356],[-53.04040645,-27.383558],[-53.04019733,-27.38381941],[-53.04023218,-27.38415052],[-53.04048487,-27.38434221],[-53.04072885,-27.38456876],[-53.04083341,-27.38489988],[-53.04040645,-27.38533555],[-53.03963095,-27.38570152],[-53.03902101,-27.38587579],[-53.03857662,-27.38551853],[-53.0379144,-27.38533555],[-53.0373306,-27.38503929],[-53.03696463,-27.38489988],[-53.03656381,-27.38489988],[-53.03594516,-27.3852397],[-53.03542235,-27.38549239],[-53.03489083,-27.38584964],[-53.03440287,-27.38634631],[-53.03397591,-27.3864683],[-53.0336448,-27.38668614],[-53.03360995,-27.38686041],[-53.03336597,-27.38685169],[-53.03333112,-27.38665128],[-53.03301743,-27.38641602],[-53.03251205,-27.38542268],[-53.03216289,-27.384572],[-53.03201538,-27.38423765],[-53.03195439,-27.38363642],[-53.03198053,-27.38340987],[-53.03211216,-27.38306909],[-53.0322855,-27.38274765],[-53.0325469,-27.38255595],[-53.0329303,-27.38217256],[-53.03323527,-27.38168461],[-53.03366223,-27.38119665],[-53.03389803,-27.38066254],[-53.03406007,-27.38026011],[-53.03437673,-27.37967179],[-53.03461964,-27.37936755],[-53.03462071,-27.3791577],[-53.0342896,-27.37863489],[-53.03403691,-27.37814694],[-53.0339062,-27.37771998],[-53.03340954,-27.37720588],[-53.0333224,-27.37693577],[-53.03389044,-27.37623258],[-53.03419204,-27.37550208],[-53.03424273,-27.37486751],[-53.03424652,-27.37407864],[-53.03413974,-27.37355992],[-53.03393234,-27.37334582],[-53.03386264,-27.37309312],[-53.03388878,-27.37282301],[-53.03388878,-27.37280558],[-53.0337035,-27.37280146],[-53.03349667,-27.37279687],[-53.0331674,-27.37281139],[-53.03290416,-27.37282301],[-53.03217222,-27.37274459],[-53.03173655,-27.37276201],[-53.03114403,-27.37261388],[-53.03076064,-27.37257032],[-53.03037725,-27.3727533],[-53.03002,-27.37298856],[-53.02975305,-27.37312608],[-53.02973245,-27.37312798],[-53.02941877,-27.37345038],[-53.02919222,-27.37381634],[-53.02902666,-27.37414745],[-53.02845157,-27.37460056],[-53.02799847,-27.37494909],[-53.02758023,-27.37527149],[-53.02719683,-27.37554161],[-53.02681344,-27.37586401],[-53.02658689,-27.37587272],[-53.02553256,-27.37539348],[-53.02480934,-27.37516693],[-53.02417828,-27.37496723],[-53.023641,-27.37488436],[-53.02312746,-27.37480086],[-53.0226736,-27.37469422],[-53.02230858,-27.37467026],[-53.02199528,-27.37482136],[-53.0218729,-27.37519307],[-53.02192518,-27.3755329],[-53.0220646,-27.37581173],[-53.02202103,-27.37623869],[-53.02189904,-27.37694448],[-53.02130653,-27.37778969],[-53.02086214,-27.37826893],[-53.02040904,-27.37850419],[-53.01987752,-27.37845191],[-53.01888418,-27.37812951],[-53.01801284,-27.37761542],[-53.01688008,-27.37657851],[-53.01558924,-27.37521028],[-53.01515482,-27.37494038],[-53.01471043,-27.37474868],[-53.01442336,-27.37455599],[-53.01410652,-27.37448443],[-53.01407245,-27.37432354],[-53.01385884,-27.37428794],[-53.01390681,-27.37408405],[-53.0137569,-27.37404807],[-53.01365495,-27.37393414],[-53.01356501,-27.37386218],[-53.01345107,-27.37358633],[-53.01310327,-27.37363431],[-53.01300732,-27.37351438],[-53.01295935,-27.37334047],[-53.01285741,-27.37313659],[-53.01266552,-27.37300467],[-53.01240167,-27.37299867],[-53.01232371,-27.37283676],[-53.01222777,-27.37268685],[-53.01204787,-27.37260889],[-53.01206085,-27.37256753],[-53.01205986,-27.37256691],[-53.01207305,-27.37252864],[-53.01224576,-27.37202722],[-53.01223324,-27.37201802],[-53.01204187,-27.37187731],[-53.01197591,-27.37180535],[-53.01174804,-27.37192528],[-53.01153216,-27.37194327],[-53.01144821,-27.37187731],[-53.0114602,-27.37154749],[-53.0114722,-27.37139758],[-53.01141823,-27.37126565],[-53.01109441,-27.37130163],[-53.01099846,-27.37129564],[-53.01068064,-27.37104978],[-53.01069264,-27.37075594],[-53.01037482,-27.37052807],[-53.0102309,-27.3703062],[-53.01030886,-27.36980848],[-53.01032314,-27.36939412],[-53.01029087,-27.3690769],[-53.01021891,-27.36875308],[-53.01006899,-27.36845325],[-53.010063,-27.36788358],[-53.01026088,-27.36735588],[-53.01000303,-27.36724194],[-53.00955329,-27.36720596],[-53.00947483,-27.36701766],[-53.00943335,-27.36691812],[-53.00942879,-27.36644854],[-53.00941536,-27.36628249],[-53.0093434,-27.36592269],[-53.00934251,-27.36562567],[-53.00927807,-27.36523257],[-53.00935097,-27.36478062],[-53.00895005,-27.36472231],[-53.00861474,-27.364387],[-53.00858558,-27.36350499],[-53.00819925,-27.3628125],[-53.00835213,-27.36219864],[-53.00832599,-27.36172922],[-53.00813645,-27.36144814],[-53.00790551,-27.36127505],[-53.00768573,-27.36098473],[-53.00742713,-27.36051365],[-53.00693877,-27.3597462],[-53.00632712,-27.35942238],[-53.00611724,-27.35827703],[-53.0057551,-27.35759611],[-53.0053644,-27.35720531],[-53.00479284,-27.35669591],[-53.00402443,-27.35636412],[-53.00327485,-27.3560463],[-53.00260923,-27.35531472],[-53.00211151,-27.35492494],[-53.00166777,-27.35454715],[-53.00095417,-27.35416937],[-53.00089931,-27.35413175],[-53.00034852,-27.35399547],[-53.00020895,-27.35366399],[-52.99311023,-27.35151727],[-52.99295071,-27.351471],[-52.99283869,-27.35142595],[-52.99009673,-27.35304499],[-52.98767833,-27.35432032],[-52.98694147,-27.35475488],[-52.98544886,-27.35561455],[-52.98449945,-27.35608689],[-52.98340361,-27.3568143],[-52.98156147,-27.35780623],[-52.98022946,-27.35856198],[-52.97898247,-27.35918547],[-52.97795748,-27.35979952],[-52.97736232,-27.36040412],[-52.97685219,-27.36104651],[-52.97638929,-27.36167945],[-52.97597363,-27.36216124],[-52.97557686,-27.36263359],[-52.97531943,-27.36292644],[-52.97487543,-27.36326653],[-52.97439364,-27.3635027],[-52.97363789,-27.36381445],[-52.97277822,-27.36417343],[-52.97161625,-27.36461743],[-52.97054875,-27.3650331],[-52.96991581,-27.36524093],[-52.96913172,-27.3656377],[-52.96862159,-27.36595889],[-52.96810201,-27.36641234],[-52.96756353,-27.36691303],[-52.96690225,-27.36757431],[-52.96603314,-27.36831117],[-52.96528683,-27.36903858],[-52.96465389,-27.36954871],[-52.96396427,-27.36991714],[-52.96328882,-27.37023834],[-52.96247638,-27.37056898],[-52.96185289,-27.37077681],[-52.96107824,-27.3709563],[-52.96025636,-27.37102243],[-52.95949117,-27.37114524],[-52.95844988,-27.37139196],[-52.95789464,-27.37161758],[-52.9574223,-27.37183486],[-52.95655318,-27.3723261],[-52.95611862,-27.37260006],[-52.95546679,-27.37299683],[-52.95453804,-27.37350653],[-52.9535042,-27.37397027],[-52.95262258,-27.37411889],[-52.95165969,-27.37436663],[-52.95080002,-27.37465003],[-52.94973253,-27.3750468],[-52.94862724,-27.37564196],[-52.94732357,-27.37642605],[-52.946001,-27.37731406],[-52.94524525,-27.37800368],[-52.94460286,-27.37848547],[-52.94408801,-27.37891058],[-52.94348341,-27.3793168],[-52.94281268,-27.37964744],[-52.94188688,-27.38000642],[-52.94104611,-27.38012923],[-52.93984635,-27.38009144],[-52.93700598,-27.37975289],[-52.9360703,-27.3796472],[-52.93698458,-27.38012446],[-52.93731219,-27.38034571],[-52.9379456,-27.38071148],[-52.93844452,-27.38073898],[-52.93881342,-27.38125818],[-52.93899195,-27.38193147],[-52.93915903,-27.38289849],[-52.93936154,-27.38307569],[-52.93964507,-27.38310606],[-52.93997415,-27.38318707],[-52.94063739,-27.38328833],[-52.94079941,-27.38334402],[-52.94112849,-27.38357691],[-52.94210563,-27.38404776],[-52.94311315,-27.38427053],[-52.94360425,-27.38449836],[-52.94410548,-27.38491352],[-52.94431812,-27.38508566],[-52.94448519,-27.38525273],[-52.94459151,-27.38549575],[-52.94471809,-27.3859666],[-52.94487503,-27.38628556],[-52.94502186,-27.3864982],[-52.945194,-27.38671591],[-52.94540664,-27.38692349],[-52.94565978,-27.3870855],[-52.94593824,-27.38719182],[-52.94609648,-27.38713597],[-52.94610532,-27.38714625],[-52.94645972,-27.38683742],[-52.94706727,-27.38640201],[-52.94745205,-27.38616911],[-52.94793809,-27.38598685],[-52.94926963,-27.38568308],[-52.94950975,-27.38566283],[-52.94968985,-27.38563245],[-52.94993286,-27.38556663],[-52.95013538,-27.38558182],[-52.95058598,-27.38562738],[-52.95111758,-27.3856527],[-52.95132516,-27.38572358],[-52.95154793,-27.38592103],[-52.95173486,-27.38621127],[-52.95174032,-27.38621974],[-52.95187702,-27.3864577],[-52.95200865,-27.38658427],[-52.95219092,-27.38665515],[-52.95245419,-27.38674628],[-52.95268202,-27.38672603],[-52.95299085,-27.38668047],[-52.95320856,-27.38662984],[-52.95343926,-27.3867116],[-52.95357808,-27.38676081],[-52.95360519,-27.38677835],[-52.95416855,-27.38689102],[-52.95471313,-27.38685347],[-52.95523894,-27.38671263],[-52.95573657,-27.38654362],[-52.95592102,-27.38646309],[-52.95639383,-27.38628072],[-52.95683512,-27.38627133],[-52.95732337,-27.38654362],[-52.95768955,-27.38659995],[-52.95854398,-27.38665629],[-52.95908856,-27.38671263],[-52.96067536,-27.38677835],[-52.96153918,-27.3868253],[-52.96275979,-27.3870037],[-52.96358606,-27.38711637],[-52.96408369,-27.38746377],[-52.96420575,-27.38782057],[-52.96549209,-27.38792385],[-52.96725729,-27.38811164],[-52.96850774,-27.38824993],[-52.96946378,-27.38840271],[-52.97093791,-27.38862805],[-52.97169844,-27.38845904],[-52.97231814,-27.38856233],[-52.9731444,-27.38880645],[-52.97436501,-27.38884401],[-52.97521944,-27.38894729],[-52.97536881,-27.38898026],[-52.97634616,-27.38934164],[-52.97693769,-27.38941675],[-52.97728105,-27.38940245],[-52.97738838,-27.38939798],[-52.97876102,-27.38926252],[-52.97880617,-27.38925714],[-52.97963243,-27.38923836],[-52.98022396,-27.38932286],[-52.98068434,-27.38942463],[-52.98109717,-27.38953882],[-52.9813119,-27.38961039],[-52.98174503,-27.38975477],[-52.98261824,-27.39006462],[-52.98373557,-27.39053409],[-52.98413931,-27.39068432],[-52.98513458,-27.39126645],[-52.98605798,-27.39179887],[-52.9861768,-27.39186737],[-52.98658054,-27.39182042],[-52.98685283,-27.39187676],[-52.98719085,-27.39217722],[-52.98755703,-27.39243073],[-52.98787627,-27.39255279],[-52.9886368,-27.39247768],[-52.98918138,-27.39242134],[-52.98986681,-27.39217722],[-52.99059917,-27.39188615],[-52.99142544,-27.39152936],[-52.99194513,-27.39132313],[-52.99201696,-27.39130401],[-52.9915032,-27.39178758],[-52.99110248,-27.39205121],[-52.99069262,-27.39294157],[-52.99078811,-27.39401794],[-52.99056467,-27.39472971],[-52.99057522,-27.39511988],[-52.99041704,-27.39536242],[-52.99032803,-27.39578191],[-52.99018403,-27.39605157],[-52.99037486,-27.39631149],[-52.99049085,-27.39710239],[-52.99018504,-27.39748202],[-52.9904432,-27.39845515],[-52.98959999,-27.39833229],[-52.98841695,-27.39779881],[-52.98769365,-27.397293],[-52.98710933,-27.39703351],[-52.98649162,-27.39638792],[-52.98596679,-27.39601172],[-52.98571134,-27.39604888],[-52.98543732,-27.39642972],[-52.98488927,-27.39650868],[-52.98439181,-27.39664237],[-52.98415079,-27.39670375],[-52.98414985,-27.3967074],[-52.98407184,-27.39701029],[-52.98396501,-27.39735398],[-52.98381639,-27.39764194],[-52.98364455,-27.39786487],[-52.98355166,-27.39802743],[-52.98340303,-27.39818534],[-52.98302683,-27.39838041],[-52.9826274,-27.39853368],[-52.98247413,-27.39858941],[-52.9821676,-27.39875661],[-52.98201296,-27.39884939],[-52.98188893,-27.39892382],[-52.98175653,-27.39910677],[-52.98163348,-27.3992768],[-52.98159333,-27.39946864],[-52.98171244,-27.39955082],[-52.98186571,-27.39958798],[-52.98213973,-27.399653],[-52.98272958,-27.39965765],[-52.98296181,-27.39975518],[-52.98316152,-27.39991309],[-52.98329621,-27.40015925],[-52.98341232,-27.40040076],[-52.98349128,-27.40077697],[-52.98355166,-27.40106957],[-52.98365383,-27.40142255],[-52.98383497,-27.40168729],[-52.98408113,-27.40190558],[-52.98458273,-27.40202633],[-52.98479638,-27.40215174],[-52.98482425,-27.40226785],[-52.98445733,-27.40267656],[-52.98400682,-27.40315495],[-52.98380369,-27.40355841],[-52.98375137,-27.40365191],[-52.98371046,-27.40374359],[-52.98361668,-27.4039538],[-52.98360088,-27.40396126],[-52.98344948,-27.40403275],[-52.98327299,-27.404121],[-52.98328692,-27.40439967],[-52.98333338,-27.40449259],[-52.98333666,-27.40449915],[-52.98334265,-27.40451114],[-52.98368635,-27.4044554],[-52.98409042,-27.40426033],[-52.98428084,-27.40418602],[-52.98438775,-27.40420672],[-52.98455638,-27.40424918],[-52.9847295,-27.40455387],[-52.98483818,-27.4049663],[-52.98484282,-27.40547719],[-52.98441553,-27.40582553],[-52.98404862,-27.40587197],[-52.98375137,-27.40598344],[-52.98331014,-27.40664296],[-52.98293394,-27.40645253],[-52.98259954,-27.40615993],[-52.98231158,-27.40596951],[-52.98205613,-27.40581624],[-52.98156846,-27.4056351],[-52.98130372,-27.40554221],[-52.98103434,-27.40541217],[-52.98075333,-27.40531557],[-52.98058383,-27.40526354],[-52.98007832,-27.40512848],[-52.9799754,-27.40510099],[-52.97967351,-27.40504525],[-52.97945986,-27.40509634],[-52.97944128,-27.40530999],[-52.97952024,-27.40541681],[-52.97986858,-27.40538895],[-52.98014724,-27.40534715],[-52.98018468,-27.40534715],[-52.98028658,-27.40534715],[-52.98031445,-27.40550506],[-52.98030732,-27.40575462],[-52.98030051,-27.40599273],[-52.9802969,-27.40600176],[-52.98015653,-27.4063132],[-52.97965028,-27.40669869],[-52.97884679,-27.40698665],[-52.97808045,-27.40703309],[-52.97758813,-27.40712598],[-52.97707724,-27.40729319],[-52.97675677,-27.40744645],[-52.97646881,-27.40769261],[-52.9762273,-27.40798057],[-52.97592076,-27.40835213],[-52.9756746,-27.40861222],[-52.97542844,-27.40875156],[-52.97532626,-27.40904532],[-52.97539762,-27.40922646],[-52.97544702,-27.40934721],[-52.97568389,-27.40952835],[-52.97579071,-27.40982095],[-52.97586967,-27.41009033],[-52.97593005,-27.41050833],[-52.97594398,-27.41077771],[-52.97582787,-27.41100994],[-52.97562186,-27.41110117],[-52.97549811,-27.41115856],[-52.97515906,-27.41128396],[-52.97491917,-27.4117826],[-52.97438343,-27.41186917],[-52.97412799,-27.4115905],[-52.97397936,-27.41155334],[-52.97386325,-27.41168803],[-52.97412799,-27.41195742],[-52.97413727,-27.412394],[-52.97409083,-27.41268196],[-52.97406296,-27.41304887],[-52.97382145,-27.4131882],[-52.97351956,-27.41325787],[-52.97336629,-27.41307209],[-52.97317122,-27.41299778],[-52.9729808,-27.4129374],[-52.9726371,-27.41283987],[-52.9725924,-27.4128423],[-52.97220981,-27.41286309],[-52.9717593,-27.41292811],[-52.97134594,-27.41296062],[-52.97104404,-27.41307674],[-52.97070964,-27.41319749],[-52.97050964,-27.41340619],[-52.97049135,-27.41341114],[-52.96997117,-27.41379663],[-52.96942312,-27.4140335],[-52.96885185,-27.41413104],[-52.96808086,-27.41412639],[-52.96694716,-27.413815],[-52.96652496,-27.41393132],[-52.96606051,-27.41414033],[-52.96578648,-27.41431682],[-52.96537312,-27.414628],[-52.96525237,-27.41494847],[-52.96499692,-27.41515282],[-52.96474612,-27.41524107],[-52.96429096,-27.41588665],[-52.96365931,-27.41654153],[-52.96354784,-27.416862],[-52.96349675,-27.41707564],[-52.96352462,-27.41734502],[-52.96357057,-27.41780001],[-52.96381257,-27.41806027],[-52.96386366,-27.41830643],[-52.96388224,-27.41842719],[-52.96387295,-27.41872444],[-52.96392404,-27.41902633],[-52.96374755,-27.41920282],[-52.9634503,-27.41937002],[-52.96331561,-27.41925391],[-52.96306481,-27.41910064],[-52.96283259,-27.41902633],[-52.96282278,-27.41902353],[-52.96281865,-27.41902633],[-52.96273336,-27.41900649],[-52.96243316,-27.41892879],[-52.96201516,-27.41886377],[-52.96165289,-27.41888699],[-52.9611327,-27.41896131],[-52.9605893,-27.41898453],[-52.959953,-27.41908206],[-52.9593678,-27.41904955],[-52.9588569,-27.41897988],[-52.95855037,-27.41905884],[-52.95848534,-27.41935609],[-52.95807811,-27.42058902],[-52.95777033,-27.42134599],[-52.95721299,-27.42190332],[-52.9565808,-27.42244402],[-52.95640611,-27.42375833],[-52.95631461,-27.42438221],[-52.95614824,-27.42471495],[-52.95571568,-27.42506432],[-52.95506684,-27.42521405],[-52.95453447,-27.42501441],[-52.95457606,-27.42460681],[-52.95476738,-27.42423248],[-52.95467588,-27.42363355],[-52.95470915,-27.42305126],[-52.9545608,-27.42280488],[-52.95409359,-27.42273517],[-52.95363608,-27.42267694],[-52.95304547,-27.42266862],[-52.9526046,-27.42292649],[-52.95189753,-27.42326754],[-52.9512771,-27.42323888],[-52.94991162,-27.42318315],[-52.94975835,-27.4230531],[-52.94941865,-27.42265198],[-52.949036,-27.42241075],[-52.94869494,-27.4223442],[-52.94839548,-27.42261039],[-52.94820416,-27.42295976],[-52.94807106,-27.42334241],[-52.94810434,-27.42378328],[-52.94827211,-27.42452076],[-52.94821173,-27.42469261],[-52.94772871,-27.42481801],[-52.94717601,-27.42469261],[-52.94672348,-27.42454858],[-52.94629092,-27.42453194],[-52.94570032,-27.42466504],[-52.94553395,-27.42518078],[-52.94466052,-27.42539706],[-52.94450305,-27.42572138],[-52.94417201,-27.4258797],[-52.94365567,-27.42619369]]]]},"geometry_name":"geom","properties":{"id_terra_indigena":427,"Codigo":30801,"Nome":"Nonoai/Rio da Várzea","Etnia":"Kaingang","Municipio":"Trindade do Sul,Planalto,Nonoai,Liberato Salzano,Gramado dos Loureiros","Unidade_Federacao":"RS","Fase":"Regularizada","Modalidade":"Tradicionalmente ocupada","Homologacao":"Não Homologada","dt_ini":"2013-01-01Z","dt_fim":"2029-10-30Z"}},{"type":"Feature","id":"vw_funai_terras_indigenas.fid-5c8cc48d_196abffcb4a_2791","geometry":{"type":"MultiPolygon","coordinates":[[[[-51.78577785,-31.14158811],[-51.78435999,-31.14213825],[-51.78343608,-31.14406192],[-51.78272254,-31.14628245],[-51.78241424,-31.14662246],[-51.78170556,-31.1471763],[-51.78386675,-31.1487505],[-51.78562213,-31.14949316],[-51.78667137,-31.15041443],[-51.78674652,-31.15090125],[-51.78745971,-31.15085382],[-51.78745472,-31.15332556],[-51.78747639,-31.15399028],[-51.77543694,-31.15876194],[-51.77587722,-31.16005167],[-51.77117222,-31.16098306],[-51.77105917,-31.15927],[-51.76880963,-31.15894694],[-51.76494258,-31.15996255],[-51.764458,-31.160685],[-51.764354,-31.160884],[-51.765432,-31.162118],[-51.758511,-31.165706],[-51.758321,-31.167336],[-51.75747027,-31.17549831],[-51.76025943,-31.17965981],[-51.758197,-31.18372416],[-51.76260023,-31.1910778],[-51.76283558,-31.19150663],[-51.76282802,-31.19152883],[-51.76278502,-31.19156483],[-51.76274202,-31.19159983],[-51.76271002,-31.19163483],[-51.76266702,-31.19167083],[-51.76264502,-31.19170583],[-51.76261302,-31.19173283],[-51.76259102,-31.19175983],[-51.76255902,-31.19179483],[-51.76253702,-31.19182183],[-51.76252702,-31.19183983],[-51.76250502,-31.19186583],[-51.76248402,-31.19188383],[-51.76247302,-31.19190183],[-51.76246202,-31.19191983],[-51.76245102,-31.19193783],[-51.76244002,-31.19194583],[-51.76242902,-31.19196383],[-51.76241802,-31.19197283],[-51.76241802,-31.19198183],[-51.76240802,-31.19199083],[-51.76240702,-31.19199983],[-51.76240702,-31.19200883],[-51.76240702,-31.19201783],[-51.76240702,-31.19202683],[-51.76240602,-31.19203583],[-51.76240602,-31.19204483],[-51.76240602,-31.19205383],[-51.76241702,-31.19205383],[-51.76241602,-31.19206283],[-51.76241602,-31.19207183],[-51.76242702,-31.19207183],[-51.76242602,-31.19208083],[-51.76243702,-31.19209083],[-51.76243602,-31.19209983],[-51.76244702,-31.19209983],[-51.76244702,-31.19210883],[-51.76245702,-31.19210883],[-51.76245702,-31.19211783],[-51.76245702,-31.19212683],[-51.76246702,-31.19213583],[-51.76246702,-31.19214483],[-51.76246702,-31.19215383],[-51.76246602,-31.19216283],[-51.76246602,-31.19217183],[-51.76246602,-31.19218083],[-51.76246602,-31.19219883],[-51.76246502,-31.19220783],[-51.76246502,-31.19221683],[-51.76245402,-31.19222583],[-51.76245402,-31.19223483],[-51.76245402,-31.19225283],[-51.76245402,-31.19226183],[-51.76245302,-31.19227083],[-51.76245302,-31.19227983],[-51.76245302,-31.19228883],[-51.76245302,-31.19229783],[-51.76245302,-31.19230683],[-51.76246302,-31.19231583],[-51.76246302,-31.19232483],[-51.76247302,-31.19233483],[-51.76247302,-31.19234383],[-51.76248302,-31.19234383],[-51.76249302,-31.19235283],[-51.76250402,-31.19235283],[-51.76251402,-31.19235283],[-51.76252502,-31.19236283],[-51.76253502,-31.19236283],[-51.76254602,-31.19236283],[-51.76255602,-31.19235383],[-51.76256702,-31.19235383],[-51.76258802,-31.19234583],[-51.76259902,-31.19234583],[-51.76260902,-31.19233683],[-51.76262002,-31.19232783],[-51.76264102,-31.19231983],[-51.76265202,-31.19231083],[-51.76267302,-31.19230183],[-51.76268402,-31.19229283],[-51.76270502,-31.19228483],[-51.76272602,-31.19227583],[-51.76274702,-31.19227583],[-51.76276802,-31.19226783],[-51.76277902,-31.19226783],[-51.76280002,-31.19226783],[-51.76282102,-31.19226883],[-51.76284202,-31.19226883],[-51.76285202,-31.19227783],[-51.76287302,-31.19227783],[-51.76288302,-31.19228783],[-51.76289302,-31.19230583],[-51.76290402,-31.19231483],[-51.76291402,-31.19232383],[-51.76292402,-31.19234183],[-51.76293402,-31.19235183],[-51.76294502,-31.19236083],[-51.76295502,-31.19237883],[-51.76296502,-31.19238783],[-51.76296402,-31.19240583],[-51.76297502,-31.19241483],[-51.76298502,-31.19242483],[-51.76299502,-31.19244283],[-51.76300502,-31.19245183],[-51.76303485,-31.19247574],[-51.76304485,-31.19249374],[-51.76305485,-31.19250274],[-51.76306585,-31.19251274],[-51.76306585,-31.19252174],[-51.76307585,-31.19253974],[-51.76308585,-31.19254874],[-51.76309585,-31.19255774],[-51.76309585,-31.19256674],[-51.76310585,-31.19257674],[-51.76311585,-31.19259474],[-51.76312685,-31.19260374],[-51.76313685,-31.19262174],[-51.76314685,-31.19263074],[-51.76318549,-31.1926572],[-51.76319649,-31.1926752],[-51.76321649,-31.1926932],[-51.76323749,-31.1927122],[-51.76325749,-31.1927392],[-51.76327849,-31.1927572],[-51.76329849,-31.1927852],[-51.76332949,-31.1928122],[-51.76334949,-31.1928402],[-51.76338049,-31.1928672],[-51.76340049,-31.1928952],[-51.76342149,-31.1929222],[-51.76347387,-31.19296293],[-51.76349487,-31.19298993],[-51.76351487,-31.19301793],[-51.76354587,-31.19304493],[-51.76356587,-31.19306393],[-51.76358687,-31.19309093],[-51.76360687,-31.19310893],[-51.76363787,-31.19313693],[-51.76365887,-31.19315493],[-51.76367887,-31.19316493],[-51.76369987,-31.19318293],[-51.76371987,-31.19320193],[-51.76375087,-31.19321993],[-51.76377187,-31.19322893],[-51.76379287,-31.19324793],[-51.76381387,-31.19325693],[-51.76383387,-31.19327593],[-51.7638847,-31.19329238],[-51.7639047,-31.19331038],[-51.7639157,-31.19332038],[-51.7639357,-31.19333838],[-51.7639567,-31.19334738],[-51.7639667,-31.19336638],[-51.7639767,-31.19338438],[-51.7639977,-31.19340238],[-51.7640077,-31.19342038],[-51.7640177,-31.19343938],[-51.7640277,-31.19345738],[-51.7640277,-31.19347538],[-51.7640377,-31.19349338],[-51.7640467,-31.19352038],[-51.7640467,-31.19353838],[-51.7640567,-31.19356538],[-51.7640557,-31.19359338],[-51.7640657,-31.19362038],[-51.7640657,-31.19363838],[-51.7640647,-31.19366538],[-51.7640637,-31.19369238],[-51.7640637,-31.19371938],[-51.7640627,-31.19374638],[-51.7640627,-31.19376438],[-51.7640617,-31.19379138],[-51.7640507,-31.19381838],[-51.7640497,-31.19383638],[-51.7640387,-31.19386338],[-51.7640277,-31.19389038],[-51.7640167,-31.19390738],[-51.7640057,-31.19393438],[-51.7639947,-31.19395238],[-51.7639737,-31.19397938],[-51.7639627,-31.19399738],[-51.7639407,-31.19401438],[-51.76387495,-31.19406376],[-51.76385295,-31.19408176],[-51.76383195,-31.19409876],[-51.76381095,-31.19411676],[-51.76378895,-31.19413476],[-51.76375695,-31.19415176],[-51.76373595,-31.19416976],[-51.76370395,-31.19419576],[-51.76367195,-31.19421376],[-51.76363995,-31.19423976],[-51.76360695,-31.19427576],[-51.76356495,-31.19430176],[-51.76353195,-31.19433776],[-51.76348995,-31.19437276],[-51.76344695,-31.19439876],[-51.76341495,-31.19443476],[-51.76337195,-31.19446076],[-51.76333995,-31.19448676],[-51.76330795,-31.19451376],[-51.76326595,-31.19453076],[-51.76324395,-31.19455776],[-51.76321195,-31.19456576],[-51.76317995,-31.19458376],[-51.76314895,-31.19459176],[-51.76312695,-31.19460976],[-51.76309595,-31.19461776],[-51.76307395,-31.19462676],[-51.76304295,-31.19464476],[-51.76302095,-31.19465276],[-51.76298995,-31.19466176],[-51.76296795,-31.19466976],[-51.76294695,-31.19467876],[-51.76292595,-31.19468776],[-51.76290495,-31.19468676],[-51.76288395,-31.19469576],[-51.76286295,-31.19469576],[-51.76284195,-31.19469476],[-51.76282095,-31.19469476],[-51.76279995,-31.19469376],[-51.76278895,-31.19469376],[-51.76276795,-31.19470276],[-51.76274695,-31.19470276],[-51.76273695,-31.19470176],[-51.76271595,-31.19470176],[-51.76270495,-31.19471076],[-51.76268395,-31.19470976],[-51.76266295,-31.19471876],[-51.76265195,-31.19472776],[-51.76263095,-31.19473676],[-51.76260995,-31.19475376],[-51.76258795,-31.19477176],[-51.76256695,-31.19478976],[-51.76254495,-31.19480676],[-51.76252395,-31.19482476],[-51.76250195,-31.19485176],[-51.76248095,-31.19486876],[-51.76245895,-31.19489576],[-51.76243795,-31.19491376],[-51.76242695,-31.19493976],[-51.76240495,-31.19496676],[-51.76239395,-31.19498476],[-51.76238295,-31.19501176],[-51.76237195,-31.19502976],[-51.76236095,-31.19504676],[-51.76234995,-31.19507376],[-51.76233895,-31.19509176],[-51.76232795,-31.19511876],[-51.76231695,-31.19513676],[-51.76231695,-31.19515476],[-51.76230595,-31.19518176],[-51.76229495,-31.19519976],[-51.76228395,-31.19522576],[-51.76227295,-31.19524376],[-51.76227195,-31.19527076],[-51.76226095,-31.19529776],[-51.76224995,-31.19532476],[-51.76224895,-31.19535176],[-51.76224895,-31.19537876],[-51.76224795,-31.19541476],[-51.76247583,-31.19547744],[-51.76260682,-31.19559821],[-51.76273644,-31.19577809],[-51.76282187,-31.19599477],[-51.76295107,-31.196401],[-51.76304392,-31.19684211],[-51.76307949,-31.19740012],[-51.76302541,-31.19788255],[-51.76292487,-31.19843801],[-51.76280541,-31.19900757],[-51.76254521,-31.19949881],[-51.76226849,-31.19994072],[-51.76186114,-31.20047774],[-51.76140296,-31.20086614],[-51.76101352,-31.20126378],[-51.76064218,-31.2015548],[-51.76039301,-31.20174468],[-51.76016801,-31.20183374],[-51.76012062,-31.20195008],[-51.76005719,-31.20208436],[-51.76003477,-31.20220911],[-51.76011183,-31.20226908],[-51.76024407,-31.2021891],[-51.76032253,-31.20209903],[-51.76043244,-31.20207457],[-51.76051744,-31.20228513],[-51.76055215,-31.20243425],[-51.76056858,-31.2025967],[-51.76066878,-31.2027777],[-51.76068849,-31.20302425],[-51.76081535,-31.20320167],[-51.76090164,-31.2033765],[-51.76097753,-31.20356979],[-51.76100158,-31.2037695],[-51.76097972,-31.20397233],[-51.76099889,-31.2041487],[-51.76102234,-31.20435108],[-51.76107997,-31.20455853],[-51.76115743,-31.20466879],[-51.76123489,-31.20476004],[-51.76144383,-31.2049045],[-51.76161334,-31.20499538],[-51.76185389,-31.20508627],[-51.76214768,-31.20513547],[-51.7624786,-31.2051595],[-51.76273831,-31.20509816],[-51.7628936,-31.2049595],[-51.76318609,-31.2047483],[-51.76340889,-31.2042645],[-51.76360497,-31.20386636],[-51.76379389,-31.20359991],[-51.76397382,-31.20326828],[-51.76422262,-31.20291562],[-51.76445984,-31.20272748],[-51.76480086,-31.20239936],[-51.76534051,-31.2020997],[-51.76595951,-31.20196901],[-51.76709634,-31.20199957],[-51.76750709,-31.2020994],[-51.76784169,-31.20215023],[-51.76827623,-31.20220455],[-51.76871981,-31.20220821],[-51.76918815,-31.20219099],[-51.76978844,-31.20196111],[-51.77051264,-31.20152648],[-51.77088198,-31.20122751],[-51.77132976,-31.20095789],[-51.77173711,-31.20060294],[-51.77202746,-31.20027553],[-51.77211883,-31.19972215],[-51.77212938,-31.1991446],[-51.77211558,-31.19756071],[-51.77215487,-31.19717478],[-51.77220232,-31.19677003],[-51.77236653,-31.19639946],[-51.77255347,-31.19619266],[-51.7727765,-31.19601903],[-51.77301816,-31.19587395],[-51.77321333,-31.19577998],[-51.77339747,-31.19563969],[-51.77368609,-31.19550264],[-51.77394726,-31.1953135],[-51.77414375,-31.19504344],[-51.77424429,-31.19470526],[-51.77416843,-31.19436839],[-51.77403977,-31.19409353],[-51.77389265,-31.19385933],[-51.77377419,-31.19363258],[-51.77361982,-31.19335264],[-51.77343916,-31.19304823],[-51.77333314,-31.19277609],[-51.77328243,-31.19253675],[-51.77337987,-31.19221435],[-51.77355676,-31.19194794],[-51.7736962,-31.19163091],[-51.77390135,-31.19141517],[-51.7739568,-31.19115234],[-51.77403952,-31.19088668],[-51.77405157,-31.19061765],[-51.77412054,-31.1903949],[-51.77420637,-31.19014595],[-51.77420688,-31.18990241],[-51.77419539,-31.18967712],[-51.77412307,-31.18939401],[-51.77393497,-31.18910726],[-51.77378099,-31.18889614],[-51.77366386,-31.18867519],[-51.77354363,-31.18854135],[-51.77343968,-31.18833264],[-51.77331989,-31.18815],[-51.77319934,-31.18795214],[-51.77307796,-31.18778997],[-51.772872,-31.18757213],[-51.77274068,-31.18730983],[-51.77264577,-31.18708926],[-51.77271,-31.18689388],[-51.77284761,-31.18673985],[-51.77292873,-31.18657785],[-51.77303127,-31.18643897],[-51.77309353,-31.18638517],[-51.77320529,-31.1863164],[-51.77335689,-31.18627181],[-51.77345738,-31.18624098],[-51.77355098,-31.18623678],[-51.773705,-31.186224],[-51.773945,-31.186292],[-51.774069,-31.186366],[-51.77429286,-31.18638831],[-51.77460206,-31.18654528],[-51.77486696,-31.18664682],[-51.7751023,-31.18684875],[-51.77521433,-31.18700687],[-51.77530242,-31.18708833],[-51.77541996,-31.18719499],[-51.77553864,-31.18729516],[-51.77565481,-31.18742365],[-51.77575823,-31.18752822],[-51.77588461,-31.1875706],[-51.77598686,-31.18763971],[-51.77612191,-31.18772549],[-51.77647129,-31.18771015],[-51.77656983,-31.18769544],[-51.77668503,-31.18768898],[-51.77678532,-31.18769281],[-51.77689778,-31.18767989],[-51.77699669,-31.18766598],[-51.77713115,-31.18763044],[-51.77726052,-31.18755298],[-51.77738144,-31.18747115],[-51.77750176,-31.18741178],[-51.7776607,-31.1873572],[-51.77782774,-31.18730137],[-51.77803777,-31.18725066],[-51.77820817,-31.18721669],[-51.77832163,-31.1871094],[-51.77855404,-31.18703632],[-51.77871149,-31.18693752],[-51.778793,-31.18674457],[-51.77891529,-31.18657663],[-51.77901229,-31.18637214],[-51.77908004,-31.1861317],[-51.77905866,-31.18590618],[-51.77907283,-31.18567011],[-51.77898868,-31.18544071],[-51.77894182,-31.1852041],[-51.77885242,-31.18494516],[-51.77883562,-31.18467595],[-51.77887019,-31.1844358],[-51.77890655,-31.18425105],[-51.77899824,-31.18404618],[-51.77908944,-31.18388624],[-51.77926047,-31.1837219],[-51.77940459,-31.18359228],[-51.77953544,-31.18350163],[-51.77969683,-31.18340891],[-51.77986895,-31.18336746],[-51.77997851,-31.18336912],[-51.78009804,-31.18331829],[-51.78025135,-31.18329629],[-51.78044798,-31.1833512],[-51.78062006,-31.18332434],[-51.78074561,-31.18332119],[-51.78100164,-31.18340416],[-51.78120899,-31.18356304],[-51.78134559,-31.18376944],[-51.78146423,-31.18400396],[-51.78150146,-31.1843094],[-51.7814388,-31.18458518],[-51.78131151,-31.18487193],[-51.78118231,-31.18512242],[-51.78105034,-31.18530404],[-51.78098192,-31.18552884],[-51.78093421,-31.18566287],[-51.78095632,-31.18583953],[-51.78094727,-31.18603323],[-51.78110837,-31.18619723],[-51.78138532,-31.1862833],[-51.78160181,-31.1862925],[-51.78184913,-31.1862747],[-51.78213486,-31.18610889],[-51.78243164,-31.18587865],[-51.78272742,-31.1857217],[-51.78297611,-31.18557867],[-51.78314728,-31.18551713],[-51.78334219,-31.18543167],[-51.78355514,-31.18532901],[-51.78378109,-31.18519164],[-51.78387826,-31.18505915],[-51.78409475,-31.18495932],[-51.78419112,-31.18490657],[-51.7844198,-31.18484057],[-51.78459825,-31.18479178],[-51.78482793,-31.18476589],[-51.78508462,-31.18477535],[-51.7853427,-31.18477881],[-51.78552916,-31.18477872],[-51.78574662,-31.18480101],[-51.78589401,-31.18483838],[-51.7860184,-31.18485881],[-51.78616186,-31.18486235],[-51.78634712,-31.18486815],[-51.786477,-31.184831],[-51.786735,-31.184997],[-51.786963,-31.185119],[-51.7873054,-31.18512377],[-51.78753223,-31.18526614],[-51.78780652,-31.18543622],[-51.78808335,-31.18556519],[-51.78835259,-31.18564302],[-51.78865302,-31.18566636],[-51.78890517,-31.1856717],[-51.78910006,-31.18571762],[-51.78926272,-31.18578853],[-51.78956799,-31.18591648],[-51.78989741,-31.18608774],[-51.79024113,-31.18637396],[-51.7902448,-31.18676978],[-51.79018229,-31.18717459],[-51.79005573,-31.18746806],[-51.79002844,-31.18786692],[-51.79033724,-31.18787291],[-51.79090895,-31.18774896],[-51.79139688,-31.18759613],[-51.79163527,-31.18750519],[-51.79187732,-31.1874536],[-51.79197612,-31.18732189],[-51.79203526,-31.18706002],[-51.79201019,-31.18676013],[-51.79214445,-31.18668547],[-51.79229494,-31.18655557],[-51.79244743,-31.18642388],[-51.79253076,-31.18628046],[-51.792651,-31.185983],[-51.79268719,-31.185824],[-51.7926949,-31.18566917],[-51.79275836,-31.18545751],[-51.79280428,-31.18507517],[-51.79290234,-31.18478309],[-51.792926,-31.184527],[-51.792882,-31.184165],[-51.79299798,-31.18396064],[-51.79298433,-31.1836154],[-51.79274893,-31.18331229],[-51.79244386,-31.18292897],[-51.792224,-31.182711],[-51.792113,-31.18252],[-51.791649,-31.182151],[-51.79125057,-31.18181566],[-51.79105021,-31.18135923],[-51.79078401,-31.18079877],[-51.79048764,-31.18030236],[-51.79021935,-31.17993994],[-51.78999052,-31.17955897],[-51.7898871,-31.179169],[-51.78979996,-31.17869754],[-51.7897237,-31.17833194],[-51.7895285,-31.17802653],[-51.78943121,-31.17780413],[-51.78932864,-31.17758018],[-51.78923689,-31.17734055],[-51.78910864,-31.17713492],[-51.78904533,-31.17693292],[-51.788545,-31.177112],[-51.788404,-31.176857],[-51.788346,-31.176658],[-51.788216,-31.176385],[-51.78829475,-31.17508105],[-51.78875075,-31.17459909],[-51.78883875,-31.17442109],[-51.78893166,-31.17420326],[-51.78911549,-31.17396174],[-51.78937756,-31.17373826],[-51.78967279,-31.1735376],[-51.78987971,-31.17322945],[-51.79007096,-31.17298353],[-51.7902932,-31.17282662],[-51.79050805,-31.1726776],[-51.79084745,-31.17242394],[-51.79113204,-31.1721617],[-51.79144145,-31.17190679],[-51.79174279,-31.17168779],[-51.79215819,-31.17132738],[-51.79261964,-31.17095036],[-51.79308166,-31.1704237],[-51.79343751,-31.1699097],[-51.79390485,-31.16966392],[-51.79444809,-31.16904685],[-51.79503264,-31.16867462],[-51.79564457,-31.16830911],[-51.79619932,-31.16788587],[-51.79664474,-31.16765087],[-51.79704847,-31.16751013],[-51.79747857,-31.16725138],[-51.79800291,-31.16726477],[-51.798314,-31.16720085],[-51.79885766,-31.16713194],[-51.7992814,-31.16700936],[-51.79964115,-31.16698428],[-51.800038,-31.16688679],[-51.80037557,-31.1667473],[-51.80070081,-31.16645766],[-51.80098289,-31.16628574],[-51.801182,-31.16604],[-51.80160891,-31.1657806],[-51.80184017,-31.16561077],[-51.80224257,-31.16541802],[-51.80290426,-31.16513428],[-51.80362283,-31.16495936],[-51.80394549,-31.16486179],[-51.8042764,-31.1648197],[-51.8045704,-31.16480979],[-51.80498449,-31.16479313],[-51.80534889,-31.1648303],[-51.80567821,-31.16479264],[-51.80610838,-31.16484872],[-51.80649987,-31.16498847],[-51.80683913,-31.16507981],[-51.80713347,-31.1652923],[-51.80746313,-31.1655277],[-51.80782987,-31.16571345],[-51.8080867,-31.16596302],[-51.80829404,-31.16612436],[-51.8084663,-31.16635902],[-51.80864662,-31.16658117],[-51.80881553,-31.16678783],[-51.80904057,-31.1673017],[-51.8093354,-31.16813853],[-51.8094144,-31.16849285],[-51.80974262,-31.16871602],[-51.80965796,-31.16897342],[-51.80973045,-31.16939566],[-51.81000826,-31.16973889],[-51.81021441,-31.16984866],[-51.81024341,-31.16994866],[-51.81033541,-31.17004966],[-51.81038641,-31.17014066],[-51.81040541,-31.17023066],[-51.81071196,-31.1703751],[-51.8108749,-31.17060995],[-51.81080243,-31.17083253],[-51.81067779,-31.17103485],[-51.81092445,-31.17116951],[-51.81120545,-31.17122876],[-51.81143345,-31.17143025],[-51.81168028,-31.17172149],[-51.81197894,-31.17185432],[-51.81226543,-31.1719064],[-51.81257473,-31.17193623],[-51.81287537,-31.17194032],[-51.81319145,-31.17189972],[-51.81343287,-31.17190547],[-51.81379032,-31.1719147],[-51.8141214,-31.17191479],[-51.81449474,-31.17190019],[-51.81475874,-31.17183811],[-51.8152,-31.171887],[-51.815433,-31.171774],[-51.815648,-31.17188604],[-51.815724,-31.17179704],[-51.815863,-31.17169104],[-51.815968,-31.17165704],[-51.816042,-31.17164904],[-51.816157,-31.17168704],[-51.81625,-31.17170704],[-51.816345,-31.17169004],[-51.816525,-31.17164804],[-51.816705,-31.17157004],[-51.816685,-31.17151604],[-51.816592,-31.17146004],[-51.81653,-31.17140504],[-51.816573,-31.17137004],[-51.816647,-31.17132604],[-51.816774,-31.17128304],[-51.816892,-31.17119504],[-51.816956,-31.17114204],[-51.817,-31.17104304],[-51.817023,-31.17096304],[-51.817056,-31.17088204],[-51.817173,-31.17083004],[-51.817289,-31.17079604],[-51.817416,-31.17075304],[-51.817491,-31.17069104],[-51.817482,-31.17060104],[-51.817515,-31.17054704],[-51.817558,-31.17049404],[-51.817633,-31.17044104],[-51.817708,-31.17037904],[-51.81771,-31.17028904],[-51.817669,-31.17025204],[-51.817659,-31.17020704],[-51.817723,-31.17017204],[-51.817818,-31.17014604],[-51.81800095,-31.17008569],[-51.81818155,-31.16995596],[-51.81817255,-31.16989296],[-51.81825755,-31.16981296],[-51.81832255,-31.16973296],[-51.81837755,-31.16961696],[-51.81848655,-31.16946496],[-51.81863555,-31.16937796],[-51.81870155,-31.16924296],[-51.81876755,-31.16909096],[-51.81884355,-31.16897496],[-51.81892055,-31.16883196],[-51.81889055,-31.16875096],[-51.81897755,-31.16863496],[-51.81908455,-31.16853796],[-51.81914055,-31.16839396],[-51.81915355,-31.16828596],[-51.81925345,-31.16813555],[-51.81937809,-31.16792012],[-51.81949861,-31.16768743],[-51.81956524,-31.16744414],[-51.81961878,-31.16720629],[-51.81959583,-31.16683469],[-51.8194506,-31.16639732],[-51.81934814,-31.16601144],[-51.81928031,-31.16567846],[-51.81925602,-31.16540768],[-51.81928848,-31.16515773],[-51.81928231,-31.16486899],[-51.81930634,-31.16456379],[-51.81924955,-31.16430387],[-51.81926692,-31.16399713],[-51.81926046,-31.16369348],[-51.81932675,-31.16329336],[-51.81939341,-31.16304239],[-51.81940629,-31.16273819],[-51.81948987,-31.1624466],[-51.81961107,-31.16218788],[-51.81962387,-31.16197111],[-51.81969261,-31.16172087],[-51.81971215,-31.16147787],[-51.81973761,-31.16119762],[-51.81970687,-31.1610117],[-51.81971304,-31.16076687],[-51.81969392,-31.16048221],[-51.81967309,-31.16021045],[-51.8195296,-31.15995951],[-51.81946223,-31.15963814],[-51.81940777,-31.15930465],[-51.8192774,-31.15890999],[-51.81913731,-31.15839428],[-51.8190134,-31.15803124],[-51.8188664,-31.15758316],[-51.81866991,-31.15719133],[-51.8184577,-31.15683141],[-51.81817296,-31.15641936],[-51.81796884,-31.15608002],[-51.81778918,-31.15576536],[-51.81766852,-31.15546555],[-51.81748769,-31.15518947],[-51.81728715,-31.15505072],[-51.8170414,-31.1547955],[-51.81674527,-31.15445502],[-51.81639337,-31.15413214],[-51.816054,-31.153887],[-51.815749,-31.15344],[-51.81537074,-31.1530396],[-51.81512729,-31.15275839],[-51.81475591,-31.15236182],[-51.81449891,-31.15207499],[-51.81409066,-31.15171599],[-51.81382049,-31.15143096],[-51.81359232,-31.15116547],[-51.81329766,-31.15086626],[-51.8131152,-31.15055574],[-51.81285983,-31.1502424],[-51.81258866,-31.14993425],[-51.81238212,-31.14961113],[-51.81219229,-31.14949577],[-51.81128352,-31.14858941],[-51.81104983,-31.14844367],[-51.81087854,-31.14843807],[-51.81068809,-31.1483536],[-51.81055,-31.148275],[-51.81026685,-31.14823057],[-51.81006045,-31.14819515],[-51.80978007,-31.14806235],[-51.80949499,-31.14802342],[-51.80913609,-31.14799599],[-51.80893906,-31.14797136],[-51.80876149,-31.14793465],[-51.80852468,-31.1479136],[-51.80828253,-31.14786634],[-51.80802501,-31.1478038],[-51.80767274,-31.14769302],[-51.80748709,-31.14765374],[-51.80729122,-31.14766074],[-51.80698894,-31.14772178],[-51.80650123,-31.14764425],[-51.80593509,-31.14757453],[-51.80547939,-31.14750525],[-51.80506828,-31.14744216],[-51.80483553,-31.14734196],[-51.80455001,-31.14731425],[-51.804186,-31.14724179],[-51.80398798,-31.14713476],[-51.80380697,-31.14700903],[-51.8033138,-31.14692057],[-51.802949,-31.146748],[-51.802574,-31.146634],[-51.802429,-31.146568],[-51.802148,-31.146437],[-51.80183146,-31.14622448],[-51.8015858,-31.14607828],[-51.8012828,-31.14594162],[-51.80094447,-31.14572438],[-51.80074481,-31.14546167],[-51.80033135,-31.14506719],[-51.8000934,-31.14483456],[-51.79996786,-31.14465619],[-51.79980957,-31.14462926],[-51.79975152,-31.14444805],[-51.79960361,-31.14420819],[-51.79939757,-31.14403624],[-51.79918388,-31.14383364],[-51.79900648,-31.14373106],[-51.79882748,-31.14362828],[-51.79868182,-31.14353293],[-51.79854558,-31.14341795],[-51.79846315,-31.14336985],[-51.79841115,-31.14332385],[-51.79836015,-31.14326885],[-51.79830915,-31.14322285],[-51.79825715,-31.14317685],[-51.79817616,-31.1431739],[-51.79809315,-31.14315444],[-51.79798757,-31.14312798],[-51.79791555,-31.14313454],[-51.79778052,-31.14311376],[-51.79767875,-31.1430504],[-51.79757674,-31.1429869],[-51.79748411,-31.14292923],[-51.79740796,-31.14288182],[-51.79730965,-31.14282062],[-51.79721134,-31.14275942],[-51.7971543,-31.14272391],[-51.79705533,-31.1426623],[-51.79696255,-31.14260454],[-51.79686562,-31.14256536],[-51.79677888,-31.142565],[-51.79668959,-31.14253109],[-51.79661522,-31.14249717],[-51.79655322,-31.14246544],[-51.79642351,-31.14240111],[-51.79631931,-31.14230537],[-51.79618752,-31.14224746],[-51.79607935,-31.14220183],[-51.79601688,-31.142163],[-51.79591835,-31.14211789],[-51.79569978,-31.14203978],[-51.79552642,-31.14197784],[-51.79522968,-31.14190483],[-51.79495971,-31.14191651],[-51.79470194,-31.14180897],[-51.79456583,-31.14171131],[-51.79442826,-31.14170423],[-51.79419892,-31.14161856],[-51.7940347,-31.14150714],[-51.79392504,-31.14146368],[-51.79378828,-31.14143347],[-51.79364001,-31.14134746],[-51.79358168,-31.14128559],[-51.7934461,-31.14123714],[-51.79334407,-31.14120068],[-51.79325714,-31.14116962],[-51.79309511,-31.14111172],[-51.79289259,-31.1410068],[-51.79271213,-31.14098831],[-51.79245614,-31.14121788],[-51.79176384,-31.1421153],[-51.79125375,-31.14181382],[-51.791128,-31.14175],[-51.790982,-31.141738],[-51.790961,-31.141729],[-51.790888,-31.141737],[-51.78951119,-31.14166313],[-51.788936,-31.141315],[-51.78888772,-31.14099552],[-51.7877872,-31.14089538],[-51.78698415,-31.1408571],[-51.7866699,-31.14115533],[-51.78577785,-31.14158811]]]]},"geometry_name":"geom","properties":{"id_terra_indigena":436,"Codigo":31701,"Nome":"Pacheca","Etnia":"Guaraní","Municipio":"Camaquã","Unidade_Federacao":"RS","Fase":"Regularizada","Modalidade":"Tradicionalmente ocupada","Homologacao":"Não Homologada","dt_ini":"2013-01-01Z","dt_fim":"2029-10-30Z"}},{"type":"Feature","id":"vw_funai_terras_indigenas.fid-5c8cc48d_196abffcb4a_2792","geometry":{"type":"MultiPolygon","coordinates":[[[[-51.70280768,-28.34992233],[-51.70238141,-28.35029396],[-51.70179198,-28.35066284],[-51.7013625,-28.35070972],[-51.70065962,-28.3506618],[-51.70046586,-28.35065853],[-51.70019819,-28.35077127],[-51.70003959,-28.35103015],[-51.699769,-28.35127813],[-51.69941032,-28.35135325],[-51.6991708,-28.35154294],[-51.698887,-28.35196675],[-51.69878433,-28.3524701],[-51.69882224,-28.35287911],[-51.69872076,-28.35324421],[-51.69849949,-28.35358269],[-51.69813801,-28.35396354],[-51.69766343,-28.35430012],[-51.69722199,-28.35442796],[-51.69702589,-28.35453288],[-51.69685142,-28.35505305],[-51.69674893,-28.35554737],[-51.69670113,-28.35587125],[-51.69640252,-28.3564705],[-51.69590482,-28.3568409],[-51.6953302,-28.35699354],[-51.69486951,-28.35706693],[-51.69445865,-28.35719527],[-51.69393897,-28.35763744],[-51.69337363,-28.35830432],[-51.69283647,-28.35861091],[-51.69220577,-28.35899709],[-51.69163704,-28.35934823],[-51.69179069,-28.35997021],[-51.69177132,-28.36021563],[-51.69173902,-28.36050949],[-51.69172611,-28.36075169],[-51.69171642,-28.36100034],[-51.69171319,-28.36132326],[-51.69171642,-28.36159452],[-51.69159048,-28.36190776],[-51.69150652,-28.36222745],[-51.6913386,-28.36261497],[-51.69108349,-28.36319623],[-51.6909414,-28.36354822],[-51.69059264,-28.3638001],[-51.68986306,-28.36399914],[-51.68931708,-28.36413594],[-51.68886499,-28.36425543],[-51.68834185,-28.36438783],[-51.688027,-28.36461226],[-51.68790429,-28.36484476],[-51.68766855,-28.36500623],[-51.68722614,-28.36537759],[-51.68698718,-28.36568437],[-51.68690645,-28.3659524],[-51.68671269,-28.36618975],[-51.6864705,-28.36658049],[-51.68630258,-28.36679362],[-51.68600226,-28.36703581],[-51.68544037,-28.36729415],[-51.68504317,-28.36750083],[-51.68486344,-28.3677077],[-51.68472144,-28.36802399],[-51.68475371,-28.36834674],[-51.68496244,-28.36847445],[-51.68522401,-28.36860685],[-51.68556631,-28.36878445],[-51.68603455,-28.36897821],[-51.68656092,-28.36929791],[-51.6871777,-28.36946906],[-51.68775251,-28.36951749],[-51.6882961,-28.36944721],[-51.68897317,-28.36912353],[-51.68948581,-28.36880383],[-51.68987655,-28.36836788],[-51.69089377,-28.36807725],[-51.69141287,-28.36797391],[-51.69188757,-28.36789318],[-51.69270619,-28.36734623],[-51.69334523,-28.36709448],[-51.69421586,-28.36686628],[-51.69466634,-28.36678393],[-51.69502802,-28.36658049],[-51.69534449,-28.36613162],[-51.69571585,-28.36579578],[-51.69603878,-28.36551161],[-51.69636493,-28.36544379],[-51.69674598,-28.3654115],[-51.69705599,-28.36551483],[-51.69728527,-28.36566015],[-51.69737246,-28.36602506],[-51.69745642,-28.36631569],[-51.69755652,-28.36666445],[-51.69772122,-28.36704873],[-51.69794404,-28.36728447],[-51.69814748,-28.36754604],[-51.69825404,-28.36767521],[-51.69862541,-28.36789157],[-51.69901938,-28.36800782],[-51.69930032,-28.36804011],[-51.69968783,-28.36815636],[-51.69991711,-28.36830814],[-51.70001722,-28.36850512],[-51.69998169,-28.36870534],[-51.69977179,-28.36887326],[-51.6995296,-28.36896368],[-51.69931324,-28.36897337],[-51.69889465,-28.36910334],[-51.69837676,-28.36909931],[-51.69776078,-28.36908316],[-51.69724409,-28.3691316],[-51.69687919,-28.36922202],[-51.69657241,-28.36944161],[-51.69621396,-28.37000027],[-51.69617198,-28.37028767],[-51.6961074,-28.37068164],[-51.69601052,-28.37124353],[-51.69585874,-28.37189907],[-51.69573603,-28.37239315],[-51.69564884,-28.37297441],[-51.69543894,-28.37325859],[-51.6951031,-28.37347333],[-51.69461548,-28.37368646],[-51.6940988,-28.37391251],[-51.69355629,-28.37405137],[-51.69314294,-28.3742096],[-51.69256491,-28.37425481],[-51.69191906,-28.37424189],[-51.69140883,-28.3742645],[-51.69094705,-28.3742871],[-51.69064996,-28.37424835],[-51.69035448,-28.37424189],[-51.69023823,-28.37438398],[-51.69027052,-28.3746294],[-51.69030281,-28.37495879],[-51.69037386,-28.37528817],[-51.69053855,-28.37555781],[-51.69072262,-28.37589366],[-51.69098096,-28.37625533],[-51.69129097,-28.37664123],[-51.69152024,-28.37699645],[-51.69168171,-28.37727739],[-51.69189161,-28.37773917],[-51.69201432,-28.37802658],[-51.69219839,-28.37833336],[-51.69243977,-28.37863529],[-51.69253019,-28.37903572],[-51.69252373,-28.37941031],[-51.69253988,-28.37975584],[-51.69255925,-28.37992054],[-51.69260124,-28.38004648],[-51.69267874,-28.3801369],[-51.69278207,-28.38017565],[-51.6929944,-28.38018049],[-51.69324628,-28.38022893],[-51.69347878,-28.38026445],[-51.69376296,-28.38038716],[-51.69395671,-28.38057446],[-51.69409234,-28.38082311],[-51.69428287,-28.38094259],[-51.69457673,-28.38116541],[-51.69485122,-28.3813301],[-51.69582322,-28.38148834],[-51.69672096,-28.38152709],[-51.69798279,-28.38145927],[-51.69912594,-28.38124937],[-51.6999268,-28.38097812],[-51.70057219,-28.3807303],[-51.70110728,-28.38038358],[-51.70152685,-28.37993173],[-51.70178505,-28.37940243],[-51.70204803,-28.37901448],[-51.70243818,-28.37890381],[-51.70294092,-28.37877699],[-51.7032061,-28.37866436],[-51.70343215,-28.37847383],[-51.70364205,-28.37835758],[-51.70393269,-28.37828653],[-51.70420717,-28.37828976],[-51.70442353,-28.37828976],[-51.70471417,-28.37831883],[-51.70493506,-28.37807917],[-51.70539981,-28.3778016],[-51.70591742,-28.37750128],[-51.70658356,-28.37736818],[-51.70709101,-28.37713675],[-51.70762031,-28.37696246],[-51.70811376,-28.37681722],[-51.70860469,-28.37685273],[-51.70885643,-28.37662035],[-51.70906299,-28.37633633],[-51.70934701,-28.37618142],[-51.70982848,-28.37594357],[-51.7103006,-28.37581621],[-51.71108387,-28.37556427],[-51.7117168,-28.37573542],[-51.71209469,-28.37590044],[-51.71238768,-28.37586782],[-51.71276227,-28.37586459],[-51.71317239,-28.37583553],[-51.71350823,-28.37580001],[-51.71394365,-28.37580519],[-51.71435349,-28.37573058],[-51.71461183,-28.37554651],[-51.71424469,-28.3750873],[-51.71416077,-28.37454509],[-51.71398003,-28.37406097],[-51.71374766,-28.37360267],[-51.71326354,-28.37291199],[-51.71284397,-28.3724666],[-51.71246313,-28.37200185],[-51.71240503,-28.37145318],[-51.7126245,-28.37109816],[-51.71291669,-28.37088151],[-51.71309571,-28.37063986],[-51.71322481,-28.3704333],[-51.71330227,-28.37012992],[-51.71376057,-28.36989754],[-51.71423178,-28.3697878],[-51.71470944,-28.3697168],[-51.71511979,-28.3694934],[-51.71633108,-28.36915292],[-51.71705989,-28.36894866],[-51.71762358,-28.36883182],[-51.71812761,-28.36864183],[-51.71868591,-28.36829942],[-51.7191632,-28.3679286],[-51.71956599,-28.36770083],[-51.71980847,-28.36781312],[-51.72014772,-28.36809177],[-51.72037365,-28.36834351],[-51.72055438,-28.36856944],[-51.72076094,-28.36882118],[-51.72099977,-28.36909229],[-51.72158717,-28.36919556],[-51.72189701,-28.3689761],[-51.72220201,-28.36862269],[-51.7223311,-28.36822248],[-51.72236983,-28.36775773],[-51.7223882,-28.36741428],[-51.72247711,-28.36707303],[-51.72253755,-28.3666321],[-51.72261416,-28.36591184],[-51.72293625,-28.36529194],[-51.72332947,-28.3649046],[-51.72366624,-28.3649012],[-51.72412694,-28.36482772],[-51.72467019,-28.36471051],[-51.72531236,-28.36426124],[-51.72583694,-28.36358452],[-51.72634689,-28.363115],[-51.72671116,-28.36277834],[-51.72712758,-28.36238843],[-51.72729077,-28.36239115],[-51.72754669,-28.36225812],[-51.72798563,-28.36234849],[-51.72818982,-28.36233398],[-51.72833419,-28.36202575],[-51.72826427,-28.36171289],[-51.72847574,-28.36136466],[-51.72866432,-28.36113329],[-51.72899779,-28.36080513],[-51.72926854,-28.36052498],[-51.72918463,-28.36012477],[-51.72884897,-28.35986012],[-51.72852623,-28.35969874],[-51.72819702,-28.35952446],[-51.72795174,-28.35940827],[-51.72783555,-28.3592469],[-51.72772581,-28.35907262],[-51.72767668,-28.35864556],[-51.72787525,-28.35842338],[-51.72815561,-28.35819355],[-51.72851332,-28.35786716],[-51.72870051,-28.35729912],[-51.72879733,-28.35687955],[-51.72866823,-28.35664072],[-51.72851977,-28.35644707],[-51.72834549,-28.35618242],[-51.72839067,-28.35583385],[-51.72859078,-28.35543365],[-51.72882315,-28.35479461],[-51.72899098,-28.35430403],[-51.72941213,-28.35380404],[-51.73003592,-28.35325522],[-51.730424,-28.35275659],[-51.73088228,-28.35202867],[-51.73076585,-28.35155369],[-51.73057918,-28.35121687],[-51.73035192,-28.35087036],[-51.72997591,-28.35032295],[-51.72975866,-28.34998562],[-51.72949447,-28.35002119],[-51.72923627,-28.35002764],[-51.72898453,-28.35007282],[-51.72877966,-28.34996932],[-51.72862951,-28.34981463],[-51.72857787,-28.34954998],[-51.72848104,-28.34927887],[-51.72826157,-28.34909167],[-51.72806147,-28.34891739],[-51.72798401,-28.34879475],[-51.72795174,-28.34858174],[-51.72796465,-28.34791688],[-51.72775163,-28.34777164],[-51.72755799,-28.34762318],[-51.72743534,-28.3475909],[-51.72730624,-28.34757154],[-51.72719006,-28.34760381],[-51.72734627,-28.34742167],[-51.72706334,-28.34731897],[-51.70467895,-28.33742842],[-51.70447799,-28.33735342],[-51.70444519,-28.33735003],[-51.70414756,-28.33803276],[-51.70382481,-28.33858788],[-51.70376026,-28.33904619],[-51.70389904,-28.33934311],[-51.70416179,-28.33961811],[-51.70456792,-28.33970611],[-51.70532725,-28.33997142],[-51.70545791,-28.34019516],[-51.70547082,-28.340505],[-51.7051158,-28.34088423],[-51.70475967,-28.34122457],[-51.70432461,-28.34153292],[-51.7038878,-28.34192242],[-51.70297551,-28.34260155],[-51.70270738,-28.34321034],[-51.70279402,-28.34392432],[-51.70303731,-28.34446957],[-51.70328807,-28.34514121],[-51.7034896,-28.34573085],[-51.7037263,-28.34658264],[-51.70376963,-28.34741314],[-51.70385938,-28.34798286],[-51.70391582,-28.34867829],[-51.70369313,-28.34907139],[-51.70328571,-28.34951549],[-51.70280768,-28.34992233]]]]},"geometry_name":"geom","properties":{"id_terra_indigena":415,"Codigo":29301,"Nome":"Monte Caseros","Etnia":"Kaingang","Municipio":"Muliterno,Ibiraiaras","Unidade_Federacao":"RS","Fase":"Regularizada","Modalidade":"Tradicionalmente ocupada","Homologacao":"Não Homologada","dt_ini":"2013-01-01Z","dt_fim":"2029-10-30Z"}},{"type":"Feature","id":"vw_funai_terras_indigenas.fid-5c8cc48d_196abffcb4a_2793","geometry":{"type":"MultiPolygon","coordinates":[[[[-50.40531889,-29.63080781],[-50.40693427,-29.63003539],[-50.40929086,-29.62857918],[-50.4085245,-29.62661529],[-50.408099,-29.62540108],[-50.40579186,-29.62586818],[-50.40444945,-29.6256554],[-50.40456199,-29.62668294],[-50.40186957,-29.62808457],[-50.40531889,-29.63080781]]]]},"geometry_name":"geom","properties":{"id_terra_indigena":514,"Codigo":72501,"Nome":"Riozinho - RS","Etnia":"Guarani Mbya","Municipio":"Riozinho","Unidade_Federacao":"RS","Fase":"Regularizada","Modalidade":"Reserva Indígena","Homologacao":"Não Homologada","dt_ini":"2013-01-01Z","dt_fim":"2029-10-30Z"}},{"type":"Feature","id":"vw_funai_terras_indigenas.fid-5c8cc48d_196abffcb4a_2794","geometry":{"type":"MultiPolygon","coordinates":[[[[-50.22305559,-29.7056423],[-50.22316873,-29.70593389],[-50.22555592,-29.71203948],[-50.22666061,-29.72009105],[-50.22287938,-29.72523699],[-50.22277102,-29.72536907],[-50.22944004,-29.73037102],[-50.23138423,-29.73451748],[-50.23134063,-29.73761616],[-50.237734,-29.73176016],[-50.24002417,-29.72969845],[-50.24236656,-29.72762015],[-50.24837477,-29.72151835],[-50.25054007,-29.71668636],[-50.25786207,-29.71665893],[-50.26488417,-29.71663166],[-50.26750088,-29.71661523],[-50.26748135,-29.71652106],[-50.26746182,-29.71642688],[-50.26744229,-29.7163327],[-50.26742275,-29.71623852],[-50.26740322,-29.71614434],[-50.2673956,-29.71610762],[-50.26737995,-29.71605135],[-50.26734028,-29.71596357],[-50.26728759,-29.71587985],[-50.26722689,-29.71579856],[-50.26716323,-29.71571803],[-50.26710162,-29.71563662],[-50.26704709,-29.71555268],[-50.26703443,-29.71552972],[-50.26700072,-29.7154659],[-50.26695481,-29.71537896],[-50.26690889,-29.71529202],[-50.26686298,-29.71520509],[-50.26681706,-29.71511815],[-50.26677115,-29.71503121],[-50.26672523,-29.71494427],[-50.26668625,-29.71488009],[-50.26661754,-29.71473555],[-50.2665559,-29.7145115],[-50.26650513,-29.71428308],[-50.26646503,-29.71415294],[-50.26643196,-29.71406064],[-50.26635065,-29.7138401],[-50.26624161,-29.71363021],[-50.26615751,-29.71352248],[-50.26607945,-29.71344391],[-50.26588825,-29.71328572],[-50.26571604,-29.71315859],[-50.26568717,-29.71313724],[-50.26548564,-29.71298818],[-50.26528316,-29.71284059],[-50.26507763,-29.71269583],[-50.26504133,-29.71267099],[-50.26486764,-29.71255541],[-50.26465402,-29.71241967],[-50.26443758,-29.71228762],[-50.26421908,-29.71215825],[-50.26399933,-29.71203056],[-50.2639798,-29.71201928],[-50.26377299,-29.71191287],[-50.26353742,-29.71180884],[-50.26330179,-29.71170387],[-50.26311619,-29.71160745],[-50.2630751,-29.71158357],[-50.26285718,-29.71144923],[-50.26264896,-29.71130411],[-50.26245512,-29.71114627],[-50.26228037,-29.71097376],[-50.26222195,-29.71090637],[-50.26212409,-29.71078817],[-50.26196948,-29.71060144],[-50.26181488,-29.71041471],[-50.26166028,-29.71022797],[-50.26150567,-29.71004124],[-50.26135107,-29.7098545],[-50.26820984,-29.70528958],[-50.25359246,-29.70968058],[-50.2397409,-29.70487289],[-50.23730283,-29.70565081],[-50.23307335,-29.7023497],[-50.22305559,-29.7056423]]]]},"geometry_name":"geom","properties":{"id_terra_indigena":606,"Codigo":49001,"Nome":"Varzinha","Etnia":"Guarani Mbya","Municipio":"Caraá,Maquiné","Unidade_Federacao":"RS","Fase":"Regularizada","Modalidade":"Tradicionalmente ocupada","Homologacao":"Não Homologada","dt_ini":"2013-01-01Z","dt_fim":"2029-10-30Z"}},{"type":"Feature","id":"vw_funai_terras_indigenas.fid-5c8cc48d_196abffcb4a_2795","geometry":{"type":"MultiPolygon","coordinates":[[[[-52.2780109,-27.81193571],[-52.27837653,-27.81190524],[-52.27861013,-27.81192556],[-52.27875232,-27.81190186],[-52.27895207,-27.8117292],[-52.27902316,-27.8117055],[-52.27919583,-27.81176982],[-52.2793177,-27.81188832],[-52.27955807,-27.81191879],[-52.279856,-27.81200681],[-52.28010653,-27.81197634],[-52.28042138,-27.81192894],[-52.28057373,-27.81195603],[-52.28076331,-27.81206098],[-52.28094284,-27.81209794],[-52.28099353,-27.81210837],[-52.2812339,-27.81207452],[-52.28127783,-27.81208725],[-52.28159615,-27.81217947],[-52.28185006,-27.81216254],[-52.28225294,-27.81215916],[-52.2824256,-27.81212192],[-52.28254825,-27.81204621],[-52.28269982,-27.81195264],[-52.2828928,-27.81178675],[-52.28310947,-27.81173597],[-52.28331598,-27.81167503],[-52.28337692,-27.81150914],[-52.28360714,-27.81127554],[-52.28378996,-27.81144143],[-52.28383735,-27.81155315],[-52.28404048,-27.81159039],[-52.28433502,-27.81164117],[-52.28462956,-27.81164795],[-52.28487332,-27.81164456],[-52.28488348,-27.81163322],[-52.28502228,-27.81163102],[-52.28521187,-27.81164795],[-52.28542515,-27.81162763],[-52.28545901,-27.81152268],[-52.28558766,-27.81138049],[-52.28573324,-27.81137711],[-52.28577725,-27.81125861],[-52.28569938,-27.81112319],[-52.28570954,-27.81096407],[-52.2857637,-27.8108422],[-52.28593637,-27.81086928],[-52.28601085,-27.81084897],[-52.28604809,-27.81078803],[-52.28605824,-27.81061875],[-52.28606163,-27.81052057],[-52.28598715,-27.81040208],[-52.28587204,-27.8101414],[-52.28588558,-27.80984686],[-52.28594652,-27.80960987],[-52.28610226,-27.80952862],[-52.28626814,-27.80944398],[-52.28650174,-27.80939997],[-52.28672857,-27.80942705],[-52.28694186,-27.8094169],[-52.28711791,-27.80931872],[-52.28729734,-27.8092307],[-52.28727364,-27.80910543],[-52.28741922,-27.80902757],[-52.28762573,-27.80888537],[-52.2873989,-27.80867547],[-52.28741583,-27.80853667],[-52.2874364,-27.80841739],[-52.28744969,-27.80834031],[-52.2874937,-27.80821166],[-52.28767651,-27.8082252],[-52.28788303,-27.80819812],[-52.28818096,-27.80819473],[-52.28840778,-27.80818457],[-52.28869217,-27.80806608],[-52.28893592,-27.80789004],[-52.2892666,-27.80789584],[-52.28932187,-27.80789681],[-52.28955208,-27.80786972],[-52.28976876,-27.80782571],[-52.28997643,-27.80770565],[-52.28998543,-27.80770045],[-52.29014793,-27.80749055],[-52.29034429,-27.80724679],[-52.29062868,-27.80720616],[-52.29084873,-27.80730434],[-52.29094353,-27.80744653],[-52.29102399,-27.80772426],[-52.29108388,-27.80778816],[-52.29132691,-27.79550366],[-52.29147617,-27.78725969],[-52.28905079,-27.78726577],[-52.28882796,-27.78707299],[-52.2884738,-27.78673486],[-52.28830791,-27.7865385],[-52.28821312,-27.78640985],[-52.28790504,-27.78585124],[-52.287773,-27.7856752],[-52.28754956,-27.78547545],[-52.28737013,-27.78529264],[-52.28724486,-27.78508951],[-52.28717377,-27.78488299],[-52.28705189,-27.78463585],[-52.28705527,-27.78443272],[-52.28710903,-27.7843824],[-52.28721439,-27.78428376],[-52.28733627,-27.78413818],[-52.28743445,-27.78396552],[-52.28747169,-27.78373192],[-52.28738705,-27.78355926],[-52.28731596,-27.78346446],[-52.28722455,-27.78329857],[-52.28700111,-27.78323425],[-52.28694186,-27.78312591],[-52.28679628,-27.78302604],[-52.28663827,-27.78296171],[-52.28642726,-27.78289908],[-52.28631216,-27.78279075],[-52.2862326,-27.78260962],[-52.28617674,-27.78247759],[-52.28607179,-27.7823354],[-52.28596176,-27.78228123],[-52.28585004,-27.78227277],[-52.28570446,-27.78233878],[-52.28561982,-27.78244204],[-52.28554195,-27.78253006],[-52.28542685,-27.782569],[-52.28538622,-27.78248097],[-52.28536422,-27.78232693],[-52.2853439,-27.78221013],[-52.28525249,-27.78207471],[-52.28521356,-27.78199515],[-52.285134,-27.78191285],[-52.2850172,-27.7818445],[-52.28489532,-27.78168707],[-52.2847362,-27.78145009],[-52.28458386,-27.78122495],[-52.28454492,-27.78105737],[-52.28454154,-27.78088471],[-52.28447552,-27.78075945],[-52.28435364,-27.78063926],[-52.28420468,-27.78052585],[-52.28415559,-27.78034641],[-52.28405233,-27.78022284],[-52.28402694,-27.78010096],[-52.28403371,-27.7799994],[-52.28405064,-27.77986736],[-52.28402017,-27.77967101],[-52.28406418,-27.7795085],[-52.28414882,-27.77934938],[-52.28416913,-27.77916657],[-52.28405741,-27.77911917],[-52.28389829,-27.77914625],[-52.28386444,-27.77903284],[-52.28379673,-27.77895666],[-52.28369008,-27.77892789],[-52.28358852,-27.77891096],[-52.28351915,-27.77885117],[-52.28353096,-27.77873322],[-52.2834988,-27.77863504],[-52.28347735,-27.77863504],[-52.28334984,-27.77863504],[-52.28324489,-27.77858764],[-52.2831484,-27.77849793],[-52.28299944,-27.77845561],[-52.2828454,-27.77843699],[-52.28270829,-27.77842514],[-52.2825644,-27.7784099],[-52.28250685,-27.77836082],[-52.28246284,-27.77830495],[-52.28240528,-27.77824909],[-52.28235619,-27.77815599],[-52.2822851,-27.7779918],[-52.28220215,-27.77779374],[-52.28214629,-27.7776397],[-52.28207012,-27.77749413],[-52.28197871,-27.77731977],[-52.28192116,-27.77718943],[-52.28189407,-27.77709464],[-52.28189069,-27.77699307],[-52.28188392,-27.77694398],[-52.28190761,-27.77688981],[-52.28192793,-27.77682041],[-52.28192708,-27.77673493],[-52.28191185,-27.77663421],[-52.28196263,-27.77656142],[-52.28200495,-27.77652164],[-52.2820041,-27.77647001],[-52.28184244,-27.77655465],[-52.28176119,-27.7765775],[-52.28159869,-27.77665791],[-52.28152505,-27.77674254],[-52.28145396,-27.77677894],[-52.28142857,-27.77679925],[-52.28134901,-27.77679248],[-52.28127283,-27.77679587],[-52.28111541,-27.77688558],[-52.28101723,-27.77687881],[-52.28084457,-27.7769736],[-52.2806042,-27.7771158],[-52.28053987,-27.77721059],[-52.2805094,-27.77732231],[-52.28041461,-27.77741711],[-52.28024195,-27.77756268],[-52.2800433,-27.77771719],[-52.28002866,-27.77772857],[-52.27979844,-27.77786061],[-52.27952083,-27.7779554],[-52.27925338,-27.77808405],[-52.27903671,-27.77816192],[-52.27878618,-27.77836166],[-52.27853904,-27.77862235],[-52.27840023,-27.77879162],[-52.27831221,-27.77898798],[-52.27818356,-27.77919111],[-52.27812601,-27.77927913],[-52.27812262,-27.77937054],[-52.2779872,-27.77952966],[-52.27790933,-27.77975988],[-52.27783485,-27.78002733],[-52.27771974,-27.780244],[-52.27759787,-27.78043359],[-52.27749292,-27.78062318],[-52.27755724,-27.78079923],[-52.27760802,-27.78083308],[-52.27773667,-27.78086355],[-52.27779423,-27.78092449],[-52.27785855,-27.78102267],[-52.27782131,-27.78112762],[-52.27768928,-27.78118179],[-52.27755132,-27.78123257],[-52.27747345,-27.7812258],[-52.27742944,-27.78128505],[-52.27730417,-27.78131721],[-52.27721954,-27.78129689],[-52.27712136,-27.78130367],[-52.27705365,-27.78135276],[-52.27698932,-27.78143231],[-52.27701979,-27.78151695],[-52.27705873,-27.78158297],[-52.2770655,-27.78166084],[-52.27699779,-27.78175055],[-52.27699271,-27.7818555],[-52.27712982,-27.78191136],[-52.2772043,-27.78196045],[-52.27732279,-27.78199769],[-52.27741759,-27.78201462],[-52.27748699,-27.78205863],[-52.2773905,-27.78211957],[-52.27731433,-27.78215512],[-52.27731772,-27.78222283],[-52.27738373,-27.78227869],[-52.27743959,-27.78237348],[-52.27742436,-27.78248013],[-52.27735157,-27.78252922],[-52.27724831,-27.78256477],[-52.27711459,-27.78264094],[-52.27709258,-27.78273743],[-52.27717214,-27.78282714],[-52.27730248,-27.78289485],[-52.27743621,-27.78294225],[-52.27748238,-27.78295288],[-52.27751238,-27.7830235],[-52.27749503,-27.78304384],[-52.27746329,-27.78308106],[-52.27740574,-27.78314199],[-52.27744467,-27.78322663],[-52.27749884,-27.78324356],[-52.277531,-27.78325202],[-52.27752762,-27.78334851],[-52.2774379,-27.78337729],[-52.27735665,-27.78337559],[-52.27724154,-27.78345008],[-52.27715183,-27.78353471],[-52.27709427,-27.78368368],[-52.27719076,-27.78385126],[-52.27720261,-27.78392405],[-52.27736004,-27.78397314],[-52.27741928,-27.78413733],[-52.27748191,-27.78429645],[-52.27751577,-27.78450635],[-52.27758348,-27.7847298],[-52.27761395,-27.78489738],[-52.27758856,-27.78500064],[-52.27754962,-27.7851496],[-52.27753777,-27.78529687],[-52.27754455,-27.78550846],[-52.27755978,-27.78567774],[-52.27741928,-27.78574375],[-52.27732787,-27.78574375],[-52.27724831,-27.78576915],[-52.27715775,-27.7858741],[-52.27704603,-27.78596551],[-52.27697155,-27.78599598],[-52.27695736,-27.78597823],[-52.27691738,-27.78592827],[-52.27695801,-27.78581316],[-52.2770528,-27.78568451],[-52.27707311,-27.78557956],[-52.27688353,-27.78559649],[-52.27672102,-27.78569128],[-52.27649081,-27.78577592],[-52.27634523,-27.78577592],[-52.27627413,-27.78580977],[-52.27625044,-27.78590795],[-52.27620304,-27.78595196],[-52.27612179,-27.78602306],[-52.27608455,-27.78614494],[-52.27605746,-27.78631083],[-52.27604731,-27.78642932],[-52.27598637,-27.7865512],[-52.27592881,-27.78665276],[-52.27583063,-27.78685251],[-52.27577053,-27.78704867],[-52.27566136,-27.7871809],[-52.2756749,-27.78729601],[-52.27579678,-27.78733664],[-52.27596944,-27.78735018],[-52.27601006,-27.78745174],[-52.27599314,-27.78759732],[-52.27591866,-27.78770566],[-52.27585433,-27.78774967],[-52.27570876,-27.78784108],[-52.2755124,-27.78770227],[-52.27537359,-27.78756346],[-52.27533521,-27.78755638],[-52.27515353,-27.78752284],[-52.27493686,-27.78765487],[-52.27475404,-27.78782753],[-52.27468972,-27.78812884],[-52.27461524,-27.7883726],[-52.27457123,-27.78859604],[-52.27445121,-27.78880553],[-52.27441549,-27.78893121],[-52.27429622,-27.78901021],[-52.27415481,-27.78910387],[-52.27391782,-27.78922913],[-52.27385011,-27.7893544],[-52.27368761,-27.78945596],[-52.2735725,-27.78955076],[-52.2735251,-27.78972342],[-52.27357927,-27.78985207],[-52.27362667,-27.7899604],[-52.27357265,-27.79009991],[-52.2734312,-27.79023496],[-52.27322718,-27.79032604],[-52.27308837,-27.79033958],[-52.27277014,-27.79043437],[-52.27248575,-27.79052578],[-52.27224538,-27.79059688],[-52.27201517,-27.79081355],[-52.27181542,-27.79103699],[-52.27164615,-27.79124689],[-52.27152089,-27.79146018],[-52.27132453,-27.79160237],[-52.27113155,-27.79171748],[-52.27099952,-27.79191045],[-52.27084378,-27.79200525],[-52.27062034,-27.79202556],[-52.27045107,-27.79211358],[-52.27041721,-27.7922964],[-52.27043075,-27.79246568],[-52.27047138,-27.79257063],[-52.27029195,-27.79267558],[-52.27025809,-27.79284485],[-52.27023778,-27.7929972],[-52.27005835,-27.79319694],[-52.26984845,-27.79337299],[-52.26971303,-27.79352195],[-52.26960808,-27.79364045],[-52.26947943,-27.79376909],[-52.26928645,-27.79390113],[-52.26925955,-27.79396167],[-52.26921874,-27.79405348],[-52.26926614,-27.79425999],[-52.26935078,-27.79453422],[-52.26933046,-27.7946324],[-52.26919843,-27.79473735],[-52.26901223,-27.79471704],[-52.26879894,-27.79461209],[-52.26867012,-27.79452717],[-52.26860765,-27.7945326],[-52.26841299,-27.79459854],[-52.26825726,-27.79466964],[-52.26810491,-27.79475766],[-52.26791596,-27.79499814],[-52.26783856,-27.7951751],[-52.26779449,-27.79526421],[-52.26777361,-27.79530673],[-52.2677799,-27.795472],[-52.26779344,-27.79568529],[-52.26776297,-27.79574454],[-52.26772573,-27.79585287],[-52.26772912,-27.79594767],[-52.26779006,-27.79602892],[-52.26775282,-27.79609324],[-52.26770807,-27.79611002],[-52.26767157,-27.79612371],[-52.26766691,-27.79615075],[-52.26765464,-27.79622189],[-52.26759031,-27.79625236],[-52.26757732,-27.79623937],[-52.26751922,-27.79618127],[-52.26746167,-27.79613387],[-52.26738045,-27.79618793],[-52.2673472,-27.79626235],[-52.26727208,-27.79632346],[-52.26718067,-27.79635731],[-52.26711634,-27.79644195],[-52.26703848,-27.79656044],[-52.2668455,-27.79669248],[-52.26674055,-27.79676019],[-52.266683,-27.7968042],[-52.2667304,-27.79692946],[-52.26674389,-27.79701041],[-52.26662545,-27.79715968],[-52.26644601,-27.79728833],[-52.26636138,-27.79760656],[-52.26607266,-27.7976292],[-52.26591547,-27.79784257],[-52.26579261,-27.79796204],[-52.26567412,-27.79805345],[-52.26568089,-27.79820918],[-52.26559964,-27.79823627],[-52.26555224,-27.79829382],[-52.2655624,-27.79839877],[-52.26555563,-27.79855112],[-52.26549807,-27.79870008],[-52.2654439,-27.79885582],[-52.2653051,-27.79897431],[-52.2652278,-27.79907166],[-52.2651189,-27.79921806],[-52.26500379,-27.799279],[-52.26489545,-27.79936364],[-52.26485821,-27.79968188],[-52.26487852,-27.79986131],[-52.26477357,-27.80006106],[-52.26479727,-27.80027096],[-52.26464492,-27.80058581],[-52.26456706,-27.80078555],[-52.26441133,-27.80091759],[-52.26428342,-27.80101688],[-52.26414721,-27.80128581],[-52.26405246,-27.80162516],[-52.26404569,-27.80170641],[-52.26401522,-27.80184183],[-52.264066,-27.80186214],[-52.26412017,-27.80191631],[-52.26410494,-27.80198571],[-52.264044,-27.80214483],[-52.2639509,-27.80224978],[-52.26387472,-27.8023869],[-52.26374269,-27.80246646],[-52.26369895,-27.8026695],[-52.26373507,-27.802794],[-52.26393143,-27.80348465],[-52.2638925,-27.8036827],[-52.26382902,-27.80375972],[-52.26376977,-27.80403564],[-52.26388657,-27.8041389],[-52.26394413,-27.80425739],[-52.26392551,-27.8043725],[-52.26382902,-27.80441481],[-52.26376808,-27.80444867],[-52.26372576,-27.80454008],[-52.26353617,-27.80470258],[-52.26341599,-27.80474659],[-52.2633889,-27.80482446],[-52.26342445,-27.80489894],[-52.26335783,-27.80497472],[-52.26337214,-27.80511533],[-52.26336639,-27.80517803],[-52.26335547,-27.80525317],[-52.2633669,-27.80560313],[-52.2633906,-27.80586381],[-52.26347862,-27.80615496],[-52.26363097,-27.80631747],[-52.2636225,-27.80643088],[-52.26364959,-27.80654768],[-52.26373084,-27.80670003],[-52.26384087,-27.80685407],[-52.26387654,-27.80688512],[-52.26393228,-27.80693363],[-52.26401014,-27.80705043],[-52.26405923,-27.80716384],[-52.26411509,-27.80728742],[-52.26411848,-27.80744823],[-52.26412186,-27.8076175],[-52.26411509,-27.80773938],[-52.2642776,-27.80798652],[-52.26432838,-27.80822351],[-52.26424713,-27.80855867],[-52.26426406,-27.80874488],[-52.26419973,-27.80896832],[-52.26416249,-27.80934072],[-52.26433007,-27.80959294],[-52.26446888,-27.80971821],[-52.2645095,-27.8099078],[-52.2644401,-27.81017694],[-52.26443333,-27.81041393],[-52.26449258,-27.81066446],[-52.26457552,-27.81097931],[-52.26459922,-27.81127723],[-52.2645112,-27.81144651],[-52.26441979,-27.81164287],[-52.26428945,-27.8117055],[-52.26402876,-27.81178506],[-52.2713313,-27.81605926],[-52.2714464,-27.81601863],[-52.27159198,-27.81592045],[-52.27179173,-27.81577826],[-52.27201178,-27.81557175],[-52.27239435,-27.8154431],[-52.27265503,-27.81522642],[-52.27293264,-27.81505715],[-52.27313577,-27.81492173],[-52.27333552,-27.81484725],[-52.27356234,-27.81476261],[-52.27382303,-27.81460011],[-52.27399569,-27.81444099],[-52.27418189,-27.81427848],[-52.27437487,-27.81411936],[-52.27465925,-27.81405165],[-52.27484207,-27.81388576],[-52.27531265,-27.81375373],[-52.27563089,-27.81387222],[-52.27587803,-27.8137368],[-52.27594913,-27.81340841],[-52.27612517,-27.81332377],[-52.27633629,-27.81308857],[-52.27651112,-27.81289381],[-52.27659746,-27.81289901],[-52.27679212,-27.81291074],[-52.27701217,-27.81278886],[-52.277239,-27.81256542],[-52.27736765,-27.81243],[-52.27741415,-27.81234242],[-52.27751323,-27.81215577],[-52.27771974,-27.81204066],[-52.2780109,-27.81193571]]]]},"geometry_name":"geom","properties":{"id_terra_indigena":607,"Codigo":49101,"Nome":"Ventarra","Etnia":"Kaingang","Municipio":"Erebango","Unidade_Federacao":"RS","Fase":"Regularizada","Modalidade":"Tradicionalmente ocupada","Homologacao":"Não Homologada","dt_ini":"2013-01-01Z","dt_fim":"2029-10-30Z"}},{"type":"Feature","id":"vw_funai_terras_indigenas.fid-5c8cc48d_196abffcb4a_2796","geometry":{"type":"MultiPolygon","coordinates":[[[[-52.61912274,-27.43253077],[-52.61901354,-27.4325335],[-52.61896832,-27.43253222],[-52.61890563,-27.4325256],[-52.61880105,-27.43250066],[-52.61869855,-27.43246475],[-52.61859657,-27.43242505],[-52.61849353,-27.43238876],[-52.61839388,-27.43236412],[-52.61838787,-27.43236306],[-52.61828059,-27.43234409],[-52.61817332,-27.43232512],[-52.61806604,-27.43230616],[-52.61795877,-27.43228719],[-52.6178515,-27.43226823],[-52.61774422,-27.43224926],[-52.61763695,-27.43223029],[-52.61755873,-27.43282503],[-52.61747433,-27.43308693],[-52.61738992,-27.43334883],[-52.61730551,-27.43361073],[-52.61727465,-27.43370646],[-52.61728303,-27.43386987],[-52.61745277,-27.43411968],[-52.61762681,-27.4343667],[-52.6176493,-27.43448614],[-52.61763215,-27.43462099],[-52.61754796,-27.43488634],[-52.61745017,-27.43504359],[-52.61737844,-27.43512953],[-52.61717947,-27.43533337],[-52.61706079,-27.43544576],[-52.61697008,-27.43552814],[-52.6167439,-27.43571182],[-52.61651176,-27.4358905],[-52.61628799,-27.43607597],[-52.61618178,-27.43617691],[-52.61609967,-27.43628447],[-52.61601708,-27.43654212],[-52.61600765,-27.43683109],[-52.61602232,-27.43712719],[-52.61601203,-27.43740624],[-52.61596195,-27.4375823],[-52.61592492,-27.43764437],[-52.61570454,-27.43783777],[-52.61542214,-27.43801312],[-52.61517983,-27.43819955],[-52.61508201,-27.43838562],[-52.61507967,-27.43842541],[-52.6151673,-27.43867505],[-52.61532744,-27.43893181],[-52.6154168,-27.43919706],[-52.6154153,-27.43923708],[-52.61539228,-27.43946839],[-52.61536526,-27.43973983],[-52.61533823,-27.44001127],[-52.61531121,-27.4402827],[-52.61510319,-27.44061754],[-52.61489518,-27.44095238],[-52.61468716,-27.44128721],[-52.61460925,-27.44141261],[-52.61461481,-27.44162811],[-52.61497968,-27.44194181],[-52.6152988,-27.44208716],[-52.61538247,-27.44209886],[-52.61575114,-27.44191487],[-52.61609379,-27.44160782],[-52.61609531,-27.44160653],[-52.61636332,-27.44123487],[-52.61657802,-27.44086192],[-52.61669088,-27.44077462],[-52.61674219,-27.44088613],[-52.61681798,-27.44112777],[-52.61694526,-27.44124974],[-52.61729491,-27.44149003],[-52.61751013,-27.44159481],[-52.61768426,-27.44159479],[-52.61812727,-27.44137489],[-52.61839254,-27.44140505],[-52.61848004,-27.44150937],[-52.61859921,-27.44186727],[-52.61860008,-27.44187326],[-52.61862711,-27.44225676],[-52.61861329,-27.44263927],[-52.6186091,-27.44269747],[-52.61849437,-27.44300872],[-52.61849357,-27.4430392],[-52.61873409,-27.44328403],[-52.61913076,-27.44351151],[-52.61917483,-27.44356928],[-52.61929739,-27.44387003],[-52.61927845,-27.44418386],[-52.61924315,-27.44424616],[-52.61893858,-27.44452021],[-52.61889972,-27.44454102],[-52.61851297,-27.44455259],[-52.61807227,-27.44446484],[-52.61791895,-27.44450423],[-52.61770396,-27.44464003],[-52.61743828,-27.44492354],[-52.61742774,-27.44494004],[-52.61724148,-27.4452954],[-52.61712743,-27.44565933],[-52.61710381,-27.44578642],[-52.6170754,-27.44603891],[-52.61707472,-27.44642314],[-52.6171029,-27.44667065],[-52.61712484,-27.4468045],[-52.61720552,-27.44718376],[-52.61735098,-27.44754538],[-52.61743431,-27.44767548],[-52.6175902,-27.44786855],[-52.61782305,-27.44813951],[-52.61784852,-27.44817138],[-52.61809204,-27.44848433],[-52.61816145,-27.44858498],[-52.6182662,-27.44883628],[-52.6183071,-27.44907366],[-52.61831494,-27.44921719],[-52.61830603,-27.44960052],[-52.61831013,-27.44964213],[-52.61837543,-27.44997767],[-52.61849536,-27.45034612],[-52.618582,-27.45055614],[-52.61866971,-27.45069719],[-52.61895869,-27.45098861],[-52.61908056,-27.45113855],[-52.61917139,-27.45134314],[-52.61911574,-27.45156297],[-52.61896595,-27.45163457],[-52.61887163,-27.45166883],[-52.61856638,-27.45177428],[-52.61829247,-27.45187061],[-52.61816834,-27.45191696],[-52.61777618,-27.45207257],[-52.6173821,-27.45222446],[-52.61723532,-27.45227518],[-52.61697852,-27.45235512],[-52.61656889,-27.45246915],[-52.61625054,-27.45255413],[-52.61615748,-27.45257904],[-52.61574508,-27.45268566],[-52.61533174,-27.45278846],[-52.61515448,-27.45283198],[-52.61491618,-27.45288036],[-52.61449205,-27.45293351],[-52.61406463,-27.45297651],[-52.61364055,-27.45304437],[-52.61357345,-27.45305987],[-52.61323587,-27.45317027],[-52.61286509,-27.45335889],[-52.61251916,-27.45359742],[-52.61237149,-27.4537156],[-52.61220236,-27.45387355],[-52.61195781,-27.45418438],[-52.61191975,-27.45424345],[-52.6117983,-27.45454047],[-52.61167812,-27.45491026],[-52.61159612,-27.45504326],[-52.61144012,-27.45522817],[-52.61115857,-27.45551752],[-52.61085911,-27.45579197],[-52.6106435,-27.45598116],[-52.6105512,-27.45605846],[-52.61022064,-27.45630006],[-52.60988038,-27.45653335],[-52.60960198,-27.45674674],[-52.60955506,-27.45679117],[-52.60937834,-27.45717319],[-52.60940333,-27.45725906],[-52.60963801,-27.45741552],[-52.61003249,-27.45761801],[-52.6100561,-27.45764453],[-52.61028025,-27.45792985],[-52.61049418,-27.45820832],[-52.61052262,-27.45824624],[-52.61075589,-27.45856685],[-52.61082246,-27.45865371],[-52.61103139,-27.45886282],[-52.61138982,-27.45908429],[-52.61175622,-27.45922244],[-52.6117946,-27.45923334],[-52.61221368,-27.45932154],[-52.61263842,-27.45937431],[-52.61306479,-27.4594183],[-52.61348878,-27.45948015],[-52.61355368,-27.45949298],[-52.613915,-27.45953894],[-52.61432981,-27.45962732],[-52.61460179,-27.45981921],[-52.61467381,-27.45991636],[-52.61473317,-27.46029944],[-52.61464631,-27.46068382],[-52.6146412,-27.46071286],[-52.61458063,-27.46106193],[-52.61451028,-27.46143987],[-52.61444102,-27.46181791],[-52.61439093,-27.46211794],[-52.61437883,-27.46219632],[-52.61432428,-27.46257705],[-52.61427979,-27.46295939],[-52.61425013,-27.46334133],[-52.61424092,-27.4635962],[-52.61425019,-27.46371929],[-52.61438764,-27.46407587],[-52.61461012,-27.46441965],[-52.61481534,-27.46476712],[-52.61488156,-27.464956],[-52.61491156,-27.46513741],[-52.61491453,-27.46552667],[-52.61490345,-27.46563293],[-52.61477042,-27.46588057],[-52.61461285,-27.46621652],[-52.61461527,-27.46623041],[-52.6147617,-27.46658324],[-52.61484945,-27.46671513],[-52.61500703,-27.46692265],[-52.61526248,-27.46722309],[-52.61545754,-27.46744301],[-52.61552569,-27.46751876],[-52.61580481,-27.46780759],[-52.61608349,-27.46809869],[-52.61621637,-27.46825358],[-52.61633196,-27.46841518],[-52.61650637,-27.46876662],[-52.61661056,-27.46909662],[-52.61662102,-27.46913775],[-52.61670816,-27.46951267],[-52.61678412,-27.46988884],[-52.61683029,-27.47013644],[-52.61685749,-27.47026779],[-52.61695446,-27.4706491],[-52.61703165,-27.47103017],[-52.61702902,-27.47140828],[-52.61701595,-27.47147366],[-52.61694345,-27.47178309],[-52.61685564,-27.47215781],[-52.61681404,-27.47224762],[-52.61676529,-27.47234473],[-52.61665705,-27.47252423],[-52.61655582,-27.47266913],[-52.61653531,-27.47269704],[-52.61640762,-27.47286597],[-52.6162772,-27.47303297],[-52.61614582,-27.47319932],[-52.61601522,-27.47336631],[-52.61595933,-27.47343917],[-52.615887,-27.47353497],[-52.61576155,-27.47370512],[-52.6156393,-27.47387701],[-52.61552072,-27.47405102],[-52.61551651,-27.47405735],[-52.61543426,-27.47423574],[-52.61539511,-27.47443572],[-52.61537666,-27.4746431],[-52.6153522,-27.47485],[-52.61529507,-27.47504854],[-52.61529153,-27.47505665],[-52.61520415,-27.47523668],[-52.61509183,-27.475414],[-52.61494548,-27.47557352],[-52.61491031,-27.47560325],[-52.61476749,-27.47571168],[-52.61458331,-27.47583406],[-52.61439349,-27.47594408],[-52.61419767,-27.47604498],[-52.61404378,-27.47611795],[-52.61399552,-27.47613978],[-52.61378779,-27.47622637],[-52.61357667,-27.47630626],[-52.61336439,-27.47638341],[-52.61315321,-27.47646178],[-52.61294536,-27.47654535],[-52.61274308,-27.47663806],[-52.61257908,-27.47672594],[-52.6125485,-27.47674368],[-52.61245591,-27.47676595],[-52.61236331,-27.47678817],[-52.6122707,-27.47681037],[-52.61217809,-27.47683257],[-52.61208548,-27.4768548],[-52.6119929,-27.47687708],[-52.61190033,-27.47689944],[-52.6118078,-27.47692188],[-52.61175685,-27.4769343],[-52.6117153,-27.47694444],[-52.6116228,-27.47696701],[-52.6115303,-27.47698958],[-52.6114378,-27.47701215],[-52.61134531,-27.47703472],[-52.61125281,-27.47705729],[-52.61116031,-27.47707986],[-52.61106781,-27.47710243],[-52.61097532,-27.47712501],[-52.61139652,-27.47742696],[-52.61736338,-27.48173609],[-52.62510585,-27.48733475],[-52.62556726,-27.48766413],[-52.62558411,-27.4876762],[-52.62560096,-27.48768828],[-52.62561781,-27.48770035],[-52.62563466,-27.48771243],[-52.62565151,-27.48772451],[-52.62566836,-27.48773658],[-52.62568522,-27.48774866],[-52.62570207,-27.48776073],[-52.62570769,-27.48776476],[-52.62571934,-27.48777229],[-52.62573818,-27.48778179],[-52.62575828,-27.48778942],[-52.62577918,-27.48779548],[-52.62580045,-27.4878003],[-52.62580843,-27.48780185],[-52.62582176,-27.48780397],[-52.62584322,-27.48780647],[-52.62586464,-27.48780905],[-52.62587914,-27.48781157],[-52.62588578,-27.48781295],[-52.62590683,-27.48781734],[-52.62592788,-27.48782173],[-52.62594893,-27.48782612],[-52.62596998,-27.48783051],[-52.62603953,-27.48782544],[-52.62610908,-27.48782036],[-52.62617863,-27.48781528],[-52.62624818,-27.48781021],[-52.62631773,-27.48780513],[-52.62638728,-27.48780005],[-52.62640553,-27.48779872],[-52.62645693,-27.48779502],[-52.6265268,-27.48778976],[-52.62659661,-27.48778346],[-52.62666605,-27.4877753],[-52.62673483,-27.48776446],[-52.62680263,-27.48775011],[-52.62684141,-27.48773986],[-52.62686931,-27.48773187],[-52.62693575,-27.48771285],[-52.62700219,-27.48769383],[-52.62706863,-27.48767481],[-52.62713507,-27.48765579],[-52.62720151,-27.48763677],[-52.62726795,-27.48761775],[-52.62747124,-27.48757455],[-52.62767381,-27.48753152],[-52.62767453,-27.48753136],[-52.62787058,-27.48747056],[-52.62805627,-27.4873845],[-52.62823755,-27.48728773],[-52.62842037,-27.4871948],[-52.62843705,-27.48718715],[-52.62860642,-27.48710994],[-52.62879222,-27.48702473],[-52.62897811,-27.48693964],[-52.62916444,-27.48685523],[-52.62927156,-27.48680738],[-52.62935232,-27.48677381],[-52.62954702,-27.48670798],[-52.62974742,-27.4866552],[-52.62995095,-27.48660941],[-52.630155,-27.48656453],[-52.63035701,-27.4865145],[-52.63042908,-27.48649395],[-52.63055694,-27.48645834],[-52.63075855,-27.48640407],[-52.63095396,-27.486338],[-52.63106921,-27.4862837],[-52.63113584,-27.48624732],[-52.63131406,-27.48615001],[-52.63149227,-27.4860527],[-52.63167049,-27.48595538],[-52.6318487,-27.48585807],[-52.63202692,-27.48576076],[-52.63234468,-27.48549771],[-52.63263014,-27.48526141],[-52.63266292,-27.48523515],[-52.63302963,-27.48502728],[-52.63345505,-27.48490306],[-52.63390823,-27.48485146],[-52.63435823,-27.48486148],[-52.63447667,-27.4848735],[-52.63478719,-27.48491452],[-52.63521439,-27.48498087],[-52.63564171,-27.48505116],[-52.63606954,-27.48511714],[-52.63634532,-27.48515348],[-52.63649827,-27.48517151],[-52.63692805,-27.48521985],[-52.6373586,-27.48526577],[-52.6377896,-27.48531039],[-52.63822073,-27.48535487],[-52.63865167,-27.48540033],[-52.63908211,-27.48544794],[-52.63951173,-27.48549881],[-52.63968024,-27.48551995],[-52.63993815,-27.48556631],[-52.64035596,-27.48568151],[-52.64077118,-27.48580765],[-52.64119089,-27.48590176],[-52.64147653,-27.48592547],[-52.6416212,-27.48592688],[-52.64205478,-27.48593111],[-52.64248836,-27.48593534],[-52.64287116,-27.48597613],[-52.64325396,-27.48601692],[-52.64332719,-27.48602472],[-52.64363786,-27.48604744],[-52.64402385,-27.48605329],[-52.64440981,-27.48604509],[-52.64442998,-27.48604449],[-52.64479477,-27.48602761],[-52.6451798,-27.48600903],[-52.64523999,-27.48600726],[-52.64556522,-27.48600087],[-52.64591814,-27.48599581],[-52.64595069,-27.48599532],[-52.64633627,-27.48599204],[-52.64672177,-27.48599922],[-52.64683891,-27.48600476],[-52.647096,-27.48605797],[-52.64743508,-27.4862307],[-52.64771425,-27.4864193],[-52.64775283,-27.48644657],[-52.64802486,-27.48669063],[-52.64828476,-27.48694245],[-52.64842505,-27.48704878],[-52.64859321,-27.48715652],[-52.64892519,-27.48733692],[-52.64928309,-27.48746327],[-52.64937101,-27.48748204],[-52.64966574,-27.48752401],[-52.65005001,-27.48754906],[-52.65037197,-27.4875549],[-52.65043472,-27.48755539],[-52.65081971,-27.48755671],[-52.6512049,-27.48754722],[-52.65159023,-27.48751578],[-52.65167802,-27.4875044],[-52.65197247,-27.48745443],[-52.65234549,-27.48736719],[-52.65271091,-27.48725848],[-52.65307062,-27.48713255],[-52.6533943,-27.4870067],[-52.65342645,-27.48699357],[-52.65376919,-27.48683573],[-52.65410233,-27.48666535],[-52.65444094,-27.48649942],[-52.65447332,-27.48648478],[-52.65479682,-27.48634702],[-52.65516458,-27.48621632],[-52.65553309,-27.48612831],[-52.65569224,-27.48610857],[-52.65588458,-27.48615395],[-52.6561791,-27.48642302],[-52.65618421,-27.48642913],[-52.65630522,-27.48675328],[-52.65624215,-27.487107],[-52.65612972,-27.48746495],[-52.65610778,-27.48780788],[-52.6561657,-27.48795382],[-52.65627919,-27.48811622],[-52.6565642,-27.48834919],[-52.65659586,-27.488364],[-52.65695068,-27.48837424],[-52.65700072,-27.48835889],[-52.65728638,-27.48821505],[-52.65761196,-27.48802127],[-52.65773407,-27.48796895],[-52.65797839,-27.48788214],[-52.6583775,-27.48779725],[-52.65863615,-27.48785132],[-52.65872645,-27.48790295],[-52.65903488,-27.48811064],[-52.659108,-27.48816265],[-52.65933325,-27.48833032],[-52.65962635,-27.48855324],[-52.65971977,-27.48861969],[-52.65995859,-27.48869461],[-52.66035743,-27.48870811],[-52.66058811,-27.48878143],[-52.66071853,-27.4888698],[-52.6609549,-27.48914668],[-52.66097739,-27.4892273],[-52.66093596,-27.48947764],[-52.66082994,-27.4897041],[-52.66077126,-27.48979501],[-52.66049804,-27.49008176],[-52.66037729,-27.4903133],[-52.66038306,-27.49036442],[-52.66057689,-27.49064413],[-52.66092706,-27.49087801],[-52.66092853,-27.49087878],[-52.66131341,-27.49098421],[-52.66170445,-27.49095724],[-52.66208798,-27.49086872],[-52.66218233,-27.49084497],[-52.66246177,-27.49077985],[-52.66283337,-27.49067968],[-52.66310663,-27.49056511],[-52.66317773,-27.4905273],[-52.66350885,-27.49035122],[-52.66383997,-27.49017515],[-52.66390996,-27.49015096],[-52.66397995,-27.49012677],[-52.66399241,-27.49012247],[-52.66405272,-27.49010769],[-52.66412969,-27.49010736],[-52.66420393,-27.49013303],[-52.66420479,-27.49013353],[-52.66426068,-27.49018135],[-52.66429459,-27.49024097],[-52.66430435,-27.49026983],[-52.66431313,-27.49030718],[-52.6643196,-27.4903748],[-52.66431517,-27.49044141],[-52.66431218,-27.49045939],[-52.66429988,-27.4905057],[-52.66427394,-27.49056895],[-52.66424243,-27.49063177],[-52.66421067,-27.49069468],[-52.66418399,-27.49075821],[-52.66416769,-27.49082288],[-52.66416551,-27.49087304],[-52.6641665,-27.49088915],[-52.6641706,-27.49095598],[-52.66417471,-27.4910228],[-52.66417881,-27.49108963],[-52.66418292,-27.49115645],[-52.66418702,-27.49122328],[-52.66419113,-27.49129011],[-52.66419523,-27.49135693],[-52.66419934,-27.49142376],[-52.6661136,-27.48541479],[-52.66715416,-27.47547244],[-52.66762702,-27.46644498],[-52.66860491,-27.45747646],[-52.66936219,-27.44917352],[-52.66962861,-27.44636089],[-52.67049494,-27.43738224],[-52.67108837,-27.42837391],[-52.66548897,-27.42804973],[-52.66076868,-27.42779694],[-52.65022638,-27.42723511],[-52.63958318,-27.42666247],[-52.63098004,-27.42961899],[-52.62715052,-27.4309438],[-52.62123259,-27.4318328],[-52.62064489,-27.43191722],[-52.62058365,-27.43196173],[-52.62051439,-27.43203723],[-52.62046061,-27.43209585],[-52.62044434,-27.432112],[-52.62035714,-27.43217078],[-52.62027711,-27.43221133],[-52.62026084,-27.43221951],[-52.62016418,-27.43226479],[-52.62012451,-27.43228201],[-52.62006519,-27.43230754],[-52.61996612,-27.43235053],[-52.61986664,-27.43239227],[-52.61976602,-27.43243088],[-52.61966352,-27.43246449],[-52.61955843,-27.43249124],[-52.61950478,-27.43250145],[-52.61945039,-27.43250853],[-52.61934142,-27.43251583],[-52.6193124,-27.43251759],[-52.61923219,-27.43252339],[-52.61912274,-27.43253077]]]]},"geometry_name":"geom","properties":{"id_terra_indigena":608,"Codigo":49201,"Nome":"Votouro","Etnia":"Kaingang","Municipio":"Benjamin Constant do Sul,Faxinalzinho","Unidade_Federacao":"RS","Fase":"Regularizada","Modalidade":"Tradicionalmente ocupada","Homologacao":"Não Homologada","dt_ini":"2013-01-01Z","dt_fim":"2029-10-30Z"}}],"totalFeatures":30,"numberMatched":30,"numberReturned":30,"timeStamp":"2025-05-07T18:29:34.033Z","crs":{"type":"name","properties":{"name":"urn:ogc:def:crs:EPSG::4674"}}}