{"type":"FeatureCollection","features":[{"type":"Feature","id":"vw_icmbio_unid_conserv.fid-5c8cc48d_196ac1ca94f_-78e7","geometry":{"type":"MultiPolygon","coordinates":[[[[-51.16467133,-28.21687359],[-51.1632904,-28.21739048],[-51.16242445,-28.21773379],[-51.16132199,-28.21805615],[-51.16068112,-28.217709],[-51.15905986,-28.21829458],[-51.15539774,-28.22084282],[-51.15450891,-28.22177934],[-51.15554653,-28.22258996],[-51.15605769,-28.22300957],[-51.15768278,-28.22461365],[-51.15921632,-28.22714471],[-51.16022342,-28.22810982],[-51.16113513,-28.22909211],[-51.16246267,-28.23000191],[-51.16316075,-28.2303357],[-51.1642098,-28.23055123],[-51.165091,-28.23090217],[-51.16692971,-28.23204657],[-51.16750192,-28.23228499],[-51.16883708,-28.23242804],[-51.16900493,-28.23247763],[-51.16905834,-28.23239181],[-51.16955043,-28.23263023],[-51.16991284,-28.23320623],[-51.17066436,-28.23405501],[-51.17138533,-28.23514983],[-51.17561204,-28.23226971],[-51.17595155,-28.23194926],[-51.17717606,-28.23136562],[-51.17709597,-28.23121682],[-51.17690523,-28.23094217],[-51.17669542,-28.23070757],[-51.17651994,-28.23049013],[-51.17634827,-28.2302746],[-51.1761461,-28.22996752],[-51.1757341,-28.22948498],[-51.17560059,-28.22927706],[-51.17542892,-28.22911876],[-51.17534881,-28.229052],[-51.17514664,-28.22880404],[-51.17500167,-28.22862285],[-51.17488342,-28.22853319],[-51.17481855,-28.22843021],[-51.17470411,-28.22833484],[-51.17453244,-28.22814601],[-51.17444853,-28.2279076],[-51.17444471,-28.22767677],[-51.17443707,-28.22748226],[-51.17443707,-28.22733348],[-51.17450955,-28.22712177],[-51.17459731,-28.22703022],[-51.17473845,-28.22692339],[-51.17484143,-28.22686425],[-51.17495589,-28.22679559],[-51.17515806,-28.22655147],[-51.17532209,-28.22636264],[-51.17542509,-28.22628061],[-51.17552428,-28.22622147],[-51.17569213,-28.22604601],[-51.17578749,-28.22577898],[-51.1758447,-28.22548142],[-51.17582945,-28.22525064],[-51.17565398,-28.22494355],[-51.175612,-28.22484437],[-51.1755052,-28.22470514],[-51.17542508,-28.22456972],[-51.17528012,-28.22447054],[-51.17510845,-28.22429123],[-51.17494824,-28.22409673],[-51.1749406,-28.22390215],[-51.1749406,-28.22374003],[-51.17502454,-28.2235817],[-51.17510084,-28.22349588],[-51.17520382,-28.22339288],[-51.17531825,-28.22325173],[-51.17558147,-28.22297136],[-51.17596676,-28.22266998],[-51.17620709,-28.22246972],[-51.17648555,-28.22224464],[-51.17668011,-28.2221035],[-51.17679075,-28.22195472],[-51.17686703,-28.22185173],[-51.17686323,-28.22168771],[-51.17684795,-28.22152554],[-51.17673734,-28.22128714],[-51.1765771,-28.22109832],[-51.176394,-28.22090376],[-51.17615749,-28.22077408],[-51.17593243,-28.22059289],[-51.17574931,-28.22051659],[-51.17551279,-28.22040404],[-51.17534113,-28.22030488],[-51.17508173,-28.22022858],[-51.17480705,-28.22018851],[-51.17458582,-28.22008935],[-51.17428064,-28.21985093],[-51.17417764,-28.21978797],[-51.1739144,-28.2195839],[-51.1737275,-28.2194046],[-51.17355583,-28.21922341],[-51.17346044,-28.21913379],[-51.17328882,-28.21891824],[-51.17325829,-28.2187828],[-51.17320106,-28.21855199],[-51.17324684,-28.21831739],[-51.17275092,-28.21728362],[-51.17189261,-28.21735229],[-51.17094274,-28.21723592],[-51.16723101,-28.21593324],[-51.16641084,-28.21610109],[-51.16581192,-28.21630899],[-51.16467133,-28.21687359]]]]},"geometry_name":"geom","properties":{"id_unid_conserv":6,"Nome":"Estação Ecológica De Aracuri-Esmeralda","Codigo_UC":"0000.00.0050","Ano_Criacao":"1981","Ato_Criacao":"DEC  86.061 de 2/6/1981.","Jurisdicao":"Federal","Categoria":"ESEC","Grupo":"PI","Abrangencia_UF":"RS","Agrangencia_Mun":"Muitos Capões.","Abrangencia_Fuso":"22S","dt_ini":"2013-01-01Z","dt_fim":"2029-10-30Z"}},{"type":"Feature","id":"vw_icmbio_unid_conserv.fid-5c8cc48d_196ac1ca94f_-78e6","geometry":{"type":"MultiPolygon","coordinates":[[[[-50.77583121,-31.01334478],[-50.75416362,-31.02945628],[-50.75416387,-31.07639819],[-50.91167114,-31.24334824],[-50.91139271,-31.25057139],[-50.90917255,-31.25306815],[-50.90731479,-31.25440139],[-50.89907881,-31.25996707],[-50.89926573,-31.26019785],[-50.90006684,-31.26093029],[-50.99269651,-31.33674151],[-50.99295209,-31.33693606],[-51.02312672,-31.35964488],[-51.06851082,-31.40124408],[-51.10641797,-31.44069374],[-51.13198442,-31.46355136],[-51.15658957,-31.4896248],[-51.15672308,-31.48976022],[-51.1580201,-31.49086837],[-51.15863809,-31.49123841],[-51.16477593,-31.48394848],[-51.16506585,-31.48342964],[-51.18724069,-31.4505754],[-51.16890702,-31.43168506],[-51.13724076,-31.40140594],[-51.13057256,-31.39057219],[-51.10834785,-31.37335078],[-51.10668079,-31.36890475],[-51.09306978,-31.35862796],[-51.09140272,-31.35446234],[-51.07779167,-31.33640737],[-51.07362595,-31.33307143],[-51.0641806,-31.3183505],[-51.04890255,-31.30640292],[-51.03834713,-31.29390406],[-51.02473232,-31.28557088],[-51.0052885,-31.25723723],[-50.99584319,-31.25056914],[-50.97584245,-31.22862322],[-50.97222991,-31.2289017],[-50.91250615,-31.16279115],[-50.90722655,-31.16167728],[-50.88020284,-31.13224882],[-50.88833581,-31.12668123],[-50.77583121,-31.01334478]]]]},"geometry_name":"geom","properties":{"id_unid_conserv":7,"Nome":"Parque Nacional Da Lagoa Do Peixe","Codigo_UC":"0000.00.0140","Ano_Criacao":"1986","Ato_Criacao":"DEC 93.546, de 06/11/1986","Jurisdicao":"Federal","Categoria":"PARNA","Grupo":"PI","Abrangencia_UF":"RS","Agrangencia_Mun":"Mostardas, Tavares.","Abrangencia_Fuso":"22S","dt_ini":"2013-01-01Z","dt_fim":"2029-10-30Z"}},{"type":"Feature","id":"vw_icmbio_unid_conserv.fid-5c8cc48d_196ac1ca94f_-78e5","geometry":{"type":"MultiPolygon","coordinates":[[[[-50.37946506,-29.39323649],[-50.38361187,-29.42365752],[-50.38528185,-29.42675043],[-50.38024946,-29.42727343],[-50.36778523,-29.43597618],[-50.37041295,-29.43889306],[-50.37085294,-29.44493687],[-50.37803972,-29.44651323],[-50.3821179,-29.45121801],[-50.38551941,-29.45378129],[-50.3887686,-29.45138346],[-50.39092108,-29.4499294],[-50.39136235,-29.45020833],[-50.39173968,-29.45059774],[-50.39249766,-29.45082272],[-50.39313073,-29.45077024],[-50.39798341,-29.45165041],[-50.39811571,-29.45311888],[-50.39899899,-29.45356591],[-50.40095698,-29.45418393],[-50.40260089,-29.45441285],[-50.40270646,-29.45398555],[-50.41105708,-29.44747244],[-50.41048985,-29.44708226],[-50.41043108,-29.44630665],[-50.41076072,-29.44544082],[-50.40999938,-29.44436638],[-50.40930949,-29.44331107],[-50.40883248,-29.44237926],[-50.40890924,-29.44180114],[-50.40932326,-29.44092972],[-50.4091386,-29.4400428],[-50.40813208,-29.43904146],[-50.40769405,-29.43820879],[-50.40852646,-29.43649566],[-50.40726612,-29.43392022],[-50.4065871,-29.43073563],[-50.40640954,-29.42970644],[-50.40637824,-29.42877433],[-50.40627483,-29.42761692],[-50.40635106,-29.42713522],[-50.40655958,-29.42657356],[-50.40618097,-29.42640573],[-50.40568554,-29.42457594],[-50.40619258,-29.42441204],[-50.41204333,-29.41906596],[-50.41313235,-29.41668933],[-50.41502838,-29.41697458],[-50.41707212,-29.41354986],[-50.41499938,-29.41099319],[-50.40685268,-29.41029755],[-50.40565605,-29.40778549],[-50.40534752,-29.4065753],[-50.39802613,-29.40393949],[-50.39632684,-29.40269799],[-50.39541467,-29.40179403],[-50.39056643,-29.40335176],[-50.38782431,-29.40710515],[-50.38433732,-29.40847366],[-50.38215406,-29.39202147],[-50.37946506,-29.39323649]]]]},"geometry_name":"geom","properties":{"id_unid_conserv":105,"Nome":"Floresta Nacional De São Francisco De Paula","Codigo_UC":"0000.00.0133","Ano_Criacao":"1968","Ato_Criacao":"Portaria 561, de 25/10/1968","Jurisdicao":"Federal","Categoria":"FLONA","Grupo":"US","Abrangencia_UF":"RS","Agrangencia_Mun":"São Francisco de Paula.","Abrangencia_Fuso":"22S","dt_ini":"2013-01-01Z","dt_fim":"2029-10-30Z"}},{"type":"Feature","id":"vw_icmbio_unid_conserv.fid-5c8cc48d_196ac1ca94f_-78e4","geometry":{"type":"MultiPolygon","coordinates":[[[[-55.79130758,-30.09402916],[-55.79071248,-30.09374497],[-55.79077735,-30.09345505],[-55.79169668,-30.09242127],[-55.79340948,-30.09115287],[-55.79545037,-30.09011146],[-55.79664056,-30.08970712],[-55.79723186,-30.08953161],[-55.79908196,-30.08923786],[-55.80106562,-30.08911578],[-55.803179,-30.08893649],[-55.80509015,-30.08858742],[-55.80628034,-30.08812587],[-55.80799317,-30.08725608],[-55.80851958,-30.08656561],[-55.80904221,-30.08564628],[-55.81009125,-30.08414901],[-55.81081221,-30.08294163],[-55.81119749,-30.08087407],[-55.81132719,-30.07972393],[-55.81131573,-30.07782994],[-55.81130811,-30.07639561],[-55.81103342,-30.07427272],[-55.81096093,-30.07306726],[-55.81095329,-30.07185801],[-55.81094185,-30.06944713],[-55.81086936,-30.06824167],[-55.81080069,-30.0674978],[-55.81079687,-30.06709535],[-55.8107854,-30.06439262],[-55.81077778,-30.06284576],[-55.81077013,-30.06141143],[-55.81043061,-30.0599771],[-55.80989653,-30.05854279],[-55.80962569,-30.05722289],[-55.80915648,-30.05590489],[-55.80888562,-30.05446869],[-55.80854609,-30.05309347],[-55.80807688,-30.05125669],[-55.80753901,-30.04999403],[-55.80733681,-30.04884582],[-55.80706977,-30.04815727],[-55.8065319,-30.04678206],[-55.80566594,-30.04477554],[-55.80512806,-30.04357388],[-55.80452914,-30.04254011],[-55.80379671,-30.04104855],[-55.8029956,-30.0397325],[-55.80173292,-30.03807119],[-55.80100049,-30.03686766],[-55.79973781,-30.03497938],[-55.79913889,-30.03412108],[-55.79813945,-30.03291753],[-55.79674703,-30.03177124],[-55.7958849,-30.03079847],[-55.79502278,-30.03017288],[-55.79416065,-30.02948813],[-55.79203965,-30.02754074],[-55.79091048,-30.02656991],[-55.7905786,-30.02622469],[-55.78998352,-30.02570972],[-55.78812572,-30.02410752],[-55.78746196,-30.02348],[-55.78626412,-30.02170427],[-55.78519981,-30.02032717],[-55.78466955,-30.0195833],[-55.78426901,-30.01849609],[-55.78413166,-30.01803453],[-55.78386082,-30.01660211],[-55.78379215,-30.0155092],[-55.78358613,-30.01436097],[-55.78338396,-30.01310021],[-55.78325045,-30.01263862],[-55.78231963,-30.01155335],[-55.78125532,-30.01052338],[-55.78039318,-30.00954873],[-55.7800613,-30.00926263],[-55.77986293,-30.00903567],[-55.77880244,-30.00806481],[-55.77714301,-30.00657326],[-55.77601766,-30.00577409],[-55.77515555,-30.00508745],[-55.77469013,-30.00434358],[-55.7741599,-30.00371224],[-55.77356098,-30.00268229],[-55.77316044,-30.00205095],[-55.77302691,-30.00187926],[-55.77275987,-30.00119071],[-55.77249285,-30.00079019],[-55.77034133,-29.99852426],[-55.76928845,-29.99598748],[-55.76909006,-29.99362238],[-55.76955164,-29.99206406],[-55.76975001,-29.99125916],[-55.7698835,-29.98918394],[-55.770017,-29.98664526],[-55.76994832,-29.98416761],[-55.76975373,-29.98232131],[-55.76830033,-29.98018697],[-55.76731233,-29.97885947],[-55.76625945,-29.97799735],[-55.7642796,-29.97678428],[-55.76197169,-29.97516877],[-55.76025888,-29.97453552],[-55.75808066,-29.97419031],[-55.75531116,-29.97366771],[-55.751485,-29.97314891],[-55.74831876,-29.9731451],[-55.74495799,-29.97326149],[-55.74106317,-29.97325577],[-55.73704244,-29.97360101],[-55.73301791,-29.97388711],[-55.72978684,-29.97388335],[-55.72622388,-29.97359726],[-55.72391597,-29.97290297],[-55.72200479,-29.97238227],[-55.71917044,-29.97093843],[-55.71620256,-29.96943926],[-55.71356659,-29.96839787],[-55.71132353,-29.96782185],[-55.70901562,-29.96706844],[-55.70756603,-29.96660688],[-55.70512841,-29.96573904],[-55.70341178,-29.96533469],[-55.70163413,-29.96521642],[-55.69905921,-29.96567422],[-55.69760957,-29.9659031],[-55.6951033,-29.96636661],[-55.69286026,-29.96647914],[-55.69035399,-29.96653066],[-55.68745096,-29.96600997],[-55.68541008,-29.9637612],[-55.68428854,-29.96278082],[-55.68297245,-29.9616841],[-55.68191958,-29.96093453],[-55.68033648,-29.95966423],[-55.67902039,-29.95896995],[-55.67809723,-29.95862092],[-55.67723891,-29.95833291],[-55.6761212,-29.95787133],[-55.67387813,-29.95700539],[-55.67321817,-29.95688905],[-55.67203179,-29.9567155],[-55.67144051,-29.95665446],[-55.67071571,-29.95642177],[-55.67025414,-29.95630924],[-55.6699871,-29.95625201],[-55.66965907,-29.95625011],[-55.66913261,-29.95613567],[-55.66906395,-29.95630734],[-55.66840401,-29.95636264],[-55.66794242,-29.9564809],[-55.66715277,-29.95676514],[-55.66596258,-29.95757384],[-55.66484105,-29.95838065],[-55.66371953,-29.95935722],[-55.66279636,-29.96051116],[-55.66193805,-29.96148963],[-55.66088139,-29.96263978],[-55.66015277,-29.9640207],[-55.65948902,-29.96540354],[-55.65823399,-29.96673107],[-55.65731084,-29.96759318],[-55.65632282,-29.96793843],[-55.65500292,-29.96828174],[-55.65420947,-29.96851255],[-55.65249664,-29.96891501],[-55.65064651,-29.96908668],[-55.64867049,-29.9691954],[-55.64715223,-29.96937089],[-55.64570262,-29.9697123],[-55.64418437,-29.96993929],[-55.6424029,-29.97034175],[-55.63976312,-29.97080144],[-55.63639853,-29.97183522],[-55.63375873,-29.97223198],[-55.63145083,-29.97349847],[-55.6301958,-29.97447886],[-55.62873858,-29.97649302],[-55.62741869,-29.97868075],[-55.62635822,-29.98046604],[-55.62549991,-29.98133199],[-55.62457295,-29.98282928],[-55.62397788,-29.98479003],[-55.62311576,-29.98628727],[-55.62192555,-29.98795815],[-55.62146397,-29.98858949],[-55.61987706,-29.99008486],[-55.61868687,-29.99141237],[-55.61782857,-29.99285053],[-55.61531467,-29.99561238],[-55.61478824,-29.99647833],[-55.61425799,-29.99711347],[-55.61392611,-29.99757504],[-55.61326616,-29.9989579],[-55.61260243,-30.00005081],[-55.6124689,-30.00039608],[-55.6124689,-30.00062683],[-55.6124689,-30.00085762],[-55.61246891,-30.00097014],[-55.61291904,-30.00148896],[-55.61292287,-30.00257996],[-55.61292669,-30.00367287],[-55.61273215,-30.00510911],[-55.6125376,-30.006141],[-55.6122744,-30.00631455],[-55.61135123,-30.00729303],[-55.60905098,-30.01022273],[-55.60747169,-30.0124677],[-55.60609077,-30.01413473],[-55.60523628,-30.01528487],[-55.60510657,-30.01545654],[-55.60484335,-30.01574646],[-55.60424824,-30.01632249],[-55.60385536,-30.016723],[-55.60266897,-30.01792847],[-55.60174582,-30.01856552],[-55.60022756,-30.01816499],[-55.59877415,-30.01845683],[-55.59811419,-30.01874296],[-55.5979845,-30.01885928],[-55.59785097,-30.01897372],[-55.59713001,-30.02006283],[-55.59653874,-30.02121677],[-55.5957491,-30.02282277],[-55.59529133,-30.02391378],[-55.59476873,-30.02540723],[-55.59391424,-30.02701705],[-55.59259434,-30.02770752],[-55.5902216,-30.02937837],[-55.58752078,-30.03179501],[-55.58541124,-30.03329228],[-55.58389681,-30.03426885],[-55.58277528,-30.0351901],[-55.58145921,-30.03656912],[-55.58007829,-30.03858139],[-55.57935729,-30.040422],[-55.57817094,-30.04156835],[-55.57672136,-30.04295307],[-55.57481019,-30.04433018],[-55.57408538,-30.04507976],[-55.57257096,-30.04668768],[-55.57210935,-30.04726559],[-55.57099167,-30.04875906],[-55.56954591,-30.05140075],[-55.56895461,-30.05237732],[-55.56895461,-30.05254898],[-55.56888977,-30.05277977],[-55.56875626,-30.05301248],[-55.56822984,-30.05427515],[-55.56737535,-30.05588495],[-55.56678408,-30.05726396],[-55.5660631,-30.05864109],[-55.56553667,-30.05961766],[-55.56501025,-30.06076778],[-55.56462115,-30.06266179],[-55.56475471,-30.06409803],[-55.56541845,-30.06530156],[-55.56621572,-30.06639256],[-55.56694435,-30.06776777],[-55.56707786,-30.06822934],[-55.56708553,-30.07006612],[-55.56636453,-30.07253427],[-55.56537654,-30.07391327],[-55.56511713,-30.07534951],[-55.56472041,-30.07603997],[-55.5639994,-30.07741708],[-55.56354169,-30.07925768],[-55.56354547,-30.08057567],[-55.56348065,-30.08195468],[-55.56282454,-30.08368082],[-55.56210357,-30.08603261],[-55.56203872,-30.08620616],[-55.56164963,-30.08821461],[-55.56132157,-30.08959172],[-55.56105836,-30.09068465],[-55.55974229,-30.09309744],[-55.55935319,-30.09493422],[-55.55896027,-30.09648681],[-55.55863222,-30.09752061],[-55.55823932,-30.09895494],[-55.55791126,-30.09987619],[-55.55738484,-30.1012552],[-55.55679357,-30.10240535],[-55.55626711,-30.10326557],[-55.55547749,-30.10401326],[-55.55468785,-30.10533696],[-55.55389438,-30.10642796],[-55.55356633,-30.10746175],[-55.55297506,-30.1086119],[-55.55257831,-30.1089533],[-55.55139194,-30.11004621],[-55.55080067,-30.11085114],[-55.55033908,-30.11125359],[-55.54981265,-30.11223015],[-55.54863011,-30.11447321],[-55.54856525,-30.11544595],[-55.54943121,-30.11785685],[-55.54949988,-30.11894978],[-55.54963342,-30.12026774],[-55.55056422,-30.12193476],[-55.55162471,-30.12302385],[-55.55255169,-30.12382304],[-55.55268522,-30.1242274],[-55.55374571,-30.12629114],[-55.55401277,-30.12652003],[-55.55423019,-30.12675463],[-55.55368469,-30.12692248],[-55.55255935,-30.12732492],[-55.55176588,-30.12773121],[-55.55071304,-30.12818898],[-55.54945801,-30.12922658],[-55.54846617,-30.12985979],[-55.54754301,-30.13037672],[-55.54510158,-30.13152876],[-55.54344981,-30.13238899],[-55.54193156,-30.13308136],[-55.54107325,-30.13342852],[-55.53981821,-30.13423533],[-55.53829994,-30.13486854],[-55.53684654,-30.13573068],[-55.53552666,-30.1362495],[-55.53446998,-30.13688276],[-55.53308141,-30.13751602],[-55.53149832,-30.13803482],[-55.53083454,-30.13838004],[-55.5301746,-30.13866615],[-55.52971301,-30.13889502],[-55.52911792,-30.13901139],[-55.52872119,-30.13918686],[-55.52793154,-30.13929941],[-55.52687106,-30.13964845],[-55.52634463,-30.13970566],[-55.5262111,-30.13982203],[-55.52601275,-30.14010814],[-55.52555114,-30.14039615],[-55.52449448,-30.14120105],[-55.5237697,-30.14200404],[-55.52298006,-30.14269451],[-55.52244981,-30.14304166],[-55.52145798,-30.14281277],[-55.52073318,-30.14309888],[-55.5204013,-30.1433888],[-55.52034028,-30.14476397],[-55.52040513,-30.14568335],[-55.52053864,-30.1458569],[-55.52027543,-30.14660268],[-55.51968415,-30.1473504],[-55.51921877,-30.14763839],[-55.51836423,-30.14826972],[-55.51776916,-30.14855582],[-55.51730759,-30.1490155],[-55.51710922,-30.14936075],[-55.51677735,-30.14947707],[-55.51664764,-30.14987763],[-55.51664764,-30.15079888],[-55.5165828,-30.15159998],[-55.51658663,-30.15257463],[-55.51659045,-30.154358],[-55.51659428,-30.15642366],[-55.51659429,-30.15688336],[-55.51659808,-30.15728579],[-55.51639974,-30.15826235],[-55.5163349,-30.15872203],[-55.51613653,-30.15894902],[-55.51587331,-30.15929424],[-55.51521338,-30.16009914],[-55.51435507,-30.16107568],[-55.51363027,-30.16228117],[-55.51350056,-30.16291249],[-55.51369894,-30.16388906],[-55.51396598,-30.16457761],[-55.51403464,-30.16515172],[-55.51416815,-30.16584218],[-55.51416816,-30.16647544],[-55.51416816,-30.16664519],[-55.51417198,-30.16785063],[-55.51417581,-30.16882528],[-55.51430929,-30.16963018],[-55.5143093,-30.17008986],[-55.51398126,-30.17083564],[-55.51325266,-30.17135444],[-55.51285594,-30.17169778],[-55.51199761,-30.17187324],[-55.51153604,-30.17198959],[-55.51074257,-30.1722204],[-55.50955238,-30.17250841],[-55.50875891,-30.17250842],[-55.50783194,-30.17262477],[-55.50697362,-30.17268198],[-55.50591694,-30.17285556],[-55.50479162,-30.17337436],[-55.50466191,-30.17354411],[-55.50419652,-30.1740038],[-55.50367009,-30.17440816],[-55.50327335,-30.17481061],[-55.50261341,-30.17538472],[-55.50221669,-30.17555639],[-55.50195347,-30.17567083],[-55.50169026,-30.17584252],[-55.50116,-30.17584632],[-55.50003848,-30.17699264],[-55.49977144,-30.17699453],[-55.49904666,-30.17705367],[-55.49864992,-30.17728255],[-55.4983867,-30.17797112],[-55.49832569,-30.18015313],[-55.4983257,-30.18147493],[-55.49832954,-30.18233704],[-55.49826466,-30.1838286],[-55.49800527,-30.18572068],[-55.49747885,-30.18761851],[-55.49681892,-30.18905476],[-55.4967579,-30.19071987],[-55.49636499,-30.19301631],[-55.49590341,-30.19508008],[-55.49551051,-30.19600133],[-55.49511379,-30.19686346],[-55.49438899,-30.19772559],[-55.49326746,-30.19870025],[-55.49280588,-30.19939071],[-55.49234432,-30.20071061],[-55.49234815,-30.20289452],[-55.4925503,-30.20461498],[-55.49347731,-30.20610649],[-55.49460649,-30.20776972],[-55.49506808,-30.20834383],[-55.49553347,-30.20943674],[-55.49580051,-30.20972284],[-55.49586535,-30.2099498],[-55.49580434,-30.21196207],[-55.49554113,-30.21293673],[-55.49461795,-30.2141994],[-55.4941564,-30.21557841],[-55.49362997,-30.2168449],[-55.49330191,-30.21770323],[-55.49316838,-30.21781765],[-55.49284033,-30.21885144],[-55.49250845,-30.21937215],[-55.49171881,-30.22034681],[-55.49112372,-30.22132337],[-55.49059729,-30.22235908],[-55.49053245,-30.22430648],[-55.49053628,-30.2256874],[-55.49060495,-30.22689286],[-55.49067364,-30.22798004],[-55.49074229,-30.22918548],[-55.49067745,-30.23022309],[-55.49061259,-30.2313675],[-55.49061259,-30.23246041],[-55.49074995,-30.23355332],[-55.49141371,-30.23429719],[-55.49194399,-30.23498381],[-55.49234069,-30.23556176],[-55.49267257,-30.23579064],[-55.49287095,-30.23687975],[-55.49289768,-30.2370743],[-55.49214615,-30.23751298],[-55.49095596,-30.23825686],[-55.48989928,-30.23894735],[-55.48765243,-30.24027103],[-55.48507368,-30.24176642],[-55.48388349,-30.24245689],[-55.48137341,-30.24526833],[-55.47846661,-30.24854707],[-55.47760448,-30.24923563],[-55.47635325,-30.25061467],[-55.47489985,-30.25256587],[-55.47258815,-30.25653128],[-55.47094023,-30.25957544],[-55.46935329,-30.26095446],[-55.46836148,-30.26221522],[-55.46750318,-30.26382504],[-55.46670972,-30.26520596],[-55.46585523,-30.26767216],[-55.46565687,-30.26836072],[-55.46420347,-30.27094519],[-55.46367705,-30.27261413],[-55.46328416,-30.27537025],[-55.46328797,-30.27817978],[-55.46395556,-30.28047623],[-55.46448582,-30.28174081],[-55.4648177,-30.28277269],[-55.46528311,-30.28351847],[-55.46574851,-30.28460565],[-55.46641227,-30.28598466],[-55.46694253,-30.28730456],[-55.46773983,-30.28925768],[-55.46807937,-30.2928721],[-55.46821671,-30.29574266],[-55.46894915,-30.29901759],[-55.46915135,-30.30096883],[-55.46928487,-30.30343693],[-55.46909032,-30.30412548],[-55.4685639,-30.30682058],[-55.46790397,-30.30894728],[-55.46737372,-30.30969498],[-55.46691214,-30.31038353],[-55.46645058,-30.31141539],[-55.46598899,-30.31222223],[-55.46532908,-30.31291078],[-55.46460044,-30.31394264],[-55.46407021,-30.31451867],[-55.46301353,-30.3154361],[-55.46235359,-30.31618568],[-55.46175847,-30.31664348],[-55.46122825,-30.3172195],[-55.45990453,-30.31819607],[-55.45904622,-30.31882742],[-55.45811925,-30.31951598],[-55.45732581,-30.32020453],[-55.45600209,-30.32060889],[-55.45394977,-30.32170372],[-55.45196232,-30.3235386],[-55.44971546,-30.32561],[-55.44958193,-30.32612309],[-55.44812853,-30.32836614],[-55.44687351,-30.33123861],[-55.44542394,-30.33537186],[-55.44436727,-30.33778085],[-55.44337546,-30.3400792],[-55.44165503,-30.34214677],[-55.43973622,-30.34427158],[-55.43828283,-30.34656804],[-55.43716131,-30.34920782],[-55.43656623,-30.35253807],[-55.43498317,-30.35856913],[-55.43459025,-30.36006258],[-55.43439188,-30.36046121],[-55.43352978,-30.36230182],[-55.43253795,-30.36431027],[-55.4318132,-30.36597539],[-55.43121809,-30.36764242],[-55.42989438,-30.36965089],[-55.42876904,-30.3713694],[-55.42810911,-30.37315278],[-55.42731565,-30.3748179],[-55.42698757,-30.37636476],[-55.42646118,-30.37877757],[-55.42559906,-30.38112933],[-55.42447754,-30.38388738],[-55.42368411,-30.38520726],[-55.42236039,-30.38653098],[-55.42076967,-30.38825333],[-55.41951082,-30.38945686],[-55.41865251,-30.39089504],[-55.41766068,-30.3921596],[-55.4173288,-30.39261546],[-55.4171953,-30.3927299],[-55.41673371,-30.3932487],[-55.4139528,-30.39606205],[-55.4116983,-30.39847487],[-55.40964598,-30.40036696],[-55.40633482,-30.40381357],[-55.40368742,-30.40714572],[-55.40123839,-30.40995908],[-55.3989839,-30.41174057],[-55.39606946,-30.41385965],[-55.39414683,-30.41558201],[-55.39229289,-30.41730625],[-55.39182751,-30.41788227],[-55.3917741,-30.41811115],[-55.39057247,-30.42097982],[-55.38838666,-30.42453898],[-55.38692944,-30.42712341],[-55.38547223,-30.42884576],[-55.38421338,-30.43016567],[-55.38275616,-30.4316],[-55.38156215,-30.4324602],[-55.37937633,-30.43412535],[-55.37765207,-30.43515913],[-55.37592784,-30.43631121],[-55.37353982,-30.43728394],[-55.36949621,-30.43895098],[-55.36750875,-30.43969868],[-55.36571965,-30.44038342],[-55.36525424,-30.44049977],[-55.3639954,-30.44227935],[-55.36260304,-30.44325401],[-55.36094745,-30.44463112],[-55.35961994,-30.44583848],[-55.35895616,-30.44670061],[-55.35776216,-30.44790225],[-55.35590822,-30.4499145],[-55.35471421,-30.45111615],[-55.35438234,-30.4515186],[-55.35424883,-30.45163495],[-55.35345537,-30.45301396],[-55.35272677,-30.45438918],[-55.35226137,-30.45502051],[-55.35113603,-30.45743332],[-55.3500069,-30.45943986],[-55.34987719,-30.45961344],[-55.35053716,-30.46047366],[-55.3504723,-30.46179544],[-55.3504723,-30.46248017],[-55.35047231,-30.46282921],[-55.35027396,-30.46334419],[-55.35027396,-30.46385921],[-55.35027396,-30.46425975],[-55.35027397,-30.46477854],[-55.35027397,-30.46518099],[-55.35027397,-30.46540984],[-55.35040748,-30.46621478],[-55.35080803,-30.46696052],[-55.35100641,-30.46782076],[-55.35140314,-30.46908342],[-55.35233394,-30.47098125],[-55.35326092,-30.47207034],[-55.35379118,-30.47258722],[-55.35458847,-30.47350467],[-55.35538574,-30.47413598],[-55.35624788,-30.47511257],[-55.35677816,-30.47568857],[-55.35730836,-30.47603381],[-55.35797215,-30.47654687],[-55.35923483,-30.4776951],[-55.36009696,-30.47832835],[-55.36095908,-30.47913324],[-55.36235147,-30.48004877],[-55.36460598,-30.48033866],[-55.36646376,-30.48120078],[-55.36805832,-30.48188742],[-55.36951936,-30.48240241],[-55.3709117,-30.48257787],[-55.3727695,-30.48257786],[-55.37542071,-30.48246341],[-55.37681312,-30.4819427],[-55.37907142,-30.48137048],[-55.38013191,-30.48114161],[-55.38059731,-30.48091271],[-55.38139078,-30.48068192],[-55.38318365,-30.47987893],[-55.3846409,-30.47924758],[-55.38623164,-30.47884321],[-55.38696408,-30.47849987],[-55.38749435,-30.47832632],[-55.38875318,-30.47815658],[-55.38988233,-30.47798107],[-55.39220169,-30.47872875],[-55.39399462,-30.47884511],[-55.39624911,-30.4789004],[-55.39744312,-30.47901867],[-55.39870579,-30.47901482],[-55.4004949,-30.47901482],[-55.40242133,-30.47924559],[-55.40500773,-30.47912923],[-55.40606822,-30.4803919],[-55.40680067,-30.48211424],[-55.40686934,-30.48366301],[-55.40660232,-30.4857878],[-55.4060759,-30.48756927],[-55.40435167,-30.4898066],[-55.40329118,-30.49181505],[-55.40223068,-30.49290796],[-55.40090317,-30.49399706],[-55.39977783,-30.49577855],[-55.39865251,-30.49801588],[-55.39785523,-30.49927855],[-55.39712664,-30.50042869],[-55.39706177,-30.50065756],[-55.39699693,-30.50151778],[-55.39699694,-30.50324204],[-55.3969321,-30.50341179],[-55.39673373,-30.50456],[-55.3964667,-30.50536492],[-55.39600514,-30.50657227],[-55.39534137,-30.50771859],[-55.39414736,-30.50875048],[-55.39255663,-30.5101295],[-55.39023729,-30.51288372],[-55.38738389,-30.51454885],[-55.38585801,-30.5151802],[-55.38360352,-30.51598702],[-55.38227596,-30.51644479],[-55.38054792,-30.51690448],[-55.37856044,-30.5171925],[-55.37729777,-30.51741947],[-55.37557353,-30.51782192],[-55.3747114,-30.51805082],[-55.37378061,-30.51845328],[-55.37285364,-30.51885764],[-55.37231957,-30.51931541],[-55.37199151,-30.51954619],[-55.37199151,-30.51971786],[-55.37199152,-30.52172438],[-55.37218988,-30.52287261],[-55.37272396,-30.52413909],[-55.37365092,-30.52551619],[-55.37458174,-30.52660721],[-55.37584445,-30.52798431],[-55.37643952,-30.52861374],[-55.37664172,-30.52964942],[-55.37763738,-30.53280609],[-55.37810277,-30.53412596],[-55.37836981,-30.53578919],[-55.37836982,-30.5374524],[-55.37790827,-30.53935021],[-55.37770605,-30.53975075],[-55.37730936,-30.54118317],[-55.37677911,-30.54210253],[-55.37531808,-30.54359599],[-55.37399439,-30.5449178],[-55.37140418,-30.54692435],[-55.36948158,-30.54859329],[-55.36841728,-30.54968048],[-55.36768869,-30.55083062],[-55.36742545,-30.55105759],[-55.3673568,-30.5529516],[-55.36735681,-30.55427338],[-55.36736063,-30.55605487],[-55.36755902,-30.55874996],[-55.36762772,-30.56012706],[-55.36762773,-30.56156139],[-55.36762773,-30.56259898],[-55.36776122,-30.56305675],[-55.36795959,-30.56403331],[-55.36836014,-30.5651205],[-55.3688904,-30.56598453],[-55.37021792,-30.56695727],[-55.37167897,-30.56707554],[-55.37280814,-30.56713465],[-55.37433403,-30.5670183],[-55.37553183,-30.5670183],[-55.37672585,-30.56701638],[-55.37732476,-30.56753326],[-55.37878582,-30.5686834],[-55.38011334,-30.57017493],[-55.38117765,-30.57120872],[-55.38230682,-30.57241224],[-55.38316896,-30.57304549],[-55.38469867,-30.57453512],[-55.38575916,-30.57539724],[-55.38642292,-30.57579778],[-55.38735372,-30.57620216],[-55.38874992,-30.57671903],[-55.39047798,-30.5769479],[-55.39260279,-30.57677622],[-55.39446056,-30.57677622],[-55.39558972,-30.57677812],[-55.39671889,-30.57717488],[-55.3983783,-30.57797975],[-55.39950747,-30.57838219],[-55.39964097,-30.57849663],[-55.40057177,-30.5794141],[-55.40316198,-30.58211297],[-55.40475657,-30.5843522],[-55.40601925,-30.58561102],[-55.40715221,-30.58647314],[-55.40821272,-30.58727615],[-55.40894515,-30.58802574],[-55.4100743,-30.58876959],[-55.41034133,-30.58917015],[-55.41106999,-30.58974615],[-55.41180239,-30.59077994],[-55.41293154,-30.5920426],[-55.41386237,-30.59353416],[-55.41492668,-30.5950276],[-55.41565911,-30.5964028],[-55.41692561,-30.59841124],[-55.41765424,-30.59984557],[-55.41858884,-30.60151259],[-55.41978666,-30.60432402],[-55.41998506,-30.60455289],[-55.42051912,-30.60604827],[-55.42124775,-30.60748258],[-55.42238073,-30.60971992],[-55.42297965,-30.61098067],[-55.42304832,-30.61241692],[-55.42225106,-30.61419838],[-55.42059548,-30.61758394],[-55.41959987,-30.62142918],[-55.41920696,-30.62556433],[-55.4188789,-30.63015721],[-55.41881409,-30.63170409],[-55.41908114,-30.63428663],[-55.4194817,-30.63687301],[-55.41948553,-30.63985993],[-55.41975259,-30.64329885],[-55.41988992,-30.64513756],[-55.42008828,-30.64662912],[-55.42022181,-30.64674356],[-55.42048887,-30.64972857],[-55.42088942,-30.65162256],[-55.42135863,-30.65386179],[-55.42189272,-30.65616015],[-55.42202621,-30.65834024],[-55.42216358,-30.6616705],[-55.42183171,-30.66379148],[-55.4213015,-30.66586095],[-55.42057288,-30.66735249],[-55.41951241,-30.66953261],[-55.41818488,-30.67148766],[-55.41678871,-30.67263398],[-55.41572821,-30.67378029],[-55.4147326,-30.67504489],[-55.41346992,-30.67711437],[-55.41267266,-30.67872037],[-55.41194404,-30.68027105],[-55.41134514,-30.68187894],[-55.41108194,-30.68428984],[-55.41108194,-30.68578329],[-55.41168086,-30.68624103],[-55.41327923,-30.68635549],[-55.41487379,-30.68629827],[-55.41573592,-30.68601026],[-55.41680021,-30.6856078],[-55.41812775,-30.68491734],[-55.41985581,-30.68422878],[-55.42145035,-30.68336855],[-55.4232471,-30.6829661],[-55.42523837,-30.68285163],[-55.42736702,-30.68284971],[-55.43162425,-30.68434125],[-55.43368419,-30.68462735],[-55.43561442,-30.68479901],[-55.43740737,-30.684799],[-55.43913545,-30.6840513],[-55.44006623,-30.6832464],[-55.44126022,-30.68267037],[-55.44438447,-30.68135046],[-55.44597905,-30.68094991],[-55.44810382,-30.68031667],[-55.45029729,-30.67968341],[-55.45242591,-30.67893762],[-55.45448587,-30.67910737],[-55.4573431,-30.6794526],[-55.457675,-30.67945069],[-55.45873928,-30.67973488],[-55.45900631,-30.67973678],[-55.45954039,-30.68002288],[-55.46093657,-30.68093842],[-55.46113495,-30.68105285],[-55.4629317,-30.68289154],[-55.46446522,-30.68484084],[-55.46546086,-30.68564191],[-55.46692573,-30.68650404],[-55.46898949,-30.68730701],[-55.47178188,-30.68822445],[-55.47344512,-30.6883942],[-55.47577212,-30.68879473],[-55.47790072,-30.68919526],[-55.48042607,-30.68982469],[-55.4826882,-30.69033774],[-55.48388603,-30.69079742],[-55.48454979,-30.69108543],[-55.48514871,-30.69125518],[-55.48534706,-30.69136962],[-55.48574763,-30.69142875],[-55.48621299,-30.69148405],[-55.48687677,-30.69160039],[-55.48754437,-30.6918884],[-55.48860868,-30.69228705],[-55.4893411,-30.69257124],[-55.49033674,-30.69285925],[-55.49233183,-30.69320255],[-55.49432695,-30.69320254],[-55.49672259,-30.69359928],[-55.49851934,-30.69445946],[-55.49945013,-30.69486382],[-55.49978201,-30.69497446],[-55.49991552,-30.69508889],[-55.50078147,-30.69543413],[-55.5029101,-30.69652321],[-55.50450848,-30.69766953],[-55.50610686,-30.69967608],[-55.50737337,-30.70174362],[-55.50777774,-30.70386841],[-55.50884205,-30.70587495],[-55.5095783,-30.70725011],[-55.51037939,-30.70874358],[-55.51230965,-30.71126891],[-55.51277889,-30.7120681],[-55.51337781,-30.71344711],[-55.5141789,-30.71453811],[-55.51497999,-30.71597244],[-55.51544923,-30.71723319],[-55.51631516,-30.7191272],[-55.51711628,-30.72062065],[-55.5180509,-30.72262527],[-55.51938607,-30.72469283],[-55.52038935,-30.72687485],[-55.5207899,-30.72819284],[-55.52152233,-30.72951271],[-55.52219374,-30.73134758],[-55.52312454,-30.73266747],[-55.52419265,-30.73433067],[-55.52645863,-30.73651271],[-55.52872459,-30.73805763],[-55.53045647,-30.73931838],[-55.53232188,-30.74057913],[-55.5338516,-30.74172544],[-55.53531647,-30.74247313],[-55.53658294,-30.74315785],[-55.53904727,-30.74459027],[-55.54170995,-30.74619435],[-55.54357539,-30.74734254],[-55.54470835,-30.74791475],[-55.5461732,-30.74888751],[-55.5467073,-30.74934523],[-55.54924027,-30.7516417],[-55.55210132,-30.75261253],[-55.55330295,-30.75387519],[-55.55490133,-30.75530569],[-55.55577108,-30.7558779],[-55.55870083,-30.75828878],[-55.56057004,-30.7602362],[-55.56277116,-30.76252881],[-55.56543383,-30.76350156],[-55.56683386,-30.76476231],[-55.56703603,-30.76487673],[-55.56716956,-30.76499119],[-55.56723441,-30.76528111],[-55.56783715,-30.76625194],[-55.56856957,-30.76746122],[-55.56930582,-30.76877727],[-55.5699734,-30.7699255],[-55.57064099,-30.77118627],[-55.5714459,-30.77250423],[-55.57251403,-30.77480258],[-55.57318544,-30.77732793],[-55.573792,-30.77956334],[-55.57559638,-30.7827181],[-55.57686671,-30.78558674],[-55.57787382,-30.78903143],[-55.57827819,-30.79103799],[-55.57841552,-30.79241509],[-55.57841553,-30.79379219],[-55.57828965,-30.79563086],[-55.57809511,-30.79821343],[-55.57810276,-30.8008532],[-55.57810277,-30.80171532],[-55.57810277,-30.80189078],[-55.57837363,-30.80361122],[-55.57857581,-30.80487198],[-55.57885049,-30.80699677],[-55.5791862,-30.80860086],[-55.57932353,-30.81009622],[-55.5793922,-30.81084009],[-55.57965924,-30.81175945],[-55.57979657,-30.81307932],[-55.58006362,-30.81445642],[-55.58020094,-30.81508967],[-55.58060149,-30.81646678],[-55.58087235,-30.81743952],[-55.58100969,-30.81910463],[-55.58108218,-30.82105967],[-55.58108218,-30.82203433],[-55.58008656,-30.82358312],[-55.57956013,-30.82479047],[-55.57916339,-30.82571174],[-55.57869801,-30.82691527],[-55.57830129,-30.82766485],[-55.57803426,-30.82817985],[-55.5779694,-30.82904198],[-55.57790838,-30.83087685],[-55.57817924,-30.83191253],[-55.57864846,-30.8340335],[-55.57866371,-30.83417846],[-55.58592701,-30.84177352],[-55.61370204,-30.84419764],[-55.62896479,-30.84916431],[-55.64302588,-30.85149123],[-55.65804834,-30.86305736],[-55.65818184,-30.86305736],[-55.65937587,-30.86196444],[-55.66096657,-30.86012384],[-55.66242378,-30.85765191],[-55.66361779,-30.85621757],[-55.66520853,-30.85380094],[-55.66673441,-30.85224834],[-55.66806192,-30.85092656],[-55.66945809,-30.84966006],[-55.66978997,-30.84954563],[-55.67051859,-30.84856524],[-55.67277689,-30.84660828],[-55.67304393,-30.84632218],[-55.67316981,-30.84431182],[-55.67336053,-30.84195815],[-55.67335288,-30.83926115],[-55.67327656,-30.83639058],[-55.67252884,-30.83249003],[-55.67178497,-30.82921512],[-55.67077787,-30.82692251],[-55.66996913,-30.82348164],[-55.67016369,-30.82170204],[-55.67141869,-30.81945903],[-55.67287973,-30.81767372],[-55.67460016,-30.81526093],[-55.67585901,-30.8136492],[-55.67705301,-30.8123255],[-55.6783767,-30.81031323],[-55.67903665,-30.80859279],[-55.67956305,-30.80646991],[-55.67989112,-30.80491543],[-55.68028402,-30.80330941],[-55.68054723,-30.80238818],[-55.68087529,-30.80129907],[-55.68107363,-30.80112551],[-55.68107363,-30.80089471],[-55.68107363,-30.8006067],[-55.68120336,-30.80031868],[-55.68173741,-30.80032059],[-55.68293524,-30.80031868],[-55.68453361,-30.80054184],[-55.6900535,-30.79938024],[-55.69297941,-30.79857151],[-55.69630201,-30.79712953],[-55.69736251,-30.79592218],[-55.69862521,-30.795514],[-55.69895706,-30.7952298],[-55.69982301,-30.79448022],[-55.70048294,-30.79396331],[-55.70154724,-30.79309927],[-55.70314179,-30.79200444],[-55.70533145,-30.79056058],[-55.70639193,-30.78998455],[-55.706926,-30.78958401],[-55.70845188,-30.7891205],[-55.71051182,-30.78814014],[-55.71197668,-30.78761749],[-55.71310587,-30.78721504],[-55.71523062,-30.78606298],[-55.71629494,-30.78571201],[-55.71755379,-30.7848499],[-55.719217,-30.78427005],[-55.72167368,-30.78294635],[-55.72426006,-30.78064417],[-55.72572108,-30.77965996],[-55.7263162,-30.77931472],[-55.7264497,-30.77914496],[-55.72665187,-30.77914307],[-55.72778103,-30.77867957],[-55.72850963,-30.77827712],[-55.72977233,-30.77758475],[-55.73109984,-30.77654713],[-55.73342298,-30.77516238],[-55.73647476,-30.77354875],[-55.73800446,-30.77290979],[-55.74039629,-30.77164329],[-55.7426546,-30.77071822],[-55.74424533,-30.76968251],[-55.74630528,-30.76835308],[-55.7486933,-30.76702747],[-55.75207694,-30.76477677],[-55.75327095,-30.76374297],[-55.75459464,-30.76241927],[-55.75618539,-30.76080563],[-55.75770745,-30.75919774],[-55.7594317,-30.75746777],[-55.76075539,-30.7560277],[-55.76194942,-30.75493288],[-55.76280771,-30.7539544],[-55.76406273,-30.75194404],[-55.76505839,-30.75067755],[-55.76645074,-30.74958082],[-55.76790796,-30.74843069],[-55.76983057,-30.74727673],[-55.77168833,-30.74612088],[-55.77348125,-30.74502794],[-55.77500713,-30.74393311],[-55.77639954,-30.74300804],[-55.77699461,-30.74248922],[-55.77732649,-30.74243011],[-55.77745997,-30.74231758],[-55.77865018,-30.74110641],[-55.78050796,-30.73926582],[-55.78249541,-30.73794019],[-55.7844867,-30.73655544],[-55.78607361,-30.7351726],[-55.78640548,-30.73453935],[-55.78792755,-30.73292382],[-55.78991119,-30.7304538],[-55.7925586,-30.72751455],[-55.79408066,-30.72624615],[-55.79567141,-30.72486713],[-55.79640001,-30.72428728],[-55.79679675,-30.7237723],[-55.79825395,-30.72250581],[-55.79871936,-30.72204422],[-55.79984088,-30.72071862],[-55.80182832,-30.71853279],[-55.80281634,-30.71715186],[-55.80440706,-30.71519491],[-55.80559343,-30.71352215],[-55.80625341,-30.71231478],[-55.80697816,-30.71110934],[-55.80763812,-30.71001452],[-55.80862991,-30.70869271],[-55.80928986,-30.70776955],[-55.81034654,-30.70644777],[-55.81107514,-30.70552459],[-55.81213182,-30.70437447],[-55.8131885,-30.70281996],[-55.81325716,-30.70264832],[-55.8140468,-30.70144283],[-55.81451219,-30.70120823],[-55.8155002,-30.69965564],[-55.81582826,-30.69867907],[-55.81655306,-30.69701205],[-55.81688111,-30.69620715],[-55.81740754,-30.69494066],[-55.81759826,-30.69310579],[-55.81759062,-30.69161234],[-55.81764402,-30.68960198],[-55.81763637,-30.68799598],[-55.81763257,-30.68719108],[-55.81762492,-30.68506631],[-55.81741511,-30.68357666],[-55.8173388,-30.68162162],[-55.81706412,-30.67984205],[-55.81692678,-30.67835242],[-55.81671697,-30.67663198],[-55.81664066,-30.6747952],[-55.81663301,-30.67301183],[-55.8168924,-30.67163473],[-55.81807879,-30.67008022],[-55.81946732,-30.66812518],[-55.82019212,-30.66726114],[-55.82072237,-30.66645436],[-55.82164934,-30.66553309],[-55.82264113,-30.66466714],[-55.8237665,-30.66357613],[-55.82509022,-30.66253658],[-55.82541827,-30.66224668],[-55.82627658,-30.66109465],[-55.82647495,-30.66063688],[-55.82726457,-30.65879821],[-55.82726077,-30.65787885],[-55.82824876,-30.65643879],[-55.82890488,-30.6551723],[-55.82923677,-30.65442649],[-55.82962967,-30.65356441],[-55.82995773,-30.65247148],[-55.83048036,-30.65074724],[-55.83087326,-30.64965624],[-55.83113265,-30.64844889],[-55.8313272,-30.64752953],[-55.83185362,-30.64637939],[-55.83231521,-30.64574805],[-55.83264709,-30.64551535],[-55.83271193,-30.6453456],[-55.83310483,-30.64436521],[-55.8333032,-30.64425077],[-55.83356642,-30.64356222],[-55.83395934,-30.64270009],[-55.83402418,-30.64252845],[-55.83441708,-30.64126387],[-55.83441328,-30.64063253],[-55.83440945,-30.63936988],[-55.83439797,-30.63764558],[-55.83438654,-30.63512027],[-55.8343789,-30.63339604],[-55.83483666,-30.63219058],[-55.83575979,-30.63086497],[-55.83688133,-30.62902437],[-55.8374726,-30.62793336],[-55.83786934,-30.62735543],[-55.83865897,-30.62631972],[-55.83918539,-30.6251696],[-55.84017725,-30.62413199],[-55.84083717,-30.62338432],[-55.84169547,-30.62246305],[-55.84288566,-30.62148457],[-55.84381263,-30.62032872],[-55.8447358,-30.61900691],[-55.84552542,-30.6176279],[-55.84637993,-30.61607533],[-55.84769598,-30.61388566],[-55.84848944,-30.61262108],[-55.85000769,-30.61118101],[-55.85165946,-30.60922406],[-55.85264748,-30.60807394],[-55.85310524,-30.60663385],[-55.85402839,-30.60508128],[-55.85475317,-30.60387394],[-55.85547797,-30.60318156],[-55.8556115,-30.60289355],[-55.85560768,-30.60260554],[-55.85572971,-30.60024996],[-55.85618366,-30.59835595],[-55.85703434,-30.59588593],[-55.85768663,-30.59358565],[-55.85860216,-30.5908238],[-55.85878904,-30.5886418],[-55.85937272,-30.58645977],[-55.85969693,-30.58473363],[-55.86008605,-30.58324016],[-55.8610626,-30.57973444],[-55.86204679,-30.57720719],[-55.8623672,-30.57502137],[-55.86275248,-30.57266961],[-55.86287454,-30.57094345],[-55.86313011,-30.56899223],[-55.86325982,-30.56830367],[-55.86332466,-30.56807287],[-55.8637786,-30.56611976],[-55.86449194,-30.56284673],[-55.86520909,-30.56060177],[-55.86586141,-30.55818896],[-55.86625431,-30.55738406],[-55.86671207,-30.55606226],[-55.86710117,-30.55427888],[-55.86762378,-30.55312874],[-55.86801668,-30.5516925],[-55.86834093,-30.5505462],[-55.86853166,-30.54927971],[-55.86892456,-30.54801514],[-55.86918013,-30.54606392],[-55.87009566,-30.54393339],[-55.87035505,-30.54255438],[-55.87061062,-30.54043149],[-55.87073651,-30.53956745],[-55.87093106,-30.53876637],[-55.87099208,-30.53750371],[-55.87118281,-30.53612467],[-55.87150324,-30.53433939],[-55.87156426,-30.53313586],[-55.87175499,-30.53158518],[-55.87181221,-30.53014703],[-55.87193427,-30.52825304],[-55.87212118,-30.52589935],[-55.87230808,-30.52377264],[-55.87237293,-30.52360098],[-55.87243397,-30.52274078],[-55.87248737,-30.52032798],[-55.87255221,-30.51964133],[-55.87287644,-30.51872007],[-55.87307482,-30.51837485],[-55.87327319,-30.51802769],[-55.87386064,-30.51670782],[-55.87445573,-30.51584187],[-55.87478379,-30.51543751],[-55.87557725,-30.51452008],[-55.87630206,-30.51382771],[-55.87702684,-30.51313343],[-55.87742358,-30.51290262],[-55.87801485,-30.51186694],[-55.87847642,-30.51118029],[-55.87886934,-30.51031625],[-55.87946061,-30.50916229],[-55.88011675,-30.50767075],[-55.88070802,-30.50663314],[-55.881429,-30.50473533],[-55.88221482,-30.50341161],[-55.88320664,-30.50249036],[-55.88393144,-30.50151379],[-55.88465622,-30.50059064],[-55.88623933,-30.49886256],[-55.88795594,-30.49736147],[-55.88920716,-30.49620753],[-55.88934068,-30.49603777],[-55.89032868,-30.49505738],[-55.89125565,-30.4944203],[-55.89211016,-30.49332739],[-55.89369707,-30.49194267],[-55.89389162,-30.49165465],[-55.89402513,-30.49136664],[-55.89454389,-30.48929526],[-55.89513521,-30.48820423],[-55.89592485,-30.48711132],[-55.89796953,-30.48475],[-55.89862564,-30.48353693],[-55.89914825,-30.48244592],[-55.89960602,-30.48124046],[-55.90026218,-30.47980233],[-55.9007199,-30.47888106],[-55.90131119,-30.47773092],[-55.90229536,-30.47589034],[-55.90261962,-30.47473829],[-55.90393949,-30.47347182],[-55.90512588,-30.47220531],[-55.90617872,-30.47099223],[-55.90723158,-30.46972765],[-55.90782667,-30.46886172],[-55.90894822,-30.46793854],[-55.90914657,-30.46788134],[-55.91072586,-30.46592247],[-55.91165284,-30.4652854],[-55.9128392,-30.46430694],[-55.91422776,-30.46314916],[-55.91601305,-30.462226],[-55.91667298,-30.46182164],[-55.91726808,-30.46130284],[-55.91819125,-30.46043498],[-55.91878253,-30.45980366],[-55.91930896,-30.45928484],[-55.91997271,-30.45876222],[-55.92089587,-30.4581881],[-55.92109424,-30.45812708],[-55.92201739,-30.45737747],[-55.92234927,-30.45709137],[-55.88433505,-30.37087917],[-55.88377809,-30.37054921],[-55.88331271,-30.3704958],[-55.88271379,-30.37027074],[-55.88071867,-30.36907102],[-55.87912413,-30.36798385],[-55.87785377,-30.36655525],[-55.87678184,-30.36449339],[-55.87604559,-30.36305715],[-55.87544668,-30.36219884],[-55.87377583,-30.36014083],[-55.87277635,-30.35893729],[-55.87177309,-30.3576193],[-55.87097198,-30.35630516],[-55.86970547,-30.35464194],[-55.86837031,-30.35304358],[-55.8668978,-30.35092261],[-55.86510107,-30.34891799],[-55.8624994,-30.34623436],[-55.86116806,-30.34480004],[-55.85976423,-30.34291176],[-55.85869613,-30.3413096],[-55.85776149,-30.33993439],[-55.85755932,-30.33958917],[-55.85643015,-30.33896165],[-55.85383995,-30.33776575],[-55.85191731,-30.33754261],[-55.84933093,-30.33663472],[-55.8468094,-30.33590038],[-55.84488294,-30.33510313],[-55.84315488,-30.3344737],[-55.83963768,-30.33282196],[-55.83797446,-30.33173858],[-55.83650961,-30.33047974],[-55.8357085,-30.32939063],[-55.83457171,-30.32744514],[-55.83316788,-30.32492363],[-55.83188991,-30.3207351],[-55.8329809,-30.31453238],[-55.83349969,-30.31246097],[-55.83369423,-30.31142911],[-55.83388876,-30.31068333],[-55.83415198,-30.31027897],[-55.83533455,-30.30878169],[-55.83638741,-30.30740268],[-55.83724189,-30.30619151],[-55.8373754,-30.30584627],[-55.8379667,-30.30526833],[-55.83836342,-30.30475335],[-55.83888221,-30.3033152],[-55.8388822,-30.30297189],[-55.83907293,-30.3011904],[-55.83919499,-30.29963972],[-55.83898518,-30.29740049],[-55.83837479,-30.29441739],[-55.83723035,-30.29120924],[-55.83642544,-30.28914359],[-55.83589137,-30.28839972],[-55.83568919,-30.28759482],[-55.83508263,-30.28581523],[-55.8346096,-30.28386785],[-55.83413657,-30.28232099],[-55.83346516,-30.28042887],[-55.83206133,-30.27796079],[-55.83125642,-30.27589703],[-55.83018447,-30.27320194],[-55.82937573,-30.27067852],[-55.82903238,-30.26855946],[-55.82908578,-30.26591587],[-55.82873481,-30.26241588],[-55.82805958,-30.25960445],[-55.82751788,-30.25690554],[-55.82637345,-30.25369736],[-55.82590421,-30.25255104],[-55.82570586,-30.25214669],[-55.82456525,-30.24951074],[-55.82368783,-30.24647232],[-55.82202078,-30.24366471],[-55.82121204,-30.24131105],[-55.82094121,-30.24005029],[-55.82080385,-30.23855873],[-55.82039186,-30.23626418],[-55.82011718,-30.23379419],[-55.8201744,-30.23206989],[-55.82022777,-30.23000423],[-55.82022397,-30.22914213],[-55.82021251,-30.22701733],[-55.8201362,-30.22512716],[-55.82000269,-30.22438138],[-55.81999887,-30.2241506],[-55.82005988,-30.22271245],[-55.82012093,-30.2220811],[-55.81964407,-30.21926967],[-55.81936939,-30.21714678],[-55.8189612,-30.21531191],[-55.81849201,-30.21404925],[-55.81755359,-30.21193018],[-55.81695465,-30.2108411],[-55.81522273,-30.20837489],[-55.81455135,-30.2070016],[-55.81354807,-30.20465174],[-55.8131475,-30.20384875],[-55.81307501,-30.20298662],[-55.81300635,-30.20224275],[-55.81299875,-30.20103731],[-55.8129949,-30.19977465],[-55.81292241,-30.19851007],[-55.81238451,-30.19684496],[-55.8117818,-30.19552697],[-55.81091584,-30.19449889],[-55.8106488,-30.19415369],[-55.809718,-30.19318095],[-55.80812344,-30.19192399],[-55.80699427,-30.19100848],[-55.80540356,-30.19021312],[-55.80388146,-30.18986979],[-55.80196266,-30.18976109],[-55.79806019,-30.19023603],[-55.79528308,-30.19007011],[-55.79356263,-30.1899652],[-55.79183837,-30.18962381],[-55.7892596,-30.18911646],[-55.78813046,-30.18831727],[-55.78719966,-30.18717097],[-55.78401434,-30.18534182],[-55.78228627,-30.18397236],[-55.78069553,-30.18277072],[-55.78029496,-30.18237019],[-55.78009279,-30.18179607],[-55.77902084,-30.17870045],[-55.77842191,-30.17755222],[-55.77788784,-30.1764059],[-55.77681971,-30.17485713],[-55.77588891,-30.17331028],[-55.77501918,-30.17165089],[-55.77468345,-30.170331],[-55.77440877,-30.16872118],[-55.77433627,-30.16671276],[-55.77406161,-30.16447732],[-55.77405397,-30.16361524],[-55.77405015,-30.16241167],[-55.77443924,-30.16045663],[-55.7750267,-30.15913484],[-55.77554933,-30.15815637],[-55.77719344,-30.15585417],[-55.77909699,-30.15326399],[-55.78047791,-30.15148059],[-55.78074112,-30.15101902],[-55.78179017,-30.14923756],[-55.78238144,-30.14860239],[-55.78310622,-30.14785472],[-55.78402939,-30.14693345],[-55.78462067,-30.14635742],[-55.78494873,-30.14618387],[-55.7857422,-30.14578141],[-55.78633347,-30.14543426],[-55.78706207,-30.14508522],[-55.78732529,-30.14497078],[-55.78732529,-30.14468086],[-55.78752366,-30.14496694],[-55.7878517,-30.14456451],[-55.7887749,-30.14439284],[-55.79101795,-30.14340672],[-55.79226919,-30.14202391],[-55.79272313,-30.14053044],[-55.79278415,-30.13921054],[-55.79277651,-30.13789255],[-55.79310074,-30.136628],[-55.79349366,-30.13541681],[-55.79394761,-30.13398247],[-55.79433668,-30.1321991],[-55.79439391,-30.13065224],[-55.79445875,-30.13002092],[-55.79452359,-30.12944489],[-55.79491651,-30.12915495],[-55.7959732,-30.1284645],[-55.79669416,-30.12800291],[-55.7970909,-30.12771299],[-55.79742278,-30.12765769],[-55.79887237,-30.12673262],[-55.79966202,-30.12632826],[-55.80084841,-30.12568927],[-55.80124513,-30.12528682],[-55.80143586,-30.12413859],[-55.80143204,-30.12327649],[-55.801165,-30.12287784],[-55.80076445,-30.12213397],[-55.80089416,-30.12155796],[-55.80129088,-30.12132716],[-55.8015541,-30.1209228],[-55.80161512,-30.12035059],[-55.80094754,-30.11903072],[-55.79955135,-30.11725497],[-55.79921564,-30.11599231],[-55.79921182,-30.11530757],[-55.799208,-30.11484598],[-55.79927284,-30.11426996],[-55.79940255,-30.11404109],[-55.79939873,-30.11335063],[-55.79939872,-30.11277842],[-55.79919655,-30.11237788],[-55.79833442,-30.11145853],[-55.79780416,-30.11111713],[-55.79628209,-30.11112475],[-55.79502703,-30.11101414],[-55.79462649,-30.1106136],[-55.79462266,-30.10975147],[-55.79462266,-30.10946346],[-55.79488206,-30.10900569],[-55.79521396,-30.10860133],[-55.79534364,-30.10836864],[-55.79533982,-30.10779643],[-55.79520632,-30.10756944],[-55.79507278,-30.10745501],[-55.79388259,-30.10693813],[-55.7926924,-30.10671496],[-55.79262373,-30.1065433],[-55.79235669,-30.1059673],[-55.79222319,-30.10562396],[-55.79215452,-30.10533977],[-55.7921507,-30.10464931],[-55.79214688,-30.1035564],[-55.79214687,-30.1033275],[-55.79266949,-30.10246537],[-55.79326076,-30.10160515],[-55.7936575,-30.101197],[-55.7937147,-30.10005259],[-55.7937147,-30.09965012],[-55.79338282,-30.09959291],[-55.7927229,-30.09942506],[-55.79271906,-30.09924958],[-55.79218501,-30.09816049],[-55.79191797,-30.0975902],[-55.79185312,-30.09712861],[-55.79178064,-30.09620737],[-55.79164328,-30.09546349],[-55.79157844,-30.09506486],[-55.79150977,-30.09483406],[-55.79144111,-30.09443161],[-55.79130758,-30.09402916]]]]},"geometry_name":"geom","properties":{"id_unid_conserv":73,"Nome":"Área De Proteção Ambiental Do Ibirapuitã","Codigo_UC":"0000.00.0021","Ano_Criacao":"1992","Ato_Criacao":"DEC  529 de 20/05/1992","Jurisdicao":"Federal","Categoria":"APA","Grupo":"US","Abrangencia_UF":"RS","Agrangencia_Mun":"Alegrete, Rosário do Sul, Santana do Livramento, Quaraí.","Abrangencia_Fuso":"21S","dt_ini":"2013-01-01Z","dt_fim":"2029-10-30Z"}},{"type":"Feature","id":"vw_icmbio_unid_conserv.fid-5c8cc48d_196ac1ca94f_-78e3","geometry":{"type":"MultiPolygon","coordinates":[[[[-49.69871281,-29.35229558],[-49.71029381,-29.35229553],[-49.71029375,-29.34094077],[-49.69866751,-29.34085033],[-49.69871281,-29.35229558]]]]},"geometry_name":"geom","properties":{"id_unid_conserv":124,"Nome":"Refugio De Vida Silvestre Da Ilha Dos Lobos","Codigo_UC":"0000.00.0190","Ano_Criacao":"1983","Ato_Criacao":"DEC Nº 88.463, DE 04/07/1983; DEC S/N de 13/02/2006","Jurisdicao":"Federal","Categoria":"REVIS","Grupo":"PI","Abrangencia_UF":"RS","Agrangencia_Mun":"Torres.","Abrangencia_Fuso":"22S","dt_ini":"2013-01-01Z","dt_fim":"2029-10-30Z"}},{"type":"Feature","id":"vw_icmbio_unid_conserv.fid-5c8cc48d_196ac1ca94f_-78e2","geometry":{"type":"MultiPolygon","coordinates":[[[[-50.80253442,-29.30451112],[-50.80193495,-29.30495686],[-50.79977065,-29.3049164],[-50.799609,-29.31161046],[-50.79970068,-29.31860914],[-50.79975227,-29.32092339],[-50.79966042,-29.32254953],[-50.79904535,-29.3231806],[-50.79903034,-29.32360871],[-50.79770356,-29.32385517],[-50.79773708,-29.32492677],[-50.79966537,-29.32527701],[-50.79966191,-29.33210253],[-50.79967992,-29.33331661],[-50.79966845,-29.33571536],[-50.79982683,-29.33590395],[-50.80014259,-29.33576707],[-50.80037952,-29.3357001],[-50.8006006,-29.33561854],[-50.80074227,-29.33532133],[-50.8008684,-29.33516661],[-50.80102635,-29.33512673],[-50.80153195,-29.33509334],[-50.80173808,-29.33546845],[-50.80206993,-29.33548896],[-50.80251264,-29.33561146],[-50.80271819,-29.33568668],[-50.80286068,-29.33583213],[-50.80308201,-29.33589341],[-50.80341384,-29.33588533],[-50.80395038,-29.3354955],[-50.80437653,-29.33521789],[-50.80464485,-29.33505153],[-50.80475502,-29.33481083],[-50.80475486,-29.33472517],[-50.80477037,-29.33456839],[-50.80540115,-29.33388046],[-50.8054795,-29.33352493],[-50.805653,-29.33335682],[-50.80601643,-29.33336359],[-50.80671034,-29.33263401],[-50.80672578,-29.33243441],[-50.80691495,-29.33219517],[-50.80704115,-29.3320833],[-50.80719912,-29.33205769],[-50.8074517,-29.33193386],[-50.80751466,-29.33180653],[-50.80743538,-29.33164797],[-50.8074978,-29.33123504],[-50.80757652,-29.33109372],[-50.80765542,-29.33103807],[-50.80789245,-29.33104247],[-50.80816109,-29.3310475],[-50.80858747,-29.33091266],[-50.80896636,-29.33073408],[-50.80918718,-29.33052399],[-50.809408,-29.33031391],[-50.80962919,-29.33030376],[-50.80988204,-29.33032276],[-50.81002426,-29.33032541],[-50.81045041,-29.33007633],[-50.81073451,-29.32991025],[-50.81089251,-29.32989893],[-50.81109792,-29.32990272],[-50.8111928,-29.32993306],[-50.81150863,-29.329839],[-50.81169708,-29.32924276],[-50.81190195,-29.32896099],[-50.81217045,-29.32889458],[-50.81250226,-29.32888648],[-50.81297636,-29.32892387],[-50.81338705,-29.3288601],[-50.81351322,-29.32873395],[-50.81354449,-29.32856317],[-50.81356,-29.32842065],[-50.81382859,-29.32841138],[-50.81398638,-29.32828579],[-50.81401753,-29.3280579],[-50.81396971,-29.32784281],[-50.81382735,-29.32776877],[-50.81370086,-29.3277236],[-50.81363729,-29.32753677],[-50.81363701,-29.32739396],[-50.81371571,-29.32723835],[-50.81382586,-29.32699765],[-50.81373089,-29.3269245],[-50.8134619,-29.32671958],[-50.81328778,-29.32655926],[-50.81323993,-29.32632989],[-50.81333423,-29.32607464],[-50.81349186,-29.32587766],[-50.81380774,-29.32581212],[-50.81404458,-29.32573086],[-50.8142338,-29.32553447],[-50.81450207,-29.32535384],[-50.81464405,-29.32524222],[-50.81503861,-29.3250068],[-50.81537014,-29.32487017],[-50.81563847,-29.32473238],[-50.81595412,-29.32455261],[-50.81615918,-29.32437079],[-50.81641138,-29.32407561],[-50.81715449,-29.32431789],[-50.81758137,-29.32445433],[-50.81807153,-29.32463477],[-50.81857726,-29.32470129],[-50.81895631,-29.32462266],[-50.81914561,-29.32446908],[-50.81933487,-29.32430126],[-50.81935029,-29.32410163],[-50.81955506,-29.32379129],[-50.82021686,-29.32288967],[-50.82040599,-29.32266471],[-50.82053172,-29.32232433],[-50.82068913,-29.3220274],[-50.8208785,-29.32191666],[-50.82128863,-29.32159584],[-50.81894611,-29.3195247],[-50.81560675,-29.31663532],[-50.81410297,-29.31516514],[-50.81402373,-29.31504944],[-50.81609002,-29.31334574],[-50.81720992,-29.31242412],[-50.81810886,-29.31164115],[-50.81922889,-29.31081946],[-50.82132703,-29.3093305],[-50.82484461,-29.30672545],[-50.82627985,-29.30559537],[-50.82417553,-29.30399993],[-50.81117553,-29.30452955],[-50.80714746,-29.30465439],[-50.80691055,-29.30466424],[-50.80603457,-29.30086383],[-50.80573587,-29.30162936],[-50.80554686,-29.3019257],[-50.80540472,-29.3019373],[-50.80526271,-29.30203462],[-50.80518406,-29.3022045],[-50.80510555,-29.30246008],[-50.80461656,-29.30285077],[-50.8041119,-29.3032983],[-50.80365464,-29.30376096],[-50.80324411,-29.30386755],[-50.80291265,-29.30401842],[-50.80267607,-29.30422818],[-50.80253442,-29.30451112]]]]},"geometry_name":"geom","properties":{"id_unid_conserv":142,"Nome":"Floresta Nacional De Canela","Codigo_UC":"0000.00.0087","Ano_Criacao":"1968","Ato_Criacao":"Portaria 561 de 25/10/1968","Jurisdicao":"Federal","Categoria":"FLONA","Grupo":"US","Abrangencia_UF":"RS","Agrangencia_Mun":"Canela.","Abrangencia_Fuso":"22S","dt_ini":"2013-01-01Z","dt_fim":"2029-10-30Z"}},{"type":"Feature","id":"vw_icmbio_unid_conserv.fid-5c8cc48d_196ac1ca94f_-78e1","geometry":{"type":"MultiPolygon","coordinates":[[[[-52.18476841,-28.27981115],[-52.18204008,-28.281192],[-52.18218346,-28.28138721],[-52.17875294,-28.28313124],[-52.18000036,-28.28465631],[-52.17998372,-28.28497789],[-52.17988465,-28.28513948],[-52.1795852,-28.28542777],[-52.17924364,-28.28555574],[-52.17902056,-28.28545053],[-52.17868391,-28.28602488],[-52.17896371,-28.28631419],[-52.1792999,-28.28618676],[-52.17955495,-28.28635889],[-52.18762505,-28.2961995],[-52.18255245,-28.29796164],[-52.18262686,-28.29960448],[-52.18182068,-28.30048296],[-52.18114853,-28.30076269],[-52.18084595,-28.30138782],[-52.18165262,-28.30309901],[-52.1951673,-28.29894752],[-52.1971348,-28.29878089],[-52.19851322,-28.29876879],[-52.19933152,-28.29898572],[-52.19825923,-28.30121127],[-52.20043931,-28.3099572],[-52.19445205,-28.31048279],[-52.19234526,-28.31064474],[-52.19150021,-28.31070778],[-52.19101721,-28.31028868],[-52.18980799,-28.31034904],[-52.18843688,-28.3110333],[-52.18694604,-28.31107114],[-52.18685668,-28.31062371],[-52.18637589,-28.31040378],[-52.18623717,-28.31057929],[-52.18587004,-28.31045797],[-52.18528032,-28.3105627],[-52.18507733,-28.31001666],[-52.18417868,-28.31017385],[-52.1837357,-28.31082509],[-52.18357349,-28.31142412],[-52.18312116,-28.31122885],[-52.18270243,-28.31153128],[-52.18202665,-28.31148732],[-52.18245528,-28.31208123],[-52.18214909,-28.31238268],[-52.18166917,-28.31223744],[-52.18156211,-28.31273638],[-52.18043865,-28.31292039],[-52.18043317,-28.31242243],[-52.17967077,-28.31218002],[-52.17911246,-28.31258324],[-52.17913099,-28.31171156],[-52.17833993,-28.3114196],[-52.1778663,-28.31184699],[-52.17752538,-28.3115511],[-52.17673873,-28.31165749],[-52.17662154,-28.31123518],[-52.1761924,-28.31059147],[-52.17565373,-28.3102226],[-52.17607083,-28.30977079],[-52.17553053,-28.30925253],[-52.17533579,-28.3094534],[-52.17488234,-28.3091585],[-52.17406374,-28.30891652],[-52.17380972,-28.30884402],[-52.17388729,-28.30822082],[-52.17385698,-28.30802189],[-52.17252404,-28.30706219],[-52.17144815,-28.30644889],[-52.17116218,-28.30602805],[-52.17127308,-28.30587769],[-52.17090245,-28.30543265],[-52.17019966,-28.30548849],[-52.17003386,-28.30576382],[-52.169271,-28.30547153],[-52.16977143,-28.30491941],[-52.16914948,-28.30465084],[-52.16797306,-28.30513402],[-52.1675765,-28.30488841],[-52.16730704,-28.30498876],[-52.16743939,-28.30521328],[-52.16775346,-28.30563392],[-52.16820928,-28.30615294],[-52.17337597,-28.31290657],[-52.17589345,-28.31666981],[-52.16832639,-28.31944898],[-52.17055811,-28.32281634],[-52.16652994,-28.32501719],[-52.16700965,-28.32513761],[-52.16693366,-28.32591017],[-52.16713444,-28.32625707],[-52.16786821,-28.32645001],[-52.1682862,-28.32607291],[-52.16840094,-28.32627112],[-52.16826543,-28.32674542],[-52.16847082,-28.32751558],[-52.16875414,-28.32768746],[-52.16914534,-28.32743509],[-52.16965295,-28.32753036],[-52.16977174,-28.32810205],[-52.17090468,-28.32876466],[-52.17085469,-28.3293378],[-52.17060197,-28.3293898],[-52.17029326,-28.32946712],[-52.17012851,-28.32984205],[-52.17013177,-28.33014082],[-52.17035634,-28.33008909],[-52.17061097,-28.33021141],[-52.17055714,-28.33043598],[-52.17027874,-28.33071229],[-52.17096256,-28.33147834],[-52.17165878,-28.33162819],[-52.17181111,-28.33186947],[-52.17119258,-28.33192459],[-52.17097049,-28.3322004],[-52.17055763,-28.33305057],[-52.1712043,-28.33299522],[-52.17157123,-28.33309166],[-52.17146441,-28.33361551],[-52.17166794,-28.33421139],[-52.17276323,-28.33400277],[-52.17284931,-28.33415143],[-52.17260123,-28.33462669],[-52.17218048,-28.33475479],[-52.17158652,-28.33448597],[-52.17191189,-28.33849219],[-52.17240505,-28.3398326],[-52.17263593,-28.34035354],[-52.17263838,-28.34057762],[-52.1728392,-28.34092449],[-52.17292883,-28.34139686],[-52.17357188,-28.34261857],[-52.17401385,-28.34280686],[-52.17446138,-28.342554],[-52.17498461,-28.34150367],[-52.17572313,-28.34236426],[-52.17671475,-28.34270889],[-52.1766358,-28.34320759],[-52.17684047,-28.34390303],[-52.17681835,-28.34445105],[-52.17733017,-28.34491974],[-52.1778296,-28.34426801],[-52.17816623,-28.34416552],[-52.17870615,-28.34463397],[-52.17963544,-28.34467573],[-52.18040804,-28.34327462],[-52.18068644,-28.34299829],[-52.18022269,-28.34178219],[-52.18071906,-28.34085656],[-52.18063105,-28.3405336],[-52.18028035,-28.34034517],[-52.1805679,-28.33991163],[-52.18122893,-28.3392363],[-52.18111287,-28.33788611],[-52.18093601,-28.3375678],[-52.1801652,-28.33657844],[-52.17976,-28.33626922],[-52.17970945,-28.33608437],[-52.18099869,-28.33560009],[-52.18072837,-28.3351244],[-52.18135308,-28.33491319],[-52.18216707,-28.33444081],[-52.19031273,-28.33041457],[-52.20055006,-28.33485684],[-52.2006044,-28.33468205],[-52.20060048,-28.33433348],[-52.2010083,-28.33305995],[-52.20131394,-28.33270866],[-52.20148857,-28.33241701],[-52.20179628,-28.33204063],[-52.20208481,-28.33243214],[-52.20268165,-28.33180067],[-52.20215272,-28.33143031],[-52.20266739,-28.33053288],[-52.20305464,-28.33086876],[-52.20357733,-28.33068556],[-52.20371318,-28.3302022],[-52.20315052,-28.33042146],[-52.20294811,-28.33036966],[-52.2029449,-28.33008397],[-52.20320201,-28.32961738],[-52.20426737,-28.32923299],[-52.20430215,-28.32912861],[-52.20446756,-28.32908835],[-52.20473455,-28.32949671],[-52.2054574,-28.3291689],[-52.20545197,-28.32868678],[-52.20666502,-28.3288725],[-52.20712717,-28.32868984],[-52.20735379,-28.32909855],[-52.20815919,-28.32893072],[-52.20803611,-28.32875323],[-52.20823225,-28.32825145],[-52.20851719,-28.32846323],[-52.20871656,-28.32824716],[-52.20853192,-28.32798092],[-52.20949413,-28.32740095],[-52.20835733,-28.32700398],[-52.20821307,-28.32655511],[-52.2075429,-28.326186],[-52.207063,-28.32658315],[-52.2025044,-28.32501613],[-52.20511232,-28.32183225],[-52.20545617,-28.32190063],[-52.20655113,-28.32056945],[-52.20604143,-28.32010966],[-52.20631971,-28.31973219],[-52.20593306,-28.31944986],[-52.20570767,-28.31914825],[-52.2054038,-28.3190438],[-52.20485594,-28.31878075],[-52.20464813,-28.31824682],[-52.20395945,-28.31802077],[-52.20370297,-28.31854092],[-52.20273237,-28.31837087],[-52.20266901,-28.31812141],[-52.20217892,-28.31760784],[-52.20247939,-28.31740876],[-52.20308574,-28.31749272],[-52.20350567,-28.31714973],[-52.2038223,-28.31659333],[-52.20345908,-28.31659652],[-52.20321432,-28.31636653],[-52.20178331,-28.3129325],[-52.20241896,-28.31203397],[-52.20313047,-28.31070622],[-52.20480462,-28.30885205],[-52.20600441,-28.3060913],[-52.20619188,-28.30482172],[-52.20670196,-28.30353143],[-52.20795671,-28.30207382],[-52.20799119,-28.30155563],[-52.20899634,-28.29765366],[-52.2103111,-28.29615977],[-52.20902337,-28.29647476],[-52.20559474,-28.29659434],[-52.20582838,-28.29584225],[-52.20459523,-28.29383513],[-52.20402653,-28.29350085],[-52.2034496,-28.29243444],[-52.20407931,-28.2910181],[-52.20455925,-28.29063883],[-52.20398938,-28.29019741],[-52.20397241,-28.29048328],[-52.20379145,-28.29053846],[-52.20377551,-28.2909136],[-52.20373756,-28.29112825],[-52.20331352,-28.29109626],[-52.20253917,-28.2922103],[-52.20183592,-28.29246649],[-52.20119355,-28.29275789],[-52.20052422,-28.29244231],[-52.20000109,-28.29257193],[-52.19971647,-28.29237798],[-52.1992395,-28.29302508],[-52.19926646,-28.293632],[-52.19864669,-28.29413748],[-52.19893312,-28.29449213],[-52.19893811,-28.29493854],[-52.19861913,-28.29528064],[-52.19845475,-28.29501421],[-52.19774364,-28.294574],[-52.19774663,-28.29484185],[-52.19683522,-28.29452837],[-52.19677149,-28.2942432],[-52.19656496,-28.29381642],[-52.19614111,-28.29380227],[-52.19604204,-28.29396386],[-52.19553609,-28.29382544],[-52.1952952,-28.29393469],[-52.19480743,-28.2936175],[-52.19425833,-28.29322942],[-52.19365751,-28.29362757],[-52.19175728,-28.29148327],[-52.19116448,-28.29079197],[-52.19077641,-28.29036676],[-52.19046906,-28.28994084],[-52.19036503,-28.28965602],[-52.19038261,-28.28942372],[-52.19054182,-28.28922588],[-52.19092429,-28.28915112],[-52.19110369,-28.28895309],[-52.19130323,-28.28875493],[-52.19129966,-28.28843352],[-52.19147864,-28.28819981],[-52.19167757,-28.28794804],[-52.19194161,-28.28810646],[-52.19226518,-28.28817507],[-52.19244693,-28.28819135],[-52.19246453,-28.28795905],[-52.19240182,-28.28776315],[-52.1924805,-28.28758386],[-52.19266285,-28.28765371],[-52.19298703,-28.2877759],[-52.19319034,-28.287917],[-52.19436978,-28.28694233],[-52.19428691,-28.28674661],[-52.19432407,-28.28646055],[-52.19444311,-28.28628092],[-52.19466081,-28.28620271],[-52.19476407,-28.2861174],[-52.19488352,-28.28597349],[-52.19506427,-28.28590047],[-52.19522327,-28.2856848],[-52.19520049,-28.28545283],[-52.19507707,-28.2852396],[-52.19475091,-28.28493888],[-52.19450566,-28.28465529],[-52.19440242,-28.28444187],[-52.1941989,-28.28428294],[-52.19409624,-28.28412311],[-52.19392792,-28.28349954],[-52.19382605,-28.28341115],[-52.1930919,-28.28270321],[-52.19243804,-28.28195887],[-52.19217123,-28.28155047],[-52.19203102,-28.28164099],[-52.19186906,-28.28158882],[-52.19172827,-28.28162577],[-52.19160463,-28.28139468],[-52.19128904,-28.28105775],[-52.19107421,-28.28086355],[-52.19127535,-28.28080823],[-52.19111099,-28.28054178],[-52.19068896,-28.28068832],[-52.18977967,-28.28055338],[-52.18929474,-28.28048617],[-52.18993986,-28.28044483],[-52.19038184,-28.28028026],[-52.19110125,-28.27966682],[-52.19161855,-28.2790194],[-52.19210187,-28.27894375],[-52.19135513,-28.27891456],[-52.18996096,-28.2787124],[-52.18838502,-28.27849394],[-52.18745834,-28.27860916],[-52.18683479,-28.27877531],[-52.18476841,-28.27981115]]]]},"geometry_name":"geom","properties":{"id_unid_conserv":143,"Nome":"Floresta Nacional De Passo Fundo","Codigo_UC":"0000.00.0130","Ano_Criacao":"1968","Ato_Criacao":"Portaria 561 de 25/10/1968","Jurisdicao":"Federal","Categoria":"FLONA","Grupo":"US","Abrangencia_UF":"RS","Agrangencia_Mun":"Mato Castelhano.","Abrangencia_Fuso":"22S","dt_ini":"2013-01-01Z","dt_fim":"2029-10-30Z"}},{"type":"Feature","id":"vw_icmbio_unid_conserv.fid-5c8cc48d_196ac1ca94f_-78e0","geometry":{"type":"MultiPolygon","coordinates":[[[[-50.13976872,-29.10563039],[-50.13873111,-29.10565709],[-50.13831912,-29.10564374],[-50.13771639,-29.10557699],[-50.13728151,-29.10546636],[-50.13664064,-29.10522985],[-50.13622483,-29.10513067],[-50.13601884,-29.10511732],[-50.13581284,-29.10512686],[-50.13539704,-29.10524321],[-50.13500793,-29.10548545],[-50.13469131,-29.10580016],[-50.13443573,-29.10615302],[-50.13379867,-29.10675193],[-50.13358886,-29.10687401],[-50.13275344,-29.10712578],[-50.13247878,-29.10726502],[-50.13220793,-29.1075187],[-50.13206679,-29.10772278],[-50.13181883,-29.10831216],[-50.1316281,-29.10867456],[-50.13076216,-29.11012415],[-50.13035399,-29.11064486],[-50.13002211,-29.11096148],[-50.12959868,-29.11120181],[-50.12918287,-29.11134677],[-50.12877088,-29.11143069],[-50.12778668,-29.11146312],[-50.12676433,-29.11143452],[-50.12532618,-29.11149365],[-50.12492563,-29.11146695],[-50.12354089,-29.11127622],[-50.12312508,-29.11133725],[-50.12229347,-29.11169012],[-50.12167167,-29.11186178],[-50.12084388,-29.11190756],[-50.12001608,-29.11198767],[-50.11961172,-29.11205825],[-50.11883352,-29.11226806],[-50.11863897,-29.11234817],[-50.11746022,-29.11311875],[-50.11710926,-29.11339913],[-50.11685368,-29.11368332],[-50.1166782,-29.1139885],[-50.11662861,-29.11427842],[-50.11680028,-29.11467133],[-50.11698339,-29.1149212],[-50.11721227,-29.11506616],[-50.11773871,-29.11553536],[-50.1181774,-29.1162201],[-50.11826896,-29.11642037],[-50.11831855,-29.11673318],[-50.11812782,-29.1170498],[-50.11787986,-29.11708223],[-50.11767386,-29.11702882],[-50.11708258,-29.11658823],[-50.11684225,-29.11651384],[-50.11640355,-29.11652719],[-50.11619374,-29.11661112],[-50.11585805,-29.1169163],[-50.11518285,-29.11760485],[-50.11313435,-29.11939777],[-50.11213108,-29.12042012],[-50.11176487,-29.12073674],[-50.11137958,-29.12102857],[-50.11095615,-29.12129369],[-50.10948366,-29.12205092],[-50.1090793,-29.12231604],[-50.10869402,-29.12263076],[-50.10820192,-29.12319534],[-50.10730165,-29.12382286],[-50.10700029,-29.1240155],[-50.10685151,-29.12422341],[-50.10650819,-29.12483185],[-50.10617631,-29.12536782],[-50.10591691,-29.12570924],[-50.10532182,-29.12635965],[-50.10466187,-29.12699099],[-50.10431855,-29.12728472],[-50.10393326,-29.12754984],[-50.10328094,-29.12791987],[-50.10144606,-29.1286256],[-50.10103407,-29.1287801],[-50.1006259,-29.1290147],[-50.09980192,-29.12974904],[-50.09954633,-29.13004277],[-50.09927549,-29.13029264],[-50.09901227,-29.1304643],[-50.0986308,-29.13076948],[-50.09844197,-29.13092588],[-50.09841146,-29.13077329],[-50.09842862,-29.13092779],[-50.09849538,-29.13151525],[-50.09835042,-29.13168501],[-50.09782972,-29.13241553],[-50.09732427,-29.13328528],[-50.09689321,-29.13373542],[-50.09650029,-29.13402916],[-50.09592618,-29.1345575],[-50.09551419,-29.13497521],[-50.09520711,-29.13548829],[-50.09466923,-29.13604714],[-50.09403981,-29.13677576],[-50.09355534,-29.13730409],[-50.09310711,-29.13769129],[-50.09284008,-29.13781336],[-50.09234035,-29.13799838],[-50.09193027,-29.13821391],[-50.09127032,-29.13833407],[-50.09084116,-29.13859538],[-50.09018312,-29.13874798],[-50.0897883,-29.13907223],[-50.0895556,-29.13935261],[-50.08930193,-29.13983517],[-50.08903109,-29.14037877],[-50.08884989,-29.14073735],[-50.08854471,-29.14104634],[-50.0882052,-29.14118558],[-50.08772645,-29.14113409],[-50.08715615,-29.14111501],[-50.08662399,-29.14100248],[-50.08596786,-29.14085753],[-50.0854357,-29.14069731],[-50.08485205,-29.14045889],[-50.08429891,-29.14051802],[-50.08415396,-29.14082892],[-50.08376104,-29.1411856],[-50.08338529,-29.14146407],[-50.08290082,-29.14183601],[-50.08263379,-29.14202102],[-50.08209782,-29.14220413],[-50.08161717,-29.14231095],[-50.0813673,-29.1424807],[-50.08107929,-29.14288506],[-50.08089619,-29.14342866],[-50.08078557,-29.14392839],[-50.08056813,-29.14420686],[-50.08020955,-29.14459596],[-50.07999401,-29.1448115],[-50.07968884,-29.14515291],[-50.07929592,-29.14532267],[-50.07890491,-29.14546],[-50.07853107,-29.14548861],[-50.07812289,-29.14545428],[-50.07746485,-29.14535701],[-50.07686022,-29.14532077],[-50.07657602,-29.14544475],[-50.07627084,-29.14572322],[-50.07610681,-29.14622104],[-50.07569292,-29.1467799],[-50.07531717,-29.1469344],[-50.07469346,-29.14703931],[-50.07362534,-29.14718808],[-50.07234549,-29.14727201],[-50.07118773,-29.14745131],[-50.07043432,-29.14810172],[-50.06904004,-29.1489505],[-50.06823704,-29.1492099],[-50.06736538,-29.14929764],[-50.06658336,-29.14940255],[-50.06565638,-29.14949029],[-50.06485719,-29.14949983],[-50.06403893,-29.14957231],[-50.06350296,-29.14970774],[-50.06321686,-29.14995569],[-50.06267899,-29.15042109],[-50.06248062,-29.15087123],[-50.06233376,-29.15133853],[-50.06220597,-29.15169711],[-50.06175202,-29.15277096],[-50.06115311,-29.15412518],[-50.06043213,-29.1550884],[-50.06019944,-29.15535161],[-50.05961006,-29.15544126],[-50.05907791,-29.15538976],[-50.05781333,-29.1555538],[-50.05644384,-29.15574645],[-50.05508961,-29.15592384],[-50.05418171,-29.15601158],[-50.05316699,-29.15611267],[-50.05286372,-29.15622139],[-50.05248797,-29.15651513],[-50.05237734,-29.15699769],[-50.05223048,-29.15751077],[-50.05196154,-29.15774347],[-50.05173075,-29.15777398],[-50.05128443,-29.15792657],[-50.05075037,-29.15803148],[-50.05009042,-29.15813639],[-50.0498253,-29.15797808],[-50.04934655,-29.15777209],[-50.04865417,-29.15765765],[-50.04794463,-29.15759089],[-50.04767569,-29.15782168],[-50.04733428,-29.15819553],[-50.04736671,-29.15856937],[-50.04753456,-29.15966419],[-50.04779396,-29.16038326],[-50.04784165,-29.16105465],[-50.04778253,-29.16172604],[-50.04747354,-29.16234784],[-50.04698716,-29.16309362],[-50.04655229,-29.16383939],[-50.04630052,-29.16425901],[-50.0458294,-29.16508299],[-50.04550325,-29.16579825],[-50.04558527,-29.16645438],[-50.04556429,-29.16698462],[-50.04552233,-29.16765601],[-50.04530489,-29.16796691],[-50.04497873,-29.16869743],[-50.04452669,-29.16953858],[-50.04401934,-29.17050179],[-50.04431498,-29.17120561],[-50.04478992,-29.17180261],[-50.04528202,-29.17233666],[-50.04568639,-29.17282304],[-50.04566541,-29.17316636],[-50.04562726,-29.17355737],[-50.04534116,-29.17364892],[-50.0447556,-29.17356691],[-50.04431499,-29.17321977],[-50.04364169,-29.17280969],[-50.04344714,-29.17277727],[-50.04301989,-29.17272577],[-50.04227411,-29.17261133],[-50.04147492,-29.17249689],[-50.04081688,-29.1724454],[-50.03985939,-29.1723138],[-50.03932532,-29.1723405],[-50.0388256,-29.17252552],[-50.03830679,-29.17273914],[-50.03778799,-29.17320454],[-50.03728445,-29.17363751],[-50.03665693,-29.17435086],[-50.03659971,-29.1746465],[-50.03659399,-29.17523969],[-50.03657301,-29.17564596],[-50.03628691,-29.17580045],[-50.03578909,-29.17584242],[-50.03541524,-29.17582525],[-50.03481061,-29.17588248],[-50.03449017,-29.17583479],[-50.03390652,-29.17561163],[-50.03358799,-29.1754209],[-50.0330749,-29.17509093],[-50.03284411,-29.17494788],[-50.03138689,-29.17496887],[-50.03088906,-29.17496505],[-50.03051331,-29.17510238],[-50.0302253,-29.17547623],[-50.03011468,-29.1759111],[-50.02991631,-29.1761438],[-50.02945283,-29.17634408],[-50.02902367,-29.17660538],[-50.02846863,-29.17688386],[-50.02818062,-29.17720811],[-50.02777054,-29.17748659],[-50.02748252,-29.17768686],[-50.02724983,-29.17793482],[-50.02701713,-29.17815226],[-50.02660323,-29.17861765],[-50.02633239,-29.17911547],[-50.02598907,-29.17962855],[-50.02524138,-29.17974681],[-50.02486754,-29.17980594],[-50.02472258,-29.18008632],[-50.02462912,-29.18047542],[-50.02437926,-29.18058414],[-50.02377653,-29.18040676],[-50.02326154,-29.18026371],[-50.02271031,-29.18021222],[-50.02210568,-29.18028661],[-50.02134082,-29.18032666],[-50.02087543,-29.18049642],[-50.01996371,-29.18108198],[-50.01933619,-29.18151495],[-50.01869341,-29.18193076],[-50.01812311,-29.18192695],[-50.01775117,-29.1817839],[-50.01725335,-29.18174957],[-50.01632828,-29.18178962],[-50.01547378,-29.18189262],[-50.0148329,-29.1818869],[-50.01447813,-29.18194794],[-50.0142607,-29.18225693],[-50.01463073,-29.18257164],[-50.01523345,-29.18282723],[-50.01596016,-29.18306564],[-50.01674027,-29.18336891],[-50.0175757,-29.18338989],[-50.01759287,-29.18351577],[-50.01737924,-29.18357681],[-50.01673837,-29.18366455],[-50.01609559,-29.1837542],[-50.01561493,-29.18385911],[-50.01571793,-29.18425011],[-50.01569886,-29.1844542],[-50.0155024,-29.18457627],[-50.01548333,-29.18454385],[-50.01537842,-29.18434167],[-50.01514763,-29.18435502],[-50.01518196,-29.18454385],[-50.01544709,-29.18474793],[-50.01523156,-29.18483949],[-50.05771071,-29.23259377],[-50.05726248,-29.23292947],[-50.05616384,-29.23342157],[-50.05544095,-29.2339995],[-50.05488972,-29.23455073],[-50.05459981,-29.23562075],[-50.05465894,-29.2364886],[-50.05526549,-29.23712565],[-50.05610473,-29.23747279],[-50.05764016,-29.23796488],[-50.05879793,-29.23819567],[-50.059723,-29.23839975],[-50.06038867,-29.23839975],[-50.06105434,-29.23836923],[-50.06122791,-29.23842836],[-50.06146061,-29.23860192],[-50.06238187,-29.23943543],[-50.06410423,-29.2404387],[-50.06490342,-29.24138093],[-50.06608981,-29.24268174],[-50.06721897,-29.24427437],[-50.06773969,-29.24505639],[-50.06831953,-29.24505639],[-50.0694773,-29.24505638],[-50.0709021,-29.24497245],[-50.0719645,-29.2451422],[-50.07306505,-29.24534438],[-50.07364489,-29.24551795],[-50.07407786,-29.24575064],[-50.07431057,-29.24632857],[-50.07454136,-29.24693701],[-50.07497624,-29.24748633],[-50.0761035,-29.24826834],[-50.07721359,-29.24884817],[-50.0780719,-29.24925253],[-50.07847817,-29.24936697],[-50.07925828,-29.24939748],[-50.07975038,-29.248934],[-50.08067736,-29.24864407],[-50.08105311,-29.2489626],[-50.08170162,-29.24926205],[-50.08226811,-29.24951191],[-50.08276021,-29.24954052],[-50.08325231,-29.24945469],[-50.08368718,-29.24945469],[-50.08417928,-29.24957103],[-50.08478583,-29.25012035],[-50.08585777,-29.25107593],[-50.08663789,-29.25165386],[-50.08716051,-29.2520296],[-50.08776705,-29.2522623],[-50.08834689,-29.25237674],[-50.08927196,-29.25263804],[-50.08979267,-29.252783],[-50.09045835,-29.25289935],[-50.09097906,-29.25272387],[-50.09138532,-29.25240724],[-50.09205099,-29.25214593],[-50.09291884,-29.25214593],[-50.09364173,-29.25214593],[-50.09436653,-29.25179879],[-50.09508942,-29.25139252],[-50.09540795,-29.25139252],[-50.09572648,-29.25174156],[-50.09613084,-29.25191513],[-50.09688425,-29.25231948],[-50.09752131,-29.25269523],[-50.09786846,-29.25269523],[-50.098475,-29.25255027],[-50.09885265,-29.25258078],[-50.09914067,-29.25292792],[-50.09954694,-29.25342002],[-50.100184,-29.25408568],[-50.10096412,-29.25501075],[-50.10137039,-29.25547423],[-50.10177475,-29.25556006],[-50.10217911,-29.25544562],[-50.10327966,-29.25483717],[-50.10469873,-29.25376714],[-50.10547884,-29.25295651],[-50.10591372,-29.2529279],[-50.10605868,-29.25330365],[-50.10623225,-29.25356304],[-50.10669574,-29.25376713],[-50.10718594,-29.2539407],[-50.10762082,-29.25417149],[-50.10793935,-29.2544614],[-50.10825788,-29.25477993],[-50.10843145,-29.25527203],[-50.10840284,-29.255705],[-50.10822928,-29.25605214],[-50.10788214,-29.25654423],[-50.10782301,-29.25689137],[-50.10811293,-29.25715268],[-50.1087786,-29.25758755],[-50.10947289,-29.25784695],[-50.11002221,-29.25778973],[-50.11039986,-29.25752842],[-50.11086335,-29.25741398],[-50.11112275,-29.25755703],[-50.11115137,-29.25767338],[-50.11144129,-29.25793468],[-50.11187617,-29.25810825],[-50.11242549,-29.25796329],[-50.11329334,-29.25767337],[-50.11378544,-29.25770198],[-50.11413258,-29.25781832],[-50.11459607,-29.25799189],[-50.11489553,-29.25844966],[-50.11537809,-29.25820742],[-50.11573858,-29.2578908],[-50.11624975,-29.25744638],[-50.1167552,-29.25710115],[-50.11706991,-29.25683412],[-50.11720724,-29.25659379],[-50.11732168,-29.25625619],[-50.11731214,-29.25536164],[-50.11739988,-29.25507363],[-50.11756391,-29.25476845],[-50.11782331,-29.25433739],[-50.11892194,-29.25280578],[-50.1195323,-29.25207335],[-50.11972494,-29.25190741],[-50.12018843,-29.25132948],[-50.12033529,-29.25114828],[-50.12106009,-29.25018888],[-50.12146063,-29.24984937],[-50.12184401,-29.2497273],[-50.12254211,-29.24952702],[-50.12320587,-29.24928288],[-50.12359688,-29.24900249],[-50.12392113,-29.24872402],[-50.12440941,-29.248148],[-50.12461922,-29.24782565],[-50.12494156,-29.24738887],[-50.12527344,-29.24712756],[-50.12567399,-29.24703982],[-50.1260402,-29.24687388],[-50.12632821,-29.24669077],[-50.12663339,-29.24640276],[-50.12679933,-29.24619486],[-50.12693856,-29.24605371],[-50.12703393,-29.24583627],[-50.12706254,-29.24564935],[-50.12713311,-29.24518014],[-50.12688896,-29.24346352],[-50.1269538,-29.24238015],[-50.12690803,-29.24196434],[-50.12688323,-29.24179077],[-50.12685462,-29.2415905],[-50.12687369,-29.24111366],[-50.12704916,-29.24031067],[-50.12698431,-29.23982429],[-50.12693663,-29.23966598],[-50.1267497,-29.23934936],[-50.12590855,-29.23824882],[-50.12453524,-29.23599052],[-50.12452951,-29.23590087],[-50.12462679,-29.23553466],[-50.12481561,-29.23506354],[-50.12508836,-29.23450278],[-50.12514368,-29.23425864],[-50.12514558,-29.23406981],[-50.12531724,-29.23396299],[-50.12564913,-29.23384855],[-50.12655131,-29.23364446],[-50.1268355,-29.23355672],[-50.12708728,-29.23344037],[-50.12728755,-29.23320005],[-50.1273276,-29.23286817],[-50.12710634,-29.23174092],[-50.12709108,-29.23130414],[-50.12715593,-29.23098942],[-50.12746683,-29.23041721],[-50.12753931,-29.23012539],[-50.12750116,-29.22987553],[-50.12721887,-29.22953792],[-50.12706246,-29.22946163],[-50.12580169,-29.22913929],[-50.12554229,-29.22897335],[-50.12530196,-29.2286987],[-50.12528098,-29.22865292],[-50.12523139,-29.22854229],[-50.12512076,-29.22802731],[-50.12507498,-29.22726437],[-50.12509596,-29.22694202],[-50.12529813,-29.22617526],[-50.12532293,-29.2260799],[-50.12534582,-29.22581668],[-50.12531911,-29.22510715],[-50.1252142,-29.2247581],[-50.1248766,-29.22427363],[-50.12449512,-29.22402759],[-50.1239191,-29.22385783],[-50.12377032,-29.22377773],[-50.12369975,-29.22368999],[-50.12356051,-29.22351642],[-50.12347086,-29.2231998],[-50.12348612,-29.22293658],[-50.12376459,-29.22202868],[-50.12381037,-29.22158617],[-50.12379129,-29.22129626],[-50.12370546,-29.22100062],[-50.12347467,-29.22074694],[-50.12298447,-29.22048182],[-50.12238365,-29.22009272],[-50.12209182,-29.21981425],[-50.12188201,-29.2195415],[-50.12194877,-29.21919245],[-50.12206893,-29.21899409],[-50.12231307,-29.21886248],[-50.12299019,-29.21869654],[-50.1231485,-29.21857828],[-50.12319046,-29.21850389],[-50.12318283,-29.21829981],[-50.1230455,-29.21797746],[-50.12282996,-29.21771043],[-50.12261824,-29.2175197],[-50.1225038,-29.21733659],[-50.12238936,-29.21682733],[-50.12245993,-29.21662134],[-50.12264685,-29.21646112],[-50.12273077,-29.21644014],[-50.12369399,-29.21644395],[-50.12396674,-29.21638863],[-50.12405639,-29.2163295],[-50.12433868,-29.2158889],[-50.12468009,-29.2156295],[-50.12515693,-29.21502487],[-50.12536102,-29.21466819],[-50.12544303,-29.21440879],[-50.12555557,-29.21425811],[-50.12604957,-29.21392051],[-50.12640244,-29.21357528],[-50.12651688,-29.21341124],[-50.12652451,-29.2133998],[-50.12662559,-29.21308699],[-50.12666756,-29.21281233],[-50.12656074,-29.21165648],[-50.12667899,-29.21059217],[-50.12677817,-29.21026029],[-50.12688307,-29.20990362],[-50.12693266,-29.20973577],[-50.12721114,-29.20924939],[-50.12773184,-29.2086047],[-50.12835555,-29.20813549],[-50.12901359,-29.20750415],[-50.12925964,-29.2072047],[-50.12996917,-29.20633685],[-50.130261,-29.2060641],[-50.13056808,-29.20583331],[-50.13162857,-29.20516954],[-50.1321531,-29.20506273],[-50.13224465,-29.20504556],[-50.13291986,-29.20496164],[-50.13418253,-29.20494637],[-50.13493785,-29.2048758],[-50.13547763,-29.20474228],[-50.1365057,-29.2043341],[-50.137179,-29.20393356],[-50.13781033,-29.20343192],[-50.13812123,-29.20313819],[-50.13840924,-29.2028063],[-50.13907872,-29.20177442],[-50.13923703,-29.2014044],[-50.13953267,-29.201042],[-50.13972913,-29.20087033],[-50.13997327,-29.20072156],[-50.14037763,-29.20054608],[-50.14093458,-29.2003706],[-50.14121687,-29.20023518],[-50.14153349,-29.20018749],[-50.14240516,-29.20002346],[-50.14296783,-29.20002536],[-50.14565912,-29.20074633],[-50.14671008,-29.20084742],[-50.14713924,-29.20085505],[-50.14780682,-29.2008169],[-50.14849537,-29.2008436],[-50.14905423,-29.20094087],[-50.14957494,-29.20108201],[-50.15100356,-29.20175149],[-50.1521003,-29.20210625],[-50.15407061,-29.20232559],[-50.15513301,-29.20251442],[-50.15586163,-29.20269752],[-50.15624119,-29.20282722],[-50.1579769,-29.203655],[-50.15967255,-29.20430731],[-50.16024476,-29.20447516],[-50.16060906,-29.20450377],[-50.16110116,-29.20447897],[-50.16162378,-29.20434164],[-50.16185266,-29.20359968],[-50.16268227,-29.18367926],[-50.16192313,-29.18325392],[-50.16099806,-29.18275611],[-50.16053266,-29.18262259],[-50.16014356,-29.18261878],[-50.15987653,-29.18266837],[-50.15943784,-29.18267028],[-50.15897244,-29.18267982],[-50.1580035,-29.18287819],[-50.1567866,-29.183191],[-50.15573374,-29.18333787],[-50.15526453,-29.1833188],[-50.15474191,-29.18318338],[-50.15394463,-29.18273515],[-50.15317023,-29.18245096],[-50.15265143,-29.18232698],[-50.15107595,-29.18185587],[-50.15041981,-29.18167468],[-50.14965687,-29.1816537],[-50.14886722,-29.18163272],[-50.14818819,-29.18148204],[-50.14757974,-29.1812379],[-50.14680344,-29.1808488],[-50.1464563,-29.1807439],[-50.14563614,-29.18060657],[-50.14460234,-29.18065045],[-50.14382223,-29.18060086],[-50.14336637,-29.18043874],[-50.14275983,-29.18039678],[-50.14235165,-29.18045591],[-50.14183285,-29.18052076],[-50.14132168,-29.18054937],[-50.14029742,-29.18052839],[-50.13946772,-29.18041777],[-50.13824128,-29.18030715],[-50.13801812,-29.18026519],[-50.13778924,-29.18011451],[-50.13760231,-29.1798532],[-50.13750694,-29.17913603],[-50.13709686,-29.17847228],[-50.13678214,-29.17788863],[-50.13666769,-29.17751288],[-50.13669821,-29.17715811],[-50.13681646,-29.1768186],[-50.13738485,-29.17590879],[-50.13743826,-29.17578481],[-50.13747641,-29.17553304],[-50.13775488,-29.17506765],[-50.13788839,-29.17456792],[-50.13794561,-29.17419217],[-50.13792654,-29.17382786],[-50.1378655,-29.17361043],[-50.13765378,-29.17341778],[-50.13749928,-29.17318127],[-50.13746876,-29.1726167],[-50.13737721,-29.17223904],[-50.13717884,-29.17189953],[-50.13704532,-29.17145703],[-50.13669055,-29.17117474],[-50.13656085,-29.17098019],[-50.13656848,-29.17086575],[-50.13665049,-29.17053196],[-50.1365761,-29.17011425],[-50.13661043,-29.16975567],[-50.13682024,-29.1695058],[-50.13719027,-29.16941234],[-50.13728945,-29.16933223],[-50.13734286,-29.16912815],[-50.13728945,-29.16868182],[-50.13728945,-29.16847774],[-50.13733904,-29.16824313],[-50.13742296,-29.16811343],[-50.13773196,-29.16787692],[-50.13786166,-29.16765948],[-50.13781969,-29.1671979],[-50.13806765,-29.16703005],[-50.13811342,-29.16657992],[-50.13824694,-29.16648264],[-50.13884203,-29.16636247],[-50.13900988,-29.16611261],[-50.13943332,-29.16601724],[-50.13954394,-29.16589898],[-50.13952105,-29.1657216],[-50.13939898,-29.16541261],[-50.13936846,-29.16520852],[-50.1394562,-29.16490144],[-50.13968508,-29.16471452],[-50.14001696,-29.16469926],[-50.14015429,-29.16464394],[-50.14029925,-29.16437119],[-50.14055865,-29.16423577],[-50.14086001,-29.16419762],[-50.14095157,-29.16410225],[-50.14100497,-29.16392677],[-50.14097064,-29.16377609],[-50.14066165,-29.16356438],[-50.1405205,-29.16349953],[-50.14040606,-29.16328209],[-50.14042513,-29.16311806],[-50.14057772,-29.16282814],[-50.14073412,-29.16266983],[-50.14131014,-29.16228073],[-50.14154284,-29.16213577],[-50.14168399,-29.16188399],[-50.14167254,-29.16171233],[-50.14158099,-29.16152923],[-50.14155047,-29.16134612],[-50.14164202,-29.16123359],[-50.14184039,-29.16109816],[-50.14187472,-29.16088073],[-50.14186709,-29.16071097],[-50.14163057,-29.16024176],[-50.14161531,-29.16006438],[-50.14166109,-29.15996329],[-50.14179079,-29.15987174],[-50.14196627,-29.1599156],[-50.14217226,-29.15991751],[-50.14233629,-29.15986792],[-50.14256518,-29.15976874],[-50.14269488,-29.1598622],[-50.14286654,-29.15977064],[-50.14298289,-29.1599671],[-50.14313357,-29.15994993],[-50.14322131,-29.15978399],[-50.14323275,-29.1596829],[-50.14323466,-29.15947119],[-50.14323657,-29.15927091],[-50.1431679,-29.15895238],[-50.14324801,-29.15878835],[-50.14341586,-29.1586968],[-50.14375155,-29.1586205],[-50.1440224,-29.15842214],[-50.14441531,-29.15793958],[-50.14457553,-29.15761342],[-50.14464038,-29.1574799],[-50.14501422,-29.15695728],[-50.14578479,-29.15595401],[-50.14618152,-29.15559161],[-50.14679187,-29.15495837],[-50.1471352,-29.15475237],[-50.14738697,-29.15471804],[-50.14752811,-29.15462458],[-50.14773029,-29.1544739],[-50.14811176,-29.15399134],[-50.14834446,-29.15333139],[-50.14855808,-29.15309869],[-50.14869541,-29.15301477],[-50.14922947,-29.15281831],[-50.14951939,-29.1524273],[-50.14963765,-29.15232621],[-50.14992375,-29.15217362],[-50.15046544,-29.15194855],[-50.1508698,-29.15151367],[-50.15126272,-29.15140686],[-50.15140005,-29.15132293],[-50.15144582,-29.1511856],[-50.15145345,-29.15067825],[-50.15159841,-29.15051994],[-50.15171667,-29.15044746],[-50.15177389,-29.1503559],[-50.15224691,-29.15013083],[-50.15239569,-29.15005835],[-50.15261694,-29.14988288],[-50.1527886,-29.14969023],[-50.15295263,-29.14941176],[-50.1529183,-29.14903029],[-50.15264745,-29.14845808],[-50.15243763,-29.14742048],[-50.15217441,-29.14598234],[-50.1521973,-29.14560468],[-50.15228885,-29.14516408],[-50.15244525,-29.1449085],[-50.1526398,-29.14463956],[-50.15275424,-29.14433247],[-50.15299075,-29.1439243],[-50.15337604,-29.14353901],[-50.15403217,-29.14305836],[-50.15449375,-29.14278179],[-50.15496296,-29.142551],[-50.15606542,-29.14211421],[-50.15635152,-29.14196734],[-50.15659948,-29.14179186],[-50.15677495,-29.14158778],[-50.15688176,-29.1413608],[-50.15697332,-29.14104227],[-50.15696568,-29.14052919],[-50.15678639,-29.13970712],[-50.15645069,-29.13880495],[-50.15631717,-29.13832811],[-50.15597384,-29.13713792],[-50.15579073,-29.13663438],[-50.15578691,-29.13628152],[-50.15597002,-29.13601449],[-50.15642015,-29.13569977],[-50.15664522,-29.13545563],[-50.15681307,-29.13520577],[-50.15691607,-29.1349559],[-50.15692751,-29.13445236],[-50.15683214,-29.13400604],[-50.15673677,-29.13380958],[-50.15624085,-29.13307525],[-50.15590134,-29.13269188],[-50.15559234,-29.13250877],[-50.15511169,-29.13229324],[-50.15488662,-29.13216163],[-50.15454329,-29.13180687],[-50.15437162,-29.13139488],[-50.1542114,-29.13044693],[-50.15400159,-29.13001968],[-50.15379559,-29.12974884],[-50.15252147,-29.12909271],[-50.15207896,-29.12875892],[-50.15155443,-29.12826111],[-50.15140947,-29.12790062],[-50.15052826,-29.12716247],[-50.15017921,-29.12669899],[-50.14994651,-29.12619926],[-50.1498397,-29.12578155],[-50.14999992,-29.12570144],[-50.15028221,-29.12549354],[-50.15047676,-29.12526084],[-50.15082771,-29.12463523],[-50.1509307,-29.12451125],[-50.15141517,-29.12407446],[-50.1516822,-29.12388945],[-50.15193779,-29.12373686],[-50.15247185,-29.12352896],[-50.1528991,-29.12362242],[-50.15331491,-29.12366056],[-50.15359338,-29.12349081],[-50.15388711,-29.12316846],[-50.15426859,-29.12294721],[-50.15447458,-29.12277173],[-50.15464624,-29.12240361],[-50.1546882,-29.12217473],[-50.15480264,-29.12192486],[-50.15499719,-29.12175511],[-50.155413,-29.12177036],[-50.15560755,-29.121675],[-50.15571818,-29.12156055],[-50.15596613,-29.12141369],[-50.15612254,-29.12142132],[-50.15638194,-29.1214957],[-50.15690074,-29.12148807],[-50.15728984,-29.1215987],[-50.15799938,-29.12202022],[-50.1587013,-29.12204692],[-50.15923154,-29.12198779],[-50.15951765,-29.1220183],[-50.1597389,-29.12215563],[-50.16000212,-29.12241503],[-50.16022719,-29.12270113],[-50.16052474,-29.12292429],[-50.16078414,-29.12297198],[-50.16140213,-29.12324854],[-50.16192093,-29.12339541],[-50.16212311,-29.12349268],[-50.16239014,-29.12350031],[-50.16245881,-29.12341066],[-50.16239777,-29.12296434],[-50.16240921,-29.12250848],[-50.16247788,-29.12228151],[-50.1627182,-29.12190767],[-50.16283264,-29.12161775],[-50.16273728,-29.12136026],[-50.16247406,-29.12108369],[-50.16232528,-29.12085481],[-50.16230239,-29.12063355],[-50.16236724,-29.12047334],[-50.16247787,-29.12037797],[-50.1627983,-29.12022538],[-50.16283645,-29.1201262],[-50.16274871,-29.11977143],[-50.16280212,-29.11939759],[-50.16286315,-29.11924118],[-50.16317596,-29.11906571],[-50.16331329,-29.11907715],[-50.16355362,-29.11918777],[-50.16382446,-29.11911529],[-50.16420593,-29.11856025],[-50.16449967,-29.11842483],[-50.16461792,-29.11843627],[-50.16474762,-29.11850494],[-50.16499558,-29.11883872],[-50.1655182,-29.11916106],[-50.16574327,-29.11954253],[-50.16594927,-29.1197161],[-50.16615526,-29.11979621],[-50.16637652,-29.11978095],[-50.16652148,-29.11975425],[-50.16672747,-29.11963981],[-50.16713946,-29.11942046],[-50.16741412,-29.11918967],[-50.16755908,-29.11896269],[-50.16758578,-29.1187567],[-50.16743319,-29.11842482],[-50.16716616,-29.11796705],[-50.16665498,-29.1174864],[-50.16630402,-29.1168627],[-50.1660637,-29.11666243],[-50.1658577,-29.11654608],[-50.16574326,-29.11642592],[-50.16571655,-29.11627142],[-50.16574326,-29.11612455],[-50.16591492,-29.11601202],[-50.16630402,-29.11614553],[-50.16673127,-29.11609594],[-50.16675416,-29.11581175],[-50.16665879,-29.11550275],[-50.1666626,-29.11509267],[-50.16663208,-29.11498968],[-50.16639938,-29.11471502],[-50.16625061,-29.11442891],[-50.1662506,-29.11371175],[-50.1662506,-29.1130499],[-50.16632308,-29.11270848],[-50.16653289,-29.11237851],[-50.16723861,-29.11169186],[-50.16755905,-29.11166515],[-50.16810074,-29.11189785],[-50.16826477,-29.11187687],[-50.16889038,-29.11144771],[-50.16937867,-29.11119975],[-50.16956178,-29.11113871],[-50.16984788,-29.11107768],[-50.16999284,-29.11107768],[-50.17027513,-29.1111368],[-50.17056123,-29.11111582],[-50.17082826,-29.11099757],[-50.17131273,-29.11069239],[-50.17149965,-29.11061419],[-50.17193072,-29.11050356],[-50.17241137,-29.1102556],[-50.17256015,-29.11014879],[-50.17267459,-29.1100229],[-50.17289584,-29.10958039],[-50.17298739,-29.1094793],[-50.17349475,-29.10941254],[-50.17375797,-29.10931145],[-50.17408603,-29.10909592],[-50.17443317,-29.10886322],[-50.17542881,-29.10805641],[-50.17567295,-29.10762534],[-50.17576451,-29.10735259],[-50.17574924,-29.10694251],[-50.17560047,-29.10654197],[-50.17537158,-29.1062654],[-50.17517703,-29.1063169],[-50.17426913,-29.10672126],[-50.17371218,-29.10683952],[-50.1734833,-29.10683762],[-50.17308656,-29.10678421],[-50.17283479,-29.10671936],[-50.1725792,-29.10661637],[-50.17172852,-29.1061586],[-50.17082824,-29.1058706],[-50.17038955,-29.10578858],[-50.1692909,-29.10572564],[-50.16665492,-29.10527742],[-50.16599497,-29.10520495],[-50.16511377,-29.1051649],[-50.16269523,-29.10514965],[-50.16137534,-29.10507336],[-50.16093664,-29.10501423],[-50.15873554,-29.10475102],[-50.15718676,-29.10448972],[-50.15656496,-29.10436765],[-50.15470719,-29.10387747],[-50.15367339,-29.10367339],[-50.151396,-29.10340827],[-50.15036221,-29.10336822],[-50.1493246,-29.10341782],[-50.1472532,-29.10367723],[-50.1460096,-29.10388513],[-50.14455619,-29.10420557],[-50.14279761,-29.10481593],[-50.14163412,-29.10529469],[-50.14101232,-29.10548542],[-50.14059651,-29.10556744],[-50.13976872,-29.10563039]]]]},"geometry_name":"geom","properties":{"id_unid_conserv":194,"Nome":"Parque Nacional De Aparados Da Serra","Codigo_UC":"0000.00.0158","Ano_Criacao":"1959","Ato_Criacao":"DEC 47.446, de 17/12/1959;DEC 70.296, de 17/03/1972","Jurisdicao":"Federal","Categoria":"PARNA","Grupo":"PI","Abrangencia_UF":"SC/RS","Agrangencia_Mun":"Cambará do Sul, Praia Grande.","Abrangencia_Fuso":"22S","dt_ini":"2013-01-01Z","dt_fim":"2029-10-30Z"}},{"type":"Feature","id":"vw_icmbio_unid_conserv.fid-5c8cc48d_196ac1ca94f_-78df","geometry":{"type":"MultiPolygon","coordinates":[[[[-50.13997327,-29.20072156],[-50.13972913,-29.20087033],[-50.13953267,-29.201042],[-50.13923703,-29.2014044],[-50.13907872,-29.20177442],[-50.13840924,-29.2028063],[-50.13812123,-29.20313819],[-50.13781033,-29.20343192],[-50.137179,-29.20393356],[-50.1365057,-29.2043341],[-50.13547763,-29.20474228],[-50.13493785,-29.2048758],[-50.13418253,-29.20494637],[-50.13291986,-29.20496164],[-50.13224465,-29.20504556],[-50.1321531,-29.20506273],[-50.13162857,-29.20516954],[-50.13056808,-29.20583331],[-50.130261,-29.2060641],[-50.12996917,-29.20633685],[-50.12925964,-29.2072047],[-50.12901359,-29.20750415],[-50.12835555,-29.20813549],[-50.12773184,-29.2086047],[-50.12721114,-29.20924939],[-50.12693266,-29.20973577],[-50.12688307,-29.20990362],[-50.12677817,-29.21026029],[-50.12667899,-29.21059217],[-50.12656074,-29.21165647],[-50.12666756,-29.21281233],[-50.12662559,-29.21308699],[-50.12652451,-29.2133998],[-50.12651688,-29.21341124],[-50.12640244,-29.21357527],[-50.12604957,-29.21392051],[-50.12555557,-29.21425811],[-50.12544303,-29.21440879],[-50.12536102,-29.21466819],[-50.12515693,-29.21502487],[-50.12468009,-29.2156295],[-50.12433868,-29.2158889],[-50.12405639,-29.2163295],[-50.12396675,-29.21638863],[-50.12369399,-29.21644395],[-50.12273077,-29.21644014],[-50.12264685,-29.21646112],[-50.12245993,-29.21662134],[-50.12238936,-29.21682733],[-50.1225038,-29.21733659],[-50.12261824,-29.2175197],[-50.12282996,-29.21771043],[-50.1230455,-29.21797746],[-50.12318283,-29.2182998],[-50.12319046,-29.21850389],[-50.1231485,-29.21857828],[-50.12299019,-29.21869654],[-50.12231307,-29.21886248],[-50.12206893,-29.21899409],[-50.12194877,-29.21919245],[-50.12188544,-29.21952358],[-50.12209182,-29.21981425],[-50.12238365,-29.22009272],[-50.12269394,-29.22029367],[-50.12269398,-29.2202937],[-50.12301565,-29.22049868],[-50.12325732,-29.22062939],[-50.12347467,-29.22074694],[-50.12370546,-29.22100062],[-50.12379129,-29.22129626],[-50.12381037,-29.22158617],[-50.12376459,-29.22202868],[-50.12348612,-29.22293658],[-50.12347086,-29.2231998],[-50.12350208,-29.22331005],[-50.12356051,-29.22351642],[-50.12375135,-29.22375413],[-50.1239191,-29.22385783],[-50.12414373,-29.22392403],[-50.12449512,-29.22402759],[-50.12468082,-29.22414736],[-50.1248766,-29.22427363],[-50.1252142,-29.2247581],[-50.12531911,-29.22510715],[-50.12534582,-29.22581668],[-50.12532293,-29.2260799],[-50.12529813,-29.22617526],[-50.12509596,-29.22694202],[-50.12507498,-29.22726437],[-50.12512076,-29.22802731],[-50.12522681,-29.22852099],[-50.12523139,-29.22854229],[-50.12531146,-29.22870956],[-50.12554229,-29.22897335],[-50.12580169,-29.22913929],[-50.12701663,-29.22944991],[-50.12706246,-29.22946163],[-50.12721887,-29.22953792],[-50.12750116,-29.22987552],[-50.12753931,-29.23012539],[-50.12746683,-29.23041721],[-50.12715593,-29.23098942],[-50.12709108,-29.23130414],[-50.12710634,-29.23174092],[-50.1273276,-29.23286817],[-50.12728755,-29.23320005],[-50.12708728,-29.23344037],[-50.12683551,-29.23355672],[-50.12655131,-29.23364446],[-50.12564913,-29.23384855],[-50.12531724,-29.23396299],[-50.12514558,-29.23406981],[-50.12514368,-29.23425864],[-50.12508836,-29.23450278],[-50.12481561,-29.23506354],[-50.12462679,-29.23553466],[-50.12452951,-29.23590087],[-50.12453524,-29.23599052],[-50.12590855,-29.23824882],[-50.1267497,-29.23934936],[-50.12693663,-29.23966598],[-50.12698431,-29.23982429],[-50.12704916,-29.24031066],[-50.12687369,-29.24111366],[-50.12685462,-29.2415905],[-50.12688323,-29.24179077],[-50.12690803,-29.24196434],[-50.1269538,-29.24238015],[-50.12688896,-29.24346352],[-50.12713311,-29.24518014],[-50.12706254,-29.24564935],[-50.12703393,-29.24583627],[-50.12693856,-29.24605371],[-50.12679933,-29.24619485],[-50.12663339,-29.24640276],[-50.12632821,-29.24669077],[-50.1260402,-29.24687388],[-50.12567399,-29.24703982],[-50.12527344,-29.24712756],[-50.12494156,-29.24738887],[-50.12461922,-29.24782565],[-50.12440941,-29.24814799],[-50.12392113,-29.24872402],[-50.12359688,-29.24900249],[-50.12320587,-29.24928288],[-50.12254211,-29.24952702],[-50.12184401,-29.2497273],[-50.12146063,-29.24984937],[-50.12106009,-29.25018888],[-50.12033529,-29.25114828],[-50.12018843,-29.25132948],[-50.11972494,-29.25190741],[-50.1195323,-29.25207335],[-50.11892194,-29.25280578],[-50.11782331,-29.25433739],[-50.11756391,-29.25476845],[-50.11739988,-29.25507363],[-50.11731214,-29.25536164],[-50.11732168,-29.25625619],[-50.11720724,-29.25659379],[-50.11706991,-29.25683412],[-50.1167552,-29.25710115],[-50.11624975,-29.25744638],[-50.11584247,-29.25780048],[-50.14050631,-29.25479972],[-50.14870638,-29.2578997],[-50.17310657,-29.25459959],[-50.17306568,-29.25387768],[-50.17250651,-29.24399955],[-50.16770642,-29.23179953],[-50.16180635,-29.22729955],[-50.15310624,-29.22009955],[-50.15150618,-29.21269955],[-50.15790622,-29.2087995],[-50.1606489,-29.20450176],[-50.16060906,-29.20450377],[-50.16024476,-29.20447516],[-50.15967255,-29.20430731],[-50.1579769,-29.203655],[-50.15624119,-29.20282722],[-50.15586163,-29.20269752],[-50.15513301,-29.20251442],[-50.15407061,-29.20232559],[-50.1521003,-29.20210625],[-50.15100356,-29.20175149],[-50.14957494,-29.20108201],[-50.14905423,-29.20094087],[-50.14849538,-29.2008436],[-50.14780682,-29.2008169],[-50.14713924,-29.20085505],[-50.14671008,-29.20084742],[-50.14565912,-29.20074633],[-50.14296783,-29.20002536],[-50.14240516,-29.20002346],[-50.14153349,-29.20018749],[-50.14121687,-29.20023518],[-50.14093458,-29.2003706],[-50.14037763,-29.20054608],[-50.13997327,-29.20072156]]],[[[-49.94574197,-29.01068255],[-49.94551554,-29.01073491],[-49.94475397,-29.01050963],[-49.94428977,-29.01051953],[-49.94366718,-29.01076551],[-49.94287913,-29.01092177],[-49.94208483,-29.01118718],[-49.9415908,-29.01120494],[-49.94112102,-29.01125992],[-49.94064867,-29.01136451],[-49.94022156,-29.01136935],[-49.92970341,-29.01939975],[-49.91931062,-29.04192587],[-49.91958881,-29.04233244],[-49.9198249,-29.04254011],[-49.92014859,-29.04272141],[-49.9206709,-29.04286278],[-49.92118989,-29.04292562],[-49.92182331,-29.04295237],[-49.92232057,-29.04283991],[-49.92393859,-29.04288992],[-49.9246128,-29.04284477],[-49.92585985,-29.04262281],[-49.92621439,-29.0425029],[-49.92676962,-29.04224201],[-49.92711063,-29.04213823],[-49.92748917,-29.04207989],[-49.92815875,-29.04208526],[-49.92872521,-29.04222694],[-49.92931811,-29.0424952],[-49.92980315,-29.04266603],[-49.93016649,-29.04268968],[-49.93049061,-29.04262819],[-49.93085947,-29.0425138],[-49.9310557,-29.04250723],[-49.93124308,-29.04256288],[-49.93152369,-29.04273839],[-49.93169897,-29.04277499],[-49.93206761,-29.04277881],[-49.93225397,-29.04283264],[-49.93284793,-29.04320018],[-49.93318817,-29.04336894],[-49.93369952,-29.04347769],[-49.93393153,-29.04348856],[-49.93407787,-29.04354025],[-49.93453234,-29.04378935],[-49.93487758,-29.04387422],[-49.93502098,-29.0438602],[-49.93515721,-29.04384756],[-49.91640346,-29.0547999],[-49.90900346,-29.06899999],[-49.91522026,-29.07409239],[-49.90670352,-29.08340004],[-49.91640365,-29.09350005],[-49.92937579,-29.08702482],[-49.92943165,-29.08697962],[-49.93086801,-29.08608678],[-49.93179606,-29.08526567],[-49.93216163,-29.08508446],[-49.92820377,-29.09890001],[-49.93920387,-29.09729995],[-49.93790387,-29.10049997],[-49.9279038,-29.10550004],[-49.93979706,-29.11191231],[-49.93992726,-29.11187406],[-49.9410598,-29.11154143],[-49.9416312,-29.11134017],[-49.94219649,-29.11123723],[-49.943341,-29.11136719],[-49.94373391,-29.11143979],[-49.94450496,-29.11151264],[-49.94643411,-29.11180036],[-49.94698991,-29.11181918],[-49.94740223,-29.11179985],[-49.94777914,-29.11172429],[-49.94876642,-29.11145677],[-49.9493129,-29.11138072],[-49.950479,-29.11111007],[-49.95088354,-29.11104646],[-49.95188337,-29.11075195],[-49.94690403,-29.119],[-49.95083526,-29.12666414],[-49.9490041,-29.13140003],[-49.95987272,-29.13485949],[-49.95989968,-29.13495691],[-49.95992529,-29.13504941],[-49.96017107,-29.1355486],[-49.96052566,-29.13606672],[-49.96058713,-29.13629189],[-49.96087658,-29.13663888],[-49.96153408,-29.13698694],[-49.96170447,-29.13721658],[-49.9618285,-29.1375587],[-49.96202362,-29.13788511],[-49.96235936,-29.13802939],[-49.96252693,-29.13802527],[-49.96305462,-29.13809523],[-49.96331062,-29.13819018],[-49.96339323,-29.13825761],[-49.96351277,-29.13863938],[-49.96360709,-29.13876646],[-49.96409825,-29.13909519],[-49.96433945,-29.1393389],[-49.96462087,-29.13947322],[-49.95430429,-29.1570001],[-49.96100432,-29.15680008],[-49.97740444,-29.15210001],[-49.98752088,-29.15241101],[-49.98873511,-29.15949032],[-49.98250455,-29.16650003],[-49.99080464,-29.1681],[-49.99404248,-29.17169874],[-49.99640475,-29.18230003],[-49.99645758,-29.1825388],[-49.99676085,-29.18244742],[-49.99709876,-29.18244995],[-49.99757895,-29.18245354],[-49.99811219,-29.18248876],[-49.998503,-29.18253849],[-49.9990709,-29.18266762],[-49.99951554,-29.18267095],[-49.9999074,-29.18261143],[-50.00013937,-29.18253513],[-50.00065407,-29.18264822],[-50.00109794,-29.18272957],[-50.00166659,-29.18278065],[-50.00203889,-29.18290829],[-50.00241235,-29.18291108],[-50.00310717,-29.18279138],[-50.00357004,-29.182748],[-50.00426274,-29.18284681],[-50.00499358,-29.18268054],[-50.00538485,-29.18268345],[-50.0056141,-29.18288806],[-50.00543475,-29.1830428],[-50.0051675,-29.18308765],[-50.0049523,-29.18327335],[-50.00504001,-29.18339887],[-50.00523368,-29.18360323],[-50.00548118,-29.18376111],[-50.00560612,-29.18371524],[-50.00528749,-29.1835568],[-50.00527212,-29.18330695],[-50.00550423,-29.18321503],[-50.00571764,-29.18321661],[-50.00632203,-29.1832523],[-50.00719438,-29.1831651],[-50.00781823,-29.18302929],[-50.00817663,-29.18275098],[-50.00855254,-29.18250404],[-50.00890747,-29.18258469],[-50.0091007,-29.18283587],[-50.00902715,-29.18308505],[-50.00867026,-29.18320729],[-50.00836716,-29.18328307],[-50.00827629,-29.18348531],[-50.00831021,-29.18365726],[-50.00879145,-29.18355157],[-50.00914952,-29.18330449],[-50.00949197,-29.18283876],[-50.01004481,-29.18268674],[-50.01017096,-29.182516],[-50.0101768,-29.18190736],[-50.01011137,-29.18131373],[-50.01013272,-29.18093927],[-50.01029714,-29.18048788],[-50.01045794,-29.180411],[-50.01059978,-29.18045887],[-50.0106833,-29.18102139],[-50.01083918,-29.18145958],[-50.01102957,-29.18200729],[-50.01109561,-29.18253845],[-50.01109172,-29.18294425],[-50.01110637,-29.18327212],[-50.01140781,-29.183368],[-50.01165725,-29.18332301],[-50.01256639,-29.18311118],[-50.01318887,-29.18311579],[-50.01345518,-29.18316459],[-50.01384422,-29.18340159],[-50.01523156,-29.18483949],[-50.01544709,-29.18474793],[-50.01518196,-29.18454385],[-50.01514763,-29.18435502],[-50.01537842,-29.18434167],[-50.01548333,-29.18454385],[-50.0155024,-29.18457627],[-50.01569886,-29.1844542],[-50.01571793,-29.18425011],[-50.01561493,-29.18385911],[-50.01609559,-29.1837542],[-50.01673837,-29.18366455],[-50.01737924,-29.18357681],[-50.01759287,-29.18351577],[-50.0175757,-29.18338989],[-50.01674028,-29.18336891],[-50.01596016,-29.18306564],[-50.01523346,-29.18282723],[-50.01463073,-29.18257164],[-50.0142607,-29.18225693],[-50.01447813,-29.18194794],[-50.0148329,-29.1818869],[-50.01547378,-29.18189262],[-50.01632828,-29.18178962],[-50.01725335,-29.18174956],[-50.01775117,-29.1817839],[-50.01812311,-29.18192694],[-50.01869341,-29.18193076],[-50.01933619,-29.18151495],[-50.01996371,-29.18108198],[-50.02087543,-29.18049642],[-50.02134082,-29.18032666],[-50.02210568,-29.18028661],[-50.02271031,-29.18021222],[-50.02326154,-29.18026371],[-50.02377653,-29.18040676],[-50.02437926,-29.18058414],[-50.02462912,-29.18047542],[-50.02472258,-29.18008632],[-50.02486754,-29.17980594],[-50.02524138,-29.17974681],[-50.02598907,-29.17962855],[-50.02633239,-29.17911547],[-50.02660323,-29.17861765],[-50.02701713,-29.17815226],[-50.02724983,-29.17793482],[-50.02748252,-29.17768686],[-50.02777054,-29.17748659],[-50.02818062,-29.17720811],[-50.02846863,-29.17688386],[-50.02902367,-29.17660538],[-50.02945283,-29.17634408],[-50.02991631,-29.1761438],[-50.03011468,-29.1759111],[-50.0302253,-29.17547623],[-50.03051331,-29.17510238],[-50.03088906,-29.17496505],[-50.03138689,-29.17496887],[-50.03284411,-29.17494788],[-50.0330749,-29.17509093],[-50.03358799,-29.1754209],[-50.03390652,-29.17561163],[-50.03449017,-29.17583479],[-50.03481061,-29.17588248],[-50.03541524,-29.17582525],[-50.03578909,-29.17584242],[-50.03628691,-29.17580045],[-50.03657301,-29.17564596],[-50.03659399,-29.17523969],[-50.03659971,-29.1746465],[-50.03665693,-29.17435086],[-50.03728445,-29.17363751],[-50.03778799,-29.17320454],[-50.03830679,-29.17273914],[-50.0388256,-29.17252552],[-50.03932532,-29.1723405],[-50.03985939,-29.17231379],[-50.04081688,-29.1724454],[-50.04147492,-29.17249689],[-50.04227411,-29.17261133],[-50.04301989,-29.17272577],[-50.04344714,-29.17277727],[-50.04364169,-29.17280969],[-50.04431499,-29.17321977],[-50.0447556,-29.17356691],[-50.04534116,-29.17364892],[-50.04562726,-29.17355737],[-50.04566541,-29.17316636],[-50.04568639,-29.17282304],[-50.04528202,-29.17233666],[-50.04478992,-29.17180261],[-50.04431498,-29.17120561],[-50.04401934,-29.17050179],[-50.04452669,-29.16953858],[-50.04497873,-29.16869743],[-50.04530489,-29.16796691],[-50.04552233,-29.16765601],[-50.04556429,-29.16698462],[-50.04558527,-29.16645438],[-50.04550325,-29.16579825],[-50.0458294,-29.16508299],[-50.04630052,-29.16425901],[-50.04655229,-29.16383939],[-50.04698716,-29.16309361],[-50.04747354,-29.16234784],[-50.04778253,-29.16172604],[-50.04784165,-29.16105465],[-50.04779396,-29.16038326],[-50.04753456,-29.15966419],[-50.04736671,-29.15856937],[-50.04733428,-29.15819553],[-50.04767569,-29.15782168],[-50.04794463,-29.15759089],[-50.04865417,-29.15765765],[-50.04934655,-29.15777209],[-50.0498253,-29.15797808],[-50.05009042,-29.15813639],[-50.05075037,-29.15803148],[-50.05128443,-29.15792657],[-50.05173075,-29.15777398],[-50.05196154,-29.15774347],[-50.05223048,-29.15751077],[-50.05237734,-29.15699769],[-50.05248797,-29.15651513],[-50.05286372,-29.15622139],[-50.05316699,-29.15611267],[-50.05418171,-29.15601158],[-50.05508961,-29.15592384],[-50.05644384,-29.15574645],[-50.05781333,-29.1555538],[-50.05907791,-29.15538976],[-50.05961006,-29.15544126],[-50.06019944,-29.15535161],[-50.06043213,-29.1550884],[-50.06115311,-29.15412518],[-50.06175202,-29.15277095],[-50.06220597,-29.15169711],[-50.06233376,-29.15133853],[-50.06248062,-29.15087123],[-50.06267899,-29.15042109],[-50.06321686,-29.14995569],[-50.06350297,-29.14970774],[-50.06403893,-29.14957231],[-50.06485719,-29.14949983],[-50.06565638,-29.14949029],[-50.06658336,-29.14940255],[-50.06736538,-29.14929764],[-50.06823704,-29.1492099],[-50.06904004,-29.1489505],[-50.07043432,-29.14810172],[-50.07118773,-29.14745131],[-50.07234549,-29.14727201],[-50.07362534,-29.14718808],[-50.07469346,-29.1470393],[-50.07531717,-29.1469344],[-50.07569292,-29.1467799],[-50.07610681,-29.14622104],[-50.07627084,-29.14572322],[-50.07657602,-29.14544475],[-50.07686022,-29.14532077],[-50.07746485,-29.14535701],[-50.07812289,-29.14545428],[-50.07853107,-29.14548861],[-50.07890491,-29.14546],[-50.07929592,-29.14532267],[-50.07968884,-29.14515291],[-50.07999401,-29.14481149],[-50.08020955,-29.14459596],[-50.08056813,-29.14420686],[-50.08078557,-29.14392839],[-50.08089619,-29.14342866],[-50.0810793,-29.14288506],[-50.08136731,-29.1424807],[-50.08161717,-29.14231095],[-50.08209782,-29.14220413],[-50.08263379,-29.14202102],[-50.08290082,-29.14183601],[-50.08338529,-29.14146407],[-50.08376104,-29.1411856],[-50.08415396,-29.14082892],[-50.08429892,-29.14051802],[-50.08485205,-29.14045889],[-50.0854357,-29.14069731],[-50.08596786,-29.14085752],[-50.08662399,-29.14100248],[-50.08715615,-29.14111501],[-50.08772645,-29.14113409],[-50.0882052,-29.14118558],[-50.08854471,-29.14104634],[-50.08884989,-29.14073735],[-50.08903109,-29.14037877],[-50.08930193,-29.13983517],[-50.08955561,-29.13935261],[-50.0897883,-29.13907223],[-50.09018313,-29.13874797],[-50.09084116,-29.13859538],[-50.09127032,-29.13833407],[-50.09193027,-29.13821391],[-50.09234035,-29.13799838],[-50.09284008,-29.13781336],[-50.09310711,-29.13769129],[-50.09355534,-29.13730409],[-50.09403981,-29.13677576],[-50.09466923,-29.13604714],[-50.09520711,-29.13548829],[-50.09551419,-29.13497521],[-50.09592618,-29.13455749],[-50.09650029,-29.13402916],[-50.09689321,-29.13373542],[-50.09732427,-29.13328528],[-50.09782972,-29.13241553],[-50.09835043,-29.13168501],[-50.09849538,-29.13151525],[-50.0979756,-29.13082901],[-50.09792253,-29.13035369],[-50.09790534,-29.13019948],[-50.09720529,-29.12169944],[-50.08330514,-29.11759949],[-50.07840509,-29.11269948],[-50.07200497,-29.09979948],[-50.06610494,-29.10319952],[-50.05870485,-29.10009953],[-50.05410483,-29.09979955],[-50.03380468,-29.10229963],[-50.01770457,-29.1096997],[-50.00900454,-29.11669976],[-50.00701368,-29.11522509],[-50.00360446,-29.11269976],[-50.00460445,-29.10749975],[-49.99178485,-29.098697],[-50.00690436,-29.08679968],[-50.01540442,-29.08159964],[-50.01770441,-29.07599959],[-50.01380435,-29.07049959],[-50.00670426,-29.06649962],[-50.00000421,-29.06329963],[-49.99970089,-29.06317663],[-49.99943414,-29.06314215],[-49.99858199,-29.0626692],[-49.99805055,-29.06228257],[-49.99746772,-29.06179176],[-49.99728173,-29.06169201],[-49.99658829,-29.06106409],[-49.99625349,-29.06052188],[-49.99603011,-29.0599408],[-49.99591744,-29.05979917],[-49.99571865,-29.05964154],[-49.99563455,-29.05952268],[-49.99559778,-29.05886629],[-49.99537123,-29.05818227],[-49.99494494,-29.05765473],[-49.99445135,-29.05696783],[-49.99442015,-29.05679612],[-49.99455107,-29.05621858],[-49.99445424,-29.05624675],[-49.99419435,-29.05624931],[-49.99382703,-29.05610126],[-49.99341142,-29.05606023],[-49.99277034,-29.05617907],[-49.9924038,-29.05616457],[-49.99228023,-29.05609055],[-49.99190968,-29.05616809],[-49.99143163,-29.05642444],[-49.99100144,-29.05640222],[-49.99057611,-29.05662377],[-49.99039229,-29.05661878],[-49.99019682,-29.05654151],[-49.98978473,-29.05624688],[-49.98953346,-29.056208],[-49.98934538,-29.0562192],[-49.98882388,-29.05597792],[-49.98863132,-29.05592141],[-49.98827623,-29.05588987],[-49.98772605,-29.05595793],[-49.98737994,-29.05584791],[-49.98713132,-29.05556537],[-49.98702336,-29.0554427],[-49.98690962,-29.05541476],[-49.9867298,-29.05542062],[-49.98649469,-29.05551271],[-49.98615645,-29.05575746],[-49.98591021,-29.05583411],[-49.9855692,-29.05583153],[-49.98519804,-29.05576284],[-49.98466646,-29.0557146],[-49.98410538,-29.05573924],[-49.98354274,-29.05560953],[-49.98266115,-29.05563985],[-49.98229769,-29.05562267],[-49.98193538,-29.05569934],[-49.98150686,-29.05592982],[-49.98108722,-29.05598621],[-49.98051082,-29.05579411],[-49.98011072,-29.05553476],[-49.97973004,-29.05518169],[-49.97959215,-29.05510123],[-49.97933848,-29.05478523],[-49.97891424,-29.05437135],[-49.97872506,-29.05428511],[-49.97797443,-29.05405736],[-49.977709,-29.05389198],[-49.97752285,-29.05370825],[-49.97722768,-29.05332965],[-49.97686591,-29.05262294],[-49.97662283,-29.05196316],[-49.97583803,-29.05061875],[-49.97551523,-29.0503356],[-49.97510018,-29.05003551],[-49.97436909,-29.04970412],[-49.97401718,-29.04945504],[-49.97378971,-29.04919427],[-49.97361834,-29.04886626],[-49.97319067,-29.04828537],[-49.97306182,-29.04802176],[-49.97299823,-29.04780467],[-49.97300144,-29.04778122],[-49.97307904,-29.04721504],[-49.97130385,-29.03969965],[-49.96484369,-29.034689],[-49.96471892,-29.03422688],[-49.96429542,-29.03354673],[-49.96410884,-29.03299925],[-49.96399806,-29.03278181],[-49.96379498,-29.0325501],[-49.96302551,-29.03196383],[-49.96274919,-29.03166478],[-49.96261484,-29.03143992],[-49.96249451,-29.0310482],[-49.96248634,-29.03083877],[-49.96260047,-29.03041364],[-49.96261896,-29.03010514],[-49.96232894,-29.02973827],[-49.96185887,-29.02940523],[-49.96155775,-29.02912132],[-49.96150734,-29.02903366],[-49.96134983,-29.02875961],[-49.96119164,-29.02804631],[-49.9608957,-29.02765413],[-49.96035257,-29.02713278],[-49.96024738,-29.02697583],[-49.9601664,-29.02675499],[-49.96014402,-29.02632343],[-49.96000115,-29.02613281],[-49.95967142,-29.02583603],[-49.95952,-29.02557581],[-49.95949232,-29.02546911],[-49.95950938,-29.02530228],[-49.95965144,-29.02506419],[-49.95968908,-29.02489213],[-49.95967502,-29.02465646],[-49.95957008,-29.02447243],[-49.95963139,-29.02429782],[-49.95992536,-29.02406455],[-49.96010399,-29.02386376],[-49.96011952,-29.02374746],[-49.96002231,-29.02340554],[-49.96010918,-29.02324286],[-49.96030086,-29.02307108],[-49.96053821,-29.02295287],[-49.96074355,-29.02295627],[-49.96102223,-29.02301708],[-49.96123287,-29.02310446],[-49.96139094,-29.02311289],[-49.96160128,-29.02302518],[-49.96166724,-29.02289843],[-49.96167423,-29.0225086],[-49.96185467,-29.02192065],[-49.96177164,-29.02149492],[-49.9616223,-29.02113096],[-49.9611336,-29.02040516],[-49.96082861,-29.02009954],[-49.96082817,-29.0200991],[-49.96042444,-29.02006215],[-49.95997491,-29.01993952],[-49.95934395,-29.01968104],[-49.9588639,-29.01953112],[-49.95838743,-29.01953463],[-49.95800249,-29.01942064],[-49.95779394,-29.01932877],[-49.95715714,-29.01863521],[-49.95676707,-29.01831542],[-49.95660921,-29.01808315],[-49.95648767,-29.01761108],[-49.95638522,-29.01738375],[-49.95632885,-29.01737429],[-49.95624857,-29.01729064],[-49.95553259,-29.01701702],[-49.95487958,-29.01670868],[-49.95366051,-29.01551421],[-49.95327855,-29.01520981],[-49.95291507,-29.01500662],[-49.95253849,-29.01488271],[-49.95234761,-29.01487402],[-49.95226305,-29.01490946],[-49.95191368,-29.01493654],[-49.95173543,-29.01489724],[-49.95156381,-29.01481016],[-49.95122545,-29.01456022],[-49.9507437,-29.01407272],[-49.9501276,-29.01397675],[-49.94971136,-29.01381377],[-49.94955641,-29.01360224],[-49.94954824,-29.01349751],[-49.94976174,-29.01309755],[-49.94983881,-29.01288787],[-49.94987392,-29.01256323],[-49.94981778,-29.01242833],[-49.94962476,-29.01232756],[-49.94903093,-29.01236621],[-49.94873746,-29.01230626],[-49.94847967,-29.01225361],[-49.94812036,-29.01214882],[-49.94795191,-29.01205364],[-49.94736272,-29.01112755],[-49.94705496,-29.01080026],[-49.94671661,-29.01055207],[-49.9462332,-29.01043279],[-49.94574197,-29.01068255]]]]},"geometry_name":"geom","properties":{"id_unid_conserv":195,"Nome":"Parque Nacional Da Serra Geral","Codigo_UC":"0000.00.0153","Ano_Criacao":"1992","Ato_Criacao":"DEC 531, de 20/05/1992","Jurisdicao":"Federal","Categoria":"PARNA","Grupo":"PI","Abrangencia_UF":"SC/RS","Agrangencia_Mun":"Jacinto Machado, Praia Grande, Cambará do Sul.","Abrangencia_Fuso":"22S","dt_ini":"2013-01-01Z","dt_fim":"2029-10-30Z"}},{"type":"Feature","id":"vw_icmbio_unid_conserv.fid-5c8cc48d_196ac1ca94f_-78de","geometry":{"type":"MultiPolygon","coordinates":[[[[-53.27592922,-32.92306326],[-53.27725098,-32.92321012],[-53.27726164,-32.92321129],[-53.27860438,-32.92335815],[-53.27863654,-32.92336158],[-53.27920423,-32.92342071],[-53.2797029,-32.92354537],[-53.27995049,-32.92360186],[-53.28029275,-32.92366261],[-53.28059248,-32.92369987],[-53.28122189,-32.92376281],[-53.2812684,-32.92376728],[-53.2814435,-32.92378103],[-53.28208711,-32.92382255],[-53.28302446,-32.92388503],[-53.28321109,-32.92389471],[-53.28377756,-32.92391568],[-53.2837781,-32.9239157],[-53.28412784,-32.92391896],[-53.28447707,-32.92390292],[-53.28482432,-32.92386765],[-53.28513829,-32.9238188],[-53.28583064,-32.92369292],[-53.28586043,-32.92368742],[-53.28612939,-32.92363096],[-53.28644218,-32.92355797],[-53.2876278,-32.92340977],[-53.28765666,-32.92340609],[-53.28800042,-32.92335174],[-53.28802155,-32.92334775],[-53.28918681,-32.9231258],[-53.28920844,-32.92312281],[-53.28941632,-32.92312281],[-53.28980731,-32.92314978],[-53.29000926,-32.92316046],[-53.29002452,-32.92316101],[-53.29034891,-32.92317219],[-53.29057124,-32.92319998],[-53.29077249,-32.92322185],[-53.2910014,-32.92323664],[-53.29444701,-32.92243143],[-53.29467178,-32.92230774],[-53.29495157,-32.92213075],[-53.29521703,-32.9219387],[-53.29546703,-32.92173241],[-53.29570049,-32.92151278],[-53.29591642,-32.92128074],[-53.2961139,-32.92103728],[-53.29629207,-32.92078346],[-53.29645018,-32.92052034],[-53.29658754,-32.92024907],[-53.29670358,-32.91997081],[-53.29675157,-32.91983504],[-53.29681449,-32.91964623],[-53.29686071,-32.91949792],[-53.29693268,-32.91920926],[-53.29698212,-32.91891725],[-53.29700881,-32.91862314],[-53.29701263,-32.91832818],[-53.29699357,-32.91803364],[-53.29695172,-32.91774079],[-53.29688724,-32.91745087],[-53.29680042,-32.91716513],[-53.29671056,-32.91693355],[-53.29673243,-32.91690238],[-53.29689053,-32.91663927],[-53.29697138,-32.91648563],[-53.29720212,-32.91602409],[-53.29725863,-32.91590646],[-53.29737466,-32.91562819],[-53.29746886,-32.91534412],[-53.29754083,-32.91505546],[-53.29759026,-32.91476345],[-53.29761695,-32.91446933],[-53.29762077,-32.91417438],[-53.29760171,-32.91387984],[-53.29755986,-32.91358698],[-53.29749538,-32.91329707],[-53.29740857,-32.91301133],[-53.29738702,-32.91295056],[-53.29721916,-32.91248904],[-53.29713193,-32.91226946],[-53.29700164,-32.91199572],[-53.29685041,-32.91172976],[-53.29667888,-32.9114727],[-53.29648778,-32.91122566],[-53.29627795,-32.91098969],[-53.29605026,-32.9107658],[-53.29580571,-32.91055496],[-53.29554533,-32.91035805],[-53.29527024,-32.91017593],[-53.29498162,-32.91000937],[-53.29468071,-32.90985909],[-53.29436879,-32.90972574],[-53.2940472,-32.90960988],[-53.29388942,-32.90956051],[-53.2934403,-32.90942674],[-53.29347797,-32.90920428],[-53.29349088,-32.90909194],[-53.29355378,-32.90846257],[-53.29356757,-32.9082808],[-53.2935714,-32.90798584],[-53.2935558,-32.90772607],[-53.29352534,-32.90740333],[-53.29357249,-32.90732744],[-53.29392911,-32.90674002],[-53.29401574,-32.9065906],[-53.29415309,-32.90631934],[-53.29426911,-32.90604107],[-53.29433651,-32.90584549],[-53.29446236,-32.90544689],[-53.29448917,-32.9053584],[-53.29456114,-32.90506974],[-53.29461058,-32.90477773],[-53.29463728,-32.90448361],[-53.29464147,-32.90420387],[-53.29462043,-32.90323885],[-53.29460103,-32.9029291],[-53.29455919,-32.90263624],[-53.29454682,-32.90257155],[-53.2944659,-32.9021671],[-53.29200543,-32.89913261],[-53.28672432,-32.89662156],[-53.28647343,-32.89660661],[-53.28547018,-32.89613627],[-53.28125848,-32.89416173],[-53.28109113,-32.89414155],[-53.28074251,-32.89411899],[-53.28039289,-32.89411571],[-53.28004377,-32.89413174],[-53.27969664,-32.89416699],[-53.27935298,-32.89422132],[-53.27901427,-32.89429449],[-53.27868196,-32.8943862],[-53.27835746,-32.89449605],[-53.27804218,-32.89462356],[-53.27773746,-32.8947682],[-53.27761716,-32.89483161],[-53.2768829,-32.89523019],[-53.27671034,-32.89532792],[-53.27643059,-32.89550487],[-53.27616516,-32.89569688],[-53.27591519,-32.89590313],[-53.27568173,-32.89612272],[-53.2754658,-32.89635473],[-53.27526832,-32.89659815],[-53.27509013,-32.89685195],[-53.274932,-32.89711504],[-53.27481032,-32.8973526],[-53.27445364,-32.89810783],[-53.27443791,-32.89814151],[-53.27432183,-32.89841976],[-53.27429395,-32.89849667],[-53.2738743,-32.89969245],[-53.27383462,-32.89981151],[-53.2735714,-32.90064487],[-53.27337656,-32.90100667],[-53.2730882,-32.90147119],[-53.2726891,-32.90208973],[-53.27254012,-32.90233866],[-53.27243794,-32.9025355],[-53.27208126,-32.90326975],[-53.27204602,-32.90334416],[-53.27192993,-32.9036224],[-53.27183566,-32.90390646],[-53.27176361,-32.90419511],[-53.2717141,-32.90448712],[-53.27170686,-32.90454627],[-53.2716229,-32.90528052],[-53.27160337,-32.90551548],[-53.27159946,-32.90581044],[-53.27161843,-32.90610499],[-53.27164697,-32.90632083],[-53.27165999,-32.90640157],[-53.27108413,-32.90704434],[-53.27103878,-32.90709571],[-53.27084126,-32.90733913],[-53.27081109,-32.90737953],[-53.27038242,-32.90796025],[-53.26983878,-32.90848991],[-53.26978616,-32.90854197],[-53.26957935,-32.90876346],[-53.2686982,-32.90977041],[-53.26868903,-32.90978092],[-53.2684915,-32.91002433],[-53.26831327,-32.91027812],[-53.26822097,-32.9104264],[-53.26775939,-32.9112026],[-53.26769352,-32.9113174],[-53.26755607,-32.91158864],[-53.26746588,-32.91179947],[-53.26715115,-32.91259665],[-53.26712523,-32.91266407],[-53.26703093,-32.91294812],[-53.26700587,-32.9130384],[-53.26681701,-32.91375167],[-53.26677001,-32.91395004],[-53.26672047,-32.91424204],[-53.26669369,-32.91453616],[-53.26668976,-32.91483112],[-53.26669891,-32.91501506],[-53.26674084,-32.91558149],[-53.26675064,-32.91569209],[-53.2667924,-32.91598496],[-53.2668454,-32.91623048],[-53.26699222,-32.9168179],[-53.2670036,-32.91686231],[-53.26709032,-32.91714808],[-53.26719902,-32.91742845],[-53.26732923,-32.91770222],[-53.26748038,-32.91796822],[-53.26765184,-32.91822532],[-53.26784288,-32.91847241],[-53.26797297,-32.91862253],[-53.26837157,-32.91906309],[-53.26845126,-32.91914899],[-53.26862364,-32.91932124],[-53.26904322,-32.91971985],[-53.26909848,-32.91977154],[-53.26934301,-32.91998245],[-53.26960336,-32.92017941],[-53.26987843,-32.92036159],[-53.27011992,-32.920501],[-53.27021127,-32.92063797],[-53.27040232,-32.92088505],[-53.27061211,-32.92112106],[-53.27083976,-32.921345],[-53.27108429,-32.9215559],[-53.27134466,-32.92175286],[-53.27161973,-32.92193503],[-53.27190835,-32.92210164],[-53.27220927,-32.92225197],[-53.27252121,-32.92238538],[-53.27284282,-32.9225013],[-53.27317274,-32.92259923],[-53.27335607,-32.922645],[-53.27398547,-32.92279185],[-53.27413895,-32.9228256],[-53.2744812,-32.92288637],[-53.27465341,-32.92290958],[-53.27587027,-32.92305643],[-53.27592922,-32.92306326]]],[[[-52.51722795,-32.55144622],[-52.51242038,-32.55879207],[-52.52028269,-32.55765995],[-52.52053961,-32.55900077],[-52.51940188,-32.56163925],[-52.51743755,-32.56453124],[-52.52029028,-32.56568736],[-52.52598899,-32.56633084],[-52.52803582,-32.5803581],[-52.51125757,-32.58217602],[-52.51045047,-32.58867987],[-52.51013217,-32.59129939],[-52.51483718,-32.59611334],[-52.51425664,-32.59833917],[-52.50945795,-32.60065184],[-52.5083102,-32.60401191],[-52.50747753,-32.60646623],[-52.50624563,-32.61308337],[-52.50623917,-32.61587953],[-52.5067887,-32.61687412],[-52.50621799,-32.61716057],[-52.50553732,-32.61788128],[-52.50494743,-32.6202064],[-52.50891652,-32.62173719],[-52.51144976,-32.62534162],[-52.51434422,-32.62759772],[-52.51325136,-32.62979364],[-52.51204748,-32.63426382],[-52.51167571,-32.63877808],[-52.51243328,-32.64262031],[-52.51108057,-32.64522522],[-52.51267102,-32.64787586],[-52.51285664,-32.65130105],[-52.5116815,-32.65432774],[-52.51193921,-32.656336],[-52.51093456,-32.65682614],[-52.50960954,-32.6585558],[-52.51182537,-32.66097342],[-52.50920678,-32.66187082],[-52.51002226,-32.66399547],[-52.5099292,-32.66641497],[-52.50964797,-32.6703529],[-52.50542733,-32.6730283],[-52.50435438,-32.67581919],[-52.50373422,-32.67635878],[-52.50419443,-32.67836462],[-52.50419041,-32.68003328],[-52.50467537,-32.68160588],[-52.50578405,-32.68411805],[-52.50455792,-32.68668529],[-52.50658725,-32.68939384],[-52.50688119,-32.69355733],[-52.50900339,-32.70557284],[-52.51267666,-32.70704386],[-52.50238609,-32.70729385],[-52.49212907,-32.70764182],[-52.48641497,-32.70941694],[-52.46853141,-32.71483841],[-52.44820011,-32.72103685],[-52.448498,-32.72329523],[-52.44900693,-32.72642023],[-52.45211843,-32.74619214],[-52.45822329,-32.76305133],[-52.46677765,-32.78903663],[-52.46873826,-32.79819508],[-52.47796291,-32.82138928],[-52.48141482,-32.82999494],[-52.48527169,-32.84134901],[-52.53890186,-32.83250864],[-52.55467846,-32.83299007],[-52.64297981,-32.83564989],[-52.641651,-32.83136523],[-52.63626679,-32.81388457],[-52.63482508,-32.80864526],[-52.62318764,-32.81179106],[-52.62189235,-32.78751924],[-52.62755485,-32.78536234],[-52.62558296,-32.77909257],[-52.62374574,-32.77140499],[-52.61962521,-32.75373558],[-52.61433059,-32.73891313],[-52.61052583,-32.7279225],[-52.59838443,-32.72920533],[-52.59733178,-32.71744855],[-52.60029494,-32.71683208],[-52.59905896,-32.71120856],[-52.59536375,-32.69390203],[-52.59105659,-32.67540572],[-52.59080144,-32.67110893],[-52.58537653,-32.6463481],[-52.58371747,-32.64172108],[-52.58171862,-32.63579608],[-52.57936283,-32.62930001],[-52.57679288,-32.62209007],[-52.57357239,-32.61331656],[-52.57158159,-32.60759883],[-52.56744111,-32.59631992],[-52.56551689,-32.59100487],[-52.56646945,-32.59075905],[-52.56755628,-32.59059923],[-52.56873902,-32.59008779],[-52.569342,-32.58968707],[-52.56982585,-32.58932063],[-52.57001764,-32.58900098],[-52.57021976,-32.5886721],[-52.57040367,-32.58781883],[-52.57059303,-32.58660361],[-52.57078482,-32.58455786],[-52.57113644,-32.58168101],[-52.57145609,-32.57944347],[-52.57174378,-32.57711003],[-52.57183968,-32.5764068],[-52.57206868,-32.57408445],[-52.5721267,-32.57360593],[-52.5722092,-32.57280566],[-52.57237421,-32.57158462],[-52.57252271,-32.57035533],[-52.57276198,-32.56847428],[-52.57287748,-32.56764925],[-52.57303424,-32.5660487],[-52.57313324,-32.56557019],[-52.57331475,-32.56499267],[-52.57355586,-32.56456529],[-52.57371903,-32.5642254],[-52.57399954,-32.56377988],[-52.57442835,-32.56327511],[-52.59202106,-32.56102684],[-52.59341207,-32.56452896],[-52.59681416,-32.56375979],[-52.59672584,-32.56333922],[-52.59650602,-32.56250393],[-52.59634482,-32.56206919],[-52.5961592,-32.56150257],[-52.59602242,-32.56092129],[-52.59591984,-32.56038397],[-52.59579772,-32.56000784],[-52.59555348,-32.55946564],[-52.59527504,-32.55866943],[-52.59510895,-32.55809303],[-52.59485494,-32.55729682],[-52.59459116,-32.55654458],[-52.59441042,-32.5560903],[-52.59418571,-32.55552367],[-52.59408802,-32.55490331],[-52.59393659,-32.55433668],[-52.59388541,-32.55412669],[-52.58973481,-32.55471717],[-52.59096271,-32.5585169],[-52.56086028,-32.56256532],[-52.5533813,-32.56182818],[-52.54530439,-32.54981439],[-52.54029028,-32.54245941],[-52.5394239,-32.54221082],[-52.53794003,-32.54011838],[-52.53847667,-32.53974201],[-52.53794967,-32.53881041],[-52.53767729,-32.53806582],[-52.53733541,-32.53713125],[-52.52856444,-32.53416248],[-52.52079974,-32.54600929],[-52.51826658,-32.5498823],[-52.51722795,-32.55144622]]]]},"geometry_name":"geom","properties":{"id_unid_conserv":286,"Nome":"Estação Ecológica Do Taim","Codigo_UC":"0000.00.0070","Ano_Criacao":"1986","Ato_Criacao":"DEC 92.963, de 21/07/1986; DEC S/N de 05/06/2003; DEC S/N de 05/06/2017","Jurisdicao":"Federal","Categoria":"ESEC","Grupo":"PI","Abrangencia_UF":"RS","Agrangencia_Mun":"Rio Grande, Santa Vitória do Palmar.","Abrangencia_Fuso":"22S","dt_ini":"2013-01-01Z","dt_fim":"2029-10-30Z"}}],"totalFeatures":10,"numberMatched":10,"numberReturned":10,"timeStamp":"2025-05-07T18:59:24.559Z","crs":{"type":"name","properties":{"name":"urn:ogc:def:crs:EPSG::4674"}}}