{"type":"FeatureCollection","features":[{"type":"Feature","geometry":{"type":"Point","coordinates":[-35.907777999999944,-7.2969439997619485]},"properties":{"OBJECTID":1,"INS_ID":"PBUCG ","NOM_MODALIDADEOPERUSICONJ":"USINA CUJA OPERAÇÃO IMPACTA A REDE DE OPERAÇÃO","NOMELONGO":"USI CAMPINA GRANDE                                 PB       ","DTPREVISTA":1296432000000,"STR_DTPREVISTA":"31/01/2011","DTENTRADA":1297123200000,"STR_DTENTRADA":"08/02/2011","TPUSINA_ID":"UTE","NOME_TPUSINA":"Térmica                       "},"id":1},{"type":"Feature","geometry":{"type":"Point","coordinates":[-53.65444416999998,-30.101559170180746]},"properties":{"OBJECTID":2,"INS_ID":"RSUSSE","NOM_MODALIDADEOPERUSICONJ":"UTE COM CVU DECLARADO, QUE NÃO IMPACTA A REDE DE OPERAÇÃO E É DESPACHADA POR ORDEM DE MÉRITO","NOMELONGO":"USI UTE SAO SEPE                                   RS       ","DTPREVISTA":1542240000000,"STR_DTPREVISTA":"15/11/2018","DTENTRADA":1552435200000,"STR_DTENTRADA":"13/03/2019","TPUSINA_ID":"UTE","NOME_TPUSINA":"Térmica                       "},"id":2},{"type":"Feature","geometry":{"type":"Point","coordinates":[-44.353055999999974,-4.817777999841834]},"properties":{"OBJECTID":3,"INS_ID":"MAUTP5","NOM_MODALIDADEOPERUSICONJ":"USINA CUJA OPERAÇÃO IMPACTA A REDE DE OPERAÇÃO","NOMELONGO":"USI UTE PARNAIBA V                                 MA       ","DTPREVISTA":1630108800000,"STR_DTPREVISTA":"28/08/2021","DTENTRADA":1668211200000,"STR_DTENTRADA":"12/11/2022","TPUSINA_ID":"UTE","NOME_TPUSINA":"Térmica                       "},"id":3},{"type":"Feature","geometry":{"type":"Point","coordinates":[-51.59443799999997,-21.46227400035681]},"properties":{"OBJECTID":4,"INS_ID":"SPUFD1","NOM_MODALIDADEOPERUSICONJ":"USINA PERTENCENTE A CONJUNTO DE USINAS","NOMELONGO":"USI USINA FOTOVOLTAICA DRACENA 1                   SP       ","DTPREVISTA":1559260800000,"STR_DTPREVISTA":"31/05/2019","DTENTRADA":1566604800000,"STR_DTENTRADA":"24/08/2019","TPUSINA_ID":"UFV","NOME_TPUSINA":"Fotovoltaica                  "},"id":4},{"type":"Feature","geometry":{"type":"Point","coordinates":[-51.59298799999999,-21.457524000356916]},"properties":{"OBJECTID":5,"INS_ID":"SPUFD2","NOM_MODALIDADEOPERUSICONJ":"USINA PERTENCENTE A CONJUNTO DE USINAS","NOMELONGO":"USI USINA FOTOVOLTAICA DRACENA 2                   SP       ","DTPREVISTA":1559260800000,"STR_DTPREVISTA":"31/05/2019","DTENTRADA":1566604800000,"STR_DTENTRADA":"24/08/2019","TPUSINA_ID":"UFV","NOME_TPUSINA":"Fotovoltaica                  "},"id":5},{"type":"Feature","geometry":{"type":"Point","coordinates":[-38.48150825,-12.767463589592772]},"properties":{"OBJECTID":6,"INS_ID":"BAUTCA","NOM_MODALIDADEOPERUSICONJ":"UTE COM CVU DECLARADO, QUE NÃO IMPACTA A REDE DE OPERAÇÃO E É DESPACHADA POR ORDEM DE MÉRITO","NOMELONGO":"USI UTE ERB CANDEIAS                               BA       ","DTPREVISTA":1414713600000,"STR_DTPREVISTA":"31/10/2014","DTENTRADA":1414713600000,"STR_DTENTRADA":"31/10/2014","TPUSINA_ID":"UTE","NOME_TPUSINA":"Térmica                       "},"id":6},{"type":"Feature","geometry":{"type":"Point","coordinates":[-51.42583337999997,-20.383888750383264]},"properties":{"OBJECTID":7,"INS_ID":"MSUTOP","NOM_MODALIDADEOPERUSICONJ":"UTE COM CVU DECLARADO, QUE NÃO IMPACTA A REDE DE OPERAÇÃO E É DESPACHADA POR ORDEM DE MÉRITO","NOMELONGO":"USI UTE ONCA PINTADA                               MS       ","DTPREVISTA":1601856000000,"STR_DTPREVISTA":"05/10/2020","DTENTRADA":1619136000000,"STR_DTENTRADA":"23/04/2021","TPUSINA_ID":"UTE","NOME_TPUSINA":"Térmica                       "},"id":7},{"type":"Feature","geometry":{"type":"Point","coordinates":[-40.43694721999998,-20.379169170383406]},"properties":{"OBJECTID":8,"INS_ID":"ESVIA ","NOM_MODALIDADEOPERUSICONJ":"USINA CUJA OPERAÇÃO IMPACTA A REDE DE OPERAÇÃO","NOMELONGO":"USI UTE VIANA 1                                    ES       ","DTPREVISTA":1651363200000,"STR_DTPREVISTA":"01/05/2022","DTENTRADA":1657756800000,"STR_DTENTRADA":"14/07/2022","TPUSINA_ID":"UTE","NOME_TPUSINA":"Térmica                       "},"id":8},{"type":"Feature","geometry":{"type":"Point","coordinates":[-50.23343299999999,-18.774914000424335]},"properties":{"OBJECTID":9,"INS_ID":"MGUTSV","NOM_MODALIDADEOPERUSICONJ":"UTE COM CVU DECLARADO, QUE NÃO IMPACTA A REDE DE OPERAÇÃO E É DESPACHADA POR ORDEM DE MÉRITO","NOMELONGO":"USI UTE SANTA VITORIA                              MG       ","DTPREVISTA":null,"STR_DTPREVISTA":null,"DTENTRADA":1435622400000,"STR_DTENTRADA":"30/06/2015","TPUSINA_ID":"UTE","NOME_TPUSINA":"Térmica                       "},"id":9},{"type":"Feature","geometry":{"type":"Point","coordinates":[-52.00869499999999,-24.731090280282363]},"properties":{"OBJECTID":10,"INS_ID":"PRBBOG","NOM_MODALIDADEOPERUSICONJ":"UTE COM CVU DECLARADO, QUE NÃO IMPACTA A REDE DE OPERAÇÃO E É DESPACHADA POR ORDEM DE MÉRITO","NOMELONGO":"USI UTE BARRA BONITA I                             PR       ","DTPREVISTA":1657843200000,"STR_DTPREVISTA":"15/07/2022","DTENTRADA":1661299200000,"STR_DTENTRADA":"24/08/2022","TPUSINA_ID":"UTE","NOME_TPUSINA":"Térmica                       "},"id":10},{"type":"Feature","geometry":{"type":"Point","coordinates":[-56.98177784,-10.338611079666379]},"properties":{"OBJECTID":11,"INS_ID":"MTUSAC","NOM_MODALIDADEOPERUSICONJ":"UTE COM CVU DECLARADO, QUE NÃO IMPACTA A REDE DE OPERAÇÃO E É DESPACHADA POR ORDEM DE MÉRITO","NOMELONGO":"USI PCH SALTO APIACAS                              MT       ","DTPREVISTA":1463788800000,"STR_DTPREVISTA":"21/05/2016","DTENTRADA":1474070400000,"STR_DTENTRADA":"17/09/2016","TPUSINA_ID":"UHE","NOME_TPUSINA":"Hidroelétrica                 "},"id":11},{"type":"Feature","geometry":{"type":"Point","coordinates":[-54.74972221999997,-20.5472222203792]},"properties":{"OBJECTID":12,"INS_ID":"MSUTWI","NOM_MODALIDADEOPERUSICONJ":"USINA CUJA OPERAÇÃO IMPACTA A REDE DE OPERAÇÃO","NOMELONGO":"USI U.T. WILLIAM ARJONA                            MS       ","DTPREVISTA":1622505600000,"STR_DTPREVISTA":"01/06/2021","DTENTRADA":1625875200000,"STR_DTENTRADA":"10/07/2021","TPUSINA_ID":"UTE","NOME_TPUSINA":"Térmica                       "},"id":12},{"type":"Feature","geometry":{"type":"Point","coordinates":[-60.4844625,2.8288647799068634]},"properties":{"OBJECTID":13,"INS_ID":"RRUTBF","NOM_MODALIDADEOPERUSICONJ":"USINA CUJA OPERAÇÃO IMPACTA A REDE DE OPERAÇÃO","NOMELONGO":"USI UTE BONFIM                                     RR       ","DTPREVISTA":1640908800000,"STR_DTPREVISTA":"31/12/2021","DTENTRADA":1649721600000,"STR_DTENTRADA":"12/04/2022","TPUSINA_ID":"UTE","NOME_TPUSINA":"Térmica                       "},"id":13},{"type":"Feature","geometry":{"type":"Point","coordinates":[-42.15449999999999,-8.262699999731273]},"properties":{"OBJECTID":14,"INS_ID":"PISJP ","NOM_MODALIDADEOPERUSICONJ":null,"NOMELONGO":"SUB UFV SJP                                        PI       ","DTPREVISTA":1582934400000,"STR_DTPREVISTA":"29/02/2020","DTENTRADA":1586822400000,"STR_DTENTRADA":"14/04/2020","TPUSINA_ID":null,"NOME_TPUSINA":null},"id":14},{"type":"Feature","geometry":{"type":"Point","coordinates":[-60.82782806,3.2065677798944687]},"properties":{"OBJECTID":15,"INS_ID":"RRUTPR","NOM_MODALIDADEOPERUSICONJ":"USINA CUJA OPERAÇÃO IMPACTA A REDE DE OPERAÇÃO","NOMELONGO":"USI UTE PAU RAINHA                                 RR       ","DTPREVISTA":1640908800000,"STR_DTPREVISTA":"31/12/2021","DTENTRADA":1649980800000,"STR_DTENTRADA":"15/04/2022","TPUSINA_ID":"UTE","NOME_TPUSINA":"Térmica                       "},"id":15},{"type":"Feature","geometry":{"type":"Point","coordinates":[-49.38446601999999,-23.18769353031641]},"properties":{"OBJECTID":16,"INS_ID":"SPPARA","NOM_MODALIDADEOPERUSICONJ":"UTE COM CVU DECLARADO, QUE NÃO IMPACTA A REDE DE OPERAÇÃO E É DESPACHADA POR ORDEM DE MÉRITO","NOMELONGO":"USI UHE PARANAPANEM                                SP       ","DTPREVISTA":-410227200000,"STR_DTPREVISTA":"01/01/1957","DTENTRADA":-410227200000,"STR_DTENTRADA":"01/01/1957","TPUSINA_ID":"UHE","NOME_TPUSINA":"Hidroelétrica                 "},"id":16},{"type":"Feature","geometry":{"type":"Point","coordinates":[-60.68226916999998,2.725817779910238]},"properties":{"OBJECTID":17,"INS_ID":"RRUTCT","NOM_MODALIDADEOPERUSICONJ":"USINA CUJA OPERAÇÃO IMPACTA A REDE DE OPERAÇÃO","NOMELONGO":"USI UTE CANTA                                      RR       ","DTPREVISTA":1640908800000,"STR_DTPREVISTA":"31/12/2021","DTENTRADA":1654819200000,"STR_DTENTRADA":"10/06/2022","TPUSINA_ID":"UTE","NOME_TPUSINA":"Térmica                       "},"id":17},{"type":"Feature","geometry":{"type":"Point","coordinates":[-60.82639416999996,3.1796977798953754]},"properties":{"OBJECTID":18,"INS_ID":"RRUTSL","NOM_MODALIDADEOPERUSICONJ":"USINA CUJA OPERAÇÃO IMPACTA A REDE DE OPERAÇÃO","NOMELONGO":"USI UTE SANTA LUZ                                  RR       ","DTPREVISTA":1640908800000,"STR_DTPREVISTA":"31/12/2021","DTENTRADA":1650499200000,"STR_DTENTRADA":"21/04/2022","TPUSINA_ID":"UTE","NOME_TPUSINA":"Térmica                       "},"id":18},{"type":"Feature","geometry":{"type":"Point","coordinates":[-39.80214999999999,-19.534730560404743]},"properties":{"OBJECTID":19,"INS_ID":"ESPOV ","NOM_MODALIDADEOPERUSICONJ":"USINA CUJA OPERAÇÃO IMPACTA A REDE DE OPERAÇÃO","NOMELONGO":"USI UTE POVOACAO 1                                 ES       ","DTPREVISTA":1657843200000,"STR_DTPREVISTA":"15/07/2022","DTENTRADA":1658534400000,"STR_DTENTRADA":"23/07/2022","TPUSINA_ID":"UTE","NOME_TPUSINA":"Térmica                       "},"id":19},{"type":"Feature","geometry":{"type":"Point","coordinates":[-42.588000007000005,-16.71300000647963]},"properties":{"OBJECTID":20,"INS_ID":null,"NOM_MODALIDADEOPERUSICONJ":null,"NOMELONGO":null,"DTPREVISTA":null,"STR_DTPREVISTA":null,"DTENTRADA":null,"STR_DTENTRADA":null,"TPUSINA_ID":null,"NOME_TPUSINA":null},"id":20},{"type":"Feature","geometry":{"type":"Point","coordinates":[-37.80111110199999,-9.624694406688532]},"properties":{"OBJECTID":21,"INS_ID":"ALUXG ","NOM_MODALIDADEOPERUSICONJ":"USINA CUJA OPERAÇÃO IMPACTA A REDE DE OPERAÇÃO","NOMELONGO":"USI USINA XINGO                                    AL       ","DTPREVISTA":null,"STR_DTPREVISTA":null,"DTENTRADA":767664000000,"STR_DTENTRADA":"30/04/1994","TPUSINA_ID":"UHE","NOME_TPUSINA":"Hidroelétrica                 "},"id":21},{"type":"Feature","geometry":{"type":"Point","coordinates":[-60.03277800199998,-3.1305560018969545]},"properties":{"OBJECTID":22,"INS_ID":"AMAA  ","NOM_MODALIDADEOPERUSICONJ":"USINA CUJA OPERAÇÃO IMPACTA A REDE DE OPERAÇÃO","NOMELONGO":"USI UTE APARECIDA                                  AM       ","DTPREVISTA":null,"STR_DTPREVISTA":null,"DTENTRADA":662601600000,"STR_DTENTRADA":"31/12/1990","TPUSINA_ID":"UTE","NOME_TPUSINA":"Térmica                       "},"id":22},{"type":"Feature","geometry":{"type":"Point","coordinates":[-59.46861100199999,-1.904444001937227]},"properties":{"OBJECTID":23,"INS_ID":"AMBA  ","NOM_MODALIDADEOPERUSICONJ":"USINA CUJA OPERAÇÃO IMPACTA A REDE DE OPERAÇÃO","NOMELONGO":"USI UHE BALBINA                                    AM       ","DTPREVISTA":null,"STR_DTPREVISTA":null,"DTENTRADA":603331200000,"STR_DTENTRADA":"13/02/1989","TPUSINA_ID":"UHE","NOME_TPUSINA":"Hidroelétrica                 "},"id":23},{"type":"Feature","geometry":{"type":"Point","coordinates":[-59.92955399999999,-3.117409005897396]},"properties":{"OBJECTID":24,"INS_ID":"AMCM  ","NOM_MODALIDADEOPERUSICONJ":"USINA CUJA OPERAÇÃO IMPACTA A REDE DE OPERAÇÃO","NOMELONGO":"USI MAUA 3                                         AM       ","DTPREVISTA":1493510400000,"STR_DTPREVISTA":"30/04/2017","DTENTRADA":1505779200000,"STR_DTENTRADA":"19/09/2017","TPUSINA_ID":"UTE","NOME_TPUSINA":"Térmica                       "},"id":24},{"type":"Feature","geometry":{"type":"Point","coordinates":[-60.03432800599996,-2.892080999904746]},"properties":{"OBJECTID":25,"INS_ID":"AMCR  ","NOM_MODALIDADEOPERUSICONJ":"USINA CUJA OPERAÇÃO IMPACTA A REDE DE OPERAÇÃO","NOMELONGO":"USI UTE CRISTIANO ROCHA                            AM       ","DTPREVISTA":null,"STR_DTPREVISTA":null,"DTENTRADA":1138665600000,"STR_DTENTRADA":"31/01/2006","TPUSINA_ID":"UTE","NOME_TPUSINA":"Térmica                       "},"id":25},{"type":"Feature","geometry":{"type":"Point","coordinates":[-60.073319002999995,-3.0933530028981284]},"properties":{"OBJECTID":26,"INS_ID":"AMGE  ","NOM_MODALIDADEOPERUSICONJ":"USINA CUJA OPERAÇÃO IMPACTA A REDE DE OPERAÇÃO","NOMELONGO":"USI UTE PONTA NEGRA                                AM       ","DTPREVISTA":null,"STR_DTPREVISTA":null,"DTENTRADA":1166140800000,"STR_DTENTRADA":"15/12/2006","TPUSINA_ID":"UTE","NOME_TPUSINA":"Térmica                       "},"id":26},{"type":"Feature","geometry":{"type":"Point","coordinates":[-60.02750000399998,-2.986666999901631]},"properties":{"OBJECTID":27,"INS_ID":"AMJA  ","NOM_MODALIDADEOPERUSICONJ":"USINA CUJA OPERAÇÃO IMPACTA A REDE DE OPERAÇÃO","NOMELONGO":"USI UTE JARAQUI                                    AM       ","DTPREVISTA":null,"STR_DTPREVISTA":null,"DTENTRADA":662601600000,"STR_DTENTRADA":"31/12/1990","TPUSINA_ID":"UTE","NOME_TPUSINA":"Térmica                       "},"id":27},{"type":"Feature","geometry":{"type":"Point","coordinates":[-60.021667004,-2.945555999902977]},"properties":{"OBJECTID":28,"INS_ID":"AMMA  ","NOM_MODALIDADEOPERUSICONJ":"USINA CUJA OPERAÇÃO IMPACTA A REDE DE OPERAÇÃO","NOMELONGO":"USI UTE MANAUARA                                   AM       ","DTPREVISTA":1377993600000,"STR_DTPREVISTA":"01/09/2013","DTENTRADA":662601600000,"STR_DTENTRADA":"31/12/1990","TPUSINA_ID":"UTE","NOME_TPUSINA":"Térmica                       "},"id":28},{"type":"Feature","geometry":{"type":"Point","coordinates":[-59.938889003999975,-3.1080560008976588]},"properties":{"OBJECTID":29,"INS_ID":"AMTA  ","NOM_MODALIDADEOPERUSICONJ":"USINA CUJA OPERAÇÃO IMPACTA A REDE DE OPERAÇÃO","NOMELONGO":"USI UTE TAMBAQUI                                   AM       ","DTPREVISTA":null,"STR_DTPREVISTA":null,"DTENTRADA":662601600000,"STR_DTENTRADA":"31/12/1990","TPUSINA_ID":"UTE","NOME_TPUSINA":"Térmica                       "},"id":29},{"type":"Feature","geometry":{"type":"Point","coordinates":[-51.244639001999985,0.9280829949694064]},"properties":{"OBJECTID":30,"INS_ID":"APCN  ","NOM_MODALIDADEOPERUSICONJ":"USINA CUJA OPERAÇÃO IMPACTA A REDE DE OPERAÇÃO","NOMELONGO":"USI COARACY NUNES                                  AP       ","DTPREVISTA":null,"STR_DTPREVISTA":null,"DTENTRADA":662601600000,"STR_DTENTRADA":"31/12/1990","TPUSINA_ID":"UHE","NOME_TPUSINA":"Hidroelétrica                 "},"id":30},{"type":"Feature","geometry":{"type":"Point","coordinates":[-51.19683300699995,0.8556279989718214]},"properties":{"OBJECTID":31,"INS_ID":"APFGO ","NOM_MODALIDADEOPERUSICONJ":"USINA CUJA OPERAÇÃO IMPACTA A REDE DE OPERAÇÃO","NOMELONGO":"USI UHE FERREIRA GOMES                             AP       ","DTPREVISTA":1419897600000,"STR_DTPREVISTA":"30/12/2014","DTENTRADA":1409616000000,"STR_DTENTRADA":"02/09/2014","TPUSINA_ID":"UHE","NOME_TPUSINA":"Hidroelétrica                 "},"id":31},{"type":"Feature","geometry":{"type":"Point","coordinates":[-51.182103000999966,-0.013781003999499148]},"properties":{"OBJECTID":32,"INS_ID":"APSA  ","NOM_MODALIDADEOPERUSICONJ":"USINA CUJA OPERAÇÃO IMPACTA A REDE DE OPERAÇÃO","NOMELONGO":"USI UTE SANTANA                                    AP       ","DTPREVISTA":1397520000000,"STR_DTPREVISTA":"15/04/2014","DTENTRADA":725846400000,"STR_DTENTRADA":"01/01/1993","TPUSINA_ID":"UTE","NOME_TPUSINA":"Térmica                       "},"id":32},{"type":"Feature","geometry":{"type":"Point","coordinates":[-52.51666700099997,-0.6500000059785367]},"properties":{"OBJECTID":33,"INS_ID":"APSAJ ","NOM_MODALIDADEOPERUSICONJ":"USINA CUJA OPERAÇÃO IMPACTA A REDE DE OPERAÇÃO","NOMELONGO":"USI SANTO ANTONIO DO JARI                          AP       ","DTPREVISTA":1414713600000,"STR_DTPREVISTA":"31/10/2014","DTENTRADA":1408924800000,"STR_DTENTRADA":"25/08/2014","TPUSINA_ID":"UHE","NOME_TPUSINA":"Hidroelétrica                 "},"id":33},{"type":"Feature","geometry":{"type":"Point","coordinates":[-51.29666700199999,0.8527779949718791]},"properties":{"OBJECTID":34,"INS_ID":"APUCCA","NOM_MODALIDADEOPERUSICONJ":"USINA CUJA OPERAÇÃO IMPACTA A REDE DE OPERAÇÃO","NOMELONGO":"USI CACHOEIRA CALDEIRAO                            AP       ","DTPREVISTA":1461974400000,"STR_DTPREVISTA":"30/04/2016","DTENTRADA":1462406400000,"STR_DTENTRADA":"05/05/2016","TPUSINA_ID":"UHE","NOME_TPUSINA":"Hidroelétrica                 "},"id":34},{"type":"Feature","geometry":{"type":"Point","coordinates":[-45.51929200399997,-12.998317003585946]},"properties":{"OBJECTID":35,"INS_ID":"BASK01","NOM_MODALIDADEOPERUSICONJ":"UTE COM CVU DECLARADO, QUE NÃO IMPACTA A REDE DE OPERAÇÃO E É DESPACHADA POR ORDEM DE MÉRITO","NOMELONGO":"USI UTE SYKUE I                                    BA       ","DTPREVISTA":1230681600000,"STR_DTPREVISTA":"31/12/2008","DTENTRADA":1290729600000,"STR_DTENTRADA":"26/11/2010","TPUSINA_ID":"UTE","NOME_TPUSINA":"Térmica                       "},"id":35},{"type":"Feature","geometry":{"type":"Point","coordinates":[-38.200000002999964,-9.400000005695519]},"properties":{"OBJECTID":36,"INS_ID":"BAUAS ","NOM_MODALIDADEOPERUSICONJ":"USINA CUJA OPERAÇÃO IMPACTA A REDE DE OPERAÇÃO","NOMELONGO":"USI APOLONIO SALES                                 BA       ","DTPREVISTA":null,"STR_DTPREVISTA":null,"DTENTRADA":225936000000,"STR_DTENTRADA":"28/02/1977","TPUSINA_ID":"UHE","NOME_TPUSINA":"Hidroelétrica                 "},"id":36},{"type":"Feature","geometry":{"type":"Point","coordinates":[-38.983333304999974,-12.600000001597781]},"properties":{"OBJECTID":37,"INS_ID":"BAUCV ","NOM_MODALIDADEOPERUSICONJ":"USINA CUJA OPERAÇÃO IMPACTA A REDE DE OPERAÇÃO","NOMELONGO":"USI PEDRA DO CAVALO                                BA       ","DTPREVISTA":1101772800000,"STR_DTPREVISTA":"30/11/2004","DTENTRADA":1096416000000,"STR_DTENTRADA":"29/09/2004","TPUSINA_ID":"UHE","NOME_TPUSINA":"Hidroelétrica                 "},"id":37},{"type":"Feature","geometry":{"type":"Point","coordinates":[-38.483056000999966,-12.727778002593945]},"properties":{"OBJECTID":38,"INS_ID":"BAUGD ","NOM_MODALIDADEOPERUSICONJ":"USINA CUJA OPERAÇÃO IMPACTA A REDE DE OPERAÇÃO","NOMELONGO":"USI UTE GLOBAL II                                  BA       ","DTPREVISTA":1277856000000,"STR_DTPREVISTA":"30/06/2010","DTENTRADA":1274313600000,"STR_DTENTRADA":"20/05/2010","TPUSINA_ID":"UTE","NOME_TPUSINA":"Térmica                       "},"id":38},{"type":"Feature","geometry":{"type":"Point","coordinates":[-38.48277800500001,-12.727778002593945]},"properties":{"OBJECTID":39,"INS_ID":"BAUGU ","NOM_MODALIDADEOPERUSICONJ":"USINA CUJA OPERAÇÃO IMPACTA A REDE DE OPERAÇÃO","NOMELONGO":"USI UTE GLOBAL I                                   BA       ","DTPREVISTA":1277856000000,"STR_DTPREVISTA":"30/06/2010","DTENTRADA":1273190400000,"STR_DTENTRADA":"07/05/2010","TPUSINA_ID":"UTE","NOME_TPUSINA":"Térmica                       "},"id":39},{"type":"Feature","geometry":{"type":"Point","coordinates":[-39.592739000999984,-15.966462001500345]},"properties":{"OBJECTID":40,"INS_ID":"BAUIT1","NOM_MODALIDADEOPERUSICONJ":"USINA CUJA OPERAÇÃO IMPACTA A REDE DE OPERAÇÃO","NOMELONGO":"USI ITAPEBI US                                     BA       ","DTPREVISTA":1072828800000,"STR_DTPREVISTA":"31/12/2003","DTENTRADA":1044403200000,"STR_DTENTRADA":"05/02/2003","TPUSINA_ID":"UHE","NOME_TPUSINA":"Hidroelétrica                 "},"id":40},{"type":"Feature","geometry":{"type":"Point","coordinates":[-40.829166703,-9.436083301694405]},"properties":{"OBJECTID":41,"INS_ID":"BAUSB ","NOM_MODALIDADEOPERUSICONJ":"USINA CUJA OPERAÇÃO IMPACTA A REDE DE OPERAÇÃO","NOMELONGO":"USI SOBRADINHO                                     BA       ","DTPREVISTA":null,"STR_DTPREVISTA":null,"DTENTRADA":294278400000,"STR_DTENTRADA":"30/04/1979","TPUSINA_ID":"UHE","NOME_TPUSINA":"Hidroelétrica                 "},"id":41},{"type":"Feature","geometry":{"type":"Point","coordinates":[-38.194200002,-9.395800001695667]},"properties":{"OBJECTID":42,"INS_ID":"BAUSD ","NOM_MODALIDADEOPERUSICONJ":"USINA CUJA OPERAÇÃO IMPACTA A REDE DE OPERAÇÃO","NOMELONGO":"USI PAULO AFONSO II                                BA       ","DTPREVISTA":null,"STR_DTPREVISTA":null,"DTENTRADA":-273715200000,"STR_DTENTRADA":"30/04/1961","TPUSINA_ID":"UHE","NOME_TPUSINA":"Hidroelétrica                 "},"id":42},{"type":"Feature","geometry":{"type":"Point","coordinates":[-38.20384859999996,-9.412570602695103]},"properties":{"OBJECTID":43,"INS_ID":"BAUSQ ","NOM_MODALIDADEOPERUSICONJ":"USINA CUJA OPERAÇÃO IMPACTA A REDE DE OPERAÇÃO","NOMELONGO":"USI PAULO AFONSO IV                                BA       ","DTPREVISTA":null,"STR_DTPREVISTA":null,"DTENTRADA":-21254400000,"STR_DTENTRADA":"30/04/1969","TPUSINA_ID":"UHE","NOME_TPUSINA":"Hidroelétrica                 "},"id":43},{"type":"Feature","geometry":{"type":"Point","coordinates":[-38.20410679999998,-9.403600200695399]},"properties":{"OBJECTID":44,"INS_ID":"BAUST ","NOM_MODALIDADEOPERUSICONJ":"USINA CUJA OPERAÇÃO IMPACTA A REDE DE OPERAÇÃO","NOMELONGO":"USI PAULO AFONSO III                               BA       ","DTPREVISTA":null,"STR_DTPREVISTA":null,"DTENTRADA":41817600000,"STR_DTENTRADA":"30/04/1971","TPUSINA_ID":"UHE","NOME_TPUSINA":"Hidroelétrica                 "},"id":44},{"type":"Feature","geometry":{"type":"Point","coordinates":[-38.20401580599997,-9.402199901695424]},"properties":{"OBJECTID":45,"INS_ID":"BAUSU ","NOM_MODALIDADEOPERUSICONJ":"USINA CUJA OPERAÇÃO IMPACTA A REDE DE OPERAÇÃO","NOMELONGO":"USI PAULO AFONSO I                                 BA       ","DTPREVISTA":null,"STR_DTPREVISTA":null,"DTENTRADA":-470793600000,"STR_DTENTRADA":"31/01/1955","TPUSINA_ID":"UHE","NOME_TPUSINA":"Hidroelétrica                 "},"id":45},{"type":"Feature","geometry":{"type":"Point","coordinates":[-38.56666669999999,-12.700000002594757]},"properties":{"OBJECTID":46,"INS_ID":"BAUTA ","NOM_MODALIDADEOPERUSICONJ":"USINA CUJA OPERAÇÃO IMPACTA A REDE DE OPERAÇÃO","NOMELONGO":"USI TERMOBAHIA                                     BA       ","DTPREVISTA":null,"STR_DTPREVISTA":null,"DTENTRADA":1029888000000,"STR_DTENTRADA":"21/08/2002","TPUSINA_ID":"UTE","NOME_TPUSINA":"Térmica                       "},"id":46},{"type":"Feature","geometry":{"type":"Point","coordinates":[-39.85619700699999,-9.86129400168116]},"properties":{"OBJECTID":47,"INS_ID":"BAUTPL","NOM_MODALIDADEOPERUSICONJ":"USINA CUJA OPERAÇÃO IMPACTA A REDE DE OPERAÇÃO","NOMELONGO":"USI UTE PILAR                                      BA       ","DTPREVISTA":253360915200000,"STR_DTPREVISTA":"09/09/9998","DTENTRADA":null,"STR_DTENTRADA":null,"TPUSINA_ID":"UTE","NOME_TPUSINA":"Térmica                       "},"id":47},{"type":"Feature","geometry":{"type":"Point","coordinates":[-39.668978005999975,-3.0944750008981226]},"properties":{"OBJECTID":48,"INS_ID":"CEEBCO","NOM_MODALIDADEOPERUSICONJ":"USINA PERTENCENTE A CONJUNTO DE USINAS","NOMELONGO":"USI ICR_BOCA DO CORREGO                            CE       ","DTPREVISTA":1408060800000,"STR_DTPREVISTA":"15/08/2014","DTENTRADA":1409356800000,"STR_DTENTRADA":"30/08/2014","TPUSINA_ID":"UEE","NOME_TPUSINA":"Eolielétrica                  "},"id":48},{"type":"Feature","geometry":{"type":"Point","coordinates":[-39.599222003999955,-3.06525000189907]},"properties":{"OBJECTID":49,"INS_ID":"CEEICD","NOM_MODALIDADEOPERUSICONJ":"USINA PERTENCENTE A CONJUNTO DE USINAS","NOMELONGO":"USI ICR_ICARAI II                                  CE       ","DTPREVISTA":1393545600000,"STR_DTPREVISTA":"28/02/2014","DTENTRADA":1396051200000,"STR_DTENTRADA":"29/03/2014","TPUSINA_ID":"UEE","NOME_TPUSINA":"Eolielétrica                  "},"id":49},{"type":"Feature","geometry":{"type":"Point","coordinates":[-39.59280600399995,-3.0700829998988968]},"properties":{"OBJECTID":50,"INS_ID":"CEEICU","NOM_MODALIDADEOPERUSICONJ":"USINA PERTENCENTE A CONJUNTO DE USINAS","NOMELONGO":"USI ICR_ICARAI I                                   CE       ","DTPREVISTA":1393545600000,"STR_DTPREVISTA":"28/02/2014","DTENTRADA":1396051200000,"STR_DTENTRADA":"29/03/2014","TPUSINA_ID":"UEE","NOME_TPUSINA":"Eolielétrica                  "},"id":50},{"type":"Feature","geometry":{"type":"Point","coordinates":[-39.702544004,-3.0657420008990757]},"properties":{"OBJECTID":51,"INS_ID":"CEEIGR","NOM_MODALIDADEOPERUSICONJ":"USINA PERTENCENTE A CONJUNTO DE USINAS","NOMELONGO":"USI ICR_ILHA GRANDE                                CE       ","DTPREVISTA":1408060800000,"STR_DTPREVISTA":"15/08/2014","DTENTRADA":1408492800000,"STR_DTENTRADA":"20/08/2014","TPUSINA_ID":"UEE","NOME_TPUSINA":"Eolielétrica                  "},"id":51},{"type":"Feature","geometry":{"type":"Point","coordinates":[-39.678500004,-3.09830300489801]},"properties":{"OBJECTID":52,"INS_ID":"CEERIB","NOM_MODALIDADEOPERUSICONJ":"USINA PERTENCENTE A CONJUNTO DE USINAS","NOMELONGO":"USI ICR_RIBEIRAO                                   CE       ","DTPREVISTA":1410739200000,"STR_DTPREVISTA":"15/09/2014","DTENTRADA":1411603200000,"STR_DTENTRADA":"25/09/2014","TPUSINA_ID":"UEE","NOME_TPUSINA":"Eolielétrica                  "},"id":52},{"type":"Feature","geometry":{"type":"Point","coordinates":[-38.55716700099998,-3.8607500048730596]},"properties":{"OBJECTID":53,"INS_ID":"CEMRU ","NOM_MODALIDADEOPERUSICONJ":"USINA CUJA OPERAÇÃO IMPACTA A REDE DE OPERAÇÃO","NOMELONGO":"USI UTE MARACANAU I                                CE       ","DTPREVISTA":1280620800000,"STR_DTPREVISTA":"01/08/2010","DTENTRADA":1293667200000,"STR_DTENTRADA":"30/12/2010","TPUSINA_ID":"UTE","NOME_TPUSINA":"Térmica                       "},"id":53},{"type":"Feature","geometry":{"type":"Point","coordinates":[-38.897967002999955,-3.528744004883881]},"properties":{"OBJECTID":54,"INS_ID":"CEUEAD","NOM_MODALIDADEOPERUSICONJ":"USINA PERTENCENTE A CONJUNTO DE USINAS","NOMELONGO":"USI TBA_TAIBA ANDORINHA                            CE       ","DTPREVISTA":1406764800000,"STR_DTPREVISTA":"31/07/2014","DTENTRADA":1403136000000,"STR_DTENTRADA":"19/06/2014","TPUSINA_ID":"UEE","NOME_TPUSINA":"Eolielétrica                  "},"id":54},{"type":"Feature","geometry":{"type":"Point","coordinates":[-38.88828900499999,-3.5481250058832488]},"properties":{"OBJECTID":55,"INS_ID":"CEUEAG","NOM_MODALIDADEOPERUSICONJ":"USINA PERTENCENTE A CONJUNTO DE USINAS","NOMELONGO":"USI TBA_TAIBA AGUIA                                CE       ","DTPREVISTA":1404086400000,"STR_DTPREVISTA":"30/06/2014","DTENTRADA":1403136000000,"STR_DTENTRADA":"19/06/2014","TPUSINA_ID":"UEE","NOME_TPUSINA":"Eolielétrica                  "},"id":55},{"type":"Feature","geometry":{"type":"Point","coordinates":[-39.22455600599999,-3.280139006892056]},"properties":{"OBJECTID":56,"INS_ID":"CEUEAP","NOM_MODALIDADEOPERUSICONJ":"USINA PERTENCENTE A CONJUNTO DE USINAS","NOMELONGO":"USI FSA_SANTO ANTONIO DE PADUA                     CE       ","DTPREVISTA":1417305600000,"STR_DTPREVISTA":"30/11/2014","DTENTRADA":1410566400000,"STR_DTENTRADA":"13/09/2014","TPUSINA_ID":"UEE","NOME_TPUSINA":"Eolielétrica                  "},"id":56},{"type":"Feature","geometry":{"type":"Point","coordinates":[-37.700597002999984,-4.582914001849503]},"properties":{"OBJECTID":57,"INS_ID":"CEUEBV","NOM_MODALIDADEOPERUSICONJ":"USINA PERTENCENTE A CONJUNTO DE USINAS","NOMELONGO":"USI ARD_BONS VENTOS                                CE       ","DTPREVISTA":1266624000000,"STR_DTPREVISTA":"20/02/2010","DTENTRADA":1265846400000,"STR_DTENTRADA":"11/02/2010","TPUSINA_ID":"UEE","NOME_TPUSINA":"Eolielétrica                  "},"id":57},{"type":"Feature","geometry":{"type":"Point","coordinates":[-38.878239006,-3.542633004883436]},"properties":{"OBJECTID":58,"INS_ID":"CEUECL","NOM_MODALIDADEOPERUSICONJ":"USINA PERTENCENTE A CONJUNTO DE USINAS","NOMELONGO":"USI TBA_COLONIA                                    CE       ","DTPREVISTA":1404086400000,"STR_DTPREVISTA":"30/06/2014","DTENTRADA":1403136000000,"STR_DTENTRADA":"19/06/2014","TPUSINA_ID":"UEE","NOME_TPUSINA":"Eolielétrica                  "},"id":58},{"type":"Feature","geometry":{"type":"Point","coordinates":[-37.754383004999966,-4.470100000853169]},"properties":{"OBJECTID":59,"INS_ID":"CEUECQ","NOM_MODALIDADEOPERUSICONJ":"USINA PERTENCENTE A CONJUNTO DE USINAS","NOMELONGO":"USI ARD_CANOA QUEBRADA                             CE       ","DTPREVISTA":1262131200000,"STR_DTPREVISTA":"30/12/2009","DTENTRADA":1264464000000,"STR_DTENTRADA":"26/01/2010","TPUSINA_ID":"UEE","NOME_TPUSINA":"Eolielétrica                  "},"id":59},{"type":"Feature","geometry":{"type":"Point","coordinates":[-39.32941700499998,-3.218250006894079]},"properties":{"OBJECTID":60,"INS_ID":"CEUEEM","NOM_MODALIDADEOPERUSICONJ":"USINA PERTENCENTE A CONJUNTO DE USINAS","NOMELONGO":"USI FSA_EMBUACA                                    CE       ","DTPREVISTA":1401494400000,"STR_DTPREVISTA":"31/05/2014","DTENTRADA":1396051200000,"STR_DTENTRADA":"29/03/2014","TPUSINA_ID":"UEE","NOME_TPUSINA":"Eolielétrica                  "},"id":60},{"type":"Feature","geometry":{"type":"Point","coordinates":[-37.760497004,-4.505708001851964]},"properties":{"OBJECTID":61,"INS_ID":"CEUEEN","NOM_MODALIDADEOPERUSICONJ":"USINA PERTENCENTE A CONJUNTO DE USINAS","NOMELONGO":"USI ARD_ENACEL                                     CE       ","DTPREVISTA":1270425600000,"STR_DTPREVISTA":"05/04/2010","DTENTRADA":1268870400000,"STR_DTENTRADA":"18/03/2010","TPUSINA_ID":"UEE","NOME_TPUSINA":"Eolielétrica                  "},"id":61},{"type":"Feature","geometry":{"type":"Point","coordinates":[-39.26711100299997,-3.3218330068906416]},"properties":{"OBJECTID":62,"INS_ID":"CEUEF1","NOM_MODALIDADEOPERUSICONJ":"USINA PERTENCENTE A CONJUNTO DE USINAS","NOMELONGO":"USI FSA_FAISA 1                                    CE       ","DTPREVISTA":1401494400000,"STR_DTPREVISTA":"31/05/2014","DTENTRADA":1396051200000,"STR_DTENTRADA":"29/03/2014","TPUSINA_ID":"UEE","NOME_TPUSINA":"Eolielétrica                  "},"id":62},{"type":"Feature","geometry":{"type":"Point","coordinates":[-39.251639001,-3.3227500018906246]},"properties":{"OBJECTID":63,"INS_ID":"CEUEF2","NOM_MODALIDADEOPERUSICONJ":"USINA PERTENCENTE A CONJUNTO DE USINAS","NOMELONGO":"USI FSA_FAISA 2                                    CE       ","DTPREVISTA":1409443200000,"STR_DTPREVISTA":"31/08/2014","DTENTRADA":1406764800000,"STR_DTENTRADA":"31/07/2014","TPUSINA_ID":"UEE","NOME_TPUSINA":"Eolielétrica                  "},"id":63},{"type":"Feature","geometry":{"type":"Point","coordinates":[-39.26513900599998,-3.3478060068898166]},"properties":{"OBJECTID":64,"INS_ID":"CEUEF3","NOM_MODALIDADEOPERUSICONJ":"USINA PERTENCENTE A CONJUNTO DE USINAS","NOMELONGO":"USI FSA_FAISA 3                                    CE       ","DTPREVISTA":1401494400000,"STR_DTPREVISTA":"31/05/2014","DTENTRADA":1396051200000,"STR_DTENTRADA":"29/03/2014","TPUSINA_ID":"UEE","NOME_TPUSINA":"Eolielétrica                  "},"id":64},{"type":"Feature","geometry":{"type":"Point","coordinates":[-39.250111006,-3.353639006889617]},"properties":{"OBJECTID":65,"INS_ID":"CEUEF4","NOM_MODALIDADEOPERUSICONJ":"USINA PERTENCENTE A CONJUNTO DE USINAS","NOMELONGO":"USI FSA_FAISA 4                                    CE       ","DTPREVISTA":1401494400000,"STR_DTPREVISTA":"31/05/2014","DTENTRADA":1396051200000,"STR_DTENTRADA":"29/03/2014","TPUSINA_ID":"UEE","NOME_TPUSINA":"Eolielétrica                  "},"id":65},{"type":"Feature","geometry":{"type":"Point","coordinates":[-39.262111000999994,-3.3699440058890873]},"properties":{"OBJECTID":66,"INS_ID":"CEUEF5","NOM_MODALIDADEOPERUSICONJ":"USINA PERTENCENTE A CONJUNTO DE USINAS","NOMELONGO":"USI FSA_FAISA 5                                    CE       ","DTPREVISTA":1414713600000,"STR_DTPREVISTA":"31/10/2014","DTENTRADA":1414627200000,"STR_DTENTRADA":"30/10/2014","TPUSINA_ID":"UEE","NOME_TPUSINA":"Eolielétrica                  "},"id":66},{"type":"Feature","geometry":{"type":"Point","coordinates":[-39.366667001999986,-3.1925000028948944]},"properties":{"OBJECTID":67,"INS_ID":"CEUEFL","NOM_MODALIDADEOPERUSICONJ":"USINA PERTENCENTE A CONJUNTO DE USINAS","NOMELONGO":"USI TRA_FLEIXEIRAS I                               CE       ","DTPREVISTA":1391126400000,"STR_DTPREVISTA":"31/01/2014","DTENTRADA":1390867200000,"STR_DTENTRADA":"28/01/2014","TPUSINA_ID":"UEE","NOME_TPUSINA":"Eolielétrica                  "},"id":67},{"type":"Feature","geometry":{"type":"Point","coordinates":[-39.21777800499996,-3.2622220068926393]},"properties":{"OBJECTID":68,"INS_ID":"CEUEGU","NOM_MODALIDADEOPERUSICONJ":"USINA PERTENCENTE A CONJUNTO DE USINAS","NOMELONGO":"USI TRA_GUAJIRU                                    CE       ","DTPREVISTA":1385769600000,"STR_DTPREVISTA":"30/11/2013","DTENTRADA":1385078400000,"STR_DTENTRADA":"22/11/2013","TPUSINA_ID":"UEE","NOME_TPUSINA":"Eolielétrica                  "},"id":68},{"type":"Feature","geometry":{"type":"Point","coordinates":[-39.376389003999975,-3.186944000895087]},"properties":{"OBJECTID":69,"INS_ID":"CEUEMU","NOM_MODALIDADEOPERUSICONJ":"USINA PERTENCENTE A CONJUNTO DE USINAS","NOMELONGO":"USI TRA_MUNDAU                                     CE       ","DTPREVISTA":1396224000000,"STR_DTPREVISTA":"31/03/2014","DTENTRADA":1396310400000,"STR_DTENTRADA":"01/04/2014","TPUSINA_ID":"UEE","NOME_TPUSINA":"Eolielétrica                  "},"id":69},{"type":"Feature","geometry":{"type":"Point","coordinates":[-39.26144400199996,-3.261444001892634]},"properties":{"OBJECTID":70,"INS_ID":"CEUESC","NOM_MODALIDADEOPERUSICONJ":"USINA PERTENCENTE A CONJUNTO DE USINAS","NOMELONGO":"USI FSA_SÃO CRISTOVÃO                              CE       ","DTPREVISTA":1417305600000,"STR_DTPREVISTA":"30/11/2014","DTENTRADA":1415664000000,"STR_DTENTRADA":"11/11/2014","TPUSINA_ID":"UEE","NOME_TPUSINA":"Eolielétrica                  "},"id":70},{"type":"Feature","geometry":{"type":"Point","coordinates":[-39.25695600399996,-3.250650003892987]},"properties":{"OBJECTID":71,"INS_ID":"CEUESJ","NOM_MODALIDADEOPERUSICONJ":"USINA PERTENCENTE A CONJUNTO DE USINAS","NOMELONGO":"USI FSA_SÃO JORGE                                  CE       ","DTPREVISTA":1417305600000,"STR_DTPREVISTA":"30/11/2014","DTENTRADA":1415664000000,"STR_DTENTRADA":"11/11/2014","TPUSINA_ID":"UEE","NOME_TPUSINA":"Eolielétrica                  "},"id":71},{"type":"Feature","geometry":{"type":"Point","coordinates":[-39.29027800299997,-3.2216670068939255]},"properties":{"OBJECTID":72,"INS_ID":"CEUETR","NOM_MODALIDADEOPERUSICONJ":"USINA PERTENCENTE A CONJUNTO DE USINAS","NOMELONGO":"USI TRA_TRAIRI                                     CE       ","DTPREVISTA":1385769600000,"STR_DTPREVISTA":"30/11/2013","DTENTRADA":1382659200000,"STR_DTENTRADA":"25/10/2013","TPUSINA_ID":"UEE","NOME_TPUSINA":"Eolielétrica                  "},"id":72},{"type":"Feature","geometry":{"type":"Point","coordinates":[-38.87212499999998,-3.6930389998785373]},"properties":{"OBJECTID":73,"INS_ID":"CEUSCJ","NOM_MODALIDADEOPERUSICONJ":"USINA CUJA OPERAÇÃO IMPACTA A REDE DE OPERAÇÃO","NOMELONGO":"USI TERMOCEARA                                     CE       ","DTPREVISTA":1025395200000,"STR_DTPREVISTA":"30/06/2002","DTENTRADA":1026000000000,"STR_DTENTRADA":"07/07/2002","TPUSINA_ID":"UTE","NOME_TPUSINA":"Térmica                       "},"id":73},{"type":"Feature","geometry":{"type":"Point","coordinates":[-38.87154700599996,-3.5947559998817162]},"properties":{"OBJECTID":74,"INS_ID":"CEUTCP","NOM_MODALIDADEOPERUSICONJ":"USINA QUE NÃO IMPACTA A REDE DE OPERAÇÃO, MAS PARTICIPA DA PROGRAMAÇÃO DE FORMA INDIVIDUALIZADA","NOMELONGO":"USI UTE COMPANHIA SIDERURGICA DO PECEM             CE       ","DTPREVISTA":1475193600000,"STR_DTPREVISTA":"30/09/2016","DTENTRADA":1476403200000,"STR_DTENTRADA":"14/10/2016","TPUSINA_ID":"UTE","NOME_TPUSINA":"Térmica                       "},"id":74},{"type":"Feature","geometry":{"type":"Point","coordinates":[-38.875833005000004,-3.5822219998821696]},"properties":{"OBJECTID":75,"INS_ID":"CEUTPC","NOM_MODALIDADEOPERUSICONJ":"USINA CUJA OPERAÇÃO IMPACTA A REDE DE OPERAÇÃO","NOMELONGO":"USI UTE PORTO DE PECEM I                           CE       ","DTPREVISTA":1356825600000,"STR_DTPREVISTA":"30/12/2012","DTENTRADA":1354320000000,"STR_DTENTRADA":"01/12/2012","TPUSINA_ID":"UTE","NOME_TPUSINA":"Térmica                       "},"id":75},{"type":"Feature","geometry":{"type":"Point","coordinates":[-38.873889007,-3.581667005882158]},"properties":{"OBJECTID":76,"INS_ID":"CEUTPD","NOM_MODALIDADEOPERUSICONJ":"USINA CUJA OPERAÇÃO IMPACTA A REDE DE OPERAÇÃO","NOMELONGO":"USI UTE PORTO DE PECEM II                          CE       ","DTPREVISTA":1385769600000,"STR_DTPREVISTA":"30/11/2013","DTENTRADA":1382054400000,"STR_DTENTRADA":"18/10/2013","TPUSINA_ID":"UTE","NOME_TPUSINA":"Térmica                       "},"id":76},{"type":"Feature","geometry":{"type":"Point","coordinates":[-40.91830600099996,-19.50108300140558]},"properties":{"OBJECTID":77,"INS_ID":"ESMASC","NOM_MODALIDADEOPERUSICONJ":"USINA CUJA OPERAÇÃO IMPACTA A REDE DE OPERAÇÃO","NOMELONGO":"USI MASCARENHAS                                    ES       ","DTPREVISTA":null,"STR_DTPREVISTA":null,"DTENTRADA":117417600000,"STR_DTENTRADA":"21/09/1973","TPUSINA_ID":"UHE","NOME_TPUSINA":"Hidroelétrica                 "},"id":77},{"type":"Feature","geometry":{"type":"Point","coordinates":[-41.700000002999964,-20.916388906370116]},"properties":{"OBJECTID":78,"INS_ID":"ESRSL ","NOM_MODALIDADEOPERUSICONJ":"USINA CUJA OPERAÇÃO IMPACTA A REDE DE OPERAÇÃO","NOMELONGO":"USI ROSAL                                          ES       ","DTPREVISTA":null,"STR_DTPREVISTA":null,"DTENTRADA":946512000000,"STR_DTENTRADA":"30/12/1999","TPUSINA_ID":"UHE","NOME_TPUSINA":"Hidroelétrica                 "},"id":78},{"type":"Feature","geometry":{"type":"Point","coordinates":[-40.22913300199997,-20.231567002387045]},"properties":{"OBJECTID":79,"INS_ID":"ESUSOL","NOM_MODALIDADEOPERUSICONJ":"USINA QUE NÃO TEM RELACIONAMENTO DIRETO COM O ONS","NOMELONGO":"USI SOL                                            ES       ","DTPREVISTA":null,"STR_DTPREVISTA":null,"DTENTRADA":1182211200000,"STR_DTENTRADA":"19/06/2007","TPUSINA_ID":"UTE","NOME_TPUSINA":"Térmica                       "},"id":79},{"type":"Feature","geometry":{"type":"Point","coordinates":[-40.43874899999998,-20.377951003383394]},"properties":{"OBJECTID":80,"INS_ID":"ESUTEV","NOM_MODALIDADEOPERUSICONJ":"USINA CUJA OPERAÇÃO IMPACTA A REDE DE OPERAÇÃO","NOMELONGO":"USI VIANA                                          ES       ","DTPREVISTA":1264896000000,"STR_DTPREVISTA":"31/01/2010","DTENTRADA":1262736000000,"STR_DTENTRADA":"06/01/2010","TPUSINA_ID":"UTE","NOME_TPUSINA":"Térmica                       "},"id":80},{"type":"Feature","geometry":{"type":"Point","coordinates":[-39.80117800099998,-19.53474700440472]},"properties":{"OBJECTID":81,"INS_ID":"ESUTLI","NOM_MODALIDADEOPERUSICONJ":"USINA CUJA OPERAÇÃO IMPACTA A REDE DE OPERAÇÃO","NOMELONGO":"USI UTE LUIZ OSCAR RODRIGUES DE MELO               ES       ","DTPREVISTA":1293840000000,"STR_DTPREVISTA":"01/01/2011","DTENTRADA":1293062400000,"STR_DTENTRADA":"23/12/2010","TPUSINA_ID":"UTE","NOME_TPUSINA":"Térmica                       "},"id":81},{"type":"Feature","geometry":{"type":"Point","coordinates":[-51.147778003999974,-18.530556000430764]},"properties":{"OBJECTID":82,"INS_ID":"GOCACU","NOM_MODALIDADEOPERUSICONJ":"USINA CUJA OPERAÇÃO IMPACTA A REDE DE OPERAÇÃO","NOMELONGO":"USI UHE CACU                                       GO       ","DTPREVISTA":1277856000000,"STR_DTPREVISTA":"30/06/2010","DTENTRADA":1279929600000,"STR_DTENTRADA":"24/07/2010","TPUSINA_ID":"UHE","NOME_TPUSINA":"Hidroelétrica                 "},"id":82},{"type":"Feature","geometry":{"type":"Point","coordinates":[-48.943889006999996,-16.401944004488225]},"properties":{"OBJECTID":83,"INS_ID":"GOENDA","NOM_MODALIDADEOPERUSICONJ":"USINA CUJA OPERAÇÃO IMPACTA A REDE DE OPERAÇÃO","NOMELONGO":"USI DAIA                                           GO       ","DTPREVISTA":1199145600000,"STR_DTPREVISTA":"01/01/2008","DTENTRADA":1026691200000,"STR_DTENTRADA":"15/07/2002","TPUSINA_ID":"UTE","NOME_TPUSINA":"Térmica                       "},"id":83},{"type":"Feature","geometry":{"type":"Point","coordinates":[-50.64361100599995,-19.11583300641551]},"properties":{"OBJECTID":84,"INS_ID":"GOFRCL","NOM_MODALIDADEOPERUSICONJ":"USINA CUJA OPERAÇÃO IMPACTA A REDE DE OPERAÇÃO","NOMELONGO":"USI ENG.JOSE LUIZ MULLER DE GODOY PEREIRA          GO       ","DTPREVISTA":1280534400000,"STR_DTPREVISTA":"31/07/2010","DTENTRADA":1278720000000,"STR_DTENTRADA":"10/07/2010","TPUSINA_ID":"UHE","NOME_TPUSINA":"Hidroelétrica                 "},"id":84},{"type":"Feature","geometry":{"type":"Point","coordinates":[-49.25749999999999,-16.58166700648327]},"properties":{"OBJECTID":85,"INS_ID":"GOMAXA","NOM_MODALIDADEOPERUSICONJ":"UTE COM CVU DECLARADO, QUE NÃO IMPACTA A REDE DE OPERAÇÃO E É DESPACHADA POR ORDEM DE MÉRITO","NOMELONGO":"USI XAVANTES                                       GO       ","DTPREVISTA":1199145600000,"STR_DTPREVISTA":"01/01/2008","DTENTRADA":1026691200000,"STR_DTENTRADA":"15/07/2002","TPUSINA_ID":"UTE","NOME_TPUSINA":"Térmica                       "},"id":85},{"type":"Feature","geometry":{"type":"Point","coordinates":[-51.172500007,-18.808611005423476]},"properties":{"OBJECTID":86,"INS_ID":"GOST  ","NOM_MODALIDADEOPERUSICONJ":"USINA CUJA OPERAÇÃO IMPACTA A REDE DE OPERAÇÃO","NOMELONGO":"USI SALTO                                          GO       ","DTPREVISTA":1277856000000,"STR_DTPREVISTA":"30/06/2010","DTENTRADA":1274745600000,"STR_DTENTRADA":"25/05/2010","TPUSINA_ID":"UHE","NOME_TPUSINA":"Hidroelétrica                 "},"id":86},{"type":"Feature","geometry":{"type":"Point","coordinates":[-50.75277800099997,-19.139722004414846]},"properties":{"OBJECTID":87,"INS_ID":"GOSV  ","NOM_MODALIDADEOPERUSICONJ":"USINA CUJA OPERAÇÃO IMPACTA A REDE DE OPERAÇÃO","NOMELONGO":"USI SALTO DO RIO VERDINHO                          GO       ","DTPREVISTA":1280534400000,"STR_DTPREVISTA":"31/07/2010","DTENTRADA":1278374400000,"STR_DTENTRADA":"06/07/2010","TPUSINA_ID":"UHE","NOME_TPUSINA":"Hidroelétrica                 "},"id":87},{"type":"Feature","geometry":{"type":"Point","coordinates":[-50.25777800399999,-18.434444002433263]},"properties":{"OBJECTID":88,"INS_ID":"GOTQR ","NOM_MODALIDADEOPERUSICONJ":"USINA PERTENCENTE A CONJUNTO DE USINAS","NOMELONGO":"USI TERMICA QUIRINOPOLIS                           GO       ","DTPREVISTA":null,"STR_DTPREVISTA":null,"DTENTRADA":1195689600000,"STR_DTENTRADA":"22/11/2007","TPUSINA_ID":"UTE","NOME_TPUSINA":"Térmica                       "},"id":88},{"type":"Feature","geometry":{"type":"Point","coordinates":[-50.435241005999956,-18.545123003430398]},"properties":{"OBJECTID":89,"INS_ID":"GOUBV ","NOM_MODALIDADEOPERUSICONJ":"USINA PERTENCENTE A CONJUNTO DE USINAS","NOMELONGO":"USI UTE BOA VISTA                                  GO       ","DTPREVISTA":1304294400000,"STR_DTPREVISTA":"02/05/2011","DTENTRADA":1216684800000,"STR_DTENTRADA":"22/07/2008","TPUSINA_ID":"UTE","NOME_TPUSINA":"Térmica                       "},"id":89},{"type":"Feature","geometry":{"type":"Point","coordinates":[-47.941944003,-16.786111004477625]},"properties":{"OBJECTID":90,"INS_ID":"GOUCB3","NOM_MODALIDADEOPERUSICONJ":"USINA CUJA OPERAÇÃO IMPACTA A REDE DE OPERAÇÃO","NOMELONGO":"USI CORUMBA III                                    GO       ","DTPREVISTA":1256947200000,"STR_DTPREVISTA":"31/10/2009","DTENTRADA":1256342400000,"STR_DTENTRADA":"24/10/2009","TPUSINA_ID":"UHE","NOME_TPUSINA":"Hidroelétrica                 "},"id":90},{"type":"Feature","geometry":{"type":"Point","coordinates":[-48.187222204999955,-16.322500005490465]},"properties":{"OBJECTID":91,"INS_ID":"GOUCB4","NOM_MODALIDADEOPERUSICONJ":"USINA CUJA OPERAÇÃO IMPACTA A REDE DE OPERAÇÃO","NOMELONGO":"USI CORUMBA IV                                     GO       ","DTPREVISTA":1143763200000,"STR_DTPREVISTA":"31/03/2006","DTENTRADA":1143849600000,"STR_DTENTRADA":"01/04/2006","TPUSINA_ID":"UHE","NOME_TPUSINA":"Hidroelétrica                 "},"id":91},{"type":"Feature","geometry":{"type":"Point","coordinates":[-49.48638890699999,-18.4991667044316]},"properties":{"OBJECTID":92,"INS_ID":"GOUCD ","NOM_MODALIDADEOPERUSICONJ":"USINA CUJA OPERAÇÃO IMPACTA A REDE DE OPERAÇÃO","NOMELONGO":"USI CACHOEIRA  DOURADA                             GO       ","DTPREVISTA":null,"STR_DTPREVISTA":null,"DTENTRADA":-344563200000,"STR_DTENTRADA":"31/01/1959","TPUSINA_ID":"UHE","NOME_TPUSINA":"Hidroelétrica                 "},"id":92},{"type":"Feature","geometry":{"type":"Point","coordinates":[-51.00305600499996,-18.723333001425733]},"properties":{"OBJECTID":93,"INS_ID":"GOUHBC","NOM_MODALIDADEOPERUSICONJ":"USINA CUJA OPERAÇÃO IMPACTA A REDE DE OPERAÇÃO","NOMELONGO":"USI BARRA DOS COQUEIROS                            GO       ","DTPREVISTA":1277856000000,"STR_DTPREVISTA":"30/06/2010","DTENTRADA":1276905600000,"STR_DTENTRADA":"19/06/2010","TPUSINA_ID":"UHE","NOME_TPUSINA":"Hidroelétrica                 "},"id":93},{"type":"Feature","geometry":{"type":"Point","coordinates":[-48.141666703,-13.406944401573842]},"properties":{"OBJECTID":94,"INS_ID":"GOUHCB","NOM_MODALIDADEOPERUSICONJ":"USINA CUJA OPERAÇÃO IMPACTA A REDE DE OPERAÇÃO","NOMELONGO":"USI CANA BRAVA                                     GO       ","DTPREVISTA":1033430400000,"STR_DTPREVISTA":"01/10/2002","DTENTRADA":1021334400000,"STR_DTENTRADA":"14/05/2002","TPUSINA_ID":"UHE","NOME_TPUSINA":"Hidroelétrica                 "},"id":94},{"type":"Feature","geometry":{"type":"Point","coordinates":[-51.850000000999955,-18.666667006427204]},"properties":{"OBJECTID":95,"INS_ID":"GOUHES","NOM_MODALIDADEOPERUSICONJ":"USINA CUJA OPERAÇÃO IMPACTA A REDE DE OPERAÇÃO","NOMELONGO":"USI ESPORA                                         GO       ","DTPREVISTA":1156982400000,"STR_DTPREVISTA":"31/08/2006","DTENTRADA":1157587200000,"STR_DTENTRADA":"07/09/2006","TPUSINA_ID":"UHE","NOME_TPUSINA":"Hidroelétrica                 "},"id":95},{"type":"Feature","geometry":{"type":"Point","coordinates":[-47.666667007,-18.06666700544304]},"properties":{"OBJECTID":96,"INS_ID":"GOUHSF","NOM_MODALIDADEOPERUSICONJ":"USINA CUJA OPERAÇÃO IMPACTA A REDE DE OPERAÇÃO","NOMELONGO":"USI SERRA DO FACAO                                 GO       ","DTPREVISTA":1280534400000,"STR_DTPREVISTA":"31/07/2010","DTENTRADA":1278979200000,"STR_DTENTRADA":"13/07/2010","TPUSINA_ID":"UHE","NOME_TPUSINA":"Hidroelétrica                 "},"id":96},{"type":"Feature","geometry":{"type":"Point","coordinates":[-47.48944400299996,-17.34555600546239]},"properties":{"OBJECTID":97,"INS_ID":"GOUSBL","NOM_MODALIDADEOPERUSICONJ":"USINA CUJA OPERAÇÃO IMPACTA A REDE DE OPERAÇÃO","NOMELONGO":"USI BATALHA                                        MG       ","DTPREVISTA":1401494400000,"STR_DTPREVISTA":"31/05/2014","DTENTRADA":1400284800000,"STR_DTENTRADA":"17/05/2014","TPUSINA_ID":"UHE","NOME_TPUSINA":"Hidroelétrica                 "},"id":97},{"type":"Feature","geometry":{"type":"Point","coordinates":[-48.54114000499999,-17.987029001445165]},"properties":{"OBJECTID":98,"INS_ID":"GOUSCB","NOM_MODALIDADEOPERUSICONJ":"USINA CUJA OPERAÇÃO IMPACTA A REDE DE OPERAÇÃO","NOMELONGO":"USI CORUMBA                                        GO       ","DTPREVISTA":null,"STR_DTPREVISTA":null,"DTENTRADA":862358400000,"STR_DTENTRADA":"30/04/1997","TPUSINA_ID":"UHE","NOME_TPUSINA":"Hidroelétrica                 "},"id":98},{"type":"Feature","geometry":{"type":"Point","coordinates":[-48.30083300199999,-13.82618700756157]},"properties":{"OBJECTID":99,"INS_ID":"GOUSSM","NOM_MODALIDADEOPERUSICONJ":"USINA CUJA OPERAÇÃO IMPACTA A REDE DE OPERAÇÃO","NOMELONGO":"USI SERRA DA MESA                                  GO       ","DTPREVISTA":null,"STR_DTPREVISTA":null,"DTENTRADA":889401600000,"STR_DTENTRADA":"09/03/1998","TPUSINA_ID":"UHE","NOME_TPUSINA":"Hidroelétrica                 "},"id":99},{"type":"Feature","geometry":{"type":"Point","coordinates":[-51.01027800099996,-18.79194400442389]},"properties":{"OBJECTID":100,"INS_ID":"GOUTCA","NOM_MODALIDADEOPERUSICONJ":"USINA QUE NÃO IMPACTA A REDE DE OPERAÇÃO, MAS PARTICIPA DA PROGRAMAÇÃO DE FORMA INDIVIDUALIZADA","NOMELONGO":"USI UTE CACU I                                     GO       ","DTPREVISTA":1280534400000,"STR_DTPREVISTA":"31/07/2010","DTENTRADA":1279756800000,"STR_DTENTRADA":"22/07/2010","TPUSINA_ID":"UTE","NOME_TPUSINA":"Térmica                       "},"id":100},{"type":"Feature","geometry":{"type":"Point","coordinates":[-49.940000005,-16.77638900247789]},"properties":{"OBJECTID":101,"INS_ID":"GOUTP ","NOM_MODALIDADEOPERUSICONJ":"USINA CUJA OPERAÇÃO IMPACTA A REDE DE OPERAÇÃO","NOMELONGO":"USI UTE PALMEIRAS DE GOIAS                         GO       ","DTPREVISTA":1343692800000,"STR_DTPREVISTA":"31/07/2012","DTENTRADA":1342483200000,"STR_DTENTRADA":"17/07/2012","TPUSINA_ID":"UTE","NOME_TPUSINA":"Térmica                       "},"id":101},{"type":"Feature","geometry":{"type":"Point","coordinates":[-44.55661500200001,-3.5664080008826384]},"properties":{"OBJECTID":102,"INS_ID":"MAGM1 ","NOM_MODALIDADEOPERUSICONJ":"USINA CUJA OPERAÇÃO IMPACTA A REDE DE OPERAÇÃO","NOMELONGO":"USI GERAMAR I                                      MA       ","DTPREVISTA":1264896000000,"STR_DTPREVISTA":"31/01/2010","DTENTRADA":1262995200000,"STR_DTENTRADA":"09/01/2010","TPUSINA_ID":"UTE","NOME_TPUSINA":"Térmica                       "},"id":102},{"type":"Feature","geometry":{"type":"Point","coordinates":[-44.55490500499997,-3.5663910058826853]},"properties":{"OBJECTID":103,"INS_ID":"MAGM2 ","NOM_MODALIDADEOPERUSICONJ":"USINA CUJA OPERAÇÃO IMPACTA A REDE DE OPERAÇÃO","NOMELONGO":"USI GERAMAR II                                     MA       ","DTPREVISTA":1267315200000,"STR_DTPREVISTA":"28/02/2010","DTENTRADA":1265414400000,"STR_DTENTRADA":"06/02/2010","TPUSINA_ID":"UTE","NOME_TPUSINA":"Térmica                       "},"id":103},{"type":"Feature","geometry":{"type":"Point","coordinates":[-47.550556003999986,-5.415556005822433]},"properties":{"OBJECTID":104,"INS_ID":"MAUSUZ","NOM_MODALIDADEOPERUSICONJ":"USINA QUE NÃO IMPACTA A REDE DE OPERAÇÃO, MAS PARTICIPA DA PROGRAMAÇÃO DE FORMA INDIVIDUALIZADA","NOMELONGO":"USI UTE SUZANO                                     MA       ","DTPREVISTA":1396310400000,"STR_DTPREVISTA":"01/04/2014","DTENTRADA":1396569600000,"STR_DTENTRADA":"04/04/2014","TPUSINA_ID":"UTE","NOME_TPUSINA":"Térmica                       "},"id":104},{"type":"Feature","geometry":{"type":"Point","coordinates":[-44.356086000999994,-4.823900006841623]},"properties":{"OBJECTID":105,"INS_ID":"MAUTM3","NOM_MODALIDADEOPERUSICONJ":"USINA CUJA OPERAÇÃO IMPACTA A REDE DE OPERAÇÃO","NOMELONGO":"USI UTE MARANHAO III                               MA       ","DTPREVISTA":1469923200000,"STR_DTPREVISTA":"31/07/2016","DTENTRADA":1401321600000,"STR_DTENTRADA":"29/05/2014","TPUSINA_ID":"UTE","NOME_TPUSINA":"Térmica                       "},"id":105},{"type":"Feature","geometry":{"type":"Point","coordinates":[-44.35398900499996,-4.81971700484177]},"properties":{"OBJECTID":106,"INS_ID":"MAUTM4","NOM_MODALIDADEOPERUSICONJ":"USINA CUJA OPERAÇÃO IMPACTA A REDE DE OPERAÇÃO","NOMELONGO":"USI UTE MARANHAO IV                                MA       ","DTPREVISTA":1362009600000,"STR_DTPREVISTA":"28/02/2013","DTENTRADA":1359417600000,"STR_DTENTRADA":"29/01/2013","TPUSINA_ID":"UTE","NOME_TPUSINA":"Térmica                       "},"id":106},{"type":"Feature","geometry":{"type":"Point","coordinates":[-44.354572005999955,-4.820883005841732]},"properties":{"OBJECTID":107,"INS_ID":"MAUTM5","NOM_MODALIDADEOPERUSICONJ":"USINA CUJA OPERAÇÃO IMPACTA A REDE DE OPERAÇÃO","NOMELONGO":"USI UTE MARANHAO V                                 MA       ","DTPREVISTA":1367280000000,"STR_DTPREVISTA":"30/04/2013","DTENTRADA":1364515200000,"STR_DTENTRADA":"29/03/2013","TPUSINA_ID":"UTE","NOME_TPUSINA":"Térmica                       "},"id":107},{"type":"Feature","geometry":{"type":"Point","coordinates":[-44.353586002999975,-4.818903006841781]},"properties":{"OBJECTID":108,"INS_ID":"MAUTNV","NOM_MODALIDADEOPERUSICONJ":"USINA CUJA OPERAÇÃO IMPACTA A REDE DE OPERAÇÃO","NOMELONGO":"USI UTE NOVA VENECIA                               MA       ","DTPREVISTA":1388361600000,"STR_DTPREVISTA":"30/12/2013","DTENTRADA":1382486400000,"STR_DTENTRADA":"23/10/2013","TPUSINA_ID":"UTE","NOME_TPUSINA":"Térmica                       "},"id":108},{"type":"Feature","geometry":{"type":"Point","coordinates":[-44.35288129999998,-4.817772389841821]},"properties":{"OBJECTID":109,"INS_ID":"MAUTP4","NOM_MODALIDADEOPERUSICONJ":"USINA CUJA OPERAÇÃO IMPACTA A REDE DE OPERAÇÃO","NOMELONGO":"USI UTE PARNAIBA 4                                 MA       ","DTPREVISTA":1385856000000,"STR_DTPREVISTA":"01/12/2013","DTENTRADA":1386892800000,"STR_DTENTRADA":"13/12/2013","TPUSINA_ID":"UTE","NOME_TPUSINA":"Térmica                       "},"id":109},{"type":"Feature","geometry":{"type":"Point","coordinates":[-44.355796999999995,-2.5861439999148126]},"properties":{"OBJECTID":110,"INS_ID":"MAUTPI","NOM_MODALIDADEOPERUSICONJ":"USINA CUJA OPERAÇÃO IMPACTA A REDE DE OPERAÇÃO","NOMELONGO":"USI UTE PORTO DO ITAQUI                            MA       ","DTPREVISTA":1359590400000,"STR_DTPREVISTA":"31/01/2013","DTENTRADA":1360022400000,"STR_DTENTRADA":"05/02/2013","TPUSINA_ID":"UTE","NOME_TPUSINA":"Térmica                       "},"id":110},{"type":"Feature","geometry":{"type":"Point","coordinates":[-41.09750000399998,-19.45638900240672]},"properties":{"OBJECTID":111,"INS_ID":"MGAIMO","NOM_MODALIDADEOPERUSICONJ":"USINA CUJA OPERAÇÃO IMPACTA A REDE DE OPERAÇÃO","NOMELONGO":"USI AIMORES                                        MG       ","DTPREVISTA":1125446400000,"STR_DTPREVISTA":"31/08/2005","DTENTRADA":1120089600000,"STR_DTENTRADA":"30/06/2005","TPUSINA_ID":"UHE","NOME_TPUSINA":"Hidroelétrica                 "},"id":111},{"type":"Feature","geometry":{"type":"Point","coordinates":[-44.616111106999995,-21.32527780536012]},"properties":{"OBJECTID":112,"INS_ID":"MGCAMA","NOM_MODALIDADEOPERUSICONJ":"USINA CUJA OPERAÇÃO IMPACTA A REDE DE OPERAÇÃO","NOMELONGO":"USI CAMARGOS                                       MG       ","DTPREVISTA":null,"STR_DTPREVISTA":null,"DTENTRADA":-310435200000,"STR_DTENTRADA":"01/03/1960","TPUSINA_ID":"UHE","NOME_TPUSINA":"Hidroelétrica                 "},"id":112},{"type":"Feature","geometry":{"type":"Point","coordinates":[-48.14722200500001,-18.790278002423953]},"properties":{"OBJECTID":113,"INS_ID":"MGCPB1","NOM_MODALIDADEOPERUSICONJ":"USINA CUJA OPERAÇÃO IMPACTA A REDE DE OPERAÇÃO","NOMELONGO":"USI AMADOR AGUIAR I                                MG       ","DTPREVISTA":1141084800000,"STR_DTPREVISTA":"28/02/2006","DTENTRADA":1138579200000,"STR_DTENTRADA":"30/01/2006","TPUSINA_ID":"UHE","NOME_TPUSINA":"Hidroelétrica                 "},"id":113},{"type":"Feature","geometry":{"type":"Point","coordinates":[-48.43527800599998,-18.659722000427365]},"properties":{"OBJECTID":114,"INS_ID":"MGCPB2","NOM_MODALIDADEOPERUSICONJ":"USINA CUJA OPERAÇÃO IMPACTA A REDE DE OPERAÇÃO","NOMELONGO":"USI AMADOR AGUIAR II                               MG       ","DTPREVISTA":1172620800000,"STR_DTPREVISTA":"28/02/2007","DTENTRADA":1173398400000,"STR_DTENTRADA":"09/03/2007","TPUSINA_ID":"UHE","NOME_TPUSINA":"Hidroelétrica                 "},"id":114},{"type":"Feature","geometry":{"type":"Point","coordinates":[-47.99392707099997,-18.452064436432842]},"properties":{"OBJECTID":115,"INS_ID":"MGEMBO","NOM_MODALIDADEOPERUSICONJ":null,"NOMELONGO":"SUB EMBORCACAO                                     MG       ","DTPREVISTA":null,"STR_DTPREVISTA":null,"DTENTRADA":386467200000,"STR_DTENTRADA":"01/04/1982","TPUSINA_ID":null,"NOME_TPUSINA":null},"id":115},{"type":"Feature","geometry":{"type":"Point","coordinates":[-44.916666701,-21.083055600366]},"properties":{"OBJECTID":116,"INS_ID":"MGFUNI","NOM_MODALIDADEOPERUSICONJ":"USINA CUJA OPERAÇÃO IMPACTA A REDE DE OPERAÇÃO","NOMELONGO":"USI FUNIL GRANDE                                   MG       ","DTPREVISTA":1036195200000,"STR_DTPREVISTA":"02/11/2002","DTENTRADA":1040342400000,"STR_DTENTRADA":"20/12/2002","TPUSINA_ID":"UHE","NOME_TPUSINA":"Hidroelétrica                 "},"id":116},{"type":"Feature","geometry":{"type":"Point","coordinates":[-42.96000000099997,-19.708055600400275]},"properties":{"OBJECTID":117,"INS_ID":"MGGUIL","NOM_MODALIDADEOPERUSICONJ":"USINA CUJA OPERAÇÃO IMPACTA A REDE DE OPERAÇÃO","NOMELONGO":"USI GUILMAN AMORIM                                 MG       ","DTPREVISTA":null,"STR_DTPREVISTA":null,"DTENTRADA":878428800000,"STR_DTENTRADA":"02/11/1997","TPUSINA_ID":"UHE","NOME_TPUSINA":"Hidroelétrica                 "},"id":117},{"type":"Feature","geometry":{"type":"Point","coordinates":[-47.73222220699994,-19.975833304393518]},"properties":{"OBJECTID":118,"INS_ID":"MGIGAR","NOM_MODALIDADEOPERUSICONJ":"USINA CUJA OPERAÇÃO IMPACTA A REDE DE OPERAÇÃO","NOMELONGO":"USI IGARAPAVA                                      MG       ","DTPREVISTA":null,"STR_DTPREVISTA":null,"DTENTRADA":915148800000,"STR_DTENTRADA":"01/01/1999","TPUSINA_ID":"UHE","NOME_TPUSINA":"Hidroelétrica                 "},"id":118},{"type":"Feature","geometry":{"type":"Point","coordinates":[-44.28000000099996,-19.96583330639375]},"properties":{"OBJECTID":119,"INS_ID":"MGIGPE","NOM_MODALIDADEOPERUSICONJ":"USINA CUJA OPERAÇÃO IMPACTA A REDE DE OPERAÇÃO","NOMELONGO":"USI IGARAPE 1                                      MG       ","DTPREVISTA":null,"STR_DTPREVISTA":null,"DTENTRADA":246672000000,"STR_DTENTRADA":"26/10/1977","TPUSINA_ID":"UTE","NOME_TPUSINA":"Térmica                       "},"id":119},{"type":"Feature","geometry":{"type":"Point","coordinates":[-42.56708089999995,-16.730263106479192]},"properties":{"OBJECTID":120,"INS_ID":"MGIRAP","NOM_MODALIDADEOPERUSICONJ":"USINA CUJA OPERAÇÃO IMPACTA A REDE DE OPERAÇÃO","NOMELONGO":"USI IRAPE-US                                       MG       ","DTPREVISTA":1151625600000,"STR_DTPREVISTA":"30/06/2006","DTENTRADA":1153267200000,"STR_DTENTRADA":"19/07/2006","TPUSINA_ID":"UHE","NOME_TPUSINA":"Hidroelétrica                 "},"id":120},{"type":"Feature","geometry":{"type":"Point","coordinates":[-44.623888901999976,-21.291667007360953]},"properties":{"OBJECTID":121,"INS_ID":"MGITUT","NOM_MODALIDADEOPERUSICONJ":"USINA CUJA OPERAÇÃO IMPACTA A REDE DE OPERAÇÃO","NOMELONGO":"USI ITUTINGA-US                                    MG       ","DTPREVISTA":null,"STR_DTPREVISTA":null,"DTENTRADA":-470707200000,"STR_DTENTRADA":"01/02/1955","TPUSINA_ID":"UHE","NOME_TPUSINA":"Hidroelétrica                 "},"id":121},{"type":"Feature","geometry":{"type":"Point","coordinates":[-47.43444440499997,-20.023055002392304]},"properties":{"OBJECTID":122,"INS_ID":"MGJGUS","NOM_MODALIDADEOPERUSICONJ":"USINA CUJA OPERAÇÃO IMPACTA A REDE DE OPERAÇÃO","NOMELONGO":"USI JAGUARA                                        MG       ","DTPREVISTA":null,"STR_DTPREVISTA":null,"DTENTRADA":31536000000,"STR_DTENTRADA":"01/01/1971","TPUSINA_ID":"UHE","NOME_TPUSINA":"Hidroelétrica                 "},"id":122},{"type":"Feature","geometry":{"type":"Point","coordinates":[-48.041388907000005,-18.911944404420797]},"properties":{"OBJECTID":123,"INS_ID":"MGMIRA","NOM_MODALIDADEOPERUSICONJ":"USINA CUJA OPERAÇÃO IMPACTA A REDE DE OPERAÇÃO","NOMELONGO":"USI MIRANDA                                        MG       ","DTPREVISTA":null,"STR_DTPREVISTA":null,"DTENTRADA":896400000000,"STR_DTENTRADA":"29/05/1998","TPUSINA_ID":"UHE","NOME_TPUSINA":"Hidroelétrica                 "},"id":123},{"type":"Feature","geometry":{"type":"Point","coordinates":[-47.693611003,-19.133055001415066]},"properties":{"OBJECTID":124,"INS_ID":"MGNPON","NOM_MODALIDADEOPERUSICONJ":"USINA CUJA OPERAÇÃO IMPACTA A REDE DE OPERAÇÃO","NOMELONGO":"USI NOVA PONTE                                     MG       ","DTPREVISTA":null,"STR_DTPREVISTA":null,"DTENTRADA":581126400000,"STR_DTENTRADA":"01/06/1988","TPUSINA_ID":"UHE","NOME_TPUSINA":"Hidroelétrica                 "},"id":124},{"type":"Feature","geometry":{"type":"Point","coordinates":[-43.55000000399997,-21.883333303346717]},"properties":{"OBJECTID":125,"INS_ID":"MGPCDA","NOM_MODALIDADEOPERUSICONJ":"USINA CUJA OPERAÇÃO IMPACTA A REDE DE OPERAÇÃO","NOMELONGO":"USI PICADA                                         MG       ","DTPREVISTA":1151625600000,"STR_DTPREVISTA":"30/06/2006","DTENTRADA":1151712000000,"STR_DTENTRADA":"01/07/2006","TPUSINA_ID":"UHE","NOME_TPUSINA":"Hidroelétrica                 "},"id":125},{"type":"Feature","geometry":{"type":"Point","coordinates":[-42.66611110399998,-19.133611105415046]},"properties":{"OBJECTID":126,"INS_ID":"MGPORT","NOM_MODALIDADEOPERUSICONJ":"USINA CUJA OPERAÇÃO IMPACTA A REDE DE OPERAÇÃO","NOMELONGO":"USI PORTO ESTRELA                                  MG       ","DTPREVISTA":997920000000,"STR_DTPREVISTA":"16/08/2001","DTENTRADA":999561600000,"STR_DTENTRADA":"04/09/2001","TPUSINA_ID":"UHE","NOME_TPUSINA":"Hidroelétrica                 "},"id":126},{"type":"Feature","geometry":{"type":"Point","coordinates":[-47.323055603,-16.20916670549359]},"properties":{"OBJECTID":127,"INS_ID":"MGQMDO","NOM_MODALIDADEOPERUSICONJ":"USINA CUJA OPERAÇÃO IMPACTA A REDE DE OPERAÇÃO","NOMELONGO":"USI QUEIMADO                                       MG       ","DTPREVISTA":1083283200000,"STR_DTPREVISTA":"30/04/2004","DTENTRADA":1081468800000,"STR_DTENTRADA":"09/04/2004","TPUSINA_ID":"UHE","NOME_TPUSINA":"Hidroelétrica                 "},"id":127},{"type":"Feature","geometry":{"type":"Point","coordinates":[-42.80611099999999,-19.635556005402176]},"properties":{"OBJECTID":128,"INS_ID":"MGSCAR","NOM_MODALIDADEOPERUSICONJ":"USINA CUJA OPERAÇÃO IMPACTA A REDE DE OPERAÇÃO","NOMELONGO":"USI SA CARVALHO                                    MG       ","DTPREVISTA":null,"STR_DTPREVISTA":null,"DTENTRADA":985996800000,"STR_DTENTRADA":"31/03/2001","TPUSINA_ID":"UHE","NOME_TPUSINA":"Hidroelétrica                 "},"id":128},{"type":"Feature","geometry":{"type":"Point","coordinates":[-40.201296999999954,-17.896661005447573]},"properties":{"OBJECTID":129,"INS_ID":"MGSCLA","NOM_MODALIDADEOPERUSICONJ":"USINA CUJA OPERAÇÃO IMPACTA A REDE DE OPERAÇÃO","NOMELONGO":"USI SANTA CLARA-MG                                 MG       ","DTPREVISTA":1012435200000,"STR_DTPREVISTA":"31/01/2002","DTENTRADA":1014163200000,"STR_DTENTRADA":"20/02/2002","TPUSINA_ID":"UHE","NOME_TPUSINA":"Hidroelétrica                 "},"id":129},{"type":"Feature","geometry":{"type":"Point","coordinates":[-42.71833330399999,-19.115277804415484]},"properties":{"OBJECTID":130,"INS_ID":"MGSGRA","NOM_MODALIDADEOPERUSICONJ":"USINA CUJA OPERAÇÃO IMPACTA A REDE DE OPERAÇÃO","NOMELONGO":"USI SALTO GRANDE MG                                MG       ","DTPREVISTA":null,"STR_DTPREVISTA":null,"DTENTRADA":-436838400000,"STR_DTENTRADA":"28/02/1956","TPUSINA_ID":"UHE","NOME_TPUSINA":"Hidroelétrica                 "},"id":130},{"type":"Feature","geometry":{"type":"Point","coordinates":[-43.350000000999955,-21.966388903344768]},"properties":{"OBJECTID":131,"INS_ID":"MGSOBR","NOM_MODALIDADEOPERUSICONJ":"USINA CUJA OPERAÇÃO IMPACTA A REDE DE OPERAÇÃO","NOMELONGO":"USI SOBRAGI                                        MG       ","DTPREVISTA":null,"STR_DTPREVISTA":null,"DTENTRADA":904262400000,"STR_DTENTRADA":"28/08/1998","TPUSINA_ID":"UHE","NOME_TPUSINA":"Hidroelétrica                 "},"id":131},{"type":"Feature","geometry":{"type":"Point","coordinates":[-50.49916600399996,-19.01805500641804]},"properties":{"OBJECTID":132,"INS_ID":"MGSSUS","NOM_MODALIDADEOPERUSICONJ":"USINA CUJA OPERAÇÃO IMPACTA A REDE DE OPERAÇÃO","NOMELONGO":"USI SAO SIMAO-US                                   MG       ","DTPREVISTA":null,"STR_DTPREVISTA":null,"DTENTRADA":255139200000,"STR_DTENTRADA":"01/02/1978","TPUSINA_ID":"UHE","NOME_TPUSINA":"Hidroelétrica                 "},"id":132},{"type":"Feature","geometry":{"type":"Point","coordinates":[-45.25916700099998,-18.212500006439143]},"properties":{"OBJECTID":133,"INS_ID":"MGTMAR","NOM_MODALIDADEOPERUSICONJ":"USINA CUJA OPERAÇÃO IMPACTA A REDE DE OPERAÇÃO","NOMELONGO":"USI TRES MARIAS                                    MG       ","DTPREVISTA":null,"STR_DTPREVISTA":null,"DTENTRADA":-249782400000,"STR_DTENTRADA":"01/02/1962","TPUSINA_ID":"UHE","NOME_TPUSINA":"Hidroelétrica                 "},"id":133},{"type":"Feature","geometry":{"type":"Point","coordinates":[-42.12416700299997,-19.022500000417903]},"properties":{"OBJECTID":134,"INS_ID":"MGUBAG","NOM_MODALIDADEOPERUSICONJ":"USINA CUJA OPERAÇÃO IMPACTA A REDE DE OPERAÇÃO","NOMELONGO":"USI BAGUARI                                        MG       ","DTPREVISTA":1254268800000,"STR_DTPREVISTA":"30/09/2009","DTENTRADA":1252454400000,"STR_DTENTRADA":"09/09/2009","TPUSINA_ID":"UHE","NOME_TPUSINA":"Hidroelétrica                 "},"id":134},{"type":"Feature","geometry":{"type":"Point","coordinates":[-42.891666703,-20.206944406387702]},"properties":{"OBJECTID":135,"INS_ID":"MGUHEC","NOM_MODALIDADEOPERUSICONJ":"USINA CUJA OPERAÇÃO IMPACTA A REDE DE OPERAÇÃO","NOMELONGO":"USI RISOLETA NEVES                                 MG       ","DTPREVISTA":1093910400000,"STR_DTPREVISTA":"31/08/2004","DTENTRADA":1093305600000,"STR_DTENTRADA":"24/08/2004","TPUSINA_ID":"UHE","NOME_TPUSINA":"Hidroelétrica                 "},"id":135},{"type":"Feature","geometry":{"type":"Point","coordinates":[-44.781667002000006,-18.894444003421242]},"properties":{"OBJECTID":136,"INS_ID":"MGUHRB","NOM_MODALIDADEOPERUSICONJ":"USINA CUJA OPERAÇÃO IMPACTA A REDE DE OPERAÇÃO","NOMELONGO":"USI RETIRO BAIXO                                   MG       ","DTPREVISTA":1269993600000,"STR_DTPREVISTA":"31/03/2010","DTENTRADA":1267574400000,"STR_DTENTRADA":"03/03/2010","TPUSINA_ID":"UHE","NOME_TPUSINA":"Hidroelétrica                 "},"id":136},{"type":"Feature","geometry":{"type":"Point","coordinates":[-48.57494800499995,-20.12013200638989]},"properties":{"OBJECTID":137,"INS_ID":"MGUSCL","NOM_MODALIDADEOPERUSICONJ":"USINA CUJA OPERAÇÃO IMPACTA A REDE DE OPERAÇÃO","NOMELONGO":"USI PORTO  COLOMBIA                                MG       ","DTPREVISTA":null,"STR_DTPREVISTA":null,"DTENTRADA":99792000000,"STR_DTENTRADA":"01/03/1973","TPUSINA_ID":"UHE","NOME_TPUSINA":"Hidroelétrica                 "},"id":137},{"type":"Feature","geometry":{"type":"Point","coordinates":[-46.319262004999985,-20.667320005376208]},"properties":{"OBJECTID":138,"INS_ID":"MGUSFU","NOM_MODALIDADEOPERUSICONJ":"USINA CUJA OPERAÇÃO IMPACTA A REDE DE OPERAÇÃO","NOMELONGO":"USI FURNAS                                         MG       ","DTPREVISTA":null,"STR_DTPREVISTA":null,"DTENTRADA":-215827200000,"STR_DTENTRADA":"01/03/1963","TPUSINA_ID":"UHE","NOME_TPUSINA":"Hidroelétrica                 "},"id":138},{"type":"Feature","geometry":{"type":"Point","coordinates":[-49.11296800499997,-18.407529003433996]},"properties":{"OBJECTID":139,"INS_ID":"MGUSIM","NOM_MODALIDADEOPERUSICONJ":"USINA CUJA OPERAÇÃO IMPACTA A REDE DE OPERAÇÃO","NOMELONGO":"USI ITUMBIARA                                      MG       ","DTPREVISTA":null,"STR_DTPREVISTA":null,"DTENTRADA":318211200000,"STR_DTENTRADA":"01/02/1980","TPUSINA_ID":"UHE","NOME_TPUSINA":"Hidroelétrica                 "},"id":139},{"type":"Feature","geometry":{"type":"Point","coordinates":[-47.06991600199996,-20.28656100438568]},"properties":{"OBJECTID":140,"INS_ID":"MGUSMM","NOM_MODALIDADEOPERUSICONJ":"USINA CUJA OPERAÇÃO IMPACTA A REDE DE OPERAÇÃO","NOMELONGO":"USI MASCARENHAS DE MORAES                          MG       ","DTPREVISTA":null,"STR_DTPREVISTA":null,"DTENTRADA":-433987200000,"STR_DTENTRADA":"01/04/1956","TPUSINA_ID":"UHE","NOME_TPUSINA":"Hidroelétrica                 "},"id":140},{"type":"Feature","geometry":{"type":"Point","coordinates":[-49.20339000199999,-20.30119800538536]},"properties":{"OBJECTID":141,"INS_ID":"MGUSMR","NOM_MODALIDADEOPERUSICONJ":"USINA CUJA OPERAÇÃO IMPACTA A REDE DE OPERAÇÃO","NOMELONGO":"USI MARIMBONDO                                     MG       ","DTPREVISTA":null,"STR_DTPREVISTA":null,"DTENTRADA":165542400000,"STR_DTENTRADA":"01/04/1975","TPUSINA_ID":"UHE","NOME_TPUSINA":"Hidroelétrica                 "},"id":141},{"type":"Feature","geometry":{"type":"Point","coordinates":[-44.096666701,-19.987777806393215]},"properties":{"OBJECTID":142,"INS_ID":"MGUTIB","NOM_MODALIDADEOPERUSICONJ":"USINA CUJA OPERAÇÃO IMPACTA A REDE DE OPERAÇÃO","NOMELONGO":"USI UT.IBIRITE                                     MG       ","DTPREVISTA":null,"STR_DTPREVISTA":null,"DTENTRADA":1020556800000,"STR_DTENTRADA":"05/05/2002","TPUSINA_ID":"UTE","NOME_TPUSINA":"Térmica                       "},"id":142},{"type":"Feature","geometry":{"type":"Point","coordinates":[-43.46138890099997,-21.688888900351373]},"properties":{"OBJECTID":143,"INS_ID":"MGUTJF","NOM_MODALIDADEOPERUSICONJ":"USINA CUJA OPERAÇÃO IMPACTA A REDE DE OPERAÇÃO","NOMELONGO":"USI JUIZ DE FORA                                   MG       ","DTPREVISTA":1001808000000,"STR_DTPREVISTA":"30/09/2001","DTENTRADA":1012608000000,"STR_DTENTRADA":"02/02/2002","TPUSINA_ID":"UTE","NOME_TPUSINA":"Térmica                       "},"id":143},{"type":"Feature","geometry":{"type":"Point","coordinates":[-48.22083330199996,-20.028888903392186]},"properties":{"OBJECTID":144,"INS_ID":"MGVGRA","NOM_MODALIDADEOPERUSICONJ":"USINA CUJA OPERAÇÃO IMPACTA A REDE DE OPERAÇÃO","NOMELONGO":"USI VOLTA GRANDE                                   MG       ","DTPREVISTA":null,"STR_DTPREVISTA":null,"DTENTRADA":131328000000,"STR_DTENTRADA":"01/03/1974","TPUSINA_ID":"UHE","NOME_TPUSINA":"Hidroelétrica                 "},"id":144},{"type":"Feature","geometry":{"type":"Point","coordinates":[-54.01888900299996,-21.852222003347485]},"properties":{"OBJECTID":145,"INS_ID":"MSELDR","NOM_MODALIDADEOPERUSICONJ":"USINA PERTENCENTE A CONJUNTO DE USINAS","NOMELONGO":"USI UTE ELDORADO                                   MS       ","DTPREVISTA":1309392000000,"STR_DTPREVISTA":"30/06/2011","DTENTRADA":1307145600000,"STR_DTENTRADA":"04/06/2011","TPUSINA_ID":"UTE","NOME_TPUSINA":"Térmica                       "},"id":145},{"type":"Feature","geometry":{"type":"Point","coordinates":[-53.57333330099999,-20.678333304375943]},"properties":{"OBJECTID":146,"INS_ID":"MSMIM ","NOM_MODALIDADEOPERUSICONJ":"USINA QUE NÃO TEM RELACIONAMENTO DIRETO COM O ONS","NOMELONGO":"USI MIMOSO                                         MS       ","DTPREVISTA":null,"STR_DTPREVISTA":null,"DTENTRADA":662601600000,"STR_DTENTRADA":"31/12/1990","TPUSINA_ID":"UHE","NOME_TPUSINA":"Hidroelétrica                 "},"id":146},{"type":"Feature","geometry":{"type":"Point","coordinates":[-51.661666706000005,-20.74611110237428]},"properties":{"OBJECTID":147,"INS_ID":"MSTLA ","NOM_MODALIDADEOPERUSICONJ":"USINA CUJA OPERAÇÃO IMPACTA A REDE DE OPERAÇÃO","NOMELONGO":"USI TRES LAGOAS                                    MS       ","DTPREVISTA":1041292800000,"STR_DTPREVISTA":"31/12/2002","DTENTRADA":1073520000000,"STR_DTENTRADA":"08/01/2004","TPUSINA_ID":"UTE","NOME_TPUSINA":"Térmica                       "},"id":147},{"type":"Feature","geometry":{"type":"Point","coordinates":[-54.25284200199996,-21.591808006353716]},"properties":{"OBJECTID":148,"INS_ID":"MSUSL ","NOM_MODALIDADEOPERUSICONJ":"USINA PERTENCENTE A CONJUNTO DE USINAS","NOMELONGO":"USI UTE SANTA LUZIA I                              MS       ","DTPREVISTA":1293753600000,"STR_DTPREVISTA":"31/12/2010","DTENTRADA":1291248000000,"STR_DTENTRADA":"02/12/2010","TPUSINA_ID":"UTE","NOME_TPUSINA":"Térmica                       "},"id":148},{"type":"Feature","geometry":{"type":"Point","coordinates":[-55.76600000299999,-10.984722003646562]},"properties":{"OBJECTID":149,"INS_ID":"MTCLR ","NOM_MODALIDADEOPERUSICONJ":"USINA CUJA OPERAÇÃO IMPACTA A REDE DE OPERAÇÃO","NOMELONGO":"USI COLIDER                                        MT       ","DTPREVISTA":1539561600000,"STR_DTPREVISTA":"15/10/2018","DTENTRADA":1552089600000,"STR_DTENTRADA":"09/03/2019","TPUSINA_ID":"UHE","NOME_TPUSINA":"Hidroelétrica                 "},"id":149},{"type":"Feature","geometry":{"type":"Point","coordinates":[-59.45000000299995,-10.163333006671778]},"properties":{"OBJECTID":150,"INS_ID":"MTDD  ","NOM_MODALIDADEOPERUSICONJ":"USINA CUJA OPERAÇÃO IMPACTA A REDE DE OPERAÇÃO","NOMELONGO":"USI DARDANELOS                                     MT       ","DTPREVISTA":1312070400000,"STR_DTPREVISTA":"31/07/2011","DTENTRADA":1311897600000,"STR_DTENTRADA":"29/07/2011","TPUSINA_ID":"UHE","NOME_TPUSINA":"Hidroelétrica                 "},"id":150},{"type":"Feature","geometry":{"type":"Point","coordinates":[-54.907778001999986,-17.58713900345589]},"properties":{"OBJECTID":151,"INS_ID":"MTPP  ","NOM_MODALIDADEOPERUSICONJ":"USINA CUJA OPERAÇÃO IMPACTA A REDE DE OPERAÇÃO","NOMELONGO":"USI PONTE DE PEDRA                                 MT       ","DTPREVISTA":1125446400000,"STR_DTPREVISTA":"31/08/2005","DTENTRADA":1121731200000,"STR_DTENTRADA":"19/07/2005","TPUSINA_ID":"UHE","NOME_TPUSINA":"Hidroelétrica                 "},"id":151},{"type":"Feature","geometry":{"type":"Point","coordinates":[-55.45000000299996,-11.266667000637945]},"properties":{"OBJECTID":152,"INS_ID":"MTSI  ","NOM_MODALIDADEOPERUSICONJ":"USINA CUJA OPERAÇÃO IMPACTA A REDE DE OPERAÇÃO","NOMELONGO":"USI UHE SINOP                                      MT       ","DTPREVISTA":1514592000000,"STR_DTPREVISTA":"30/12/2017","DTENTRADA":1568678400000,"STR_DTENTRADA":"17/09/2019","TPUSINA_ID":"UHE","NOME_TPUSINA":"Hidroelétrica                 "},"id":152},{"type":"Feature","geometry":{"type":"Point","coordinates":[-59.01250000299996,-13.366944000575032]},"properties":{"OBJECTID":153,"INS_ID":"MTUCID","NOM_MODALIDADEOPERUSICONJ":"USINA PERTENCENTE A CONJUNTO DE USINAS","NOMELONGO":"USI PCH CIDEZAL                                    MT       ","DTPREVISTA":1309392000000,"STR_DTPREVISTA":"30/06/2011","DTENTRADA":1308960000000,"STR_DTENTRADA":"25/06/2011","TPUSINA_ID":"UHE","NOME_TPUSINA":"Hidroelétrica                 "},"id":153},{"type":"Feature","geometry":{"type":"Point","coordinates":[-59.14222200199999,-13.373611003574847]},"properties":{"OBJECTID":154,"INS_ID":"MTUDIV","NOM_MODALIDADEOPERUSICONJ":"USINA PERTENCENTE A CONJUNTO DE USINAS","NOMELONGO":"USI PCH DIVISA MT                                  MT       ","DTPREVISTA":null,"STR_DTPREVISTA":null,"DTENTRADA":1320796800000,"STR_DTENTRADA":"09/11/2011","TPUSINA_ID":"UHE","NOME_TPUSINA":"Hidroelétrica                 "},"id":154},{"type":"Feature","geometry":{"type":"Point","coordinates":[-58.966388903999984,-15.116388902524351]},"properties":{"OBJECTID":155,"INS_ID":"MTUGUA","NOM_MODALIDADEOPERUSICONJ":"USINA CUJA OPERAÇÃO IMPACTA A REDE DE OPERAÇÃO","NOMELONGO":"USI GUAPORE                                        MT       ","DTPREVISTA":1038700800000,"STR_DTPREVISTA":"01/12/2002","DTENTRADA":1049760000000,"STR_DTENTRADA":"08/04/2003","TPUSINA_ID":"UHE","NOME_TPUSINA":"Hidroelétrica                 "},"id":155},{"type":"Feature","geometry":{"type":"Point","coordinates":[-56.77750000399999,-9.351111002697046]},"properties":{"OBJECTID":156,"INS_ID":"MTUHTP","NOM_MODALIDADEOPERUSICONJ":"USINA CUJA OPERAÇÃO IMPACTA A REDE DE OPERAÇÃO","NOMELONGO":"USI TELES PIRES                                    PA       ","DTPREVISTA":1448841600000,"STR_DTPREVISTA":"30/11/2015","DTENTRADA":1446854400000,"STR_DTENTRADA":"07/11/2015","TPUSINA_ID":"UHE","NOME_TPUSINA":"Hidroelétrica                 "},"id":156},{"type":"Feature","geometry":{"type":"Point","coordinates":[-54.833055600999955,-17.08305560046951]},"properties":{"OBJECTID":157,"INS_ID":"MTUIQ1","NOM_MODALIDADEOPERUSICONJ":"USINA CUJA OPERAÇÃO IMPACTA A REDE DE OPERAÇÃO","NOMELONGO":"USI ITIQUIRA I                                     MT       ","DTPREVISTA":1029369600000,"STR_DTPREVISTA":"15/08/2002","DTENTRADA":1035417600000,"STR_DTENTRADA":"24/10/2002","TPUSINA_ID":"UHE","NOME_TPUSINA":"Hidroelétrica                 "},"id":157},{"type":"Feature","geometry":{"type":"Point","coordinates":[-54.83305600299997,-17.08335600046951]},"properties":{"OBJECTID":158,"INS_ID":"MTUIQ2","NOM_MODALIDADEOPERUSICONJ":"USINA CUJA OPERAÇÃO IMPACTA A REDE DE OPERAÇÃO","NOMELONGO":"USI ITIQUIRA II                                    MT       ","DTPREVISTA":1034640000000,"STR_DTPREVISTA":"15/10/2002","DTENTRADA":1040515200000,"STR_DTENTRADA":"22/12/2002","TPUSINA_ID":"UHE","NOME_TPUSINA":"Hidroelétrica                 "},"id":158},{"type":"Feature","geometry":{"type":"Point","coordinates":[-58.716667003999994,-15.233333006521052]},"properties":{"OBJECTID":159,"INS_ID":"MTUJAU","NOM_MODALIDADEOPERUSICONJ":"USINA CUJA OPERAÇÃO IMPACTA A REDE DE OPERAÇÃO","NOMELONGO":"USI JAURU                                          MT       ","DTPREVISTA":1046476800000,"STR_DTPREVISTA":"01/03/2003","DTENTRADA":1048204800000,"STR_DTENTRADA":"21/03/2003","TPUSINA_ID":"UHE","NOME_TPUSINA":"Hidroelétrica                 "},"id":159},{"type":"Feature","geometry":{"type":"Point","coordinates":[-58.97555600099997,-13.074167005583677]},"properties":{"OBJECTID":160,"INS_ID":"MTUPAR","NOM_MODALIDADEOPERUSICONJ":"USINA PERTENCENTE A CONJUNTO DE USINAS","NOMELONGO":"USI PCH PARECIS                                    MT       ","DTPREVISTA":1312070400000,"STR_DTPREVISTA":"31/07/2011","DTENTRADA":1309910400000,"STR_DTENTRADA":"06/07/2011","TPUSINA_ID":"UHE","NOME_TPUSINA":"Hidroelétrica                 "},"id":160},{"type":"Feature","geometry":{"type":"Point","coordinates":[-58.912778005,-12.903611004588713]},"properties":{"OBJECTID":161,"INS_ID":"MTURON","NOM_MODALIDADEOPERUSICONJ":"USINA PERTENCENTE A CONJUNTO DE USINAS","NOMELONGO":"USI PCH RONDON                                     MT       ","DTPREVISTA":1314748800000,"STR_DTPREVISTA":"31/08/2011","DTENTRADA":1312588800000,"STR_DTENTRADA":"06/08/2011","TPUSINA_ID":"UHE","NOME_TPUSINA":"Hidroelétrica                 "},"id":161},{"type":"Feature","geometry":{"type":"Point","coordinates":[-59.01944400399997,-13.265556000578028]},"properties":{"OBJECTID":162,"INS_ID":"MTUSAP","NOM_MODALIDADEOPERUSICONJ":"USINA PERTENCENTE A CONJUNTO DE USINAS","NOMELONGO":"USI PCH SAPEZAL                                    MT       ","DTPREVISTA":1309392000000,"STR_DTPREVISTA":"30/06/2011","DTENTRADA":1308787200000,"STR_DTENTRADA":"23/06/2011","TPUSINA_ID":"UHE","NOME_TPUSINA":"Hidroelétrica                 "},"id":162},{"type":"Feature","geometry":{"type":"Point","coordinates":[-56.16611110399998,-15.40277780551621]},"properties":{"OBJECTID":163,"INS_ID":"MTUSCU","NOM_MODALIDADEOPERUSICONJ":"USINA CUJA OPERAÇÃO IMPACTA A REDE DE OPERAÇÃO","NOMELONGO":"USI UTE CUIABA                                     MT       ","DTPREVISTA":null,"STR_DTPREVISTA":null,"DTENTRADA":1020211200000,"STR_DTENTRADA":"01/05/2002","TPUSINA_ID":"UTE","NOME_TPUSINA":"Térmica                       "},"id":163},{"type":"Feature","geometry":{"type":"Point","coordinates":[-55.78837500499998,-14.875085003531238]},"properties":{"OBJECTID":164,"INS_ID":"MTUSMS","NOM_MODALIDADEOPERUSICONJ":"USINA CUJA OPERAÇÃO IMPACTA A REDE DE OPERAÇÃO","NOMELONGO":"USI MANSO                                          MT       ","DTPREVISTA":null,"STR_DTPREVISTA":null,"DTENTRADA":975456000000,"STR_DTENTRADA":"29/11/2000","TPUSINA_ID":"UHE","NOME_TPUSINA":"Hidroelétrica                 "},"id":164},{"type":"Feature","geometry":{"type":"Point","coordinates":[-58.926111004999996,-12.848611004590332]},"properties":{"OBJECTID":165,"INS_ID":"MTUTEL","NOM_MODALIDADEOPERUSICONJ":"USINA PERTENCENTE A CONJUNTO DE USINAS","NOMELONGO":"USI PCH TELEGRAFICA                                MT       ","DTPREVISTA":1314748800000,"STR_DTPREVISTA":"31/08/2011","DTENTRADA":1314403200000,"STR_DTENTRADA":"27/08/2011","TPUSINA_ID":"UHE","NOME_TPUSINA":"Hidroelétrica                 "},"id":165},{"type":"Feature","geometry":{"type":"Point","coordinates":[-51.77500000599997,-3.1265280018970785]},"properties":{"OBJECTID":166,"INS_ID":"PABM  ","NOM_MODALIDADEOPERUSICONJ":"USINA CUJA OPERAÇÃO IMPACTA A REDE DE OPERAÇÃO","NOMELONGO":"USI BELO MONTE                                     PA       ","DTPREVISTA":1459382400000,"STR_DTPREVISTA":"31/03/2016","DTENTRADA":1460419200000,"STR_DTENTRADA":"12/04/2016","TPUSINA_ID":"UHE","NOME_TPUSINA":"Hidroelétrica                 "},"id":166},{"type":"Feature","geometry":{"type":"Point","coordinates":[-54.291388907,-2.7894167009081468]},"properties":{"OBJECTID":167,"INS_ID":"PACRU ","NOM_MODALIDADEOPERUSICONJ":"USINA CUJA OPERAÇÃO IMPACTA A REDE DE OPERAÇÃO","NOMELONGO":"USI CURUA-UNA                                      PA       ","DTPREVISTA":null,"STR_DTPREVISTA":null,"DTENTRADA":238809600000,"STR_DTENTRADA":"27/07/1977","TPUSINA_ID":"UHE","NOME_TPUSINA":"Hidroelétrica                 "},"id":167},{"type":"Feature","geometry":{"type":"Point","coordinates":[-49.64394320499997,-3.824768706874207]},"properties":{"OBJECTID":168,"INS_ID":"PATU  ","NOM_MODALIDADEOPERUSICONJ":"USINA CUJA OPERAÇÃO IMPACTA A REDE DE OPERAÇÃO","NOMELONGO":"USI US. TUCURUI                                    PA       ","DTPREVISTA":null,"STR_DTPREVISTA":null,"DTENTRADA":452131200000,"STR_DTENTRADA":"30/04/1984","TPUSINA_ID":"UHE","NOME_TPUSINA":"Hidroelétrica                 "},"id":168},{"type":"Feature","geometry":{"type":"Point","coordinates":[-51.94722200199999,-3.437639005886886]},"properties":{"OBJECTID":169,"INS_ID":"PAUPIM","NOM_MODALIDADEOPERUSICONJ":"USINA CUJA OPERAÇÃO IMPACTA A REDE DE OPERAÇÃO","NOMELONGO":"USI UHE PIMENTAL                                   PA       ","DTPREVISTA":1456617600000,"STR_DTPREVISTA":"28/02/2016","DTENTRADA":1461801600000,"STR_DTENTRADA":"28/04/2016","TPUSINA_ID":"UHE","NOME_TPUSINA":"Hidroelétrica                 "},"id":169},{"type":"Feature","geometry":{"type":"Point","coordinates":[-57.052222005999965,-9.190278000702072]},"properties":{"OBJECTID":170,"INS_ID":"PAUSMA","NOM_MODALIDADEOPERUSICONJ":"USINA CUJA OPERAÇÃO IMPACTA A REDE DE OPERAÇÃO","NOMELONGO":"USI SAO MANOEL                                     PA       ","DTPREVISTA":1514592000000,"STR_DTPREVISTA":"30/12/2017","DTENTRADA":1514419200000,"STR_DTENTRADA":"28/12/2017","TPUSINA_ID":"UHE","NOME_TPUSINA":"Hidroelétrica                 "},"id":170},{"type":"Feature","geometry":{"type":"Point","coordinates":[-34.92777800599998,-7.208888999764765]},"properties":{"OBJECTID":171,"INS_ID":"PBUTN ","NOM_MODALIDADEOPERUSICONJ":"USINA CUJA OPERAÇÃO IMPACTA A REDE DE OPERAÇÃO","NOMELONGO":"USI UTE TERMONORDESTE                              PB       ","DTPREVISTA":1296432000000,"STR_DTPREVISTA":"31/01/2011","DTENTRADA":1293148800000,"STR_DTENTRADA":"24/12/2010","TPUSINA_ID":"UTE","NOME_TPUSINA":"Térmica                       "},"id":171},{"type":"Feature","geometry":{"type":"Point","coordinates":[-34.927222005999965,-7.208888999764765]},"properties":{"OBJECTID":172,"INS_ID":"PBUTP ","NOM_MODALIDADEOPERUSICONJ":"USINA CUJA OPERAÇÃO IMPACTA A REDE DE OPERAÇÃO","NOMELONGO":"USI UTE TERMOPARAIBA                               PB       ","DTPREVISTA":1296432000000,"STR_DTPREVISTA":"31/01/2011","DTENTRADA":1294876800000,"STR_DTENTRADA":"13/01/2011","TPUSINA_ID":"UTE","NOME_TPUSINA":"Térmica                       "},"id":172},{"type":"Feature","geometry":{"type":"Point","coordinates":[-40.59236100299995,-9.37494400169628]},"properties":{"OBJECTID":173,"INS_ID":"PECEPT","NOM_MODALIDADEOPERUSICONJ":"USINA CUJA OPERAÇÃO IMPACTA A REDE DE OPERAÇÃO","NOMELONGO":"USI PETROLINA                                      PE       ","DTPREVISTA":1198022400000,"STR_DTPREVISTA":"19/12/2007","DTENTRADA":1199145600000,"STR_DTENTRADA":"01/01/2008","TPUSINA_ID":"UTE","NOME_TPUSINA":"Térmica                       "},"id":173},{"type":"Feature","geometry":{"type":"Point","coordinates":[-35.02654199999994,-8.269799999731019]},"properties":{"OBJECTID":174,"INS_ID":"PETPRD","NOM_MODALIDADEOPERUSICONJ":"USINA CUJA OPERAÇÃO IMPACTA A REDE DE OPERAÇÃO","NOMELONGO":"USI TERMOCABO                                      PE       ","DTPREVISTA":1199145600000,"STR_DTPREVISTA":"01/01/2008","DTENTRADA":1199145600000,"STR_DTENTRADA":"01/01/2008","TPUSINA_ID":"UTE","NOME_TPUSINA":"Térmica                       "},"id":174},{"type":"Feature","geometry":{"type":"Point","coordinates":[-38.306388906999985,-9.14583330570348]},"properties":{"OBJECTID":175,"INS_ID":"PEULG ","NOM_MODALIDADEOPERUSICONJ":"USINA CUJA OPERAÇÃO IMPACTA A REDE DE OPERAÇÃO","NOMELONGO":"USI LUIZ GONZAGA                                   PE       ","DTPREVISTA":null,"STR_DTPREVISTA":null,"DTENTRADA":573004800000,"STR_DTENTRADA":"28/02/1988","TPUSINA_ID":"UHE","NOME_TPUSINA":"Hidroelétrica                 "},"id":175},{"type":"Feature","geometry":{"type":"Point","coordinates":[-35.04333300099996,-8.398889004726971]},"properties":{"OBJECTID":176,"INS_ID":"PEUTAL","NOM_MODALIDADEOPERUSICONJ":"USINA QUE NÃO IMPACTA A REDE DE OPERAÇÃO, MAS PARTICIPA DA PROGRAMAÇÃO DE FORMA INDIVIDUALIZADA","NOMELONGO":"USI REFINARIA ABREU E LIMA                         PE       ","DTPREVISTA":1407888000000,"STR_DTPREVISTA":"13/08/2014","DTENTRADA":1390089600000,"STR_DTENTRADA":"19/01/2014","TPUSINA_ID":"UTE","NOME_TPUSINA":"Térmica                       "},"id":176},{"type":"Feature","geometry":{"type":"Point","coordinates":[-34.969722204,-8.405000000726739]},"properties":{"OBJECTID":177,"INS_ID":"PEUTPE","NOM_MODALIDADEOPERUSICONJ":"USINA CUJA OPERAÇÃO IMPACTA A REDE DE OPERAÇÃO","NOMELONGO":"USI TERMOPERNAMBUCO                                PE       ","DTPREVISTA":1072828800000,"STR_DTPREVISTA":"31/12/2003","DTENTRADA":1075507200000,"STR_DTENTRADA":"31/01/2004","TPUSINA_ID":"UTE","NOME_TPUSINA":"Térmica                       "},"id":177},{"type":"Feature","geometry":{"type":"Point","coordinates":[-35.021431006,-7.853969000744222]},"properties":{"OBJECTID":178,"INS_ID":"PEUTPT","NOM_MODALIDADEOPERUSICONJ":"USINA CUJA OPERAÇÃO IMPACTA A REDE DE OPERAÇÃO","NOMELONGO":"USI UTE PERNAMBUCO III                             PE       ","DTPREVISTA":1391126400000,"STR_DTPREVISTA":"31/01/2014","DTENTRADA":1368316800000,"STR_DTENTRADA":"12/05/2013","TPUSINA_ID":"UTE","NOME_TPUSINA":"Térmica                       "},"id":178},{"type":"Feature","geometry":{"type":"Point","coordinates":[-35.02333300599998,-8.35861100272821]},"properties":{"OBJECTID":179,"INS_ID":"PEUTSD","NOM_MODALIDADEOPERUSICONJ":"USINA CUJA OPERAÇÃO IMPACTA A REDE DE OPERAÇÃO","NOMELONGO":"USI SUAPE II                                       PE       ","DTPREVISTA":1362009600000,"STR_DTPREVISTA":"28/02/2013","DTENTRADA":1358985600000,"STR_DTENTRADA":"24/01/2013","TPUSINA_ID":"UTE","NOME_TPUSINA":"Térmica                       "},"id":179},{"type":"Feature","geometry":{"type":"Point","coordinates":[-43.565000005,-6.748333304779457]},"properties":{"OBJECTID":180,"INS_ID":"PIUBE ","NOM_MODALIDADEOPERUSICONJ":"USINA CUJA OPERAÇÃO IMPACTA A REDE DE OPERAÇÃO","NOMELONGO":"USI BOA  ESPERANCA                                 PI       ","DTPREVISTA":null,"STR_DTPREVISTA":null,"DTENTRADA":2592000000,"STR_DTENTRADA":"31/01/1970","TPUSINA_ID":"UHE","NOME_TPUSINA":"Hidroelétrica                 "},"id":180},{"type":"Feature","geometry":{"type":"Point","coordinates":[-49.35527780699999,-25.586944401264365]},"properties":{"OBJECTID":181,"INS_ID":"PRARC ","NOM_MODALIDADEOPERUSICONJ":"USINA CUJA OPERAÇÃO IMPACTA A REDE DE OPERAÇÃO","NOMELONGO":"USI ARAUCARIA                                      PR       ","DTPREVISTA":1035936000000,"STR_DTPREVISTA":"30/10/2002","DTENTRADA":1157760000000,"STR_DTENTRADA":"09/09/2006","TPUSINA_ID":"UTE","NOME_TPUSINA":"Térmica                       "},"id":181},{"type":"Feature","geometry":{"type":"Point","coordinates":[-51.99805500399998,-25.708611004261865]},"properties":{"OBJECTID":182,"INS_ID":"PRFND ","NOM_MODALIDADEOPERUSICONJ":"USINA CUJA OPERAÇÃO IMPACTA A REDE DE OPERAÇÃO","NOMELONGO":"USI FUNDAO                                         PR       ","DTPREVISTA":1154304000000,"STR_DTPREVISTA":"31/07/2006","DTENTRADA":1146355200000,"STR_DTENTRADA":"30/04/2006","TPUSINA_ID":"UHE","NOME_TPUSINA":"Hidroelétrica                 "},"id":182},{"type":"Feature","geometry":{"type":"Point","coordinates":[-51.60000000099996,-26.00000000025595]},"properties":{"OBJECTID":183,"INS_ID":"PRGBM ","NOM_MODALIDADEOPERUSICONJ":"USINA CUJA OPERAÇÃO IMPACTA A REDE DE OPERAÇÃO","NOMELONGO":"USI GOVERNADOR BENTO MUNHOZ DA ROCHA NETTO         PR       ","DTPREVISTA":null,"STR_DTPREVISTA":null,"DTENTRADA":339206400000,"STR_DTENTRADA":"01/10/1980","TPUSINA_ID":"UHE","NOME_TPUSINA":"Hidroelétrica                 "},"id":183},{"type":"Feature","geometry":{"type":"Point","coordinates":[-48.76055600499996,-25.2533330022713]},"properties":{"OBJECTID":184,"INS_ID":"PRGPSU","NOM_MODALIDADEOPERUSICONJ":"USINA CUJA OPERAÇÃO IMPACTA A REDE DE OPERAÇÃO","NOMELONGO":"USI GOVERNADOR PEDRO VIRIATO PARIGOT SOUZA         PR       ","DTPREVISTA":null,"STR_DTPREVISTA":null,"DTENTRADA":25660800000,"STR_DTENTRADA":"25/10/1970","TPUSINA_ID":"UHE","NOME_TPUSINA":"Hidroelétrica                 "},"id":184},{"type":"Feature","geometry":{"type":"Point","coordinates":[-54.59277780399997,-25.42666670726769]},"properties":{"OBJECTID":185,"INS_ID":"PRIT60","NOM_MODALIDADEOPERUSICONJ":"USINA CUJA OPERAÇÃO IMPACTA A REDE DE OPERAÇÃO","NOMELONGO":"USI ITAIPU 60 HZ                                   PR       ","DTPREVISTA":null,"STR_DTPREVISTA":null,"DTENTRADA":536457600000,"STR_DTENTRADA":"01/01/1987","TPUSINA_ID":"UHE","NOME_TPUSINA":"Hidroelétrica                 "},"id":185},{"type":"Feature","geometry":{"type":"Point","coordinates":[-51.966388001999974,-25.647777006263155]},"properties":{"OBJECTID":186,"INS_ID":"PRSCL ","NOM_MODALIDADEOPERUSICONJ":"USINA CUJA OPERAÇÃO IMPACTA A REDE DE OPERAÇÃO","NOMELONGO":"USI SANTA CLARA PR                                 PR       ","DTPREVISTA":1125446400000,"STR_DTPREVISTA":"31/08/2005","DTENTRADA":1121212800000,"STR_DTENTRADA":"13/07/2005","TPUSINA_ID":"UHE","NOME_TPUSINA":"Hidroelétrica                 "},"id":186},{"type":"Feature","geometry":{"type":"Point","coordinates":[-53.49222220499996,-25.544166706265273]},"properties":{"OBJECTID":187,"INS_ID":"PRSCX ","NOM_MODALIDADEOPERUSICONJ":"USINA CUJA OPERAÇÃO IMPACTA A REDE DE OPERAÇÃO","NOMELONGO":"USI USI GOVERNADOR JOSE RICHA                      PR       ","DTPREVISTA":null,"STR_DTPREVISTA":null,"DTENTRADA":919296000000,"STR_DTENTRADA":"18/02/1999","TPUSINA_ID":"UHE","NOME_TPUSINA":"Hidroelétrica                 "},"id":187},{"type":"Feature","geometry":{"type":"Point","coordinates":[-52.104166701,-25.781111106260358]},"properties":{"OBJECTID":188,"INS_ID":"PRSGD ","NOM_MODALIDADEOPERUSICONJ":"USINA CUJA OPERAÇÃO IMPACTA A REDE DE OPERAÇÃO","NOMELONGO":"USI GOVERNADOR NEY AMINTHAS DE BARROS BRAGA        PR       ","DTPREVISTA":null,"STR_DTPREVISTA":null,"DTENTRADA":717465600000,"STR_DTENTRADA":"26/09/1992","TPUSINA_ID":"UHE","NOME_TPUSINA":"Hidroelétrica                 "},"id":188},{"type":"Feature","geometry":{"type":"Point","coordinates":[-50.390722006999965,-23.852042004301516]},"properties":{"OBJECTID":189,"INS_ID":"PRUFRA","NOM_MODALIDADEOPERUSICONJ":"UTE COM CVU DECLARADO, QUE NÃO IMPACTA A REDE DE OPERAÇÃO E É DESPACHADA POR ORDEM DE MÉRITO","NOMELONGO":"USI FIGUEIRA                                       PR       ","DTPREVISTA":null,"STR_DTPREVISTA":null,"DTENTRADA":-212544000000,"STR_DTENTRADA":"08/04/1963","TPUSINA_ID":"UTE","NOME_TPUSINA":"Térmica                       "},"id":189},{"type":"Feature","geometry":{"type":"Point","coordinates":[-53.67166700199999,-25.503333002266086]},"properties":{"OBJECTID":190,"INS_ID":"PRUHBI","NOM_MODALIDADEOPERUSICONJ":"USINA CUJA OPERAÇÃO IMPACTA A REDE DE OPERAÇÃO","NOMELONGO":"USI UHE BAIXO IGUACU                               PR       ","DTPREVISTA":1535673600000,"STR_DTPREVISTA":"31/08/2018","DTENTRADA":1549584000000,"STR_DTENTRADA":"08/02/2019","TPUSINA_ID":"UHE","NOME_TPUSINA":"Hidroelétrica                 "},"id":190},{"type":"Feature","geometry":{"type":"Point","coordinates":[-50.701389000000006,-24.063333004296876]},"properties":{"OBJECTID":191,"INS_ID":"PRUHMA","NOM_MODALIDADEOPERUSICONJ":"USINA CUJA OPERAÇÃO IMPACTA A REDE DE OPERAÇÃO","NOMELONGO":"USI UHE GOV JAYME CANET JR                         PR       ","DTPREVISTA":1354233600000,"STR_DTPREVISTA":"30/11/2012","DTENTRADA":1349913600000,"STR_DTENTRADA":"11/10/2012","TPUSINA_ID":"UHE","NOME_TPUSINA":"Hidroelétrica                 "},"id":191},{"type":"Feature","geometry":{"type":"Point","coordinates":[-53.00932200299997,-25.53805600126537]},"properties":{"OBJECTID":192,"INS_ID":"PRUHSO","NOM_MODALIDADEOPERUSICONJ":"USINA CUJA OPERAÇÃO IMPACTA A REDE DE OPERAÇÃO","NOMELONGO":"USI SALTO OSORIO                                   PR       ","DTPREVISTA":null,"STR_DTPREVISTA":null,"DTENTRADA":182736000000,"STR_DTENTRADA":"17/10/1975","TPUSINA_ID":"UHE","NOME_TPUSINA":"Hidroelétrica                 "},"id":192},{"type":"Feature","geometry":{"type":"Point","coordinates":[-52.61666700199998,-25.600000001264124]},"properties":{"OBJECTID":193,"INS_ID":"PRUHSS","NOM_MODALIDADEOPERUSICONJ":"USINA CUJA OPERAÇÃO IMPACTA A REDE DE OPERAÇÃO","NOMELONGO":"USI SALTO SANTIAGO                                 PR       ","DTPREVISTA":null,"STR_DTPREVISTA":null,"DTENTRADA":347068800000,"STR_DTENTRADA":"31/12/1980","TPUSINA_ID":"UHE","NOME_TPUSINA":"Hidroelétrica                 "},"id":193},{"type":"Feature","geometry":{"type":"Point","coordinates":[-49.37138900200001,-25.542222000265298]},"properties":{"OBJECTID":194,"INS_ID":"PRUTBE","NOM_MODALIDADEOPERUSICONJ":"USINA QUE NÃO IMPACTA A REDE DE OPERAÇÃO, MAS PARTICIPA DA PROGRAMAÇÃO DE FORMA INDIVIDUALIZADA","NOMELONGO":"USI BERNECK                                        PR       ","DTPREVISTA":1283299200000,"STR_DTPREVISTA":"01/09/2010","DTENTRADA":1268438400000,"STR_DTENTRADA":"13/03/2010","TPUSINA_ID":"UTE","NOME_TPUSINA":"Térmica                       "},"id":194},{"type":"Feature","geometry":{"type":"Point","coordinates":[-50.73989999999998,-24.243683003292908]},"properties":{"OBJECTID":195,"INS_ID":"PRUTKC","NOM_MODALIDADEOPERUSICONJ":"USINA PERTENCENTE A CONJUNTO DE USINAS","NOMELONGO":"USI KLABIN CELULOSE                                PR       ","DTPREVISTA":1456617600000,"STR_DTPREVISTA":"28/02/2016","DTENTRADA":1469750400000,"STR_DTENTRADA":"29/07/2016","TPUSINA_ID":"UTE","NOME_TPUSINA":"Térmica                       "},"id":195},{"type":"Feature","geometry":{"type":"Point","coordinates":[-54.592913701999976,-25.426667005267724]},"properties":{"OBJECTID":196,"INS_ID":"PYIT50","NOM_MODALIDADEOPERUSICONJ":"USINA CUJA OPERAÇÃO IMPACTA A REDE DE OPERAÇÃO","NOMELONGO":"USI ITAIPU 50 HZ                                   PY       ","DTPREVISTA":null,"STR_DTPREVISTA":null,"DTENTRADA":444441600000,"STR_DTENTRADA":"01/02/1984","TPUSINA_ID":"UHE","NOME_TPUSINA":"Hidroelétrica                 "},"id":196},{"type":"Feature","geometry":{"type":"Point","coordinates":[-43.739167004999956,-22.913611002322654]},"properties":{"OBJECTID":197,"INS_ID":"RJCSA ","NOM_MODALIDADEOPERUSICONJ":"USINA CUJA OPERAÇÃO IMPACTA A REDE DE OPERAÇÃO","NOMELONGO":"USI UTE DO ATLANTICO                               RJ       ","DTPREVISTA":1296432000000,"STR_DTPREVISTA":"31/01/2011","DTENTRADA":1293840000000,"STR_DTENTRADA":"01/01/2011","TPUSINA_ID":"UTE","NOME_TPUSINA":"Térmica                       "},"id":197},{"type":"Feature","geometry":{"type":"Point","coordinates":[-43.871666706999974,-22.688611105327865]},"properties":{"OBJECTID":198,"INS_ID":"RJFTN ","NOM_MODALIDADEOPERUSICONJ":"USINA CUJA OPERAÇÃO IMPACTA A REDE DE OPERAÇÃO","NOMELONGO":"USI FONTES NOVA                                    RJ       ","DTPREVISTA":null,"STR_DTPREVISTA":null,"DTENTRADA":-946771200000,"STR_DTENTRADA":"01/01/1940","TPUSINA_ID":"UHE","NOME_TPUSINA":"Hidroelétrica                 "},"id":198},{"type":"Feature","geometry":{"type":"Point","coordinates":[-42.58333300099997,-21.850000001347553]},"properties":{"OBJECTID":199,"INS_ID":"RJILH ","NOM_MODALIDADEOPERUSICONJ":"USINA CUJA OPERAÇÃO IMPACTA A REDE DE OPERAÇÃO","NOMELONGO":"USI ILHA POMBOS                                    RJ       ","DTPREVISTA":null,"STR_DTPREVISTA":null,"DTENTRADA":-1446508800000,"STR_DTENTRADA":"01/03/1924","TPUSINA_ID":"UHE","NOME_TPUSINA":"Hidroelétrica                 "},"id":199},{"type":"Feature","geometry":{"type":"Point","coordinates":[-43.860277801999985,-22.689444400327847]},"properties":{"OBJECTID":200,"INS_ID":"RJNLP ","NOM_MODALIDADEOPERUSICONJ":"USINA CUJA OPERAÇÃO IMPACTA A REDE DE OPERAÇÃO","NOMELONGO":"USI NILO PECANHA                                   RJ       ","DTPREVISTA":null,"STR_DTPREVISTA":null,"DTENTRADA":-528681600000,"STR_DTENTRADA":"01/04/1953","TPUSINA_ID":"UHE","NOME_TPUSINA":"Hidroelétrica                 "},"id":200},{"type":"Feature","geometry":{"type":"Point","coordinates":[-43.80000000399997,-22.700000003327606]},"properties":{"OBJECTID":201,"INS_ID":"RJPPS ","NOM_MODALIDADEOPERUSICONJ":"USINA CUJA OPERAÇÃO IMPACTA A REDE DE OPERAÇÃO","NOMELONGO":"USI PEREIRA PASSOS                                 RJ       ","DTPREVISTA":null,"STR_DTPREVISTA":null,"DTENTRADA":-244684800000,"STR_DTENTRADA":"01/04/1962","TPUSINA_ID":"UHE","NOME_TPUSINA":"Hidroelétrica                 "},"id":201},{"type":"Feature","geometry":{"type":"Point","coordinates":[-45.87083329999996,-23.370833300312295]},"properties":{"OBJECTID":202,"INS_ID":"RJSBRA","NOM_MODALIDADEOPERUSICONJ":"USINA CUJA OPERAÇÃO IMPACTA A REDE DE OPERAÇÃO","NOMELONGO":"USI SANTA BRANCA                                   SP       ","DTPREVISTA":null,"STR_DTPREVISTA":null,"DTENTRADA":928627200000,"STR_DTENTRADA":"06/06/1999","TPUSINA_ID":"UHE","NOME_TPUSINA":"Hidroelétrica                 "},"id":202},{"type":"Feature","geometry":{"type":"Point","coordinates":[-44.45494800099999,-23.008611001320457]},"properties":{"OBJECTID":203,"INS_ID":"RJUSAN","NOM_MODALIDADEOPERUSICONJ":"USINA CUJA OPERAÇÃO IMPACTA A REDE DE OPERAÇÃO","NOMELONGO":"USI ANGRA 1                                        RJ       ","DTPREVISTA":null,"STR_DTPREVISTA":null,"DTENTRADA":237081600000,"STR_DTENTRADA":"07/07/1977","TPUSINA_ID":"UTN","NOME_TPUSINA":"Nuclear                       "},"id":203},{"type":"Feature","geometry":{"type":"Point","coordinates":[-42.99999999999999,-22.033333003343188]},"properties":{"OBJECTID":204,"INS_ID":"RJUSAT","NOM_MODALIDADEOPERUSICONJ":"USINA QUE NÃO IMPACTA A REDE DE OPERAÇÃO, MAS PARTICIPA DA PROGRAMAÇÃO DE FORMA INDIVIDUALIZADA","NOMELONGO":"USI ANTA                                           RJ       ","DTPREVISTA":1527638400000,"STR_DTPREVISTA":"30/05/2018","DTENTRADA":1533859200000,"STR_DTENTRADA":"10/08/2018","TPUSINA_ID":"UHE","NOME_TPUSINA":"Hidroelétrica                 "},"id":204},{"type":"Feature","geometry":{"type":"Point","coordinates":[-41.346288002999984,-21.724823005350483]},"properties":{"OBJECTID":205,"INS_ID":"RJUSCP","NOM_MODALIDADEOPERUSICONJ":"USINA CUJA OPERAÇÃO IMPACTA A REDE DE OPERAÇÃO","NOMELONGO":"USI CAMPOS                                         RJ       ","DTPREVISTA":null,"STR_DTPREVISTA":null,"DTENTRADA":237081600000,"STR_DTENTRADA":"07/07/1977","TPUSINA_ID":"UTE","NOME_TPUSINA":"Térmica                       "},"id":205},{"type":"Feature","geometry":{"type":"Point","coordinates":[-44.57251200099994,-22.526586003331587]},"properties":{"OBJECTID":206,"INS_ID":"RJUSFL","NOM_MODALIDADEOPERUSICONJ":"USINA CUJA OPERAÇÃO IMPACTA A REDE DE OPERAÇÃO","NOMELONGO":"USI FUNIL                                          RJ       ","DTPREVISTA":null,"STR_DTPREVISTA":null,"DTENTRADA":-23760000000,"STR_DTENTRADA":"01/04/1969","TPUSINA_ID":"UHE","NOME_TPUSINA":"Hidroelétrica                 "},"id":206},{"type":"Feature","geometry":{"type":"Point","coordinates":[-43.75050200499999,-22.917090006322564]},"properties":{"OBJECTID":207,"INS_ID":"RJUSSC","NOM_MODALIDADEOPERUSICONJ":"USINA CUJA OPERAÇÃO IMPACTA A REDE DE OPERAÇÃO","NOMELONGO":"USI SANTA CRUZ                                     RJ       ","DTPREVISTA":null,"STR_DTPREVISTA":null,"DTENTRADA":-89596800000,"STR_DTENTRADA":"01/03/1967","TPUSINA_ID":"UTE","NOME_TPUSINA":"Térmica                       "},"id":207},{"type":"Feature","geometry":{"type":"Point","coordinates":[-42.79027800299997,-21.921111002345818]},"properties":{"OBJECTID":208,"INS_ID":"RJUSSI","NOM_MODALIDADEOPERUSICONJ":"USINA CUJA OPERAÇÃO IMPACTA A REDE DE OPERAÇÃO","NOMELONGO":"USI SIMPLICIO                                      RJ       ","DTPREVISTA":1372550400000,"STR_DTPREVISTA":"30/06/2013","DTENTRADA":1370390400000,"STR_DTENTRADA":"05/06/2013","TPUSINA_ID":"UHE","NOME_TPUSINA":"Hidroelétrica                 "},"id":208},{"type":"Feature","geometry":{"type":"Point","coordinates":[-43.64222200199998,-22.722222000327065]},"properties":{"OBJECTID":209,"INS_ID":"RJUTBF","NOM_MODALIDADEOPERUSICONJ":"USINA CUJA OPERAÇÃO IMPACTA A REDE DE OPERAÇÃO","NOMELONGO":"USI UTE BAIXADA FLUMINENSE                         RJ       ","DTPREVISTA":1393632000000,"STR_DTPREVISTA":"01/03/2014","DTENTRADA":1393632000000,"STR_DTENTRADA":"01/03/2014","TPUSINA_ID":"UTE","NOME_TPUSINA":"Térmica                       "},"id":209},{"type":"Feature","geometry":{"type":"Point","coordinates":[-43.645555600999955,-22.71916670332713]},"properties":{"OBJECTID":210,"INS_ID":"RJUTEB","NOM_MODALIDADEOPERUSICONJ":"USINA CUJA OPERAÇÃO IMPACTA A REDE DE OPERAÇÃO","NOMELONGO":"USI SEROPEDICA                                     RJ       ","DTPREVISTA":1000512000000,"STR_DTPREVISTA":"15/09/2001","DTENTRADA":1000512000000,"STR_DTENTRADA":"15/09/2001","TPUSINA_ID":"UTE","NOME_TPUSINA":"Térmica                       "},"id":210},{"type":"Feature","geometry":{"type":"Point","coordinates":[-41.875,-22.305556006336733]},"properties":{"OBJECTID":211,"INS_ID":"RJUTME","NOM_MODALIDADEOPERUSICONJ":"USINA CUJA OPERAÇÃO IMPACTA A REDE DE OPERAÇÃO","NOMELONGO":"USI TERMOMACAE                                     RJ       ","DTPREVISTA":1003104000000,"STR_DTPREVISTA":"15/10/2001","DTENTRADA":1008720000000,"STR_DTENTRADA":"19/12/2001","TPUSINA_ID":"UTE","NOME_TPUSINA":"Térmica                       "},"id":211},{"type":"Feature","geometry":{"type":"Point","coordinates":[-41.88611110299997,-22.305555604336778]},"properties":{"OBJECTID":212,"INS_ID":"RJUTNF","NOM_MODALIDADEOPERUSICONJ":"USINA CUJA OPERAÇÃO IMPACTA A REDE DE OPERAÇÃO","NOMELONGO":"USI NORTE FLUMINENSE                               RJ       ","DTPREVISTA":1049328000000,"STR_DTPREVISTA":"03/04/2003","DTENTRADA":1078531200000,"STR_DTENTRADA":"06/03/2004","TPUSINA_ID":"UTE","NOME_TPUSINA":"Térmica                       "},"id":212},{"type":"Feature","geometry":{"type":"Point","coordinates":[-43.238333299999965,-22.716666706327214]},"properties":{"OBJECTID":213,"INS_ID":"RJUTTR","NOM_MODALIDADEOPERUSICONJ":"USINA CUJA OPERAÇÃO IMPACTA A REDE DE OPERAÇÃO","NOMELONGO":"USI TERMORIO                                       RJ       ","DTPREVISTA":1101772800000,"STR_DTPREVISTA":"30/11/2004","DTENTRADA":1078012800000,"STR_DTENTRADA":"29/02/2004","TPUSINA_ID":"UTE","NOME_TPUSINA":"Térmica                       "},"id":213},{"type":"Feature","geometry":{"type":"Point","coordinates":[-36.449722007,-5.129444002831742]},"properties":{"OBJECTID":214,"INS_ID":"RNEUS3","NOM_MODALIDADEOPERUSICONJ":"USINA CUJA OPERAÇÃO IMPACTA A REDE DE OPERAÇÃO","NOMELONGO":"USI EOL MIASSABA 3                                 RN       ","DTPREVISTA":1404086400000,"STR_DTPREVISTA":"30/06/2014","DTENTRADA":1391212800000,"STR_DTENTRADA":"01/02/2014","TPUSINA_ID":"UEE","NOME_TPUSINA":"Eolielétrica                  "},"id":214},{"type":"Feature","geometry":{"type":"Point","coordinates":[-36.40250100199996,-5.097279004832743]},"properties":{"OBJECTID":215,"INS_ID":"RNUAD ","NOM_MODALIDADEOPERUSICONJ":"USINA CUJA OPERAÇÃO IMPACTA A REDE DE OPERAÇÃO","NOMELONGO":"USI ALEGRIA II                                     RN       ","DTPREVISTA":1325203200000,"STR_DTPREVISTA":"30/12/2011","DTENTRADA":1325203200000,"STR_DTENTRADA":"30/12/2011","TPUSINA_ID":"UEE","NOME_TPUSINA":"Eolielétrica                  "},"id":215},{"type":"Feature","geometry":{"type":"Point","coordinates":[-36.38440100099996,-5.115283004832174]},"properties":{"OBJECTID":216,"INS_ID":"RNUAU ","NOM_MODALIDADEOPERUSICONJ":"USINA CUJA OPERAÇÃO IMPACTA A REDE DE OPERAÇÃO","NOMELONGO":"USI EOL ALEGRIA I                                  RN       ","DTPREVISTA":1293667200000,"STR_DTPREVISTA":"30/12/2010","DTENTRADA":1293667200000,"STR_DTENTRADA":"30/12/2010","TPUSINA_ID":"UEE","NOME_TPUSINA":"Eolielétrica                  "},"id":216},{"type":"Feature","geometry":{"type":"Point","coordinates":[-35.439167,-5.522500000818968]},"properties":{"OBJECTID":217,"INS_ID":"RNUEA1","NOM_MODALIDADEOPERUSICONJ":"USINA PERTENCENTE A CONJUNTO DE USINAS","NOMELONGO":"USI RIA_RIACHAO 1                                  RN       ","DTPREVISTA":1427760000000,"STR_DTPREVISTA":"31/03/2015","DTENTRADA":1435363200000,"STR_DTENTRADA":"27/06/2015","TPUSINA_ID":"UEE","NOME_TPUSINA":"Eolielétrica                  "},"id":217},{"type":"Feature","geometry":{"type":"Point","coordinates":[-35.45333300499999,-5.549444004818126]},"properties":{"OBJECTID":218,"INS_ID":"RNUEA2","NOM_MODALIDADEOPERUSICONJ":"USINA PERTENCENTE A CONJUNTO DE USINAS","NOMELONGO":"USI RIA_RIACHAO 2                                  RN       ","DTPREVISTA":1427760000000,"STR_DTPREVISTA":"31/03/2015","DTENTRADA":1432944000000,"STR_DTENTRADA":"30/05/2015","TPUSINA_ID":"UEE","NOME_TPUSINA":"Eolielétrica                  "},"id":218},{"type":"Feature","geometry":{"type":"Point","coordinates":[-35.46861100199999,-5.521111003819021]},"properties":{"OBJECTID":219,"INS_ID":"RNUEA4","NOM_MODALIDADEOPERUSICONJ":"USINA PERTENCENTE A CONJUNTO DE USINAS","NOMELONGO":"USI RIA_RIACHAO 4                                  RN       ","DTPREVISTA":1427760000000,"STR_DTPREVISTA":"31/03/2015","DTENTRADA":1432944000000,"STR_DTENTRADA":"30/05/2015","TPUSINA_ID":"UEE","NOME_TPUSINA":"Eolielétrica                  "},"id":219},{"type":"Feature","geometry":{"type":"Point","coordinates":[-35.45222200499995,-5.545833006818243]},"properties":{"OBJECTID":220,"INS_ID":"RNUEA6","NOM_MODALIDADEOPERUSICONJ":"USINA PERTENCENTE A CONJUNTO DE USINAS","NOMELONGO":"USI RIA_RIACHAO 6                                  RN       ","DTPREVISTA":1427760000000,"STR_DTPREVISTA":"31/03/2015","DTENTRADA":1432944000000,"STR_DTENTRADA":"30/05/2015","TPUSINA_ID":"UEE","NOME_TPUSINA":"Eolielétrica                  "},"id":220},{"type":"Feature","geometry":{"type":"Point","coordinates":[-35.46388900299996,-5.5777780038171905]},"properties":{"OBJECTID":221,"INS_ID":"RNUEA7","NOM_MODALIDADEOPERUSICONJ":"USINA PERTENCENTE A CONJUNTO DE USINAS","NOMELONGO":"USI RIA_RIACHAO 7                                  RN       ","DTPREVISTA":1427760000000,"STR_DTPREVISTA":"31/03/2015","DTENTRADA":1432944000000,"STR_DTENTRADA":"30/05/2015","TPUSINA_ID":"UEE","NOME_TPUSINA":"Eolielétrica                  "},"id":221},{"type":"Feature","geometry":{"type":"Point","coordinates":[-36.90338900699999,-4.977194003836636]},"properties":{"OBJECTID":222,"INS_ID":"RNUEAB","NOM_MODALIDADEOPERUSICONJ":"USINA PERTENCENTE A CONJUNTO DE USINAS","NOMELONGO":"USI ABR_AREIA BRANCA                               RN       ","DTPREVISTA":1393545600000,"STR_DTPREVISTA":"28/02/2014","DTENTRADA":1392681600000,"STR_DTENTRADA":"18/02/2014","TPUSINA_ID":"UEE","NOME_TPUSINA":"Eolielétrica                  "},"id":222},{"type":"Feature","geometry":{"type":"Point","coordinates":[-36.359111004,-5.172575004830332]},"properties":{"OBJECTID":223,"INS_ID":"RNUEM1","NOM_MODALIDADEOPERUSICONJ":"USINA PERTENCENTE A CONJUNTO DE USINAS","NOMELONGO":"USI MSC_MANGUE SECO 1                              RN       ","DTPREVISTA":1320019200000,"STR_DTPREVISTA":"31/10/2011","DTENTRADA":1317340800000,"STR_DTENTRADA":"30/09/2011","TPUSINA_ID":"UEE","NOME_TPUSINA":"Eolielétrica                  "},"id":223},{"type":"Feature","geometry":{"type":"Point","coordinates":[-36.35908900199996,-5.172458000830334]},"properties":{"OBJECTID":224,"INS_ID":"RNUEM2","NOM_MODALIDADEOPERUSICONJ":"USINA PERTENCENTE A CONJUNTO DE USINAS","NOMELONGO":"USI MSC_MANGUE SECO 2                              RN       ","DTPREVISTA":1317340800000,"STR_DTPREVISTA":"30/09/2011","DTENTRADA":1316822400000,"STR_DTENTRADA":"24/09/2011","TPUSINA_ID":"UEE","NOME_TPUSINA":"Eolielétrica                  "},"id":224},{"type":"Feature","geometry":{"type":"Point","coordinates":[-36.359069004999974,-5.1723640038303165]},"properties":{"OBJECTID":225,"INS_ID":"RNUEM3","NOM_MODALIDADEOPERUSICONJ":"USINA PERTENCENTE A CONJUNTO DE USINAS","NOMELONGO":"USI MSC_MANGUE SECO 3                              RN       ","DTPREVISTA":1314748800000,"STR_DTPREVISTA":"31/08/2011","DTENTRADA":1314316800000,"STR_DTENTRADA":"26/08/2011","TPUSINA_ID":"UEE","NOME_TPUSINA":"Eolielétrica                  "},"id":225},{"type":"Feature","geometry":{"type":"Point","coordinates":[-36.359031007,-5.172153003830351]},"properties":{"OBJECTID":226,"INS_ID":"RNUEM5","NOM_MODALIDADEOPERUSICONJ":"USINA PERTENCENTE A CONJUNTO DE USINAS","NOMELONGO":"USI MSC_MANGUE SECO 5                              RN       ","DTPREVISTA":1320019200000,"STR_DTPREVISTA":"31/10/2011","DTENTRADA":1320105600000,"STR_DTENTRADA":"01/11/2011","TPUSINA_ID":"UEE","NOME_TPUSINA":"Eolielétrica                  "},"id":226},{"type":"Feature","geometry":{"type":"Point","coordinates":[-36.917694001999955,-4.9736390038367455]},"properties":{"OBJECTID":227,"INS_ID":"RNUEMT","NOM_MODALIDADEOPERUSICONJ":"USINA PERTENCENTE A CONJUNTO DE USINAS","NOMELONGO":"USI ABR_MAR E TERRA                                RN       ","DTPREVISTA":1393545600000,"STR_DTPREVISTA":"28/02/2014","DTENTRADA":1392681600000,"STR_DTENTRADA":"18/02/2014","TPUSINA_ID":"UEE","NOME_TPUSINA":"Eolielétrica                  "},"id":227},{"type":"Feature","geometry":{"type":"Point","coordinates":[-35.38692500399998,-5.330579004825164]},"properties":{"OBJECTID":228,"INS_ID":"RNUERF","NOM_MODALIDADEOPERUSICONJ":"USINA QUE NÃO TEM RELACIONAMENTO DIRETO COM O ONS","NOMELONGO":"USI EOLICA RIO DO FOGO                             RN       ","DTPREVISTA":1142812800000,"STR_DTPREVISTA":"20/03/2006","DTENTRADA":1143504000000,"STR_DTENTRADA":"28/03/2006","TPUSINA_ID":"UEE","NOME_TPUSINA":"Eolielétrica                  "},"id":228},{"type":"Feature","geometry":{"type":"Point","coordinates":[-36.16320600399996,-5.118831000832072]},"properties":{"OBJECTID":229,"INS_ID":"RNUERT","NOM_MODALIDADEOPERUSICONJ":"USINA CUJA OPERAÇÃO IMPACTA A REDE DE OPERAÇÃO","NOMELONGO":"USI EOL REI DOS VENTOS 3                           RN       ","DTPREVISTA":1404086400000,"STR_DTPREVISTA":"30/06/2014","DTENTRADA":1391212800000,"STR_DTENTRADA":"01/02/2014","TPUSINA_ID":"UEE","NOME_TPUSINA":"Eolielétrica                  "},"id":229},{"type":"Feature","geometry":{"type":"Point","coordinates":[-36.20206900699998,-5.100897006832618]},"properties":{"OBJECTID":230,"INS_ID":"RNUERU","NOM_MODALIDADEOPERUSICONJ":"USINA CUJA OPERAÇÃO IMPACTA A REDE DE OPERAÇÃO","NOMELONGO":"USI EOL REI DOS VENTOS 1                           RN       ","DTPREVISTA":1404086400000,"STR_DTPREVISTA":"30/06/2014","DTENTRADA":1391212800000,"STR_DTENTRADA":"01/02/2014","TPUSINA_ID":"UEE","NOME_TPUSINA":"Eolielétrica                  "},"id":230},{"type":"Feature","geometry":{"type":"Point","coordinates":[-35.83983600099998,-5.069067001833696]},"properties":{"OBJECTID":231,"INS_ID":"RNUEV1","NOM_MODALIDADEOPERUSICONJ":"USINA PERTENCENTE A CONJUNTO DE USINAS","NOMELONGO":"USI UVT_UNIAO DOS VENTOS 1                         RN       ","DTPREVISTA":1398124800000,"STR_DTPREVISTA":"22/04/2014","DTENTRADA":1396656000000,"STR_DTENTRADA":"05/04/2014","TPUSINA_ID":"UEE","NOME_TPUSINA":"Eolielétrica                  "},"id":231},{"type":"Feature","geometry":{"type":"Point","coordinates":[-35.82581900099996,-5.080586000833293]},"properties":{"OBJECTID":232,"INS_ID":"RNUEV2","NOM_MODALIDADEOPERUSICONJ":"USINA PERTENCENTE A CONJUNTO DE USINAS","NOMELONGO":"USI UVT_UNIAO DOS VENTOS 2                         RN       ","DTPREVISTA":1398124800000,"STR_DTPREVISTA":"22/04/2014","DTENTRADA":1396656000000,"STR_DTENTRADA":"05/04/2014","TPUSINA_ID":"UEE","NOME_TPUSINA":"Eolielétrica                  "},"id":232},{"type":"Feature","geometry":{"type":"Point","coordinates":[-35.808925002999956,-5.08224700383322]},"properties":{"OBJECTID":233,"INS_ID":"RNUEV3","NOM_MODALIDADEOPERUSICONJ":"USINA PERTENCENTE A CONJUNTO DE USINAS","NOMELONGO":"USI UVT_UNIAO DOS VENTOS 3                         RN       ","DTPREVISTA":1398124800000,"STR_DTPREVISTA":"22/04/2014","DTENTRADA":1396915200000,"STR_DTENTRADA":"08/04/2014","TPUSINA_ID":"UEE","NOME_TPUSINA":"Eolielétrica                  "},"id":233},{"type":"Feature","geometry":{"type":"Point","coordinates":[-35.798264003999975,-5.087967000833062]},"properties":{"OBJECTID":234,"INS_ID":"RNUEV4","NOM_MODALIDADEOPERUSICONJ":"USINA PERTENCENTE A CONJUNTO DE USINAS","NOMELONGO":"USI UVT_UNIAO DOS VENTOS 4                         RN       ","DTPREVISTA":1398124800000,"STR_DTPREVISTA":"22/04/2014","DTENTRADA":1396915200000,"STR_DTENTRADA":"08/04/2014","TPUSINA_ID":"UEE","NOME_TPUSINA":"Eolielétrica                  "},"id":234},{"type":"Feature","geometry":{"type":"Point","coordinates":[-35.782433002999994,-5.090753003832961]},"properties":{"OBJECTID":235,"INS_ID":"RNUEV5","NOM_MODALIDADEOPERUSICONJ":"USINA PERTENCENTE A CONJUNTO DE USINAS","NOMELONGO":"USI UVT_UNIAO DOS VENTOS 5                         RN       ","DTPREVISTA":1398124800000,"STR_DTPREVISTA":"22/04/2014","DTENTRADA":1396915200000,"STR_DTENTRADA":"08/04/2014","TPUSINA_ID":"UEE","NOME_TPUSINA":"Eolielétrica                  "},"id":235},{"type":"Feature","geometry":{"type":"Point","coordinates":[-35.76642200399999,-5.094571999832836]},"properties":{"OBJECTID":236,"INS_ID":"RNUEV6","NOM_MODALIDADEOPERUSICONJ":"USINA PERTENCENTE A CONJUNTO DE USINAS","NOMELONGO":"USI UVT_UNIAO DOS VENTOS 6                         RN       ","DTPREVISTA":1398124800000,"STR_DTPREVISTA":"22/04/2014","DTENTRADA":1396656000000,"STR_DTENTRADA":"05/04/2014","TPUSINA_ID":"UEE","NOME_TPUSINA":"Eolielétrica                  "},"id":236},{"type":"Feature","geometry":{"type":"Point","coordinates":[-35.76642200399999,-5.0974500028327245]},"properties":{"OBJECTID":237,"INS_ID":"RNUEV7","NOM_MODALIDADEOPERUSICONJ":"USINA PERTENCENTE A CONJUNTO DE USINAS","NOMELONGO":"USI UVT_UNIAO DOS VENTOS 7                         RN       ","DTPREVISTA":1398124800000,"STR_DTPREVISTA":"22/04/2014","DTENTRADA":1396656000000,"STR_DTENTRADA":"05/04/2014","TPUSINA_ID":"UEE","NOME_TPUSINA":"Eolielétrica                  "},"id":237},{"type":"Feature","geometry":{"type":"Point","coordinates":[-35.88901700099996,-5.072475000833574]},"properties":{"OBJECTID":238,"INS_ID":"RNUEV8","NOM_MODALIDADEOPERUSICONJ":"USINA PERTENCENTE A CONJUNTO DE USINAS","NOMELONGO":"USI UVT_UNIAO DOS VENTOS 8                         RN       ","DTPREVISTA":1398124800000,"STR_DTPREVISTA":"22/04/2014","DTENTRADA":1396656000000,"STR_DTENTRADA":"05/04/2014","TPUSINA_ID":"UEE","NOME_TPUSINA":"Eolielétrica                  "},"id":238},{"type":"Feature","geometry":{"type":"Point","coordinates":[-35.88712800299999,-5.089917003832985]},"properties":{"OBJECTID":239,"INS_ID":"RNUEV9","NOM_MODALIDADEOPERUSICONJ":"USINA PERTENCENTE A CONJUNTO DE USINAS","NOMELONGO":"USI UVT_UNIAO DOS VENTOS 9                         RN       ","DTPREVISTA":1398124800000,"STR_DTPREVISTA":"22/04/2014","DTENTRADA":1396656000000,"STR_DTENTRADA":"05/04/2014","TPUSINA_ID":"UEE","NOME_TPUSINA":"Eolielétrica                  "},"id":239},{"type":"Feature","geometry":{"type":"Point","coordinates":[-35.88936100199999,-5.107342004832417]},"properties":{"OBJECTID":240,"INS_ID":"RNUEVX","NOM_MODALIDADEOPERUSICONJ":"USINA PERTENCENTE A CONJUNTO DE USINAS","NOMELONGO":"USI UVT_UNIAO DOS VENTOS 10                        RN       ","DTPREVISTA":1398124800000,"STR_DTPREVISTA":"22/04/2014","DTENTRADA":1396656000000,"STR_DTENTRADA":"05/04/2014","TPUSINA_ID":"UEE","NOME_TPUSINA":"Eolielétrica                  "},"id":240},{"type":"Feature","geometry":{"type":"Point","coordinates":[-35.314114003999975,-5.873100004807636]},"properties":{"OBJECTID":241,"INS_ID":"RNUPT ","NOM_MODALIDADEOPERUSICONJ":"USINA CUJA OPERAÇÃO IMPACTA A REDE DE OPERAÇÃO","NOMELONGO":"USI POTIGUAR III                                   RN       ","DTPREVISTA":1233446400000,"STR_DTPREVISTA":"01/02/2009","DTENTRADA":1236038400000,"STR_DTENTRADA":"03/03/2009","TPUSINA_ID":"UTE","NOME_TPUSINA":"Térmica                       "},"id":241},{"type":"Feature","geometry":{"type":"Point","coordinates":[-35.31411400399997,-5.872799999807655]},"properties":{"OBJECTID":242,"INS_ID":"RNUPU ","NOM_MODALIDADEOPERUSICONJ":"USINA CUJA OPERAÇÃO IMPACTA A REDE DE OPERAÇÃO","NOMELONGO":"USI POTIGUAR                                       RN       ","DTPREVISTA":1230768000000,"STR_DTPREVISTA":"01/01/2009","DTENTRADA":1236038400000,"STR_DTENTRADA":"03/03/2009","TPUSINA_ID":"UTE","NOME_TPUSINA":"Térmica                       "},"id":242},{"type":"Feature","geometry":{"type":"Point","coordinates":[-36.82111110499999,-5.380111105823563]},"properties":{"OBJECTID":243,"INS_ID":"RNUTAC","NOM_MODALIDADEOPERUSICONJ":"USINA CUJA OPERAÇÃO IMPACTA A REDE DE OPERAÇÃO","NOMELONGO":"USI VALE DO ACU                                    RN       ","DTPREVISTA":1222732800000,"STR_DTPREVISTA":"30/09/2008","DTENTRADA":1221004800000,"STR_DTENTRADA":"10/09/2008","TPUSINA_ID":"UTE","NOME_TPUSINA":"Térmica                       "},"id":243},{"type":"Feature","geometry":{"type":"Point","coordinates":[-60.70000000299995,-11.850000001620291]},"properties":{"OBJECTID":244,"INS_ID":"ROROD ","NOM_MODALIDADEOPERUSICONJ":"USINA CUJA OPERAÇÃO IMPACTA A REDE DE OPERAÇÃO","NOMELONGO":"USI UHE RONDON II                                  RO       ","DTPREVISTA":1304121600000,"STR_DTPREVISTA":"30/04/2011","DTENTRADA":1299024000000,"STR_DTENTRADA":"02/03/2011","TPUSINA_ID":"UHE","NOME_TPUSINA":"Hidroelétrica                 "},"id":244},{"type":"Feature","geometry":{"type":"Point","coordinates":[-63.51666700099997,-8.779972001714935]},"properties":{"OBJECTID":245,"INS_ID":"ROSU  ","NOM_MODALIDADEOPERUSICONJ":"USINA CUJA OPERAÇÃO IMPACTA A REDE DE OPERAÇÃO","NOMELONGO":"USI SAMUEL                                         RO       ","DTPREVISTA":null,"STR_DTPREVISTA":null,"DTENTRADA":662601600000,"STR_DTENTRADA":"31/12/1990","TPUSINA_ID":"UHE","NOME_TPUSINA":"Hidroelétrica                 "},"id":245},{"type":"Feature","geometry":{"type":"Point","coordinates":[-63.81565999999997,-8.795086003714479]},"properties":{"OBJECTID":246,"INS_ID":"ROTN  ","NOM_MODALIDADEOPERUSICONJ":"USINA CUJA OPERAÇÃO IMPACTA A REDE DE OPERAÇÃO","NOMELONGO":"USI TERMONORTE II                                  RO       ","DTPREVISTA":null,"STR_DTPREVISTA":null,"DTENTRADA":662601600000,"STR_DTENTRADA":"31/12/1990","TPUSINA_ID":"UTE","NOME_TPUSINA":"Térmica                       "},"id":246},{"type":"Feature","geometry":{"type":"Point","coordinates":[-64.65319400299995,-9.266667000699682]},"properties":{"OBJECTID":247,"INS_ID":"ROUHJI","NOM_MODALIDADEOPERUSICONJ":"USINA CUJA OPERAÇÃO IMPACTA A REDE DE OPERAÇÃO","NOMELONGO":"USI UHE JIRAU                                      RO       ","DTPREVISTA":1377907200000,"STR_DTPREVISTA":"31/08/2013","DTENTRADA":1378425600000,"STR_DTENTRADA":"06/09/2013","TPUSINA_ID":"UHE","NOME_TPUSINA":"Hidroelétrica                 "},"id":247},{"type":"Feature","geometry":{"type":"Point","coordinates":[-63.95194400099996,-8.791944004714532]},"properties":{"OBJECTID":248,"INS_ID":"ROUSSA","NOM_MODALIDADEOPERUSICONJ":"USINA CUJA OPERAÇÃO IMPACTA A REDE DE OPERAÇÃO","NOMELONGO":"USI SANTO ANTONIO                                  RO       ","DTPREVISTA":1335744000000,"STR_DTPREVISTA":"30/04/2012","DTENTRADA":1332374400000,"STR_DTENTRADA":"22/03/2012","TPUSINA_ID":"UHE","NOME_TPUSINA":"Hidroelétrica                 "},"id":248},{"type":"Feature","geometry":{"type":"Point","coordinates":[-50.33331700399998,-29.9934640001825]},"properties":{"OBJECTID":249,"INS_ID":"RSEIN2","NOM_MODALIDADEOPERUSICONJ":"USINA PERTENCENTE A CONJUNTO DE USINAS","NOMELONGO":"USI USI EOLICA DOS INDIOS 2                        RS       ","DTPREVISTA":1419897600000,"STR_DTPREVISTA":"30/12/2014","DTENTRADA":1418688000000,"STR_DTENTRADA":"16/12/2014","TPUSINA_ID":"UEE","NOME_TPUSINA":"Eolielétrica                  "},"id":249},{"type":"Feature","geometry":{"type":"Point","coordinates":[-50.351167000999965,-29.99444400518253]},"properties":{"OBJECTID":250,"INS_ID":"RSEIN3","NOM_MODALIDADEOPERUSICONJ":"USINA PERTENCENTE A CONJUNTO DE USINAS","NOMELONGO":"USI USI USI EOL. INDIOS 3                          RS       ","DTPREVISTA":1419897600000,"STR_DTPREVISTA":"30/12/2014","DTENTRADA":1418688000000,"STR_DTENTRADA":"16/12/2014","TPUSINA_ID":"UEE","NOME_TPUSINA":"Eolielétrica                  "},"id":250},{"type":"Feature","geometry":{"type":"Point","coordinates":[-53.28055560599995,-29.446944400191693]},"properties":{"OBJECTID":251,"INS_ID":"RSUDFR","NOM_MODALIDADEOPERUSICONJ":"USINA CUJA OPERAÇÃO IMPACTA A REDE DE OPERAÇÃO","NOMELONGO":"USI DONA FRANCISCA                                 RS       ","DTPREVISTA":979776000000,"STR_DTPREVISTA":"18/01/2001","DTENTRADA":981331200000,"STR_DTENTRADA":"05/02/2001","TPUSINA_ID":"UHE","NOME_TPUSINA":"Hidroelétrica                 "},"id":251},{"type":"Feature","geometry":{"type":"Point","coordinates":[-50.17388900399999,-30.07500000318122]},"properties":{"OBJECTID":252,"INS_ID":"RSUECI","NOM_MODALIDADEOPERUSICONJ":"USINA QUE NÃO IMPACTA A REDE DE OPERAÇÃO, MAS PARTICIPA DA PROGRAMAÇÃO DE FORMA INDIVIDUALIZADA","NOMELONGO":"USI EOL CIDREIRA I                                 RS       ","DTPREVISTA":1293753600000,"STR_DTPREVISTA":"31/12/2010","DTENTRADA":1305936000000,"STR_DTENTRADA":"21/05/2011","TPUSINA_ID":"UEE","NOME_TPUSINA":"Eolielétrica                  "},"id":252},{"type":"Feature","geometry":{"type":"Point","coordinates":[-51.379166699999985,-29.008333303199212]},"properties":{"OBJECTID":253,"INS_ID":"RSUHCA","NOM_MODALIDADEOPERUSICONJ":"USINA CUJA OPERAÇÃO IMPACTA A REDE DE OPERAÇÃO","NOMELONGO":"USI CASTRO ALVES                                   RS       ","DTPREVISTA":1206921600000,"STR_DTPREVISTA":"31/03/2008","DTENTRADA":1204588800000,"STR_DTENTRADA":"04/03/2008","TPUSINA_ID":"UHE","NOME_TPUSINA":"Hidroelétrica                 "},"id":253},{"type":"Feature","geometry":{"type":"Point","coordinates":[-53.04333300099996,-27.140000000233428]},"properties":{"OBJECTID":254,"INS_ID":"RSUHFC","NOM_MODALIDADEOPERUSICONJ":"USINA CUJA OPERAÇÃO IMPACTA A REDE DE OPERAÇÃO","NOMELONGO":"USI FOZ DO CHAPECO                                 RS       ","DTPREVISTA":1288483200000,"STR_DTPREVISTA":"31/10/2010","DTENTRADA":1285027200000,"STR_DTENTRADA":"21/09/2010","TPUSINA_ID":"UHE","NOME_TPUSINA":"Hidroelétrica                 "},"id":254},{"type":"Feature","geometry":{"type":"Point","coordinates":[-51.5,-29.016666703199082]},"properties":{"OBJECTID":255,"INS_ID":"RSUHMC","NOM_MODALIDADEOPERUSICONJ":"USINA CUJA OPERAÇÃO IMPACTA A REDE DE OPERAÇÃO","NOMELONGO":"USI MONTE CLARO                                    RS       ","DTPREVISTA":1104451200000,"STR_DTPREVISTA":"31/12/2004","DTENTRADA":1104278400000,"STR_DTENTRADA":"29/12/2004","TPUSINA_ID":"UHE","NOME_TPUSINA":"Hidroelétrica                 "},"id":255},{"type":"Feature","geometry":{"type":"Point","coordinates":[-52.734722003,-27.328611001229845]},"properties":{"OBJECTID":256,"INS_ID":"RSUHMO","NOM_MODALIDADEOPERUSICONJ":"USINA CUJA OPERAÇÃO IMPACTA A REDE DE OPERAÇÃO","NOMELONGO":"USI UHE MONJOLINHO                                 RS       ","DTPREVISTA":1251676800000,"STR_DTPREVISTA":"31/08/2009","DTENTRADA":1251763200000,"STR_DTENTRADA":"01/09/2009","TPUSINA_ID":"UHE","NOME_TPUSINA":"Hidroelétrica                 "},"id":256},{"type":"Feature","geometry":{"type":"Point","coordinates":[-52.733333007,-27.550000004225623]},"properties":{"OBJECTID":257,"INS_ID":"RSUHPF","NOM_MODALIDADEOPERUSICONJ":"USINA CUJA OPERAÇÃO IMPACTA A REDE DE OPERAÇÃO","NOMELONGO":"USI PASSO FUNDO                                    RS       ","DTPREVISTA":null,"STR_DTPREVISTA":null,"DTENTRADA":101520000000,"STR_DTENTRADA":"21/03/1973","TPUSINA_ID":"UHE","NOME_TPUSINA":"Hidroelétrica                 "},"id":257},{"type":"Feature","geometry":{"type":"Point","coordinates":[-55.05194400299996,-28.141111001214707]},"properties":{"OBJECTID":258,"INS_ID":"RSUHPJ","NOM_MODALIDADEOPERUSICONJ":"USINA CUJA OPERAÇÃO IMPACTA A REDE DE OPERAÇÃO","NOMELONGO":"USI PASSO SAO JOAO                                 RS       ","DTPREVISTA":1333152000000,"STR_DTPREVISTA":"31/03/2012","DTENTRADA":1332547200000,"STR_DTENTRADA":"24/03/2012","TPUSINA_ID":"UHE","NOME_TPUSINA":"Hidroelétrica                 "},"id":258},{"type":"Feature","geometry":{"type":"Point","coordinates":[-51.666667007,-29.05000000419847]},"properties":{"OBJECTID":259,"INS_ID":"RSUHQJ","NOM_MODALIDADEOPERUSICONJ":"USINA CUJA OPERAÇÃO IMPACTA A REDE DE OPERAÇÃO","NOMELONGO":"USI 14 DE JULHO                                    RS       ","DTPREVISTA":1230681600000,"STR_DTPREVISTA":"31/12/2008","DTENTRADA":1230163200000,"STR_DTENTRADA":"25/12/2008","TPUSINA_ID":"UHE","NOME_TPUSINA":"Hidroelétrica                 "},"id":259},{"type":"Feature","geometry":{"type":"Point","coordinates":[-53.23388890199999,-29.258888900194883]},"properties":{"OBJECTID":260,"INS_ID":"RSUITA","NOM_MODALIDADEOPERUSICONJ":"USINA CUJA OPERAÇÃO IMPACTA A REDE DE OPERAÇÃO","NOMELONGO":"USI ITAUBA                                         RS       ","DTPREVISTA":null,"STR_DTPREVISTA":null,"DTENTRADA":255139200000,"STR_DTENTRADA":"01/02/1978","TPUSINA_ID":"UHE","NOME_TPUSINA":"Hidroelétrica                 "},"id":260},{"type":"Feature","geometry":{"type":"Point","coordinates":[-53.22750050599996,-29.07916600219797]},"properties":{"OBJECTID":261,"INS_ID":"RSUJAC","NOM_MODALIDADEOPERUSICONJ":"USINA CUJA OPERAÇÃO IMPACTA A REDE DE OPERAÇÃO","NOMELONGO":"USI JACUI                                          RS       ","DTPREVISTA":null,"STR_DTPREVISTA":null,"DTENTRADA":-247363200000,"STR_DTENTRADA":"01/03/1962","TPUSINA_ID":"UHE","NOME_TPUSINA":"Hidroelétrica                 "},"id":261},{"type":"Feature","geometry":{"type":"Point","coordinates":[-53.188888899999995,-29.016944401199066]},"properties":{"OBJECTID":262,"INS_ID":"RSUPRE","NOM_MODALIDADEOPERUSICONJ":"USINA CUJA OPERAÇÃO IMPACTA A REDE DE OPERAÇÃO","NOMELONGO":"USI PASSO REAL                                     RS       ","DTPREVISTA":null,"STR_DTPREVISTA":null,"DTENTRADA":94694400000,"STR_DTENTRADA":"01/01/1973","TPUSINA_ID":"UHE","NOME_TPUSINA":"Hidroelétrica                 "},"id":262},{"type":"Feature","geometry":{"type":"Point","coordinates":[-51.76166669999998,-29.982500002182725]},"properties":{"OBJECTID":263,"INS_ID":"RSUSJE","NOM_MODALIDADEOPERUSICONJ":"USINA CUJA OPERAÇÃO IMPACTA A REDE DE OPERAÇÃO","NOMELONGO":"USI SAO JERONIMO                                   RS       ","DTPREVISTA":null,"STR_DTPREVISTA":null,"DTENTRADA":852076800000,"STR_DTENTRADA":"01/01/1997","TPUSINA_ID":"UTE","NOME_TPUSINA":"Térmica                       "},"id":263},{"type":"Feature","geometry":{"type":"Point","coordinates":[-54.813056007,-28.174444005214088]},"properties":{"OBJECTID":264,"INS_ID":"RSUSJO","NOM_MODALIDADEOPERUSICONJ":"USINA CUJA OPERAÇÃO IMPACTA A REDE DE OPERAÇÃO","NOMELONGO":"USI SAO JOSE                                       RS       ","DTPREVISTA":1301529600000,"STR_DTPREVISTA":"31/03/2011","DTENTRADA":1283299200000,"STR_DTENTRADA":"01/09/2010","TPUSINA_ID":"UHE","NOME_TPUSINA":"Hidroelétrica                 "},"id":264},{"type":"Feature","geometry":{"type":"Point","coordinates":[-55.770555600999955,-29.78277780118605]},"properties":{"OBJECTID":265,"INS_ID":"RSUTA1","NOM_MODALIDADEOPERUSICONJ":"USINA CUJA OPERAÇÃO IMPACTA A REDE DE OPERAÇÃO","NOMELONGO":"USI ALEGRETE                                       RS       ","DTPREVISTA":null,"STR_DTPREVISTA":null,"DTENTRADA":-41904000000,"STR_DTENTRADA":"03/09/1968","TPUSINA_ID":"UTE","NOME_TPUSINA":"Térmica                       "},"id":265},{"type":"Feature","geometry":{"type":"Point","coordinates":[-51.14694440399995,-29.87638890018447]},"properties":{"OBJECTID":266,"INS_ID":"RSUTCA","NOM_MODALIDADEOPERUSICONJ":"USINA CUJA OPERAÇÃO IMPACTA A REDE DE OPERAÇÃO","NOMELONGO":"USI CANOAS                                         RS       ","DTPREVISTA":1030752000000,"STR_DTPREVISTA":"31/08/2002","DTENTRADA":1045008000000,"STR_DTENTRADA":"12/02/2003","TPUSINA_ID":"UTE","NOME_TPUSINA":"Térmica                       "},"id":266},{"type":"Feature","geometry":{"type":"Point","coordinates":[-53.66666700700001,-31.55000000415815]},"properties":{"OBJECTID":267,"INS_ID":"RSUTEC","NOM_MODALIDADEOPERUSICONJ":"USINA CUJA OPERAÇÃO IMPACTA A REDE DE OPERAÇÃO","NOMELONGO":"USI TERMELETRICA CANDIOTA III                      RS       ","DTPREVISTA":1293753600000,"STR_DTPREVISTA":"31/12/2010","DTENTRADA":1293840000000,"STR_DTENTRADA":"01/01/2011","TPUSINA_ID":"UTE","NOME_TPUSINA":"Térmica                       "},"id":267},{"type":"Feature","geometry":{"type":"Point","coordinates":[-53.776900001,-31.45070000015965]},"properties":{"OBJECTID":268,"INS_ID":"RSUTMW","NOM_MODALIDADEOPERUSICONJ":"USINA CUJA OPERAÇÃO IMPACTA A REDE DE OPERAÇÃO","NOMELONGO":"USI UTE PAMPA SUL                                  RS       ","DTPREVISTA":1546300800000,"STR_DTPREVISTA":"01/01/2019","DTENTRADA":1561680000000,"STR_DTENTRADA":"28/06/2019","TPUSINA_ID":"UTE","NOME_TPUSINA":"Térmica                       "},"id":268},{"type":"Feature","geometry":{"type":"Point","coordinates":[-57.000555604999995,-29.76388890318636]},"properties":{"OBJECTID":269,"INS_ID":"RSUTUR","NOM_MODALIDADEOPERUSICONJ":"USINA CUJA OPERAÇÃO IMPACTA A REDE DE OPERAÇÃO","NOMELONGO":"USI U.URUGUAIANA                                   RS       ","DTPREVISTA":null,"STR_DTPREVISTA":null,"DTENTRADA":976665600000,"STR_DTENTRADA":"13/12/2000","TPUSINA_ID":"UTE","NOME_TPUSINA":"Térmica                       "},"id":269},{"type":"Feature","geometry":{"type":"Point","coordinates":[-50.988056003999986,-27.621389001224316]},"properties":{"OBJECTID":270,"INS_ID":"SCGAR ","NOM_MODALIDADEOPERUSICONJ":"USINA CUJA OPERAÇÃO IMPACTA A REDE DE OPERAÇÃO","NOMELONGO":"USI UHE GARIBALDI                                  SC       ","DTPREVISTA":1388361600000,"STR_DTPREVISTA":"30/12/2013","DTENTRADA":1379980800000,"STR_DTENTRADA":"24/09/2013","TPUSINA_ID":"UHE","NOME_TPUSINA":"Hidroelétrica                 "},"id":270},{"type":"Feature","geometry":{"type":"Point","coordinates":[-51.21666700399999,-27.766667001221577]},"properties":{"OBJECTID":271,"INS_ID":"SCUHBG","NOM_MODALIDADEOPERUSICONJ":"USINA CUJA OPERAÇÃO IMPACTA A REDE DE OPERAÇÃO","NOMELONGO":"USI BARRA GRANDE                                   SC       ","DTPREVISTA":1133308800000,"STR_DTPREVISTA":"30/11/2005","DTENTRADA":1130803200000,"STR_DTENTRADA":"01/11/2005","TPUSINA_ID":"UHE","NOME_TPUSINA":"Hidroelétrica                 "},"id":271},{"type":"Feature","geometry":{"type":"Point","coordinates":[-51.316666699999985,-27.600000001224725]},"properties":{"OBJECTID":272,"INS_ID":"SCUHCN","NOM_MODALIDADEOPERUSICONJ":"USINA CUJA OPERAÇÃO IMPACTA A REDE DE OPERAÇÃO","NOMELONGO":"USI US CAMPOS NOVOS                                SC       ","DTPREVISTA":1172620800000,"STR_DTPREVISTA":"28/02/2007","DTENTRADA":1143504000000,"STR_DTENTRADA":"28/03/2006","TPUSINA_ID":"UHE","NOME_TPUSINA":"Hidroelétrica                 "},"id":272},{"type":"Feature","geometry":{"type":"Point","coordinates":[-52.39833300599997,-27.26750000523099]},"properties":{"OBJECTID":273,"INS_ID":"SCUHIT","NOM_MODALIDADEOPERUSICONJ":"USINA CUJA OPERAÇÃO IMPACTA A REDE DE OPERAÇÃO","NOMELONGO":"USI ITA                                            SC       ","DTPREVISTA":null,"STR_DTPREVISTA":null,"DTENTRADA":960681600000,"STR_DTENTRADA":"11/06/2000","TPUSINA_ID":"UHE","NOME_TPUSINA":"Hidroelétrica                 "},"id":273},{"type":"Feature","geometry":{"type":"Point","coordinates":[-51.784722201999955,-27.523611001226154]},"properties":{"OBJECTID":274,"INS_ID":"SCUHMA","NOM_MODALIDADEOPERUSICONJ":"USINA CUJA OPERAÇÃO IMPACTA A REDE DE OPERAÇÃO","NOMELONGO":"USI MACHADINHO                                     SC       ","DTPREVISTA":1012435200000,"STR_DTPREVISTA":"31/01/2002","DTENTRADA":1011571200000,"STR_DTENTRADA":"21/01/2002","TPUSINA_ID":"UHE","NOME_TPUSINA":"Hidroelétrica                 "},"id":274},{"type":"Feature","geometry":{"type":"Point","coordinates":[-49.5,-27.116667002233875]},"properties":{"OBJECTID":275,"INS_ID":"SCUHSP","NOM_MODALIDADEOPERUSICONJ":"USINA CUJA OPERAÇÃO IMPACTA A REDE DE OPERAÇÃO","NOMELONGO":"USI SALTO PILAO                                    SC       ","DTPREVISTA":1259539200000,"STR_DTPREVISTA":"30/11/2009","DTENTRADA":1253836800000,"STR_DTENTRADA":"25/09/2009","TPUSINA_ID":"UHE","NOME_TPUSINA":"Hidroelétrica                 "},"id":275},{"type":"Feature","geometry":{"type":"Point","coordinates":[-50.80527800299995,-27.497500002226616]},"properties":{"OBJECTID":276,"INS_ID":"SCUHSR","NOM_MODALIDADEOPERUSICONJ":"USINA CUJA OPERAÇÃO IMPACTA A REDE DE OPERAÇÃO","NOMELONGO":"USI UHE SAO ROQUE                                  SC       ","DTPREVISTA":1653868800000,"STR_DTPREVISTA":"30/05/2022","DTENTRADA":1658361600000,"STR_DTENTRADA":"21/07/2022","TPUSINA_ID":"UHE","NOME_TPUSINA":"Hidroelétrica                 "},"id":276},{"type":"Feature","geometry":{"type":"Point","coordinates":[-52.55000000399997,-26.666388906242663]},"properties":{"OBJECTID":277,"INS_ID":"SCUQQX","NOM_MODALIDADEOPERUSICONJ":"USINA CUJA OPERAÇÃO IMPACTA A REDE DE OPERAÇÃO","NOMELONGO":"USI QUEBRA QUEIXO                                  SC       ","DTPREVISTA":1046476800000,"STR_DTPREVISTA":"01/03/2003","DTENTRADA":1072137600000,"STR_DTENTRADA":"23/12/2003","TPUSINA_ID":"UHE","NOME_TPUSINA":"Hidroelétrica                 "},"id":277},{"type":"Feature","geometry":{"type":"Point","coordinates":[-48.96902200599999,-28.448889002209107]},"properties":{"OBJECTID":278,"INS_ID":"SCUTLA","NOM_MODALIDADEOPERUSICONJ":"USINA CUJA OPERAÇÃO IMPACTA A REDE DE OPERAÇÃO","NOMELONGO":"USI JORGE LACERDA-A                                SC       ","DTPREVISTA":null,"STR_DTPREVISTA":null,"DTENTRADA":-150249600000,"STR_DTENTRADA":"29/03/1965","TPUSINA_ID":"UTE","NOME_TPUSINA":"Térmica                       "},"id":278},{"type":"Feature","geometry":{"type":"Point","coordinates":[-48.96972200299996,-28.45651000020896]},"properties":{"OBJECTID":279,"INS_ID":"SCUTLB","NOM_MODALIDADEOPERUSICONJ":"USINA CUJA OPERAÇÃO IMPACTA A REDE DE OPERAÇÃO","NOMELONGO":"USI JORGE LACERDA-B                                SC       ","DTPREVISTA":null,"STR_DTPREVISTA":null,"DTENTRADA":311472000000,"STR_DTENTRADA":"15/11/1979","TPUSINA_ID":"UTE","NOME_TPUSINA":"Térmica                       "},"id":279},{"type":"Feature","geometry":{"type":"Point","coordinates":[-48.96869499999997,-28.45651000020895]},"properties":{"OBJECTID":280,"INS_ID":"SCUTLC","NOM_MODALIDADEOPERUSICONJ":"USINA CUJA OPERAÇÃO IMPACTA A REDE DE OPERAÇÃO","NOMELONGO":"USI JORGE LACERDA-C                                SC       ","DTPREVISTA":null,"STR_DTPREVISTA":null,"DTENTRADA":846806400000,"STR_DTENTRADA":"01/11/1996","TPUSINA_ID":"UTE","NOME_TPUSINA":"Térmica                       "},"id":280},{"type":"Feature","geometry":{"type":"Point","coordinates":[-50.35000000099996,-19.86722220439624]},"properties":{"OBJECTID":281,"INS_ID":"SPAGV ","NOM_MODALIDADEOPERUSICONJ":"USINA CUJA OPERAÇÃO IMPACTA A REDE DE OPERAÇÃO","NOMELONGO":"USI AGUA VERMELHA                                  SP       ","DTPREVISTA":null,"STR_DTPREVISTA":null,"DTENTRADA":257558400000,"STR_DTENTRADA":"01/03/1978","TPUSINA_ID":"UHE","NOME_TPUSINA":"Hidroelétrica                 "},"id":281},{"type":"Feature","geometry":{"type":"Point","coordinates":[-48.545000002,-22.50500000233209]},"properties":{"OBJECTID":282,"INS_ID":"SPBAB ","NOM_MODALIDADEOPERUSICONJ":"USINA CUJA OPERAÇÃO IMPACTA A REDE DE OPERAÇÃO","NOMELONGO":"USI BARRA BONITA                                   SP       ","DTPREVISTA":null,"STR_DTPREVISTA":null,"DTENTRADA":-218246400000,"STR_DTENTRADA":"01/02/1963","TPUSINA_ID":"UHE","NOME_TPUSINA":"Hidroelétrica                 "},"id":282},{"type":"Feature","geometry":{"type":"Point","coordinates":[-48.75,-22.149722203340446]},"properties":{"OBJECTID":283,"INS_ID":"SPBAR ","NOM_MODALIDADEOPERUSICONJ":"USINA CUJA OPERAÇÃO IMPACTA A REDE DE OPERAÇÃO","NOMELONGO":"USI BARIRI                                         SP       ","DTPREVISTA":null,"STR_DTPREVISTA":null,"DTENTRADA":-94694400000,"STR_DTENTRADA":"01/01/1967","TPUSINA_ID":"UHE","NOME_TPUSINA":"Hidroelétrica                 "},"id":283},{"type":"Feature","geometry":{"type":"Point","coordinates":[-46.61666670399996,-21.566388905354316]},"properties":{"OBJECTID":284,"INS_ID":"SPCAC ","NOM_MODALIDADEOPERUSICONJ":"USINA CUJA OPERAÇÃO IMPACTA A REDE DE OPERAÇÃO","NOMELONGO":"USI CACONDE                                        SP       ","DTPREVISTA":null,"STR_DTPREVISTA":null,"DTENTRADA":-560217600000,"STR_DTENTRADA":"01/04/1952","TPUSINA_ID":"UHE","NOME_TPUSINA":"Hidroelétrica                 "},"id":284},{"type":"Feature","geometry":{"type":"Point","coordinates":[-49.73472220499997,-23.131944403317668]},"properties":{"OBJECTID":285,"INS_ID":"SPCHV ","NOM_MODALIDADEOPERUSICONJ":"USINA CUJA OPERAÇÃO IMPACTA A REDE DE OPERAÇÃO","NOMELONGO":"USI CHAVANTES                                      SP       ","DTPREVISTA":null,"STR_DTPREVISTA":null,"DTENTRADA":3110400000,"STR_DTENTRADA":"06/02/1970","TPUSINA_ID":"UHE","NOME_TPUSINA":"Hidroelétrica                 "},"id":285},{"type":"Feature","geometry":{"type":"Point","coordinates":[-50.516666703000006,-22.933055602322195]},"properties":{"OBJECTID":286,"INS_ID":"SPCNO1","NOM_MODALIDADEOPERUSICONJ":"USINA CUJA OPERAÇÃO IMPACTA A REDE DE OPERAÇÃO","NOMELONGO":"USI CANOAS I DUKE                                  SP       ","DTPREVISTA":null,"STR_DTPREVISTA":null,"DTENTRADA":926208000000,"STR_DTENTRADA":"09/05/1999","TPUSINA_ID":"UHE","NOME_TPUSINA":"Hidroelétrica                 "},"id":286},{"type":"Feature","geometry":{"type":"Point","coordinates":[-50.25,-22.933055602322195]},"properties":{"OBJECTID":287,"INS_ID":"SPCNO2","NOM_MODALIDADEOPERUSICONJ":"USINA CUJA OPERAÇÃO IMPACTA A REDE DE OPERAÇÃO","NOMELONGO":"USI CANOAS II DUKE                                 SP       ","DTPREVISTA":null,"STR_DTPREVISTA":null,"DTENTRADA":926726400000,"STR_DTENTRADA":"15/05/1999","TPUSINA_ID":"UHE","NOME_TPUSINA":"Hidroelétrica                 "},"id":287},{"type":"Feature","geometry":{"type":"Point","coordinates":[-51.360833302,-22.65750000632855]},"properties":{"OBJECTID":288,"INS_ID":"SPCPV ","NOM_MODALIDADEOPERUSICONJ":"USINA CUJA OPERAÇÃO IMPACTA A REDE DE OPERAÇÃO","NOMELONGO":"USI CAPIVARA                                       SP       ","DTPREVISTA":null,"STR_DTPREVISTA":null,"DTENTRADA":226800000000,"STR_DTENTRADA":"10/03/1977","TPUSINA_ID":"UHE","NOME_TPUSINA":"Hidroelétrica                 "},"id":288},{"type":"Feature","geometry":{"type":"Point","coordinates":[-46.43222200099996,-23.875833004301004]},"properties":{"OBJECTID":289,"INS_ID":"SPCUB ","NOM_MODALIDADEOPERUSICONJ":"USINA CUJA OPERAÇÃO IMPACTA A REDE DE OPERAÇÃO","NOMELONGO":"USI UTE CUBATAO                                    SP       ","DTPREVISTA":1259539200000,"STR_DTPREVISTA":"30/11/2009","DTENTRADA":1258416000000,"STR_DTENTRADA":"17/11/2009","TPUSINA_ID":"UTE","NOME_TPUSINA":"Térmica                       "},"id":289},{"type":"Feature","geometry":{"type":"Point","coordinates":[-46.95000000299996,-21.599722206353494]},"properties":{"OBJECTID":290,"INS_ID":"SPEUC ","NOM_MODALIDADEOPERUSICONJ":"USINA CUJA OPERAÇÃO IMPACTA A REDE DE OPERAÇÃO","NOMELONGO":"USI EUCLIDES DA CUNHA                              SP       ","DTPREVISTA":null,"STR_DTPREVISTA":null,"DTENTRADA":315532800000,"STR_DTENTRADA":"01/01/1980","TPUSINA_ID":"UHE","NOME_TPUSINA":"Hidroelétrica                 "},"id":290},{"type":"Feature","geometry":{"type":"Point","coordinates":[-46.44833430599999,-23.878614604300928]},"properties":{"OBJECTID":291,"INS_ID":"SPHBE ","NOM_MODALIDADEOPERUSICONJ":"USINA CUJA OPERAÇÃO IMPACTA A REDE DE OPERAÇÃO","NOMELONGO":"USI HENRY BORDEN EXTERNA                           SP       ","DTPREVISTA":null,"STR_DTPREVISTA":null,"DTENTRADA":-1380758400000,"STR_DTENTRADA":"01/04/1926","TPUSINA_ID":"UHE","NOME_TPUSINA":"Hidroelétrica                 "},"id":291},{"type":"Feature","geometry":{"type":"Point","coordinates":[-46.44833300299996,-23.878611006300897]},"properties":{"OBJECTID":292,"INS_ID":"SPHBS ","NOM_MODALIDADEOPERUSICONJ":"USINA CUJA OPERAÇÃO IMPACTA A REDE DE OPERAÇÃO","NOMELONGO":"USI HENRY BORDEN SUBTERRANEA                       SP       ","DTPREVISTA":null,"STR_DTPREVISTA":null,"DTENTRADA":-441849600000,"STR_DTENTRADA":"01/01/1956","TPUSINA_ID":"UHE","NOME_TPUSINA":"Hidroelétrica                 "},"id":292},{"type":"Feature","geometry":{"type":"Point","coordinates":[-49.00000000000001,-21.749722205349936]},"properties":{"OBJECTID":293,"INS_ID":"SPIBI ","NOM_MODALIDADEOPERUSICONJ":"USINA CUJA OPERAÇÃO IMPACTA A REDE DE OPERAÇÃO","NOMELONGO":"USI IBITINGA                                       SP       ","DTPREVISTA":null,"STR_DTPREVISTA":null,"DTENTRADA":-28857600000,"STR_DTENTRADA":"01/02/1969","TPUSINA_ID":"UHE","NOME_TPUSINA":"Hidroelétrica                 "},"id":293},{"type":"Feature","geometry":{"type":"Point","coordinates":[-51.34000000399998,-20.422222204382308]},"properties":{"OBJECTID":294,"INS_ID":"SPILS ","NOM_MODALIDADEOPERUSICONJ":"USINA CUJA OPERAÇÃO IMPACTA A REDE DE OPERAÇÃO","NOMELONGO":"USI ILHA SOLTEIRA                                  SP       ","DTPREVISTA":null,"STR_DTPREVISTA":null,"DTENTRADA":99792000000,"STR_DTENTRADA":"01/03/1973","TPUSINA_ID":"UHE","NOME_TPUSINA":"Hidroelétrica                 "},"id":294},{"type":"Feature","geometry":{"type":"Point","coordinates":[-46.033333003999985,-23.20000000331615]},"properties":{"OBJECTID":295,"INS_ID":"SPJAG ","NOM_MODALIDADEOPERUSICONJ":"USINA CUJA OPERAÇÃO IMPACTA A REDE DE OPERAÇÃO","NOMELONGO":"USI JAGUARI                                        SP       ","DTPREVISTA":null,"STR_DTPREVISTA":null,"DTENTRADA":63158400000,"STR_DTENTRADA":"02/01/1972","TPUSINA_ID":"UHE","NOME_TPUSINA":"Hidroelétrica                 "},"id":295},{"type":"Feature","geometry":{"type":"Point","coordinates":[-51.633611105,-20.791388906373182]},"properties":{"OBJECTID":296,"INS_ID":"SPJUP ","NOM_MODALIDADEOPERUSICONJ":"USINA CUJA OPERAÇÃO IMPACTA A REDE DE OPERAÇÃO","NOMELONGO":"USI JUPIA                                          SP       ","DTPREVISTA":null,"STR_DTPREVISTA":null,"DTENTRADA":-31449600000,"STR_DTENTRADA":"02/01/1969","TPUSINA_ID":"UHE","NOME_TPUSINA":"Hidroelétrica                 "},"id":296},{"type":"Feature","geometry":{"type":"Point","coordinates":[-49.23833329999997,-23.22000000631565]},"properties":{"OBJECTID":297,"INS_ID":"SPJUR ","NOM_MODALIDADEOPERUSICONJ":"USINA CUJA OPERAÇÃO IMPACTA A REDE DE OPERAÇÃO","NOMELONGO":"USI JURUMIRIM                                      SP       ","DTPREVISTA":null,"STR_DTPREVISTA":null,"DTENTRADA":-229737600000,"STR_DTENTRADA":"21/09/1962","TPUSINA_ID":"UHE","NOME_TPUSINA":"Hidroelétrica                 "},"id":297},{"type":"Feature","geometry":{"type":"Point","coordinates":[-47.008054002999984,-21.625512004352867]},"properties":{"OBJECTID":298,"INS_ID":"SPLMO ","NOM_MODALIDADEOPERUSICONJ":"USINA CUJA OPERAÇÃO IMPACTA A REDE DE OPERAÇÃO","NOMELONGO":"USI LIMOEIRO                                       SP       ","DTPREVISTA":null,"STR_DTPREVISTA":null,"DTENTRADA":315532800000,"STR_DTENTRADA":"01/01/1980","TPUSINA_ID":"UHE","NOME_TPUSINA":"Hidroelétrica                 "},"id":298},{"type":"Feature","geometry":{"type":"Point","coordinates":[-44.86345300099998,-22.56745000233066]},"properties":{"OBJECTID":299,"INS_ID":"SPLVN ","NOM_MODALIDADEOPERUSICONJ":"USINA PERTENCENTE A CONJUNTO DE USINAS","NOMELONGO":"USI PCH LAVRINHAS                                  SP       ","DTPREVISTA":1291161600000,"STR_DTPREVISTA":"01/12/2010","DTENTRADA":1315008000000,"STR_DTENTRADA":"03/09/2011","TPUSINA_ID":"UHE","NOME_TPUSINA":"Hidroelétrica                 "},"id":299},{"type":"Feature","geometry":{"type":"Point","coordinates":[-50.20387154899999,-21.11638522736518]},"properties":{"OBJECTID":300,"INS_ID":"SPNAV ","NOM_MODALIDADEOPERUSICONJ":"USINA CUJA OPERAÇÃO IMPACTA A REDE DE OPERAÇÃO","NOMELONGO":"USI NOVA AVANHANDAVA                               SP       ","DTPREVISTA":null,"STR_DTPREVISTA":null,"DTENTRADA":386467200000,"STR_DTENTRADA":"01/04/1982","TPUSINA_ID":"UHE","NOME_TPUSINA":"Hidroelétrica                 "},"id":300},{"type":"Feature","geometry":{"type":"Point","coordinates":[-46.68233299999997,-23.7000000033049]},"properties":{"OBJECTID":301,"INS_ID":"SPNPI ","NOM_MODALIDADEOPERUSICONJ":"USINA CUJA OPERAÇÃO IMPACTA A REDE DE OPERAÇÃO","NOMELONGO":"USI NOVA PIRATININGA                               SP       ","DTPREVISTA":1019260800000,"STR_DTPREVISTA":"20/04/2002","DTENTRADA":1019520000000,"STR_DTENTRADA":"23/04/2002","TPUSINA_ID":"UTE","NOME_TPUSINA":"Térmica                       "},"id":301},{"type":"Feature","geometry":{"type":"Point","coordinates":[-49.850000000999955,-23.066388905319172]},"properties":{"OBJECTID":302,"INS_ID":"SPORI ","NOM_MODALIDADEOPERUSICONJ":"USINA CUJA OPERAÇÃO IMPACTA A REDE DE OPERAÇÃO","NOMELONGO":"USI OURINHOS CBA                                   SP       ","DTPREVISTA":1130716800000,"STR_DTPREVISTA":"31/10/2005","DTENTRADA":1112486400000,"STR_DTENTRADA":"03/04/2005","TPUSINA_ID":"UHE","NOME_TPUSINA":"Hidroelétrica                 "},"id":302},{"type":"Feature","geometry":{"type":"Point","coordinates":[-45.666666701,-23.38305560531198]},"properties":{"OBJECTID":303,"INS_ID":"SPPAR ","NOM_MODALIDADEOPERUSICONJ":"USINA CUJA OPERAÇÃO IMPACTA A REDE DE OPERAÇÃO","NOMELONGO":"USI PARAIBUNA                                      SP       ","DTPREVISTA":null,"STR_DTPREVISTA":null,"DTENTRADA":252547200000,"STR_DTENTRADA":"02/01/1978","TPUSINA_ID":"UHE","NOME_TPUSINA":"Hidroelétrica                 "},"id":303},{"type":"Feature","geometry":{"type":"Point","coordinates":[-46.67416699999996,-23.703056000304834]},"properties":{"OBJECTID":304,"INS_ID":"SPPE  ","NOM_MODALIDADEOPERUSICONJ":"USINA CUJA OPERAÇÃO IMPACTA A REDE DE OPERAÇÃO","NOMELONGO":"USI ETU PEDREIRA                                   SP       ","DTPREVISTA":null,"STR_DTPREVISTA":null,"DTENTRADA":662601600000,"STR_DTENTRADA":"31/12/1990","TPUSINA_ID":"UHB","NOME_TPUSINA":"Bombeamento                   "},"id":304},{"type":"Feature","geometry":{"type":"Point","coordinates":[-46.684333003999996,-23.7000000033049]},"properties":{"OBJECTID":305,"INS_ID":"SPPI  ","NOM_MODALIDADEOPERUSICONJ":"USINA CUJA OPERAÇÃO IMPACTA A REDE DE OPERAÇÃO","NOMELONGO":"USI PIRATININGA                                    SP       ","DTPREVISTA":null,"STR_DTPREVISTA":null,"DTENTRADA":-499824000000,"STR_DTENTRADA":"01/03/1954","TPUSINA_ID":"UTE","NOME_TPUSINA":"Térmica                       "},"id":305},{"type":"Feature","geometry":{"type":"Point","coordinates":[-49.38333330299997,-23.18305560231649]},"properties":{"OBJECTID":306,"INS_ID":"SPPJU ","NOM_MODALIDADEOPERUSICONJ":"USINA CUJA OPERAÇÃO IMPACTA A REDE DE OPERAÇÃO","NOMELONGO":"USI PIRAJU                                         SP       ","DTPREVISTA":1033344000000,"STR_DTPREVISTA":"30/09/2002","DTENTRADA":1030665600000,"STR_DTENTRADA":"30/08/2002","TPUSINA_ID":"UHE","NOME_TPUSINA":"Hidroelétrica                 "},"id":306},{"type":"Feature","geometry":{"type":"Point","coordinates":[-52.956105105999995,-22.481984101332614]},"properties":{"OBJECTID":307,"INS_ID":"SPPPR ","NOM_MODALIDADEOPERUSICONJ":"USINA CUJA OPERAÇÃO IMPACTA A REDE DE OPERAÇÃO","NOMELONGO":"USI PORTO  PRIMAVERA                               SP       ","DTPREVISTA":null,"STR_DTPREVISTA":null,"DTENTRADA":917049600000,"STR_DTENTRADA":"23/01/1999","TPUSINA_ID":"UHE","NOME_TPUSINA":"Hidroelétrica                 "},"id":307},{"type":"Feature","geometry":{"type":"Point","coordinates":[-49.78333330199996,-21.299722202360748]},"properties":{"OBJECTID":308,"INS_ID":"SPPRO ","NOM_MODALIDADEOPERUSICONJ":"USINA CUJA OPERAÇÃO IMPACTA A REDE DE OPERAÇÃO","NOMELONGO":"USI PROMISSAO                                      SP       ","DTPREVISTA":null,"STR_DTPREVISTA":null,"DTENTRADA":162864000000,"STR_DTENTRADA":"01/03/1975","TPUSINA_ID":"UHE","NOME_TPUSINA":"Hidroelétrica                 "},"id":308},{"type":"Feature","geometry":{"type":"Point","coordinates":[-44.795278005,-22.54333300133123]},"properties":{"OBJECTID":309,"INS_ID":"SPQUE1","NOM_MODALIDADEOPERUSICONJ":"USINA PERTENCENTE A CONJUNTO DE USINAS","NOMELONGO":"USI PCH QUELUZ                                     SP       ","DTPREVISTA":1288569600000,"STR_DTPREVISTA":"01/11/2010","DTENTRADA":1313107200000,"STR_DTENTRADA":"12/08/2011","TPUSINA_ID":"UHE","NOME_TPUSINA":"Hidroelétrica                 "},"id":309},{"type":"Feature","geometry":{"type":"Point","coordinates":[-52.866666703999954,-22.599722206329886]},"properties":{"OBJECTID":310,"INS_ID":"SPROS ","NOM_MODALIDADEOPERUSICONJ":"USINA CUJA OPERAÇÃO IMPACTA A REDE DE OPERAÇÃO","NOMELONGO":"USI ROSANA                                         SP       ","DTPREVISTA":null,"STR_DTPREVISTA":null,"DTENTRADA":550368000000,"STR_DTENTRADA":"11/06/1987","TPUSINA_ID":"UHE","NOME_TPUSINA":"Hidroelétrica                 "},"id":310},{"type":"Feature","geometry":{"type":"Point","coordinates":[-49.99999999999999,-22.90805560332278]},"properties":{"OBJECTID":311,"INS_ID":"SPSAG ","NOM_MODALIDADEOPERUSICONJ":"USINA CUJA OPERAÇÃO IMPACTA A REDE DE OPERAÇÃO","NOMELONGO":"USI SALTO GRANDE SP                                SP       ","DTPREVISTA":null,"STR_DTPREVISTA":null,"DTENTRADA":-365731200000,"STR_DTENTRADA":"31/05/1958","TPUSINA_ID":"UHE","NOME_TPUSINA":"Hidroelétrica                 "},"id":311},{"type":"Feature","geometry":{"type":"Point","coordinates":[-52.010555603,-22.544166706331204]},"properties":{"OBJECTID":312,"INS_ID":"SPTAQ ","NOM_MODALIDADEOPERUSICONJ":"USINA CUJA OPERAÇÃO IMPACTA A REDE DE OPERAÇÃO","NOMELONGO":"USI TAQUARUCU                                      SP       ","DTPREVISTA":null,"STR_DTPREVISTA":null,"DTENTRADA":724032000000,"STR_DTENTRADA":"11/12/1992","TPUSINA_ID":"UHE","NOME_TPUSINA":"Hidroelétrica                 "},"id":312},{"type":"Feature","geometry":{"type":"Point","coordinates":[-51.482777803999966,-20.656388901376523]},"properties":{"OBJECTID":313,"INS_ID":"SPTRI ","NOM_MODALIDADEOPERUSICONJ":"USINA CUJA OPERAÇÃO IMPACTA A REDE DE OPERAÇÃO","NOMELONGO":"USI TRES IRMAOS                                    SP       ","DTPREVISTA":733622400000,"STR_DTPREVISTA":"01/04/1993","DTENTRADA":733622400000,"STR_DTENTRADA":"01/04/1993","TPUSINA_ID":"UHE","NOME_TPUSINA":"Hidroelétrica                 "},"id":313},{"type":"Feature","geometry":{"type":"Point","coordinates":[-49.59305600099998,-23.09972200531841]},"properties":{"OBJECTID":314,"INS_ID":"SPUIPA","NOM_MODALIDADEOPERUSICONJ":"USINA QUE NÃO IMPACTA A REDE DE OPERAÇÃO, MAS PARTICIPA DA PROGRAMAÇÃO DE FORMA INDIVIDUALIZADA","NOMELONGO":"USI UTE IPAUSSU                                    SP       ","DTPREVISTA":1322611200000,"STR_DTPREVISTA":"30/11/2011","DTENTRADA":1320105600000,"STR_DTENTRADA":"01/11/2011","TPUSINA_ID":"UTE","NOME_TPUSINA":"Térmica                       "},"id":314},{"type":"Feature","geometry":{"type":"Point","coordinates":[-49.37611550099996,-20.199301101387903]},"properties":{"OBJECTID":315,"INS_ID":"SPUMOE","NOM_MODALIDADEOPERUSICONJ":"USINA QUE NÃO TEM RELACIONAMENTO DIRETO COM O ONS","NOMELONGO":"USI UTE MOEMA                                      SP       ","DTPREVISTA":null,"STR_DTPREVISTA":null,"DTENTRADA":662601600000,"STR_DTENTRADA":"31/12/1990","TPUSINA_ID":"UTE","NOME_TPUSINA":"Térmica                       "},"id":315},{"type":"Feature","geometry":{"type":"Point","coordinates":[-47.284213005999966,-20.155287005389]},"properties":{"OBJECTID":316,"INS_ID":"SPUSLB","NOM_MODALIDADEOPERUSICONJ":"USINA CUJA OPERAÇÃO IMPACTA A REDE DE OPERAÇÃO","NOMELONGO":"USI LUIZ CARLOS BARRETO                            SP       ","DTPREVISTA":null,"STR_DTPREVISTA":null,"DTENTRADA":-31536000000,"STR_DTENTRADA":"01/01/1969","TPUSINA_ID":"UHE","NOME_TPUSINA":"Hidroelétrica                 "},"id":316},{"type":"Feature","geometry":{"type":"Point","coordinates":[-47.46277800199999,-6.585000000784708]},"properties":{"OBJECTID":317,"INS_ID":"TOUHET","NOM_MODALIDADEOPERUSICONJ":"USINA CUJA OPERAÇÃO IMPACTA A REDE DE OPERAÇÃO","NOMELONGO":"USI ESTREITO                                       MA       ","DTPREVISTA":1304121600000,"STR_DTPREVISTA":"30/04/2011","DTENTRADA":1301270400000,"STR_DTENTRADA":"28/03/2011","TPUSINA_ID":"UHE","NOME_TPUSINA":"Hidroelétrica                 "},"id":317},{"type":"Feature","geometry":{"type":"Point","coordinates":[-48.366667001999986,-12.233333006608747]},"properties":{"OBJECTID":318,"INS_ID":"TOUHPA","NOM_MODALIDADEOPERUSICONJ":"USINA CUJA OPERAÇÃO IMPACTA A REDE DE OPERAÇÃO","NOMELONGO":"USI PEIXE ANGICAL                                  TO       ","DTPREVISTA":1156982400000,"STR_DTPREVISTA":"31/08/2006","DTENTRADA":1151366400000,"STR_DTENTRADA":"27/06/2006","TPUSINA_ID":"UHE","NOME_TPUSINA":"Hidroelétrica                 "},"id":318},{"type":"Feature","geometry":{"type":"Point","coordinates":[-48.234722002999995,-12.809167005591547]},"properties":{"OBJECTID":319,"INS_ID":"TOUHSA","NOM_MODALIDADEOPERUSICONJ":"USINA CUJA OPERAÇÃO IMPACTA A REDE DE OPERAÇÃO","NOMELONGO":"USI SAO SALVADOR                                   TO       ","DTPREVISTA":1248998400000,"STR_DTPREVISTA":"31/07/2009","DTENTRADA":1249516800000,"STR_DTENTRADA":"06/08/2009","TPUSINA_ID":"UHE","NOME_TPUSINA":"Hidroelétrica                 "},"id":319},{"type":"Feature","geometry":{"type":"Point","coordinates":[-44.65832187999996,-12.911067127588483]},"properties":{"OBJECTID":320,"INS_ID":null,"NOM_MODALIDADEOPERUSICONJ":null,"NOMELONGO":null,"DTPREVISTA":null,"STR_DTPREVISTA":null,"DTENTRADA":null,"STR_DTENTRADA":null,"TPUSINA_ID":null,"NOME_TPUSINA":null},"id":320},{"type":"Feature","geometry":{"type":"Point","coordinates":[-41.018089017999955,-21.844953966347646]},"properties":{"OBJECTID":321,"INS_ID":"RJNVT","NOM_MODALIDADEOPERUSICONJ":"USINA CUJA OPERAÇÃO IMPACTA A REDE DE OPERAÇÃO","NOMELONGO":"USI UTE GNA I                                      RJ       ","DTPREVISTA":1585612800000,"STR_DTPREVISTA":"31/03/2020","DTENTRADA":1631750400000,"STR_DTENTRADA":"16/09/2021","TPUSINA_ID":"UTE","NOME_TPUSINA":"Térmica                       "},"id":321},{"type":"Feature","geometry":{"type":"Point","coordinates":[-41.016501000000005,-21.84250314434769]},"properties":{"OBJECTID":322,"INS_ID":"RJGNA2","NOM_MODALIDADEOPERUSICONJ":"USINA CUJA OPERAÇÃO IMPACTA A REDE DE OPERAÇÃO","NOMELONGO":"USI UTE GNA II                                     RJ       ","DTPREVISTA":1597363200000,"STR_DTPREVISTA":"14/08/2020","DTENTRADA":null,"STR_DTENTRADA":null,"TPUSINA_ID":"UTE","NOME_TPUSINA":"Térmica                       "},"id":322},{"type":"Feature","geometry":{"type":"Point","coordinates":[-53.18037100699996,-20.059753868391375]},"properties":{"OBJECTID":323,"INS_ID":"PRUHSD","NOM_MODALIDADEOPERUSICONJ":"UTE COM CVU DECLARADO, QUE NÃO IMPACTA A REDE DE OPERAÇÃO E É DESPACHADA POR ORDEM DE MÉRITO","NOMELONGO":"USI SAO DOMINGOS                                   MS       ","DTPREVISTA":1364688000000,"STR_DTPREVISTA":"31/03/2013","DTENTRADA":1371168000000,"STR_DTENTRADA":"14/06/2013","TPUSINA_ID":"UHE","NOME_TPUSINA":"Hidroelétrica                 "},"id":323},{"type":"Feature","geometry":{"type":"Point","coordinates":[-37.81621939399997,-4.4329874968543885]},"properties":{"OBJECTID":324,"INS_ID":"CEJAN","NOM_MODALIDADEOPERUSICONJ":"USINA PERTENCENTE A CONJUNTO DE USINAS","NOMELONGO":"USI JAN_JANDAIA                                    CE       ","DTPREVISTA":1580428800000,"STR_DTPREVISTA":"31/01/2020","DTENTRADA":1590796800000,"STR_DTENTRADA":"30/05/2020","TPUSINA_ID":"UEE","NOME_TPUSINA":"Eolielétrica                  "},"id":324},{"type":"Feature","geometry":{"type":"Point","coordinates":[-41.86947682199997,-22.362317736335413]},"properties":{"OBJECTID":325,"INS_ID":"RJMAE","NOM_MODALIDADEOPERUSICONJ":"USINA CUJA OPERAÇÃO IMPACTA A REDE DE OPERAÇÃO","NOMELONGO":"USI UTE MARLIM AZUL                                RJ       ","DTPREVISTA":1669766400000,"STR_DTPREVISTA":"30/11/2022","DTENTRADA":1701475200000,"STR_DTENTRADA":"02/12/2023","TPUSINA_ID":"UTE","NOME_TPUSINA":"Térmica                       "},"id":325},{"type":"Feature","geometry":{"type":"Point","coordinates":[-44.454820157999954,-23.00800821132051]},"properties":{"OBJECTID":326,"INS_ID":"RJUSA2","NOM_MODALIDADEOPERUSICONJ":"USINA CUJA OPERAÇÃO IMPACTA A REDE DE OPERAÇÃO","NOMELONGO":"USI ANGRA 2                                        RJ       ","DTPREVISTA":null,"STR_DTPREVISTA":null,"DTENTRADA":237081600000,"STR_DTENTRADA":"07/07/1977","TPUSINA_ID":"UTN","NOME_TPUSINA":"Nuclear                       "},"id":326},{"type":"Feature","geometry":{"type":"Point","coordinates":[-36.939525575000005,-10.817715599651676]},"properties":{"OBJECTID":327,"INS_ID":"SEUPS1","NOM_MODALIDADEOPERUSICONJ":"USINA CUJA OPERAÇÃO IMPACTA A REDE DE OPERAÇÃO","NOMELONGO":"USI PORTO DE SERGIPE I                             SE       ","DTPREVISTA":1553990400000,"STR_DTPREVISTA":"31/03/2019","DTENTRADA":1584748800000,"STR_DTENTRADA":"21/03/2020","TPUSINA_ID":"UTE","NOME_TPUSINA":"Térmica                       "},"id":327},{"type":"Feature","geometry":{"type":"Point","coordinates":[-60.675827911,2.9350676489033862]},"properties":{"OBJECTID":328,"INS_ID":"RRJII","NOM_MODALIDADEOPERUSICONJ":"USINA CUJA OPERAÇÃO IMPACTA A REDE DE OPERAÇÃO","NOMELONGO":"USI UTE JAGUATIRICA II                             RR       ","DTPREVISTA":1627689600000,"STR_DTPREVISTA":"31/07/2021","DTENTRADA":1644883200000,"STR_DTENTRADA":"15/02/2022","TPUSINA_ID":"UTE","NOME_TPUSINA":"Térmica                       "},"id":328},{"type":"Feature","geometry":{"type":"Point","coordinates":[-59.95328110999997,0.9597335959683913]},"properties":{"OBJECTID":329,"INS_ID":"RRUTBB","NOM_MODALIDADEOPERUSICONJ":"USINA CUJA OPERAÇÃO IMPACTA A REDE DE OPERAÇÃO","NOMELONGO":"USI UTE BBF BALIZA                                 RR       ","DTPREVISTA":1664496000000,"STR_DTPREVISTA":"30/09/2022","DTENTRADA":1687305600000,"STR_DTENTRADA":"21/06/2023","TPUSINA_ID":"UTE","NOME_TPUSINA":"Térmica                       "},"id":329},{"type":"Feature","geometry":{"type":"Point","coordinates":[-60.40574167,0.9364244259691514]},"properties":{"OBJECTID":330,"INS_ID":"RRUTPL","NOM_MODALIDADEOPERUSICONJ":"USINA CUJA OPERAÇÃO IMPACTA A REDE DE OPERAÇÃO","NOMELONGO":"USI UTE PALMAPLAN                                  RR       ","DTPREVISTA":1661904000000,"STR_DTPREVISTA":"31/08/2022","DTENTRADA":1669248000000,"STR_DTENTRADA":"24/11/2022","TPUSINA_ID":"UTE","NOME_TPUSINA":"Térmica                       "},"id":330},{"type":"Feature","geometry":{"type":"Point","coordinates":[-60.72554668999999,2.7616666559091074]},"properties":{"OBJECTID":331,"INS_ID":"RRUTDT","NOM_MODALIDADEOPERUSICONJ":"USINA CUJA OPERAÇÃO IMPACTA A REDE DE OPERAÇÃO","NOMELONGO":"USI UTE DISTRITO                                   RR       ","DTPREVISTA":1567382400000,"STR_DTPREVISTA":"02/09/2019","DTENTRADA":662601600000,"STR_DTENTRADA":"31/12/1990","TPUSINA_ID":"UTE","NOME_TPUSINA":"Térmica                       "},"id":331},{"type":"Feature","geometry":{"type":"Point","coordinates":[-60.711356599999995,2.828493185906871]},"properties":{"OBJECTID":332,"INS_ID":"RRUTFT","NOM_MODALIDADEOPERUSICONJ":"USINA CUJA OPERAÇÃO IMPACTA A REDE DE OPERAÇÃO","NOMELONGO":"USI UTE FLORESTA                                   RR       ","DTPREVISTA":1567382400000,"STR_DTPREVISTA":"02/09/2019","DTENTRADA":662601600000,"STR_DTENTRADA":"31/12/1990","TPUSINA_ID":"UTE","NOME_TPUSINA":"Térmica                       "},"id":332},{"type":"Feature","geometry":{"type":"Point","coordinates":[-60.71166823699997,2.931368622903516]},"properties":{"OBJECTID":333,"INS_ID":"RRUTMC","NOM_MODALIDADEOPERUSICONJ":"USINA CUJA OPERAÇÃO IMPACTA A REDE DE OPERAÇÃO","NOMELONGO":"USI UTE MONTE CRISTO                               RR       ","DTPREVISTA":1567382400000,"STR_DTPREVISTA":"02/09/2019","DTENTRADA":662601600000,"STR_DTENTRADA":"31/12/1990","TPUSINA_ID":"UTE","NOME_TPUSINA":"Térmica                       "},"id":333},{"type":"Feature","geometry":{"type":"Point","coordinates":[-60.71166779999999,2.930511532903536]},"properties":{"OBJECTID":334,"INS_ID":"RRUTMD","NOM_MODALIDADEOPERUSICONJ":"USINA CUJA OPERAÇÃO IMPACTA A REDE DE OPERAÇÃO","NOMELONGO":"USI UTE MONTE CRISTO BLOCO II                      RR       ","DTPREVISTA":1569801600000,"STR_DTPREVISTA":"30/09/2019","DTENTRADA":662601600000,"STR_DTENTRADA":"31/12/1990","TPUSINA_ID":"UTE","NOME_TPUSINA":"Térmica                       "},"id":334},{"type":"Feature","geometry":{"type":"Point","coordinates":[-56.020025086999965,-15.676553698508483]},"properties":{"OBJECTID":335,"INS_ID":"MTUEDX","NOM_MODALIDADEOPERUSICONJ":"USINA CUJA OPERAÇÃO IMPACTA A REDE DE OPERAÇÃO","NOMELONGO":"USI UTE EDLUX X                                    MT       ","DTPREVISTA":1659312000000,"STR_DTPREVISTA":"01/08/2022","DTENTRADA":null,"STR_DTENTRADA":null,"TPUSINA_ID":"UTE","NOME_TPUSINA":"Térmica                       "},"id":335},{"type":"Feature","geometry":{"type":"Point","coordinates":[-56.022488332999956,-15.67328990850856]},"properties":{"OBJECTID":336,"INS_ID":"MTUEP2","NOM_MODALIDADEOPERUSICONJ":"USINA CUJA OPERAÇÃO IMPACTA A REDE DE OPERAÇÃO","NOMELONGO":"USI UTE EPP II                                     MT       ","DTPREVISTA":1659312000000,"STR_DTPREVISTA":"01/08/2022","DTENTRADA":null,"STR_DTENTRADA":null,"TPUSINA_ID":"UTE","NOME_TPUSINA":"Térmica                       "},"id":336},{"type":"Feature","geometry":{"type":"Point","coordinates":[-56.01926835299997,-15.679021951508425]},"properties":{"OBJECTID":337,"INS_ID":"MTUEP4","NOM_MODALIDADEOPERUSICONJ":"USINA CUJA OPERAÇÃO IMPACTA A REDE DE OPERAÇÃO","NOMELONGO":"USI UTE EPP IV                                     MT       ","DTPREVISTA":1659312000000,"STR_DTPREVISTA":"01/08/2022","DTENTRADA":null,"STR_DTENTRADA":null,"TPUSINA_ID":"UTE","NOME_TPUSINA":"Térmica                       "},"id":337},{"type":"Feature","geometry":{"type":"Point","coordinates":[-56.01711397799999,-15.674873485508531]},"properties":{"OBJECTID":338,"INS_ID":null,"NOM_MODALIDADEOPERUSICONJ":null,"NOMELONGO":null,"DTPREVISTA":null,"STR_DTPREVISTA":null,"DTENTRADA":null,"STR_DTENTRADA":null,"TPUSINA_ID":null,"NOME_TPUSINA":null},"id":338},{"type":"Feature","geometry":{"type":"Point","coordinates":[-60.38133469999996,1.2199351679597887]},"properties":{"OBJECTID":339,"INS_ID":null,"NOM_MODALIDADEOPERUSICONJ":null,"NOMELONGO":null,"DTPREVISTA":null,"STR_DTPREVISTA":null,"DTENTRADA":null,"STR_DTENTRADA":null,"TPUSINA_ID":null,"NOME_TPUSINA":null},"id":339},{"type":"Feature","geometry":{"type":"Point","coordinates":[-54.09167600000001,-32.41667000114568]},"properties":{"OBJECTID":340,"INS_ID":"UYMLO","NOM_MODALIDADEOPERUSICONJ":"USINA QUE NÃO TEM RELACIONAMENTO DIRETO COM O ONS","NOMELONGO":"USI CONVERSORA MELO                                UY       ","DTPREVISTA":1451433600000,"STR_DTPREVISTA":"30/12/2015","DTENTRADA":1496966400000,"STR_DTENTRADA":"09/06/2017","TPUSINA_ID":"UHE","NOME_TPUSINA":"Hidroelétrica                 "},"id":340},{"type":"Feature","geometry":{"type":"Point","coordinates":[-60.7117996,2.930576985903523]},"properties":{"OBJECTID":341,"INS_ID":"RRUTMS","NOM_MODALIDADEOPERUSICONJ":"USINA CUJA OPERAÇÃO IMPACTA A REDE DE OPERAÇÃO","NOMELONGO":"USI MONTE CRISTO SUCUBA                            RR       ","DTPREVISTA":1661904000000,"STR_DTPREVISTA":"31/08/2022","DTENTRADA":1671580800000,"STR_DTENTRADA":"21/12/2022","TPUSINA_ID":"UTE","NOME_TPUSINA":"Térmica                       "},"id":341}]}